series,outer_model,block_bits,dimension,message_exponent,message_bits,output_bits,outer_rows,bad_weight,step_bits,state_bits,epochs_per_region,margin_bits,dominant_weight,dominant_log_surprisal,dominant_witness_at_grid_edge,a_minimum_distance,kernel_minimum_distance,kernel_weight_four,map_tag,map_source,notes
"extended BCH [8,4,4] exact",fixed,8,4,18,262144,524288,65536,52428,64,14,1024,-0.8991906558648693,4,-8.5,0,16,4,48,nested-bf1e9a894c05f123,workstreams/finite_asymptotic_theory/landscape_db/activation_pilot_scaling_v1/maps/t64_s14.json,Activation-aware Q1 only; unselected nested chain; nearest binary64; no full-distance claim.
"extended BCH [32,16,8] exact",fixed,32,16,18,262144,524288,16384,52428,64,14,256,3.5900538984926462,8,-7.7,0,16,4,48,nested-bf1e9a894c05f123,workstreams/finite_asymptotic_theory/landscape_db/activation_pilot_scaling_v1/maps/t64_s14.json,Activation-aware Q1 only; unselected nested chain; nearest binary64; no full-distance claim.
"extended BCH [128,64,22] exact",fixed,128,64,18,262144,524288,4096,52428,64,14,64,33.63686082361014,22,-7.1,0,16,4,48,nested-bf1e9a894c05f123,workstreams/finite_asymptotic_theory/landscape_db/activation_pilot_scaling_v1/maps/t64_s14.json,Activation-aware Q1 only; unselected nested chain; nearest binary64; no full-distance claim.
"Philips shortened-XBCH [64,32,12] exact",fixed,64,32,18,262144,524288,8192,52428,64,14,128,11.721453551388974,12,-7.6,0,16,4,48,nested-bf1e9a894c05f123,workstreams/finite_asymptotic_theory/landscape_db/activation_pilot_scaling_v1/maps/t64_s14.json,Activation-aware Q1 only; unselected nested chain; nearest binary64; no full-distance claim.
"RM(1,3) [8,4,4] exact",fixed,8,4,18,262144,524288,65536,52428,64,14,1024,-0.8991906558648693,4,-8.5,0,16,4,48,nested-bf1e9a894c05f123,workstreams/finite_asymptotic_theory/landscape_db/activation_pilot_scaling_v1/maps/t64_s14.json,Activation-aware Q1 only; unselected nested chain; nearest binary64; no full-distance claim.
"RM(2,5) [32,16,8] exact",fixed,32,16,18,262144,524288,16384,52428,64,14,256,3.5900538984926462,8,-7.7,0,16,4,48,nested-bf1e9a894c05f123,workstreams/finite_asymptotic_theory/landscape_db/activation_pilot_scaling_v1/maps/t64_s14.json,Activation-aware Q1 only; unselected nested chain; nearest binary64; no full-distance claim.
"RM(3,7) [128,64,16] exact",fixed,128,64,18,262144,524288,4096,52428,64,14,64,12.248634049493262,16,-7.7,0,16,4,48,nested-bf1e9a894c05f123,workstreams/finite_asymptotic_theory/landscape_db/activation_pilot_scaling_v1/maps/t64_s14.json,Activation-aware Q1 only; unselected nested chain; nearest binary64; no full-distance claim.
"RM(4,9) [512,256,32] exact",fixed,512,256,18,262144,524288,1024,52428,64,14,16,40.534806015742845,32,-7.2,0,16,4,48,nested-bf1e9a894c05f123,workstreams/finite_asymptotic_theory/landscape_db/activation_pilot_scaling_v1/maps/t64_s14.json,Activation-aware Q1 only; unselected nested chain; nearest binary64; no full-distance claim.
"random full-rank [64,32] reused",random-ensemble-average,64,32,18,262144,524288,8192,52428,64,14,128,3.307928362863344,7,-8.6,0,16,4,48,nested-bf1e9a894c05f123,workstreams/finite_asymptotic_theory/landscape_db/activation_pilot_scaling_v1/maps/t64_s14.json,Activation-aware Q1 only; unselected nested chain; nearest binary64; no full-distance claim.
"random full-rank [128,64] reused",random-ensemble-average,128,64,18,262144,524288,4096,52428,64,14,64,22.90930587541376,13,-8.0,0,16,4,48,nested-bf1e9a894c05f123,workstreams/finite_asymptotic_theory/landscape_db/activation_pilot_scaling_v1/maps/t64_s14.json,Activation-aware Q1 only; unselected nested chain; nearest binary64; no full-distance claim.
"random full-rank [512,256] reused",random-ensemble-average,512,256,18,262144,524288,1024,52428,64,14,16,137.5871992237886,54,-6.6,0,16,4,48,nested-bf1e9a894c05f123,workstreams/finite_asymptotic_theory/landscape_db/activation_pilot_scaling_v1/maps/t64_s14.json,Activation-aware Q1 only; unselected nested chain; nearest binary64; no full-distance claim.
"extended BCH [8,4,4] exact",fixed,8,4,22,4194304,8388608,1048576,838860,64,14,16384,-7.0545927667576835,4,-11.1,0,16,4,48,nested-bf1e9a894c05f123,workstreams/finite_asymptotic_theory/landscape_db/activation_pilot_scaling_v1/maps/t64_s14.json,Activation-aware Q1 only; unselected nested chain; nearest binary64; no full-distance claim.
"extended BCH [32,16,8] exact",fixed,32,16,22,4194304,8388608,262144,838860,64,14,4096,-2.5410857545412013,8,-10.4,0,16,4,48,nested-bf1e9a894c05f123,workstreams/finite_asymptotic_theory/landscape_db/activation_pilot_scaling_v1/maps/t64_s14.json,Activation-aware Q1 only; unselected nested chain; nearest binary64; no full-distance claim.
"extended BCH [128,64,22] exact",fixed,128,64,22,4194304,8388608,65536,838860,64,14,1024,27.501230005095458,22,-9.8,0,16,4,48,nested-bf1e9a894c05f123,workstreams/finite_asymptotic_theory/landscape_db/activation_pilot_scaling_v1/maps/t64_s14.json,Activation-aware Q1 only; unselected nested chain; nearest binary64; no full-distance claim.
"Philips shortened-XBCH [64,32,12] exact",fixed,64,32,22,4194304,8388608,131072,838860,64,14,2048,5.579984632232543,12,-10.3,0,16,4,48,nested-bf1e9a894c05f123,workstreams/finite_asymptotic_theory/landscape_db/activation_pilot_scaling_v1/maps/t64_s14.json,Activation-aware Q1 only; unselected nested chain; nearest binary64; no full-distance claim.
"RM(1,3) [8,4,4] exact",fixed,8,4,22,4194304,8388608,1048576,838860,64,14,16384,-7.0545927667576835,4,-11.1,0,16,4,48,nested-bf1e9a894c05f123,workstreams/finite_asymptotic_theory/landscape_db/activation_pilot_scaling_v1/maps/t64_s14.json,Activation-aware Q1 only; unselected nested chain; nearest binary64; no full-distance claim.
"RM(2,5) [32,16,8] exact",fixed,32,16,22,4194304,8388608,262144,838860,64,14,4096,-2.5410857545412013,8,-10.4,0,16,4,48,nested-bf1e9a894c05f123,workstreams/finite_asymptotic_theory/landscape_db/activation_pilot_scaling_v1/maps/t64_s14.json,Activation-aware Q1 only; unselected nested chain; nearest binary64; no full-distance claim.
"RM(3,7) [128,64,16] exact",fixed,128,64,22,4194304,8388608,65536,838860,64,14,1024,6.1076145330719,16,-10.4,0,16,4,48,nested-bf1e9a894c05f123,workstreams/finite_asymptotic_theory/landscape_db/activation_pilot_scaling_v1/maps/t64_s14.json,Activation-aware Q1 only; unselected nested chain; nearest binary64; no full-distance claim.
"RM(4,9) [512,256,32] exact",fixed,512,256,22,4194304,8388608,16384,838860,64,14,256,34.42521620157188,32,-10.0,0,16,4,48,nested-bf1e9a894c05f123,workstreams/finite_asymptotic_theory/landscape_db/activation_pilot_scaling_v1/maps/t64_s14.json,Activation-aware Q1 only; unselected nested chain; nearest binary64; no full-distance claim.
"random full-rank [64,32] reused",random-ensemble-average,64,32,22,4194304,8388608,131072,838860,64,14,2048,-2.853956772862809,7,-11.2,0,16,4,48,nested-bf1e9a894c05f123,workstreams/finite_asymptotic_theory/landscape_db/activation_pilot_scaling_v1/maps/t64_s14.json,Activation-aware Q1 only; unselected nested chain; nearest binary64; no full-distance claim.
"random full-rank [128,64] reused",random-ensemble-average,128,64,22,4194304,8388608,65536,838860,64,14,1024,16.76352587653151,13,-10.7,0,16,4,48,nested-bf1e9a894c05f123,workstreams/finite_asymptotic_theory/landscape_db/activation_pilot_scaling_v1/maps/t64_s14.json,Activation-aware Q1 only; unselected nested chain; nearest binary64; no full-distance claim.
"random full-rank [512,256] reused",random-ensemble-average,512,256,22,4194304,8388608,16384,838860,64,14,256,131.53573512124873,53,-9.3,0,16,4,48,nested-bf1e9a894c05f123,workstreams/finite_asymptotic_theory/landscape_db/activation_pilot_scaling_v1/maps/t64_s14.json,Activation-aware Q1 only; unselected nested chain; nearest binary64; no full-distance claim.
"extended BCH [8,4,4] exact",fixed,8,4,24,16777216,33554432,4194304,3355443,64,14,65536,-16.577400283670936,4,-12.0,1,16,4,48,nested-bf1e9a894c05f123,workstreams/finite_asymptotic_theory/landscape_db/activation_pilot_scaling_v1/maps/t64_s14.json,Activation-aware Q1 only; unselected nested chain; nearest binary64; no full-distance claim.
"extended BCH [32,16,8] exact",fixed,32,16,24,16777216,33554432,1048576,3355443,64,14,16384,-11.463147469006618,8,-11.6,0,16,4,48,nested-bf1e9a894c05f123,workstreams/finite_asymptotic_theory/landscape_db/activation_pilot_scaling_v1/maps/t64_s14.json,Activation-aware Q1 only; unselected nested chain; nearest binary64; no full-distance claim.
"extended BCH [128,64,22] exact",fixed,128,64,24,16777216,33554432,262144,3355443,64,14,4096,18.592035474526966,22,-11.1,0,16,4,48,nested-bf1e9a894c05f123,workstreams/finite_asymptotic_theory/landscape_db/activation_pilot_scaling_v1/maps/t64_s14.json,Activation-aware Q1 only; unselected nested chain; nearest binary64; no full-distance claim.
"Philips shortened-XBCH [64,32,12] exact",fixed,64,32,24,16777216,33554432,524288,3355443,64,14,8192,-3.3628010467818066,12,-11.6,0,16,4,48,nested-bf1e9a894c05f123,workstreams/finite_asymptotic_theory/landscape_db/activation_pilot_scaling_v1/maps/t64_s14.json,Activation-aware Q1 only; unselected nested chain; nearest binary64; no full-distance claim.
"RM(1,3) [8,4,4] exact",fixed,8,4,24,16777216,33554432,4194304,3355443,64,14,65536,-16.577400283670936,4,-12.0,1,16,4,48,nested-bf1e9a894c05f123,workstreams/finite_asymptotic_theory/landscape_db/activation_pilot_scaling_v1/maps/t64_s14.json,Activation-aware Q1 only; unselected nested chain; nearest binary64; no full-distance claim.
"RM(2,5) [32,16,8] exact",fixed,32,16,24,16777216,33554432,1048576,3355443,64,14,16384,-11.463147469006618,8,-11.6,0,16,4,48,nested-bf1e9a894c05f123,workstreams/finite_asymptotic_theory/landscape_db/activation_pilot_scaling_v1/maps/t64_s14.json,Activation-aware Q1 only; unselected nested chain; nearest binary64; no full-distance claim.
"RM(3,7) [128,64,16] exact",fixed,128,64,24,16777216,33554432,262144,3355443,64,14,4096,-2.822286915890078,16,-11.6,0,16,4,48,nested-bf1e9a894c05f123,workstreams/finite_asymptotic_theory/landscape_db/activation_pilot_scaling_v1/maps/t64_s14.json,Activation-aware Q1 only; unselected nested chain; nearest binary64; no full-distance claim.
"RM(4,9) [512,256,32] exact",fixed,512,256,24,16777216,33554432,65536,3355443,64,14,1024,25.469707266586692,32,-11.2,0,16,4,48,nested-bf1e9a894c05f123,workstreams/finite_asymptotic_theory/landscape_db/activation_pilot_scaling_v1/maps/t64_s14.json,Activation-aware Q1 only; unselected nested chain; nearest binary64; no full-distance claim.
"random full-rank [64,32] reused",random-ensemble-average,64,32,24,16777216,33554432,524288,3355443,64,14,8192,-12.69844929218755,6,-12.0,1,16,4,48,nested-bf1e9a894c05f123,workstreams/finite_asymptotic_theory/landscape_db/activation_pilot_scaling_v1/maps/t64_s14.json,Activation-aware Q1 only; unselected nested chain; nearest binary64; no full-distance claim.
"random full-rank [128,64] reused",random-ensemble-average,128,64,24,16777216,33554432,262144,3355443,64,14,4096,7.702583898837141,13,-11.9,0,16,4,48,nested-bf1e9a894c05f123,workstreams/finite_asymptotic_theory/landscape_db/activation_pilot_scaling_v1/maps/t64_s14.json,Activation-aware Q1 only; unselected nested chain; nearest binary64; no full-distance claim.
"random full-rank [512,256] reused",random-ensemble-average,512,256,24,16777216,33554432,65536,3355443,64,14,1024,122.61234071733163,53,-10.7,0,16,4,48,nested-bf1e9a894c05f123,workstreams/finite_asymptotic_theory/landscape_db/activation_pilot_scaling_v1/maps/t64_s14.json,Activation-aware Q1 only; unselected nested chain; nearest binary64; no full-distance claim.
"extended BCH [8,4,4] exact",fixed,8,4,18,262144,524288,65536,52428,64,16,1024,1.0145732355642376,4,-8.4,0,16,6,0,nested-3beb4674c57a0302,workstreams/finite_asymptotic_theory/landscape_db/activation_pilot_scaling_v1/maps/t64_s16.json,Activation-aware Q1 only; unselected nested chain; nearest binary64; no full-distance claim.
"extended BCH [32,16,8] exact",fixed,32,16,18,262144,524288,16384,52428,64,16,256,4.924357941117111,8,-7.5,0,16,6,0,nested-3beb4674c57a0302,workstreams/finite_asymptotic_theory/landscape_db/activation_pilot_scaling_v1/maps/t64_s16.json,Activation-aware Q1 only; unselected nested chain; nearest binary64; no full-distance claim.
"extended BCH [128,64,22] exact",fixed,128,64,18,262144,524288,4096,52428,64,16,64,34.392239000111225,22,-7.1,0,16,6,0,nested-3beb4674c57a0302,workstreams/finite_asymptotic_theory/landscape_db/activation_pilot_scaling_v1/maps/t64_s16.json,Activation-aware Q1 only; unselected nested chain; nearest binary64; no full-distance claim.
"Philips shortened-XBCH [64,32,12] exact",fixed,64,32,18,262144,524288,8192,52428,64,16,128,12.169147946756024,12,-7.6,0,16,6,0,nested-3beb4674c57a0302,workstreams/finite_asymptotic_theory/landscape_db/activation_pilot_scaling_v1/maps/t64_s16.json,Activation-aware Q1 only; unselected nested chain; nearest binary64; no full-distance claim.
"RM(1,3) [8,4,4] exact",fixed,8,4,18,262144,524288,65536,52428,64,16,1024,1.0145732355642376,4,-8.4,0,16,6,0,nested-3beb4674c57a0302,workstreams/finite_asymptotic_theory/landscape_db/activation_pilot_scaling_v1/maps/t64_s16.json,Activation-aware Q1 only; unselected nested chain; nearest binary64; no full-distance claim.
"RM(2,5) [32,16,8] exact",fixed,32,16,18,262144,524288,16384,52428,64,16,256,4.924357941117111,8,-7.5,0,16,6,0,nested-3beb4674c57a0302,workstreams/finite_asymptotic_theory/landscape_db/activation_pilot_scaling_v1/maps/t64_s16.json,Activation-aware Q1 only; unselected nested chain; nearest binary64; no full-distance claim.
"RM(3,7) [128,64,16] exact",fixed,128,64,18,262144,524288,4096,52428,64,16,64,12.510952745459905,16,-7.7,0,16,6,0,nested-3beb4674c57a0302,workstreams/finite_asymptotic_theory/landscape_db/activation_pilot_scaling_v1/maps/t64_s16.json,Activation-aware Q1 only; unselected nested chain; nearest binary64; no full-distance claim.
"RM(4,9) [512,256,32] exact",fixed,512,256,18,262144,524288,1024,52428,64,16,16,40.995509402562504,32,-7.2,0,16,6,0,nested-3beb4674c57a0302,workstreams/finite_asymptotic_theory/landscape_db/activation_pilot_scaling_v1/maps/t64_s16.json,Activation-aware Q1 only; unselected nested chain; nearest binary64; no full-distance claim.
"random full-rank [64,32] reused",random-ensemble-average,64,32,18,262144,524288,8192,52428,64,16,128,3.44321773871233,7,-8.6,0,16,6,0,nested-3beb4674c57a0302,workstreams/finite_asymptotic_theory/landscape_db/activation_pilot_scaling_v1/maps/t64_s16.json,Activation-aware Q1 only; unselected nested chain; nearest binary64; no full-distance claim.
"random full-rank [128,64] reused",random-ensemble-average,128,64,18,262144,524288,4096,52428,64,16,64,23.112946322970522,13,-8.0,0,16,6,0,nested-3beb4674c57a0302,workstreams/finite_asymptotic_theory/landscape_db/activation_pilot_scaling_v1/maps/t64_s16.json,Activation-aware Q1 only; unselected nested chain; nearest binary64; no full-distance claim.
"random full-rank [512,256] reused",random-ensemble-average,512,256,18,262144,524288,1024,52428,64,16,16,138.7817038824185,51,-6.6,0,16,6,0,nested-3beb4674c57a0302,workstreams/finite_asymptotic_theory/landscape_db/activation_pilot_scaling_v1/maps/t64_s16.json,Activation-aware Q1 only; unselected nested chain; nearest binary64; no full-distance claim.
"extended BCH [8,4,4] exact",fixed,8,4,22,4194304,8388608,1048576,838860,64,16,16384,-3.5267042082488644,4,-11.1,0,16,6,0,nested-3beb4674c57a0302,workstreams/finite_asymptotic_theory/landscape_db/activation_pilot_scaling_v1/maps/t64_s16.json,Activation-aware Q1 only; unselected nested chain; nearest binary64; no full-distance claim.
"extended BCH [32,16,8] exact",fixed,32,16,22,4194304,8388608,262144,838860,64,16,4096,0.3975815486396306,8,-10.3,0,16,6,0,nested-3beb4674c57a0302,workstreams/finite_asymptotic_theory/landscape_db/activation_pilot_scaling_v1/maps/t64_s16.json,Activation-aware Q1 only; unselected nested chain; nearest binary64; no full-distance claim.
"extended BCH [128,64,22] exact",fixed,128,64,22,4194304,8388608,65536,838860,64,16,1024,29.924251640591766,22,-9.8,0,16,6,0,nested-3beb4674c57a0302,workstreams/finite_asymptotic_theory/landscape_db/activation_pilot_scaling_v1/maps/t64_s16.json,Activation-aware Q1 only; unselected nested chain; nearest binary64; no full-distance claim.
"Philips shortened-XBCH [64,32,12] exact",fixed,64,32,22,4194304,8388608,131072,838860,64,16,2048,7.665662836618042,12,-10.3,0,16,6,0,nested-3beb4674c57a0302,workstreams/finite_asymptotic_theory/landscape_db/activation_pilot_scaling_v1/maps/t64_s16.json,Activation-aware Q1 only; unselected nested chain; nearest binary64; no full-distance claim.
"RM(1,3) [8,4,4] exact",fixed,8,4,22,4194304,8388608,1048576,838860,64,16,16384,-3.5267042082488644,4,-11.1,0,16,6,0,nested-3beb4674c57a0302,workstreams/finite_asymptotic_theory/landscape_db/activation_pilot_scaling_v1/maps/t64_s16.json,Activation-aware Q1 only; unselected nested chain; nearest binary64; no full-distance claim.
"RM(2,5) [32,16,8] exact",fixed,32,16,22,4194304,8388608,262144,838860,64,16,4096,0.3975815486396306,8,-10.3,0,16,6,0,nested-3beb4674c57a0302,workstreams/finite_asymptotic_theory/landscape_db/activation_pilot_scaling_v1/maps/t64_s16.json,Activation-aware Q1 only; unselected nested chain; nearest binary64; no full-distance claim.
"RM(3,7) [128,64,16] exact",fixed,128,64,22,4194304,8388608,65536,838860,64,16,1024,7.974524627998436,16,-10.4,0,16,6,0,nested-3beb4674c57a0302,workstreams/finite_asymptotic_theory/landscape_db/activation_pilot_scaling_v1/maps/t64_s16.json,Activation-aware Q1 only; unselected nested chain; nearest binary64; no full-distance claim.
"RM(4,9) [512,256,32] exact",fixed,512,256,22,4194304,8388608,16384,838860,64,16,256,36.51436732375979,32,-10.0,0,16,6,0,nested-3beb4674c57a0302,workstreams/finite_asymptotic_theory/landscape_db/activation_pilot_scaling_v1/maps/t64_s16.json,Activation-aware Q1 only; unselected nested chain; nearest binary64; no full-distance claim.
"random full-rank [64,32] reused",random-ensemble-average,64,32,22,4194304,8388608,131072,838860,64,16,2048,-1.1197365511625268,7,-11.3,0,16,6,0,nested-3beb4674c57a0302,workstreams/finite_asymptotic_theory/landscape_db/activation_pilot_scaling_v1/maps/t64_s16.json,Activation-aware Q1 only; unselected nested chain; nearest binary64; no full-distance claim.
"random full-rank [128,64] reused",random-ensemble-average,128,64,22,4194304,8388608,65536,838860,64,16,1024,18.576304486961487,13,-10.8,0,16,6,0,nested-3beb4674c57a0302,workstreams/finite_asymptotic_theory/landscape_db/activation_pilot_scaling_v1/maps/t64_s16.json,Activation-aware Q1 only; unselected nested chain; nearest binary64; no full-distance claim.
"random full-rank [512,256] reused",random-ensemble-average,512,256,22,4194304,8388608,16384,838860,64,16,256,134.33780789198963,52,-9.4,0,16,6,0,nested-3beb4674c57a0302,workstreams/finite_asymptotic_theory/landscape_db/activation_pilot_scaling_v1/maps/t64_s16.json,Activation-aware Q1 only; unselected nested chain; nearest binary64; no full-distance claim.
"extended BCH [8,4,4] exact",fixed,8,4,24,16777216,33554432,4194304,3355443,64,16,65536,-9.23888515518347,4,-12.0,1,16,6,0,nested-3beb4674c57a0302,workstreams/finite_asymptotic_theory/landscape_db/activation_pilot_scaling_v1/maps/t64_s16.json,Activation-aware Q1 only; unselected nested chain; nearest binary64; no full-distance claim.
"extended BCH [32,16,8] exact",fixed,32,16,24,16777216,33554432,1048576,3355443,64,16,16384,-3.313419188583183,8,-11.6,0,16,6,0,nested-3beb4674c57a0302,workstreams/finite_asymptotic_theory/landscape_db/activation_pilot_scaling_v1/maps/t64_s16.json,Activation-aware Q1 only; unselected nested chain; nearest binary64; no full-distance claim.
"extended BCH [128,64,22] exact",fixed,128,64,24,16777216,33554432,262144,3355443,64,16,4096,26.19216747464085,22,-11.2,0,16,6,0,nested-3beb4674c57a0302,workstreams/finite_asymptotic_theory/landscape_db/activation_pilot_scaling_v1/maps/t64_s16.json,Activation-aware Q1 only; unselected nested chain; nearest binary64; no full-distance claim.
"Philips shortened-XBCH [64,32,12] exact",fixed,64,32,24,16777216,33554432,524288,3355443,64,16,8192,3.925698544589704,12,-11.7,0,16,6,0,nested-3beb4674c57a0302,workstreams/finite_asymptotic_theory/landscape_db/activation_pilot_scaling_v1/maps/t64_s16.json,Activation-aware Q1 only; unselected nested chain; nearest binary64; no full-distance claim.
"RM(1,3) [8,4,4] exact",fixed,8,4,24,16777216,33554432,4194304,3355443,64,16,65536,-9.23888515518347,4,-12.0,1,16,6,0,nested-3beb4674c57a0302,workstreams/finite_asymptotic_theory/landscape_db/activation_pilot_scaling_v1/maps/t64_s16.json,Activation-aware Q1 only; unselected nested chain; nearest binary64; no full-distance claim.
"RM(2,5) [32,16,8] exact",fixed,32,16,24,16777216,33554432,1048576,3355443,64,16,16384,-3.313419188583183,8,-11.6,0,16,6,0,nested-3beb4674c57a0302,workstreams/finite_asymptotic_theory/landscape_db/activation_pilot_scaling_v1/maps/t64_s16.json,Activation-aware Q1 only; unselected nested chain; nearest binary64; no full-distance claim.
"RM(3,7) [128,64,16] exact",fixed,128,64,24,16777216,33554432,262144,3355443,64,16,4096,4.260046585221534,16,-11.8,0,16,6,0,nested-3beb4674c57a0302,workstreams/finite_asymptotic_theory/landscape_db/activation_pilot_scaling_v1/maps/t64_s16.json,Activation-aware Q1 only; unselected nested chain; nearest binary64; no full-distance claim.
"RM(4,9) [512,256,32] exact",fixed,512,256,24,16777216,33554432,65536,3355443,64,16,1024,32.72937116584457,32,-11.3,0,16,6,0,nested-3beb4674c57a0302,workstreams/finite_asymptotic_theory/landscape_db/activation_pilot_scaling_v1/maps/t64_s16.json,Activation-aware Q1 only; unselected nested chain; nearest binary64; no full-distance claim.
"random full-rank [64,32] reused",random-ensemble-average,64,32,24,16777216,33554432,524288,3355443,64,16,8192,-9.7455987415174,5,-12.0,1,16,6,0,nested-3beb4674c57a0302,workstreams/finite_asymptotic_theory/landscape_db/activation_pilot_scaling_v1/maps/t64_s16.json,Activation-aware Q1 only; unselected nested chain; nearest binary64; no full-distance claim.
"random full-rank [128,64] reused",random-ensemble-average,128,64,24,16777216,33554432,262144,3355443,64,16,4096,13.583378940088314,6,-12.0,1,16,6,0,nested-3beb4674c57a0302,workstreams/finite_asymptotic_theory/landscape_db/activation_pilot_scaling_v1/maps/t64_s16.json,Activation-aware Q1 only; unselected nested chain; nearest binary64; no full-distance claim.
"random full-rank [512,256] reused",random-ensemble-average,512,256,24,16777216,33554432,65536,3355443,64,16,1024,130.61071501284675,52,-10.7,0,16,6,0,nested-3beb4674c57a0302,workstreams/finite_asymptotic_theory/landscape_db/activation_pilot_scaling_v1/maps/t64_s16.json,Activation-aware Q1 only; unselected nested chain; nearest binary64; no full-distance claim.
"extended BCH [8,4,4] exact",fixed,8,4,18,262144,524288,65536,52428,64,18,1024,2.8001678818606397,4,-8.3,0,16,6,0,nested-585ae2dafa3c09f1,workstreams/finite_asymptotic_theory/landscape_db/activation_pilot_scaling_v1/maps/t64_s18.json,Activation-aware Q1 only; unselected nested chain; nearest binary64; no full-distance claim.
"extended BCH [32,16,8] exact",fixed,32,16,18,262144,524288,16384,52428,64,18,256,5.971184355811653,8,-7.4,0,16,6,0,nested-585ae2dafa3c09f1,workstreams/finite_asymptotic_theory/landscape_db/activation_pilot_scaling_v1/maps/t64_s18.json,Activation-aware Q1 only; unselected nested chain; nearest binary64; no full-distance claim.
"extended BCH [128,64,22] exact",fixed,128,64,18,262144,524288,4096,52428,64,18,64,34.64467858071263,22,-7.0,0,16,6,0,nested-585ae2dafa3c09f1,workstreams/finite_asymptotic_theory/landscape_db/activation_pilot_scaling_v1/maps/t64_s18.json,Activation-aware Q1 only; unselected nested chain; nearest binary64; no full-distance claim.
"Philips shortened-XBCH [64,32,12] exact",fixed,64,32,18,262144,524288,8192,52428,64,18,128,12.315657123768458,12,-7.5,0,16,6,0,nested-585ae2dafa3c09f1,workstreams/finite_asymptotic_theory/landscape_db/activation_pilot_scaling_v1/maps/t64_s18.json,Activation-aware Q1 only; unselected nested chain; nearest binary64; no full-distance claim.
"RM(1,3) [8,4,4] exact",fixed,8,4,18,262144,524288,65536,52428,64,18,1024,2.8001678818606397,4,-8.3,0,16,6,0,nested-585ae2dafa3c09f1,workstreams/finite_asymptotic_theory/landscape_db/activation_pilot_scaling_v1/maps/t64_s18.json,Activation-aware Q1 only; unselected nested chain; nearest binary64; no full-distance claim.
"RM(2,5) [32,16,8] exact",fixed,32,16,18,262144,524288,16384,52428,64,18,256,5.971184355811653,8,-7.4,0,16,6,0,nested-585ae2dafa3c09f1,workstreams/finite_asymptotic_theory/landscape_db/activation_pilot_scaling_v1/maps/t64_s18.json,Activation-aware Q1 only; unselected nested chain; nearest binary64; no full-distance claim.
"RM(3,7) [128,64,16] exact",fixed,128,64,18,262144,524288,4096,52428,64,18,64,12.578320047682578,16,-7.7,0,16,6,0,nested-585ae2dafa3c09f1,workstreams/finite_asymptotic_theory/landscape_db/activation_pilot_scaling_v1/maps/t64_s18.json,Activation-aware Q1 only; unselected nested chain; nearest binary64; no full-distance claim.
"RM(4,9) [512,256,32] exact",fixed,512,256,18,262144,524288,1024,52428,64,18,16,41.118616035792044,32,-7.2,0,16,6,0,nested-585ae2dafa3c09f1,workstreams/finite_asymptotic_theory/landscape_db/activation_pilot_scaling_v1/maps/t64_s18.json,Activation-aware Q1 only; unselected nested chain; nearest binary64; no full-distance claim.
"random full-rank [64,32] reused",random-ensemble-average,64,32,18,262144,524288,8192,52428,64,18,128,3.477095152720498,7,-8.6,0,16,6,0,nested-585ae2dafa3c09f1,workstreams/finite_asymptotic_theory/landscape_db/activation_pilot_scaling_v1/maps/t64_s18.json,Activation-aware Q1 only; unselected nested chain; nearest binary64; no full-distance claim.
"random full-rank [128,64] reused",random-ensemble-average,128,64,18,262144,524288,4096,52428,64,18,64,23.164413299417326,13,-8.0,0,16,6,0,nested-585ae2dafa3c09f1,workstreams/finite_asymptotic_theory/landscape_db/activation_pilot_scaling_v1/maps/t64_s18.json,Activation-aware Q1 only; unselected nested chain; nearest binary64; no full-distance claim.
"random full-rank [512,256] reused",random-ensemble-average,512,256,18,262144,524288,1024,52428,64,18,16,139.1481141932395,50,-6.7,0,16,6,0,nested-585ae2dafa3c09f1,workstreams/finite_asymptotic_theory/landscape_db/activation_pilot_scaling_v1/maps/t64_s18.json,Activation-aware Q1 only; unselected nested chain; nearest binary64; no full-distance claim.
"extended BCH [8,4,4] exact",fixed,8,4,22,4194304,8388608,1048576,838860,64,18,16384,-1.3408949124903737,4,-11.1,0,16,6,0,nested-585ae2dafa3c09f1,workstreams/finite_asymptotic_theory/landscape_db/activation_pilot_scaling_v1/maps/t64_s18.json,Activation-aware Q1 only; unselected nested chain; nearest binary64; no full-distance claim.
"extended BCH [32,16,8] exact",fixed,32,16,22,4194304,8388608,262144,838860,64,18,4096,1.9099659004251008,8,-10.1,0,16,6,0,nested-585ae2dafa3c09f1,workstreams/finite_asymptotic_theory/landscape_db/activation_pilot_scaling_v1/maps/t64_s18.json,Activation-aware Q1 only; unselected nested chain; nearest binary64; no full-distance claim.
"extended BCH [128,64,22] exact",fixed,128,64,22,4194304,8388608,65536,838860,64,18,1024,30.576174495987352,22,-9.8,0,16,6,0,nested-585ae2dafa3c09f1,workstreams/finite_asymptotic_theory/landscape_db/activation_pilot_scaling_v1/maps/t64_s18.json,Activation-aware Q1 only; unselected nested chain; nearest binary64; no full-distance claim.
"Philips shortened-XBCH [64,32,12] exact",fixed,64,32,22,4194304,8388608,131072,838860,64,18,2048,8.215228265000981,12,-10.3,0,16,6,0,nested-585ae2dafa3c09f1,workstreams/finite_asymptotic_theory/landscape_db/activation_pilot_scaling_v1/maps/t64_s18.json,Activation-aware Q1 only; unselected nested chain; nearest binary64; no full-distance claim.
"RM(1,3) [8,4,4] exact",fixed,8,4,22,4194304,8388608,1048576,838860,64,18,16384,-1.3408949124903737,4,-11.1,0,16,6,0,nested-585ae2dafa3c09f1,workstreams/finite_asymptotic_theory/landscape_db/activation_pilot_scaling_v1/maps/t64_s18.json,Activation-aware Q1 only; unselected nested chain; nearest binary64; no full-distance claim.
"RM(2,5) [32,16,8] exact",fixed,32,16,22,4194304,8388608,262144,838860,64,18,4096,1.9099659004251008,8,-10.1,0,16,6,0,nested-585ae2dafa3c09f1,workstreams/finite_asymptotic_theory/landscape_db/activation_pilot_scaling_v1/maps/t64_s18.json,Activation-aware Q1 only; unselected nested chain; nearest binary64; no full-distance claim.
"RM(3,7) [128,64,16] exact",fixed,128,64,22,4194304,8388608,65536,838860,64,18,1024,8.443038672826708,16,-10.5,0,16,6,0,nested-585ae2dafa3c09f1,workstreams/finite_asymptotic_theory/landscape_db/activation_pilot_scaling_v1/maps/t64_s18.json,Activation-aware Q1 only; unselected nested chain; nearest binary64; no full-distance claim.
"RM(4,9) [512,256,32] exact",fixed,512,256,22,4194304,8388608,16384,838860,64,18,256,37.04056296620099,32,-10.0,0,16,6,0,nested-585ae2dafa3c09f1,workstreams/finite_asymptotic_theory/landscape_db/activation_pilot_scaling_v1/maps/t64_s18.json,Activation-aware Q1 only; unselected nested chain; nearest binary64; no full-distance claim.
"random full-rank [64,32] reused",random-ensemble-average,64,32,22,4194304,8388608,131072,838860,64,18,2048,-0.6842393400073987,7,-11.4,0,16,6,0,nested-585ae2dafa3c09f1,workstreams/finite_asymptotic_theory/landscape_db/activation_pilot_scaling_v1/maps/t64_s18.json,Activation-aware Q1 only; unselected nested chain; nearest binary64; no full-distance claim.
"random full-rank [128,64] reused",random-ensemble-average,128,64,22,4194304,8388608,65536,838860,64,18,1024,19.0368204140733,13,-10.8,0,16,6,0,nested-585ae2dafa3c09f1,workstreams/finite_asymptotic_theory/landscape_db/activation_pilot_scaling_v1/maps/t64_s18.json,Activation-aware Q1 only; unselected nested chain; nearest binary64; no full-distance claim.
"random full-rank [512,256] reused",random-ensemble-average,512,256,22,4194304,8388608,16384,838860,64,18,256,135.10434403327145,52,-9.4,0,16,6,0,nested-585ae2dafa3c09f1,workstreams/finite_asymptotic_theory/landscape_db/activation_pilot_scaling_v1/maps/t64_s18.json,Activation-aware Q1 only; unselected nested chain; nearest binary64; no full-distance claim.
"extended BCH [8,4,4] exact",fixed,8,4,24,16777216,33554432,4194304,3355443,64,18,65536,-5.724618114435239,4,-12.0,1,16,6,0,nested-585ae2dafa3c09f1,workstreams/finite_asymptotic_theory/landscape_db/activation_pilot_scaling_v1/maps/t64_s18.json,Activation-aware Q1 only; unselected nested chain; nearest binary64; no full-distance claim.
"extended BCH [32,16,8] exact",fixed,32,16,24,16777216,33554432,1048576,3355443,64,18,16384,-0.5126260967920931,8,-11.5,0,16,6,0,nested-585ae2dafa3c09f1,workstreams/finite_asymptotic_theory/landscape_db/activation_pilot_scaling_v1/maps/t64_s18.json,Activation-aware Q1 only; unselected nested chain; nearest binary64; no full-distance claim.
"extended BCH [128,64,22] exact",fixed,128,64,24,16777216,33554432,262144,3355443,64,18,4096,28.1429392356718,22,-11.2,0,16,6,0,nested-585ae2dafa3c09f1,workstreams/finite_asymptotic_theory/landscape_db/activation_pilot_scaling_v1/maps/t64_s18.json,Activation-aware Q1 only; unselected nested chain; nearest binary64; no full-distance claim.
"Philips shortened-XBCH [64,32,12] exact",fixed,64,32,24,16777216,33554432,524288,3355443,64,18,8192,5.779781662627213,12,-11.7,0,16,6,0,nested-585ae2dafa3c09f1,workstreams/finite_asymptotic_theory/landscape_db/activation_pilot_scaling_v1/maps/t64_s18.json,Activation-aware Q1 only; unselected nested chain; nearest binary64; no full-distance claim.
"RM(1,3) [8,4,4] exact",fixed,8,4,24,16777216,33554432,4194304,3355443,64,18,65536,-5.724618114435239,4,-12.0,1,16,6,0,nested-585ae2dafa3c09f1,workstreams/finite_asymptotic_theory/landscape_db/activation_pilot_scaling_v1/maps/t64_s18.json,Activation-aware Q1 only; unselected nested chain; nearest binary64; no full-distance claim.
"RM(2,5) [32,16,8] exact",fixed,32,16,24,16777216,33554432,1048576,3355443,64,18,16384,-0.5126260967920931,8,-11.5,0,16,6,0,nested-585ae2dafa3c09f1,workstreams/finite_asymptotic_theory/landscape_db/activation_pilot_scaling_v1/maps/t64_s18.json,Activation-aware Q1 only; unselected nested chain; nearest binary64; no full-distance claim.
"RM(3,7) [128,64,16] exact",fixed,128,64,24,16777216,33554432,262144,3355443,64,18,4096,6.029812600443045,16,-11.8,0,16,6,0,nested-585ae2dafa3c09f1,workstreams/finite_asymptotic_theory/landscape_db/activation_pilot_scaling_v1/maps/t64_s18.json,Activation-aware Q1 only; unselected nested chain; nearest binary64; no full-distance claim.
"RM(4,9) [512,256,32] exact",fixed,512,256,24,16777216,33554432,65536,3355443,64,18,1024,34.59618740494444,32,-11.4,0,16,6,0,nested-585ae2dafa3c09f1,workstreams/finite_asymptotic_theory/landscape_db/activation_pilot_scaling_v1/maps/t64_s18.json,Activation-aware Q1 only; unselected nested chain; nearest binary64; no full-distance claim.
"random full-rank [64,32] reused",random-ensemble-average,64,32,24,16777216,33554432,524288,3355443,64,18,8192,-8.99639142859175,5,-12.0,1,16,6,0,nested-585ae2dafa3c09f1,workstreams/finite_asymptotic_theory/landscape_db/activation_pilot_scaling_v1/maps/t64_s18.json,Activation-aware Q1 only; unselected nested chain; nearest binary64; no full-distance claim.
"random full-rank [128,64] reused",random-ensemble-average,128,64,24,16777216,33554432,262144,3355443,64,18,4096,14.691063875234143,6,-12.0,1,16,6,0,nested-585ae2dafa3c09f1,workstreams/finite_asymptotic_theory/landscape_db/activation_pilot_scaling_v1/maps/t64_s18.json,Activation-aware Q1 only; unselected nested chain; nearest binary64; no full-distance claim.
"random full-rank [512,256] reused",random-ensemble-average,512,256,24,16777216,33554432,65536,3355443,64,18,1024,132.67639763152394,52,-10.7,0,16,6,0,nested-585ae2dafa3c09f1,workstreams/finite_asymptotic_theory/landscape_db/activation_pilot_scaling_v1/maps/t64_s18.json,Activation-aware Q1 only; unselected nested chain; nearest binary64; no full-distance claim.
"extended BCH [8,4,4] exact",fixed,8,4,18,262144,524288,65536,52428,64,20,1024,4.52072710668884,4,-8.2,0,16,6,0,nested-39ca968752438628,workstreams/finite_asymptotic_theory/landscape_db/activation_pilot_scaling_v1/maps/t64_s20.json,Activation-aware Q1 only; unselected nested chain; nearest binary64; no full-distance claim.
"extended BCH [32,16,8] exact",fixed,32,16,18,262144,524288,16384,52428,64,20,256,6.97753543189078,8,-7.2,0,16,6,0,nested-39ca968752438628,workstreams/finite_asymptotic_theory/landscape_db/activation_pilot_scaling_v1/maps/t64_s20.json,Activation-aware Q1 only; unselected nested chain; nearest binary64; no full-distance claim.
"extended BCH [128,64,22] exact",fixed,128,64,18,262144,524288,4096,52428,64,20,64,34.715664792166415,22,-7.0,0,16,6,0,nested-39ca968752438628,workstreams/finite_asymptotic_theory/landscape_db/activation_pilot_scaling_v1/maps/t64_s20.json,Activation-aware Q1 only; unselected nested chain; nearest binary64; no full-distance claim.
"Philips shortened-XBCH [64,32,12] exact",fixed,64,32,18,262144,524288,8192,52428,64,20,128,12.357309889383071,12,-7.5,0,16,6,0,nested-39ca968752438628,workstreams/finite_asymptotic_theory/landscape_db/activation_pilot_scaling_v1/maps/t64_s20.json,Activation-aware Q1 only; unselected nested chain; nearest binary64; no full-distance claim.
"RM(1,3) [8,4,4] exact",fixed,8,4,18,262144,524288,65536,52428,64,20,1024,4.52072710668884,4,-8.2,0,16,6,0,nested-39ca968752438628,workstreams/finite_asymptotic_theory/landscape_db/activation_pilot_scaling_v1/maps/t64_s20.json,Activation-aware Q1 only; unselected nested chain; nearest binary64; no full-distance claim.
"RM(2,5) [32,16,8] exact",fixed,32,16,18,262144,524288,16384,52428,64,20,256,6.97753543189078,8,-7.2,0,16,6,0,nested-39ca968752438628,workstreams/finite_asymptotic_theory/landscape_db/activation_pilot_scaling_v1/maps/t64_s20.json,Activation-aware Q1 only; unselected nested chain; nearest binary64; no full-distance claim.
"RM(3,7) [128,64,16] exact",fixed,128,64,18,262144,524288,4096,52428,64,20,64,12.595281982680898,16,-7.7,0,16,6,0,nested-39ca968752438628,workstreams/finite_asymptotic_theory/landscape_db/activation_pilot_scaling_v1/maps/t64_s20.json,Activation-aware Q1 only; unselected nested chain; nearest binary64; no full-distance claim.
"RM(4,9) [512,256,32] exact",fixed,512,256,18,262144,524288,1024,52428,64,20,16,41.14996979560862,32,-7.2,0,16,6,0,nested-39ca968752438628,workstreams/finite_asymptotic_theory/landscape_db/activation_pilot_scaling_v1/maps/t64_s20.json,Activation-aware Q1 only; unselected nested chain; nearest binary64; no full-distance claim.
"random full-rank [64,32] reused",random-ensemble-average,64,32,18,262144,524288,8192,52428,64,20,128,3.4855722640385256,7,-8.6,0,16,6,0,nested-39ca968752438628,workstreams/finite_asymptotic_theory/landscape_db/activation_pilot_scaling_v1/maps/t64_s20.json,Activation-aware Q1 only; unselected nested chain; nearest binary64; no full-distance claim.
"random full-rank [128,64] reused",random-ensemble-average,128,64,18,262144,524288,4096,52428,64,20,64,23.177316440300814,13,-8.0,0,16,6,0,nested-39ca968752438628,workstreams/finite_asymptotic_theory/landscape_db/activation_pilot_scaling_v1/maps/t64_s20.json,Activation-aware Q1 only; unselected nested chain; nearest binary64; no full-distance claim.
"random full-rank [512,256] reused",random-ensemble-average,512,256,18,262144,524288,1024,52428,64,20,16,139.24646863190958,50,-6.6,0,16,6,0,nested-39ca968752438628,workstreams/finite_asymptotic_theory/landscape_db/activation_pilot_scaling_v1/maps/t64_s20.json,Activation-aware Q1 only; unselected nested chain; nearest binary64; no full-distance claim.
"extended BCH [8,4,4] exact",fixed,8,4,22,4194304,8388608,1048576,838860,64,20,16384,0.5089811215732818,4,-11.0,0,16,6,0,nested-39ca968752438628,workstreams/finite_asymptotic_theory/landscape_db/activation_pilot_scaling_v1/maps/t64_s20.json,Activation-aware Q1 only; unselected nested chain; nearest binary64; no full-distance claim.
"extended BCH [32,16,8] exact",fixed,32,16,22,4194304,8388608,262144,838860,64,20,4096,2.991548773950643,8,-10.0,0,16,6,0,nested-39ca968752438628,workstreams/finite_asymptotic_theory/landscape_db/activation_pilot_scaling_v1/maps/t64_s20.json,Activation-aware Q1 only; unselected nested chain; nearest binary64; no full-distance claim.
"extended BCH [128,64,22] exact",fixed,128,64,22,4194304,8388608,65536,838860,64,20,1024,30.743880691617864,22,-9.8,0,16,6,0,nested-39ca968752438628,workstreams/finite_asymptotic_theory/landscape_db/activation_pilot_scaling_v1/maps/t64_s20.json,Activation-aware Q1 only; unselected nested chain; nearest binary64; no full-distance claim.
"Philips shortened-XBCH [64,32,12] exact",fixed,64,32,22,4194304,8388608,131072,838860,64,20,2048,8.35616197849827,12,-10.3,0,16,6,0,nested-39ca968752438628,workstreams/finite_asymptotic_theory/landscape_db/activation_pilot_scaling_v1/maps/t64_s20.json,Activation-aware Q1 only; unselected nested chain; nearest binary64; no full-distance claim.
"RM(1,3) [8,4,4] exact",fixed,8,4,22,4194304,8388608,1048576,838860,64,20,16384,0.5089811215732818,4,-11.0,0,16,6,0,nested-39ca968752438628,workstreams/finite_asymptotic_theory/landscape_db/activation_pilot_scaling_v1/maps/t64_s20.json,Activation-aware Q1 only; unselected nested chain; nearest binary64; no full-distance claim.
"RM(2,5) [32,16,8] exact",fixed,32,16,22,4194304,8388608,262144,838860,64,20,4096,2.991548773950643,8,-10.0,0,16,6,0,nested-39ca968752438628,workstreams/finite_asymptotic_theory/landscape_db/activation_pilot_scaling_v1/maps/t64_s20.json,Activation-aware Q1 only; unselected nested chain; nearest binary64; no full-distance claim.
"RM(3,7) [128,64,16] exact",fixed,128,64,22,4194304,8388608,65536,838860,64,20,1024,8.564073704690113,16,-10.5,0,16,6,0,nested-39ca968752438628,workstreams/finite_asymptotic_theory/landscape_db/activation_pilot_scaling_v1/maps/t64_s20.json,Activation-aware Q1 only; unselected nested chain; nearest binary64; no full-distance claim.
"RM(4,9) [512,256,32] exact",fixed,512,256,22,4194304,8388608,16384,838860,64,20,256,37.17248506610787,32,-10.0,0,16,6,0,nested-39ca968752438628,workstreams/finite_asymptotic_theory/landscape_db/activation_pilot_scaling_v1/maps/t64_s20.json,Activation-aware Q1 only; unselected nested chain; nearest binary64; no full-distance claim.
"random full-rank [64,32] reused",random-ensemble-average,64,32,22,4194304,8388608,131072,838860,64,20,2048,-0.5772367922926002,7,-11.4,0,16,6,0,nested-39ca968752438628,workstreams/finite_asymptotic_theory/landscape_db/activation_pilot_scaling_v1/maps/t64_s20.json,Activation-aware Q1 only; unselected nested chain; nearest binary64; no full-distance claim.
"random full-rank [128,64] reused",random-ensemble-average,128,64,22,4194304,8388608,65536,838860,64,20,1024,19.152714080489563,13,-10.8,0,16,6,0,nested-39ca968752438628,workstreams/finite_asymptotic_theory/landscape_db/activation_pilot_scaling_v1/maps/t64_s20.json,Activation-aware Q1 only; unselected nested chain; nearest binary64; no full-distance claim.
"random full-rank [512,256] reused",random-ensemble-average,512,256,22,4194304,8388608,16384,838860,64,20,256,135.30269403541905,52,-9.4,0,16,6,0,nested-39ca968752438628,workstreams/finite_asymptotic_theory/landscape_db/activation_pilot_scaling_v1/maps/t64_s20.json,Activation-aware Q1 only; unselected nested chain; nearest binary64; no full-distance claim.
"extended BCH [8,4,4] exact",fixed,8,4,24,16777216,33554432,4194304,3355443,64,20,65536,-3.261061749016175,4,-12.0,1,16,6,0,nested-39ca968752438628,workstreams/finite_asymptotic_theory/landscape_db/activation_pilot_scaling_v1/maps/t64_s20.json,Activation-aware Q1 only; unselected nested chain; nearest binary64; no full-distance claim.
"extended BCH [32,16,8] exact",fixed,32,16,24,16777216,33554432,1048576,3355443,64,20,16384,0.8689534438373043,8,-11.4,0,16,6,0,nested-39ca968752438628,workstreams/finite_asymptotic_theory/landscape_db/activation_pilot_scaling_v1/maps/t64_s20.json,Activation-aware Q1 only; unselected nested chain; nearest binary64; no full-distance claim.
"extended BCH [128,64,22] exact",fixed,128,64,24,16777216,33554432,262144,3355443,64,20,4096,28.63506027006645,22,-11.2,0,16,6,0,nested-39ca968752438628,workstreams/finite_asymptotic_theory/landscape_db/activation_pilot_scaling_v1/maps/t64_s20.json,Activation-aware Q1 only; unselected nested chain; nearest binary64; no full-distance claim.
"Philips shortened-XBCH [64,32,12] exact",fixed,64,32,24,16777216,33554432,524288,3355443,64,20,8192,6.2476060831300515,12,-11.7,0,16,6,0,nested-39ca968752438628,workstreams/finite_asymptotic_theory/landscape_db/activation_pilot_scaling_v1/maps/t64_s20.json,Activation-aware Q1 only; unselected nested chain; nearest binary64; no full-distance claim.
"RM(1,3) [8,4,4] exact",fixed,8,4,24,16777216,33554432,4194304,3355443,64,20,65536,-3.261061749016175,4,-12.0,1,16,6,0,nested-39ca968752438628,workstreams/finite_asymptotic_theory/landscape_db/activation_pilot_scaling_v1/maps/t64_s20.json,Activation-aware Q1 only; unselected nested chain; nearest binary64; no full-distance claim.
"RM(2,5) [32,16,8] exact",fixed,32,16,24,16777216,33554432,1048576,3355443,64,20,16384,0.8689534438373043,8,-11.4,0,16,6,0,nested-39ca968752438628,workstreams/finite_asymptotic_theory/landscape_db/activation_pilot_scaling_v1/maps/t64_s20.json,Activation-aware Q1 only; unselected nested chain; nearest binary64; no full-distance claim.
"RM(3,7) [128,64,16] exact",fixed,128,64,24,16777216,33554432,262144,3355443,64,20,4096,6.465445602934955,16,-11.8,0,16,6,0,nested-39ca968752438628,workstreams/finite_asymptotic_theory/landscape_db/activation_pilot_scaling_v1/maps/t64_s20.json,Activation-aware Q1 only; unselected nested chain; nearest binary64; no full-distance claim.
"RM(4,9) [512,256,32] exact",fixed,512,256,24,16777216,33554432,65536,3355443,64,20,1024,35.05950491005168,32,-11.4,0,16,6,0,nested-39ca968752438628,workstreams/finite_asymptotic_theory/landscape_db/activation_pilot_scaling_v1/maps/t64_s20.json,Activation-aware Q1 only; unselected nested chain; nearest binary64; no full-distance claim.
"random full-rank [64,32] reused",random-ensemble-average,64,32,24,16777216,33554432,524288,3355443,64,20,8192,-8.822737157970158,5,-12.0,1,16,6,0,nested-39ca968752438628,workstreams/finite_asymptotic_theory/landscape_db/activation_pilot_scaling_v1/maps/t64_s20.json,Activation-aware Q1 only; unselected nested chain; nearest binary64; no full-distance claim.
"random full-rank [128,64] reused",random-ensemble-average,128,64,24,16777216,33554432,262144,3355443,64,20,4096,14.938127883978586,6,-12.0,1,16,6,0,nested-39ca968752438628,workstreams/finite_asymptotic_theory/landscape_db/activation_pilot_scaling_v1/maps/t64_s20.json,Activation-aware Q1 only; unselected nested chain; nearest binary64; no full-distance claim.
"random full-rank [512,256] reused",random-ensemble-average,512,256,24,16777216,33554432,65536,3355443,64,20,1024,133.1985718163961,52,-10.7,0,16,6,0,nested-39ca968752438628,workstreams/finite_asymptotic_theory/landscape_db/activation_pilot_scaling_v1/maps/t64_s20.json,Activation-aware Q1 only; unselected nested chain; nearest binary64; no full-distance claim.
"extended BCH [8,4,4] exact",fixed,8,4,18,262144,524288,65536,52428,128,14,512,-0.8299169944589445,4,-8.5,0,48,4,992,nested-243d22763919c26c,workstreams/finite_asymptotic_theory/landscape_db/activation_pilot_scaling_v1/maps/t128_s14.json,Activation-aware Q1 only; unselected nested chain; nearest binary64; no full-distance claim.
"extended BCH [32,16,8] exact",fixed,32,16,18,262144,524288,16384,52428,128,14,128,3.653148088858754,8,-7.7,0,48,4,992,nested-243d22763919c26c,workstreams/finite_asymptotic_theory/landscape_db/activation_pilot_scaling_v1/maps/t128_s14.json,Activation-aware Q1 only; unselected nested chain; nearest binary64; no full-distance claim.
"extended BCH [128,64,22] exact",fixed,128,64,18,262144,524288,4096,52428,128,14,32,33.6901754400304,22,-7.1,0,48,4,992,nested-243d22763919c26c,workstreams/finite_asymptotic_theory/landscape_db/activation_pilot_scaling_v1/maps/t128_s14.json,Activation-aware Q1 only; unselected nested chain; nearest binary64; no full-distance claim.
"Philips shortened-XBCH [64,32,12] exact",fixed,64,32,18,262144,524288,8192,52428,128,14,64,11.78160287056985,12,-7.6,0,48,4,992,nested-243d22763919c26c,workstreams/finite_asymptotic_theory/landscape_db/activation_pilot_scaling_v1/maps/t128_s14.json,Activation-aware Q1 only; unselected nested chain; nearest binary64; no full-distance claim.
"RM(1,3) [8,4,4] exact",fixed,8,4,18,262144,524288,65536,52428,128,14,512,-0.8299169944589445,4,-8.5,0,48,4,992,nested-243d22763919c26c,workstreams/finite_asymptotic_theory/landscape_db/activation_pilot_scaling_v1/maps/t128_s14.json,Activation-aware Q1 only; unselected nested chain; nearest binary64; no full-distance claim.
"RM(2,5) [32,16,8] exact",fixed,32,16,18,262144,524288,16384,52428,128,14,128,3.653148088858754,8,-7.7,0,48,4,992,nested-243d22763919c26c,workstreams/finite_asymptotic_theory/landscape_db/activation_pilot_scaling_v1/maps/t128_s14.json,Activation-aware Q1 only; unselected nested chain; nearest binary64; no full-distance claim.
"RM(3,7) [128,64,16] exact",fixed,128,64,18,262144,524288,4096,52428,128,14,32,12.310667720547315,16,-7.7,0,48,4,992,nested-243d22763919c26c,workstreams/finite_asymptotic_theory/landscape_db/activation_pilot_scaling_v1/maps/t128_s14.json,Activation-aware Q1 only; unselected nested chain; nearest binary64; no full-distance claim.
"RM(4,9) [512,256,32] exact",fixed,512,256,18,262144,524288,1024,52428,128,14,8,40.587822348740495,32,-7.2,0,48,4,992,nested-243d22763919c26c,workstreams/finite_asymptotic_theory/landscape_db/activation_pilot_scaling_v1/maps/t128_s14.json,Activation-aware Q1 only; unselected nested chain; nearest binary64; no full-distance claim.
"random full-rank [64,32] reused",random-ensemble-average,64,32,18,262144,524288,8192,52428,128,14,64,3.375455396162394,7,-8.6,0,48,4,992,nested-243d22763919c26c,workstreams/finite_asymptotic_theory/landscape_db/activation_pilot_scaling_v1/maps/t128_s14.json,Activation-aware Q1 only; unselected nested chain; nearest binary64; no full-distance claim.
"random full-rank [128,64] reused",random-ensemble-average,128,64,18,262144,524288,4096,52428,128,14,32,22.97337869126892,13,-8.0,0,48,4,992,nested-243d22763919c26c,workstreams/finite_asymptotic_theory/landscape_db/activation_pilot_scaling_v1/maps/t128_s14.json,Activation-aware Q1 only; unselected nested chain; nearest binary64; no full-distance claim.
"random full-rank [512,256] reused",random-ensemble-average,512,256,18,262144,524288,1024,52428,128,14,8,137.6290703231237,54,-6.6,0,48,4,992,nested-243d22763919c26c,workstreams/finite_asymptotic_theory/landscape_db/activation_pilot_scaling_v1/maps/t128_s14.json,Activation-aware Q1 only; unselected nested chain; nearest binary64; no full-distance claim.
"extended BCH [8,4,4] exact",fixed,8,4,22,4194304,8388608,1048576,838860,128,14,8192,-5.893800299484388,4,-11.2,0,48,4,992,nested-243d22763919c26c,workstreams/finite_asymptotic_theory/landscape_db/activation_pilot_scaling_v1/maps/t128_s14.json,Activation-aware Q1 only; unselected nested chain; nearest binary64; no full-distance claim.
"extended BCH [32,16,8] exact",fixed,32,16,22,4194304,8388608,262144,838860,128,14,2048,-1.3909493942766065,8,-10.4,0,48,4,992,nested-243d22763919c26c,workstreams/finite_asymptotic_theory/landscape_db/activation_pilot_scaling_v1/maps/t128_s14.json,Activation-aware Q1 only; unselected nested chain; nearest binary64; no full-distance claim.
"extended BCH [128,64,22] exact",fixed,128,64,22,4194304,8388608,65536,838860,128,14,512,28.655670010514527,22,-9.9,0,48,4,992,nested-243d22763919c26c,workstreams/finite_asymptotic_theory/landscape_db/activation_pilot_scaling_v1/maps/t128_s14.json,Activation-aware Q1 only; unselected nested chain; nearest binary64; no full-distance claim.
"Philips shortened-XBCH [64,32,12] exact",fixed,64,32,22,4194304,8388608,131072,838860,128,14,1024,6.7235058413223605,12,-10.4,0,48,4,992,nested-243d22763919c26c,workstreams/finite_asymptotic_theory/landscape_db/activation_pilot_scaling_v1/maps/t128_s14.json,Activation-aware Q1 only; unselected nested chain; nearest binary64; no full-distance claim.
"RM(1,3) [8,4,4] exact",fixed,8,4,22,4194304,8388608,1048576,838860,128,14,8192,-5.893800299484388,4,-11.2,0,48,4,992,nested-243d22763919c26c,workstreams/finite_asymptotic_theory/landscape_db/activation_pilot_scaling_v1/maps/t128_s14.json,Activation-aware Q1 only; unselected nested chain; nearest binary64; no full-distance claim.
"RM(2,5) [32,16,8] exact",fixed,32,16,22,4194304,8388608,262144,838860,128,14,2048,-1.3909493942766065,8,-10.4,0,48,4,992,nested-243d22763919c26c,workstreams/finite_asymptotic_theory/landscape_db/activation_pilot_scaling_v1/maps/t128_s14.json,Activation-aware Q1 only; unselected nested chain; nearest binary64; no full-distance claim.
"RM(3,7) [128,64,16] exact",fixed,128,64,22,4194304,8388608,65536,838860,128,14,512,7.244534968360722,16,-10.4,0,48,4,992,nested-243d22763919c26c,workstreams/finite_asymptotic_theory/landscape_db/activation_pilot_scaling_v1/maps/t128_s14.json,Activation-aware Q1 only; unselected nested chain; nearest binary64; no full-distance claim.
"RM(4,9) [512,256,32] exact",fixed,512,256,22,4194304,8388608,16384,838860,128,14,128,35.598031041154385,32,-10.0,0,48,4,992,nested-243d22763919c26c,workstreams/finite_asymptotic_theory/landscape_db/activation_pilot_scaling_v1/maps/t128_s14.json,Activation-aware Q1 only; unselected nested chain; nearest binary64; no full-distance claim.
"random full-rank [64,32] reused",random-ensemble-average,64,32,22,4194304,8388608,131072,838860,128,14,1024,-1.7093831284585632,7,-11.3,0,48,4,992,nested-243d22763919c26c,workstreams/finite_asymptotic_theory/landscape_db/activation_pilot_scaling_v1/maps/t128_s14.json,Activation-aware Q1 only; unselected nested chain; nearest binary64; no full-distance claim.
"random full-rank [128,64] reused",random-ensemble-average,128,64,22,4194304,8388608,65536,838860,128,14,512,17.903728065010096,13,-10.7,0,48,4,992,nested-243d22763919c26c,workstreams/finite_asymptotic_theory/landscape_db/activation_pilot_scaling_v1/maps/t128_s14.json,Activation-aware Q1 only; unselected nested chain; nearest binary64; no full-distance claim.
"random full-rank [512,256] reused",random-ensemble-average,512,256,22,4194304,8388608,16384,838860,128,14,128,132.68699897708018,53,-9.4,0,48,4,992,nested-243d22763919c26c,workstreams/finite_asymptotic_theory/landscape_db/activation_pilot_scaling_v1/maps/t128_s14.json,Activation-aware Q1 only; unselected nested chain; nearest binary64; no full-distance claim.
"extended BCH [8,4,4] exact",fixed,8,4,24,16777216,33554432,4194304,3355443,128,14,32768,-13.240973998728197,4,-12.0,1,48,4,992,nested-243d22763919c26c,workstreams/finite_asymptotic_theory/landscape_db/activation_pilot_scaling_v1/maps/t128_s14.json,Activation-aware Q1 only; unselected nested chain; nearest binary64; no full-distance claim.
"extended BCH [32,16,8] exact",fixed,32,16,24,16777216,33554432,1048576,3355443,128,14,8192,-6.849594989911929,8,-11.7,0,48,4,992,nested-243d22763919c26c,workstreams/finite_asymptotic_theory/landscape_db/activation_pilot_scaling_v1/maps/t128_s14.json,Activation-aware Q1 only; unselected nested chain; nearest binary64; no full-distance claim.
"extended BCH [128,64,22] exact",fixed,128,64,24,16777216,33554432,262144,3355443,128,14,2048,23.220726705007042,22,-11.2,0,48,4,992,nested-243d22763919c26c,workstreams/finite_asymptotic_theory/landscape_db/activation_pilot_scaling_v1/maps/t128_s14.json,Activation-aware Q1 only; unselected nested chain; nearest binary64; no full-distance claim.
"Philips shortened-XBCH [64,32,12] exact",fixed,64,32,24,16777216,33554432,524288,3355443,128,14,4096,1.261414508726658,12,-11.7,0,48,4,992,nested-243d22763919c26c,workstreams/finite_asymptotic_theory/landscape_db/activation_pilot_scaling_v1/maps/t128_s14.json,Activation-aware Q1 only; unselected nested chain; nearest binary64; no full-distance claim.
"RM(1,3) [8,4,4] exact",fixed,8,4,24,16777216,33554432,4194304,3355443,128,14,32768,-13.240973998728197,4,-12.0,1,48,4,992,nested-243d22763919c26c,workstreams/finite_asymptotic_theory/landscape_db/activation_pilot_scaling_v1/maps/t128_s14.json,Activation-aware Q1 only; unselected nested chain; nearest binary64; no full-distance claim.
"RM(2,5) [32,16,8] exact",fixed,32,16,24,16777216,33554432,1048576,3355443,128,14,8192,-6.849594989911929,8,-11.7,0,48,4,992,nested-243d22763919c26c,workstreams/finite_asymptotic_theory/landscape_db/activation_pilot_scaling_v1/maps/t128_s14.json,Activation-aware Q1 only; unselected nested chain; nearest binary64; no full-distance claim.
"RM(3,7) [128,64,16] exact",fixed,128,64,24,16777216,33554432,262144,3355443,128,14,2048,1.7870160736729466,16,-11.7,0,48,4,992,nested-243d22763919c26c,workstreams/finite_asymptotic_theory/landscape_db/activation_pilot_scaling_v1/maps/t128_s14.json,Activation-aware Q1 only; unselected nested chain; nearest binary64; no full-distance claim.
"RM(4,9) [512,256,32] exact",fixed,512,256,24,16777216,33554432,65536,3355443,128,14,512,30.132602804383747,32,-11.3,0,48,4,992,nested-243d22763919c26c,workstreams/finite_asymptotic_theory/landscape_db/activation_pilot_scaling_v1/maps/t128_s14.json,Activation-aware Q1 only; unselected nested chain; nearest binary64; no full-distance claim.
"random full-rank [64,32] reused",random-ensemble-average,64,32,24,16777216,33554432,524288,3355443,128,14,4096,-10.687286862216203,5,-12.0,1,48,4,992,nested-243d22763919c26c,workstreams/finite_asymptotic_theory/landscape_db/activation_pilot_scaling_v1/maps/t128_s14.json,Activation-aware Q1 only; unselected nested chain; nearest binary64; no full-distance claim.
"random full-rank [128,64] reused",random-ensemble-average,128,64,24,16777216,33554432,262144,3355443,128,14,2048,11.785706536634782,13,-12.0,1,48,4,992,nested-243d22763919c26c,workstreams/finite_asymptotic_theory/landscape_db/activation_pilot_scaling_v1/maps/t128_s14.json,Activation-aware Q1 only; unselected nested chain; nearest binary64; no full-distance claim.
"random full-rank [512,256] reused",random-ensemble-average,512,256,24,16777216,33554432,65536,3355443,128,14,512,127.23121133400683,52,-10.7,0,48,4,992,nested-243d22763919c26c,workstreams/finite_asymptotic_theory/landscape_db/activation_pilot_scaling_v1/maps/t128_s14.json,Activation-aware Q1 only; unselected nested chain; nearest binary64; no full-distance claim.
"extended BCH [8,4,4] exact",fixed,8,4,18,262144,524288,65536,52428,128,16,512,1.0180540975293029,4,-8.4,0,32,4,480,nested-00044e579b028e57,workstreams/finite_asymptotic_theory/landscape_db/activation_pilot_scaling_v1/maps/t128_s16.json,Activation-aware Q1 only; unselected nested chain; nearest binary64; no full-distance claim.
"extended BCH [32,16,8] exact",fixed,32,16,18,262144,524288,16384,52428,128,16,128,4.909669100704146,8,-7.5,0,32,4,480,nested-00044e579b028e57,workstreams/finite_asymptotic_theory/landscape_db/activation_pilot_scaling_v1/maps/t128_s16.json,Activation-aware Q1 only; unselected nested chain; nearest binary64; no full-distance claim.
"extended BCH [128,64,22] exact",fixed,128,64,18,262144,524288,4096,52428,128,16,32,34.36903317399096,22,-7.1,0,32,4,480,nested-00044e579b028e57,workstreams/finite_asymptotic_theory/landscape_db/activation_pilot_scaling_v1/maps/t128_s16.json,Activation-aware Q1 only; unselected nested chain; nearest binary64; no full-distance claim.
"Philips shortened-XBCH [64,32,12] exact",fixed,64,32,18,262144,524288,8192,52428,128,16,64,12.162574746123228,12,-7.6,0,32,4,480,nested-00044e579b028e57,workstreams/finite_asymptotic_theory/landscape_db/activation_pilot_scaling_v1/maps/t128_s16.json,Activation-aware Q1 only; unselected nested chain; nearest binary64; no full-distance claim.
"RM(1,3) [8,4,4] exact",fixed,8,4,18,262144,524288,65536,52428,128,16,512,1.0180540975293029,4,-8.4,0,32,4,480,nested-00044e579b028e57,workstreams/finite_asymptotic_theory/landscape_db/activation_pilot_scaling_v1/maps/t128_s16.json,Activation-aware Q1 only; unselected nested chain; nearest binary64; no full-distance claim.
"RM(2,5) [32,16,8] exact",fixed,32,16,18,262144,524288,16384,52428,128,16,128,4.909669100704146,8,-7.5,0,32,4,480,nested-00044e579b028e57,workstreams/finite_asymptotic_theory/landscape_db/activation_pilot_scaling_v1/maps/t128_s16.json,Activation-aware Q1 only; unselected nested chain; nearest binary64; no full-distance claim.
"RM(3,7) [128,64,16] exact",fixed,128,64,18,262144,524288,4096,52428,128,16,32,12.507940177411234,16,-7.7,0,32,4,480,nested-00044e579b028e57,workstreams/finite_asymptotic_theory/landscape_db/activation_pilot_scaling_v1/maps/t128_s16.json,Activation-aware Q1 only; unselected nested chain; nearest binary64; no full-distance claim.
"RM(4,9) [512,256,32] exact",fixed,512,256,18,262144,524288,1024,52428,128,16,8,40.97732727520997,32,-7.2,0,32,4,480,nested-00044e579b028e57,workstreams/finite_asymptotic_theory/landscape_db/activation_pilot_scaling_v1/maps/t128_s16.json,Activation-aware Q1 only; unselected nested chain; nearest binary64; no full-distance claim.
"random full-rank [64,32] reused",random-ensemble-average,64,32,18,262144,524288,8192,52428,128,16,64,3.4527057933342884,7,-8.6,0,32,4,480,nested-00044e579b028e57,workstreams/finite_asymptotic_theory/landscape_db/activation_pilot_scaling_v1/maps/t128_s16.json,Activation-aware Q1 only; unselected nested chain; nearest binary64; no full-distance claim.
"random full-rank [128,64] reused",random-ensemble-average,128,64,18,262144,524288,4096,52428,128,16,32,23.1148249981014,13,-8.0,0,32,4,480,nested-00044e579b028e57,workstreams/finite_asymptotic_theory/landscape_db/activation_pilot_scaling_v1/maps/t128_s16.json,Activation-aware Q1 only; unselected nested chain; nearest binary64; no full-distance claim.
"random full-rank [512,256] reused",random-ensemble-average,512,256,18,262144,524288,1024,52428,128,16,8,138.7273104974693,51,-6.6,0,32,4,480,nested-00044e579b028e57,workstreams/finite_asymptotic_theory/landscape_db/activation_pilot_scaling_v1/maps/t128_s16.json,Activation-aware Q1 only; unselected nested chain; nearest binary64; no full-distance claim.
"extended BCH [8,4,4] exact",fixed,8,4,22,4194304,8388608,1048576,838860,128,16,8192,-3.256446376254374,4,-11.1,0,32,4,480,nested-00044e579b028e57,workstreams/finite_asymptotic_theory/landscape_db/activation_pilot_scaling_v1/maps/t128_s16.json,Activation-aware Q1 only; unselected nested chain; nearest binary64; no full-distance claim.
"extended BCH [32,16,8] exact",fixed,32,16,22,4194304,8388608,262144,838860,128,16,2048,0.6912023929852205,8,-10.3,0,32,4,480,nested-00044e579b028e57,workstreams/finite_asymptotic_theory/landscape_db/activation_pilot_scaling_v1/maps/t128_s16.json,Activation-aware Q1 only; unselected nested chain; nearest binary64; no full-distance claim.
"extended BCH [128,64,22] exact",fixed,128,64,22,4194304,8388608,65536,838860,128,16,512,30.207846567914054,22,-9.8,0,32,4,480,nested-00044e579b028e57,workstreams/finite_asymptotic_theory/landscape_db/activation_pilot_scaling_v1/maps/t128_s16.json,Activation-aware Q1 only; unselected nested chain; nearest binary64; no full-distance claim.
"Philips shortened-XBCH [64,32,12] exact",fixed,64,32,22,4194304,8388608,131072,838860,128,16,1024,7.951159740176092,12,-10.3,0,32,4,480,nested-00044e579b028e57,workstreams/finite_asymptotic_theory/landscape_db/activation_pilot_scaling_v1/maps/t128_s16.json,Activation-aware Q1 only; unselected nested chain; nearest binary64; no full-distance claim.
"RM(1,3) [8,4,4] exact",fixed,8,4,22,4194304,8388608,1048576,838860,128,16,8192,-3.256446376254374,4,-11.1,0,32,4,480,nested-00044e579b028e57,workstreams/finite_asymptotic_theory/landscape_db/activation_pilot_scaling_v1/maps/t128_s16.json,Activation-aware Q1 only; unselected nested chain; nearest binary64; no full-distance claim.
"RM(2,5) [32,16,8] exact",fixed,32,16,22,4194304,8388608,262144,838860,128,16,2048,0.6912023929852205,8,-10.3,0,32,4,480,nested-00044e579b028e57,workstreams/finite_asymptotic_theory/landscape_db/activation_pilot_scaling_v1/maps/t128_s16.json,Activation-aware Q1 only; unselected nested chain; nearest binary64; no full-distance claim.
"RM(3,7) [128,64,16] exact",fixed,128,64,22,4194304,8388608,65536,838860,128,16,512,8.255377780927388,16,-10.5,0,32,4,480,nested-00044e579b028e57,workstreams/finite_asymptotic_theory/landscape_db/activation_pilot_scaling_v1/maps/t128_s16.json,Activation-aware Q1 only; unselected nested chain; nearest binary64; no full-distance claim.
"RM(4,9) [512,256,32] exact",fixed,512,256,22,4194304,8388608,16384,838860,128,16,128,36.80201619017513,32,-10.0,0,32,4,480,nested-00044e579b028e57,workstreams/finite_asymptotic_theory/landscape_db/activation_pilot_scaling_v1/maps/t128_s16.json,Activation-aware Q1 only; unselected nested chain; nearest binary64; no full-distance claim.
"random full-rank [64,32] reused",random-ensemble-average,64,32,22,4194304,8388608,131072,838860,128,16,1024,-0.832903657121247,7,-11.4,0,32,4,480,nested-00044e579b028e57,workstreams/finite_asymptotic_theory/landscape_db/activation_pilot_scaling_v1/maps/t128_s16.json,Activation-aware Q1 only; unselected nested chain; nearest binary64; no full-distance claim.
"random full-rank [128,64] reused",random-ensemble-average,128,64,22,4194304,8388608,65536,838860,128,16,512,18.865487714565305,13,-10.8,0,32,4,480,nested-00044e579b028e57,workstreams/finite_asymptotic_theory/landscape_db/activation_pilot_scaling_v1/maps/t128_s16.json,Activation-aware Q1 only; unselected nested chain; nearest binary64; no full-distance claim.
"random full-rank [512,256] reused",random-ensemble-average,512,256,22,4194304,8388608,16384,838860,128,16,128,134.62265592761077,53,-9.3,0,32,4,480,nested-00044e579b028e57,workstreams/finite_asymptotic_theory/landscape_db/activation_pilot_scaling_v1/maps/t128_s16.json,Activation-aware Q1 only; unselected nested chain; nearest binary64; no full-distance claim.
"extended BCH [8,4,4] exact",fixed,8,4,24,16777216,33554432,4194304,3355443,128,16,32768,-8.512207668922077,4,-12.0,1,32,4,480,nested-00044e579b028e57,workstreams/finite_asymptotic_theory/landscape_db/activation_pilot_scaling_v1/maps/t128_s16.json,Activation-aware Q1 only; unselected nested chain; nearest binary64; no full-distance claim.
"extended BCH [32,16,8] exact",fixed,32,16,24,16777216,33554432,1048576,3355443,128,16,8192,-2.182096801420492,8,-11.6,0,32,4,480,nested-00044e579b028e57,workstreams/finite_asymptotic_theory/landscape_db/activation_pilot_scaling_v1/maps/t128_s16.json,Activation-aware Q1 only; unselected nested chain; nearest binary64; no full-distance claim.
"extended BCH [128,64,22] exact",fixed,128,64,24,16777216,33554432,262144,3355443,128,16,2048,27.352095698086245,22,-11.2,0,32,4,480,nested-00044e579b028e57,workstreams/finite_asymptotic_theory/landscape_db/activation_pilot_scaling_v1/maps/t128_s16.json,Activation-aware Q1 only; unselected nested chain; nearest binary64; no full-distance claim.
"Philips shortened-XBCH [64,32,12] exact",fixed,64,32,24,16777216,33554432,524288,3355443,128,16,4096,5.090359140259002,12,-11.7,0,32,4,480,nested-00044e579b028e57,workstreams/finite_asymptotic_theory/landscape_db/activation_pilot_scaling_v1/maps/t128_s16.json,Activation-aware Q1 only; unselected nested chain; nearest binary64; no full-distance claim.
"RM(1,3) [8,4,4] exact",fixed,8,4,24,16777216,33554432,4194304,3355443,128,16,32768,-8.512207668922077,4,-12.0,1,32,4,480,nested-00044e579b028e57,workstreams/finite_asymptotic_theory/landscape_db/activation_pilot_scaling_v1/maps/t128_s16.json,Activation-aware Q1 only; unselected nested chain; nearest binary64; no full-distance claim.
"RM(2,5) [32,16,8] exact",fixed,32,16,24,16777216,33554432,1048576,3355443,128,16,8192,-2.182096801420492,8,-11.6,0,32,4,480,nested-00044e579b028e57,workstreams/finite_asymptotic_theory/landscape_db/activation_pilot_scaling_v1/maps/t128_s16.json,Activation-aware Q1 only; unselected nested chain; nearest binary64; no full-distance claim.
"RM(3,7) [128,64,16] exact",fixed,128,64,24,16777216,33554432,262144,3355443,128,16,2048,5.416725555248238,16,-11.8,0,32,4,480,nested-00044e579b028e57,workstreams/finite_asymptotic_theory/landscape_db/activation_pilot_scaling_v1/maps/t128_s16.json,Activation-aware Q1 only; unselected nested chain; nearest binary64; no full-distance claim.
"RM(4,9) [512,256,32] exact",fixed,512,256,24,16777216,33554432,65536,3355443,128,16,512,33.91611266028597,32,-11.4,0,32,4,480,nested-00044e579b028e57,workstreams/finite_asymptotic_theory/landscape_db/activation_pilot_scaling_v1/maps/t128_s16.json,Activation-aware Q1 only; unselected nested chain; nearest binary64; no full-distance claim.
"random full-rank [64,32] reused",random-ensemble-average,64,32,24,16777216,33554432,524288,3355443,128,16,4096,-9.246215175513008,5,-12.0,1,32,4,480,nested-00044e579b028e57,workstreams/finite_asymptotic_theory/landscape_db/activation_pilot_scaling_v1/maps/t128_s16.json,Activation-aware Q1 only; unselected nested chain; nearest binary64; no full-distance claim.
"random full-rank [128,64] reused",random-ensemble-average,128,64,24,16777216,33554432,262144,3355443,128,16,2048,14.330578094608057,6,-12.0,1,32,4,480,nested-00044e579b028e57,workstreams/finite_asymptotic_theory/landscape_db/activation_pilot_scaling_v1/maps/t128_s16.json,Activation-aware Q1 only; unselected nested chain; nearest binary64; no full-distance claim.
"random full-rank [512,256] reused",random-ensemble-average,512,256,24,16777216,33554432,65536,3355443,128,16,512,131.76441393770222,52,-10.7,0,32,4,480,nested-00044e579b028e57,workstreams/finite_asymptotic_theory/landscape_db/activation_pilot_scaling_v1/maps/t128_s16.json,Activation-aware Q1 only; unselected nested chain; nearest binary64; no full-distance claim.
"extended BCH [8,4,4] exact",fixed,8,4,18,262144,524288,65536,52428,128,18,512,2.7882920875328012,4,-8.3,0,32,4,64,nested-0fa90bd15a210940,workstreams/finite_asymptotic_theory/landscape_db/activation_pilot_scaling_v1/maps/t128_s18.json,Activation-aware Q1 only; unselected nested chain; nearest binary64; no full-distance claim.
"extended BCH [32,16,8] exact",fixed,32,16,18,262144,524288,16384,52428,128,18,128,5.942552879503875,8,-7.4,0,32,4,64,nested-0fa90bd15a210940,workstreams/finite_asymptotic_theory/landscape_db/activation_pilot_scaling_v1/maps/t128_s18.json,Activation-aware Q1 only; unselected nested chain; nearest binary64; no full-distance claim.
"extended BCH [128,64,22] exact",fixed,128,64,18,262144,524288,4096,52428,128,18,32,34.60573858832756,22,-7.0,0,32,4,64,nested-0fa90bd15a210940,workstreams/finite_asymptotic_theory/landscape_db/activation_pilot_scaling_v1/maps/t128_s18.json,Activation-aware Q1 only; unselected nested chain; nearest binary64; no full-distance claim.
"Philips shortened-XBCH [64,32,12] exact",fixed,64,32,18,262144,524288,8192,52428,128,18,64,12.293463983346744,12,-7.5,0,32,4,64,nested-0fa90bd15a210940,workstreams/finite_asymptotic_theory/landscape_db/activation_pilot_scaling_v1/maps/t128_s18.json,Activation-aware Q1 only; unselected nested chain; nearest binary64; no full-distance claim.
"RM(1,3) [8,4,4] exact",fixed,8,4,18,262144,524288,65536,52428,128,18,512,2.7882920875328012,4,-8.3,0,32,4,64,nested-0fa90bd15a210940,workstreams/finite_asymptotic_theory/landscape_db/activation_pilot_scaling_v1/maps/t128_s18.json,Activation-aware Q1 only; unselected nested chain; nearest binary64; no full-distance claim.
"RM(2,5) [32,16,8] exact",fixed,32,16,18,262144,524288,16384,52428,128,18,128,5.942552879503875,8,-7.4,0,32,4,64,nested-0fa90bd15a210940,workstreams/finite_asymptotic_theory/landscape_db/activation_pilot_scaling_v1/maps/t128_s18.json,Activation-aware Q1 only; unselected nested chain; nearest binary64; no full-distance claim.
"RM(3,7) [128,64,16] exact",fixed,128,64,18,262144,524288,4096,52428,128,18,32,12.561924825725665,16,-7.7,0,32,4,64,nested-0fa90bd15a210940,workstreams/finite_asymptotic_theory/landscape_db/activation_pilot_scaling_v1/maps/t128_s18.json,Activation-aware Q1 only; unselected nested chain; nearest binary64; no full-distance claim.
"RM(4,9) [512,256,32] exact",fixed,512,256,18,262144,524288,1024,52428,128,18,8,41.0882971563775,32,-7.2,0,32,4,64,nested-0fa90bd15a210940,workstreams/finite_asymptotic_theory/landscape_db/activation_pilot_scaling_v1/maps/t128_s18.json,Activation-aware Q1 only; unselected nested chain; nearest binary64; no full-distance claim.
"random full-rank [64,32] reused",random-ensemble-average,64,32,18,262144,524288,8192,52428,128,18,64,3.4731994652395053,7,-8.6,0,32,4,64,nested-0fa90bd15a210940,workstreams/finite_asymptotic_theory/landscape_db/activation_pilot_scaling_v1/maps/t128_s18.json,Activation-aware Q1 only; unselected nested chain; nearest binary64; no full-distance claim.
"random full-rank [128,64] reused",random-ensemble-average,128,64,18,262144,524288,4096,52428,128,18,32,23.152926338358988,13,-8.0,0,32,4,64,nested-0fa90bd15a210940,workstreams/finite_asymptotic_theory/landscape_db/activation_pilot_scaling_v1/maps/t128_s18.json,Activation-aware Q1 only; unselected nested chain; nearest binary64; no full-distance claim.
"random full-rank [512,256] reused",random-ensemble-average,512,256,18,262144,524288,1024,52428,128,18,8,139.08761075526306,51,-6.6,0,32,4,64,nested-0fa90bd15a210940,workstreams/finite_asymptotic_theory/landscape_db/activation_pilot_scaling_v1/maps/t128_s18.json,Activation-aware Q1 only; unselected nested chain; nearest binary64; no full-distance claim.
"extended BCH [8,4,4] exact",fixed,8,4,22,4194304,8388608,1048576,838860,128,18,8192,-1.2647103640567328,4,-11.1,0,32,4,64,nested-0fa90bd15a210940,workstreams/finite_asymptotic_theory/landscape_db/activation_pilot_scaling_v1/maps/t128_s18.json,Activation-aware Q1 only; unselected nested chain; nearest binary64; no full-distance claim.
"extended BCH [32,16,8] exact",fixed,32,16,22,4194304,8388608,262144,838860,128,18,2048,1.97836550994991,8,-10.1,0,32,4,64,nested-0fa90bd15a210940,workstreams/finite_asymptotic_theory/landscape_db/activation_pilot_scaling_v1/maps/t128_s18.json,Activation-aware Q1 only; unselected nested chain; nearest binary64; no full-distance claim.
"extended BCH [128,64,22] exact",fixed,128,64,22,4194304,8388608,65536,838860,128,18,512,30.645531069780464,22,-9.8,0,32,4,64,nested-0fa90bd15a210940,workstreams/finite_asymptotic_theory/landscape_db/activation_pilot_scaling_v1/maps/t128_s18.json,Activation-aware Q1 only; unselected nested chain; nearest binary64; no full-distance claim.
"Philips shortened-XBCH [64,32,12] exact",fixed,64,32,22,4194304,8388608,131072,838860,128,18,1024,8.285741911358075,12,-10.3,0,32,4,64,nested-0fa90bd15a210940,workstreams/finite_asymptotic_theory/landscape_db/activation_pilot_scaling_v1/maps/t128_s18.json,Activation-aware Q1 only; unselected nested chain; nearest binary64; no full-distance claim.
"RM(1,3) [8,4,4] exact",fixed,8,4,22,4194304,8388608,1048576,838860,128,18,8192,-1.2647103640567328,4,-11.1,0,32,4,64,nested-0fa90bd15a210940,workstreams/finite_asymptotic_theory/landscape_db/activation_pilot_scaling_v1/maps/t128_s18.json,Activation-aware Q1 only; unselected nested chain; nearest binary64; no full-distance claim.
"RM(2,5) [32,16,8] exact",fixed,32,16,22,4194304,8388608,262144,838860,128,18,2048,1.97836550994991,8,-10.1,0,32,4,64,nested-0fa90bd15a210940,workstreams/finite_asymptotic_theory/landscape_db/activation_pilot_scaling_v1/maps/t128_s18.json,Activation-aware Q1 only; unselected nested chain; nearest binary64; no full-distance claim.
"RM(3,7) [128,64,16] exact",fixed,128,64,22,4194304,8388608,65536,838860,128,18,512,8.516100493016312,16,-10.5,0,32,4,64,nested-0fa90bd15a210940,workstreams/finite_asymptotic_theory/landscape_db/activation_pilot_scaling_v1/maps/t128_s18.json,Activation-aware Q1 only; unselected nested chain; nearest binary64; no full-distance claim.
"RM(4,9) [512,256,32] exact",fixed,512,256,22,4194304,8388608,16384,838860,128,18,128,37.11071143325543,32,-10.0,0,32,4,64,nested-0fa90bd15a210940,workstreams/finite_asymptotic_theory/landscape_db/activation_pilot_scaling_v1/maps/t128_s18.json,Activation-aware Q1 only; unselected nested chain; nearest binary64; no full-distance claim.
"random full-rank [64,32] reused",random-ensemble-average,64,32,22,4194304,8388608,131072,838860,128,18,1024,-0.6144285967204661,7,-11.4,0,32,4,64,nested-0fa90bd15a210940,workstreams/finite_asymptotic_theory/landscape_db/activation_pilot_scaling_v1/maps/t128_s18.json,Activation-aware Q1 only; unselected nested chain; nearest binary64; no full-distance claim.
"random full-rank [128,64] reused",random-ensemble-average,128,64,22,4194304,8388608,65536,838860,128,18,512,19.10910764076463,13,-10.8,0,32,4,64,nested-0fa90bd15a210940,workstreams/finite_asymptotic_theory/landscape_db/activation_pilot_scaling_v1/maps/t128_s18.json,Activation-aware Q1 only; unselected nested chain; nearest binary64; no full-distance claim.
"random full-rank [512,256] reused",random-ensemble-average,512,256,22,4194304,8388608,16384,838860,128,18,128,135.17226370083034,52,-9.4,0,32,4,64,nested-0fa90bd15a210940,workstreams/finite_asymptotic_theory/landscape_db/activation_pilot_scaling_v1/maps/t128_s18.json,Activation-aware Q1 only; unselected nested chain; nearest binary64; no full-distance claim.
"extended BCH [8,4,4] exact",fixed,8,4,24,16777216,33554432,4194304,3355443,128,18,32768,-5.523410541550666,4,-12.0,1,32,4,64,nested-0fa90bd15a210940,workstreams/finite_asymptotic_theory/landscape_db/activation_pilot_scaling_v1/maps/t128_s18.json,Activation-aware Q1 only; unselected nested chain; nearest binary64; no full-distance claim.
"extended BCH [32,16,8] exact",fixed,32,16,24,16777216,33554432,1048576,3355443,128,18,8192,-0.22468430039102466,8,-11.5,0,32,4,64,nested-0fa90bd15a210940,workstreams/finite_asymptotic_theory/landscape_db/activation_pilot_scaling_v1/maps/t128_s18.json,Activation-aware Q1 only; unselected nested chain; nearest binary64; no full-distance claim.
"extended BCH [128,64,22] exact",fixed,128,64,24,16777216,33554432,262144,3355443,128,18,2048,28.432357882437895,22,-11.2,0,32,4,64,nested-0fa90bd15a210940,workstreams/finite_asymptotic_theory/landscape_db/activation_pilot_scaling_v1/maps/t128_s18.json,Activation-aware Q1 only; unselected nested chain; nearest binary64; no full-distance claim.
"Philips shortened-XBCH [64,32,12] exact",fixed,64,32,24,16777216,33554432,524288,3355443,128,18,4096,6.069830101704663,12,-11.7,0,32,4,64,nested-0fa90bd15a210940,workstreams/finite_asymptotic_theory/landscape_db/activation_pilot_scaling_v1/maps/t128_s18.json,Activation-aware Q1 only; unselected nested chain; nearest binary64; no full-distance claim.
"RM(1,3) [8,4,4] exact",fixed,8,4,24,16777216,33554432,4194304,3355443,128,18,32768,-5.523410541550666,4,-12.0,1,32,4,64,nested-0fa90bd15a210940,workstreams/finite_asymptotic_theory/landscape_db/activation_pilot_scaling_v1/maps/t128_s18.json,Activation-aware Q1 only; unselected nested chain; nearest binary64; no full-distance claim.
"RM(2,5) [32,16,8] exact",fixed,32,16,24,16777216,33554432,1048576,3355443,128,18,8192,-0.22468430039102466,8,-11.5,0,32,4,64,nested-0fa90bd15a210940,workstreams/finite_asymptotic_theory/landscape_db/activation_pilot_scaling_v1/maps/t128_s18.json,Activation-aware Q1 only; unselected nested chain; nearest binary64; no full-distance claim.
"RM(3,7) [128,64,16] exact",fixed,128,64,24,16777216,33554432,262144,3355443,128,18,2048,6.3128123273924235,16,-11.8,0,32,4,64,nested-0fa90bd15a210940,workstreams/finite_asymptotic_theory/landscape_db/activation_pilot_scaling_v1/maps/t128_s18.json,Activation-aware Q1 only; unselected nested chain; nearest binary64; no full-distance claim.
"RM(4,9) [512,256,32] exact",fixed,512,256,24,16777216,33554432,65536,3355443,128,18,512,34.88952125775066,32,-11.4,0,32,4,64,nested-0fa90bd15a210940,workstreams/finite_asymptotic_theory/landscape_db/activation_pilot_scaling_v1/maps/t128_s18.json,Activation-aware Q1 only; unselected nested chain; nearest binary64; no full-distance claim.
"random full-rank [64,32] reused",random-ensemble-average,64,32,24,16777216,33554432,524288,3355443,128,18,4096,-8.882582536349682,5,-12.0,1,32,4,64,nested-0fa90bd15a210940,workstreams/finite_asymptotic_theory/landscape_db/activation_pilot_scaling_v1/maps/t128_s18.json,Activation-aware Q1 only; unselected nested chain; nearest binary64; no full-distance claim.
"random full-rank [128,64] reused",random-ensemble-average,128,64,24,16777216,33554432,262144,3355443,128,18,2048,14.853938472015097,6,-12.0,1,32,4,64,nested-0fa90bd15a210940,workstreams/finite_asymptotic_theory/landscape_db/activation_pilot_scaling_v1/maps/t128_s18.json,Activation-aware Q1 only; unselected nested chain; nearest binary64; no full-distance claim.
"random full-rank [512,256] reused",random-ensemble-average,512,256,24,16777216,33554432,65536,3355443,128,18,512,132.96318770799442,52,-10.7,0,32,4,64,nested-0fa90bd15a210940,workstreams/finite_asymptotic_theory/landscape_db/activation_pilot_scaling_v1/maps/t128_s18.json,Activation-aware Q1 only; unselected nested chain; nearest binary64; no full-distance claim.
"extended BCH [8,4,4] exact",fixed,8,4,18,262144,524288,65536,52428,128,19,512,3.619072523270267,4,-8.3,0,32,4,32,nested-3e4b4e228ad72a81,workstreams/finite_asymptotic_theory/landscape_db/activation_pilot_scaling_v1/maps/t128_s19.json,Activation-aware Q1 only; unselected nested chain; nearest binary64; no full-distance claim.
"extended BCH [32,16,8] exact",fixed,32,16,18,262144,524288,16384,52428,128,19,128,6.466896561814747,8,-7.3,0,32,4,32,nested-3e4b4e228ad72a81,workstreams/finite_asymptotic_theory/landscape_db/activation_pilot_scaling_v1/maps/t128_s19.json,Activation-aware Q1 only; unselected nested chain; nearest binary64; no full-distance claim.
"extended BCH [128,64,22] exact",fixed,128,64,18,262144,524288,4096,52428,128,19,32,34.65101481278154,22,-7.0,0,32,4,32,nested-3e4b4e228ad72a81,workstreams/finite_asymptotic_theory/landscape_db/activation_pilot_scaling_v1/maps/t128_s19.json,Activation-aware Q1 only; unselected nested chain; nearest binary64; no full-distance claim.
"Philips shortened-XBCH [64,32,12] exact",fixed,64,32,18,262144,524288,8192,52428,128,19,64,12.319095983431163,12,-7.5,0,32,4,32,nested-3e4b4e228ad72a81,workstreams/finite_asymptotic_theory/landscape_db/activation_pilot_scaling_v1/maps/t128_s19.json,Activation-aware Q1 only; unselected nested chain; nearest binary64; no full-distance claim.
"RM(1,3) [8,4,4] exact",fixed,8,4,18,262144,524288,65536,52428,128,19,512,3.619072523270267,4,-8.3,0,32,4,32,nested-3e4b4e228ad72a81,workstreams/finite_asymptotic_theory/landscape_db/activation_pilot_scaling_v1/maps/t128_s19.json,Activation-aware Q1 only; unselected nested chain; nearest binary64; no full-distance claim.
"RM(2,5) [32,16,8] exact",fixed,32,16,18,262144,524288,16384,52428,128,19,128,6.466896561814747,8,-7.3,0,32,4,32,nested-3e4b4e228ad72a81,workstreams/finite_asymptotic_theory/landscape_db/activation_pilot_scaling_v1/maps/t128_s19.json,Activation-aware Q1 only; unselected nested chain; nearest binary64; no full-distance claim.
"RM(3,7) [128,64,16] exact",fixed,128,64,18,262144,524288,4096,52428,128,19,32,12.570993313298416,16,-7.7,0,32,4,32,nested-3e4b4e228ad72a81,workstreams/finite_asymptotic_theory/landscape_db/activation_pilot_scaling_v1/maps/t128_s19.json,Activation-aware Q1 only; unselected nested chain; nearest binary64; no full-distance claim.
"RM(4,9) [512,256,32] exact",fixed,512,256,18,262144,524288,1024,52428,128,19,8,41.107152536850165,32,-7.2,0,32,4,32,nested-3e4b4e228ad72a81,workstreams/finite_asymptotic_theory/landscape_db/activation_pilot_scaling_v1/maps/t128_s19.json,Activation-aware Q1 only; unselected nested chain; nearest binary64; no full-distance claim.
"random full-rank [64,32] reused",random-ensemble-average,64,32,18,262144,524288,8192,52428,128,19,64,3.4766231504938943,7,-8.6,0,32,4,32,nested-3e4b4e228ad72a81,workstreams/finite_asymptotic_theory/landscape_db/activation_pilot_scaling_v1/maps/t128_s19.json,Activation-aware Q1 only; unselected nested chain; nearest binary64; no full-distance claim.
"random full-rank [128,64] reused",random-ensemble-average,128,64,18,262144,524288,4096,52428,128,19,32,23.159297687992613,13,-8.0,0,32,4,32,nested-3e4b4e228ad72a81,workstreams/finite_asymptotic_theory/landscape_db/activation_pilot_scaling_v1/maps/t128_s19.json,Activation-aware Q1 only; unselected nested chain; nearest binary64; no full-distance claim.
"random full-rank [512,256] reused",random-ensemble-average,512,256,18,262144,524288,1024,52428,128,19,8,139.15160223275439,50,-6.7,0,32,4,32,nested-3e4b4e228ad72a81,workstreams/finite_asymptotic_theory/landscape_db/activation_pilot_scaling_v1/maps/t128_s19.json,Activation-aware Q1 only; unselected nested chain; nearest binary64; no full-distance claim.
"extended BCH [8,4,4] exact",fixed,8,4,22,4194304,8388608,1048576,838860,128,19,8192,-0.36541852991026363,4,-11.0,0,32,4,32,nested-3e4b4e228ad72a81,workstreams/finite_asymptotic_theory/landscape_db/activation_pilot_scaling_v1/maps/t128_s19.json,Activation-aware Q1 only; unselected nested chain; nearest binary64; no full-distance claim.
"extended BCH [32,16,8] exact",fixed,32,16,22,4194304,8388608,262144,838860,128,19,2048,2.470780512524713,8,-10.1,0,32,4,32,nested-3e4b4e228ad72a81,workstreams/finite_asymptotic_theory/landscape_db/activation_pilot_scaling_v1/maps/t128_s19.json,Activation-aware Q1 only; unselected nested chain; nearest binary64; no full-distance claim.
"extended BCH [128,64,22] exact",fixed,128,64,22,4194304,8388608,65536,838860,128,19,512,30.72121041487227,22,-9.8,0,32,4,32,nested-3e4b4e228ad72a81,workstreams/finite_asymptotic_theory/landscape_db/activation_pilot_scaling_v1/maps/t128_s19.json,Activation-aware Q1 only; unselected nested chain; nearest binary64; no full-distance claim.
"Philips shortened-XBCH [64,32,12] exact",fixed,64,32,22,4194304,8388608,131072,838860,128,19,1024,8.342765839498929,12,-10.3,0,32,4,32,nested-3e4b4e228ad72a81,workstreams/finite_asymptotic_theory/landscape_db/activation_pilot_scaling_v1/maps/t128_s19.json,Activation-aware Q1 only; unselected nested chain; nearest binary64; no full-distance claim.
"RM(1,3) [8,4,4] exact",fixed,8,4,22,4194304,8388608,1048576,838860,128,19,8192,-0.36541852991026363,4,-11.0,0,32,4,32,nested-3e4b4e228ad72a81,workstreams/finite_asymptotic_theory/landscape_db/activation_pilot_scaling_v1/maps/t128_s19.json,Activation-aware Q1 only; unselected nested chain; nearest binary64; no full-distance claim.
"RM(2,5) [32,16,8] exact",fixed,32,16,22,4194304,8388608,262144,838860,128,19,2048,2.470780512524713,8,-10.1,0,32,4,32,nested-3e4b4e228ad72a81,workstreams/finite_asymptotic_theory/landscape_db/activation_pilot_scaling_v1/maps/t128_s19.json,Activation-aware Q1 only; unselected nested chain; nearest binary64; no full-distance claim.
"RM(3,7) [128,64,16] exact",fixed,128,64,22,4194304,8388608,65536,838860,128,19,512,8.55960704897716,16,-10.5,0,32,4,32,nested-3e4b4e228ad72a81,workstreams/finite_asymptotic_theory/landscape_db/activation_pilot_scaling_v1/maps/t128_s19.json,Activation-aware Q1 only; unselected nested chain; nearest binary64; no full-distance claim.
"RM(4,9) [512,256,32] exact",fixed,512,256,22,4194304,8388608,16384,838860,128,19,128,37.16250421192084,32,-10.0,0,32,4,32,nested-3e4b4e228ad72a81,workstreams/finite_asymptotic_theory/landscape_db/activation_pilot_scaling_v1/maps/t128_s19.json,Activation-aware Q1 only; unselected nested chain; nearest binary64; no full-distance claim.
"random full-rank [64,32] reused",random-ensemble-average,64,32,22,4194304,8388608,131072,838860,128,19,1024,-0.5783004910055245,7,-11.4,0,32,4,32,nested-3e4b4e228ad72a81,workstreams/finite_asymptotic_theory/landscape_db/activation_pilot_scaling_v1/maps/t128_s19.json,Activation-aware Q1 only; unselected nested chain; nearest binary64; no full-distance claim.
"random full-rank [128,64] reused",random-ensemble-average,128,64,22,4194304,8388608,65536,838860,128,19,512,19.1497330312756,13,-10.8,0,32,4,32,nested-3e4b4e228ad72a81,workstreams/finite_asymptotic_theory/landscape_db/activation_pilot_scaling_v1/maps/t128_s19.json,Activation-aware Q1 only; unselected nested chain; nearest binary64; no full-distance claim.
"random full-rank [512,256] reused",random-ensemble-average,512,256,22,4194304,8388608,16384,838860,128,19,128,135.26826460878382,52,-9.4,0,32,4,32,nested-3e4b4e228ad72a81,workstreams/finite_asymptotic_theory/landscape_db/activation_pilot_scaling_v1/maps/t128_s19.json,Activation-aware Q1 only; unselected nested chain; nearest binary64; no full-distance claim.
"extended BCH [8,4,4] exact",fixed,8,4,24,16777216,33554432,4194304,3355443,128,19,32768,-4.317526110823952,4,-12.0,1,32,4,32,nested-3e4b4e228ad72a81,workstreams/finite_asymptotic_theory/landscape_db/activation_pilot_scaling_v1/maps/t128_s19.json,Activation-aware Q1 only; unselected nested chain; nearest binary64; no full-distance claim.
"extended BCH [32,16,8] exact",fixed,32,16,24,16777216,33554432,1048576,3355443,128,19,8192,0.38212112269416204,8,-11.4,0,32,4,32,nested-3e4b4e228ad72a81,workstreams/finite_asymptotic_theory/landscape_db/activation_pilot_scaling_v1/maps/t128_s19.json,Activation-aware Q1 only; unselected nested chain; nearest binary64; no full-distance claim.
"extended BCH [128,64,22] exact",fixed,128,64,24,16777216,33554432,262144,3355443,128,19,2048,28.615213296754778,22,-11.2,0,32,4,32,nested-3e4b4e228ad72a81,workstreams/finite_asymptotic_theory/landscape_db/activation_pilot_scaling_v1/maps/t128_s19.json,Activation-aware Q1 only; unselected nested chain; nearest binary64; no full-distance claim.
"Philips shortened-XBCH [64,32,12] exact",fixed,64,32,24,16777216,33554432,524288,3355443,128,19,4096,6.235910890130957,12,-11.7,0,32,4,32,nested-3e4b4e228ad72a81,workstreams/finite_asymptotic_theory/landscape_db/activation_pilot_scaling_v1/maps/t128_s19.json,Activation-aware Q1 only; unselected nested chain; nearest binary64; no full-distance claim.
"RM(1,3) [8,4,4] exact",fixed,8,4,24,16777216,33554432,4194304,3355443,128,19,32768,-4.317526110823952,4,-12.0,1,32,4,32,nested-3e4b4e228ad72a81,workstreams/finite_asymptotic_theory/landscape_db/activation_pilot_scaling_v1/maps/t128_s19.json,Activation-aware Q1 only; unselected nested chain; nearest binary64; no full-distance claim.
"RM(2,5) [32,16,8] exact",fixed,32,16,24,16777216,33554432,1048576,3355443,128,19,8192,0.38212112269416204,8,-11.4,0,32,4,32,nested-3e4b4e228ad72a81,workstreams/finite_asymptotic_theory/landscape_db/activation_pilot_scaling_v1/maps/t128_s19.json,Activation-aware Q1 only; unselected nested chain; nearest binary64; no full-distance claim.
"RM(3,7) [128,64,16] exact",fixed,128,64,24,16777216,33554432,262144,3355443,128,19,2048,6.461382947633963,16,-11.8,0,32,4,32,nested-3e4b4e228ad72a81,workstreams/finite_asymptotic_theory/landscape_db/activation_pilot_scaling_v1/maps/t128_s19.json,Activation-aware Q1 only; unselected nested chain; nearest binary64; no full-distance claim.
"RM(4,9) [512,256,32] exact",fixed,512,256,24,16777216,33554432,65536,3355443,128,19,512,35.05128799634752,32,-11.4,0,32,4,32,nested-3e4b4e228ad72a81,workstreams/finite_asymptotic_theory/landscape_db/activation_pilot_scaling_v1/maps/t128_s19.json,Activation-aware Q1 only; unselected nested chain; nearest binary64; no full-distance claim.
"random full-rank [64,32] reused",random-ensemble-average,64,32,24,16777216,33554432,524288,3355443,128,19,4096,-8.824157429125785,5,-12.0,1,32,4,32,nested-3e4b4e228ad72a81,workstreams/finite_asymptotic_theory/landscape_db/activation_pilot_scaling_v1/maps/t128_s19.json,Activation-aware Q1 only; unselected nested chain; nearest binary64; no full-distance claim.
"random full-rank [128,64] reused",random-ensemble-average,128,64,24,16777216,33554432,262144,3355443,128,19,2048,14.936425223143077,6,-12.0,1,32,4,32,nested-3e4b4e228ad72a81,workstreams/finite_asymptotic_theory/landscape_db/activation_pilot_scaling_v1/maps/t128_s19.json,Activation-aware Q1 only; unselected nested chain; nearest binary64; no full-distance claim.
"random full-rank [512,256] reused",random-ensemble-average,512,256,24,16777216,33554432,65536,3355443,128,19,512,133.16716215887882,52,-10.7,0,32,4,32,nested-3e4b4e228ad72a81,workstreams/finite_asymptotic_theory/landscape_db/activation_pilot_scaling_v1/maps/t128_s19.json,Activation-aware Q1 only; unselected nested chain; nearest binary64; no full-distance claim.
"extended BCH [8,4,4] exact",fixed,8,4,18,262144,524288,65536,52428,128,20,512,4.503638958139742,4,-8.2,0,32,6,0,nested-62749ddc503cd376,workstreams/finite_asymptotic_theory/landscape_db/activation_pilot_scaling_v1/maps/t128_s20.json,Activation-aware Q1 only; unselected nested chain; nearest binary64; no full-distance claim.
"extended BCH [32,16,8] exact",fixed,32,16,18,262144,524288,16384,52428,128,20,128,6.935595015248753,8,-7.2,0,32,6,0,nested-62749ddc503cd376,workstreams/finite_asymptotic_theory/landscape_db/activation_pilot_scaling_v1/maps/t128_s20.json,Activation-aware Q1 only; unselected nested chain; nearest binary64; no full-distance claim.
"extended BCH [128,64,22] exact",fixed,128,64,18,262144,524288,4096,52428,128,20,32,34.674121475755875,22,-7.0,0,32,6,0,nested-62749ddc503cd376,workstreams/finite_asymptotic_theory/landscape_db/activation_pilot_scaling_v1/maps/t128_s20.json,Activation-aware Q1 only; unselected nested chain; nearest binary64; no full-distance claim.
"Philips shortened-XBCH [64,32,12] exact",fixed,64,32,18,262144,524288,8192,52428,128,20,64,12.332120876762382,12,-7.5,0,32,6,0,nested-62749ddc503cd376,workstreams/finite_asymptotic_theory/landscape_db/activation_pilot_scaling_v1/maps/t128_s20.json,Activation-aware Q1 only; unselected nested chain; nearest binary64; no full-distance claim.
"RM(1,3) [8,4,4] exact",fixed,8,4,18,262144,524288,65536,52428,128,20,512,4.503638958139742,4,-8.2,0,32,6,0,nested-62749ddc503cd376,workstreams/finite_asymptotic_theory/landscape_db/activation_pilot_scaling_v1/maps/t128_s20.json,Activation-aware Q1 only; unselected nested chain; nearest binary64; no full-distance claim.
"RM(2,5) [32,16,8] exact",fixed,32,16,18,262144,524288,16384,52428,128,20,128,6.935595015248753,8,-7.2,0,32,6,0,nested-62749ddc503cd376,workstreams/finite_asymptotic_theory/landscape_db/activation_pilot_scaling_v1/maps/t128_s20.json,Activation-aware Q1 only; unselected nested chain; nearest binary64; no full-distance claim.
"RM(3,7) [128,64,16] exact",fixed,128,64,18,262144,524288,4096,52428,128,20,32,12.575535303889527,16,-7.7,0,32,6,0,nested-62749ddc503cd376,workstreams/finite_asymptotic_theory/landscape_db/activation_pilot_scaling_v1/maps/t128_s20.json,Activation-aware Q1 only; unselected nested chain; nearest binary64; no full-distance claim.
"RM(4,9) [512,256,32] exact",fixed,512,256,18,262144,524288,1024,52428,128,20,8,41.116620399684635,32,-7.2,0,32,6,0,nested-62749ddc503cd376,workstreams/finite_asymptotic_theory/landscape_db/activation_pilot_scaling_v1/maps/t128_s20.json,Activation-aware Q1 only; unselected nested chain; nearest binary64; no full-distance claim.
"random full-rank [64,32] reused",random-ensemble-average,64,32,18,262144,524288,8192,52428,128,20,64,3.478336191773169,7,-8.6,0,32,6,0,nested-62749ddc503cd376,workstreams/finite_asymptotic_theory/landscape_db/activation_pilot_scaling_v1/maps/t128_s20.json,Activation-aware Q1 only; unselected nested chain; nearest binary64; no full-distance claim.
"random full-rank [128,64] reused",random-ensemble-average,128,64,18,262144,524288,4096,52428,128,20,32,23.1624855739272,13,-8.0,0,32,6,0,nested-62749ddc503cd376,workstreams/finite_asymptotic_theory/landscape_db/activation_pilot_scaling_v1/maps/t128_s20.json,Activation-aware Q1 only; unselected nested chain; nearest binary64; no full-distance claim.
"random full-rank [512,256] reused",random-ensemble-average,512,256,18,262144,524288,1024,52428,128,20,8,139.18418169305266,50,-6.6,0,32,6,0,nested-62749ddc503cd376,workstreams/finite_asymptotic_theory/landscape_db/activation_pilot_scaling_v1/maps/t128_s20.json,Activation-aware Q1 only; unselected nested chain; nearest binary64; no full-distance claim.
"extended BCH [8,4,4] exact",fixed,8,4,22,4194304,8388608,1048576,838860,128,20,8192,0.5263969184118191,4,-11.0,0,32,6,0,nested-62749ddc503cd376,workstreams/finite_asymptotic_theory/landscape_db/activation_pilot_scaling_v1/maps/t128_s20.json,Activation-aware Q1 only; unselected nested chain; nearest binary64; no full-distance claim.
"extended BCH [32,16,8] exact",fixed,32,16,22,4194304,8388608,262144,838860,128,20,2048,3.007277093933278,8,-10.0,0,32,6,0,nested-62749ddc503cd376,workstreams/finite_asymptotic_theory/landscape_db/activation_pilot_scaling_v1/maps/t128_s20.json,Activation-aware Q1 only; unselected nested chain; nearest binary64; no full-distance claim.
"extended BCH [128,64,22] exact",fixed,128,64,22,4194304,8388608,65536,838860,128,20,512,30.75931732652414,22,-9.8,0,32,6,0,nested-62749ddc503cd376,workstreams/finite_asymptotic_theory/landscape_db/activation_pilot_scaling_v1/maps/t128_s20.json,Activation-aware Q1 only; unselected nested chain; nearest binary64; no full-distance claim.
"Philips shortened-XBCH [64,32,12] exact",fixed,64,32,22,4194304,8388608,131072,838860,128,20,1024,8.372581302864269,12,-10.3,0,32,6,0,nested-62749ddc503cd376,workstreams/finite_asymptotic_theory/landscape_db/activation_pilot_scaling_v1/maps/t128_s20.json,Activation-aware Q1 only; unselected nested chain; nearest binary64; no full-distance claim.
"RM(1,3) [8,4,4] exact",fixed,8,4,22,4194304,8388608,1048576,838860,128,20,8192,0.5263969184118191,4,-11.0,0,32,6,0,nested-62749ddc503cd376,workstreams/finite_asymptotic_theory/landscape_db/activation_pilot_scaling_v1/maps/t128_s20.json,Activation-aware Q1 only; unselected nested chain; nearest binary64; no full-distance claim.
"RM(2,5) [32,16,8] exact",fixed,32,16,22,4194304,8388608,262144,838860,128,20,2048,3.007277093933278,8,-10.0,0,32,6,0,nested-62749ddc503cd376,workstreams/finite_asymptotic_theory/landscape_db/activation_pilot_scaling_v1/maps/t128_s20.json,Activation-aware Q1 only; unselected nested chain; nearest binary64; no full-distance claim.
"RM(3,7) [128,64,16] exact",fixed,128,64,22,4194304,8388608,65536,838860,128,20,512,8.581366357050058,16,-10.5,0,32,6,0,nested-62749ddc503cd376,workstreams/finite_asymptotic_theory/landscape_db/activation_pilot_scaling_v1/maps/t128_s20.json,Activation-aware Q1 only; unselected nested chain; nearest binary64; no full-distance claim.
"RM(4,9) [512,256,32] exact",fixed,512,256,22,4194304,8388608,16384,838860,128,20,128,37.18843918875511,32,-10.0,0,32,6,0,nested-62749ddc503cd376,workstreams/finite_asymptotic_theory/landscape_db/activation_pilot_scaling_v1/maps/t128_s20.json,Activation-aware Q1 only; unselected nested chain; nearest binary64; no full-distance claim.
"random full-rank [64,32] reused",random-ensemble-average,64,32,22,4194304,8388608,131072,838860,128,20,1024,-0.5602644242790721,7,-11.4,0,32,6,0,nested-62749ddc503cd376,workstreams/finite_asymptotic_theory/landscape_db/activation_pilot_scaling_v1/maps/t128_s20.json,Activation-aware Q1 only; unselected nested chain; nearest binary64; no full-distance claim.
"random full-rank [128,64] reused",random-ensemble-average,128,64,22,4194304,8388608,65536,838860,128,20,512,19.170038399973883,13,-10.8,0,32,6,0,nested-62749ddc503cd376,workstreams/finite_asymptotic_theory/landscape_db/activation_pilot_scaling_v1/maps/t128_s20.json,Activation-aware Q1 only; unselected nested chain; nearest binary64; no full-distance claim.
"random full-rank [512,256] reused",random-ensemble-average,512,256,22,4194304,8388608,16384,838860,128,20,128,135.3167342710684,52,-9.4,0,32,6,0,nested-62749ddc503cd376,workstreams/finite_asymptotic_theory/landscape_db/activation_pilot_scaling_v1/maps/t128_s20.json,Activation-aware Q1 only; unselected nested chain; nearest binary64; no full-distance claim.
"extended BCH [8,4,4] exact",fixed,8,4,24,16777216,33554432,4194304,3355443,128,20,32768,-3.2075248971514996,4,-12.0,1,32,6,0,nested-62749ddc503cd376,workstreams/finite_asymptotic_theory/landscape_db/activation_pilot_scaling_v1/maps/t128_s20.json,Activation-aware Q1 only; unselected nested chain; nearest binary64; no full-distance claim.
"extended BCH [32,16,8] exact",fixed,32,16,24,16777216,33554432,1048576,3355443,128,20,8192,0.9422994521961632,8,-11.4,0,32,6,0,nested-62749ddc503cd376,workstreams/finite_asymptotic_theory/landscape_db/activation_pilot_scaling_v1/maps/t128_s20.json,Activation-aware Q1 only; unselected nested chain; nearest binary64; no full-distance claim.
"extended BCH [128,64,22] exact",fixed,128,64,24,16777216,33554432,262144,3355443,128,20,2048,28.70696998367611,22,-11.2,0,32,6,0,nested-62749ddc503cd376,workstreams/finite_asymptotic_theory/landscape_db/activation_pilot_scaling_v1/maps/t128_s20.json,Activation-aware Q1 only; unselected nested chain; nearest binary64; no full-distance claim.
"Philips shortened-XBCH [64,32,12] exact",fixed,64,32,24,16777216,33554432,524288,3355443,128,20,4096,6.319703265112701,12,-11.7,0,32,6,0,nested-62749ddc503cd376,workstreams/finite_asymptotic_theory/landscape_db/activation_pilot_scaling_v1/maps/t128_s20.json,Activation-aware Q1 only; unselected nested chain; nearest binary64; no full-distance claim.
"RM(1,3) [8,4,4] exact",fixed,8,4,24,16777216,33554432,4194304,3355443,128,20,32768,-3.2075248971514996,4,-12.0,1,32,6,0,nested-62749ddc503cd376,workstreams/finite_asymptotic_theory/landscape_db/activation_pilot_scaling_v1/maps/t128_s20.json,Activation-aware Q1 only; unselected nested chain; nearest binary64; no full-distance claim.
"RM(2,5) [32,16,8] exact",fixed,32,16,24,16777216,33554432,1048576,3355443,128,20,8192,0.9422994521961632,8,-11.4,0,32,6,0,nested-62749ddc503cd376,workstreams/finite_asymptotic_theory/landscape_db/activation_pilot_scaling_v1/maps/t128_s20.json,Activation-aware Q1 only; unselected nested chain; nearest binary64; no full-distance claim.
"RM(3,7) [128,64,16] exact",fixed,128,64,24,16777216,33554432,262144,3355443,128,20,2048,6.535589575733278,16,-11.8,0,32,6,0,nested-62749ddc503cd376,workstreams/finite_asymptotic_theory/landscape_db/activation_pilot_scaling_v1/maps/t128_s20.json,Activation-aware Q1 only; unselected nested chain; nearest binary64; no full-distance claim.
"RM(4,9) [512,256,32] exact",fixed,512,256,24,16777216,33554432,65536,3355443,128,20,512,35.13212602654234,32,-11.4,0,32,6,0,nested-62749ddc503cd376,workstreams/finite_asymptotic_theory/landscape_db/activation_pilot_scaling_v1/maps/t128_s20.json,Activation-aware Q1 only; unselected nested chain; nearest binary64; no full-distance claim.
"random full-rank [64,32] reused",random-ensemble-average,64,32,24,16777216,33554432,524288,3355443,128,20,4096,-8.795187087530774,5,-12.0,1,32,6,0,nested-62749ddc503cd376,workstreams/finite_asymptotic_theory/landscape_db/activation_pilot_scaling_v1/maps/t128_s20.json,Activation-aware Q1 only; unselected nested chain; nearest binary64; no full-distance claim.
"random full-rank [128,64] reused",random-ensemble-average,128,64,24,16777216,33554432,262144,3355443,128,20,2048,14.977157471137653,6,-12.0,1,32,6,0,nested-62749ddc503cd376,workstreams/finite_asymptotic_theory/landscape_db/activation_pilot_scaling_v1/maps/t128_s20.json,Activation-aware Q1 only; unselected nested chain; nearest binary64; no full-distance claim.
"random full-rank [512,256] reused",random-ensemble-average,512,256,24,16777216,33554432,65536,3355443,128,20,512,133.26964911267916,52,-10.7,0,32,6,0,nested-62749ddc503cd376,workstreams/finite_asymptotic_theory/landscape_db/activation_pilot_scaling_v1/maps/t128_s20.json,Activation-aware Q1 only; unselected nested chain; nearest binary64; no full-distance claim.
"extended BCH [8,4,4] exact",fixed,8,4,18,262144,524288,65536,52428,256,14,256,-0.8111468397864936,4,-8.5,0,96,4,21696,nested-84a8b7b86c79194a,workstreams/finite_asymptotic_theory/landscape_db/activation_pilot_scaling_v1/maps/t256_s14.json,Activation-aware Q1 only; unselected nested chain; nearest binary64; no full-distance claim.
"extended BCH [32,16,8] exact",fixed,32,16,18,262144,524288,16384,52428,256,14,64,3.6526911898189285,8,-7.7,0,96,4,21696,nested-84a8b7b86c79194a,workstreams/finite_asymptotic_theory/landscape_db/activation_pilot_scaling_v1/maps/t256_s14.json,Activation-aware Q1 only; unselected nested chain; nearest binary64; no full-distance claim.
"extended BCH [128,64,22] exact",fixed,128,64,18,262144,524288,4096,52428,256,14,16,33.65977454016694,22,-7.1,0,96,4,21696,nested-84a8b7b86c79194a,workstreams/finite_asymptotic_theory/landscape_db/activation_pilot_scaling_v1/maps/t256_s14.json,Activation-aware Q1 only; unselected nested chain; nearest binary64; no full-distance claim.
"Philips shortened-XBCH [64,32,12] exact",fixed,64,32,18,262144,524288,8192,52428,256,14,32,11.778962372444003,12,-7.6,0,96,4,21696,nested-84a8b7b86c79194a,workstreams/finite_asymptotic_theory/landscape_db/activation_pilot_scaling_v1/maps/t256_s14.json,Activation-aware Q1 only; unselected nested chain; nearest binary64; no full-distance claim.
"RM(1,3) [8,4,4] exact",fixed,8,4,18,262144,524288,65536,52428,256,14,256,-0.8111468397864936,4,-8.5,0,96,4,21696,nested-84a8b7b86c79194a,workstreams/finite_asymptotic_theory/landscape_db/activation_pilot_scaling_v1/maps/t256_s14.json,Activation-aware Q1 only; unselected nested chain; nearest binary64; no full-distance claim.
"RM(2,5) [32,16,8] exact",fixed,32,16,18,262144,524288,16384,52428,256,14,64,3.6526911898189285,8,-7.7,0,96,4,21696,nested-84a8b7b86c79194a,workstreams/finite_asymptotic_theory/landscape_db/activation_pilot_scaling_v1/maps/t256_s14.json,Activation-aware Q1 only; unselected nested chain; nearest binary64; no full-distance claim.
"RM(3,7) [128,64,16] exact",fixed,128,64,18,262144,524288,4096,52428,256,14,16,12.314404137954904,16,-7.7,0,96,4,21696,nested-84a8b7b86c79194a,workstreams/finite_asymptotic_theory/landscape_db/activation_pilot_scaling_v1/maps/t256_s14.json,Activation-aware Q1 only; unselected nested chain; nearest binary64; no full-distance claim.
"RM(4,9) [512,256,32] exact",fixed,512,256,18,262144,524288,1024,52428,256,14,4,40.56682669516739,32,-7.2,0,96,4,21696,nested-84a8b7b86c79194a,workstreams/finite_asymptotic_theory/landscape_db/activation_pilot_scaling_v1/maps/t256_s14.json,Activation-aware Q1 only; unselected nested chain; nearest binary64; no full-distance claim.
"random full-rank [64,32] reused",random-ensemble-average,64,32,18,262144,524288,8192,52428,256,14,32,3.3984434720763366,7,-8.6,0,96,4,21696,nested-84a8b7b86c79194a,workstreams/finite_asymptotic_theory/landscape_db/activation_pilot_scaling_v1/maps/t256_s14.json,Activation-aware Q1 only; unselected nested chain; nearest binary64; no full-distance claim.
"random full-rank [128,64] reused",random-ensemble-average,128,64,18,262144,524288,4096,52428,256,14,16,22.984456152362753,13,-8.0,0,96,4,21696,nested-84a8b7b86c79194a,workstreams/finite_asymptotic_theory/landscape_db/activation_pilot_scaling_v1/maps/t256_s14.json,Activation-aware Q1 only; unselected nested chain; nearest binary64; no full-distance claim.
"random full-rank [512,256] reused",random-ensemble-average,512,256,18,262144,524288,1024,52428,256,14,4,137.5459609015104,54,-6.6,0,96,4,21696,nested-84a8b7b86c79194a,workstreams/finite_asymptotic_theory/landscape_db/activation_pilot_scaling_v1/maps/t256_s14.json,Activation-aware Q1 only; unselected nested chain; nearest binary64; no full-distance claim.
"extended BCH [8,4,4] exact",fixed,8,4,22,4194304,8388608,1048576,838860,256,14,4096,-5.324428464632992,4,-11.2,0,96,4,21696,nested-84a8b7b86c79194a,workstreams/finite_asymptotic_theory/landscape_db/activation_pilot_scaling_v1/maps/t256_s14.json,Activation-aware Q1 only; unselected nested chain; nearest binary64; no full-distance claim.
"extended BCH [32,16,8] exact",fixed,32,16,22,4194304,8388608,262144,838860,256,14,1024,-0.828768984848601,8,-10.4,0,96,4,21696,nested-84a8b7b86c79194a,workstreams/finite_asymptotic_theory/landscape_db/activation_pilot_scaling_v1/maps/t256_s14.json,Activation-aware Q1 only; unselected nested chain; nearest binary64; no full-distance claim.
"extended BCH [128,64,22] exact",fixed,128,64,22,4194304,8388608,65536,838860,256,14,256,29.23883473044889,22,-9.9,0,96,4,21696,nested-84a8b7b86c79194a,workstreams/finite_asymptotic_theory/landscape_db/activation_pilot_scaling_v1/maps/t256_s14.json,Activation-aware Q1 only; unselected nested chain; nearest binary64; no full-distance claim.
"Philips shortened-XBCH [64,32,12] exact",fixed,64,32,22,4194304,8388608,131072,838860,256,14,512,7.307531690621895,12,-10.4,0,96,4,21696,nested-84a8b7b86c79194a,workstreams/finite_asymptotic_theory/landscape_db/activation_pilot_scaling_v1/maps/t256_s14.json,Activation-aware Q1 only; unselected nested chain; nearest binary64; no full-distance claim.
"RM(1,3) [8,4,4] exact",fixed,8,4,22,4194304,8388608,1048576,838860,256,14,4096,-5.324428464632992,4,-11.2,0,96,4,21696,nested-84a8b7b86c79194a,workstreams/finite_asymptotic_theory/landscape_db/activation_pilot_scaling_v1/maps/t256_s14.json,Activation-aware Q1 only; unselected nested chain; nearest binary64; no full-distance claim.
"RM(2,5) [32,16,8] exact",fixed,32,16,22,4194304,8388608,262144,838860,256,14,1024,-0.828768984848601,8,-10.4,0,96,4,21696,nested-84a8b7b86c79194a,workstreams/finite_asymptotic_theory/landscape_db/activation_pilot_scaling_v1/maps/t256_s14.json,Activation-aware Q1 only; unselected nested chain; nearest binary64; no full-distance claim.
"RM(3,7) [128,64,16] exact",fixed,128,64,22,4194304,8388608,65536,838860,256,14,256,7.8134675757553085,16,-10.5,0,96,4,21696,nested-84a8b7b86c79194a,workstreams/finite_asymptotic_theory/landscape_db/activation_pilot_scaling_v1/maps/t256_s14.json,Activation-aware Q1 only; unselected nested chain; nearest binary64; no full-distance claim.
"RM(4,9) [512,256,32] exact",fixed,512,256,22,4194304,8388608,16384,838860,256,14,64,36.17356947106469,32,-10.0,0,96,4,21696,nested-84a8b7b86c79194a,workstreams/finite_asymptotic_theory/landscape_db/activation_pilot_scaling_v1/maps/t256_s14.json,Activation-aware Q1 only; unselected nested chain; nearest binary64; no full-distance claim.
"random full-rank [64,32] reused",random-ensemble-average,64,32,22,4194304,8388608,131072,838860,256,14,512,-1.1458909520737206,7,-11.4,0,96,4,21696,nested-84a8b7b86c79194a,workstreams/finite_asymptotic_theory/landscape_db/activation_pilot_scaling_v1/maps/t256_s14.json,Activation-aware Q1 only; unselected nested chain; nearest binary64; no full-distance claim.
"random full-rank [128,64] reused",random-ensemble-average,128,64,22,4194304,8388608,65536,838860,256,14,256,18.47976921664494,13,-10.8,0,96,4,21696,nested-84a8b7b86c79194a,workstreams/finite_asymptotic_theory/landscape_db/activation_pilot_scaling_v1/maps/t256_s14.json,Activation-aware Q1 only; unselected nested chain; nearest binary64; no full-distance claim.
"random full-rank [512,256] reused",random-ensemble-average,512,256,22,4194304,8388608,16384,838860,256,14,64,133.25777794738363,53,-9.4,0,96,4,21696,nested-84a8b7b86c79194a,workstreams/finite_asymptotic_theory/landscape_db/activation_pilot_scaling_v1/maps/t256_s14.json,Activation-aware Q1 only; unselected nested chain; nearest binary64; no full-distance claim.
"extended BCH [8,4,4] exact",fixed,8,4,24,16777216,33554432,4194304,3355443,256,14,16384,-11.965786591143203,4,-12.0,1,96,4,21696,nested-84a8b7b86c79194a,workstreams/finite_asymptotic_theory/landscape_db/activation_pilot_scaling_v1/maps/t256_s14.json,Activation-aware Q1 only; unselected nested chain; nearest binary64; no full-distance claim.
"extended BCH [32,16,8] exact",fixed,32,16,24,16777216,33554432,1048576,3355443,256,14,4096,-4.5475387693269855,8,-11.8,0,96,4,21696,nested-84a8b7b86c79194a,workstreams/finite_asymptotic_theory/landscape_db/activation_pilot_scaling_v1/maps/t256_s14.json,Activation-aware Q1 only; unselected nested chain; nearest binary64; no full-distance claim.
"extended BCH [128,64,22] exact",fixed,128,64,24,16777216,33554432,262144,3355443,256,14,1024,25.517551693487643,22,-11.2,0,96,4,21696,nested-84a8b7b86c79194a,workstreams/finite_asymptotic_theory/landscape_db/activation_pilot_scaling_v1/maps/t256_s14.json,Activation-aware Q1 only; unselected nested chain; nearest binary64; no full-distance claim.
"Philips shortened-XBCH [64,32,12] exact",fixed,64,32,24,16777216,33554432,524288,3355443,256,14,2048,3.585545568789791,12,-11.7,0,96,4,21696,nested-84a8b7b86c79194a,workstreams/finite_asymptotic_theory/landscape_db/activation_pilot_scaling_v1/maps/t256_s14.json,Activation-aware Q1 only; unselected nested chain; nearest binary64; no full-distance claim.
"RM(1,3) [8,4,4] exact",fixed,8,4,24,16777216,33554432,4194304,3355443,256,14,16384,-11.965786591143203,4,-12.0,1,96,4,21696,nested-84a8b7b86c79194a,workstreams/finite_asymptotic_theory/landscape_db/activation_pilot_scaling_v1/maps/t256_s14.json,Activation-aware Q1 only; unselected nested chain; nearest binary64; no full-distance claim.
"RM(2,5) [32,16,8] exact",fixed,32,16,24,16777216,33554432,1048576,3355443,256,14,4096,-4.5475387693269855,8,-11.8,0,96,4,21696,nested-84a8b7b86c79194a,workstreams/finite_asymptotic_theory/landscape_db/activation_pilot_scaling_v1/maps/t256_s14.json,Activation-aware Q1 only; unselected nested chain; nearest binary64; no full-distance claim.
"RM(3,7) [128,64,16] exact",fixed,128,64,24,16777216,33554432,262144,3355443,256,14,1024,4.107819909795458,16,-11.8,0,96,4,21696,nested-84a8b7b86c79194a,workstreams/finite_asymptotic_theory/landscape_db/activation_pilot_scaling_v1/maps/t256_s14.json,Activation-aware Q1 only; unselected nested chain; nearest binary64; no full-distance claim.
"RM(4,9) [512,256,32] exact",fixed,512,256,24,16777216,33554432,65536,3355443,256,14,256,32.40184126144217,32,-11.4,0,96,4,21696,nested-84a8b7b86c79194a,workstreams/finite_asymptotic_theory/landscape_db/activation_pilot_scaling_v1/maps/t256_s14.json,Activation-aware Q1 only; unselected nested chain; nearest binary64; no full-distance claim.
"random full-rank [64,32] reused",random-ensemble-average,64,32,24,16777216,33554432,524288,3355443,256,14,2048,-9.798779463090636,5,-12.0,1,96,4,21696,nested-84a8b7b86c79194a,workstreams/finite_asymptotic_theory/landscape_db/activation_pilot_scaling_v1/maps/t256_s14.json,Activation-aware Q1 only; unselected nested chain; nearest binary64; no full-distance claim.
"random full-rank [128,64] reused",random-ensemble-average,128,64,24,16777216,33554432,262144,3355443,256,14,1024,13.508271940537075,6,-12.0,1,96,4,21696,nested-84a8b7b86c79194a,workstreams/finite_asymptotic_theory/landscape_db/activation_pilot_scaling_v1/maps/t256_s14.json,Activation-aware Q1 only; unselected nested chain; nearest binary64; no full-distance claim.
"random full-rank [512,256] reused",random-ensemble-average,512,256,24,16777216,33554432,65536,3355443,256,14,256,129.53683331394848,52,-10.8,0,96,4,21696,nested-84a8b7b86c79194a,workstreams/finite_asymptotic_theory/landscape_db/activation_pilot_scaling_v1/maps/t256_s14.json,Activation-aware Q1 only; unselected nested chain; nearest binary64; no full-distance claim.
"extended BCH [8,4,4] exact",fixed,8,4,18,262144,524288,65536,52428,256,16,256,1.017034929802472,4,-8.4,0,96,4,4928,nested-581614c811536a8c,workstreams/finite_asymptotic_theory/landscape_db/activation_pilot_scaling_v1/maps/t256_s16.json,Activation-aware Q1 only; unselected nested chain; nearest binary64; no full-distance claim.
"extended BCH [32,16,8] exact",fixed,32,16,18,262144,524288,16384,52428,256,16,64,4.893836016991529,8,-7.5,0,96,4,4928,nested-581614c811536a8c,workstreams/finite_asymptotic_theory/landscape_db/activation_pilot_scaling_v1/maps/t256_s16.json,Activation-aware Q1 only; unselected nested chain; nearest binary64; no full-distance claim.
"extended BCH [128,64,22] exact",fixed,128,64,18,262144,524288,4096,52428,256,16,16,34.34053727036466,22,-7.1,0,96,4,4928,nested-581614c811536a8c,workstreams/finite_asymptotic_theory/landscape_db/activation_pilot_scaling_v1/maps/t256_s16.json,Activation-aware Q1 only; unselected nested chain; nearest binary64; no full-distance claim.
"Philips shortened-XBCH [64,32,12] exact",fixed,64,32,18,262144,524288,8192,52428,256,16,32,12.148140224986328,12,-7.6,0,96,4,4928,nested-581614c811536a8c,workstreams/finite_asymptotic_theory/landscape_db/activation_pilot_scaling_v1/maps/t256_s16.json,Activation-aware Q1 only; unselected nested chain; nearest binary64; no full-distance claim.
"RM(1,3) [8,4,4] exact",fixed,8,4,18,262144,524288,65536,52428,256,16,256,1.017034929802472,4,-8.4,0,96,4,4928,nested-581614c811536a8c,workstreams/finite_asymptotic_theory/landscape_db/activation_pilot_scaling_v1/maps/t256_s16.json,Activation-aware Q1 only; unselected nested chain; nearest binary64; no full-distance claim.
"RM(2,5) [32,16,8] exact",fixed,32,16,18,262144,524288,16384,52428,256,16,64,4.893836016991529,8,-7.5,0,96,4,4928,nested-581614c811536a8c,workstreams/finite_asymptotic_theory/landscape_db/activation_pilot_scaling_v1/maps/t256_s16.json,Activation-aware Q1 only; unselected nested chain; nearest binary64; no full-distance claim.
"RM(3,7) [128,64,16] exact",fixed,128,64,18,262144,524288,4096,52428,256,16,16,12.4963409682305,16,-7.7,0,96,4,4928,nested-581614c811536a8c,workstreams/finite_asymptotic_theory/landscape_db/activation_pilot_scaling_v1/maps/t256_s16.json,Activation-aware Q1 only; unselected nested chain; nearest binary64; no full-distance claim.
"RM(4,9) [512,256,32] exact",fixed,512,256,18,262144,524288,1024,52428,256,16,4,40.95224313273078,32,-7.2,0,96,4,4928,nested-581614c811536a8c,workstreams/finite_asymptotic_theory/landscape_db/activation_pilot_scaling_v1/maps/t256_s16.json,Activation-aware Q1 only; unselected nested chain; nearest binary64; no full-distance claim.
"random full-rank [64,32] reused",random-ensemble-average,64,32,18,262144,524288,8192,52428,256,16,32,3.453296032861106,7,-8.6,0,96,4,4928,nested-581614c811536a8c,workstreams/finite_asymptotic_theory/landscape_db/activation_pilot_scaling_v1/maps/t256_s16.json,Activation-aware Q1 only; unselected nested chain; nearest binary64; no full-distance claim.
"random full-rank [128,64] reused",random-ensemble-average,128,64,18,262144,524288,4096,52428,256,16,16,23.107942460335952,13,-8.0,0,96,4,4928,nested-581614c811536a8c,workstreams/finite_asymptotic_theory/landscape_db/activation_pilot_scaling_v1/maps/t256_s16.json,Activation-aware Q1 only; unselected nested chain; nearest binary64; no full-distance claim.
"random full-rank [512,256] reused",random-ensemble-average,512,256,18,262144,524288,1024,52428,256,16,4,138.6755678724742,51,-6.6,0,96,4,4928,nested-581614c811536a8c,workstreams/finite_asymptotic_theory/landscape_db/activation_pilot_scaling_v1/maps/t256_s16.json,Activation-aware Q1 only; unselected nested chain; nearest binary64; no full-distance claim.
"extended BCH [8,4,4] exact",fixed,8,4,22,4194304,8388608,1048576,838860,256,16,4096,-3.108268122425523,4,-11.2,0,96,4,4928,nested-581614c811536a8c,workstreams/finite_asymptotic_theory/landscape_db/activation_pilot_scaling_v1/maps/t256_s16.json,Activation-aware Q1 only; unselected nested chain; nearest binary64; no full-distance claim.
"extended BCH [32,16,8] exact",fixed,32,16,22,4194304,8388608,262144,838860,256,16,1024,0.8368883146676501,8,-10.3,0,96,4,4928,nested-581614c811536a8c,workstreams/finite_asymptotic_theory/landscape_db/activation_pilot_scaling_v1/maps/t256_s16.json,Activation-aware Q1 only; unselected nested chain; nearest binary64; no full-distance claim.
"extended BCH [128,64,22] exact",fixed,128,64,22,4194304,8388608,65536,838860,256,16,256,30.348305584326244,22,-9.8,0,96,4,4928,nested-581614c811536a8c,workstreams/finite_asymptotic_theory/landscape_db/activation_pilot_scaling_v1/maps/t256_s16.json,Activation-aware Q1 only; unselected nested chain; nearest binary64; no full-distance claim.
"Philips shortened-XBCH [64,32,12] exact",fixed,64,32,22,4194304,8388608,131072,838860,256,16,512,8.09307325823054,12,-10.3,0,96,4,4928,nested-581614c811536a8c,workstreams/finite_asymptotic_theory/landscape_db/activation_pilot_scaling_v1/maps/t256_s16.json,Activation-aware Q1 only; unselected nested chain; nearest binary64; no full-distance claim.
"RM(1,3) [8,4,4] exact",fixed,8,4,22,4194304,8388608,1048576,838860,256,16,4096,-3.108268122425523,4,-11.2,0,96,4,4928,nested-581614c811536a8c,workstreams/finite_asymptotic_theory/landscape_db/activation_pilot_scaling_v1/maps/t256_s16.json,Activation-aware Q1 only; unselected nested chain; nearest binary64; no full-distance claim.
"RM(2,5) [32,16,8] exact",fixed,32,16,22,4194304,8388608,262144,838860,256,16,1024,0.8368883146676501,8,-10.3,0,96,4,4928,nested-581614c811536a8c,workstreams/finite_asymptotic_theory/landscape_db/activation_pilot_scaling_v1/maps/t256_s16.json,Activation-aware Q1 only; unselected nested chain; nearest binary64; no full-distance claim.
"RM(3,7) [128,64,16] exact",fixed,128,64,22,4194304,8388608,65536,838860,256,16,256,8.402805084543719,16,-10.5,0,96,4,4928,nested-581614c811536a8c,workstreams/finite_asymptotic_theory/landscape_db/activation_pilot_scaling_v1/maps/t256_s16.json,Activation-aware Q1 only; unselected nested chain; nearest binary64; no full-distance claim.
"RM(4,9) [512,256,32] exact",fixed,512,256,22,4194304,8388608,16384,838860,256,16,64,36.94436239508337,32,-10.0,0,96,4,4928,nested-581614c811536a8c,workstreams/finite_asymptotic_theory/landscape_db/activation_pilot_scaling_v1/maps/t256_s16.json,Activation-aware Q1 only; unselected nested chain; nearest binary64; no full-distance claim.
"random full-rank [64,32] reused",random-ensemble-average,64,32,22,4194304,8388608,131072,838860,256,16,512,-0.6917851748784718,7,-11.4,0,96,4,4928,nested-581614c811536a8c,workstreams/finite_asymptotic_theory/landscape_db/activation_pilot_scaling_v1/maps/t256_s16.json,Activation-aware Q1 only; unselected nested chain; nearest binary64; no full-distance claim.
"random full-rank [128,64] reused",random-ensemble-average,128,64,22,4194304,8388608,65536,838860,256,16,256,19.011129014598065,13,-10.8,0,96,4,4928,nested-581614c811536a8c,workstreams/finite_asymptotic_theory/landscape_db/activation_pilot_scaling_v1/maps/t256_s16.json,Activation-aware Q1 only; unselected nested chain; nearest binary64; no full-distance claim.
"random full-rank [512,256] reused",random-ensemble-average,512,256,22,4194304,8388608,16384,838860,256,16,64,134.76319215951486,53,-9.3,0,96,4,4928,nested-581614c811536a8c,workstreams/finite_asymptotic_theory/landscape_db/activation_pilot_scaling_v1/maps/t256_s16.json,Activation-aware Q1 only; unselected nested chain; nearest binary64; no full-distance claim.
"extended BCH [8,4,4] exact",fixed,8,4,24,16777216,33554432,4194304,3355443,256,16,16384,-8.175289130832907,4,-12.0,1,96,4,4928,nested-581614c811536a8c,workstreams/finite_asymptotic_theory/landscape_db/activation_pilot_scaling_v1/maps/t256_s16.json,Activation-aware Q1 only; unselected nested chain; nearest binary64; no full-distance claim.
"extended BCH [32,16,8] exact",fixed,32,16,24,16777216,33554432,1048576,3355443,256,16,4096,-1.619069147831708,8,-11.7,0,96,4,4928,nested-581614c811536a8c,workstreams/finite_asymptotic_theory/landscape_db/activation_pilot_scaling_v1/maps/t256_s16.json,Activation-aware Q1 only; unselected nested chain; nearest binary64; no full-distance claim.
"extended BCH [128,64,22] exact",fixed,128,64,24,16777216,33554432,262144,3355443,256,16,1024,27.928993526659116,22,-11.2,0,96,4,4928,nested-581614c811536a8c,workstreams/finite_asymptotic_theory/landscape_db/activation_pilot_scaling_v1/maps/t256_s16.json,Activation-aware Q1 only; unselected nested chain; nearest binary64; no full-distance claim.
"Philips shortened-XBCH [64,32,12] exact",fixed,64,32,24,16777216,33554432,524288,3355443,256,16,2048,5.6681421487839305,12,-11.7,0,96,4,4928,nested-581614c811536a8c,workstreams/finite_asymptotic_theory/landscape_db/activation_pilot_scaling_v1/maps/t256_s16.json,Activation-aware Q1 only; unselected nested chain; nearest binary64; no full-distance claim.
"RM(1,3) [8,4,4] exact",fixed,8,4,24,16777216,33554432,4194304,3355443,256,16,16384,-8.175289130832907,4,-12.0,1,96,4,4928,nested-581614c811536a8c,workstreams/finite_asymptotic_theory/landscape_db/activation_pilot_scaling_v1/maps/t256_s16.json,Activation-aware Q1 only; unselected nested chain; nearest binary64; no full-distance claim.
"RM(2,5) [32,16,8] exact",fixed,32,16,24,16777216,33554432,1048576,3355443,256,16,4096,-1.619069147831708,8,-11.7,0,96,4,4928,nested-581614c811536a8c,workstreams/finite_asymptotic_theory/landscape_db/activation_pilot_scaling_v1/maps/t256_s16.json,Activation-aware Q1 only; unselected nested chain; nearest binary64; no full-distance claim.
"RM(3,7) [128,64,16] exact",fixed,128,64,24,16777216,33554432,262144,3355443,256,16,1024,5.986053899248363,16,-11.8,0,96,4,4928,nested-581614c811536a8c,workstreams/finite_asymptotic_theory/landscape_db/activation_pilot_scaling_v1/maps/t256_s16.json,Activation-aware Q1 only; unselected nested chain; nearest binary64; no full-distance claim.
"RM(4,9) [512,256,32] exact",fixed,512,256,24,16777216,33554432,65536,3355443,256,16,256,34.50596998987304,32,-11.4,0,96,4,4928,nested-581614c811536a8c,workstreams/finite_asymptotic_theory/landscape_db/activation_pilot_scaling_v1/maps/t256_s16.json,Activation-aware Q1 only; unselected nested chain; nearest binary64; no full-distance claim.
"random full-rank [64,32] reused",random-ensemble-average,64,32,24,16777216,33554432,524288,3355443,256,16,2048,-9.010956645565358,5,-12.0,1,96,4,4928,nested-581614c811536a8c,workstreams/finite_asymptotic_theory/landscape_db/activation_pilot_scaling_v1/maps/t256_s16.json,Activation-aware Q1 only; unselected nested chain; nearest binary64; no full-distance claim.
"random full-rank [128,64] reused",random-ensemble-average,128,64,24,16777216,33554432,262144,3355443,256,16,1024,14.672829495593097,6,-12.0,1,96,4,4928,nested-581614c811536a8c,workstreams/finite_asymptotic_theory/landscape_db/activation_pilot_scaling_v1/maps/t256_s16.json,Activation-aware Q1 only; unselected nested chain; nearest binary64; no full-distance claim.
"random full-rank [512,256] reused",random-ensemble-average,512,256,24,16777216,33554432,65536,3355443,256,16,256,132.3404110674532,52,-10.8,0,96,4,4928,nested-581614c811536a8c,workstreams/finite_asymptotic_theory/landscape_db/activation_pilot_scaling_v1/maps/t256_s16.json,Activation-aware Q1 only; unselected nested chain; nearest binary64; no full-distance claim.
"extended BCH [8,4,4] exact",fixed,8,4,18,262144,524288,65536,52428,256,18,256,2.779301683302613,4,-8.3,0,96,4,1088,nested-37ec28561e9ce7df,workstreams/finite_asymptotic_theory/landscape_db/activation_pilot_scaling_v1/maps/t256_s18.json,Activation-aware Q1 only; unselected nested chain; nearest binary64; no full-distance claim.
"extended BCH [32,16,8] exact",fixed,32,16,18,262144,524288,16384,52428,256,18,64,5.917300072115578,8,-7.4,0,96,4,1088,nested-37ec28561e9ce7df,workstreams/finite_asymptotic_theory/landscape_db/activation_pilot_scaling_v1/maps/t256_s18.json,Activation-aware Q1 only; unselected nested chain; nearest binary64; no full-distance claim.
"extended BCH [128,64,22] exact",fixed,128,64,18,262144,524288,4096,52428,256,18,16,34.56636315527177,22,-7.0,0,96,4,1088,nested-37ec28561e9ce7df,workstreams/finite_asymptotic_theory/landscape_db/activation_pilot_scaling_v1/maps/t256_s18.json,Activation-aware Q1 only; unselected nested chain; nearest binary64; no full-distance claim.
"Philips shortened-XBCH [64,32,12] exact",fixed,64,32,18,262144,524288,8192,52428,256,18,32,12.269685569736914,12,-7.5,0,96,4,1088,nested-37ec28561e9ce7df,workstreams/finite_asymptotic_theory/landscape_db/activation_pilot_scaling_v1/maps/t256_s18.json,Activation-aware Q1 only; unselected nested chain; nearest binary64; no full-distance claim.
"RM(1,3) [8,4,4] exact",fixed,8,4,18,262144,524288,65536,52428,256,18,256,2.779301683302613,4,-8.3,0,96,4,1088,nested-37ec28561e9ce7df,workstreams/finite_asymptotic_theory/landscape_db/activation_pilot_scaling_v1/maps/t256_s18.json,Activation-aware Q1 only; unselected nested chain; nearest binary64; no full-distance claim.
"RM(2,5) [32,16,8] exact",fixed,32,16,18,262144,524288,16384,52428,256,18,64,5.917300072115578,8,-7.4,0,96,4,1088,nested-37ec28561e9ce7df,workstreams/finite_asymptotic_theory/landscape_db/activation_pilot_scaling_v1/maps/t256_s18.json,Activation-aware Q1 only; unselected nested chain; nearest binary64; no full-distance claim.
"RM(3,7) [128,64,16] exact",fixed,128,64,18,262144,524288,4096,52428,256,18,16,12.543468133554251,16,-7.7,0,96,4,1088,nested-37ec28561e9ce7df,workstreams/finite_asymptotic_theory/landscape_db/activation_pilot_scaling_v1/maps/t256_s18.json,Activation-aware Q1 only; unselected nested chain; nearest binary64; no full-distance claim.
"RM(4,9) [512,256,32] exact",fixed,512,256,18,262144,524288,1024,52428,256,18,4,41.056491736756364,32,-7.2,0,96,4,1088,nested-37ec28561e9ce7df,workstreams/finite_asymptotic_theory/landscape_db/activation_pilot_scaling_v1/maps/t256_s18.json,Activation-aware Q1 only; unselected nested chain; nearest binary64; no full-distance claim.
"random full-rank [64,32] reused",random-ensemble-average,64,32,18,262144,524288,8192,52428,256,18,32,3.4671188458619464,7,-8.6,0,96,4,1088,nested-37ec28561e9ce7df,workstreams/finite_asymptotic_theory/landscape_db/activation_pilot_scaling_v1/maps/t256_s18.json,Activation-aware Q1 only; unselected nested chain; nearest binary64; no full-distance claim.
"random full-rank [128,64] reused",random-ensemble-average,128,64,18,262144,524288,4096,52428,256,18,16,23.13929328275679,13,-8.0,0,96,4,1088,nested-37ec28561e9ce7df,workstreams/finite_asymptotic_theory/landscape_db/activation_pilot_scaling_v1/maps/t256_s18.json,Activation-aware Q1 only; unselected nested chain; nearest binary64; no full-distance claim.
"random full-rank [512,256] reused",random-ensemble-average,512,256,18,262144,524288,1024,52428,256,18,4,139.02880003612873,51,-6.6,0,96,4,1088,nested-37ec28561e9ce7df,workstreams/finite_asymptotic_theory/landscape_db/activation_pilot_scaling_v1/maps/t256_s18.json,Activation-aware Q1 only; unselected nested chain; nearest binary64; no full-distance claim.
"extended BCH [8,4,4] exact",fixed,8,4,22,4194304,8388608,1048576,838860,256,18,4096,-1.227093069623298,4,-11.1,0,96,4,1088,nested-37ec28561e9ce7df,workstreams/finite_asymptotic_theory/landscape_db/activation_pilot_scaling_v1/maps/t256_s18.json,Activation-aware Q1 only; unselected nested chain; nearest binary64; no full-distance claim.
"extended BCH [32,16,8] exact",fixed,32,16,22,4194304,8388608,262144,838860,256,18,1024,2.0118553498848852,8,-10.1,0,96,4,1088,nested-37ec28561e9ce7df,workstreams/finite_asymptotic_theory/landscape_db/activation_pilot_scaling_v1/maps/t256_s18.json,Activation-aware Q1 only; unselected nested chain; nearest binary64; no full-distance claim.
"extended BCH [128,64,22] exact",fixed,128,64,22,4194304,8388608,65536,838860,256,18,256,30.678945168436478,22,-9.8,0,96,4,1088,nested-37ec28561e9ce7df,workstreams/finite_asymptotic_theory/landscape_db/activation_pilot_scaling_v1/maps/t256_s18.json,Activation-aware Q1 only; unselected nested chain; nearest binary64; no full-distance claim.
"Philips shortened-XBCH [64,32,12] exact",fixed,64,32,22,4194304,8388608,131072,838860,256,18,512,8.320198552873745,12,-10.3,0,96,4,1088,nested-37ec28561e9ce7df,workstreams/finite_asymptotic_theory/landscape_db/activation_pilot_scaling_v1/maps/t256_s18.json,Activation-aware Q1 only; unselected nested chain; nearest binary64; no full-distance claim.
"RM(1,3) [8,4,4] exact",fixed,8,4,22,4194304,8388608,1048576,838860,256,18,4096,-1.227093069623298,4,-11.1,0,96,4,1088,nested-37ec28561e9ce7df,workstreams/finite_asymptotic_theory/landscape_db/activation_pilot_scaling_v1/maps/t256_s18.json,Activation-aware Q1 only; unselected nested chain; nearest binary64; no full-distance claim.
"RM(2,5) [32,16,8] exact",fixed,32,16,22,4194304,8388608,262144,838860,256,18,1024,2.0118553498848852,8,-10.1,0,96,4,1088,nested-37ec28561e9ce7df,workstreams/finite_asymptotic_theory/landscape_db/activation_pilot_scaling_v1/maps/t256_s18.json,Activation-aware Q1 only; unselected nested chain; nearest binary64; no full-distance claim.
"RM(3,7) [128,64,16] exact",fixed,128,64,22,4194304,8388608,65536,838860,256,18,256,8.551961097677196,16,-10.5,0,96,4,1088,nested-37ec28561e9ce7df,workstreams/finite_asymptotic_theory/landscape_db/activation_pilot_scaling_v1/maps/t256_s18.json,Activation-aware Q1 only; unselected nested chain; nearest binary64; no full-distance claim.
"RM(4,9) [512,256,32] exact",fixed,512,256,22,4194304,8388608,16384,838860,256,18,64,37.144721752460555,32,-10.0,0,96,4,1088,nested-37ec28561e9ce7df,workstreams/finite_asymptotic_theory/landscape_db/activation_pilot_scaling_v1/maps/t256_s18.json,Activation-aware Q1 only; unselected nested chain; nearest binary64; no full-distance claim.
"random full-rank [64,32] reused",random-ensemble-average,64,32,22,4194304,8388608,131072,838860,256,18,512,-0.5799106135469723,7,-11.4,0,96,4,1088,nested-37ec28561e9ce7df,workstreams/finite_asymptotic_theory/landscape_db/activation_pilot_scaling_v1/maps/t256_s18.json,Activation-aware Q1 only; unselected nested chain; nearest binary64; no full-distance claim.
"random full-rank [128,64] reused",random-ensemble-average,128,64,22,4194304,8388608,65536,838860,256,18,256,19.14475852418933,13,-10.8,0,96,4,1088,nested-37ec28561e9ce7df,workstreams/finite_asymptotic_theory/landscape_db/activation_pilot_scaling_v1/maps/t256_s18.json,Activation-aware Q1 only; unselected nested chain; nearest binary64; no full-distance claim.
"random full-rank [512,256] reused",random-ensemble-average,512,256,22,4194304,8388608,16384,838860,256,18,64,135.2043886880904,52,-9.4,0,96,4,1088,nested-37ec28561e9ce7df,workstreams/finite_asymptotic_theory/landscape_db/activation_pilot_scaling_v1/maps/t256_s18.json,Activation-aware Q1 only; unselected nested chain; nearest binary64; no full-distance claim.
"extended BCH [8,4,4] exact",fixed,8,4,24,16777216,33554432,4194304,3355443,256,18,16384,-5.42383708200608,4,-12.0,1,96,4,1088,nested-37ec28561e9ce7df,workstreams/finite_asymptotic_theory/landscape_db/activation_pilot_scaling_v1/maps/t256_s18.json,Activation-aware Q1 only; unselected nested chain; nearest binary64; no full-distance claim.
"extended BCH [32,16,8] exact",fixed,32,16,24,16777216,33554432,1048576,3355443,256,18,4096,-0.08143358326497935,8,-11.5,0,96,4,1088,nested-37ec28561e9ce7df,workstreams/finite_asymptotic_theory/landscape_db/activation_pilot_scaling_v1/maps/t256_s18.json,Activation-aware Q1 only; unselected nested chain; nearest binary64; no full-distance claim.
"extended BCH [128,64,22] exact",fixed,128,64,24,16777216,33554432,262144,3355443,256,18,1024,28.576577375886334,22,-11.2,0,96,4,1088,nested-37ec28561e9ce7df,workstreams/finite_asymptotic_theory/landscape_db/activation_pilot_scaling_v1/maps/t256_s18.json,Activation-aware Q1 only; unselected nested chain; nearest binary64; no full-distance claim.
"Philips shortened-XBCH [64,32,12] exact",fixed,64,32,24,16777216,33554432,524288,3355443,256,18,2048,6.214419965709371,12,-11.7,0,96,4,1088,nested-37ec28561e9ce7df,workstreams/finite_asymptotic_theory/landscape_db/activation_pilot_scaling_v1/maps/t256_s18.json,Activation-aware Q1 only; unselected nested chain; nearest binary64; no full-distance claim.
"RM(1,3) [8,4,4] exact",fixed,8,4,24,16777216,33554432,4194304,3355443,256,18,16384,-5.42383708200608,4,-12.0,1,96,4,1088,nested-37ec28561e9ce7df,workstreams/finite_asymptotic_theory/landscape_db/activation_pilot_scaling_v1/maps/t256_s18.json,Activation-aware Q1 only; unselected nested chain; nearest binary64; no full-distance claim.
"RM(2,5) [32,16,8] exact",fixed,32,16,24,16777216,33554432,1048576,3355443,256,18,4096,-0.08143358326497935,8,-11.5,0,96,4,1088,nested-37ec28561e9ce7df,workstreams/finite_asymptotic_theory/landscape_db/activation_pilot_scaling_v1/maps/t256_s18.json,Activation-aware Q1 only; unselected nested chain; nearest binary64; no full-distance claim.
"RM(3,7) [128,64,16] exact",fixed,128,64,24,16777216,33554432,262144,3355443,256,18,1024,6.453622220882626,16,-11.8,0,96,4,1088,nested-37ec28561e9ce7df,workstreams/finite_asymptotic_theory/landscape_db/activation_pilot_scaling_v1/maps/t256_s18.json,Activation-aware Q1 only; unselected nested chain; nearest binary64; no full-distance claim.
"RM(4,9) [512,256,32] exact",fixed,512,256,24,16777216,33554432,65536,3355443,256,18,256,35.03544100740989,32,-11.4,0,96,4,1088,nested-37ec28561e9ce7df,workstreams/finite_asymptotic_theory/landscape_db/activation_pilot_scaling_v1/maps/t256_s18.json,Activation-aware Q1 only; unselected nested chain; nearest binary64; no full-distance claim.
"random full-rank [64,32] reused",random-ensemble-average,64,32,24,16777216,33554432,524288,3355443,256,18,2048,-8.826763765850114,5,-12.0,1,96,4,1088,nested-37ec28561e9ce7df,workstreams/finite_asymptotic_theory/landscape_db/activation_pilot_scaling_v1/maps/t256_s18.json,Activation-aware Q1 only; unselected nested chain; nearest binary64; no full-distance claim.
"random full-rank [128,64] reused",random-ensemble-average,128,64,24,16777216,33554432,262144,3355443,256,18,1024,14.933275556991946,6,-12.0,1,96,4,1088,nested-37ec28561e9ce7df,workstreams/finite_asymptotic_theory/landscape_db/activation_pilot_scaling_v1/maps/t256_s18.json,Activation-aware Q1 only; unselected nested chain; nearest binary64; no full-distance claim.
"random full-rank [512,256] reused",random-ensemble-average,512,256,24,16777216,33554432,65536,3355443,256,18,256,133.10675997917394,52,-10.8,0,96,4,1088,nested-37ec28561e9ce7df,workstreams/finite_asymptotic_theory/landscape_db/activation_pilot_scaling_v1/maps/t256_s18.json,Activation-aware Q1 only; unselected nested chain; nearest binary64; no full-distance claim.
"extended BCH [8,4,4] exact",fixed,8,4,18,262144,524288,65536,52428,256,20,256,4.491774360833067,4,-8.2,0,96,4,192,nested-2a82e8308c92b0e5,workstreams/finite_asymptotic_theory/landscape_db/activation_pilot_scaling_v1/maps/t256_s20.json,Activation-aware Q1 only; unselected nested chain; nearest binary64; no full-distance claim.
"extended BCH [32,16,8] exact",fixed,32,16,18,262144,524288,16384,52428,256,20,64,6.902726854054498,8,-7.2,0,96,4,192,nested-2a82e8308c92b0e5,workstreams/finite_asymptotic_theory/landscape_db/activation_pilot_scaling_v1/maps/t256_s20.json,Activation-aware Q1 only; unselected nested chain; nearest binary64; no full-distance claim.
"extended BCH [128,64,22] exact",fixed,128,64,18,262144,524288,4096,52428,256,20,16,34.63284741343555,22,-7.0,0,96,4,192,nested-2a82e8308c92b0e5,workstreams/finite_asymptotic_theory/landscape_db/activation_pilot_scaling_v1/maps/t256_s20.json,Activation-aware Q1 only; unselected nested chain; nearest binary64; no full-distance claim.
"Philips shortened-XBCH [64,32,12] exact",fixed,64,32,18,262144,524288,8192,52428,256,20,32,12.306677340020311,12,-7.5,0,96,4,192,nested-2a82e8308c92b0e5,workstreams/finite_asymptotic_theory/landscape_db/activation_pilot_scaling_v1/maps/t256_s20.json,Activation-aware Q1 only; unselected nested chain; nearest binary64; no full-distance claim.
"RM(1,3) [8,4,4] exact",fixed,8,4,18,262144,524288,65536,52428,256,20,256,4.491774360833067,4,-8.2,0,96,4,192,nested-2a82e8308c92b0e5,workstreams/finite_asymptotic_theory/landscape_db/activation_pilot_scaling_v1/maps/t256_s20.json,Activation-aware Q1 only; unselected nested chain; nearest binary64; no full-distance claim.
"RM(2,5) [32,16,8] exact",fixed,32,16,18,262144,524288,16384,52428,256,20,64,6.902726854054498,8,-7.2,0,96,4,192,nested-2a82e8308c92b0e5,workstreams/finite_asymptotic_theory/landscape_db/activation_pilot_scaling_v1/maps/t256_s20.json,Activation-aware Q1 only; unselected nested chain; nearest binary64; no full-distance claim.
"RM(3,7) [128,64,16] exact",fixed,128,64,18,262144,524288,4096,52428,256,20,16,12.555360026363717,16,-7.7,0,96,4,192,nested-2a82e8308c92b0e5,workstreams/finite_asymptotic_theory/landscape_db/activation_pilot_scaling_v1/maps/t256_s20.json,Activation-aware Q1 only; unselected nested chain; nearest binary64; no full-distance claim.
"RM(4,9) [512,256,32] exact",fixed,512,256,18,262144,524288,1024,52428,256,20,4,41.08312860081557,32,-7.2,0,96,4,192,nested-2a82e8308c92b0e5,workstreams/finite_asymptotic_theory/landscape_db/activation_pilot_scaling_v1/maps/t256_s20.json,Activation-aware Q1 only; unselected nested chain; nearest binary64; no full-distance claim.
"random full-rank [64,32] reused",random-ensemble-average,64,32,18,262144,524288,8192,52428,256,20,32,3.4705903805486495,7,-8.6,0,96,4,192,nested-2a82e8308c92b0e5,workstreams/finite_asymptotic_theory/landscape_db/activation_pilot_scaling_v1/maps/t256_s20.json,Activation-aware Q1 only; unselected nested chain; nearest binary64; no full-distance claim.
"random full-rank [128,64] reused",random-ensemble-average,128,64,18,262144,524288,4096,52428,256,20,16,23.147162931275023,13,-8.0,0,96,4,192,nested-2a82e8308c92b0e5,workstreams/finite_asymptotic_theory/landscape_db/activation_pilot_scaling_v1/maps/t256_s20.json,Activation-aware Q1 only; unselected nested chain; nearest binary64; no full-distance claim.
"random full-rank [512,256] reused",random-ensemble-average,512,256,18,262144,524288,1024,52428,256,20,4,139.12345646381047,50,-6.7,0,96,4,192,nested-2a82e8308c92b0e5,workstreams/finite_asymptotic_theory/landscape_db/activation_pilot_scaling_v1/maps/t256_s20.json,Activation-aware Q1 only; unselected nested chain; nearest binary64; no full-distance claim.
"extended BCH [8,4,4] exact",fixed,8,4,22,4194304,8388608,1048576,838860,256,20,4096,0.5348650503662579,4,-11.0,0,96,4,192,nested-2a82e8308c92b0e5,workstreams/finite_asymptotic_theory/landscape_db/activation_pilot_scaling_v1/maps/t256_s20.json,Activation-aware Q1 only; unselected nested chain; nearest binary64; no full-distance claim.
"extended BCH [32,16,8] exact",fixed,32,16,22,4194304,8388608,262144,838860,256,20,1024,3.0143164115699497,8,-10.0,0,96,4,192,nested-2a82e8308c92b0e5,workstreams/finite_asymptotic_theory/landscape_db/activation_pilot_scaling_v1/maps/t256_s20.json,Activation-aware Q1 only; unselected nested chain; nearest binary64; no full-distance claim.
"extended BCH [128,64,22] exact",fixed,128,64,22,4194304,8388608,65536,838860,256,20,256,30.76575446039419,22,-9.8,0,96,4,192,nested-2a82e8308c92b0e5,workstreams/finite_asymptotic_theory/landscape_db/activation_pilot_scaling_v1/maps/t256_s20.json,Activation-aware Q1 only; unselected nested chain; nearest binary64; no full-distance claim.
"Philips shortened-XBCH [64,32,12] exact",fixed,64,32,22,4194304,8388608,131072,838860,256,20,512,8.379988221893006,12,-10.3,0,96,4,192,nested-2a82e8308c92b0e5,workstreams/finite_asymptotic_theory/landscape_db/activation_pilot_scaling_v1/maps/t256_s20.json,Activation-aware Q1 only; unselected nested chain; nearest binary64; no full-distance claim.
"RM(1,3) [8,4,4] exact",fixed,8,4,22,4194304,8388608,1048576,838860,256,20,4096,0.5348650503662579,4,-11.0,0,96,4,192,nested-2a82e8308c92b0e5,workstreams/finite_asymptotic_theory/landscape_db/activation_pilot_scaling_v1/maps/t256_s20.json,Activation-aware Q1 only; unselected nested chain; nearest binary64; no full-distance claim.
"RM(2,5) [32,16,8] exact",fixed,32,16,22,4194304,8388608,262144,838860,256,20,1024,3.0143164115699497,8,-10.0,0,96,4,192,nested-2a82e8308c92b0e5,workstreams/finite_asymptotic_theory/landscape_db/activation_pilot_scaling_v1/maps/t256_s20.json,Activation-aware Q1 only; unselected nested chain; nearest binary64; no full-distance claim.
"RM(3,7) [128,64,16] exact",fixed,128,64,22,4194304,8388608,65536,838860,256,20,256,8.589375974253889,16,-10.5,0,96,4,192,nested-2a82e8308c92b0e5,workstreams/finite_asymptotic_theory/landscape_db/activation_pilot_scaling_v1/maps/t256_s20.json,Activation-aware Q1 only; unselected nested chain; nearest binary64; no full-distance claim.
"RM(4,9) [512,256,32] exact",fixed,512,256,22,4194304,8388608,16384,838860,256,20,64,37.19537092084158,32,-10.0,0,96,4,192,nested-2a82e8308c92b0e5,workstreams/finite_asymptotic_theory/landscape_db/activation_pilot_scaling_v1/maps/t256_s20.json,Activation-aware Q1 only; unselected nested chain; nearest binary64; no full-distance claim.
"random full-rank [64,32] reused",random-ensemble-average,64,32,22,4194304,8388608,131072,838860,256,20,512,-0.5520423027051347,7,-11.4,0,96,4,192,nested-2a82e8308c92b0e5,workstreams/finite_asymptotic_theory/landscape_db/activation_pilot_scaling_v1/maps/t256_s20.json,Activation-aware Q1 only; unselected nested chain; nearest binary64; no full-distance claim.
"random full-rank [128,64] reused",random-ensemble-average,128,64,22,4194304,8388608,65536,838860,256,20,256,19.178205870439477,13,-10.8,0,96,4,192,nested-2a82e8308c92b0e5,workstreams/finite_asymptotic_theory/landscape_db/activation_pilot_scaling_v1/maps/t256_s20.json,Activation-aware Q1 only; unselected nested chain; nearest binary64; no full-distance claim.
"random full-rank [512,256] reused",random-ensemble-average,512,256,22,4194304,8388608,16384,838860,256,20,64,135.32180956425603,52,-9.4,0,96,4,192,nested-2a82e8308c92b0e5,workstreams/finite_asymptotic_theory/landscape_db/activation_pilot_scaling_v1/maps/t256_s20.json,Activation-aware Q1 only; unselected nested chain; nearest binary64; no full-distance claim.
"extended BCH [8,4,4] exact",fixed,8,4,24,16777216,33554432,4194304,3355443,256,20,16384,-3.1808458200026326,4,-12.0,1,96,4,192,nested-2a82e8308c92b0e5,workstreams/finite_asymptotic_theory/landscape_db/activation_pilot_scaling_v1/maps/t256_s20.json,Activation-aware Q1 only; unselected nested chain; nearest binary64; no full-distance claim.
"extended BCH [32,16,8] exact",fixed,32,16,24,16777216,33554432,1048576,3355443,256,20,4096,0.97873461493925,8,-11.4,0,96,4,192,nested-2a82e8308c92b0e5,workstreams/finite_asymptotic_theory/landscape_db/activation_pilot_scaling_v1/maps/t256_s20.json,Activation-aware Q1 only; unselected nested chain; nearest binary64; no full-distance claim.
"extended BCH [128,64,22] exact",fixed,128,64,24,16777216,33554432,262144,3355443,256,20,1024,28.74259759955271,22,-11.2,0,96,4,192,nested-2a82e8308c92b0e5,workstreams/finite_asymptotic_theory/landscape_db/activation_pilot_scaling_v1/maps/t256_s20.json,Activation-aware Q1 only; unselected nested chain; nearest binary64; no full-distance claim.
"Philips shortened-XBCH [64,32,12] exact",fixed,64,32,24,16777216,33554432,524288,3355443,256,20,2048,6.355539579177352,12,-11.7,0,96,4,192,nested-2a82e8308c92b0e5,workstreams/finite_asymptotic_theory/landscape_db/activation_pilot_scaling_v1/maps/t256_s20.json,Activation-aware Q1 only; unselected nested chain; nearest binary64; no full-distance claim.
"RM(1,3) [8,4,4] exact",fixed,8,4,24,16777216,33554432,4194304,3355443,256,20,16384,-3.1808458200026326,4,-12.0,1,96,4,192,nested-2a82e8308c92b0e5,workstreams/finite_asymptotic_theory/landscape_db/activation_pilot_scaling_v1/maps/t256_s20.json,Activation-aware Q1 only; unselected nested chain; nearest binary64; no full-distance claim.
"RM(2,5) [32,16,8] exact",fixed,32,16,24,16777216,33554432,1048576,3355443,256,20,4096,0.97873461493925,8,-11.4,0,96,4,192,nested-2a82e8308c92b0e5,workstreams/finite_asymptotic_theory/landscape_db/activation_pilot_scaling_v1/maps/t256_s20.json,Activation-aware Q1 only; unselected nested chain; nearest binary64; no full-distance claim.
"RM(3,7) [128,64,16] exact",fixed,128,64,24,16777216,33554432,262144,3355443,256,20,1024,6.57045678049007,16,-11.8,0,96,4,192,nested-2a82e8308c92b0e5,workstreams/finite_asymptotic_theory/landscape_db/activation_pilot_scaling_v1/maps/t256_s20.json,Activation-aware Q1 only; unselected nested chain; nearest binary64; no full-distance claim.
"RM(4,9) [512,256,32] exact",fixed,512,256,24,16777216,33554432,65536,3355443,256,20,256,35.168148551462906,32,-11.4,0,96,4,192,nested-2a82e8308c92b0e5,workstreams/finite_asymptotic_theory/landscape_db/activation_pilot_scaling_v1/maps/t256_s20.json,Activation-aware Q1 only; unselected nested chain; nearest binary64; no full-distance claim.
"random full-rank [64,32] reused",random-ensemble-average,64,32,24,16777216,33554432,524288,3355443,256,20,2048,-8.781588420343464,5,-12.0,1,96,4,192,nested-2a82e8308c92b0e5,workstreams/finite_asymptotic_theory/landscape_db/activation_pilot_scaling_v1/maps/t256_s20.json,Activation-aware Q1 only; unselected nested chain; nearest binary64; no full-distance claim.
"random full-rank [128,64] reused",random-ensemble-average,128,64,24,16777216,33554432,262144,3355443,256,20,1024,14.996423461076189,6,-12.0,1,96,4,192,nested-2a82e8308c92b0e5,workstreams/finite_asymptotic_theory/landscape_db/activation_pilot_scaling_v1/maps/t256_s20.json,Activation-aware Q1 only; unselected nested chain; nearest binary64; no full-distance claim.
"random full-rank [512,256] reused",random-ensemble-average,512,256,24,16777216,33554432,65536,3355443,256,20,256,133.3046859919369,52,-10.7,0,96,4,192,nested-2a82e8308c92b0e5,workstreams/finite_asymptotic_theory/landscape_db/activation_pilot_scaling_v1/maps/t256_s20.json,Activation-aware Q1 only; unselected nested chain; nearest binary64; no full-distance claim.
