result_id,study,outer_id,inner_id,outer_family,outer_label,outer_model_kind,block_bits,dimension,minimum_distance,step_bits,state_bits,persistence_exponent,persistence_offset,map_tag,message_exponent,message_bits,output_bits,outer_rows,epochs_per_region,bad_weight,distance_target,occupation_min,occupation_max,coverage_kind,result_class,arithmetic,margin_bits,margin_bits_text,failure_upper_text,dominant_weight,source_path,source_sha256,source_locator,notes
b08a619f03878eb7f7857ee6,rm2sub_bch_q2_calibration,bch-b128-k64-fixed-exact-spectrum,rm2sub-t64-s16-calibration-selected-a16-kd6-k40,bch,"extended BCH [128,64,22] exact",fixed_exact_spectrum,128,64,22,64,16,22.0,9.0,calibration-selected,13,8192,16384,128,2,1638,0.1,2,2,single_occupation,diagnostic,nearest_binary64_diagnostic,78.29210929944058,,,,small_k_replay/rm2sub_q2_calibration_bch_k13_d100.csv,9b18a5ef462f6ced33cb08efb261d65a71accb4efba0215279b533419d682915,csv-line-7,
4e3d1b910c85105dc73acf78,rm2sub_bch_q2_calibration,bch-b128-k64-fixed-exact-spectrum,rm2sub-t64-s19-calibration-selected-a16-kd6-k40,bch,"extended BCH [128,64,22] exact",fixed_exact_spectrum,128,64,22,64,19,25.0,12.0,calibration-selected,13,8192,16384,128,2,1638,0.1,2,2,single_occupation,diagnostic,nearest_binary64_diagnostic,79.98421365315383,,,,small_k_replay/rm2sub_q2_calibration_bch_k13_d100.csv,9b18a5ef462f6ced33cb08efb261d65a71accb4efba0215279b533419d682915,csv-line-9,
15846b0daed2b2143e4594d2,rm2sub_bch_q2_calibration,bch-b32-k16-fixed-exact-spectrum,rm2sub-t64-s16-calibration-selected-a16-kd6-k40,bch,"extended BCH [32,16,8] exact",fixed_exact_spectrum,32,16,8,64,16,22.0,9.0,calibration-selected,13,8192,16384,512,8,1638,0.1,2,2,single_occupation,diagnostic,nearest_binary64_diagnostic,17.320511990818634,,,,small_k_replay/rm2sub_q2_calibration_bch_k13_d100.csv,9b18a5ef462f6ced33cb08efb261d65a71accb4efba0215279b533419d682915,csv-line-3,
0c9d1cd0999499ddf0514f99,rm2sub_bch_q2_calibration,bch-b32-k16-fixed-exact-spectrum,rm2sub-t64-s19-calibration-selected-a16-kd6-k40,bch,"extended BCH [32,16,8] exact",fixed_exact_spectrum,32,16,8,64,19,25.0,12.0,calibration-selected,13,8192,16384,512,8,1638,0.1,2,2,single_occupation,diagnostic,nearest_binary64_diagnostic,19.43477692448969,,,,small_k_replay/rm2sub_q2_calibration_bch_k13_d100.csv,9b18a5ef462f6ced33cb08efb261d65a71accb4efba0215279b533419d682915,csv-line-5,
2043be223a781ce60092beca,rm2sub_epoch_calibration_bch_q1,bch-b128-k64-fixed-exact-spectrum,rm2sub-t128-s19-calibration-selected-a48-kd6-k40,bch,"extended BCH [128,64,22] exact",fixed_exact_spectrum,128,64,22,128,19,26.0,13.0,calibration-selected,13,8192,16384,128,1,1638,0.1,1,1,single_occupation,diagnostic,nearest_binary64_diagnostic,38.26814372861058,,,22,small_k_replay/rm2sub_epoch_calibration_bch_q1_d100.csv,7f9298964523a2213ea1f6f0479b63e0f63ef2daecd68139272c8368ced9320b,csv-line-12,
2dbc8438c12c6cb68e9936a4,rm2sub_epoch_calibration_bch_q1,bch-b128-k64-fixed-exact-spectrum,rm2sub-t64-s20-calibration-selected-a16-kd8-k40,bch,"extended BCH [128,64,22] exact",fixed_exact_spectrum,128,64,22,64,20,26.0,13.0,calibration-selected,13,8192,16384,128,2,1638,0.1,1,1,single_occupation,diagnostic,nearest_binary64_diagnostic,38.775812328343434,,,22,small_k_replay/rm2sub_epoch_calibration_bch_q1_d100.csv,7f9298964523a2213ea1f6f0479b63e0f63ef2daecd68139272c8368ced9320b,csv-line-11,
841c1616a94fe4a90cf5ddfb,rm2sub_epoch_calibration_bch_q1,bch-b32-k16-fixed-exact-spectrum,rm2sub-t128-s19-calibration-selected-a48-kd6-k40,bch,"extended BCH [32,16,8] exact",fixed_exact_spectrum,32,16,8,128,19,26.0,13.0,calibration-selected,13,8192,16384,512,4,1638,0.1,1,1,single_occupation,diagnostic,nearest_binary64_diagnostic,10.532304320695948,,,8,small_k_replay/rm2sub_epoch_calibration_bch_q1_d100.csv,7f9298964523a2213ea1f6f0479b63e0f63ef2daecd68139272c8368ced9320b,csv-line-4,
74631a09198c2a5bce0439be,rm2sub_epoch_calibration_bch_q1,bch-b32-k16-fixed-exact-spectrum,rm2sub-t256-s18-calibration-selected-a96-kd4-k4576,bch,"extended BCH [32,16,8] exact",fixed_exact_spectrum,32,16,8,256,18,26.0,13.0,calibration-selected,13,8192,16384,512,2,1638,0.1,1,1,single_occupation,diagnostic,nearest_binary64_diagnostic,9.687933044899907,,,8,small_k_replay/rm2sub_epoch_calibration_bch_q1_d100.csv,7f9298964523a2213ea1f6f0479b63e0f63ef2daecd68139272c8368ced9320b,csv-line-5,
db464b7a9a80327ace5d982e,rm2sub_epoch_calibration_bch_q1,bch-b32-k16-fixed-exact-spectrum,rm2sub-t64-s20-calibration-selected-a16-kd8-k40,bch,"extended BCH [32,16,8] exact",fixed_exact_spectrum,32,16,8,64,20,26.0,13.0,calibration-selected,13,8192,16384,512,8,1638,0.1,1,1,single_occupation,diagnostic,nearest_binary64_diagnostic,11.255396443946442,,,8,small_k_replay/rm2sub_epoch_calibration_bch_q1_d100.csv,7f9298964523a2213ea1f6f0479b63e0f63ef2daecd68139272c8368ced9320b,csv-line-3,
3cfa1610a13bb73f18e3b7a7,rm2sub_epoch_calibration_bch_q1,bch-b128-k64-fixed-exact-spectrum,rm2sub-t128-s19-calibration-selected-a48-kd6-k40,bch,"extended BCH [128,64,22] exact",fixed_exact_spectrum,128,64,22,128,19,26.0,11.0,calibration-selected,15,32768,65536,512,4,6553,0.1,1,1,single_occupation,diagnostic,nearest_binary64_diagnostic,37.33462150655633,,,22,small_k_replay/rm2sub_epoch_calibration_bch_q1_d100.csv,7f9298964523a2213ea1f6f0479b63e0f63ef2daecd68139272c8368ced9320b,csv-line-15,
f922f7599ea047f2b8734cd5,rm2sub_epoch_calibration_bch_q1,bch-b128-k64-fixed-exact-spectrum,rm2sub-t256-s18-calibration-selected-a96-kd4-k4576,bch,"extended BCH [128,64,22] exact",fixed_exact_spectrum,128,64,22,256,18,26.0,11.0,calibration-selected,15,32768,65536,512,2,6553,0.1,1,1,single_occupation,diagnostic,nearest_binary64_diagnostic,37.024450591442594,,,22,small_k_replay/rm2sub_epoch_calibration_bch_q1_d100.csv,7f9298964523a2213ea1f6f0479b63e0f63ef2daecd68139272c8368ced9320b,csv-line-16,
8248b5130cf26d6b580b3458,rm2sub_epoch_calibration_bch_q1,bch-b128-k64-fixed-exact-spectrum,rm2sub-t64-s20-calibration-selected-a16-kd8-k40,bch,"extended BCH [128,64,22] exact",fixed_exact_spectrum,128,64,22,64,20,26.0,11.0,calibration-selected,15,32768,65536,512,8,6553,0.1,1,1,single_occupation,diagnostic,nearest_binary64_diagnostic,37.49967514341649,,,22,small_k_replay/rm2sub_epoch_calibration_bch_q1_d100.csv,7f9298964523a2213ea1f6f0479b63e0f63ef2daecd68139272c8368ced9320b,csv-line-14,
253eeb1a466d89ce85118bb2,rm2sub_epoch_calibration_bch_q1,bch-b32-k16-fixed-exact-spectrum,rm2sub-t128-s19-calibration-selected-a48-kd6-k40,bch,"extended BCH [32,16,8] exact",fixed_exact_spectrum,32,16,8,128,19,26.0,11.0,calibration-selected,15,32768,65536,2048,16,6553,0.1,1,1,single_occupation,diagnostic,nearest_binary64_diagnostic,9.265133444697621,,,8,small_k_replay/rm2sub_epoch_calibration_bch_q1_d100.csv,7f9298964523a2213ea1f6f0479b63e0f63ef2daecd68139272c8368ced9320b,csv-line-8,
ffe9a322837ee41acf21e248,rm2sub_epoch_calibration_bch_q1,bch-b32-k16-fixed-exact-spectrum,rm2sub-t256-s18-calibration-selected-a96-kd4-k4576,bch,"extended BCH [32,16,8] exact",fixed_exact_spectrum,32,16,8,256,18,26.0,11.0,calibration-selected,15,32768,65536,2048,8,6553,0.1,1,1,single_occupation,diagnostic,nearest_binary64_diagnostic,8.587845398947474,,,8,small_k_replay/rm2sub_epoch_calibration_bch_q1_d100.csv,7f9298964523a2213ea1f6f0479b63e0f63ef2daecd68139272c8368ced9320b,csv-line-9,
c5b462261b0531c83e712286,rm2sub_epoch_calibration_bch_q1,bch-b32-k16-fixed-exact-spectrum,rm2sub-t64-s20-calibration-selected-a16-kd8-k40,bch,"extended BCH [32,16,8] exact",fixed_exact_spectrum,32,16,8,64,20,26.0,11.0,calibration-selected,15,32768,65536,2048,32,6553,0.1,1,1,single_occupation,diagnostic,nearest_binary64_diagnostic,9.801456343833138,,,8,small_k_replay/rm2sub_epoch_calibration_bch_q1_d100.csv,7f9298964523a2213ea1f6f0479b63e0f63ef2daecd68139272c8368ced9320b,csv-line-7,
ca853f277818fb171510ed9b,rm2sub_rm49_t128_s13_q03_q08,rm-b512-k256-fixed-exact-spectrum,rm2sub-t128-s13-primary-tranche-selected-a56-kd4-k42016,rm,"RM(4,9) [512,256,32] exact",fixed_exact_spectrum,512,256,32,128,13,20.0,4.0,primary-tranche-selected,16,65536,131072,256,2,13107,0.1,3,3,single_occupation,diagnostic,nearest_binary64_diagnostic,77.43784823996134,,,,small_k_replay/rm2sub_q_ladder_rm49_t128_s13_d100.json,dc6ffd218931bb0ccc266bf98ef40baa3f73efc15305cc41eeed1ba91605e34b,occupation-3,Positive recurrence over regular and all-one RM rows.
8e82377670a947316382b9e1,rm2sub_rm49_t128_s13_q03_q08,rm-b512-k256-fixed-exact-spectrum,rm2sub-t128-s13-primary-tranche-selected-a56-kd4-k42016,rm,"RM(4,9) [512,256,32] exact",fixed_exact_spectrum,512,256,32,128,13,20.0,4.0,primary-tranche-selected,16,65536,131072,256,2,13107,0.1,4,4,single_occupation,diagnostic,nearest_binary64_diagnostic,103.79495234529304,,,,small_k_replay/rm2sub_q_ladder_rm49_t128_s13_d100.json,dc6ffd218931bb0ccc266bf98ef40baa3f73efc15305cc41eeed1ba91605e34b,occupation-4,Positive recurrence over regular and all-one RM rows.
d6cd368de8b720215faf7b20,rm2sub_rm49_t128_s13_q03_q08,rm-b512-k256-fixed-exact-spectrum,rm2sub-t128-s13-primary-tranche-selected-a56-kd4-k42016,rm,"RM(4,9) [512,256,32] exact",fixed_exact_spectrum,512,256,32,128,13,20.0,4.0,primary-tranche-selected,16,65536,131072,256,2,13107,0.1,5,5,single_occupation,diagnostic,nearest_binary64_diagnostic,122.33905406004403,,,,small_k_replay/rm2sub_q_ladder_rm49_t128_s13_d100.json,dc6ffd218931bb0ccc266bf98ef40baa3f73efc15305cc41eeed1ba91605e34b,occupation-5,Positive recurrence over regular and all-one RM rows.
2a9c39e6941373d005f0a8ff,rm2sub_rm49_t128_s13_q03_q08,rm-b512-k256-fixed-exact-spectrum,rm2sub-t128-s13-primary-tranche-selected-a56-kd4-k42016,rm,"RM(4,9) [512,256,32] exact",fixed_exact_spectrum,512,256,32,128,13,20.0,4.0,primary-tranche-selected,16,65536,131072,256,2,13107,0.1,6,6,single_occupation,diagnostic,nearest_binary64_diagnostic,150.95181012314765,,,,small_k_replay/rm2sub_q_ladder_rm49_t128_s13_d100.json,dc6ffd218931bb0ccc266bf98ef40baa3f73efc15305cc41eeed1ba91605e34b,occupation-6,Positive recurrence over regular and all-one RM rows.
2e4a987d3dddf1d5b9912922,rm2sub_rm49_t128_s13_q03_q08,rm-b512-k256-fixed-exact-spectrum,rm2sub-t128-s13-primary-tranche-selected-a56-kd4-k42016,rm,"RM(4,9) [512,256,32] exact",fixed_exact_spectrum,512,256,32,128,13,20.0,4.0,primary-tranche-selected,16,65536,131072,256,2,13107,0.1,7,7,single_occupation,diagnostic,nearest_binary64_diagnostic,162.59520789596746,,,,small_k_replay/rm2sub_q_ladder_rm49_t128_s13_d100.json,dc6ffd218931bb0ccc266bf98ef40baa3f73efc15305cc41eeed1ba91605e34b,occupation-7,Positive recurrence over regular and all-one RM rows.
7a4d0d493fd605c2423097ba,rm2sub_rm49_t128_s13_q03_q08,rm-b512-k256-fixed-exact-spectrum,rm2sub-t128-s13-primary-tranche-selected-a56-kd4-k42016,rm,"RM(4,9) [512,256,32] exact",fixed_exact_spectrum,512,256,32,128,13,20.0,4.0,primary-tranche-selected,16,65536,131072,256,2,13107,0.1,8,8,single_occupation,diagnostic,nearest_binary64_diagnostic,189.30972750829503,,,,small_k_replay/rm2sub_q_ladder_rm49_t128_s13_d100.json,dc6ffd218931bb0ccc266bf98ef40baa3f73efc15305cc41eeed1ba91605e34b,occupation-8,Positive recurrence over regular and all-one RM rows.
0e6c334a9a6236c898b5fb8c,rm2sub_rm49_t128_s14_primary_q1,random-b512-k256-random-ensemble-expectation,rm2sub-t128-s14-primary-tranche-selected-a48-kd4-k4928,random,"random full-rank [512,256] reused",random_ensemble_expectation,512,256,,128,14,21.0,5.0,primary-tranche-selected,16,65536,131072,256,2,13107,0.1,1,1,single_occupation,reference,nearest_binary64_diagnostic,139.47579321002777,,,52,small_k_replay/rm2sub_primary_q1_rm49_t128_s14_d100.csv,47da9bb9606e6d3a23dd193cddac2c44405a576d53e794764e76b1adb1c1aae7,csv-line-3,
b445e03b5e28b0f5fd7fdab5,rm2sub_rm49_t128_s14_primary_q1,rm-b512-k256-fixed-exact-spectrum,rm2sub-t128-s14-primary-tranche-selected-a48-kd4-k4928,rm,"RM(4,9) [512,256,32] exact",fixed_exact_spectrum,512,256,32,128,14,21.0,5.0,primary-tranche-selected,16,65536,131072,256,2,13107,0.1,1,1,single_occupation,diagnostic,nearest_binary64_diagnostic,42.5363120138745,,,32,small_k_replay/rm2sub_primary_q1_rm49_t128_s14_d100.csv,47da9bb9606e6d3a23dd193cddac2c44405a576d53e794764e76b1adb1c1aae7,csv-line-2,
92e26bd58464434f7890f9f8,rm2sub_rm49_t256_s12_q03_q08,rm-b512-k256-fixed-exact-spectrum,rm2sub-t256-s12-primary-tranche-selected-a120-kd4-k481600,rm,"RM(4,9) [512,256,32] exact",fixed_exact_spectrum,512,256,32,256,12,20.0,4.0,primary-tranche-selected,16,65536,131072,256,1,13107,0.1,3,3,single_occupation,diagnostic,nearest_binary64_diagnostic,69.02568193288063,,,,small_k_replay/rm2sub_q_ladder_rm49_t256_s12_d100.json,dcdbfe4c4b77d2dc4fa1c05d2c03b1c8800995f82d525f89dede8fb0d85c6adf,occupation-3,Positive recurrence over regular and all-one RM rows.
512476e5e35d24bcc5b36b2c,rm2sub_rm49_t256_s12_q03_q08,rm-b512-k256-fixed-exact-spectrum,rm2sub-t256-s12-primary-tranche-selected-a120-kd4-k481600,rm,"RM(4,9) [512,256,32] exact",fixed_exact_spectrum,512,256,32,256,12,20.0,4.0,primary-tranche-selected,16,65536,131072,256,1,13107,0.1,4,4,single_occupation,diagnostic,nearest_binary64_diagnostic,90.6317676157772,,,,small_k_replay/rm2sub_q_ladder_rm49_t256_s12_d100.json,dcdbfe4c4b77d2dc4fa1c05d2c03b1c8800995f82d525f89dede8fb0d85c6adf,occupation-4,Positive recurrence over regular and all-one RM rows.
b9709bc4d8997395f9f05605,rm2sub_rm49_t256_s12_q03_q08,rm-b512-k256-fixed-exact-spectrum,rm2sub-t256-s12-primary-tranche-selected-a120-kd4-k481600,rm,"RM(4,9) [512,256,32] exact",fixed_exact_spectrum,512,256,32,256,12,20.0,4.0,primary-tranche-selected,16,65536,131072,256,1,13107,0.1,5,5,single_occupation,diagnostic,nearest_binary64_diagnostic,95.57507913207117,,,,small_k_replay/rm2sub_q_ladder_rm49_t256_s12_d100.json,dcdbfe4c4b77d2dc4fa1c05d2c03b1c8800995f82d525f89dede8fb0d85c6adf,occupation-5,Positive recurrence over regular and all-one RM rows.
5cb5c2e3a34fca3846aa7838,rm2sub_rm49_t256_s12_q03_q08,rm-b512-k256-fixed-exact-spectrum,rm2sub-t256-s12-primary-tranche-selected-a120-kd4-k481600,rm,"RM(4,9) [512,256,32] exact",fixed_exact_spectrum,512,256,32,256,12,20.0,4.0,primary-tranche-selected,16,65536,131072,256,1,13107,0.1,6,6,single_occupation,diagnostic,nearest_binary64_diagnostic,109.20153621571536,,,,small_k_replay/rm2sub_q_ladder_rm49_t256_s12_d100.json,dcdbfe4c4b77d2dc4fa1c05d2c03b1c8800995f82d525f89dede8fb0d85c6adf,occupation-6,Positive recurrence over regular and all-one RM rows.
7df8c82031d2e8ed8fdc42bd,rm2sub_rm49_t256_s12_q03_q08,rm-b512-k256-fixed-exact-spectrum,rm2sub-t256-s12-primary-tranche-selected-a120-kd4-k481600,rm,"RM(4,9) [512,256,32] exact",fixed_exact_spectrum,512,256,32,256,12,20.0,4.0,primary-tranche-selected,16,65536,131072,256,1,13107,0.1,7,7,single_occupation,diagnostic,nearest_binary64_diagnostic,111.76994214050748,,,,small_k_replay/rm2sub_q_ladder_rm49_t256_s12_d100.json,dcdbfe4c4b77d2dc4fa1c05d2c03b1c8800995f82d525f89dede8fb0d85c6adf,occupation-7,Positive recurrence over regular and all-one RM rows.
1f1d083045223a8515df597a,rm2sub_rm49_t256_s12_q03_q08,rm-b512-k256-fixed-exact-spectrum,rm2sub-t256-s12-primary-tranche-selected-a120-kd4-k481600,rm,"RM(4,9) [512,256,32] exact",fixed_exact_spectrum,512,256,32,256,12,20.0,4.0,primary-tranche-selected,16,65536,131072,256,1,13107,0.1,8,8,single_occupation,diagnostic,nearest_binary64_diagnostic,83.92487310730937,,,,small_k_replay/rm2sub_q_ladder_rm49_t256_s12_d100.json,dcdbfe4c4b77d2dc4fa1c05d2c03b1c8800995f82d525f89dede8fb0d85c6adf,occupation-8,Positive recurrence over regular and all-one RM rows.
b0b4599c1cf42d1902be02aa,rm2sub_rm49_t64_s14_full_distance_certificate,rm-b512-k256-fixed-exact-spectrum,rm2sub-t64-s14-rm49-certificate-map-a24-kd6-k40,rm,"RM(4,9) [512,256,32] exact",fixed_exact_spectrum,512,256,32,64,14,20.0,4.0,rm49-certificate-map,16,65536,131072,256,4,13107,0.1,1,256,full_distance,certified,arb_256_outward,42.57798175627556,42.57798175627556,[1.523176871255521289789405701102375552093461859083080373215117088448001989e-13 +/- 4.29e-86],,small_k_replay/rm2sub_rm49_t64_s14_full_distance_outward.json,7efa61f29b91aede4773b382e78690743931bdbe720f20083c253470d4605432,full-distance-union,Database row indexes the certificate; the source receipt remains authoritative.
37b874855a6c29f3a3903e54,rm2sub_rm49_t64_s14_full_distance_certificate_components,rm-b512-k256-fixed-exact-spectrum,rm2sub-t64-s14-rm49-certificate-map-a24-kd6-k40,rm,"RM(4,9) [512,256,32] exact",fixed_exact_spectrum,512,256,32,64,14,20.0,4.0,rm49-certificate-map,16,65536,131072,256,4,13107,0.1,1,1,single_occupation,certified,arb_256_outward,42.57798175660753,,[1.523176870905044293899355046447020905761471203681411866166582799577996380e-13 +/- 4.08e-86],,small_k_replay/rm2sub_rm49_t64_s14_full_distance_outward.json,7efa61f29b91aede4773b382e78690743931bdbe720f20083c253470d4605432,component-0-q1_certificate,Component role: q1_certificate.
382b9323df8b3f067524c406,rm2sub_rm49_t64_s14_full_distance_certificate_components,rm-b512-k256-fixed-exact-spectrum,rm2sub-t64-s14-rm49-certificate-map-a24-kd6-k40,rm,"RM(4,9) [512,256,32] exact",fixed_exact_spectrum,512,256,32,64,14,20.0,4.0,rm49-certificate-map,16,65536,131072,256,4,13107,0.1,2,2,single_occupation,certified,arb_256_outward,74.61109427237861,,[3.46595256526595941503887262023594075963731072116257226582172981808697900e-23 +/- 5.54e-95],,small_k_replay/rm2sub_rm49_t64_s14_full_distance_outward.json,7efa61f29b91aede4773b382e78690743931bdbe720f20083c253470d4605432,component-1-q2_certificate,Component role: q2_certificate.
a556f7cabb7d4427f1649136,rm2sub_rm49_t64_s14_full_distance_certificate_components,rm-b512-k256-fixed-exact-spectrum,rm2sub-t64-s14-rm49-certificate-map-a24-kd6-k40,rm,"RM(4,9) [512,256,32] exact",fixed_exact_spectrum,512,256,32,64,14,20.0,4.0,rm49-certificate-map,16,65536,131072,256,4,13107,0.1,3,4,occupation_union,certified,arb_256_outward,83.10218770587281,,[9.63271686505850033394648749625744009523619272933472930242178891792810050e-26 +/- 3.64e-98],,small_k_replay/rm2sub_rm49_t64_s14_full_distance_outward.json,7efa61f29b91aede4773b382e78690743931bdbe720f20083c253470d4605432,component-2-q3_q4_certificate,Component role: q3_q4_certificate.
159b840b016055140bc5c149,rm2sub_rm49_t64_s14_full_distance_certificate_components,rm-b512-k256-fixed-exact-spectrum,rm2sub-t64-s14-rm49-certificate-map-a24-kd6-k40,rm,"RM(4,9) [512,256,32] exact",fixed_exact_spectrum,512,256,32,64,14,20.0,4.0,rm49-certificate-map,16,65536,131072,256,4,13107,0.1,5,29,occupation_union,certified,arb_256_outward,81.50299128222802,,[2.918467676948863118072735558770835428413815659343589357590448278211477693e-25 +/- 1.40e-98],,small_k_replay/rm2sub_rm49_t64_s14_full_distance_outward.json,7efa61f29b91aede4773b382e78690743931bdbe720f20083c253470d4605432,component-3-q05_q29_certificate,Component role: q05_q29_certificate.
9f6d778cfd4974c30d1d9d55,rm2sub_rm49_t64_s14_full_distance_certificate_components,rm-b512-k256-fixed-exact-spectrum,rm2sub-t64-s14-rm49-certificate-map-a24-kd6-k40,rm,"RM(4,9) [512,256,32] exact",fixed_exact_spectrum,512,256,32,64,14,20.0,4.0,rm49-certificate-map,16,65536,131072,256,4,13107,0.1,30,30,single_occupation,certified,arb_256_outward,1228.637966758792,,[1.390330960717271266536928302866126638034013075142665306203306943584348995e-370 +/- 5.26e-443],,small_k_replay/rm2sub_rm49_t64_s14_full_distance_outward.json,7efa61f29b91aede4773b382e78690743931bdbe720f20083c253470d4605432,component-4-q30_certificate,Component role: q30_certificate.
001d7f00abc94f82fbce8069,rm2sub_rm49_t64_s14_full_distance_certificate_components,rm-b512-k256-fixed-exact-spectrum,rm2sub-t64-s14-rm49-certificate-map-a24-kd6-k40,rm,"RM(4,9) [512,256,32] exact",fixed_exact_spectrum,512,256,32,64,14,20.0,4.0,rm49-certificate-map,16,65536,131072,256,4,13107,0.1,31,256,occupation_union,certified,arb_256_outward,1293.4443584022868,,[4.3097333306622215389407949124589093540853429939683892245090880800463551367e-390 +/- 6.47e-464],,small_k_replay/rm2sub_rm49_t64_s14_full_distance_outward.json,7efa61f29b91aede4773b382e78690743931bdbe720f20083c253470d4605432,component-5-q031_q256_certificate,Component role: q031_q256_certificate.
41370d04d65083175b3703eb,rm2sub_rm49_t64_s14_q03_q08,rm-b512-k256-fixed-exact-spectrum,rm2sub-t64-s14-rm49-certificate-map-a24-kd6-k40,rm,"RM(4,9) [512,256,32] exact",fixed_exact_spectrum,512,256,32,64,14,20.0,4.0,rm49-certificate-map,16,65536,131072,256,4,13107,0.1,3,3,single_occupation,diagnostic,nearest_binary64_diagnostic,82.41355248355406,,,,small_k_replay/rm2sub_q_ladder_rm49_t64_s14_d100.json,5589a2e2d73115630dbb12f87e93fb7dfae1ece8c0c17e9bf5df05694e99f876,occupation-3,Positive recurrence over regular and all-one RM rows.
0e666559bbd1591605088783,rm2sub_rm49_t64_s14_q03_q08,rm-b512-k256-fixed-exact-spectrum,rm2sub-t64-s14-rm49-certificate-map-a24-kd6-k40,rm,"RM(4,9) [512,256,32] exact",fixed_exact_spectrum,512,256,32,64,14,20.0,4.0,rm49-certificate-map,16,65536,131072,256,4,13107,0.1,4,4,single_occupation,diagnostic,nearest_binary64_diagnostic,110.16800888239896,,,,small_k_replay/rm2sub_q_ladder_rm49_t64_s14_d100.json,5589a2e2d73115630dbb12f87e93fb7dfae1ece8c0c17e9bf5df05694e99f876,occupation-4,Positive recurrence over regular and all-one RM rows.
c795b4ec69564f55ac976cea,rm2sub_rm49_t64_s14_q03_q08,rm-b512-k256-fixed-exact-spectrum,rm2sub-t64-s14-rm49-certificate-map-a24-kd6-k40,rm,"RM(4,9) [512,256,32] exact",fixed_exact_spectrum,512,256,32,64,14,20.0,4.0,rm49-certificate-map,16,65536,131072,256,4,13107,0.1,5,5,single_occupation,diagnostic,nearest_binary64_diagnostic,135.42305019908252,,,,small_k_replay/rm2sub_q_ladder_rm49_t64_s14_d100.json,5589a2e2d73115630dbb12f87e93fb7dfae1ece8c0c17e9bf5df05694e99f876,occupation-5,Positive recurrence over regular and all-one RM rows.
5989b78cb6993cb5805cdecd,rm2sub_rm49_t64_s14_q03_q08,rm-b512-k256-fixed-exact-spectrum,rm2sub-t64-s14-rm49-certificate-map-a24-kd6-k40,rm,"RM(4,9) [512,256,32] exact",fixed_exact_spectrum,512,256,32,64,14,20.0,4.0,rm49-certificate-map,16,65536,131072,256,4,13107,0.1,6,6,single_occupation,diagnostic,nearest_binary64_diagnostic,166.8472861780172,,,,small_k_replay/rm2sub_q_ladder_rm49_t64_s14_d100.json,5589a2e2d73115630dbb12f87e93fb7dfae1ece8c0c17e9bf5df05694e99f876,occupation-6,Positive recurrence over regular and all-one RM rows.
ec9da5edfd83b2c244d02244,rm2sub_rm49_t64_s14_q03_q08,rm-b512-k256-fixed-exact-spectrum,rm2sub-t64-s14-rm49-certificate-map-a24-kd6-k40,rm,"RM(4,9) [512,256,32] exact",fixed_exact_spectrum,512,256,32,64,14,20.0,4.0,rm49-certificate-map,16,65536,131072,256,4,13107,0.1,7,7,single_occupation,diagnostic,nearest_binary64_diagnostic,174.88425059558648,,,,small_k_replay/rm2sub_q_ladder_rm49_t64_s14_d100.json,5589a2e2d73115630dbb12f87e93fb7dfae1ece8c0c17e9bf5df05694e99f876,occupation-7,Positive recurrence over regular and all-one RM rows.
538331a210a6d6fc27b893af,rm2sub_rm49_t64_s14_q03_q08,rm-b512-k256-fixed-exact-spectrum,rm2sub-t64-s14-rm49-certificate-map-a24-kd6-k40,rm,"RM(4,9) [512,256,32] exact",fixed_exact_spectrum,512,256,32,64,14,20.0,4.0,rm49-certificate-map,16,65536,131072,256,4,13107,0.1,8,8,single_occupation,diagnostic,nearest_binary64_diagnostic,217.45823898583632,,,,small_k_replay/rm2sub_q_ladder_rm49_t64_s14_d100.json,5589a2e2d73115630dbb12f87e93fb7dfae1ece8c0c17e9bf5df05694e99f876,occupation-8,Positive recurrence over regular and all-one RM rows.
7f49d24fa28fe8a8420e375c,rm2sub_rm49_t64_s14_q09_q16,rm-b512-k256-fixed-exact-spectrum,rm2sub-t64-s14-rm49-certificate-map-a24-kd6-k40,rm,"RM(4,9) [512,256,32] exact",fixed_exact_spectrum,512,256,32,64,14,20.0,4.0,rm49-certificate-map,16,65536,131072,256,4,13107,0.1,9,9,single_occupation,diagnostic,nearest_binary64_diagnostic,238.46379516658212,,,,small_k_replay/rm2sub_q_ladder_rm49_t64_s14_q09_q16_d100.json,eaed31eead88639e144ef19dc1ec3e711e05f434aead8c90bbaf1f36a9f1b825,occupation-9,Positive recurrence over regular and all-one RM rows.
7687163a3b273bcab5dcc192,rm2sub_rm49_t64_s14_q09_q16,rm-b512-k256-fixed-exact-spectrum,rm2sub-t64-s14-rm49-certificate-map-a24-kd6-k40,rm,"RM(4,9) [512,256,32] exact",fixed_exact_spectrum,512,256,32,64,14,20.0,4.0,rm49-certificate-map,16,65536,131072,256,4,13107,0.1,10,10,single_occupation,diagnostic,nearest_binary64_diagnostic,252.5376126817322,,,,small_k_replay/rm2sub_q_ladder_rm49_t64_s14_q09_q16_d100.json,eaed31eead88639e144ef19dc1ec3e711e05f434aead8c90bbaf1f36a9f1b825,occupation-10,Positive recurrence over regular and all-one RM rows.
119c97be5c915a419404cb93,rm2sub_rm49_t64_s14_q09_q16,rm-b512-k256-fixed-exact-spectrum,rm2sub-t64-s14-rm49-certificate-map-a24-kd6-k40,rm,"RM(4,9) [512,256,32] exact",fixed_exact_spectrum,512,256,32,64,14,20.0,4.0,rm49-certificate-map,16,65536,131072,256,4,13107,0.1,11,11,single_occupation,diagnostic,nearest_binary64_diagnostic,275.00046733937575,,,,small_k_replay/rm2sub_q_ladder_rm49_t64_s14_q09_q16_d100.json,eaed31eead88639e144ef19dc1ec3e711e05f434aead8c90bbaf1f36a9f1b825,occupation-11,Positive recurrence over regular and all-one RM rows.
de359e675fed60e93dec7fd2,rm2sub_rm49_t64_s14_q09_q16,rm-b512-k256-fixed-exact-spectrum,rm2sub-t64-s14-rm49-certificate-map-a24-kd6-k40,rm,"RM(4,9) [512,256,32] exact",fixed_exact_spectrum,512,256,32,64,14,20.0,4.0,rm49-certificate-map,16,65536,131072,256,4,13107,0.1,12,12,single_occupation,diagnostic,nearest_binary64_diagnostic,301.7164669203908,,,,small_k_replay/rm2sub_q_ladder_rm49_t64_s14_q09_q16_d100.json,eaed31eead88639e144ef19dc1ec3e711e05f434aead8c90bbaf1f36a9f1b825,occupation-12,Positive recurrence over regular and all-one RM rows.
66df42a2c86ea9fa9620bb6c,rm2sub_rm49_t64_s14_q09_q16,rm-b512-k256-fixed-exact-spectrum,rm2sub-t64-s14-rm49-certificate-map-a24-kd6-k40,rm,"RM(4,9) [512,256,32] exact",fixed_exact_spectrum,512,256,32,64,14,20.0,4.0,rm49-certificate-map,16,65536,131072,256,4,13107,0.1,13,13,single_occupation,diagnostic,nearest_binary64_diagnostic,319.8699353236052,,,,small_k_replay/rm2sub_q_ladder_rm49_t64_s14_q09_q16_d100.json,eaed31eead88639e144ef19dc1ec3e711e05f434aead8c90bbaf1f36a9f1b825,occupation-13,Positive recurrence over regular and all-one RM rows.
d9ee28c4941361aa386bb163,rm2sub_rm49_t64_s14_q09_q16,rm-b512-k256-fixed-exact-spectrum,rm2sub-t64-s14-rm49-certificate-map-a24-kd6-k40,rm,"RM(4,9) [512,256,32] exact",fixed_exact_spectrum,512,256,32,64,14,20.0,4.0,rm49-certificate-map,16,65536,131072,256,4,13107,0.1,14,14,single_occupation,diagnostic,nearest_binary64_diagnostic,321.37473536038937,,,,small_k_replay/rm2sub_q_ladder_rm49_t64_s14_q09_q16_d100.json,eaed31eead88639e144ef19dc1ec3e711e05f434aead8c90bbaf1f36a9f1b825,occupation-14,Positive recurrence over regular and all-one RM rows.
236f11d506e1354dea121ef6,rm2sub_rm49_t64_s14_q09_q16,rm-b512-k256-fixed-exact-spectrum,rm2sub-t64-s14-rm49-certificate-map-a24-kd6-k40,rm,"RM(4,9) [512,256,32] exact",fixed_exact_spectrum,512,256,32,64,14,20.0,4.0,rm49-certificate-map,16,65536,131072,256,4,13107,0.1,15,15,single_occupation,diagnostic,nearest_binary64_diagnostic,304.0649302935295,,,,small_k_replay/rm2sub_q_ladder_rm49_t64_s14_q09_q16_d100.json,eaed31eead88639e144ef19dc1ec3e711e05f434aead8c90bbaf1f36a9f1b825,occupation-15,Positive recurrence over regular and all-one RM rows.
34f6ba923d8e05164ee0e343,rm2sub_rm49_t64_s14_q09_q16,rm-b512-k256-fixed-exact-spectrum,rm2sub-t64-s14-rm49-certificate-map-a24-kd6-k40,rm,"RM(4,9) [512,256,32] exact",fixed_exact_spectrum,512,256,32,64,14,20.0,4.0,rm49-certificate-map,16,65536,131072,256,4,13107,0.1,16,16,single_occupation,diagnostic,nearest_binary64_diagnostic,349.82967854028306,,,,small_k_replay/rm2sub_q_ladder_rm49_t64_s14_q09_q16_d100.json,eaed31eead88639e144ef19dc1ec3e711e05f434aead8c90bbaf1f36a9f1b825,occupation-16,Positive recurrence over regular and all-one RM rows.
03f7deec9d5b92c6e7fb4f81,rm2sub_rm49_t64_s14_q17_q32,rm-b512-k256-fixed-exact-spectrum,rm2sub-t64-s14-rm49-certificate-map-a24-kd6-k40,rm,"RM(4,9) [512,256,32] exact",fixed_exact_spectrum,512,256,32,64,14,20.0,4.0,rm49-certificate-map,16,65536,131072,256,4,13107,0.1,17,17,single_occupation,diagnostic,nearest_binary64_diagnostic,350.6849358386878,,,,small_k_replay/rm2sub_q_ladder_rm49_t64_s14_q17_q32_d100.json,1dd0cd6f6a4c28ba49a11be3ea4d1648d63a503b18decc857c6d38d010213303,occupation-17,Positive recurrence over regular and all-one RM rows.
a2672eaa97eeee9ce38e2356,rm2sub_rm49_t64_s14_q17_q32,rm-b512-k256-fixed-exact-spectrum,rm2sub-t64-s14-rm49-certificate-map-a24-kd6-k40,rm,"RM(4,9) [512,256,32] exact",fixed_exact_spectrum,512,256,32,64,14,20.0,4.0,rm49-certificate-map,16,65536,131072,256,4,13107,0.1,18,18,single_occupation,diagnostic,nearest_binary64_diagnostic,319.51563599085,,,,small_k_replay/rm2sub_q_ladder_rm49_t64_s14_q17_q32_d100.json,1dd0cd6f6a4c28ba49a11be3ea4d1648d63a503b18decc857c6d38d010213303,occupation-18,Positive recurrence over regular and all-one RM rows.
b98f14c892b53e15f63e2650,rm2sub_rm49_t64_s14_q17_q32,rm-b512-k256-fixed-exact-spectrum,rm2sub-t64-s14-rm49-certificate-map-a24-kd6-k40,rm,"RM(4,9) [512,256,32] exact",fixed_exact_spectrum,512,256,32,64,14,20.0,4.0,rm49-certificate-map,16,65536,131072,256,4,13107,0.1,19,19,single_occupation,diagnostic,nearest_binary64_diagnostic,356.5899088083294,,,,small_k_replay/rm2sub_q_ladder_rm49_t64_s14_q17_q32_d100.json,1dd0cd6f6a4c28ba49a11be3ea4d1648d63a503b18decc857c6d38d010213303,occupation-19,Positive recurrence over regular and all-one RM rows.
852cdb04bc9157438f1186db,rm2sub_rm49_t64_s14_q17_q32,rm-b512-k256-fixed-exact-spectrum,rm2sub-t64-s14-rm49-certificate-map-a24-kd6-k40,rm,"RM(4,9) [512,256,32] exact",fixed_exact_spectrum,512,256,32,64,14,20.0,4.0,rm49-certificate-map,16,65536,131072,256,4,13107,0.1,20,20,single_occupation,diagnostic,nearest_binary64_diagnostic,320.3395819896655,,,,small_k_replay/rm2sub_q_ladder_rm49_t64_s14_q17_q32_d100.json,1dd0cd6f6a4c28ba49a11be3ea4d1648d63a503b18decc857c6d38d010213303,occupation-20,Positive recurrence over regular and all-one RM rows.
f55e5ada088acd8ab049c7f6,rm2sub_rm49_t64_s14_q17_q32,rm-b512-k256-fixed-exact-spectrum,rm2sub-t64-s14-rm49-certificate-map-a24-kd6-k40,rm,"RM(4,9) [512,256,32] exact",fixed_exact_spectrum,512,256,32,64,14,20.0,4.0,rm49-certificate-map,16,65536,131072,256,4,13107,0.1,21,21,single_occupation,diagnostic,nearest_binary64_diagnostic,335.1547114010127,,,,small_k_replay/rm2sub_q_ladder_rm49_t64_s14_q17_q32_d100.json,1dd0cd6f6a4c28ba49a11be3ea4d1648d63a503b18decc857c6d38d010213303,occupation-21,Positive recurrence over regular and all-one RM rows.
de28be8e7449a14576f616cc,rm2sub_rm49_t64_s14_q17_q32,rm-b512-k256-fixed-exact-spectrum,rm2sub-t64-s14-rm49-certificate-map-a24-kd6-k40,rm,"RM(4,9) [512,256,32] exact",fixed_exact_spectrum,512,256,32,64,14,20.0,4.0,rm49-certificate-map,16,65536,131072,256,4,13107,0.1,22,22,single_occupation,diagnostic,nearest_binary64_diagnostic,298.3360934287937,,,,small_k_replay/rm2sub_q_ladder_rm49_t64_s14_q17_q32_d100.json,1dd0cd6f6a4c28ba49a11be3ea4d1648d63a503b18decc857c6d38d010213303,occupation-22,Positive recurrence over regular and all-one RM rows.
fb6fbfe8b9887a51f5bc3b6f,rm2sub_rm49_t64_s14_q17_q32,rm-b512-k256-fixed-exact-spectrum,rm2sub-t64-s14-rm49-certificate-map-a24-kd6-k40,rm,"RM(4,9) [512,256,32] exact",fixed_exact_spectrum,512,256,32,64,14,20.0,4.0,rm49-certificate-map,16,65536,131072,256,4,13107,0.1,23,23,single_occupation,diagnostic,nearest_binary64_diagnostic,294.6559448222836,,,,small_k_replay/rm2sub_q_ladder_rm49_t64_s14_q17_q32_d100.json,1dd0cd6f6a4c28ba49a11be3ea4d1648d63a503b18decc857c6d38d010213303,occupation-23,Positive recurrence over regular and all-one RM rows.
d396020a412d7d79f75b0773,rm2sub_rm49_t64_s14_q17_q32,rm-b512-k256-fixed-exact-spectrum,rm2sub-t64-s14-rm49-certificate-map-a24-kd6-k40,rm,"RM(4,9) [512,256,32] exact",fixed_exact_spectrum,512,256,32,64,14,20.0,4.0,rm49-certificate-map,16,65536,131072,256,4,13107,0.1,24,24,single_occupation,diagnostic,nearest_binary64_diagnostic,246.83475520858926,,,,small_k_replay/rm2sub_q_ladder_rm49_t64_s14_q17_q32_d100.json,1dd0cd6f6a4c28ba49a11be3ea4d1648d63a503b18decc857c6d38d010213303,occupation-24,Positive recurrence over regular and all-one RM rows.
6049c2fd9b64d1c9543f0dba,rm2sub_rm49_t64_s14_q17_q32,rm-b512-k256-fixed-exact-spectrum,rm2sub-t64-s14-rm49-certificate-map-a24-kd6-k40,rm,"RM(4,9) [512,256,32] exact",fixed_exact_spectrum,512,256,32,64,14,20.0,4.0,rm49-certificate-map,16,65536,131072,256,4,13107,0.1,25,25,single_occupation,diagnostic,nearest_binary64_diagnostic,233.88153354889147,,,,small_k_replay/rm2sub_q_ladder_rm49_t64_s14_q17_q32_d100.json,1dd0cd6f6a4c28ba49a11be3ea4d1648d63a503b18decc857c6d38d010213303,occupation-25,Positive recurrence over regular and all-one RM rows.
787d5ea5f7e896a8bbcd4e6f,rm2sub_rm49_t64_s14_q17_q32,rm-b512-k256-fixed-exact-spectrum,rm2sub-t64-s14-rm49-certificate-map-a24-kd6-k40,rm,"RM(4,9) [512,256,32] exact",fixed_exact_spectrum,512,256,32,64,14,20.0,4.0,rm49-certificate-map,16,65536,131072,256,4,13107,0.1,26,26,single_occupation,diagnostic,nearest_binary64_diagnostic,165.2337730395169,,,,small_k_replay/rm2sub_q_ladder_rm49_t64_s14_q17_q32_d100.json,1dd0cd6f6a4c28ba49a11be3ea4d1648d63a503b18decc857c6d38d010213303,occupation-26,Positive recurrence over regular and all-one RM rows.
ede8efe241d413583a96923e,rm2sub_rm49_t64_s14_q17_q32,rm-b512-k256-fixed-exact-spectrum,rm2sub-t64-s14-rm49-certificate-map-a24-kd6-k40,rm,"RM(4,9) [512,256,32] exact",fixed_exact_spectrum,512,256,32,64,14,20.0,4.0,rm49-certificate-map,16,65536,131072,256,4,13107,0.1,27,27,single_occupation,diagnostic,nearest_binary64_diagnostic,147.62913123787297,,,,small_k_replay/rm2sub_q_ladder_rm49_t64_s14_q17_q32_d100.json,1dd0cd6f6a4c28ba49a11be3ea4d1648d63a503b18decc857c6d38d010213303,occupation-27,Positive recurrence over regular and all-one RM rows.
437b2c13bb88c3103a466ebd,rm2sub_rm49_t64_s14_q17_q32,rm-b512-k256-fixed-exact-spectrum,rm2sub-t64-s14-rm49-certificate-map-a24-kd6-k40,rm,"RM(4,9) [512,256,32] exact",fixed_exact_spectrum,512,256,32,64,14,20.0,4.0,rm49-certificate-map,16,65536,131072,256,4,13107,0.1,28,28,single_occupation,diagnostic,nearest_binary64_diagnostic,77.15867342733497,,,,small_k_replay/rm2sub_q_ladder_rm49_t64_s14_q17_q32_d100.json,1dd0cd6f6a4c28ba49a11be3ea4d1648d63a503b18decc857c6d38d010213303,occupation-28,Positive recurrence over regular and all-one RM rows.
97595bf26cffbbd4235a9046,rm2sub_rm49_t64_s14_q17_q32,rm-b512-k256-fixed-exact-spectrum,rm2sub-t64-s14-rm49-certificate-map-a24-kd6-k40,rm,"RM(4,9) [512,256,32] exact",fixed_exact_spectrum,512,256,32,64,14,20.0,4.0,rm49-certificate-map,16,65536,131072,256,4,13107,0.1,29,29,single_occupation,diagnostic,nearest_binary64_diagnostic,30.682627655272675,,,,small_k_replay/rm2sub_q_ladder_rm49_t64_s14_q17_q32_d100.json,1dd0cd6f6a4c28ba49a11be3ea4d1648d63a503b18decc857c6d38d010213303,occupation-29,Positive recurrence over regular and all-one RM rows.
82bce14a6ba7502b61e1e930,rm2sub_rm49_t64_s14_q17_q32,rm-b512-k256-fixed-exact-spectrum,rm2sub-t64-s14-rm49-certificate-map-a24-kd6-k40,rm,"RM(4,9) [512,256,32] exact",fixed_exact_spectrum,512,256,32,64,14,20.0,4.0,rm49-certificate-map,16,65536,131072,256,4,13107,0.1,30,30,single_occupation,diagnostic,nearest_binary64_diagnostic,-32.0966580668841,,,,small_k_replay/rm2sub_q_ladder_rm49_t64_s14_q17_q32_d100.json,1dd0cd6f6a4c28ba49a11be3ea4d1648d63a503b18decc857c6d38d010213303,occupation-30,Positive recurrence over regular and all-one RM rows.
79bd298280d55c75b6f6f3e1,rm2sub_rm49_t64_s14_q17_q32,rm-b512-k256-fixed-exact-spectrum,rm2sub-t64-s14-rm49-certificate-map-a24-kd6-k40,rm,"RM(4,9) [512,256,32] exact",fixed_exact_spectrum,512,256,32,64,14,20.0,4.0,rm49-certificate-map,16,65536,131072,256,4,13107,0.1,31,31,single_occupation,diagnostic,nearest_binary64_diagnostic,-121.15641563461038,,,,small_k_replay/rm2sub_q_ladder_rm49_t64_s14_q17_q32_d100.json,1dd0cd6f6a4c28ba49a11be3ea4d1648d63a503b18decc857c6d38d010213303,occupation-31,Positive recurrence over regular and all-one RM rows.
92b345b88755a637735a136d,rm2sub_rm49_t64_s14_q17_q32,rm-b512-k256-fixed-exact-spectrum,rm2sub-t64-s14-rm49-certificate-map-a24-kd6-k40,rm,"RM(4,9) [512,256,32] exact",fixed_exact_spectrum,512,256,32,64,14,20.0,4.0,rm49-certificate-map,16,65536,131072,256,4,13107,0.1,32,32,single_occupation,diagnostic,nearest_binary64_diagnostic,-179.23379229618396,,,,small_k_replay/rm2sub_q_ladder_rm49_t64_s14_q17_q32_d100.json,1dd0cd6f6a4c28ba49a11be3ea4d1648d63a503b18decc857c6d38d010213303,occupation-32,Positive recurrence over regular and all-one RM rows.
7f02788f69ae23c1819fba29,rm2sub_rm49_t64_s14_q1_geometry,random-b512-k256-random-ensemble-expectation,rm2sub-t64-s14-rm49-certificate-map-a24-kd6-k40,random,"random full-rank [512,256] reused",random_ensemble_expectation,512,256,,64,14,20.0,4.0,rm49-certificate-map,16,65536,131072,256,4,13107,0.1,1,1,single_occupation,reference,nearest_binary64_diagnostic,139.56650291741653,,,52,small_k_replay/rm2sub_epoch_geometry_rm49_t64_s14_q1_d100.csv,d1077723a944f354d7abbf018be6d8db2b9933eea957c6cc12bae59769de09f2,csv-line-3,
ac868106c153e0d8240d0400,rm2sub_rm49_t64_s14_q1_geometry,rm-b512-k256-fixed-exact-spectrum,rm2sub-t64-s14-rm49-certificate-map-a24-kd6-k40,rm,"RM(4,9) [512,256,32] exact",fixed_exact_spectrum,512,256,32,64,14,20.0,4.0,rm49-certificate-map,16,65536,131072,256,4,13107,0.1,1,1,single_occupation,diagnostic,nearest_binary64_diagnostic,42.57798175660809,,,32,small_k_replay/rm2sub_epoch_geometry_rm49_t64_s14_q1_d100.csv,d1077723a944f354d7abbf018be6d8db2b9933eea957c6cc12bae59769de09f2,csv-line-2,
9c5e18bd06ebe7c794a1eea7,rm2sub_rm49_t64_s14_q2_geometry,random-b512-k256-random-ensemble-expectation,rm2sub-t64-s14-rm49-certificate-map-a24-kd6-k40,random,"random full-rank [512,256] reused",random_ensemble_expectation,512,256,,64,14,20.0,4.0,rm49-certificate-map,16,65536,131072,256,4,13107,0.1,1,1,single_occupation,reference,nearest_binary64_diagnostic,135.60321616970873,,,44,small_k_replay/rm2sub_epoch_geometry_rm49_t64_s14_q2_d100.csv,e574e8cc48bdcee0f3878ac7b2bf3cd83af3b84011afcafa9ec84b870c40d7c0,csv-line-3,
7fe760ceed1f4a2ff0b43e6f,rm2sub_rm49_t64_s14_q2_geometry,rm-b512-k256-fixed-exact-spectrum,rm2sub-t64-s14-rm49-certificate-map-a24-kd6-k40,rm,"RM(4,9) [512,256,32] exact",fixed_exact_spectrum,512,256,32,64,14,20.0,4.0,rm49-certificate-map,16,65536,131072,256,4,13107,0.1,1,1,single_occupation,diagnostic,nearest_binary64_diagnostic,42.16259049979557,,,32,small_k_replay/rm2sub_epoch_geometry_rm49_t64_s14_q2_d100.csv,e574e8cc48bdcee0f3878ac7b2bf3cd83af3b84011afcafa9ec84b870c40d7c0,csv-line-2,
2767ebbe823d2feb71dd7fa0,rm2sub_rm49_t64_s14_q2_geometry,rm-b512-k256-fixed-exact-spectrum,rm2sub-t64-s14-rm49-certificate-map-a24-kd6-k40,rm,"RM(4,9) [512,256,32] exact",fixed_exact_spectrum,512,256,32,64,14,20.0,4.0,rm49-certificate-map,16,65536,131072,256,4,13107,0.1,2,2,single_occupation,diagnostic,nearest_binary64_diagnostic,87.41506162741018,,,,small_k_replay/rm2sub_epoch_geometry_rm49_t64_s14_q2_d100.csv,e574e8cc48bdcee0f3878ac7b2bf3cd83af3b84011afcafa9ec84b870c40d7c0,csv-line-4,
59b47827dda9e89fe859a3f9,rm2sub_t64_matched_persistence_family_curve,bch-b8-k4-fixed-exact-spectrum,rm2sub-t64-s7-family-scan-selected-anone-kdnone-k4none,bch,"extended BCH [8,4,4] exact",fixed_exact_spectrum,8,4,4,64,7,13.0,5.0,family-scan-selected,8,256,512,64,1,51,0.1,1,1,single_occupation,diagnostic,nearest_binary64_diagnostic,20.360543531742746,,,4,small_k_replay/rate_half_family_k_margin_d100_rm2sub_t64_matched.csv,25ab6a5d0a055bea2c2304b2e4591745e3ee6c4e01edac241979fad8baa04b84,csv-line-2,
f60c7316f9399b2d4cce9426,rm2sub_t64_matched_persistence_family_curve,random-b8-k4-random-ensemble-expectation,rm2sub-t64-s7-family-scan-selected-anone-kdnone-k4none,random,"random full-rank [8,4] reused",random_ensemble_expectation,8,4,,64,7,13.0,5.0,family-scan-selected,8,256,512,64,1,51,0.1,1,1,single_occupation,reference,nearest_binary64_diagnostic,-5.2446114930208285,,,1,small_k_replay/rate_half_family_k_margin_d100_rm2sub_t64_matched.csv,25ab6a5d0a055bea2c2304b2e4591745e3ee6c4e01edac241979fad8baa04b84,csv-line-85,
880a4970291fa5695ba42d03,rm2sub_t64_matched_persistence_family_curve,rm-b8-k4-fixed-exact-spectrum,rm2sub-t64-s7-family-scan-selected-anone-kdnone-k4none,rm,"RM(1,3) [8,4,4] exact",fixed_exact_spectrum,8,4,4,64,7,13.0,5.0,family-scan-selected,8,256,512,64,1,51,0.1,1,1,single_occupation,diagnostic,nearest_binary64_diagnostic,20.360543531742746,,,4,small_k_replay/rate_half_family_k_margin_d100_rm2sub_t64_matched.csv,25ab6a5d0a055bea2c2304b2e4591745e3ee6c4e01edac241979fad8baa04b84,csv-line-45,
30ece440ca65a68095fa1305,rm2sub_t64_matched_persistence_family_curve,bch-b8-k4-fixed-exact-spectrum,rm2sub-t64-s7-family-scan-selected-anone-kdnone-k4none,bch,"extended BCH [8,4,4] exact",fixed_exact_spectrum,8,4,4,64,7,13.0,4.0,family-scan-selected,9,512,1024,128,2,102,0.1,1,1,single_occupation,diagnostic,nearest_binary64_diagnostic,1.040189009148237,,,4,small_k_replay/rate_half_family_k_margin_d100_rm2sub_t64_matched.csv,25ab6a5d0a055bea2c2304b2e4591745e3ee6c4e01edac241979fad8baa04b84,csv-line-3,
baeb2b290e4cc7aaede6e982,rm2sub_t64_matched_persistence_family_curve,random-b16-k8-random-ensemble-expectation,rm2sub-t64-s7-family-scan-selected-anone-kdnone-k4none,random,"random full-rank [16,8] reused",random_ensemble_expectation,16,8,,64,7,13.0,4.0,family-scan-selected,9,512,1024,64,1,102,0.1,1,1,single_occupation,reference,nearest_binary64_diagnostic,-3.6590403344509834,,,2,small_k_replay/rate_half_family_k_margin_d100_rm2sub_t64_matched.csv,25ab6a5d0a055bea2c2304b2e4591745e3ee6c4e01edac241979fad8baa04b84,csv-line-98,
5713458e631d4d775bdabde5,rm2sub_t64_matched_persistence_family_curve,random-b8-k4-random-ensemble-expectation,rm2sub-t64-s7-family-scan-selected-anone-kdnone-k4none,random,"random full-rank [8,4] reused",random_ensemble_expectation,8,4,,64,7,13.0,4.0,family-scan-selected,9,512,1024,128,2,102,0.1,1,1,single_occupation,reference,nearest_binary64_diagnostic,-6.018214878503897,,,1,small_k_replay/rate_half_family_k_margin_d100_rm2sub_t64_matched.csv,25ab6a5d0a055bea2c2304b2e4591745e3ee6c4e01edac241979fad8baa04b84,csv-line-86,
bcc33ea2e288caf95b7dd7f1,rm2sub_t64_matched_persistence_family_curve,rm-b8-k4-fixed-exact-spectrum,rm2sub-t64-s7-family-scan-selected-anone-kdnone-k4none,rm,"RM(1,3) [8,4,4] exact",fixed_exact_spectrum,8,4,4,64,7,13.0,4.0,family-scan-selected,9,512,1024,128,2,102,0.1,1,1,single_occupation,diagnostic,nearest_binary64_diagnostic,1.040189009148237,,,4,small_k_replay/rate_half_family_k_margin_d100_rm2sub_t64_matched.csv,25ab6a5d0a055bea2c2304b2e4591745e3ee6c4e01edac241979fad8baa04b84,csv-line-46,
5f28ebc295a36621519d47df,rm2sub_t64_matched_persistence_family_curve,bch-b32-k16-fixed-exact-spectrum,rm2sub-t64-s7-family-scan-selected-anone-kdnone-k4none,bch,"extended BCH [32,16,8] exact",fixed_exact_spectrum,32,16,8,64,7,13.0,3.0,family-scan-selected,10,1024,2048,64,1,204,0.1,1,1,single_occupation,diagnostic,nearest_binary64_diagnostic,4.195210586418991,,,8,small_k_replay/rate_half_family_k_margin_d100_rm2sub_t64_matched.csv,25ab6a5d0a055bea2c2304b2e4591745e3ee6c4e01edac241979fad8baa04b84,csv-line-15,
f5149d2c193d74c6e7a56ee1,rm2sub_t64_matched_persistence_family_curve,bch-b8-k4-fixed-exact-spectrum,rm2sub-t64-s7-family-scan-selected-anone-kdnone-k4none,bch,"extended BCH [8,4,4] exact",fixed_exact_spectrum,8,4,4,64,7,13.0,3.0,family-scan-selected,10,1024,2048,256,4,204,0.1,1,1,single_occupation,diagnostic,nearest_binary64_diagnostic,-0.09473412316662676,,,4,small_k_replay/rate_half_family_k_margin_d100_rm2sub_t64_matched.csv,25ab6a5d0a055bea2c2304b2e4591745e3ee6c4e01edac241979fad8baa04b84,csv-line-4,
1bb19896273b8141699a70db,rm2sub_t64_matched_persistence_family_curve,random-b16-k8-random-ensemble-expectation,rm2sub-t64-s7-family-scan-selected-anone-kdnone-k4none,random,"random full-rank [16,8] reused",random_ensemble_expectation,16,8,,64,7,13.0,3.0,family-scan-selected,10,1024,2048,128,2,204,0.1,1,1,single_occupation,reference,nearest_binary64_diagnostic,-4.494397219056154,,,2,small_k_replay/rate_half_family_k_margin_d100_rm2sub_t64_matched.csv,25ab6a5d0a055bea2c2304b2e4591745e3ee6c4e01edac241979fad8baa04b84,csv-line-99,
db1774f9a9c84e9909cef62f,rm2sub_t64_matched_persistence_family_curve,random-b32-k16-random-ensemble-expectation,rm2sub-t64-s7-family-scan-selected-anone-kdnone-k4none,random,"random full-rank [32,16] reused",random_ensemble_expectation,32,16,,64,7,13.0,3.0,family-scan-selected,10,1024,2048,64,1,204,0.1,1,1,single_occupation,reference,nearest_binary64_diagnostic,0.05083943696899814,,,4,small_k_replay/rate_half_family_k_margin_d100_rm2sub_t64_matched.csv,25ab6a5d0a055bea2c2304b2e4591745e3ee6c4e01edac241979fad8baa04b84,csv-line-110,
0905e9b06e6e4291c033138e,rm2sub_t64_matched_persistence_family_curve,random-b8-k4-random-ensemble-expectation,rm2sub-t64-s7-family-scan-selected-anone-kdnone-k4none,random,"random full-rank [8,4] reused",random_ensemble_expectation,8,4,,64,7,13.0,3.0,family-scan-selected,10,1024,2048,256,4,204,0.1,1,1,single_occupation,reference,nearest_binary64_diagnostic,-6.904914015489387,,,1,small_k_replay/rate_half_family_k_margin_d100_rm2sub_t64_matched.csv,25ab6a5d0a055bea2c2304b2e4591745e3ee6c4e01edac241979fad8baa04b84,csv-line-87,
da82369426de5c3af0480768,rm2sub_t64_matched_persistence_family_curve,rm-b32-k16-fixed-exact-spectrum,rm2sub-t64-s7-family-scan-selected-anone-kdnone-k4none,rm,"RM(2,5) [32,16,8] exact",fixed_exact_spectrum,32,16,8,64,7,13.0,3.0,family-scan-selected,10,1024,2048,64,1,204,0.1,1,1,single_occupation,diagnostic,nearest_binary64_diagnostic,4.195210586418991,,,8,small_k_replay/rate_half_family_k_margin_d100_rm2sub_t64_matched.csv,25ab6a5d0a055bea2c2304b2e4591745e3ee6c4e01edac241979fad8baa04b84,csv-line-58,
ef63a35079884c8690e9fef4,rm2sub_t64_matched_persistence_family_curve,rm-b8-k4-fixed-exact-spectrum,rm2sub-t64-s7-family-scan-selected-anone-kdnone-k4none,rm,"RM(1,3) [8,4,4] exact",fixed_exact_spectrum,8,4,4,64,7,13.0,3.0,family-scan-selected,10,1024,2048,256,4,204,0.1,1,1,single_occupation,diagnostic,nearest_binary64_diagnostic,-0.09473412316662676,,,4,small_k_replay/rate_half_family_k_margin_d100_rm2sub_t64_matched.csv,25ab6a5d0a055bea2c2304b2e4591745e3ee6c4e01edac241979fad8baa04b84,csv-line-47,
cfe85e6b3d6b1a9f64c1b201,rm2sub_t64_matched_persistence_family_curve,bch-b32-k16-fixed-exact-spectrum,rm2sub-t64-s7-family-scan-selected-anone-kdnone-k4none,bch,"extended BCH [32,16,8] exact",fixed_exact_spectrum,32,16,8,64,7,13.0,2.0,family-scan-selected,11,2048,4096,128,2,409,0.1,1,1,single_occupation,diagnostic,nearest_binary64_diagnostic,2.96770714626531,,,8,small_k_replay/rate_half_family_k_margin_d100_rm2sub_t64_matched.csv,25ab6a5d0a055bea2c2304b2e4591745e3ee6c4e01edac241979fad8baa04b84,csv-line-16,
917d06fd0cff7b44be96e991,rm2sub_t64_matched_persistence_family_curve,bch-b64-k32-fixed-exact-spectrum,rm2sub-t64-s7-family-scan-selected-anone-kdnone-k4none,bch,"Philips shortened-XBCH [64,32,12] exact",fixed_exact_spectrum,64,32,12,64,7,13.0,2.0,family-scan-selected,11,2048,4096,64,1,409,0.1,1,1,single_occupation,diagnostic,nearest_binary64_diagnostic,10.928207890352068,,,12,small_k_replay/rate_half_family_k_margin_d100_rm2sub_t64_matched.csv,25ab6a5d0a055bea2c2304b2e4591745e3ee6c4e01edac241979fad8baa04b84,csv-line-26,
83685589337f79c7c8a27a93,rm2sub_t64_matched_persistence_family_curve,bch-b8-k4-fixed-exact-spectrum,rm2sub-t64-s7-family-scan-selected-anone-kdnone-k4none,bch,"extended BCH [8,4,4] exact",fixed_exact_spectrum,8,4,4,64,7,13.0,2.0,family-scan-selected,11,2048,4096,512,8,409,0.1,1,1,single_occupation,diagnostic,nearest_binary64_diagnostic,-1.0550388267367996,,,4,small_k_replay/rate_half_family_k_margin_d100_rm2sub_t64_matched.csv,25ab6a5d0a055bea2c2304b2e4591745e3ee6c4e01edac241979fad8baa04b84,csv-line-5,
6a4c2e562d64d9126645df66,rm2sub_t64_matched_persistence_family_curve,random-b16-k8-random-ensemble-expectation,rm2sub-t64-s7-family-scan-selected-anone-kdnone-k4none,random,"random full-rank [16,8] reused",random_ensemble_expectation,16,8,,64,7,13.0,2.0,family-scan-selected,11,2048,4096,256,4,409,0.1,1,1,single_occupation,reference,nearest_binary64_diagnostic,-5.459806284090454,,,2,small_k_replay/rate_half_family_k_margin_d100_rm2sub_t64_matched.csv,25ab6a5d0a055bea2c2304b2e4591745e3ee6c4e01edac241979fad8baa04b84,csv-line-100,
9f840c5a0c4152f17d6cd6e2,rm2sub_t64_matched_persistence_family_curve,random-b32-k16-random-ensemble-expectation,rm2sub-t64-s7-family-scan-selected-anone-kdnone-k4none,random,"random full-rank [32,16] reused",random_ensemble_expectation,32,16,,64,7,13.0,2.0,family-scan-selected,11,2048,4096,128,2,409,0.1,1,1,single_occupation,reference,nearest_binary64_diagnostic,-0.8774517391075662,,,4,small_k_replay/rate_half_family_k_margin_d100_rm2sub_t64_matched.csv,25ab6a5d0a055bea2c2304b2e4591745e3ee6c4e01edac241979fad8baa04b84,csv-line-111,
602789f8abf81001160bdbbc,rm2sub_t64_matched_persistence_family_curve,random-b64-k32-random-ensemble-expectation,rm2sub-t64-s7-family-scan-selected-anone-kdnone-k4none,random,"random full-rank [64,32] reused",random_ensemble_expectation,64,32,,64,7,13.0,2.0,family-scan-selected,11,2048,4096,64,1,409,0.1,1,1,single_occupation,reference,nearest_binary64_diagnostic,7.4923026778782615,,,9,small_k_replay/rate_half_family_k_margin_d100_rm2sub_t64_matched.csv,25ab6a5d0a055bea2c2304b2e4591745e3ee6c4e01edac241979fad8baa04b84,csv-line-121,
f48a2e8ed3367fee119eedba,rm2sub_t64_matched_persistence_family_curve,random-b8-k4-random-ensemble-expectation,rm2sub-t64-s7-family-scan-selected-anone-kdnone-k4none,random,"random full-rank [8,4] reused",random_ensemble_expectation,8,4,,64,7,13.0,2.0,family-scan-selected,11,2048,4096,512,8,409,0.1,1,1,single_occupation,reference,nearest_binary64_diagnostic,-7.900694276013107,,,1,small_k_replay/rate_half_family_k_margin_d100_rm2sub_t64_matched.csv,25ab6a5d0a055bea2c2304b2e4591745e3ee6c4e01edac241979fad8baa04b84,csv-line-88,
120a971175bdc5303b71a491,rm2sub_t64_matched_persistence_family_curve,rm-b32-k16-fixed-exact-spectrum,rm2sub-t64-s7-family-scan-selected-anone-kdnone-k4none,rm,"RM(2,5) [32,16,8] exact",fixed_exact_spectrum,32,16,8,64,7,13.0,2.0,family-scan-selected,11,2048,4096,128,2,409,0.1,1,1,single_occupation,diagnostic,nearest_binary64_diagnostic,2.96770714626531,,,8,small_k_replay/rate_half_family_k_margin_d100_rm2sub_t64_matched.csv,25ab6a5d0a055bea2c2304b2e4591745e3ee6c4e01edac241979fad8baa04b84,csv-line-59,
27b1bf36c60a682040f818ed,rm2sub_t64_matched_persistence_family_curve,rm-b8-k4-fixed-exact-spectrum,rm2sub-t64-s7-family-scan-selected-anone-kdnone-k4none,rm,"RM(1,3) [8,4,4] exact",fixed_exact_spectrum,8,4,4,64,7,13.0,2.0,family-scan-selected,11,2048,4096,512,8,409,0.1,1,1,single_occupation,diagnostic,nearest_binary64_diagnostic,-1.0550388267367996,,,4,small_k_replay/rate_half_family_k_margin_d100_rm2sub_t64_matched.csv,25ab6a5d0a055bea2c2304b2e4591745e3ee6c4e01edac241979fad8baa04b84,csv-line-48,
bf49018cb433c27f0e8e1a07,rm2sub_t64_matched_persistence_family_curve,bch-b128-k64-fixed-exact-spectrum,rm2sub-t64-s8-family-scan-selected-anone-kdnone-k4none,bch,"extended BCH [128,64,22] exact",fixed_exact_spectrum,128,64,22,64,8,14.0,2.0,family-scan-selected,12,4096,8192,64,1,819,0.1,1,1,single_occupation,diagnostic,nearest_binary64_diagnostic,29.38569962762371,,,22,small_k_replay/rate_half_family_k_margin_d100_rm2sub_t64_matched.csv,25ab6a5d0a055bea2c2304b2e4591745e3ee6c4e01edac241979fad8baa04b84,csv-line-36,
7bb6a2ca4ba74d33d3d9af7a,rm2sub_t64_matched_persistence_family_curve,bch-b32-k16-fixed-exact-spectrum,rm2sub-t64-s8-family-scan-selected-anone-kdnone-k4none,bch,"extended BCH [32,16,8] exact",fixed_exact_spectrum,32,16,8,64,8,14.0,2.0,family-scan-selected,12,4096,8192,256,4,819,0.1,1,1,single_occupation,diagnostic,nearest_binary64_diagnostic,3.495338689689831,,,8,small_k_replay/rate_half_family_k_margin_d100_rm2sub_t64_matched.csv,25ab6a5d0a055bea2c2304b2e4591745e3ee6c4e01edac241979fad8baa04b84,csv-line-17,
5fde87faf150a8e98b018c5a,rm2sub_t64_matched_persistence_family_curve,bch-b64-k32-fixed-exact-spectrum,rm2sub-t64-s8-family-scan-selected-anone-kdnone-k4none,bch,"Philips shortened-XBCH [64,32,12] exact",fixed_exact_spectrum,64,32,12,64,8,14.0,2.0,family-scan-selected,12,4096,8192,128,2,819,0.1,1,1,single_occupation,diagnostic,nearest_binary64_diagnostic,11.777079540509082,,,12,small_k_replay/rate_half_family_k_margin_d100_rm2sub_t64_matched.csv,25ab6a5d0a055bea2c2304b2e4591745e3ee6c4e01edac241979fad8baa04b84,csv-line-27,
58c7208532322bd477352d75,rm2sub_t64_matched_persistence_family_curve,bch-b8-k4-fixed-exact-spectrum,rm2sub-t64-s8-family-scan-selected-anone-kdnone-k4none,bch,"extended BCH [8,4,4] exact",fixed_exact_spectrum,8,4,4,64,8,14.0,2.0,family-scan-selected,12,4096,8192,1024,16,819,0.1,1,1,single_occupation,diagnostic,nearest_binary64_diagnostic,-0.9035430044723809,,,4,small_k_replay/rate_half_family_k_margin_d100_rm2sub_t64_matched.csv,25ab6a5d0a055bea2c2304b2e4591745e3ee6c4e01edac241979fad8baa04b84,csv-line-6,
906ff56f2e19a3e9b0634d23,rm2sub_t64_matched_persistence_family_curve,random-b128-k64-random-ensemble-expectation,rm2sub-t64-s8-family-scan-selected-anone-kdnone-k4none,random,"random full-rank [128,64] reused",random_ensemble_expectation,128,64,,64,8,14.0,2.0,family-scan-selected,12,4096,8192,64,1,819,0.1,1,1,single_occupation,reference,nearest_binary64_diagnostic,24.513429854997952,,,16,small_k_replay/rate_half_family_k_margin_d100_rm2sub_t64_matched.csv,25ab6a5d0a055bea2c2304b2e4591745e3ee6c4e01edac241979fad8baa04b84,csv-line-131,
3ca50ec0f7488ef4559f36d3,rm2sub_t64_matched_persistence_family_curve,random-b16-k8-random-ensemble-expectation,rm2sub-t64-s8-family-scan-selected-anone-kdnone-k4none,random,"random full-rank [16,8] reused",random_ensemble_expectation,16,8,,64,8,14.0,2.0,family-scan-selected,12,4096,8192,512,8,819,0.1,1,1,single_occupation,reference,nearest_binary64_diagnostic,-6.266081446757175,,,2,small_k_replay/rate_half_family_k_margin_d100_rm2sub_t64_matched.csv,25ab6a5d0a055bea2c2304b2e4591745e3ee6c4e01edac241979fad8baa04b84,csv-line-101,
1945bf53902f5b6ac6133e2d,rm2sub_t64_matched_persistence_family_curve,random-b32-k16-random-ensemble-expectation,rm2sub-t64-s8-family-scan-selected-anone-kdnone-k4none,random,"random full-rank [32,16] reused",random_ensemble_expectation,32,16,,64,8,14.0,2.0,family-scan-selected,12,4096,8192,256,4,819,0.1,1,1,single_occupation,reference,nearest_binary64_diagnostic,-1.4025890816963114,,,4,small_k_replay/rate_half_family_k_margin_d100_rm2sub_t64_matched.csv,25ab6a5d0a055bea2c2304b2e4591745e3ee6c4e01edac241979fad8baa04b84,csv-line-112,
489bd3d766b5040977fcdf80,rm2sub_t64_matched_persistence_family_curve,random-b64-k32-random-ensemble-expectation,rm2sub-t64-s8-family-scan-selected-anone-kdnone-k4none,random,"random full-rank [64,32] reused",random_ensemble_expectation,64,32,,64,8,14.0,2.0,family-scan-selected,12,4096,8192,128,2,819,0.1,1,1,single_occupation,reference,nearest_binary64_diagnostic,7.565247750348779,,,8,small_k_replay/rate_half_family_k_margin_d100_rm2sub_t64_matched.csv,25ab6a5d0a055bea2c2304b2e4591745e3ee6c4e01edac241979fad8baa04b84,csv-line-122,
717fc8259cfc9cf593df3d65,rm2sub_t64_matched_persistence_family_curve,random-b8-k4-random-ensemble-expectation,rm2sub-t64-s8-family-scan-selected-anone-kdnone-k4none,random,"random full-rank [8,4] reused",random_ensemble_expectation,8,4,,64,8,14.0,2.0,family-scan-selected,12,4096,8192,1024,16,819,0.1,1,1,single_occupation,reference,nearest_binary64_diagnostic,-8.81828012460427,,,1,small_k_replay/rate_half_family_k_margin_d100_rm2sub_t64_matched.csv,25ab6a5d0a055bea2c2304b2e4591745e3ee6c4e01edac241979fad8baa04b84,csv-line-89,
d39787c15f1fda7115e90946,rm2sub_t64_matched_persistence_family_curve,rm-b128-k64-fixed-exact-spectrum,rm2sub-t64-s8-family-scan-selected-anone-kdnone-k4none,rm,"RM(3,7) [128,64,16] exact",fixed_exact_spectrum,128,64,16,64,8,14.0,2.0,family-scan-selected,12,4096,8192,64,1,819,0.1,1,1,single_occupation,diagnostic,nearest_binary64_diagnostic,13.1753428432056,,,16,small_k_replay/rate_half_family_k_margin_d100_rm2sub_t64_matched.csv,25ab6a5d0a055bea2c2304b2e4591745e3ee6c4e01edac241979fad8baa04b84,csv-line-69,
0178b57f747fb0de019c1a9f,rm2sub_t64_matched_persistence_family_curve,rm-b32-k16-fixed-exact-spectrum,rm2sub-t64-s8-family-scan-selected-anone-kdnone-k4none,rm,"RM(2,5) [32,16,8] exact",fixed_exact_spectrum,32,16,8,64,8,14.0,2.0,family-scan-selected,12,4096,8192,256,4,819,0.1,1,1,single_occupation,diagnostic,nearest_binary64_diagnostic,3.495338689689831,,,8,small_k_replay/rate_half_family_k_margin_d100_rm2sub_t64_matched.csv,25ab6a5d0a055bea2c2304b2e4591745e3ee6c4e01edac241979fad8baa04b84,csv-line-60,
8df549b9d977cd05a9ba6385,rm2sub_t64_matched_persistence_family_curve,rm-b8-k4-fixed-exact-spectrum,rm2sub-t64-s8-family-scan-selected-anone-kdnone-k4none,rm,"RM(1,3) [8,4,4] exact",fixed_exact_spectrum,8,4,4,64,8,14.0,2.0,family-scan-selected,12,4096,8192,1024,16,819,0.1,1,1,single_occupation,diagnostic,nearest_binary64_diagnostic,-0.9035430044723809,,,4,small_k_replay/rate_half_family_k_margin_d100_rm2sub_t64_matched.csv,25ab6a5d0a055bea2c2304b2e4591745e3ee6c4e01edac241979fad8baa04b84,csv-line-49,
df5a09aed2018d25180f97cd,rm2sub_t64_matched_persistence_family_curve,bch-b128-k64-fixed-exact-spectrum,rm2sub-t64-s9-family-scan-selected-anone-kdnone-k4none,bch,"extended BCH [128,64,22] exact",fixed_exact_spectrum,128,64,22,64,9,15.0,2.0,family-scan-selected,13,8192,16384,128,2,1638,0.1,1,1,single_occupation,diagnostic,nearest_binary64_diagnostic,31.17414850156397,,,22,small_k_replay/rate_half_family_k_margin_d100_rm2sub_t64_matched.csv,25ab6a5d0a055bea2c2304b2e4591745e3ee6c4e01edac241979fad8baa04b84,csv-line-37,
b9c074c23757989b02838bac,rm2sub_t64_matched_persistence_family_curve,bch-b32-k16-fixed-exact-spectrum,rm2sub-t64-s9-family-scan-selected-anone-kdnone-k4none,bch,"extended BCH [32,16,8] exact",fixed_exact_spectrum,32,16,8,64,9,15.0,2.0,family-scan-selected,13,8192,16384,512,8,1638,0.1,1,1,single_occupation,diagnostic,nearest_binary64_diagnostic,3.9119979789098713,,,8,small_k_replay/rate_half_family_k_margin_d100_rm2sub_t64_matched.csv,25ab6a5d0a055bea2c2304b2e4591745e3ee6c4e01edac241979fad8baa04b84,csv-line-18,
dc0c248f05233a40d4f719ea,rm2sub_t64_matched_persistence_family_curve,bch-b64-k32-fixed-exact-spectrum,rm2sub-t64-s9-family-scan-selected-anone-kdnone-k4none,bch,"Philips shortened-XBCH [64,32,12] exact",fixed_exact_spectrum,64,32,12,64,9,15.0,2.0,family-scan-selected,13,8192,16384,256,4,1638,0.1,1,1,single_occupation,diagnostic,nearest_binary64_diagnostic,12.538630459392904,,,12,small_k_replay/rate_half_family_k_margin_d100_rm2sub_t64_matched.csv,25ab6a5d0a055bea2c2304b2e4591745e3ee6c4e01edac241979fad8baa04b84,csv-line-28,
71f23ee8b6c925e267000cd6,rm2sub_t64_matched_persistence_family_curve,bch-b8-k4-fixed-exact-spectrum,rm2sub-t64-s9-family-scan-selected-anone-kdnone-k4none,bch,"extended BCH [8,4,4] exact",fixed_exact_spectrum,8,4,4,64,9,15.0,2.0,family-scan-selected,13,8192,16384,2048,32,1638,0.1,1,1,single_occupation,diagnostic,nearest_binary64_diagnostic,-0.7915432153938827,,,4,small_k_replay/rate_half_family_k_margin_d100_rm2sub_t64_matched.csv,25ab6a5d0a055bea2c2304b2e4591745e3ee6c4e01edac241979fad8baa04b84,csv-line-7,
daff2542e89a8d2094a69621,rm2sub_t64_matched_persistence_family_curve,random-b128-k64-random-ensemble-expectation,rm2sub-t64-s9-family-scan-selected-anone-kdnone-k4none,random,"random full-rank [128,64] reused",random_ensemble_expectation,128,64,,64,9,15.0,2.0,family-scan-selected,13,8192,16384,128,2,1638,0.1,1,1,single_occupation,reference,nearest_binary64_diagnostic,25.194395721681225,,,15,small_k_replay/rate_half_family_k_margin_d100_rm2sub_t64_matched.csv,25ab6a5d0a055bea2c2304b2e4591745e3ee6c4e01edac241979fad8baa04b84,csv-line-132,
41b85f9e1f774219fb9b5aed,rm2sub_t64_matched_persistence_family_curve,random-b16-k8-random-ensemble-expectation,rm2sub-t64-s9-family-scan-selected-anone-kdnone-k4none,random,"random full-rank [16,8] reused",random_ensemble_expectation,16,8,,64,9,15.0,2.0,family-scan-selected,13,8192,16384,1024,16,1638,0.1,1,1,single_occupation,reference,nearest_binary64_diagnostic,-7.14980382805022,,,2,small_k_replay/rate_half_family_k_margin_d100_rm2sub_t64_matched.csv,25ab6a5d0a055bea2c2304b2e4591745e3ee6c4e01edac241979fad8baa04b84,csv-line-102,
4d13948652407f545d549f6f,rm2sub_t64_matched_persistence_family_curve,random-b256-k128-random-ensemble-expectation,rm2sub-t64-s9-family-scan-selected-anone-kdnone-k4none,random,"random full-rank [256,128] reused",random_ensemble_expectation,256,128,,64,9,15.0,2.0,family-scan-selected,13,8192,16384,64,1,1638,0.1,1,1,single_occupation,reference,nearest_binary64_diagnostic,59.886922159903186,,,31,small_k_replay/rate_half_family_k_margin_d100_rm2sub_t64_matched.csv,25ab6a5d0a055bea2c2304b2e4591745e3ee6c4e01edac241979fad8baa04b84,csv-line-140,
b7c1d618d37dd989afec86dc,rm2sub_t64_matched_persistence_family_curve,random-b32-k16-random-ensemble-expectation,rm2sub-t64-s9-family-scan-selected-anone-kdnone-k4none,random,"random full-rank [32,16] reused",random_ensemble_expectation,32,16,,64,9,15.0,2.0,family-scan-selected,13,8192,16384,512,8,1638,0.1,1,1,single_occupation,reference,nearest_binary64_diagnostic,-2.110219343163253,,,4,small_k_replay/rate_half_family_k_margin_d100_rm2sub_t64_matched.csv,25ab6a5d0a055bea2c2304b2e4591745e3ee6c4e01edac241979fad8baa04b84,csv-line-113,
ef3e43450da6bc186ecc922a,rm2sub_t64_matched_persistence_family_curve,random-b64-k32-random-ensemble-expectation,rm2sub-t64-s9-family-scan-selected-anone-kdnone-k4none,random,"random full-rank [64,32] reused",random_ensemble_expectation,64,32,,64,9,15.0,2.0,family-scan-selected,13,8192,16384,256,4,1638,0.1,1,1,single_occupation,reference,nearest_binary64_diagnostic,7.321464390195024,,,7,small_k_replay/rate_half_family_k_margin_d100_rm2sub_t64_matched.csv,25ab6a5d0a055bea2c2304b2e4591745e3ee6c4e01edac241979fad8baa04b84,csv-line-123,
3d3cd7687efe3b905524dd3c,rm2sub_t64_matched_persistence_family_curve,random-b8-k4-random-ensemble-expectation,rm2sub-t64-s9-family-scan-selected-anone-kdnone-k4none,random,"random full-rank [8,4] reused",random_ensemble_expectation,8,4,,64,9,15.0,2.0,family-scan-selected,13,8192,16384,2048,32,1638,0.1,1,1,single_occupation,reference,nearest_binary64_diagnostic,-9.768581948120255,,,1,small_k_replay/rate_half_family_k_margin_d100_rm2sub_t64_matched.csv,25ab6a5d0a055bea2c2304b2e4591745e3ee6c4e01edac241979fad8baa04b84,csv-line-90,
6e222b88072c870a5c872f64,rm2sub_t64_matched_persistence_family_curve,rm-b128-k64-fixed-exact-spectrum,rm2sub-t64-s9-family-scan-selected-anone-kdnone-k4none,rm,"RM(3,7) [128,64,16] exact",fixed_exact_spectrum,128,64,16,64,9,15.0,2.0,family-scan-selected,13,8192,16384,128,2,1638,0.1,1,1,single_occupation,diagnostic,nearest_binary64_diagnostic,13.907926945243634,,,16,small_k_replay/rate_half_family_k_margin_d100_rm2sub_t64_matched.csv,25ab6a5d0a055bea2c2304b2e4591745e3ee6c4e01edac241979fad8baa04b84,csv-line-70,
a50d5267dde9c5f46ac6bc05,rm2sub_t64_matched_persistence_family_curve,rm-b32-k16-fixed-exact-spectrum,rm2sub-t64-s9-family-scan-selected-anone-kdnone-k4none,rm,"RM(2,5) [32,16,8] exact",fixed_exact_spectrum,32,16,8,64,9,15.0,2.0,family-scan-selected,13,8192,16384,512,8,1638,0.1,1,1,single_occupation,diagnostic,nearest_binary64_diagnostic,3.9119979789098713,,,8,small_k_replay/rate_half_family_k_margin_d100_rm2sub_t64_matched.csv,25ab6a5d0a055bea2c2304b2e4591745e3ee6c4e01edac241979fad8baa04b84,csv-line-61,
f3a2bc77e60be531b106d8f2,rm2sub_t64_matched_persistence_family_curve,rm-b8-k4-fixed-exact-spectrum,rm2sub-t64-s9-family-scan-selected-anone-kdnone-k4none,rm,"RM(1,3) [8,4,4] exact",fixed_exact_spectrum,8,4,4,64,9,15.0,2.0,family-scan-selected,13,8192,16384,2048,32,1638,0.1,1,1,single_occupation,diagnostic,nearest_binary64_diagnostic,-0.7915432153938827,,,4,small_k_replay/rate_half_family_k_margin_d100_rm2sub_t64_matched.csv,25ab6a5d0a055bea2c2304b2e4591745e3ee6c4e01edac241979fad8baa04b84,csv-line-50,
36b941e236719b5920b18608,rm2sub_t64_matched_persistence_family_curve,bch-b128-k64-fixed-exact-spectrum,rm2sub-t64-s10-family-scan-selected-anone-kdnone-k4none,bch,"extended BCH [128,64,22] exact",fixed_exact_spectrum,128,64,22,64,10,16.0,2.0,family-scan-selected,14,16384,32768,256,4,3276,0.1,1,1,single_occupation,diagnostic,nearest_binary64_diagnostic,32.608305153698005,,,22,small_k_replay/rate_half_family_k_margin_d100_rm2sub_t64_matched.csv,25ab6a5d0a055bea2c2304b2e4591745e3ee6c4e01edac241979fad8baa04b84,csv-line-38,
786be9bbd5144cb0a0e230a1,rm2sub_t64_matched_persistence_family_curve,bch-b32-k16-fixed-exact-spectrum,rm2sub-t64-s10-family-scan-selected-anone-kdnone-k4none,bch,"extended BCH [32,16,8] exact",fixed_exact_spectrum,32,16,8,64,10,16.0,2.0,family-scan-selected,14,16384,32768,1024,16,3276,0.1,1,1,single_occupation,diagnostic,nearest_binary64_diagnostic,4.139795018136571,,,8,small_k_replay/rate_half_family_k_margin_d100_rm2sub_t64_matched.csv,25ab6a5d0a055bea2c2304b2e4591745e3ee6c4e01edac241979fad8baa04b84,csv-line-19,
e402e3a3ae787e5984c3a5d1,rm2sub_t64_matched_persistence_family_curve,bch-b64-k32-fixed-exact-spectrum,rm2sub-t64-s10-family-scan-selected-anone-kdnone-k4none,bch,"Philips shortened-XBCH [64,32,12] exact",fixed_exact_spectrum,64,32,12,64,10,16.0,2.0,family-scan-selected,14,16384,32768,512,8,3276,0.1,1,1,single_occupation,diagnostic,nearest_binary64_diagnostic,12.959356933194393,,,12,small_k_replay/rate_half_family_k_margin_d100_rm2sub_t64_matched.csv,25ab6a5d0a055bea2c2304b2e4591745e3ee6c4e01edac241979fad8baa04b84,csv-line-29,
a62f50c8037d22830485fc03,rm2sub_t64_matched_persistence_family_curve,bch-b8-k4-fixed-exact-spectrum,rm2sub-t64-s10-family-scan-selected-anone-kdnone-k4none,bch,"extended BCH [8,4,4] exact",fixed_exact_spectrum,8,4,4,64,10,16.0,2.0,family-scan-selected,14,16384,32768,4096,64,3276,0.1,1,1,single_occupation,diagnostic,nearest_binary64_diagnostic,-0.7428536896933395,,,4,small_k_replay/rate_half_family_k_margin_d100_rm2sub_t64_matched.csv,25ab6a5d0a055bea2c2304b2e4591745e3ee6c4e01edac241979fad8baa04b84,csv-line-8,
bcab5391f5f7f8d847110d61,rm2sub_t64_matched_persistence_family_curve,random-b128-k64-random-ensemble-expectation,rm2sub-t64-s10-family-scan-selected-anone-kdnone-k4none,random,"random full-rank [128,64] reused",random_ensemble_expectation,128,64,,64,10,16.0,2.0,family-scan-selected,14,16384,32768,256,4,3276,0.1,1,1,single_occupation,reference,nearest_binary64_diagnostic,25.364605309776,,,14,small_k_replay/rate_half_family_k_margin_d100_rm2sub_t64_matched.csv,25ab6a5d0a055bea2c2304b2e4591745e3ee6c4e01edac241979fad8baa04b84,csv-line-133,
23b238b80747150d17ebfe84,rm2sub_t64_matched_persistence_family_curve,random-b16-k8-random-ensemble-expectation,rm2sub-t64-s10-family-scan-selected-anone-kdnone-k4none,random,"random full-rank [16,8] reused",random_ensemble_expectation,16,8,,64,10,16.0,2.0,family-scan-selected,14,16384,32768,2048,32,3276,0.1,1,1,single_occupation,reference,nearest_binary64_diagnostic,-8.085780810133585,,,2,small_k_replay/rate_half_family_k_margin_d100_rm2sub_t64_matched.csv,25ab6a5d0a055bea2c2304b2e4591745e3ee6c4e01edac241979fad8baa04b84,csv-line-103,
746b5c5f68cafa2f95a85e52,rm2sub_t64_matched_persistence_family_curve,random-b256-k128-random-ensemble-expectation,rm2sub-t64-s10-family-scan-selected-anone-kdnone-k4none,random,"random full-rank [256,128] reused",random_ensemble_expectation,256,128,,64,10,16.0,2.0,family-scan-selected,14,16384,32768,128,2,3276,0.1,1,1,single_occupation,reference,nearest_binary64_diagnostic,61.39677519686983,,,29,small_k_replay/rate_half_family_k_margin_d100_rm2sub_t64_matched.csv,25ab6a5d0a055bea2c2304b2e4591745e3ee6c4e01edac241979fad8baa04b84,csv-line-141,
2a7a91c073baf89a5eaaef5c,rm2sub_t64_matched_persistence_family_curve,random-b32-k16-random-ensemble-expectation,rm2sub-t64-s10-family-scan-selected-anone-kdnone-k4none,random,"random full-rank [32,16] reused",random_ensemble_expectation,32,16,,64,10,16.0,2.0,family-scan-selected,14,16384,32768,1024,16,3276,0.1,1,1,single_occupation,reference,nearest_binary64_diagnostic,-2.9398369791810914,,,4,small_k_replay/rate_half_family_k_margin_d100_rm2sub_t64_matched.csv,25ab6a5d0a055bea2c2304b2e4591745e3ee6c4e01edac241979fad8baa04b84,csv-line-114,
7d6eb3bd973bed921486652d,rm2sub_t64_matched_persistence_family_curve,random-b512-k256-random-ensemble-expectation,rm2sub-t64-s10-family-scan-selected-anone-kdnone-k4none,random,"random full-rank [512,256] reused",random_ensemble_expectation,512,256,,64,10,16.0,2.0,family-scan-selected,14,16384,32768,64,1,3276,0.1,1,1,single_occupation,reference,nearest_binary64_diagnostic,132.3929594714028,,,59,small_k_replay/rate_half_family_k_margin_d100_rm2sub_t64_matched.csv,25ab6a5d0a055bea2c2304b2e4591745e3ee6c4e01edac241979fad8baa04b84,csv-line-148,
f255d106d86f20aa5e868e58,rm2sub_t64_matched_persistence_family_curve,random-b64-k32-random-ensemble-expectation,rm2sub-t64-s10-family-scan-selected-anone-kdnone-k4none,random,"random full-rank [64,32] reused",random_ensemble_expectation,64,32,,64,10,16.0,2.0,family-scan-selected,14,16384,32768,512,8,3276,0.1,1,1,single_occupation,reference,nearest_binary64_diagnostic,6.78808568067366,,,7,small_k_replay/rate_half_family_k_margin_d100_rm2sub_t64_matched.csv,25ab6a5d0a055bea2c2304b2e4591745e3ee6c4e01edac241979fad8baa04b84,csv-line-124,
e8f3305459e7deb73b52cc59,rm2sub_t64_matched_persistence_family_curve,random-b8-k4-random-ensemble-expectation,rm2sub-t64-s10-family-scan-selected-anone-kdnone-k4none,random,"random full-rank [8,4] reused",random_ensemble_expectation,8,4,,64,10,16.0,2.0,family-scan-selected,14,16384,32768,4096,64,3276,0.1,1,1,single_occupation,reference,nearest_binary64_diagnostic,-10.740823485514026,,,1,small_k_replay/rate_half_family_k_margin_d100_rm2sub_t64_matched.csv,25ab6a5d0a055bea2c2304b2e4591745e3ee6c4e01edac241979fad8baa04b84,csv-line-91,
60687cda75aa03818c121120,rm2sub_t64_matched_persistence_family_curve,rm-b128-k64-fixed-exact-spectrum,rm2sub-t64-s10-family-scan-selected-anone-kdnone-k4none,rm,"RM(3,7) [128,64,16] exact",fixed_exact_spectrum,128,64,16,64,10,16.0,2.0,family-scan-selected,14,16384,32768,256,4,3276,0.1,1,1,single_occupation,diagnostic,nearest_binary64_diagnostic,14.195181630831899,,,16,small_k_replay/rate_half_family_k_margin_d100_rm2sub_t64_matched.csv,25ab6a5d0a055bea2c2304b2e4591745e3ee6c4e01edac241979fad8baa04b84,csv-line-71,
35f68d1dd1209304f49ff368,rm2sub_t64_matched_persistence_family_curve,rm-b32-k16-fixed-exact-spectrum,rm2sub-t64-s10-family-scan-selected-anone-kdnone-k4none,rm,"RM(2,5) [32,16,8] exact",fixed_exact_spectrum,32,16,8,64,10,16.0,2.0,family-scan-selected,14,16384,32768,1024,16,3276,0.1,1,1,single_occupation,diagnostic,nearest_binary64_diagnostic,4.139795018136571,,,8,small_k_replay/rate_half_family_k_margin_d100_rm2sub_t64_matched.csv,25ab6a5d0a055bea2c2304b2e4591745e3ee6c4e01edac241979fad8baa04b84,csv-line-62,
759ad7b84465b8411aa072a7,rm2sub_t64_matched_persistence_family_curve,rm-b512-k256-fixed-exact-spectrum,rm2sub-t64-s10-family-scan-selected-anone-kdnone-k4none,rm,"RM(4,9) [512,256,32] exact",fixed_exact_spectrum,512,256,32,64,10,16.0,2.0,family-scan-selected,14,16384,32768,64,1,3276,0.1,1,1,single_occupation,diagnostic,nearest_binary64_diagnostic,40.718463710894056,,,32,small_k_replay/rate_half_family_k_margin_d100_rm2sub_t64_matched.csv,25ab6a5d0a055bea2c2304b2e4591745e3ee6c4e01edac241979fad8baa04b84,csv-line-78,
9c27e21894ec4a1c8b6620e1,rm2sub_t64_matched_persistence_family_curve,rm-b8-k4-fixed-exact-spectrum,rm2sub-t64-s10-family-scan-selected-anone-kdnone-k4none,rm,"RM(1,3) [8,4,4] exact",fixed_exact_spectrum,8,4,4,64,10,16.0,2.0,family-scan-selected,14,16384,32768,4096,64,3276,0.1,1,1,single_occupation,diagnostic,nearest_binary64_diagnostic,-0.7428536896933395,,,4,small_k_replay/rate_half_family_k_margin_d100_rm2sub_t64_matched.csv,25ab6a5d0a055bea2c2304b2e4591745e3ee6c4e01edac241979fad8baa04b84,csv-line-51,
43e2d7be8e86fd2e054847d1,rm2sub_t64_matched_persistence_family_curve,bch-b128-k64-fixed-exact-spectrum,rm2sub-t64-s11-family-scan-selected-anone-kdnone-k4none,bch,"extended BCH [128,64,22] exact",fixed_exact_spectrum,128,64,22,64,11,17.0,2.0,family-scan-selected,15,32768,65536,512,8,6553,0.1,1,1,single_occupation,diagnostic,nearest_binary64_diagnostic,33.53409284199739,,,22,small_k_replay/rate_half_family_k_margin_d100_rm2sub_t64_matched.csv,25ab6a5d0a055bea2c2304b2e4591745e3ee6c4e01edac241979fad8baa04b84,csv-line-39,
0e314eb6122ac2dbc1b1648c,rm2sub_t64_matched_persistence_family_curve,bch-b32-k16-fixed-exact-spectrum,rm2sub-t64-s11-family-scan-selected-anone-kdnone-k4none,bch,"extended BCH [32,16,8] exact",fixed_exact_spectrum,32,16,8,64,11,17.0,2.0,family-scan-selected,15,32768,65536,2048,32,6553,0.1,1,1,single_occupation,diagnostic,nearest_binary64_diagnostic,4.190117400615439,,,8,small_k_replay/rate_half_family_k_margin_d100_rm2sub_t64_matched.csv,25ab6a5d0a055bea2c2304b2e4591745e3ee6c4e01edac241979fad8baa04b84,csv-line-20,
1ea8e63c700de4ea768d82b7,rm2sub_t64_matched_persistence_family_curve,bch-b64-k32-fixed-exact-spectrum,rm2sub-t64-s11-family-scan-selected-anone-kdnone-k4none,bch,"Philips shortened-XBCH [64,32,12] exact",fixed_exact_spectrum,64,32,12,64,11,17.0,2.0,family-scan-selected,15,32768,65536,1024,16,6553,0.1,1,1,single_occupation,diagnostic,nearest_binary64_diagnostic,13.036168823385212,,,12,small_k_replay/rate_half_family_k_margin_d100_rm2sub_t64_matched.csv,25ab6a5d0a055bea2c2304b2e4591745e3ee6c4e01edac241979fad8baa04b84,csv-line-30,
cde8d6b39a90287378a534bd,rm2sub_t64_matched_persistence_family_curve,bch-b8-k4-fixed-exact-spectrum,rm2sub-t64-s11-family-scan-selected-anone-kdnone-k4none,bch,"extended BCH [8,4,4] exact",fixed_exact_spectrum,8,4,4,64,11,17.0,2.0,family-scan-selected,15,32768,65536,8192,128,6553,0.1,1,1,single_occupation,diagnostic,nearest_binary64_diagnostic,-0.7454175204470876,,,4,small_k_replay/rate_half_family_k_margin_d100_rm2sub_t64_matched.csv,25ab6a5d0a055bea2c2304b2e4591745e3ee6c4e01edac241979fad8baa04b84,csv-line-9,
8057f3175605d3e6a1a7fb50,rm2sub_t64_matched_persistence_family_curve,random-b1024-k512-random-ensemble-expectation,rm2sub-t64-s11-family-scan-selected-anone-kdnone-k4none,random,"random full-rank [1024,512] reused",random_ensemble_expectation,1024,512,,64,11,17.0,2.0,family-scan-selected,15,32768,65536,64,1,6553,0.1,1,1,single_occupation,reference,nearest_binary64_diagnostic,279.7997617673386,,,116,small_k_replay/rate_half_family_k_margin_d100_rm2sub_t64_matched.csv,25ab6a5d0a055bea2c2304b2e4591745e3ee6c4e01edac241979fad8baa04b84,csv-line-155,
543e54316b06ac8d6c2fec66,rm2sub_t64_matched_persistence_family_curve,random-b128-k64-random-ensemble-expectation,rm2sub-t64-s11-family-scan-selected-anone-kdnone-k4none,random,"random full-rank [128,64] reused",random_ensemble_expectation,128,64,,64,11,17.0,2.0,family-scan-selected,15,32768,65536,512,8,6553,0.1,1,1,single_occupation,reference,nearest_binary64_diagnostic,25.105075255979983,,,14,small_k_replay/rate_half_family_k_margin_d100_rm2sub_t64_matched.csv,25ab6a5d0a055bea2c2304b2e4591745e3ee6c4e01edac241979fad8baa04b84,csv-line-134,
5bd36cd0c92cfd82859f873f,rm2sub_t64_matched_persistence_family_curve,random-b16-k8-random-ensemble-expectation,rm2sub-t64-s11-family-scan-selected-anone-kdnone-k4none,random,"random full-rank [16,8] reused",random_ensemble_expectation,16,8,,64,11,17.0,2.0,family-scan-selected,15,32768,65536,4096,64,6553,0.1,1,1,single_occupation,reference,nearest_binary64_diagnostic,-9.049366030943295,,,2,small_k_replay/rate_half_family_k_margin_d100_rm2sub_t64_matched.csv,25ab6a5d0a055bea2c2304b2e4591745e3ee6c4e01edac241979fad8baa04b84,csv-line-104,
db79e7160f342dca2449c069,rm2sub_t64_matched_persistence_family_curve,random-b256-k128-random-ensemble-expectation,rm2sub-t64-s11-family-scan-selected-anone-kdnone-k4none,random,"random full-rank [256,128] reused",random_ensemble_expectation,256,128,,64,11,17.0,2.0,family-scan-selected,15,32768,65536,256,4,6553,0.1,1,1,single_occupation,reference,nearest_binary64_diagnostic,62.16001629980406,,,28,small_k_replay/rate_half_family_k_margin_d100_rm2sub_t64_matched.csv,25ab6a5d0a055bea2c2304b2e4591745e3ee6c4e01edac241979fad8baa04b84,csv-line-142,
fe8a2d6cedee835fd8aad267,rm2sub_t64_matched_persistence_family_curve,random-b32-k16-random-ensemble-expectation,rm2sub-t64-s11-family-scan-selected-anone-kdnone-k4none,random,"random full-rank [32,16] reused",random_ensemble_expectation,32,16,,64,11,17.0,2.0,family-scan-selected,15,32768,65536,2048,32,6553,0.1,1,1,single_occupation,reference,nearest_binary64_diagnostic,-3.8503148926318307,,,4,small_k_replay/rate_half_family_k_margin_d100_rm2sub_t64_matched.csv,25ab6a5d0a055bea2c2304b2e4591745e3ee6c4e01edac241979fad8baa04b84,csv-line-115,
ccf25151920999ed88ca5ab7,rm2sub_t64_matched_persistence_family_curve,random-b512-k256-random-ensemble-expectation,rm2sub-t64-s11-family-scan-selected-anone-kdnone-k4none,random,"random full-rank [512,256] reused",random_ensemble_expectation,512,256,,64,11,17.0,2.0,family-scan-selected,15,32768,65536,128,2,6553,0.1,1,1,single_occupation,reference,nearest_binary64_diagnostic,135.09138007432492,,,58,small_k_replay/rate_half_family_k_margin_d100_rm2sub_t64_matched.csv,25ab6a5d0a055bea2c2304b2e4591745e3ee6c4e01edac241979fad8baa04b84,csv-line-149,
68731d59686e47479847107a,rm2sub_t64_matched_persistence_family_curve,random-b64-k32-random-ensemble-expectation,rm2sub-t64-s11-family-scan-selected-anone-kdnone-k4none,random,"random full-rank [64,32] reused",random_ensemble_expectation,64,32,,64,11,17.0,2.0,family-scan-selected,15,32768,65536,1024,16,6553,0.1,1,1,single_occupation,reference,nearest_binary64_diagnostic,6.050372936656568,,,7,small_k_replay/rate_half_family_k_margin_d100_rm2sub_t64_matched.csv,25ab6a5d0a055bea2c2304b2e4591745e3ee6c4e01edac241979fad8baa04b84,csv-line-125,
483efe3c9c048178e59044d6,rm2sub_t64_matched_persistence_family_curve,random-b8-k4-random-ensemble-expectation,rm2sub-t64-s11-family-scan-selected-anone-kdnone-k4none,random,"random full-rank [8,4] reused",random_ensemble_expectation,8,4,,64,11,17.0,2.0,family-scan-selected,15,32768,65536,8192,128,6553,0.1,1,1,single_occupation,reference,nearest_binary64_diagnostic,-11.724922141994034,,,1,small_k_replay/rate_half_family_k_margin_d100_rm2sub_t64_matched.csv,25ab6a5d0a055bea2c2304b2e4591745e3ee6c4e01edac241979fad8baa04b84,csv-line-92,
948c0f20617677b02eae06b0,rm2sub_t64_matched_persistence_family_curve,rm-b128-k64-fixed-exact-spectrum,rm2sub-t64-s11-family-scan-selected-anone-kdnone-k4none,rm,"RM(3,7) [128,64,16] exact",fixed_exact_spectrum,128,64,16,64,11,17.0,2.0,family-scan-selected,15,32768,65536,512,8,6553,0.1,1,1,single_occupation,diagnostic,nearest_binary64_diagnostic,14.111017678294251,,,16,small_k_replay/rate_half_family_k_margin_d100_rm2sub_t64_matched.csv,25ab6a5d0a055bea2c2304b2e4591745e3ee6c4e01edac241979fad8baa04b84,csv-line-72,
e5744ddab3b0dc9272f6b6cf,rm2sub_t64_matched_persistence_family_curve,rm-b32-k16-fixed-exact-spectrum,rm2sub-t64-s11-family-scan-selected-anone-kdnone-k4none,rm,"RM(2,5) [32,16,8] exact",fixed_exact_spectrum,32,16,8,64,11,17.0,2.0,family-scan-selected,15,32768,65536,2048,32,6553,0.1,1,1,single_occupation,diagnostic,nearest_binary64_diagnostic,4.190117400615439,,,8,small_k_replay/rate_half_family_k_margin_d100_rm2sub_t64_matched.csv,25ab6a5d0a055bea2c2304b2e4591745e3ee6c4e01edac241979fad8baa04b84,csv-line-63,
6a9ad82d8d96edfe2c68110b,rm2sub_t64_matched_persistence_family_curve,rm-b512-k256-fixed-exact-spectrum,rm2sub-t64-s11-family-scan-selected-anone-kdnone-k4none,rm,"RM(4,9) [512,256,32] exact",fixed_exact_spectrum,512,256,32,64,11,17.0,2.0,family-scan-selected,15,32768,65536,128,2,6553,0.1,1,1,single_occupation,diagnostic,nearest_binary64_diagnostic,41.374553953154646,,,32,small_k_replay/rate_half_family_k_margin_d100_rm2sub_t64_matched.csv,25ab6a5d0a055bea2c2304b2e4591745e3ee6c4e01edac241979fad8baa04b84,csv-line-79,
3be1dc9c60186a8d290731bd,rm2sub_t64_matched_persistence_family_curve,rm-b8-k4-fixed-exact-spectrum,rm2sub-t64-s11-family-scan-selected-anone-kdnone-k4none,rm,"RM(1,3) [8,4,4] exact",fixed_exact_spectrum,8,4,4,64,11,17.0,2.0,family-scan-selected,15,32768,65536,8192,128,6553,0.1,1,1,single_occupation,diagnostic,nearest_binary64_diagnostic,-0.7454175204470876,,,4,small_k_replay/rate_half_family_k_margin_d100_rm2sub_t64_matched.csv,25ab6a5d0a055bea2c2304b2e4591745e3ee6c4e01edac241979fad8baa04b84,csv-line-52,
d7f92e3b4297969e445c76c2,rm2sub_t64_matched_persistence_family_curve,bch-b128-k64-fixed-exact-spectrum,rm2sub-t64-s12-family-scan-selected-anone-kdnone-k4none,bch,"extended BCH [128,64,22] exact",fixed_exact_spectrum,128,64,22,64,12,18.0,2.0,family-scan-selected,16,65536,131072,1024,16,13107,0.1,1,1,single_occupation,diagnostic,nearest_binary64_diagnostic,33.96633639389293,,,22,small_k_replay/rate_half_family_k_margin_d100_rm2sub_t64_matched.csv,25ab6a5d0a055bea2c2304b2e4591745e3ee6c4e01edac241979fad8baa04b84,csv-line-40,
94319e7e5d5e8681244b401c,rm2sub_t64_matched_persistence_family_curve,bch-b32-k16-fixed-exact-spectrum,rm2sub-t64-s12-family-scan-selected-anone-kdnone-k4none,bch,"extended BCH [32,16,8] exact",fixed_exact_spectrum,32,16,8,64,12,18.0,2.0,family-scan-selected,16,65536,131072,4096,64,13107,0.1,1,1,single_occupation,diagnostic,nearest_binary64_diagnostic,4.098575865041087,,,8,small_k_replay/rate_half_family_k_margin_d100_rm2sub_t64_matched.csv,25ab6a5d0a055bea2c2304b2e4591745e3ee6c4e01edac241979fad8baa04b84,csv-line-21,
3bfdf31901b3f923d4215a16,rm2sub_t64_matched_persistence_family_curve,bch-b64-k32-fixed-exact-spectrum,rm2sub-t64-s12-family-scan-selected-anone-kdnone-k4none,bch,"Philips shortened-XBCH [64,32,12] exact",fixed_exact_spectrum,64,32,12,64,12,18.0,2.0,family-scan-selected,16,65536,131072,2048,32,13107,0.1,1,1,single_occupation,diagnostic,nearest_binary64_diagnostic,12.815978330928063,,,12,small_k_replay/rate_half_family_k_margin_d100_rm2sub_t64_matched.csv,25ab6a5d0a055bea2c2304b2e4591745e3ee6c4e01edac241979fad8baa04b84,csv-line-31,
8073280fe24a445b4b6e469f,rm2sub_t64_matched_persistence_family_curve,bch-b8-k4-fixed-exact-spectrum,rm2sub-t64-s12-family-scan-selected-anone-kdnone-k4none,bch,"extended BCH [8,4,4] exact",fixed_exact_spectrum,8,4,4,64,12,18.0,2.0,family-scan-selected,16,65536,131072,16384,256,13107,0.1,1,1,single_occupation,diagnostic,nearest_binary64_diagnostic,-0.761397422865668,,,4,small_k_replay/rate_half_family_k_margin_d100_rm2sub_t64_matched.csv,25ab6a5d0a055bea2c2304b2e4591745e3ee6c4e01edac241979fad8baa04b84,csv-line-10,
47abeafa688cbe84cdb94826,rm2sub_t64_matched_persistence_family_curve,random-b1024-k512-random-ensemble-expectation,rm2sub-t64-s12-family-scan-selected-anone-kdnone-k4none,random,"random full-rank [1024,512] reused",random_ensemble_expectation,1024,512,,64,12,18.0,2.0,family-scan-selected,16,65536,131072,128,2,13107,0.1,1,1,single_occupation,reference,nearest_binary64_diagnostic,284.28684660435334,,,111,small_k_replay/rate_half_family_k_margin_d100_rm2sub_t64_matched.csv,25ab6a5d0a055bea2c2304b2e4591745e3ee6c4e01edac241979fad8baa04b84,csv-line-156,
56125274f6a449e859a3605a,rm2sub_t64_matched_persistence_family_curve,random-b128-k64-random-ensemble-expectation,rm2sub-t64-s12-family-scan-selected-anone-kdnone-k4none,random,"random full-rank [128,64] reused",random_ensemble_expectation,128,64,,64,12,18.0,2.0,family-scan-selected,16,65536,131072,1024,16,13107,0.1,1,1,single_occupation,reference,nearest_binary64_diagnostic,24.528929765827076,,,14,small_k_replay/rate_half_family_k_margin_d100_rm2sub_t64_matched.csv,25ab6a5d0a055bea2c2304b2e4591745e3ee6c4e01edac241979fad8baa04b84,csv-line-135,
8c82c00758f24e6b80be613c,rm2sub_t64_matched_persistence_family_curve,random-b16-k8-random-ensemble-expectation,rm2sub-t64-s12-family-scan-selected-anone-kdnone-k4none,random,"random full-rank [16,8] reused",random_ensemble_expectation,16,8,,64,12,18.0,2.0,family-scan-selected,16,65536,131072,8192,128,13107,0.1,1,1,single_occupation,reference,nearest_binary64_diagnostic,-10.029593565832444,,,2,small_k_replay/rate_half_family_k_margin_d100_rm2sub_t64_matched.csv,25ab6a5d0a055bea2c2304b2e4591745e3ee6c4e01edac241979fad8baa04b84,csv-line-105,
839d6cedd7c04742d5a7b6cd,rm2sub_t64_matched_persistence_family_curve,random-b256-k128-random-ensemble-expectation,rm2sub-t64-s12-family-scan-selected-anone-kdnone-k4none,random,"random full-rank [256,128] reused",random_ensemble_expectation,256,128,,64,12,18.0,2.0,family-scan-selected,16,65536,131072,512,8,13107,0.1,1,1,single_occupation,reference,nearest_binary64_diagnostic,62.318110593962565,,,28,small_k_replay/rate_half_family_k_margin_d100_rm2sub_t64_matched.csv,25ab6a5d0a055bea2c2304b2e4591745e3ee6c4e01edac241979fad8baa04b84,csv-line-143,
74e83e93d107d1a75ba68493,rm2sub_t64_matched_persistence_family_curve,random-b32-k16-random-ensemble-expectation,rm2sub-t64-s12-family-scan-selected-anone-kdnone-k4none,random,"random full-rank [32,16] reused",random_ensemble_expectation,32,16,,64,12,18.0,2.0,family-scan-selected,16,65536,131072,4096,64,13107,0.1,1,1,single_occupation,reference,nearest_binary64_diagnostic,-4.801840410099897,,,4,small_k_replay/rate_half_family_k_margin_d100_rm2sub_t64_matched.csv,25ab6a5d0a055bea2c2304b2e4591745e3ee6c4e01edac241979fad8baa04b84,csv-line-116,
7763f40193fd66f16e329721,rm2sub_t64_matched_persistence_family_curve,random-b512-k256-random-ensemble-expectation,rm2sub-t64-s12-family-scan-selected-anone-kdnone-k4none,random,"random full-rank [512,256] reused",random_ensemble_expectation,512,256,,64,12,18.0,2.0,family-scan-selected,16,65536,131072,256,4,13107,0.1,1,1,single_occupation,reference,nearest_binary64_diagnostic,136.7255239691673,,,56,small_k_replay/rate_half_family_k_margin_d100_rm2sub_t64_matched.csv,25ab6a5d0a055bea2c2304b2e4591745e3ee6c4e01edac241979fad8baa04b84,csv-line-150,
5d352ad322cd1f1ed1b23406,rm2sub_t64_matched_persistence_family_curve,random-b64-k32-random-ensemble-expectation,rm2sub-t64-s12-family-scan-selected-anone-kdnone-k4none,random,"random full-rank [64,32] reused",random_ensemble_expectation,64,32,,64,12,18.0,2.0,family-scan-selected,16,65536,131072,2048,32,13107,0.1,1,1,single_occupation,reference,nearest_binary64_diagnostic,5.190285434979081,,,7,small_k_replay/rate_half_family_k_margin_d100_rm2sub_t64_matched.csv,25ab6a5d0a055bea2c2304b2e4591745e3ee6c4e01edac241979fad8baa04b84,csv-line-126,
f25fa74444bd40e748649dc5,rm2sub_t64_matched_persistence_family_curve,random-b8-k4-random-ensemble-expectation,rm2sub-t64-s12-family-scan-selected-anone-kdnone-k4none,random,"random full-rank [8,4] reused",random_ensemble_expectation,8,4,,64,12,18.0,2.0,family-scan-selected,16,65536,131072,16384,256,13107,0.1,1,1,single_occupation,reference,nearest_binary64_diagnostic,-12.715068549978218,,,1,small_k_replay/rate_half_family_k_margin_d100_rm2sub_t64_matched.csv,25ab6a5d0a055bea2c2304b2e4591745e3ee6c4e01edac241979fad8baa04b84,csv-line-93,
0d27b089189c5ad57aac9a6b,rm2sub_t64_matched_persistence_family_curve,rm-b128-k64-fixed-exact-spectrum,rm2sub-t64-s12-family-scan-selected-anone-kdnone-k4none,rm,"RM(3,7) [128,64,16] exact",fixed_exact_spectrum,128,64,16,64,12,18.0,2.0,family-scan-selected,16,65536,131072,1024,16,13107,0.1,1,1,single_occupation,diagnostic,nearest_binary64_diagnostic,13.67762429469451,,,16,small_k_replay/rate_half_family_k_margin_d100_rm2sub_t64_matched.csv,25ab6a5d0a055bea2c2304b2e4591745e3ee6c4e01edac241979fad8baa04b84,csv-line-73,
1c0068b8cc5f0e65a427fa28,rm2sub_t64_matched_persistence_family_curve,rm-b32-k16-fixed-exact-spectrum,rm2sub-t64-s12-family-scan-selected-anone-kdnone-k4none,rm,"RM(2,5) [32,16,8] exact",fixed_exact_spectrum,32,16,8,64,12,18.0,2.0,family-scan-selected,16,65536,131072,4096,64,13107,0.1,1,1,single_occupation,diagnostic,nearest_binary64_diagnostic,4.098575865041087,,,8,small_k_replay/rate_half_family_k_margin_d100_rm2sub_t64_matched.csv,25ab6a5d0a055bea2c2304b2e4591745e3ee6c4e01edac241979fad8baa04b84,csv-line-64,
29b0cfa528555de99d62404c,rm2sub_t64_matched_persistence_family_curve,rm-b512-k256-fixed-exact-spectrum,rm2sub-t64-s12-family-scan-selected-anone-kdnone-k4none,rm,"RM(4,9) [512,256,32] exact",fixed_exact_spectrum,512,256,32,64,12,18.0,2.0,family-scan-selected,16,65536,131072,256,4,13107,0.1,1,1,single_occupation,diagnostic,nearest_binary64_diagnostic,41.46156261012271,,,32,small_k_replay/rate_half_family_k_margin_d100_rm2sub_t64_matched.csv,25ab6a5d0a055bea2c2304b2e4591745e3ee6c4e01edac241979fad8baa04b84,csv-line-80,
010ef040f0ab4eade62d637f,rm2sub_t64_matched_persistence_family_curve,rm-b8-k4-fixed-exact-spectrum,rm2sub-t64-s12-family-scan-selected-anone-kdnone-k4none,rm,"RM(1,3) [8,4,4] exact",fixed_exact_spectrum,8,4,4,64,12,18.0,2.0,family-scan-selected,16,65536,131072,16384,256,13107,0.1,1,1,single_occupation,diagnostic,nearest_binary64_diagnostic,-0.761397422865668,,,4,small_k_replay/rate_half_family_k_margin_d100_rm2sub_t64_matched.csv,25ab6a5d0a055bea2c2304b2e4591745e3ee6c4e01edac241979fad8baa04b84,csv-line-53,
1a0d95faba2f3563bb8f18a2,rm2sub_t64_matched_persistence_family_curve,bch-b128-k64-fixed-exact-spectrum,rm2sub-t64-s13-family-scan-selected-anone-kdnone-k4none,bch,"extended BCH [128,64,22] exact",fixed_exact_spectrum,128,64,22,64,13,19.0,2.0,family-scan-selected,17,131072,262144,2048,32,26214,0.1,1,1,single_occupation,diagnostic,nearest_binary64_diagnostic,33.94678515286404,,,22,small_k_replay/rate_half_family_k_margin_d100_rm2sub_t64_matched.csv,25ab6a5d0a055bea2c2304b2e4591745e3ee6c4e01edac241979fad8baa04b84,csv-line-41,
26fc2efcd4516c16a0551ac4,rm2sub_t64_matched_persistence_family_curve,bch-b32-k16-fixed-exact-spectrum,rm2sub-t64-s13-family-scan-selected-anone-kdnone-k4none,bch,"extended BCH [32,16,8] exact",fixed_exact_spectrum,32,16,8,64,13,19.0,2.0,family-scan-selected,17,131072,262144,8192,128,26214,0.1,1,1,single_occupation,diagnostic,nearest_binary64_diagnostic,3.8959607059245194,,,8,small_k_replay/rate_half_family_k_margin_d100_rm2sub_t64_matched.csv,25ab6a5d0a055bea2c2304b2e4591745e3ee6c4e01edac241979fad8baa04b84,csv-line-22,
c847a3fa4c3f5daf12b32b49,rm2sub_t64_matched_persistence_family_curve,bch-b64-k32-fixed-exact-spectrum,rm2sub-t64-s13-family-scan-selected-anone-kdnone-k4none,bch,"Philips shortened-XBCH [64,32,12] exact",fixed_exact_spectrum,64,32,12,64,13,19.0,2.0,family-scan-selected,17,131072,262144,4096,64,26214,0.1,1,1,single_occupation,diagnostic,nearest_binary64_diagnostic,12.365007688888332,,,12,small_k_replay/rate_half_family_k_margin_d100_rm2sub_t64_matched.csv,25ab6a5d0a055bea2c2304b2e4591745e3ee6c4e01edac241979fad8baa04b84,csv-line-32,
ee05b3d1e52868c88838d08e,rm2sub_t64_matched_persistence_family_curve,bch-b8-k4-fixed-exact-spectrum,rm2sub-t64-s13-family-scan-selected-anone-kdnone-k4none,bch,"extended BCH [8,4,4] exact",fixed_exact_spectrum,8,4,4,64,13,19.0,2.0,family-scan-selected,17,131072,262144,32768,512,26214,0.1,1,1,single_occupation,diagnostic,nearest_binary64_diagnostic,-0.8267805519110278,,,4,small_k_replay/rate_half_family_k_margin_d100_rm2sub_t64_matched.csv,25ab6a5d0a055bea2c2304b2e4591745e3ee6c4e01edac241979fad8baa04b84,csv-line-11,
5156c414629288e839442112,rm2sub_t64_matched_persistence_family_curve,random-b1024-k512-random-ensemble-expectation,rm2sub-t64-s13-family-scan-selected-anone-kdnone-k4none,random,"random full-rank [1024,512] reused",random_ensemble_expectation,1024,512,,64,13,19.0,2.0,family-scan-selected,17,131072,262144,256,4,26214,0.1,1,1,single_occupation,reference,nearest_binary64_diagnostic,287.1858433489176,,,104,small_k_replay/rate_half_family_k_margin_d100_rm2sub_t64_matched.csv,25ab6a5d0a055bea2c2304b2e4591745e3ee6c4e01edac241979fad8baa04b84,csv-line-157,
5f23266e9b29e3ceafba86d8,rm2sub_t64_matched_persistence_family_curve,random-b128-k64-random-ensemble-expectation,rm2sub-t64-s13-family-scan-selected-anone-kdnone-k4none,random,"random full-rank [128,64] reused",random_ensemble_expectation,128,64,,64,13,19.0,2.0,family-scan-selected,17,131072,262144,2048,32,26214,0.1,1,1,single_occupation,reference,nearest_binary64_diagnostic,23.784144714864716,,,13,small_k_replay/rate_half_family_k_margin_d100_rm2sub_t64_matched.csv,25ab6a5d0a055bea2c2304b2e4591745e3ee6c4e01edac241979fad8baa04b84,csv-line-136,
ca62ee8a62f8c0da7bfe957b,rm2sub_t64_matched_persistence_family_curve,random-b16-k8-random-ensemble-expectation,rm2sub-t64-s13-family-scan-selected-anone-kdnone-k4none,random,"random full-rank [16,8] reused",random_ensemble_expectation,16,8,,64,13,19.0,2.0,family-scan-selected,17,131072,262144,16384,256,26214,0.1,1,1,single_occupation,reference,nearest_binary64_diagnostic,-11.018536042030219,,,2,small_k_replay/rate_half_family_k_margin_d100_rm2sub_t64_matched.csv,25ab6a5d0a055bea2c2304b2e4591745e3ee6c4e01edac241979fad8baa04b84,csv-line-106,
f60c92f8d075ea1693e1721d,rm2sub_t64_matched_persistence_family_curve,random-b256-k128-random-ensemble-expectation,rm2sub-t64-s13-family-scan-selected-anone-kdnone-k4none,random,"random full-rank [256,128] reused",random_ensemble_expectation,256,128,,64,13,19.0,2.0,family-scan-selected,17,131072,262144,1024,16,26214,0.1,1,1,single_occupation,reference,nearest_binary64_diagnostic,62.043161760389054,,,27,small_k_replay/rate_half_family_k_margin_d100_rm2sub_t64_matched.csv,25ab6a5d0a055bea2c2304b2e4591745e3ee6c4e01edac241979fad8baa04b84,csv-line-144,
06c4befa57ee56d57527e574,rm2sub_t64_matched_persistence_family_curve,random-b32-k16-random-ensemble-expectation,rm2sub-t64-s13-family-scan-selected-anone-kdnone-k4none,random,"random full-rank [32,16] reused",random_ensemble_expectation,32,16,,64,13,19.0,2.0,family-scan-selected,17,131072,262144,8192,128,26214,0.1,1,1,single_occupation,reference,nearest_binary64_diagnostic,-5.77662667185063,,,3,small_k_replay/rate_half_family_k_margin_d100_rm2sub_t64_matched.csv,25ab6a5d0a055bea2c2304b2e4591745e3ee6c4e01edac241979fad8baa04b84,csv-line-117,
2a7f6924f0df4f7c43c5fb8b,rm2sub_t64_matched_persistence_family_curve,random-b512-k256-random-ensemble-expectation,rm2sub-t64-s13-family-scan-selected-anone-kdnone-k4none,random,"random full-rank [512,256] reused",random_ensemble_expectation,512,256,,64,13,19.0,2.0,family-scan-selected,17,131072,262144,512,8,26214,0.1,1,1,single_occupation,reference,nearest_binary64_diagnostic,137.49952268072366,,,55,small_k_replay/rate_half_family_k_margin_d100_rm2sub_t64_matched.csv,25ab6a5d0a055bea2c2304b2e4591745e3ee6c4e01edac241979fad8baa04b84,csv-line-151,
48f176a9330d474e3e6727ba,rm2sub_t64_matched_persistence_family_curve,random-b64-k32-random-ensemble-expectation,rm2sub-t64-s13-family-scan-selected-anone-kdnone-k4none,random,"random full-rank [64,32] reused",random_ensemble_expectation,64,32,,64,13,19.0,2.0,family-scan-selected,17,131072,262144,4096,64,26214,0.1,1,1,single_occupation,reference,nearest_binary64_diagnostic,4.270057837166437,,,7,small_k_replay/rate_half_family_k_margin_d100_rm2sub_t64_matched.csv,25ab6a5d0a055bea2c2304b2e4591745e3ee6c4e01edac241979fad8baa04b84,csv-line-127,
a961fe7edb6d736567eb6474,rm2sub_t64_matched_persistence_family_curve,random-b8-k4-random-ensemble-expectation,rm2sub-t64-s13-family-scan-selected-anone-kdnone-k4none,random,"random full-rank [8,4] reused",random_ensemble_expectation,8,4,,64,13,19.0,2.0,family-scan-selected,17,131072,262144,32768,512,26214,0.1,1,1,single_occupation,reference,nearest_binary64_diagnostic,-13.708989732395969,,,1,small_k_replay/rate_half_family_k_margin_d100_rm2sub_t64_matched.csv,25ab6a5d0a055bea2c2304b2e4591745e3ee6c4e01edac241979fad8baa04b84,csv-line-94,
5faecb74f8f5b5382314a8ec,rm2sub_t64_matched_persistence_family_curve,rm-b128-k64-fixed-exact-spectrum,rm2sub-t64-s13-family-scan-selected-anone-kdnone-k4none,rm,"RM(3,7) [128,64,16] exact",fixed_exact_spectrum,128,64,16,64,13,19.0,2.0,family-scan-selected,17,131072,262144,2048,32,26214,0.1,1,1,single_occupation,diagnostic,nearest_binary64_diagnostic,13.05572307768451,,,16,small_k_replay/rate_half_family_k_margin_d100_rm2sub_t64_matched.csv,25ab6a5d0a055bea2c2304b2e4591745e3ee6c4e01edac241979fad8baa04b84,csv-line-74,
df88222234b0e27b7b45400c,rm2sub_t64_matched_persistence_family_curve,rm-b32-k16-fixed-exact-spectrum,rm2sub-t64-s13-family-scan-selected-anone-kdnone-k4none,rm,"RM(2,5) [32,16,8] exact",fixed_exact_spectrum,32,16,8,64,13,19.0,2.0,family-scan-selected,17,131072,262144,8192,128,26214,0.1,1,1,single_occupation,diagnostic,nearest_binary64_diagnostic,3.8959607059245194,,,8,small_k_replay/rate_half_family_k_margin_d100_rm2sub_t64_matched.csv,25ab6a5d0a055bea2c2304b2e4591745e3ee6c4e01edac241979fad8baa04b84,csv-line-65,
101fc6a490fbbcc7d66db403,rm2sub_t64_matched_persistence_family_curve,rm-b512-k256-fixed-exact-spectrum,rm2sub-t64-s13-family-scan-selected-anone-kdnone-k4none,rm,"RM(4,9) [512,256,32] exact",fixed_exact_spectrum,512,256,32,64,13,19.0,2.0,family-scan-selected,17,131072,262144,512,8,26214,0.1,1,1,single_occupation,diagnostic,nearest_binary64_diagnostic,41.12710345202667,,,32,small_k_replay/rate_half_family_k_margin_d100_rm2sub_t64_matched.csv,25ab6a5d0a055bea2c2304b2e4591745e3ee6c4e01edac241979fad8baa04b84,csv-line-81,
16b68f455a6841ba93cf9e16,rm2sub_t64_matched_persistence_family_curve,rm-b8-k4-fixed-exact-spectrum,rm2sub-t64-s13-family-scan-selected-anone-kdnone-k4none,rm,"RM(1,3) [8,4,4] exact",fixed_exact_spectrum,8,4,4,64,13,19.0,2.0,family-scan-selected,17,131072,262144,32768,512,26214,0.1,1,1,single_occupation,diagnostic,nearest_binary64_diagnostic,-0.8267805519110278,,,4,small_k_replay/rate_half_family_k_margin_d100_rm2sub_t64_matched.csv,25ab6a5d0a055bea2c2304b2e4591745e3ee6c4e01edac241979fad8baa04b84,csv-line-54,
c6100773b64c2987ef09db67,rm2sub_t64_matched_persistence_family_curve,bch-b128-k64-fixed-exact-spectrum,rm2sub-t64-s14-family-scan-selected-anone-kdnone-k4none,bch,"extended BCH [128,64,22] exact",fixed_exact_spectrum,128,64,22,64,14,20.0,2.0,family-scan-selected,18,262144,524288,4096,64,52428,0.1,1,1,single_occupation,diagnostic,nearest_binary64_diagnostic,33.666101429414006,,,22,small_k_replay/rate_half_family_k_margin_d100_rm2sub_t64_matched.csv,25ab6a5d0a055bea2c2304b2e4591745e3ee6c4e01edac241979fad8baa04b84,csv-line-42,
64ba8328df35b46ab3bdf2f1,rm2sub_t64_matched_persistence_family_curve,bch-b32-k16-fixed-exact-spectrum,rm2sub-t64-s14-family-scan-selected-anone-kdnone-k4none,bch,"extended BCH [32,16,8] exact",fixed_exact_spectrum,32,16,8,64,14,20.0,2.0,family-scan-selected,18,262144,524288,16384,256,52428,0.1,1,1,single_occupation,diagnostic,nearest_binary64_diagnostic,3.6066495734431405,,,8,small_k_replay/rate_half_family_k_margin_d100_rm2sub_t64_matched.csv,25ab6a5d0a055bea2c2304b2e4591745e3ee6c4e01edac241979fad8baa04b84,csv-line-23,
c65de946940f95b366a47bc3,rm2sub_t64_matched_persistence_family_curve,bch-b64-k32-fixed-exact-spectrum,rm2sub-t64-s14-family-scan-selected-anone-kdnone-k4none,bch,"Philips shortened-XBCH [64,32,12] exact",fixed_exact_spectrum,64,32,12,64,14,20.0,2.0,family-scan-selected,18,262144,524288,8192,128,52428,0.1,1,1,single_occupation,diagnostic,nearest_binary64_diagnostic,11.736613062096398,,,12,small_k_replay/rate_half_family_k_margin_d100_rm2sub_t64_matched.csv,25ab6a5d0a055bea2c2304b2e4591745e3ee6c4e01edac241979fad8baa04b84,csv-line-33,
0869c0ddac8c66b0bbfc3c76,rm2sub_t64_matched_persistence_family_curve,bch-b8-k4-fixed-exact-spectrum,rm2sub-t64-s14-family-scan-selected-anone-kdnone-k4none,bch,"extended BCH [8,4,4] exact",fixed_exact_spectrum,8,4,4,64,14,20.0,2.0,family-scan-selected,18,262144,524288,65536,1024,52428,0.1,1,1,single_occupation,diagnostic,nearest_binary64_diagnostic,-0.890532638893487,,,4,small_k_replay/rate_half_family_k_margin_d100_rm2sub_t64_matched.csv,25ab6a5d0a055bea2c2304b2e4591745e3ee6c4e01edac241979fad8baa04b84,csv-line-12,
344369d36c20feb1b646bc0f,rm2sub_t64_matched_persistence_family_curve,random-b1024-k512-random-ensemble-expectation,rm2sub-t64-s14-family-scan-selected-anone-kdnone-k4none,random,"random full-rank [1024,512] reused",random_ensemble_expectation,1024,512,,64,14,20.0,2.0,family-scan-selected,18,262144,524288,512,8,52428,0.1,1,1,single_occupation,reference,nearest_binary64_diagnostic,288.8377272908736,,,109,small_k_replay/rate_half_family_k_margin_d100_rm2sub_t64_matched.csv,25ab6a5d0a055bea2c2304b2e4591745e3ee6c4e01edac241979fad8baa04b84,csv-line-158,
a1e9da01a353be8b859fe14a,rm2sub_t64_matched_persistence_family_curve,random-b128-k64-random-ensemble-expectation,rm2sub-t64-s14-family-scan-selected-anone-kdnone-k4none,random,"random full-rank [128,64] reused",random_ensemble_expectation,128,64,,64,14,20.0,2.0,family-scan-selected,18,262144,524288,4096,64,52428,0.1,1,1,single_occupation,reference,nearest_binary64_diagnostic,22.918096308012277,,,13,small_k_replay/rate_half_family_k_margin_d100_rm2sub_t64_matched.csv,25ab6a5d0a055bea2c2304b2e4591745e3ee6c4e01edac241979fad8baa04b84,csv-line-137,
bb2c92455f95e1862a559e65,rm2sub_t64_matched_persistence_family_curve,random-b16-k8-random-ensemble-expectation,rm2sub-t64-s14-family-scan-selected-anone-kdnone-k4none,random,"random full-rank [16,8] reused",random_ensemble_expectation,16,8,,64,14,20.0,2.0,family-scan-selected,18,262144,524288,32768,512,52428,0.1,1,1,single_occupation,reference,nearest_binary64_diagnostic,-12.011510405235292,,,2,small_k_replay/rate_half_family_k_margin_d100_rm2sub_t64_matched.csv,25ab6a5d0a055bea2c2304b2e4591745e3ee6c4e01edac241979fad8baa04b84,csv-line-107,
b5e6cd6c2e8d4b9863e37ba8,rm2sub_t64_matched_persistence_family_curve,random-b256-k128-random-ensemble-expectation,rm2sub-t64-s14-family-scan-selected-anone-kdnone-k4none,random,"random full-rank [256,128] reused",random_ensemble_expectation,256,128,,64,14,20.0,2.0,family-scan-selected,18,262144,524288,2048,32,52428,0.1,1,1,single_occupation,reference,nearest_binary64_diagnostic,61.457780299174374,,,27,small_k_replay/rate_half_family_k_margin_d100_rm2sub_t64_matched.csv,25ab6a5d0a055bea2c2304b2e4591745e3ee6c4e01edac241979fad8baa04b84,csv-line-145,
1f08e7049d907f960a7ebdfd,rm2sub_t64_matched_persistence_family_curve,random-b32-k16-random-ensemble-expectation,rm2sub-t64-s14-family-scan-selected-anone-kdnone-k4none,random,"random full-rank [32,16] reused",random_ensemble_expectation,32,16,,64,14,20.0,2.0,family-scan-selected,18,262144,524288,16384,256,52428,0.1,1,1,single_occupation,reference,nearest_binary64_diagnostic,-6.7642261865634286,,,3,small_k_replay/rate_half_family_k_margin_d100_rm2sub_t64_matched.csv,25ab6a5d0a055bea2c2304b2e4591745e3ee6c4e01edac241979fad8baa04b84,csv-line-118,
c93f93131d8f941fc70bf6f9,rm2sub_t64_matched_persistence_family_curve,random-b512-k256-random-ensemble-expectation,rm2sub-t64-s14-family-scan-selected-anone-kdnone-k4none,random,"random full-rank [512,256] reused",random_ensemble_expectation,512,256,,64,14,20.0,2.0,family-scan-selected,18,262144,524288,1024,16,52428,0.1,1,1,single_occupation,reference,nearest_binary64_diagnostic,137.64690456158593,,,54,small_k_replay/rate_half_family_k_margin_d100_rm2sub_t64_matched.csv,25ab6a5d0a055bea2c2304b2e4591745e3ee6c4e01edac241979fad8baa04b84,csv-line-152,
0e0d03bb7ee48bae6756a876,rm2sub_t64_matched_persistence_family_curve,random-b64-k32-random-ensemble-expectation,rm2sub-t64-s14-family-scan-selected-anone-kdnone-k4none,random,"random full-rank [64,32] reused",random_ensemble_expectation,64,32,,64,14,20.0,2.0,family-scan-selected,18,262144,524288,8192,128,52428,0.1,1,1,single_occupation,reference,nearest_binary64_diagnostic,3.3121926939172264,,,7,small_k_replay/rate_half_family_k_margin_d100_rm2sub_t64_matched.csv,25ab6a5d0a055bea2c2304b2e4591745e3ee6c4e01edac241979fad8baa04b84,csv-line-128,
0eb0a8c356bbefe7f626a021,rm2sub_t64_matched_persistence_family_curve,random-b8-k4-random-ensemble-expectation,rm2sub-t64-s14-family-scan-selected-anone-kdnone-k4none,random,"random full-rank [8,4] reused",random_ensemble_expectation,8,4,,64,14,20.0,2.0,family-scan-selected,18,262144,524288,65536,1024,52428,0.1,1,1,single_occupation,reference,nearest_binary64_diagnostic,-14.705205265439764,,,1,small_k_replay/rate_half_family_k_margin_d100_rm2sub_t64_matched.csv,25ab6a5d0a055bea2c2304b2e4591745e3ee6c4e01edac241979fad8baa04b84,csv-line-95,
ac4e1a57df793dca603d6c37,rm2sub_t64_matched_persistence_family_curve,rm-b128-k64-fixed-exact-spectrum,rm2sub-t64-s14-family-scan-selected-anone-kdnone-k4none,rm,"RM(3,7) [128,64,16] exact",fixed_exact_spectrum,128,64,16,64,14,20.0,2.0,family-scan-selected,18,262144,524288,4096,64,52428,0.1,1,1,single_occupation,diagnostic,nearest_binary64_diagnostic,12.260369333051583,,,16,small_k_replay/rate_half_family_k_margin_d100_rm2sub_t64_matched.csv,25ab6a5d0a055bea2c2304b2e4591745e3ee6c4e01edac241979fad8baa04b84,csv-line-75,
d5fa4f3f4e7cf5aac21785de,rm2sub_t64_matched_persistence_family_curve,rm-b32-k16-fixed-exact-spectrum,rm2sub-t64-s14-family-scan-selected-anone-kdnone-k4none,rm,"RM(2,5) [32,16,8] exact",fixed_exact_spectrum,32,16,8,64,14,20.0,2.0,family-scan-selected,18,262144,524288,16384,256,52428,0.1,1,1,single_occupation,diagnostic,nearest_binary64_diagnostic,3.6066495734431405,,,8,small_k_replay/rate_half_family_k_margin_d100_rm2sub_t64_matched.csv,25ab6a5d0a055bea2c2304b2e4591745e3ee6c4e01edac241979fad8baa04b84,csv-line-66,
c872af206de59143764edd86,rm2sub_t64_matched_persistence_family_curve,rm-b512-k256-fixed-exact-spectrum,rm2sub-t64-s14-family-scan-selected-anone-kdnone-k4none,rm,"RM(4,9) [512,256,32] exact",fixed_exact_spectrum,512,256,32,64,14,20.0,2.0,family-scan-selected,18,262144,524288,1024,16,52428,0.1,1,1,single_occupation,diagnostic,nearest_binary64_diagnostic,40.55710800205203,,,32,small_k_replay/rate_half_family_k_margin_d100_rm2sub_t64_matched.csv,25ab6a5d0a055bea2c2304b2e4591745e3ee6c4e01edac241979fad8baa04b84,csv-line-82,
5dc1ee26277e504954e3a23d,rm2sub_t64_matched_persistence_family_curve,rm-b8-k4-fixed-exact-spectrum,rm2sub-t64-s14-family-scan-selected-anone-kdnone-k4none,rm,"RM(1,3) [8,4,4] exact",fixed_exact_spectrum,8,4,4,64,14,20.0,2.0,family-scan-selected,18,262144,524288,65536,1024,52428,0.1,1,1,single_occupation,diagnostic,nearest_binary64_diagnostic,-0.890532638893487,,,4,small_k_replay/rate_half_family_k_margin_d100_rm2sub_t64_matched.csv,25ab6a5d0a055bea2c2304b2e4591745e3ee6c4e01edac241979fad8baa04b84,csv-line-55,
a6b9f1c28a58acccc9560027,rm2sub_t64_matched_persistence_family_curve,bch-b128-k64-fixed-exact-spectrum,rm2sub-t64-s15-family-scan-selected-anone-kdnone-k4none,bch,"extended BCH [128,64,22] exact",fixed_exact_spectrum,128,64,22,64,15,21.0,2.0,family-scan-selected,19,524288,1048576,8192,128,104857,0.1,1,1,single_occupation,diagnostic,nearest_binary64_diagnostic,33.082984644743306,,,22,small_k_replay/rate_half_family_k_margin_d100_rm2sub_t64_matched.csv,25ab6a5d0a055bea2c2304b2e4591745e3ee6c4e01edac241979fad8baa04b84,csv-line-43,
6660143c1fdf1530922679b0,rm2sub_t64_matched_persistence_family_curve,bch-b32-k16-fixed-exact-spectrum,rm2sub-t64-s15-family-scan-selected-anone-kdnone-k4none,bch,"extended BCH [32,16,8] exact",fixed_exact_spectrum,32,16,8,64,15,21.0,2.0,family-scan-selected,19,524288,1048576,32768,512,104857,0.1,1,1,single_occupation,diagnostic,nearest_binary64_diagnostic,3.2515011786111727,,,8,small_k_replay/rate_half_family_k_margin_d100_rm2sub_t64_matched.csv,25ab6a5d0a055bea2c2304b2e4591745e3ee6c4e01edac241979fad8baa04b84,csv-line-24,
c1b70c1169e753d6065cdca0,rm2sub_t64_matched_persistence_family_curve,bch-b64-k32-fixed-exact-spectrum,rm2sub-t64-s15-family-scan-selected-anone-kdnone-k4none,bch,"Philips shortened-XBCH [64,32,12] exact",fixed_exact_spectrum,64,32,12,64,15,21.0,2.0,family-scan-selected,19,524288,1048576,16384,256,104857,0.1,1,1,single_occupation,diagnostic,nearest_binary64_diagnostic,10.956876554016963,,,12,small_k_replay/rate_half_family_k_margin_d100_rm2sub_t64_matched.csv,25ab6a5d0a055bea2c2304b2e4591745e3ee6c4e01edac241979fad8baa04b84,csv-line-34,
38e13b14ee56c00930616858,rm2sub_t64_matched_persistence_family_curve,bch-b8-k4-fixed-exact-spectrum,rm2sub-t64-s15-family-scan-selected-anone-kdnone-k4none,bch,"extended BCH [8,4,4] exact",fixed_exact_spectrum,8,4,4,64,15,21.0,2.0,family-scan-selected,19,524288,1048576,131072,2048,104857,0.1,1,1,single_occupation,diagnostic,nearest_binary64_diagnostic,-0.9836024512460126,,,4,small_k_replay/rate_half_family_k_margin_d100_rm2sub_t64_matched.csv,25ab6a5d0a055bea2c2304b2e4591745e3ee6c4e01edac241979fad8baa04b84,csv-line-13,
4d3344a1461163a44347cfb3,rm2sub_t64_matched_persistence_family_curve,random-b1024-k512-random-ensemble-expectation,rm2sub-t64-s15-family-scan-selected-anone-kdnone-k4none,random,"random full-rank [1024,512] reused",random_ensemble_expectation,1024,512,,64,15,21.0,2.0,family-scan-selected,19,524288,1048576,1024,16,104857,0.1,1,1,single_occupation,reference,nearest_binary64_diagnostic,289.5980945846916,,,108,small_k_replay/rate_half_family_k_margin_d100_rm2sub_t64_matched.csv,25ab6a5d0a055bea2c2304b2e4591745e3ee6c4e01edac241979fad8baa04b84,csv-line-159,
5bca3303e5baf72074d8913c,rm2sub_t64_matched_persistence_family_curve,random-b128-k64-random-ensemble-expectation,rm2sub-t64-s15-family-scan-selected-anone-kdnone-k4none,random,"random full-rank [128,64] reused",random_ensemble_expectation,128,64,,64,15,21.0,2.0,family-scan-selected,19,524288,1048576,8192,128,104857,0.1,1,1,single_occupation,reference,nearest_binary64_diagnostic,21.98514120178002,,,13,small_k_replay/rate_half_family_k_margin_d100_rm2sub_t64_matched.csv,25ab6a5d0a055bea2c2304b2e4591745e3ee6c4e01edac241979fad8baa04b84,csv-line-138,
06e89c313c9ed2960c2babb8,rm2sub_t64_matched_persistence_family_curve,random-b16-k8-random-ensemble-expectation,rm2sub-t64-s15-family-scan-selected-anone-kdnone-k4none,random,"random full-rank [16,8] reused",random_ensemble_expectation,16,8,,64,15,21.0,2.0,family-scan-selected,19,524288,1048576,65536,1024,104857,0.1,1,1,single_occupation,reference,nearest_binary64_diagnostic,-13.007186807819593,,,2,small_k_replay/rate_half_family_k_margin_d100_rm2sub_t64_matched.csv,25ab6a5d0a055bea2c2304b2e4591745e3ee6c4e01edac241979fad8baa04b84,csv-line-108,
977342295cacc7e9222da57a,rm2sub_t64_matched_persistence_family_curve,random-b256-k128-random-ensemble-expectation,rm2sub-t64-s15-family-scan-selected-anone-kdnone-k4none,random,"random full-rank [256,128] reused",random_ensemble_expectation,256,128,,64,15,21.0,2.0,family-scan-selected,19,524288,1048576,4096,64,104857,0.1,1,1,single_occupation,reference,nearest_binary64_diagnostic,60.693324792592875,,,26,small_k_replay/rate_half_family_k_margin_d100_rm2sub_t64_matched.csv,25ab6a5d0a055bea2c2304b2e4591745e3ee6c4e01edac241979fad8baa04b84,csv-line-146,
82f967136db462508ff4f2e6,rm2sub_t64_matched_persistence_family_curve,random-b32-k16-random-ensemble-expectation,rm2sub-t64-s15-family-scan-selected-anone-kdnone-k4none,random,"random full-rank [32,16] reused",random_ensemble_expectation,32,16,,64,15,21.0,2.0,family-scan-selected,19,524288,1048576,32768,512,104857,0.1,1,1,single_occupation,reference,nearest_binary64_diagnostic,-7.757782432837914,,,3,small_k_replay/rate_half_family_k_margin_d100_rm2sub_t64_matched.csv,25ab6a5d0a055bea2c2304b2e4591745e3ee6c4e01edac241979fad8baa04b84,csv-line-119,
c7e0855bd4d4a4529ec91ecd,rm2sub_t64_matched_persistence_family_curve,random-b512-k256-random-ensemble-expectation,rm2sub-t64-s15-family-scan-selected-anone-kdnone-k4none,random,"random full-rank [512,256] reused",random_ensemble_expectation,512,256,,64,15,21.0,2.0,family-scan-selected,19,524288,1048576,2048,32,104857,0.1,1,1,single_occupation,reference,nearest_binary64_diagnostic,137.35167375940895,,,53,small_k_replay/rate_half_family_k_margin_d100_rm2sub_t64_matched.csv,25ab6a5d0a055bea2c2304b2e4591745e3ee6c4e01edac241979fad8baa04b84,csv-line-153,
ee8a9085e9f2f243762e79a6,rm2sub_t64_matched_persistence_family_curve,random-b64-k32-random-ensemble-expectation,rm2sub-t64-s15-family-scan-selected-anone-kdnone-k4none,random,"random full-rank [64,32] reused",random_ensemble_expectation,64,32,,64,15,21.0,2.0,family-scan-selected,19,524288,1048576,16384,256,104857,0.1,1,1,single_occupation,reference,nearest_binary64_diagnostic,2.332783949522897,,,7,small_k_replay/rate_half_family_k_margin_d100_rm2sub_t64_matched.csv,25ab6a5d0a055bea2c2304b2e4591745e3ee6c4e01edac241979fad8baa04b84,csv-line-129,
4ec16e5e8cc4a823a88c7593,rm2sub_t64_matched_persistence_family_curve,random-b8-k4-random-ensemble-expectation,rm2sub-t64-s15-family-scan-selected-anone-kdnone-k4none,random,"random full-rank [8,4] reused",random_ensemble_expectation,8,4,,64,15,21.0,2.0,family-scan-selected,19,524288,1048576,131072,2048,104857,0.1,1,1,single_occupation,reference,nearest_binary64_diagnostic,-15.702858903259598,,,1,small_k_replay/rate_half_family_k_margin_d100_rm2sub_t64_matched.csv,25ab6a5d0a055bea2c2304b2e4591745e3ee6c4e01edac241979fad8baa04b84,csv-line-96,
c5c477c0874e0ba818d77c8e,rm2sub_t64_matched_persistence_family_curve,rm-b128-k64-fixed-exact-spectrum,rm2sub-t64-s15-family-scan-selected-anone-kdnone-k4none,rm,"RM(3,7) [128,64,16] exact",fixed_exact_spectrum,128,64,16,64,15,21.0,2.0,family-scan-selected,19,524288,1048576,8192,128,104857,0.1,1,1,single_occupation,diagnostic,nearest_binary64_diagnostic,11.364640415195751,,,16,small_k_replay/rate_half_family_k_margin_d100_rm2sub_t64_matched.csv,25ab6a5d0a055bea2c2304b2e4591745e3ee6c4e01edac241979fad8baa04b84,csv-line-76,
0757209e966bd6d23e621563,rm2sub_t64_matched_persistence_family_curve,rm-b32-k16-fixed-exact-spectrum,rm2sub-t64-s15-family-scan-selected-anone-kdnone-k4none,rm,"RM(2,5) [32,16,8] exact",fixed_exact_spectrum,32,16,8,64,15,21.0,2.0,family-scan-selected,19,524288,1048576,32768,512,104857,0.1,1,1,single_occupation,diagnostic,nearest_binary64_diagnostic,3.2515011786111727,,,8,small_k_replay/rate_half_family_k_margin_d100_rm2sub_t64_matched.csv,25ab6a5d0a055bea2c2304b2e4591745e3ee6c4e01edac241979fad8baa04b84,csv-line-67,
3f22bcafcd7ab863270b2694,rm2sub_t64_matched_persistence_family_curve,rm-b512-k256-fixed-exact-spectrum,rm2sub-t64-s15-family-scan-selected-anone-kdnone-k4none,rm,"RM(4,9) [512,256,32] exact",fixed_exact_spectrum,512,256,32,64,15,21.0,2.0,family-scan-selected,19,524288,1048576,2048,32,104857,0.1,1,1,single_occupation,diagnostic,nearest_binary64_diagnostic,39.80773822955745,,,32,small_k_replay/rate_half_family_k_margin_d100_rm2sub_t64_matched.csv,25ab6a5d0a055bea2c2304b2e4591745e3ee6c4e01edac241979fad8baa04b84,csv-line-83,
e8084a9825304f78df4935d6,rm2sub_t64_matched_persistence_family_curve,rm-b8-k4-fixed-exact-spectrum,rm2sub-t64-s15-family-scan-selected-anone-kdnone-k4none,rm,"RM(1,3) [8,4,4] exact",fixed_exact_spectrum,8,4,4,64,15,21.0,2.0,family-scan-selected,19,524288,1048576,131072,2048,104857,0.1,1,1,single_occupation,diagnostic,nearest_binary64_diagnostic,-0.9836024512460126,,,4,small_k_replay/rate_half_family_k_margin_d100_rm2sub_t64_matched.csv,25ab6a5d0a055bea2c2304b2e4591745e3ee6c4e01edac241979fad8baa04b84,csv-line-56,
f5b23f1e894779fa291b7c35,rm2sub_t64_matched_persistence_family_curve,bch-b128-k64-fixed-exact-spectrum,rm2sub-t64-s16-family-scan-selected-anone-kdnone-k4none,bch,"extended BCH [128,64,22] exact",fixed_exact_spectrum,128,64,22,64,16,22.0,2.0,family-scan-selected,20,1048576,2097152,16384,256,209715,0.1,1,1,single_occupation,diagnostic,nearest_binary64_diagnostic,32.33784925772823,,,22,small_k_replay/rate_half_family_k_margin_d100_rm2sub_t64_matched.csv,25ab6a5d0a055bea2c2304b2e4591745e3ee6c4e01edac241979fad8baa04b84,csv-line-44,
672b5dec793a367eedf53831,rm2sub_t64_matched_persistence_family_curve,bch-b32-k16-fixed-exact-spectrum,rm2sub-t64-s16-family-scan-selected-anone-kdnone-k4none,bch,"extended BCH [32,16,8] exact",fixed_exact_spectrum,32,16,8,64,16,22.0,2.0,family-scan-selected,20,1048576,2097152,65536,1024,209715,0.1,1,1,single_occupation,diagnostic,nearest_binary64_diagnostic,2.846364061588874,,,8,small_k_replay/rate_half_family_k_margin_d100_rm2sub_t64_matched.csv,25ab6a5d0a055bea2c2304b2e4591745e3ee6c4e01edac241979fad8baa04b84,csv-line-25,
b149d9ee2bc305eb549828f9,rm2sub_t64_matched_persistence_family_curve,bch-b64-k32-fixed-exact-spectrum,rm2sub-t64-s16-family-scan-selected-anone-kdnone-k4none,bch,"Philips shortened-XBCH [64,32,12] exact",fixed_exact_spectrum,64,32,12,64,16,22.0,2.0,family-scan-selected,20,1048576,2097152,32768,512,209715,0.1,1,1,single_occupation,diagnostic,nearest_binary64_diagnostic,10.089313973984618,,,12,small_k_replay/rate_half_family_k_margin_d100_rm2sub_t64_matched.csv,25ab6a5d0a055bea2c2304b2e4591745e3ee6c4e01edac241979fad8baa04b84,csv-line-35,
6fb6629b3d2c14e713ba6bae,rm2sub_t64_matched_persistence_family_curve,bch-b8-k4-fixed-exact-spectrum,rm2sub-t64-s16-family-scan-selected-anone-kdnone-k4none,bch,"extended BCH [8,4,4] exact",fixed_exact_spectrum,8,4,4,64,16,22.0,2.0,family-scan-selected,20,1048576,2097152,262144,4096,209715,0.1,1,1,single_occupation,diagnostic,nearest_binary64_diagnostic,-1.091660095885132,,,4,small_k_replay/rate_half_family_k_margin_d100_rm2sub_t64_matched.csv,25ab6a5d0a055bea2c2304b2e4591745e3ee6c4e01edac241979fad8baa04b84,csv-line-14,
d38c4a21f7a715397db1f8dc,rm2sub_t64_matched_persistence_family_curve,random-b1024-k512-random-ensemble-expectation,rm2sub-t64-s16-family-scan-selected-anone-kdnone-k4none,random,"random full-rank [1024,512] reused",random_ensemble_expectation,1024,512,,64,16,22.0,2.0,family-scan-selected,20,1048576,2097152,2048,32,209715,0.1,1,1,single_occupation,reference,nearest_binary64_diagnostic,289.7344656226655,,,107,small_k_replay/rate_half_family_k_margin_d100_rm2sub_t64_matched.csv,25ab6a5d0a055bea2c2304b2e4591745e3ee6c4e01edac241979fad8baa04b84,csv-line-160,
338448d0c7479f0cdca82bf3,rm2sub_t64_matched_persistence_family_curve,random-b128-k64-random-ensemble-expectation,rm2sub-t64-s16-family-scan-selected-anone-kdnone-k4none,random,"random full-rank [128,64] reused",random_ensemble_expectation,128,64,,64,16,22.0,2.0,family-scan-selected,20,1048576,2097152,16384,256,209715,0.1,1,1,single_occupation,reference,nearest_binary64_diagnostic,21.01743400244646,,,13,small_k_replay/rate_half_family_k_margin_d100_rm2sub_t64_matched.csv,25ab6a5d0a055bea2c2304b2e4591745e3ee6c4e01edac241979fad8baa04b84,csv-line-139,
d7a707faa778a7f714dd608d,rm2sub_t64_matched_persistence_family_curve,random-b16-k8-random-ensemble-expectation,rm2sub-t64-s16-family-scan-selected-anone-kdnone-k4none,random,"random full-rank [16,8] reused",random_ensemble_expectation,16,8,,64,16,22.0,2.0,family-scan-selected,20,1048576,2097152,131072,2048,209715,0.1,1,1,single_occupation,reference,nearest_binary64_diagnostic,-14.012735425688177,,,2,small_k_replay/rate_half_family_k_margin_d100_rm2sub_t64_matched.csv,25ab6a5d0a055bea2c2304b2e4591745e3ee6c4e01edac241979fad8baa04b84,csv-line-109,
6305a5853a98936361fef3f3,rm2sub_t64_matched_persistence_family_curve,random-b256-k128-random-ensemble-expectation,rm2sub-t64-s16-family-scan-selected-anone-kdnone-k4none,random,"random full-rank [256,128] reused",random_ensemble_expectation,256,128,,64,16,22.0,2.0,family-scan-selected,20,1048576,2097152,8192,128,209715,0.1,1,1,single_occupation,reference,nearest_binary64_diagnostic,59.817348838763635,,,26,small_k_replay/rate_half_family_k_margin_d100_rm2sub_t64_matched.csv,25ab6a5d0a055bea2c2304b2e4591745e3ee6c4e01edac241979fad8baa04b84,csv-line-147,
131c9ce133c4ac34608759c4,rm2sub_t64_matched_persistence_family_curve,random-b32-k16-random-ensemble-expectation,rm2sub-t64-s16-family-scan-selected-anone-kdnone-k4none,random,"random full-rank [32,16] reused",random_ensemble_expectation,32,16,,64,16,22.0,2.0,family-scan-selected,20,1048576,2097152,65536,1024,209715,0.1,1,1,single_occupation,reference,nearest_binary64_diagnostic,-8.754834901505763,,,3,small_k_replay/rate_half_family_k_margin_d100_rm2sub_t64_matched.csv,25ab6a5d0a055bea2c2304b2e4591745e3ee6c4e01edac241979fad8baa04b84,csv-line-120,
cdf984add87b04e86c02ba3a,rm2sub_t64_matched_persistence_family_curve,random-b512-k256-random-ensemble-expectation,rm2sub-t64-s16-family-scan-selected-anone-kdnone-k4none,random,"random full-rank [512,256] reused",random_ensemble_expectation,512,256,,64,16,22.0,2.0,family-scan-selected,20,1048576,2097152,4096,64,209715,0.1,1,1,single_occupation,reference,nearest_binary64_diagnostic,136.7611125101666,,,53,small_k_replay/rate_half_family_k_margin_d100_rm2sub_t64_matched.csv,25ab6a5d0a055bea2c2304b2e4591745e3ee6c4e01edac241979fad8baa04b84,csv-line-154,
450eca0766cf74f7e040d31a,rm2sub_t64_matched_persistence_family_curve,random-b64-k32-random-ensemble-expectation,rm2sub-t64-s16-family-scan-selected-anone-kdnone-k4none,random,"random full-rank [64,32] reused",random_ensemble_expectation,64,32,,64,16,22.0,2.0,family-scan-selected,20,1048576,2097152,32768,512,209715,0.1,1,1,single_occupation,reference,nearest_binary64_diagnostic,1.3431757816439551,,,7,small_k_replay/rate_half_family_k_margin_d100_rm2sub_t64_matched.csv,25ab6a5d0a055bea2c2304b2e4591745e3ee6c4e01edac241979fad8baa04b84,csv-line-130,
be9332cfc1d552d6e520bed4,rm2sub_t64_matched_persistence_family_curve,random-b8-k4-random-ensemble-expectation,rm2sub-t64-s16-family-scan-selected-anone-kdnone-k4none,random,"random full-rank [8,4] reused",random_ensemble_expectation,8,4,,64,16,22.0,2.0,family-scan-selected,20,1048576,2097152,262144,4096,209715,0.1,1,1,single_occupation,reference,nearest_binary64_diagnostic,-16.72188882236423,,,1,small_k_replay/rate_half_family_k_margin_d100_rm2sub_t64_matched.csv,25ab6a5d0a055bea2c2304b2e4591745e3ee6c4e01edac241979fad8baa04b84,csv-line-97,
43b133c4591ba24ef9e2bd75,rm2sub_t64_matched_persistence_family_curve,rm-b128-k64-fixed-exact-spectrum,rm2sub-t64-s16-family-scan-selected-anone-kdnone-k4none,rm,"RM(3,7) [128,64,16] exact",fixed_exact_spectrum,128,64,16,64,16,22.0,2.0,family-scan-selected,20,1048576,2097152,16384,256,209715,0.1,1,1,single_occupation,diagnostic,nearest_binary64_diagnostic,10.41483512781367,,,16,small_k_replay/rate_half_family_k_margin_d100_rm2sub_t64_matched.csv,25ab6a5d0a055bea2c2304b2e4591745e3ee6c4e01edac241979fad8baa04b84,csv-line-77,
ef0a6dda5b18fc8d8b84f2db,rm2sub_t64_matched_persistence_family_curve,rm-b32-k16-fixed-exact-spectrum,rm2sub-t64-s16-family-scan-selected-anone-kdnone-k4none,rm,"RM(2,5) [32,16,8] exact",fixed_exact_spectrum,32,16,8,64,16,22.0,2.0,family-scan-selected,20,1048576,2097152,65536,1024,209715,0.1,1,1,single_occupation,diagnostic,nearest_binary64_diagnostic,2.846364061588874,,,8,small_k_replay/rate_half_family_k_margin_d100_rm2sub_t64_matched.csv,25ab6a5d0a055bea2c2304b2e4591745e3ee6c4e01edac241979fad8baa04b84,csv-line-68,
73a11158a99d06a0934a88f5,rm2sub_t64_matched_persistence_family_curve,rm-b512-k256-fixed-exact-spectrum,rm2sub-t64-s16-family-scan-selected-anone-kdnone-k4none,rm,"RM(4,9) [512,256,32] exact",fixed_exact_spectrum,512,256,32,64,16,22.0,2.0,family-scan-selected,20,1048576,2097152,4096,64,209715,0.1,1,1,single_occupation,diagnostic,nearest_binary64_diagnostic,38.94054218373622,,,32,small_k_replay/rate_half_family_k_margin_d100_rm2sub_t64_matched.csv,25ab6a5d0a055bea2c2304b2e4591745e3ee6c4e01edac241979fad8baa04b84,csv-line-84,
a1c65dcdf6925763d3fcf7ad,rm2sub_t64_matched_persistence_family_curve,rm-b8-k4-fixed-exact-spectrum,rm2sub-t64-s16-family-scan-selected-anone-kdnone-k4none,rm,"RM(1,3) [8,4,4] exact",fixed_exact_spectrum,8,4,4,64,16,22.0,2.0,family-scan-selected,20,1048576,2097152,262144,4096,209715,0.1,1,1,single_occupation,diagnostic,nearest_binary64_diagnostic,-1.091660095885132,,,4,small_k_replay/rate_half_family_k_margin_d100_rm2sub_t64_matched.csv,25ab6a5d0a055bea2c2304b2e4591745e3ee6c4e01edac241979fad8baa04b84,csv-line-57,
38481c57e51167c21cdbce58,rm2sub_t64_s16_bch128_k20_crosscheck,bch-b128-k64-fixed-exact-spectrum,rm2sub-t64-s16-crosscheck-selected-a16-kd6-k40,bch,"extended BCH [128,64,22] exact",fixed_exact_spectrum,128,64,22,64,16,22.0,2.0,crosscheck-selected,20,1048576,2097152,16384,256,209715,0.1,1,1,single_occupation,diagnostic,nearest_binary64_diagnostic,32.33784925772823,,,22,small_k_replay/rm2sub_t64_s16_bch128_k20_crosscheck.csv,7d8f8d888fc8cc04aff940902560ccbf42260c20e0cbc339fd0295b7587027ed,csv-line-4,
bf67891e3bf356ad5163f613,rm2sub_t64_s16_family_curve,bch-b8-k4-fixed-exact-spectrum,rm2sub-t64-s16-family-scan-selected-anone-kdnone-k4none,bch,"extended BCH [8,4,4] exact",fixed_exact_spectrum,8,4,4,64,16,22.0,14.0,family-scan-selected,8,256,512,64,1,51,0.1,1,1,single_occupation,diagnostic,nearest_binary64_diagnostic,14.264879127999752,,,4,small_k_replay/rate_half_family_k_margin_d100_rm2sub_t64_s16.csv,40ea6dfb712c3d2d2b425d29236713256c65e90058df07d0d97d9e465d0a0092,csv-line-2,
00c4b112e30b3349fcc5107d,rm2sub_t64_s16_family_curve,random-b8-k4-random-ensemble-expectation,rm2sub-t64-s16-family-scan-selected-anone-kdnone-k4none,random,"random full-rank [8,4] reused",random_ensemble_expectation,8,4,,64,16,22.0,14.0,family-scan-selected,8,256,512,64,1,51,0.1,1,1,single_occupation,reference,nearest_binary64_diagnostic,-5.158178928650052,,,1,small_k_replay/rate_half_family_k_margin_d100_rm2sub_t64_s16.csv,40ea6dfb712c3d2d2b425d29236713256c65e90058df07d0d97d9e465d0a0092,csv-line-85,
e09a666b5029cbab82bbd86d,rm2sub_t64_s16_family_curve,rm-b8-k4-fixed-exact-spectrum,rm2sub-t64-s16-family-scan-selected-anone-kdnone-k4none,rm,"RM(1,3) [8,4,4] exact",fixed_exact_spectrum,8,4,4,64,16,22.0,14.0,family-scan-selected,8,256,512,64,1,51,0.1,1,1,single_occupation,diagnostic,nearest_binary64_diagnostic,14.264879127999752,,,4,small_k_replay/rate_half_family_k_margin_d100_rm2sub_t64_s16.csv,40ea6dfb712c3d2d2b425d29236713256c65e90058df07d0d97d9e465d0a0092,csv-line-45,
5522d9e7e008747444a18d0c,rm2sub_t64_s16_family_curve,bch-b8-k4-fixed-exact-spectrum,rm2sub-t64-s16-family-scan-selected-anone-kdnone-k4none,bch,"extended BCH [8,4,4] exact",fixed_exact_spectrum,8,4,4,64,16,22.0,13.0,family-scan-selected,9,512,1024,128,2,102,0.1,1,1,single_occupation,diagnostic,nearest_binary64_diagnostic,9.379530003173864,,,4,small_k_replay/rate_half_family_k_margin_d100_rm2sub_t64_s16.csv,40ea6dfb712c3d2d2b425d29236713256c65e90058df07d0d97d9e465d0a0092,csv-line-3,
af37cb3c7f0df5d377d56ef4,rm2sub_t64_s16_family_curve,random-b16-k8-random-ensemble-expectation,rm2sub-t64-s16-family-scan-selected-anone-kdnone-k4none,random,"random full-rank [16,8] reused",random_ensemble_expectation,16,8,,64,16,22.0,13.0,family-scan-selected,9,512,1024,64,1,102,0.1,1,1,single_occupation,reference,nearest_binary64_diagnostic,-3.400020477498473,,,2,small_k_replay/rate_half_family_k_margin_d100_rm2sub_t64_s16.csv,40ea6dfb712c3d2d2b425d29236713256c65e90058df07d0d97d9e465d0a0092,csv-line-98,
efa2488779a8848fc04d76d9,rm2sub_t64_s16_family_curve,random-b8-k4-random-ensemble-expectation,rm2sub-t64-s16-family-scan-selected-anone-kdnone-k4none,random,"random full-rank [8,4] reused",random_ensemble_expectation,8,4,,64,16,22.0,13.0,family-scan-selected,9,512,1024,128,2,102,0.1,1,1,single_occupation,reference,nearest_binary64_diagnostic,-5.8876769308600405,,,1,small_k_replay/rate_half_family_k_margin_d100_rm2sub_t64_s16.csv,40ea6dfb712c3d2d2b425d29236713256c65e90058df07d0d97d9e465d0a0092,csv-line-86,
4f6c1bab193bd8547e6445fb,rm2sub_t64_s16_family_curve,rm-b8-k4-fixed-exact-spectrum,rm2sub-t64-s16-family-scan-selected-anone-kdnone-k4none,rm,"RM(1,3) [8,4,4] exact",fixed_exact_spectrum,8,4,4,64,16,22.0,13.0,family-scan-selected,9,512,1024,128,2,102,0.1,1,1,single_occupation,diagnostic,nearest_binary64_diagnostic,9.379530003173864,,,4,small_k_replay/rate_half_family_k_margin_d100_rm2sub_t64_s16.csv,40ea6dfb712c3d2d2b425d29236713256c65e90058df07d0d97d9e465d0a0092,csv-line-46,
c7835c9c86335d1f0696c3de,rm2sub_t64_s16_family_curve,bch-b32-k16-fixed-exact-spectrum,rm2sub-t64-s16-family-scan-selected-anone-kdnone-k4none,bch,"extended BCH [32,16,8] exact",fixed_exact_spectrum,32,16,8,64,16,22.0,12.0,family-scan-selected,10,1024,2048,64,1,204,0.1,1,1,single_occupation,diagnostic,nearest_binary64_diagnostic,10.404948383874832,,,8,small_k_replay/rate_half_family_k_margin_d100_rm2sub_t64_s16.csv,40ea6dfb712c3d2d2b425d29236713256c65e90058df07d0d97d9e465d0a0092,csv-line-15,
faf61609b25c2e430702a5d5,rm2sub_t64_s16_family_curve,bch-b8-k4-fixed-exact-spectrum,rm2sub-t64-s16-family-scan-selected-anone-kdnone-k4none,bch,"extended BCH [8,4,4] exact",fixed_exact_spectrum,8,4,4,64,16,22.0,12.0,family-scan-selected,10,1024,2048,256,4,204,0.1,1,1,single_occupation,diagnostic,nearest_binary64_diagnostic,8.245188051091134,,,4,small_k_replay/rate_half_family_k_margin_d100_rm2sub_t64_s16.csv,40ea6dfb712c3d2d2b425d29236713256c65e90058df07d0d97d9e465d0a0092,csv-line-4,
40e410e40a3cd3201d7e52fb,rm2sub_t64_s16_family_curve,random-b16-k8-random-ensemble-expectation,rm2sub-t64-s16-family-scan-selected-anone-kdnone-k4none,random,"random full-rank [16,8] reused",random_ensemble_expectation,16,8,,64,16,22.0,12.0,family-scan-selected,10,1024,2048,128,2,204,0.1,1,1,single_occupation,reference,nearest_binary64_diagnostic,-4.140233042331954,,,2,small_k_replay/rate_half_family_k_margin_d100_rm2sub_t64_s16.csv,40ea6dfb712c3d2d2b425d29236713256c65e90058df07d0d97d9e465d0a0092,csv-line-99,
59998597ee3f09d34fc19b23,rm2sub_t64_s16_family_curve,random-b32-k16-random-ensemble-expectation,rm2sub-t64-s16-family-scan-selected-anone-kdnone-k4none,random,"random full-rank [32,16] reused",random_ensemble_expectation,32,16,,64,16,22.0,12.0,family-scan-selected,10,1024,2048,64,1,204,0.1,1,1,single_occupation,reference,nearest_binary64_diagnostic,0.8911771067122954,,,4,small_k_replay/rate_half_family_k_margin_d100_rm2sub_t64_s16.csv,40ea6dfb712c3d2d2b425d29236713256c65e90058df07d0d97d9e465d0a0092,csv-line-110,
2645141bb417d284552a2906,rm2sub_t64_s16_family_curve,random-b8-k4-random-ensemble-expectation,rm2sub-t64-s16-family-scan-selected-anone-kdnone-k4none,random,"random full-rank [8,4] reused",random_ensemble_expectation,8,4,,64,16,22.0,12.0,family-scan-selected,10,1024,2048,256,4,204,0.1,1,1,single_occupation,reference,nearest_binary64_diagnostic,-6.7284332738589905,,,1,small_k_replay/rate_half_family_k_margin_d100_rm2sub_t64_s16.csv,40ea6dfb712c3d2d2b425d29236713256c65e90058df07d0d97d9e465d0a0092,csv-line-87,
9ca309bdfb0ce90fc85211d3,rm2sub_t64_s16_family_curve,rm-b32-k16-fixed-exact-spectrum,rm2sub-t64-s16-family-scan-selected-anone-kdnone-k4none,rm,"RM(2,5) [32,16,8] exact",fixed_exact_spectrum,32,16,8,64,16,22.0,12.0,family-scan-selected,10,1024,2048,64,1,204,0.1,1,1,single_occupation,diagnostic,nearest_binary64_diagnostic,10.404948383874832,,,8,small_k_replay/rate_half_family_k_margin_d100_rm2sub_t64_s16.csv,40ea6dfb712c3d2d2b425d29236713256c65e90058df07d0d97d9e465d0a0092,csv-line-58,
487536e70cbbfa38b5265d98,rm2sub_t64_s16_family_curve,rm-b8-k4-fixed-exact-spectrum,rm2sub-t64-s16-family-scan-selected-anone-kdnone-k4none,rm,"RM(1,3) [8,4,4] exact",fixed_exact_spectrum,8,4,4,64,16,22.0,12.0,family-scan-selected,10,1024,2048,256,4,204,0.1,1,1,single_occupation,diagnostic,nearest_binary64_diagnostic,8.245188051091134,,,4,small_k_replay/rate_half_family_k_margin_d100_rm2sub_t64_s16.csv,40ea6dfb712c3d2d2b425d29236713256c65e90058df07d0d97d9e465d0a0092,csv-line-47,
f64553b551bfc12156321ecf,rm2sub_t64_s16_family_curve,bch-b32-k16-fixed-exact-spectrum,rm2sub-t64-s16-family-scan-selected-anone-kdnone-k4none,bch,"extended BCH [32,16,8] exact",fixed_exact_spectrum,32,16,8,64,16,22.0,11.0,family-scan-selected,11,2048,4096,128,2,409,0.1,1,1,single_occupation,diagnostic,nearest_binary64_diagnostic,10.38553662136752,,,8,small_k_replay/rate_half_family_k_margin_d100_rm2sub_t64_s16.csv,40ea6dfb712c3d2d2b425d29236713256c65e90058df07d0d97d9e465d0a0092,csv-line-16,
cf5eab8552e244216020b741,rm2sub_t64_s16_family_curve,bch-b64-k32-fixed-exact-spectrum,rm2sub-t64-s16-family-scan-selected-anone-kdnone-k4none,bch,"Philips shortened-XBCH [64,32,12] exact",fixed_exact_spectrum,64,32,12,64,16,22.0,11.0,family-scan-selected,11,2048,4096,64,1,409,0.1,1,1,single_occupation,diagnostic,nearest_binary64_diagnostic,17.55030733121981,,,12,small_k_replay/rate_half_family_k_margin_d100_rm2sub_t64_s16.csv,40ea6dfb712c3d2d2b425d29236713256c65e90058df07d0d97d9e465d0a0092,csv-line-26,
34377e61488a5938b19a6de6,rm2sub_t64_s16_family_curve,bch-b8-k4-fixed-exact-spectrum,rm2sub-t64-s16-family-scan-selected-anone-kdnone-k4none,bch,"extended BCH [8,4,4] exact",fixed_exact_spectrum,8,4,4,64,16,22.0,11.0,family-scan-selected,11,2048,4096,512,8,409,0.1,1,1,single_occupation,diagnostic,nearest_binary64_diagnostic,7.4945759192002885,,,4,small_k_replay/rate_half_family_k_margin_d100_rm2sub_t64_s16.csv,40ea6dfb712c3d2d2b425d29236713256c65e90058df07d0d97d9e465d0a0092,csv-line-5,
6a969ca63e2e83080de90150,rm2sub_t64_s16_family_curve,random-b16-k8-random-ensemble-expectation,rm2sub-t64-s16-family-scan-selected-anone-kdnone-k4none,random,"random full-rank [16,8] reused",random_ensemble_expectation,16,8,,64,16,22.0,11.0,family-scan-selected,11,2048,4096,256,4,409,0.1,1,1,single_occupation,reference,nearest_binary64_diagnostic,-5.005742526255888,,,2,small_k_replay/rate_half_family_k_margin_d100_rm2sub_t64_s16.csv,40ea6dfb712c3d2d2b425d29236713256c65e90058df07d0d97d9e465d0a0092,csv-line-100,
3d99fe1e741831958e61f69b,rm2sub_t64_s16_family_curve,random-b32-k16-random-ensemble-expectation,rm2sub-t64-s16-family-scan-selected-anone-kdnone-k4none,random,"random full-rank [32,16] reused",random_ensemble_expectation,32,16,,64,16,22.0,11.0,family-scan-selected,11,2048,4096,128,2,409,0.1,1,1,single_occupation,reference,nearest_binary64_diagnostic,0.12730969900896852,,,4,small_k_replay/rate_half_family_k_margin_d100_rm2sub_t64_s16.csv,40ea6dfb712c3d2d2b425d29236713256c65e90058df07d0d97d9e465d0a0092,csv-line-111,
2800e05c0ed6c1284a371730,rm2sub_t64_s16_family_curve,random-b64-k32-random-ensemble-expectation,rm2sub-t64-s16-family-scan-selected-anone-kdnone-k4none,random,"random full-rank [64,32] reused",random_ensemble_expectation,64,32,,64,16,22.0,11.0,family-scan-selected,11,2048,4096,64,1,409,0.1,1,1,single_occupation,reference,nearest_binary64_diagnostic,9.960280951228523,,,7,small_k_replay/rate_half_family_k_margin_d100_rm2sub_t64_s16.csv,40ea6dfb712c3d2d2b425d29236713256c65e90058df07d0d97d9e465d0a0092,csv-line-121,
d871b93e95142f09f74c76d9,rm2sub_t64_s16_family_curve,random-b8-k4-random-ensemble-expectation,rm2sub-t64-s16-family-scan-selected-anone-kdnone-k4none,random,"random full-rank [8,4] reused",random_ensemble_expectation,8,4,,64,16,22.0,11.0,family-scan-selected,11,2048,4096,512,8,409,0.1,1,1,single_occupation,reference,nearest_binary64_diagnostic,-7.647258355318571,,,1,small_k_replay/rate_half_family_k_margin_d100_rm2sub_t64_s16.csv,40ea6dfb712c3d2d2b425d29236713256c65e90058df07d0d97d9e465d0a0092,csv-line-88,
f3e1f96a0ede978e2a963f80,rm2sub_t64_s16_family_curve,rm-b32-k16-fixed-exact-spectrum,rm2sub-t64-s16-family-scan-selected-anone-kdnone-k4none,rm,"RM(2,5) [32,16,8] exact",fixed_exact_spectrum,32,16,8,64,16,22.0,11.0,family-scan-selected,11,2048,4096,128,2,409,0.1,1,1,single_occupation,diagnostic,nearest_binary64_diagnostic,10.38553662136752,,,8,small_k_replay/rate_half_family_k_margin_d100_rm2sub_t64_s16.csv,40ea6dfb712c3d2d2b425d29236713256c65e90058df07d0d97d9e465d0a0092,csv-line-59,
d41258a2fb1fe91e64e3a634,rm2sub_t64_s16_family_curve,rm-b8-k4-fixed-exact-spectrum,rm2sub-t64-s16-family-scan-selected-anone-kdnone-k4none,rm,"RM(1,3) [8,4,4] exact",fixed_exact_spectrum,8,4,4,64,16,22.0,11.0,family-scan-selected,11,2048,4096,512,8,409,0.1,1,1,single_occupation,diagnostic,nearest_binary64_diagnostic,7.4945759192002885,,,4,small_k_replay/rate_half_family_k_margin_d100_rm2sub_t64_s16.csv,40ea6dfb712c3d2d2b425d29236713256c65e90058df07d0d97d9e465d0a0092,csv-line-48,
0415e652511529b6e64abe53,rm2sub_t64_s16_family_curve,bch-b128-k64-fixed-exact-spectrum,rm2sub-t64-s16-family-scan-selected-anone-kdnone-k4none,bch,"extended BCH [128,64,22] exact",fixed_exact_spectrum,128,64,22,64,16,22.0,10.0,family-scan-selected,12,4096,8192,64,1,819,0.1,1,1,single_occupation,diagnostic,nearest_binary64_diagnostic,38.71556476857145,,,22,small_k_replay/rate_half_family_k_margin_d100_rm2sub_t64_s16.csv,40ea6dfb712c3d2d2b425d29236713256c65e90058df07d0d97d9e465d0a0092,csv-line-36,
6178d2e8e0b64f7e2a992c11,rm2sub_t64_s16_family_curve,bch-b32-k16-fixed-exact-spectrum,rm2sub-t64-s16-family-scan-selected-anone-kdnone-k4none,bch,"extended BCH [32,16,8] exact",fixed_exact_spectrum,32,16,8,64,16,22.0,10.0,family-scan-selected,12,4096,8192,256,4,819,0.1,1,1,single_occupation,diagnostic,nearest_binary64_diagnostic,10.047857711008664,,,8,small_k_replay/rate_half_family_k_margin_d100_rm2sub_t64_s16.csv,40ea6dfb712c3d2d2b425d29236713256c65e90058df07d0d97d9e465d0a0092,csv-line-17,
88b2c84d5dfee6b927692c24,rm2sub_t64_s16_family_curve,bch-b64-k32-fixed-exact-spectrum,rm2sub-t64-s16-family-scan-selected-anone-kdnone-k4none,bch,"Philips shortened-XBCH [64,32,12] exact",fixed_exact_spectrum,64,32,12,64,16,22.0,10.0,family-scan-selected,12,4096,8192,128,2,819,0.1,1,1,single_occupation,diagnostic,nearest_binary64_diagnostic,17.28221521703197,,,12,small_k_replay/rate_half_family_k_margin_d100_rm2sub_t64_s16.csv,40ea6dfb712c3d2d2b425d29236713256c65e90058df07d0d97d9e465d0a0092,csv-line-27,
05d4e1fad49d6656fb698afb,rm2sub_t64_s16_family_curve,bch-b8-k4-fixed-exact-spectrum,rm2sub-t64-s16-family-scan-selected-anone-kdnone-k4none,bch,"extended BCH [8,4,4] exact",fixed_exact_spectrum,8,4,4,64,16,22.0,10.0,family-scan-selected,12,4096,8192,1024,16,819,0.1,1,1,single_occupation,diagnostic,nearest_binary64_diagnostic,6.7293099478583525,,,4,small_k_replay/rate_half_family_k_margin_d100_rm2sub_t64_s16.csv,40ea6dfb712c3d2d2b425d29236713256c65e90058df07d0d97d9e465d0a0092,csv-line-6,
33f1915db654bdc5bb663dc6,rm2sub_t64_s16_family_curve,random-b128-k64-random-ensemble-expectation,rm2sub-t64-s16-family-scan-selected-anone-kdnone-k4none,random,"random full-rank [128,64] reused",random_ensemble_expectation,128,64,,64,16,22.0,10.0,family-scan-selected,12,4096,8192,64,1,819,0.1,1,1,single_occupation,reference,nearest_binary64_diagnostic,28.562360871842564,,,13,small_k_replay/rate_half_family_k_margin_d100_rm2sub_t64_s16.csv,40ea6dfb712c3d2d2b425d29236713256c65e90058df07d0d97d9e465d0a0092,csv-line-131,
c4429d01b977e4e90a9cba8e,rm2sub_t64_s16_family_curve,random-b16-k8-random-ensemble-expectation,rm2sub-t64-s16-family-scan-selected-anone-kdnone-k4none,random,"random full-rank [16,8] reused",random_ensemble_expectation,16,8,,64,16,22.0,10.0,family-scan-selected,12,4096,8192,512,8,819,0.1,1,1,single_occupation,reference,nearest_binary64_diagnostic,-5.93771696519018,,,2,small_k_replay/rate_half_family_k_margin_d100_rm2sub_t64_s16.csv,40ea6dfb712c3d2d2b425d29236713256c65e90058df07d0d97d9e465d0a0092,csv-line-101,
61681380c766dd8f2289794c,rm2sub_t64_s16_family_curve,random-b32-k16-random-ensemble-expectation,rm2sub-t64-s16-family-scan-selected-anone-kdnone-k4none,random,"random full-rank [32,16] reused",random_ensemble_expectation,32,16,,64,16,22.0,10.0,family-scan-selected,12,4096,8192,256,4,819,0.1,1,1,single_occupation,reference,nearest_binary64_diagnostic,-0.7490368686942,,,4,small_k_replay/rate_half_family_k_margin_d100_rm2sub_t64_s16.csv,40ea6dfb712c3d2d2b425d29236713256c65e90058df07d0d97d9e465d0a0092,csv-line-112,
79ceeba41593a07b574ba1cd,rm2sub_t64_s16_family_curve,random-b64-k32-random-ensemble-expectation,rm2sub-t64-s16-family-scan-selected-anone-kdnone-k4none,random,"random full-rank [64,32] reused",random_ensemble_expectation,64,32,,64,16,22.0,10.0,family-scan-selected,12,4096,8192,128,2,819,0.1,1,1,single_occupation,reference,nearest_binary64_diagnostic,9.20916430862824,,,7,small_k_replay/rate_half_family_k_margin_d100_rm2sub_t64_s16.csv,40ea6dfb712c3d2d2b425d29236713256c65e90058df07d0d97d9e465d0a0092,csv-line-122,
cd2b455f4d7981ada8fa87ae,rm2sub_t64_s16_family_curve,random-b8-k4-random-ensemble-expectation,rm2sub-t64-s16-family-scan-selected-anone-kdnone-k4none,random,"random full-rank [8,4] reused",random_ensemble_expectation,8,4,,64,16,22.0,10.0,family-scan-selected,12,4096,8192,1024,16,819,0.1,1,1,single_occupation,reference,nearest_binary64_diagnostic,-8.604385724079034,,,1,small_k_replay/rate_half_family_k_margin_d100_rm2sub_t64_s16.csv,40ea6dfb712c3d2d2b425d29236713256c65e90058df07d0d97d9e465d0a0092,csv-line-89,
2d14afc6c4b330a94c293512,rm2sub_t64_s16_family_curve,rm-b128-k64-fixed-exact-spectrum,rm2sub-t64-s16-family-scan-selected-anone-kdnone-k4none,rm,"RM(3,7) [128,64,16] exact",fixed_exact_spectrum,128,64,16,64,16,22.0,10.0,family-scan-selected,12,4096,8192,64,1,819,0.1,1,1,single_occupation,diagnostic,nearest_binary64_diagnostic,17.75589853945147,,,16,small_k_replay/rate_half_family_k_margin_d100_rm2sub_t64_s16.csv,40ea6dfb712c3d2d2b425d29236713256c65e90058df07d0d97d9e465d0a0092,csv-line-69,
33c14f94a39b01e55227e752,rm2sub_t64_s16_family_curve,rm-b32-k16-fixed-exact-spectrum,rm2sub-t64-s16-family-scan-selected-anone-kdnone-k4none,rm,"RM(2,5) [32,16,8] exact",fixed_exact_spectrum,32,16,8,64,16,22.0,10.0,family-scan-selected,12,4096,8192,256,4,819,0.1,1,1,single_occupation,diagnostic,nearest_binary64_diagnostic,10.047857711008664,,,8,small_k_replay/rate_half_family_k_margin_d100_rm2sub_t64_s16.csv,40ea6dfb712c3d2d2b425d29236713256c65e90058df07d0d97d9e465d0a0092,csv-line-60,
5553e25f6e90a8bdc27dd68b,rm2sub_t64_s16_family_curve,rm-b8-k4-fixed-exact-spectrum,rm2sub-t64-s16-family-scan-selected-anone-kdnone-k4none,rm,"RM(1,3) [8,4,4] exact",fixed_exact_spectrum,8,4,4,64,16,22.0,10.0,family-scan-selected,12,4096,8192,1024,16,819,0.1,1,1,single_occupation,diagnostic,nearest_binary64_diagnostic,6.7293099478583525,,,4,small_k_replay/rate_half_family_k_margin_d100_rm2sub_t64_s16.csv,40ea6dfb712c3d2d2b425d29236713256c65e90058df07d0d97d9e465d0a0092,csv-line-49,
a7c209033b95c75a5f250d4b,rm2sub_t64_s16_family_curve,bch-b128-k64-fixed-exact-spectrum,rm2sub-t64-s16-family-scan-selected-anone-kdnone-k4none,bch,"extended BCH [128,64,22] exact",fixed_exact_spectrum,128,64,22,64,16,22.0,9.0,family-scan-selected,13,8192,16384,128,2,1638,0.1,1,1,single_occupation,diagnostic,nearest_binary64_diagnostic,38.5460358692438,,,22,small_k_replay/rate_half_family_k_margin_d100_rm2sub_t64_s16.csv,40ea6dfb712c3d2d2b425d29236713256c65e90058df07d0d97d9e465d0a0092,csv-line-37,
0d57f77644ab170c6d11a8ff,rm2sub_t64_s16_family_curve,bch-b32-k16-fixed-exact-spectrum,rm2sub-t64-s16-family-scan-selected-anone-kdnone-k4none,bch,"extended BCH [32,16,8] exact",fixed_exact_spectrum,32,16,8,64,16,22.0,9.0,family-scan-selected,13,8192,16384,512,8,1638,0.1,1,1,single_occupation,diagnostic,nearest_binary64_diagnostic,9.467363091074555,,,8,small_k_replay/rate_half_family_k_margin_d100_rm2sub_t64_s16.csv,40ea6dfb712c3d2d2b425d29236713256c65e90058df07d0d97d9e465d0a0092,csv-line-18,
7288e9f276e42a010b374e65,rm2sub_t64_s16_family_curve,bch-b64-k32-fixed-exact-spectrum,rm2sub-t64-s16-family-scan-selected-anone-kdnone-k4none,bch,"Philips shortened-XBCH [64,32,12] exact",fixed_exact_spectrum,64,32,12,64,16,22.0,9.0,family-scan-selected,13,8192,16384,256,4,1638,0.1,1,1,single_occupation,diagnostic,nearest_binary64_diagnostic,16.736359001247315,,,12,small_k_replay/rate_half_family_k_margin_d100_rm2sub_t64_s16.csv,40ea6dfb712c3d2d2b425d29236713256c65e90058df07d0d97d9e465d0a0092,csv-line-28,
79f3b8253bd288a780e19fce,rm2sub_t64_s16_family_curve,bch-b8-k4-fixed-exact-spectrum,rm2sub-t64-s16-family-scan-selected-anone-kdnone-k4none,bch,"extended BCH [8,4,4] exact",fixed_exact_spectrum,8,4,4,64,16,22.0,9.0,family-scan-selected,13,8192,16384,2048,32,1638,0.1,1,1,single_occupation,diagnostic,nearest_binary64_diagnostic,5.887986499832613,,,4,small_k_replay/rate_half_family_k_margin_d100_rm2sub_t64_s16.csv,40ea6dfb712c3d2d2b425d29236713256c65e90058df07d0d97d9e465d0a0092,csv-line-7,
d0eaa20b72c3b22b51e875ec,rm2sub_t64_s16_family_curve,random-b128-k64-random-ensemble-expectation,rm2sub-t64-s16-family-scan-selected-anone-kdnone-k4none,random,"random full-rank [128,64] reused",random_ensemble_expectation,128,64,,64,16,22.0,9.0,family-scan-selected,13,8192,16384,128,2,1638,0.1,1,1,single_occupation,reference,nearest_binary64_diagnostic,27.849566884208084,,,13,small_k_replay/rate_half_family_k_margin_d100_rm2sub_t64_s16.csv,40ea6dfb712c3d2d2b425d29236713256c65e90058df07d0d97d9e465d0a0092,csv-line-132,
e5a9d643fa89ab0a2fa79034,rm2sub_t64_s16_family_curve,random-b16-k8-random-ensemble-expectation,rm2sub-t64-s16-family-scan-selected-anone-kdnone-k4none,random,"random full-rank [16,8] reused",random_ensemble_expectation,16,8,,64,16,22.0,9.0,family-scan-selected,13,8192,16384,1024,16,1638,0.1,1,1,single_occupation,reference,nearest_binary64_diagnostic,-6.898429740936467,,,2,small_k_replay/rate_half_family_k_margin_d100_rm2sub_t64_s16.csv,40ea6dfb712c3d2d2b425d29236713256c65e90058df07d0d97d9e465d0a0092,csv-line-102,
ce5fc9c9b02b56bdd8f33fa1,rm2sub_t64_s16_family_curve,random-b256-k128-random-ensemble-expectation,rm2sub-t64-s16-family-scan-selected-anone-kdnone-k4none,random,"random full-rank [256,128] reused",random_ensemble_expectation,256,128,,64,16,22.0,9.0,family-scan-selected,13,8192,16384,64,1,1638,0.1,1,1,single_occupation,reference,nearest_binary64_diagnostic,66.2399278557751,,,26,small_k_replay/rate_half_family_k_margin_d100_rm2sub_t64_s16.csv,40ea6dfb712c3d2d2b425d29236713256c65e90058df07d0d97d9e465d0a0092,csv-line-140,
2cce578e8a0baf234318466d,rm2sub_t64_s16_family_curve,random-b32-k16-random-ensemble-expectation,rm2sub-t64-s16-family-scan-selected-anone-kdnone-k4none,random,"random full-rank [32,16] reused",random_ensemble_expectation,32,16,,64,16,22.0,9.0,family-scan-selected,13,8192,16384,512,8,1638,0.1,1,1,single_occupation,reference,nearest_binary64_diagnostic,-1.6779053645247894,,,4,small_k_replay/rate_half_family_k_margin_d100_rm2sub_t64_s16.csv,40ea6dfb712c3d2d2b425d29236713256c65e90058df07d0d97d9e465d0a0092,csv-line-113,
94cce2e9ba4367b65883038c,rm2sub_t64_s16_family_curve,random-b64-k32-random-ensemble-expectation,rm2sub-t64-s16-family-scan-selected-anone-kdnone-k4none,random,"random full-rank [64,32] reused",random_ensemble_expectation,64,32,,64,16,22.0,9.0,family-scan-selected,13,8192,16384,256,4,1638,0.1,1,1,single_occupation,reference,nearest_binary64_diagnostic,8.344480601572055,,,7,small_k_replay/rate_half_family_k_margin_d100_rm2sub_t64_s16.csv,40ea6dfb712c3d2d2b425d29236713256c65e90058df07d0d97d9e465d0a0092,csv-line-123,
278b45a49585abcfabb8729d,rm2sub_t64_s16_family_curve,random-b8-k4-random-ensemble-expectation,rm2sub-t64-s16-family-scan-selected-anone-kdnone-k4none,random,"random full-rank [8,4] reused",random_ensemble_expectation,8,4,,64,16,22.0,9.0,family-scan-selected,13,8192,16384,2048,32,1638,0.1,1,1,single_occupation,reference,nearest_binary64_diagnostic,-9.582002715361632,,,1,small_k_replay/rate_half_family_k_margin_d100_rm2sub_t64_s16.csv,40ea6dfb712c3d2d2b425d29236713256c65e90058df07d0d97d9e465d0a0092,csv-line-90,
7ab8d89d4dea91b72a056919,rm2sub_t64_s16_family_curve,rm-b128-k64-fixed-exact-spectrum,rm2sub-t64-s16-family-scan-selected-anone-kdnone-k4none,rm,"RM(3,7) [128,64,16] exact",fixed_exact_spectrum,128,64,16,64,16,22.0,9.0,family-scan-selected,13,8192,16384,128,2,1638,0.1,1,1,single_occupation,diagnostic,nearest_binary64_diagnostic,17.13798277937497,,,16,small_k_replay/rate_half_family_k_margin_d100_rm2sub_t64_s16.csv,40ea6dfb712c3d2d2b425d29236713256c65e90058df07d0d97d9e465d0a0092,csv-line-70,
f943a45bfbd44079e5d1b7f9,rm2sub_t64_s16_family_curve,rm-b32-k16-fixed-exact-spectrum,rm2sub-t64-s16-family-scan-selected-anone-kdnone-k4none,rm,"RM(2,5) [32,16,8] exact",fixed_exact_spectrum,32,16,8,64,16,22.0,9.0,family-scan-selected,13,8192,16384,512,8,1638,0.1,1,1,single_occupation,diagnostic,nearest_binary64_diagnostic,9.467363091074555,,,8,small_k_replay/rate_half_family_k_margin_d100_rm2sub_t64_s16.csv,40ea6dfb712c3d2d2b425d29236713256c65e90058df07d0d97d9e465d0a0092,csv-line-61,
3fef5b87dcbdc1775f3e53d5,rm2sub_t64_s16_family_curve,rm-b8-k4-fixed-exact-spectrum,rm2sub-t64-s16-family-scan-selected-anone-kdnone-k4none,rm,"RM(1,3) [8,4,4] exact",fixed_exact_spectrum,8,4,4,64,16,22.0,9.0,family-scan-selected,13,8192,16384,2048,32,1638,0.1,1,1,single_occupation,diagnostic,nearest_binary64_diagnostic,5.887986499832613,,,4,small_k_replay/rate_half_family_k_margin_d100_rm2sub_t64_s16.csv,40ea6dfb712c3d2d2b425d29236713256c65e90058df07d0d97d9e465d0a0092,csv-line-50,
ca45240d88f1ce09044b1480,rm2sub_t64_s16_family_curve,bch-b128-k64-fixed-exact-spectrum,rm2sub-t64-s16-family-scan-selected-anone-kdnone-k4none,bch,"extended BCH [128,64,22] exact",fixed_exact_spectrum,128,64,22,64,16,22.0,8.0,family-scan-selected,14,16384,32768,256,4,3276,0.1,1,1,single_occupation,diagnostic,nearest_binary64_diagnostic,38.01749355184611,,,22,small_k_replay/rate_half_family_k_margin_d100_rm2sub_t64_s16.csv,40ea6dfb712c3d2d2b425d29236713256c65e90058df07d0d97d9e465d0a0092,csv-line-38,
6399551659a83840cb410547,rm2sub_t64_s16_family_curve,bch-b32-k16-fixed-exact-spectrum,rm2sub-t64-s16-family-scan-selected-anone-kdnone-k4none,bch,"extended BCH [32,16,8] exact",fixed_exact_spectrum,32,16,8,64,16,22.0,8.0,family-scan-selected,14,16384,32768,1024,16,3276,0.1,1,1,single_occupation,diagnostic,nearest_binary64_diagnostic,8.717379655414856,,,8,small_k_replay/rate_half_family_k_margin_d100_rm2sub_t64_s16.csv,40ea6dfb712c3d2d2b425d29236713256c65e90058df07d0d97d9e465d0a0092,csv-line-19,
bf0b933bfa0d53525de7029e,rm2sub_t64_s16_family_curve,bch-b64-k32-fixed-exact-spectrum,rm2sub-t64-s16-family-scan-selected-anone-kdnone-k4none,bch,"Philips shortened-XBCH [64,32,12] exact",fixed_exact_spectrum,64,32,12,64,16,22.0,8.0,family-scan-selected,14,16384,32768,512,8,3276,0.1,1,1,single_occupation,diagnostic,nearest_binary64_diagnostic,15.988621578126493,,,12,small_k_replay/rate_half_family_k_margin_d100_rm2sub_t64_s16.csv,40ea6dfb712c3d2d2b425d29236713256c65e90058df07d0d97d9e465d0a0092,csv-line-29,
9fc5b96b17909c09d469a436,rm2sub_t64_s16_family_curve,bch-b8-k4-fixed-exact-spectrum,rm2sub-t64-s16-family-scan-selected-anone-kdnone-k4none,bch,"extended BCH [8,4,4] exact",fixed_exact_spectrum,8,4,4,64,16,22.0,8.0,family-scan-selected,14,16384,32768,4096,64,3276,0.1,1,1,single_occupation,diagnostic,nearest_binary64_diagnostic,4.975119081313092,,,4,small_k_replay/rate_half_family_k_margin_d100_rm2sub_t64_s16.csv,40ea6dfb712c3d2d2b425d29236713256c65e90058df07d0d97d9e465d0a0092,csv-line-8,
42bd35e48eeca7b4829a4e46,rm2sub_t64_s16_family_curve,random-b128-k64-random-ensemble-expectation,rm2sub-t64-s16-family-scan-selected-anone-kdnone-k4none,random,"random full-rank [128,64] reused",random_ensemble_expectation,128,64,,64,16,22.0,8.0,family-scan-selected,14,16384,32768,256,4,3276,0.1,1,1,single_occupation,reference,nearest_binary64_diagnostic,27.00685098250532,,,13,small_k_replay/rate_half_family_k_margin_d100_rm2sub_t64_s16.csv,40ea6dfb712c3d2d2b425d29236713256c65e90058df07d0d97d9e465d0a0092,csv-line-133,
d94ff0ca72e63d9fcc196e85,rm2sub_t64_s16_family_curve,random-b16-k8-random-ensemble-expectation,rm2sub-t64-s16-family-scan-selected-anone-kdnone-k4none,random,"random full-rank [16,8] reused",random_ensemble_expectation,16,8,,64,16,22.0,8.0,family-scan-selected,14,16384,32768,2048,32,3276,0.1,1,1,single_occupation,reference,nearest_binary64_diagnostic,-7.879397909745387,,,2,small_k_replay/rate_half_family_k_margin_d100_rm2sub_t64_s16.csv,40ea6dfb712c3d2d2b425d29236713256c65e90058df07d0d97d9e465d0a0092,csv-line-103,
0b5e4971179f412d65b2ddf3,rm2sub_t64_s16_family_curve,random-b256-k128-random-ensemble-expectation,rm2sub-t64-s16-family-scan-selected-anone-kdnone-k4none,random,"random full-rank [256,128] reused",random_ensemble_expectation,256,128,,64,16,22.0,8.0,family-scan-selected,14,16384,32768,128,2,3276,0.1,1,1,single_occupation,reference,nearest_binary64_diagnostic,65.60215750894648,,,26,small_k_replay/rate_half_family_k_margin_d100_rm2sub_t64_s16.csv,40ea6dfb712c3d2d2b425d29236713256c65e90058df07d0d97d9e465d0a0092,csv-line-141,
45183930aef920bfb26f12d9,rm2sub_t64_s16_family_curve,random-b32-k16-random-ensemble-expectation,rm2sub-t64-s16-family-scan-selected-anone-kdnone-k4none,random,"random full-rank [32,16] reused",random_ensemble_expectation,32,16,,64,16,22.0,8.0,family-scan-selected,14,16384,32768,1024,16,3276,0.1,1,1,single_occupation,reference,nearest_binary64_diagnostic,-2.6420023853122365,,,3,small_k_replay/rate_half_family_k_margin_d100_rm2sub_t64_s16.csv,40ea6dfb712c3d2d2b425d29236713256c65e90058df07d0d97d9e465d0a0092,csv-line-114,
3f3f69d547f9e49bfb6f5daa,rm2sub_t64_s16_family_curve,random-b512-k256-random-ensemble-expectation,rm2sub-t64-s16-family-scan-selected-anone-kdnone-k4none,random,"random full-rank [512,256] reused",random_ensemble_expectation,512,256,,64,16,22.0,8.0,family-scan-selected,14,16384,32768,64,1,3276,0.1,1,1,single_occupation,reference,nearest_binary64_diagnostic,141.94842915591923,,,52,small_k_replay/rate_half_family_k_margin_d100_rm2sub_t64_s16.csv,40ea6dfb712c3d2d2b425d29236713256c65e90058df07d0d97d9e465d0a0092,csv-line-148,
e2382a4c6aed5edb9515d84f,rm2sub_t64_s16_family_curve,random-b64-k32-random-ensemble-expectation,rm2sub-t64-s16-family-scan-selected-anone-kdnone-k4none,random,"random full-rank [64,32] reused",random_ensemble_expectation,64,32,,64,16,22.0,8.0,family-scan-selected,14,16384,32768,512,8,3276,0.1,1,1,single_occupation,reference,nearest_binary64_diagnostic,7.410910156074102,,,7,small_k_replay/rate_half_family_k_margin_d100_rm2sub_t64_s16.csv,40ea6dfb712c3d2d2b425d29236713256c65e90058df07d0d97d9e465d0a0092,csv-line-124,
2cb2ada4b08e4a25e632384f,rm2sub_t64_s16_family_curve,random-b8-k4-random-ensemble-expectation,rm2sub-t64-s16-family-scan-selected-anone-kdnone-k4none,random,"random full-rank [8,4] reused",random_ensemble_expectation,8,4,,64,16,22.0,8.0,family-scan-selected,14,16384,32768,4096,64,3276,0.1,1,1,single_occupation,reference,nearest_binary64_diagnostic,-10.571218125551184,,,1,small_k_replay/rate_half_family_k_margin_d100_rm2sub_t64_s16.csv,40ea6dfb712c3d2d2b425d29236713256c65e90058df07d0d97d9e465d0a0092,csv-line-91,
a7dbfbc32d13608ea550d523,rm2sub_t64_s16_family_curve,rm-b128-k64-fixed-exact-spectrum,rm2sub-t64-s16-family-scan-selected-anone-kdnone-k4none,rm,"RM(3,7) [128,64,16] exact",fixed_exact_spectrum,128,64,16,64,16,22.0,8.0,family-scan-selected,14,16384,32768,256,4,3276,0.1,1,1,single_occupation,diagnostic,nearest_binary64_diagnostic,16.35626664413517,,,16,small_k_replay/rate_half_family_k_margin_d100_rm2sub_t64_s16.csv,40ea6dfb712c3d2d2b425d29236713256c65e90058df07d0d97d9e465d0a0092,csv-line-71,
ee335d52ae405e1b72489e65,rm2sub_t64_s16_family_curve,rm-b32-k16-fixed-exact-spectrum,rm2sub-t64-s16-family-scan-selected-anone-kdnone-k4none,rm,"RM(2,5) [32,16,8] exact",fixed_exact_spectrum,32,16,8,64,16,22.0,8.0,family-scan-selected,14,16384,32768,1024,16,3276,0.1,1,1,single_occupation,diagnostic,nearest_binary64_diagnostic,8.717379655414856,,,8,small_k_replay/rate_half_family_k_margin_d100_rm2sub_t64_s16.csv,40ea6dfb712c3d2d2b425d29236713256c65e90058df07d0d97d9e465d0a0092,csv-line-62,
9c49351a3fc4e495b08d8d5d,rm2sub_t64_s16_family_curve,rm-b512-k256-fixed-exact-spectrum,rm2sub-t64-s16-family-scan-selected-anone-kdnone-k4none,rm,"RM(4,9) [512,256,32] exact",fixed_exact_spectrum,512,256,32,64,16,22.0,8.0,family-scan-selected,14,16384,32768,64,1,3276,0.1,1,1,single_occupation,diagnostic,nearest_binary64_diagnostic,44.684720012939536,,,32,small_k_replay/rate_half_family_k_margin_d100_rm2sub_t64_s16.csv,40ea6dfb712c3d2d2b425d29236713256c65e90058df07d0d97d9e465d0a0092,csv-line-78,
6f3ba99c55b95f6c981d42de,rm2sub_t64_s16_family_curve,rm-b8-k4-fixed-exact-spectrum,rm2sub-t64-s16-family-scan-selected-anone-kdnone-k4none,rm,"RM(1,3) [8,4,4] exact",fixed_exact_spectrum,8,4,4,64,16,22.0,8.0,family-scan-selected,14,16384,32768,4096,64,3276,0.1,1,1,single_occupation,diagnostic,nearest_binary64_diagnostic,4.975119081313092,,,4,small_k_replay/rate_half_family_k_margin_d100_rm2sub_t64_s16.csv,40ea6dfb712c3d2d2b425d29236713256c65e90058df07d0d97d9e465d0a0092,csv-line-51,
08e0c33d70ae8ba6cdf0221c,rm2sub_t64_s16_family_curve,bch-b128-k64-fixed-exact-spectrum,rm2sub-t64-s16-family-scan-selected-anone-kdnone-k4none,bch,"extended BCH [128,64,22] exact",fixed_exact_spectrum,128,64,22,64,16,22.0,7.0,family-scan-selected,15,32768,65536,512,8,6553,0.1,1,1,single_occupation,diagnostic,nearest_binary64_diagnostic,37.248709788601744,,,22,small_k_replay/rate_half_family_k_margin_d100_rm2sub_t64_s16.csv,40ea6dfb712c3d2d2b425d29236713256c65e90058df07d0d97d9e465d0a0092,csv-line-39,
a3ceedf10553302924f6c756,rm2sub_t64_s16_family_curve,bch-b32-k16-fixed-exact-spectrum,rm2sub-t64-s16-family-scan-selected-anone-kdnone-k4none,bch,"extended BCH [32,16,8] exact",fixed_exact_spectrum,32,16,8,64,16,22.0,7.0,family-scan-selected,15,32768,65536,2048,32,6553,0.1,1,1,single_occupation,diagnostic,nearest_binary64_diagnostic,7.848505357269057,,,8,small_k_replay/rate_half_family_k_margin_d100_rm2sub_t64_s16.csv,40ea6dfb712c3d2d2b425d29236713256c65e90058df07d0d97d9e465d0a0092,csv-line-20,
420e603e3277bff589d7f027,rm2sub_t64_s16_family_curve,bch-b64-k32-fixed-exact-spectrum,rm2sub-t64-s16-family-scan-selected-anone-kdnone-k4none,bch,"Philips shortened-XBCH [64,32,12] exact",fixed_exact_spectrum,64,32,12,64,16,22.0,7.0,family-scan-selected,15,32768,65536,1024,16,6553,0.1,1,1,single_occupation,diagnostic,nearest_binary64_diagnostic,15.110247552591224,,,12,small_k_replay/rate_half_family_k_margin_d100_rm2sub_t64_s16.csv,40ea6dfb712c3d2d2b425d29236713256c65e90058df07d0d97d9e465d0a0092,csv-line-30,
78d67d97f7660b1ff548f034,rm2sub_t64_s16_family_curve,bch-b8-k4-fixed-exact-spectrum,rm2sub-t64-s16-family-scan-selected-anone-kdnone-k4none,bch,"extended BCH [8,4,4] exact",fixed_exact_spectrum,8,4,4,64,16,22.0,7.0,family-scan-selected,15,32768,65536,8192,128,6553,0.1,1,1,single_occupation,diagnostic,nearest_binary64_diagnostic,4.01696638190269,,,4,small_k_replay/rate_half_family_k_margin_d100_rm2sub_t64_s16.csv,40ea6dfb712c3d2d2b425d29236713256c65e90058df07d0d97d9e465d0a0092,csv-line-9,
d1e3df19b5acd4beffeddc95,rm2sub_t64_s16_family_curve,random-b1024-k512-random-ensemble-expectation,rm2sub-t64-s16-family-scan-selected-anone-kdnone-k4none,random,"random full-rank [1024,512] reused",random_ensemble_expectation,1024,512,,64,16,22.0,7.0,family-scan-selected,15,32768,65536,64,1,6553,0.1,1,1,single_occupation,reference,nearest_binary64_diagnostic,293.4306649138277,,,103,small_k_replay/rate_half_family_k_margin_d100_rm2sub_t64_s16.csv,40ea6dfb712c3d2d2b425d29236713256c65e90058df07d0d97d9e465d0a0092,csv-line-155,
201d5df5974ed5f05ff522e5,rm2sub_t64_s16_family_curve,random-b128-k64-random-ensemble-expectation,rm2sub-t64-s16-family-scan-selected-anone-kdnone-k4none,random,"random full-rank [128,64] reused",random_ensemble_expectation,128,64,,64,16,22.0,7.0,family-scan-selected,15,32768,65536,512,8,6553,0.1,1,1,single_occupation,reference,nearest_binary64_diagnostic,26.08238798091762,,,13,small_k_replay/rate_half_family_k_margin_d100_rm2sub_t64_s16.csv,40ea6dfb712c3d2d2b425d29236713256c65e90058df07d0d97d9e465d0a0092,csv-line-134,
9d193d84fdff53155d63bd64,rm2sub_t64_s16_family_curve,random-b16-k8-random-ensemble-expectation,rm2sub-t64-s16-family-scan-selected-anone-kdnone-k4none,random,"random full-rank [16,8] reused",random_ensemble_expectation,16,8,,64,16,22.0,7.0,family-scan-selected,15,32768,65536,4096,64,6553,0.1,1,1,single_occupation,reference,nearest_binary64_diagnostic,-8.872189534000443,,,2,small_k_replay/rate_half_family_k_margin_d100_rm2sub_t64_s16.csv,40ea6dfb712c3d2d2b425d29236713256c65e90058df07d0d97d9e465d0a0092,csv-line-104,
5f2e68802a8072e10c22bbe7,rm2sub_t64_s16_family_curve,random-b256-k128-random-ensemble-expectation,rm2sub-t64-s16-family-scan-selected-anone-kdnone-k4none,random,"random full-rank [256,128] reused",random_ensemble_expectation,256,128,,64,16,22.0,7.0,family-scan-selected,15,32768,65536,256,4,6553,0.1,1,1,single_occupation,reference,nearest_binary64_diagnostic,64.7771988296765,,,26,small_k_replay/rate_half_family_k_margin_d100_rm2sub_t64_s16.csv,40ea6dfb712c3d2d2b425d29236713256c65e90058df07d0d97d9e465d0a0092,csv-line-142,
2eaa8ebd6a9754883d4dbea6,rm2sub_t64_s16_family_curve,random-b32-k16-random-ensemble-expectation,rm2sub-t64-s16-family-scan-selected-anone-kdnone-k4none,random,"random full-rank [32,16] reused",random_ensemble_expectation,32,16,,64,16,22.0,7.0,family-scan-selected,15,32768,65536,2048,32,6553,0.1,1,1,single_occupation,reference,nearest_binary64_diagnostic,-3.626995191314859,,,3,small_k_replay/rate_half_family_k_margin_d100_rm2sub_t64_s16.csv,40ea6dfb712c3d2d2b425d29236713256c65e90058df07d0d97d9e465d0a0092,csv-line-115,
b8c87539bc8f9fee79d7c97c,rm2sub_t64_s16_family_curve,random-b512-k256-random-ensemble-expectation,rm2sub-t64-s16-family-scan-selected-anone-kdnone-k4none,random,"random full-rank [512,256] reused",random_ensemble_expectation,512,256,,64,16,22.0,7.0,family-scan-selected,15,32768,65536,128,2,6553,0.1,1,1,single_occupation,reference,nearest_binary64_diagnostic,141.41780600229802,,,51,small_k_replay/rate_half_family_k_margin_d100_rm2sub_t64_s16.csv,40ea6dfb712c3d2d2b425d29236713256c65e90058df07d0d97d9e465d0a0092,csv-line-149,
65dffba35a313d1ad470f4d6,rm2sub_t64_s16_family_curve,random-b64-k32-random-ensemble-expectation,rm2sub-t64-s16-family-scan-selected-anone-kdnone-k4none,random,"random full-rank [64,32] reused",random_ensemble_expectation,64,32,,64,16,22.0,7.0,family-scan-selected,15,32768,65536,1024,16,6553,0.1,1,1,single_occupation,reference,nearest_binary64_diagnostic,6.444459888830358,,,7,small_k_replay/rate_half_family_k_margin_d100_rm2sub_t64_s16.csv,40ea6dfb712c3d2d2b425d29236713256c65e90058df07d0d97d9e465d0a0092,csv-line-125,
5e4efb6ea10437c805a9aa29,rm2sub_t64_s16_family_curve,random-b8-k4-random-ensemble-expectation,rm2sub-t64-s16-family-scan-selected-anone-kdnone-k4none,random,"random full-rank [8,4] reused",random_ensemble_expectation,8,4,,64,16,22.0,7.0,family-scan-selected,15,32768,65536,8192,128,6553,0.1,1,1,single_occupation,reference,nearest_binary64_diagnostic,-11.567872745487266,,,1,small_k_replay/rate_half_family_k_margin_d100_rm2sub_t64_s16.csv,40ea6dfb712c3d2d2b425d29236713256c65e90058df07d0d97d9e465d0a0092,csv-line-92,
0ee486869589653d7b8becc4,rm2sub_t64_s16_family_curve,rm-b128-k64-fixed-exact-spectrum,rm2sub-t64-s16-family-scan-selected-anone-kdnone-k4none,rm,"RM(3,7) [128,64,16] exact",fixed_exact_spectrum,128,64,16,64,16,22.0,7.0,family-scan-selected,15,32768,65536,512,8,6553,0.1,1,1,single_occupation,diagnostic,nearest_binary64_diagnostic,15.460719212674707,,,16,small_k_replay/rate_half_family_k_margin_d100_rm2sub_t64_s16.csv,40ea6dfb712c3d2d2b425d29236713256c65e90058df07d0d97d9e465d0a0092,csv-line-72,
986c5041dcb0979c2e1e0aad,rm2sub_t64_s16_family_curve,rm-b32-k16-fixed-exact-spectrum,rm2sub-t64-s16-family-scan-selected-anone-kdnone-k4none,rm,"RM(2,5) [32,16,8] exact",fixed_exact_spectrum,32,16,8,64,16,22.0,7.0,family-scan-selected,15,32768,65536,2048,32,6553,0.1,1,1,single_occupation,diagnostic,nearest_binary64_diagnostic,7.848505357269057,,,8,small_k_replay/rate_half_family_k_margin_d100_rm2sub_t64_s16.csv,40ea6dfb712c3d2d2b425d29236713256c65e90058df07d0d97d9e465d0a0092,csv-line-63,
177c4c5732059d644ed8d842,rm2sub_t64_s16_family_curve,rm-b512-k256-fixed-exact-spectrum,rm2sub-t64-s16-family-scan-selected-anone-kdnone-k4none,rm,"RM(4,9) [512,256,32] exact",fixed_exact_spectrum,512,256,32,64,16,22.0,7.0,family-scan-selected,15,32768,65536,128,2,6553,0.1,1,1,single_occupation,diagnostic,nearest_binary64_diagnostic,43.849515768086555,,,32,small_k_replay/rate_half_family_k_margin_d100_rm2sub_t64_s16.csv,40ea6dfb712c3d2d2b425d29236713256c65e90058df07d0d97d9e465d0a0092,csv-line-79,
bee91d86d1d9e33a4bdb1595,rm2sub_t64_s16_family_curve,rm-b8-k4-fixed-exact-spectrum,rm2sub-t64-s16-family-scan-selected-anone-kdnone-k4none,rm,"RM(1,3) [8,4,4] exact",fixed_exact_spectrum,8,4,4,64,16,22.0,7.0,family-scan-selected,15,32768,65536,8192,128,6553,0.1,1,1,single_occupation,diagnostic,nearest_binary64_diagnostic,4.01696638190269,,,4,small_k_replay/rate_half_family_k_margin_d100_rm2sub_t64_s16.csv,40ea6dfb712c3d2d2b425d29236713256c65e90058df07d0d97d9e465d0a0092,csv-line-52,
609cb2b56dc93ac6922c2ba8,rm2sub_t64_s16_family_curve,bch-b128-k64-fixed-exact-spectrum,rm2sub-t64-s16-family-scan-selected-anone-kdnone-k4none,bch,"extended BCH [128,64,22] exact",fixed_exact_spectrum,128,64,22,64,16,22.0,6.0,family-scan-selected,16,65536,131072,1024,16,13107,0.1,1,1,single_occupation,diagnostic,nearest_binary64_diagnostic,36.36076270339815,,,22,small_k_replay/rate_half_family_k_margin_d100_rm2sub_t64_s16.csv,40ea6dfb712c3d2d2b425d29236713256c65e90058df07d0d97d9e465d0a0092,csv-line-40,
eb6b853f67db5c7739feaeb6,rm2sub_t64_s16_family_curve,bch-b32-k16-fixed-exact-spectrum,rm2sub-t64-s16-family-scan-selected-anone-kdnone-k4none,bch,"extended BCH [32,16,8] exact",fixed_exact_spectrum,32,16,8,64,16,22.0,6.0,family-scan-selected,16,65536,131072,4096,64,13107,0.1,1,1,single_occupation,diagnostic,nearest_binary64_diagnostic,6.914291198898478,,,8,small_k_replay/rate_half_family_k_margin_d100_rm2sub_t64_s16.csv,40ea6dfb712c3d2d2b425d29236713256c65e90058df07d0d97d9e465d0a0092,csv-line-21,
d9dffa4521ebeef1a5dcf7f5,rm2sub_t64_s16_family_curve,bch-b64-k32-fixed-exact-spectrum,rm2sub-t64-s16-family-scan-selected-anone-kdnone-k4none,bch,"Philips shortened-XBCH [64,32,12] exact",fixed_exact_spectrum,64,32,12,64,16,22.0,6.0,family-scan-selected,16,65536,131072,2048,32,13107,0.1,1,1,single_occupation,diagnostic,nearest_binary64_diagnostic,14.166622608289773,,,12,small_k_replay/rate_half_family_k_margin_d100_rm2sub_t64_s16.csv,40ea6dfb712c3d2d2b425d29236713256c65e90058df07d0d97d9e465d0a0092,csv-line-31,
c8981bd3879ec3fe3ea2d793,rm2sub_t64_s16_family_curve,bch-b8-k4-fixed-exact-spectrum,rm2sub-t64-s16-family-scan-selected-anone-kdnone-k4none,bch,"extended BCH [8,4,4] exact",fixed_exact_spectrum,8,4,4,64,16,22.0,6.0,family-scan-selected,16,65536,131072,16384,256,13107,0.1,1,1,single_occupation,diagnostic,nearest_binary64_diagnostic,3.0352052598540387,,,4,small_k_replay/rate_half_family_k_margin_d100_rm2sub_t64_s16.csv,40ea6dfb712c3d2d2b425d29236713256c65e90058df07d0d97d9e465d0a0092,csv-line-10,
b178ab7a45b71098f7ce8221,rm2sub_t64_s16_family_curve,random-b1024-k512-random-ensemble-expectation,rm2sub-t64-s16-family-scan-selected-anone-kdnone-k4none,random,"random full-rank [1024,512] reused",random_ensemble_expectation,1024,512,,64,16,22.0,6.0,family-scan-selected,16,65536,131072,128,2,13107,0.1,1,1,single_occupation,reference,nearest_binary64_diagnostic,293.15036645777474,,,103,small_k_replay/rate_half_family_k_margin_d100_rm2sub_t64_s16.csv,40ea6dfb712c3d2d2b425d29236713256c65e90058df07d0d97d9e465d0a0092,csv-line-156,
967618430e56cfc44db7054f,rm2sub_t64_s16_family_curve,random-b128-k64-random-ensemble-expectation,rm2sub-t64-s16-family-scan-selected-anone-kdnone-k4none,random,"random full-rank [128,64] reused",random_ensemble_expectation,128,64,,64,16,22.0,6.0,family-scan-selected,16,65536,131072,1024,16,13107,0.1,1,1,single_occupation,reference,nearest_binary64_diagnostic,25.117106139714394,,,13,small_k_replay/rate_half_family_k_margin_d100_rm2sub_t64_s16.csv,40ea6dfb712c3d2d2b425d29236713256c65e90058df07d0d97d9e465d0a0092,csv-line-135,
ac6ec0d502c822594c2dda81,rm2sub_t64_s16_family_curve,random-b16-k8-random-ensemble-expectation,rm2sub-t64-s16-family-scan-selected-anone-kdnone-k4none,random,"random full-rank [16,8] reused",random_ensemble_expectation,16,8,,64,16,22.0,6.0,family-scan-selected,16,65536,131072,8192,128,13107,0.1,1,1,single_occupation,reference,nearest_binary64_diagnostic,-9.87198521782936,,,2,small_k_replay/rate_half_family_k_margin_d100_rm2sub_t64_s16.csv,40ea6dfb712c3d2d2b425d29236713256c65e90058df07d0d97d9e465d0a0092,csv-line-105,
e1191c7ff3c318e7ed8624b7,rm2sub_t64_s16_family_curve,random-b256-k128-random-ensemble-expectation,rm2sub-t64-s16-family-scan-selected-anone-kdnone-k4none,random,"random full-rank [256,128] reused",random_ensemble_expectation,256,128,,64,16,22.0,6.0,family-scan-selected,16,65536,131072,512,8,13107,0.1,1,1,single_occupation,reference,nearest_binary64_diagnostic,63.8612679709899,,,26,small_k_replay/rate_half_family_k_margin_d100_rm2sub_t64_s16.csv,40ea6dfb712c3d2d2b425d29236713256c65e90058df07d0d97d9e465d0a0092,csv-line-143,
fc6182e427ae27a78d7aa57d,rm2sub_t64_s16_family_curve,random-b32-k16-random-ensemble-expectation,rm2sub-t64-s16-family-scan-selected-anone-kdnone-k4none,random,"random full-rank [32,16] reused",random_ensemble_expectation,32,16,,64,16,22.0,6.0,family-scan-selected,16,65536,131072,4096,64,13107,0.1,1,1,single_occupation,reference,nearest_binary64_diagnostic,-4.623126505462395,,,3,small_k_replay/rate_half_family_k_margin_d100_rm2sub_t64_s16.csv,40ea6dfb712c3d2d2b425d29236713256c65e90058df07d0d97d9e465d0a0092,csv-line-116,
fb1f1c9608269c05691a4514,rm2sub_t64_s16_family_curve,random-b512-k256-random-ensemble-expectation,rm2sub-t64-s16-family-scan-selected-anone-kdnone-k4none,random,"random full-rank [512,256] reused",random_ensemble_expectation,512,256,,64,16,22.0,6.0,family-scan-selected,16,65536,131072,256,4,13107,0.1,1,1,single_occupation,reference,nearest_binary64_diagnostic,140.65783262030493,,,51,small_k_replay/rate_half_family_k_margin_d100_rm2sub_t64_s16.csv,40ea6dfb712c3d2d2b425d29236713256c65e90058df07d0d97d9e465d0a0092,csv-line-150,
db6a540ff394071f18e72245,rm2sub_t64_s16_family_curve,random-b64-k32-random-ensemble-expectation,rm2sub-t64-s16-family-scan-selected-anone-kdnone-k4none,random,"random full-rank [64,32] reused",random_ensemble_expectation,64,32,,64,16,22.0,6.0,family-scan-selected,16,65536,131072,2048,32,13107,0.1,1,1,single_occupation,reference,nearest_binary64_diagnostic,5.458063690327291,,,7,small_k_replay/rate_half_family_k_margin_d100_rm2sub_t64_s16.csv,40ea6dfb712c3d2d2b425d29236713256c65e90058df07d0d97d9e465d0a0092,csv-line-126,
d61b3056432a98408a1aa7f7,rm2sub_t64_s16_family_curve,random-b8-k4-random-ensemble-expectation,rm2sub-t64-s16-family-scan-selected-anone-kdnone-k4none,random,"random full-rank [8,4] reused",random_ensemble_expectation,8,4,,64,16,22.0,6.0,family-scan-selected,16,65536,131072,16384,256,13107,0.1,1,1,single_occupation,reference,nearest_binary64_diagnostic,-12.569705192485321,,,1,small_k_replay/rate_half_family_k_margin_d100_rm2sub_t64_s16.csv,40ea6dfb712c3d2d2b425d29236713256c65e90058df07d0d97d9e465d0a0092,csv-line-93,
5d2dc1c5eb635c3d9870aca8,rm2sub_t64_s16_family_curve,rm-b128-k64-fixed-exact-spectrum,rm2sub-t64-s16-family-scan-selected-anone-kdnone-k4none,rm,"RM(3,7) [128,64,16] exact",fixed_exact_spectrum,128,64,16,64,16,22.0,6.0,family-scan-selected,16,65536,131072,1024,16,13107,0.1,1,1,single_occupation,diagnostic,nearest_binary64_diagnostic,14.509614421153762,,,16,small_k_replay/rate_half_family_k_margin_d100_rm2sub_t64_s16.csv,40ea6dfb712c3d2d2b425d29236713256c65e90058df07d0d97d9e465d0a0092,csv-line-73,
84cbdab662ba4614fd655bfe,rm2sub_t64_s16_family_curve,rm-b32-k16-fixed-exact-spectrum,rm2sub-t64-s16-family-scan-selected-anone-kdnone-k4none,rm,"RM(2,5) [32,16,8] exact",fixed_exact_spectrum,32,16,8,64,16,22.0,6.0,family-scan-selected,16,65536,131072,4096,64,13107,0.1,1,1,single_occupation,diagnostic,nearest_binary64_diagnostic,6.914291198898478,,,8,small_k_replay/rate_half_family_k_margin_d100_rm2sub_t64_s16.csv,40ea6dfb712c3d2d2b425d29236713256c65e90058df07d0d97d9e465d0a0092,csv-line-64,
3fa133c17edc745dcf242f6c,rm2sub_t64_s16_family_curve,rm-b512-k256-fixed-exact-spectrum,rm2sub-t64-s16-family-scan-selected-anone-kdnone-k4none,rm,"RM(4,9) [512,256,32] exact",fixed_exact_spectrum,512,256,32,64,16,22.0,6.0,family-scan-selected,16,65536,131072,256,4,13107,0.1,1,1,single_occupation,diagnostic,nearest_binary64_diagnostic,42.93739857860741,,,32,small_k_replay/rate_half_family_k_margin_d100_rm2sub_t64_s16.csv,40ea6dfb712c3d2d2b425d29236713256c65e90058df07d0d97d9e465d0a0092,csv-line-80,
1683a6a7e3b373de98d6af8c,rm2sub_t64_s16_family_curve,rm-b8-k4-fixed-exact-spectrum,rm2sub-t64-s16-family-scan-selected-anone-kdnone-k4none,rm,"RM(1,3) [8,4,4] exact",fixed_exact_spectrum,8,4,4,64,16,22.0,6.0,family-scan-selected,16,65536,131072,16384,256,13107,0.1,1,1,single_occupation,diagnostic,nearest_binary64_diagnostic,3.0352052598540387,,,4,small_k_replay/rate_half_family_k_margin_d100_rm2sub_t64_s16.csv,40ea6dfb712c3d2d2b425d29236713256c65e90058df07d0d97d9e465d0a0092,csv-line-53,
c759513a7925d364285d5550,rm2sub_t64_s16_family_curve,bch-b128-k64-fixed-exact-spectrum,rm2sub-t64-s16-family-scan-selected-anone-kdnone-k4none,bch,"extended BCH [128,64,22] exact",fixed_exact_spectrum,128,64,22,64,16,22.0,5.0,family-scan-selected,17,131072,262144,2048,32,26214,0.1,1,1,single_occupation,diagnostic,nearest_binary64_diagnostic,35.408871768035404,,,22,small_k_replay/rate_half_family_k_margin_d100_rm2sub_t64_s16.csv,40ea6dfb712c3d2d2b425d29236713256c65e90058df07d0d97d9e465d0a0092,csv-line-41,
87042ce45331698fe81ec1c7,rm2sub_t64_s16_family_curve,bch-b32-k16-fixed-exact-spectrum,rm2sub-t64-s16-family-scan-selected-anone-kdnone-k4none,bch,"extended BCH [32,16,8] exact",fixed_exact_spectrum,32,16,8,64,16,22.0,5.0,family-scan-selected,17,131072,262144,8192,128,26214,0.1,1,1,single_occupation,diagnostic,nearest_binary64_diagnostic,5.943306351081228,,,8,small_k_replay/rate_half_family_k_margin_d100_rm2sub_t64_s16.csv,40ea6dfb712c3d2d2b425d29236713256c65e90058df07d0d97d9e465d0a0092,csv-line-22,
a63322294b26a700b22afa7e,rm2sub_t64_s16_family_curve,bch-b64-k32-fixed-exact-spectrum,rm2sub-t64-s16-family-scan-selected-anone-kdnone-k4none,bch,"Philips shortened-XBCH [64,32,12] exact",fixed_exact_spectrum,64,32,12,64,16,22.0,5.0,family-scan-selected,17,131072,262144,4096,64,26214,0.1,1,1,single_occupation,diagnostic,nearest_binary64_diagnostic,13.187620748356073,,,12,small_k_replay/rate_half_family_k_margin_d100_rm2sub_t64_s16.csv,40ea6dfb712c3d2d2b425d29236713256c65e90058df07d0d97d9e465d0a0092,csv-line-32,
f6cbff109e8f1b4891c7d9af,rm2sub_t64_s16_family_curve,bch-b8-k4-fixed-exact-spectrum,rm2sub-t64-s16-family-scan-selected-anone-kdnone-k4none,bch,"extended BCH [8,4,4] exact",fixed_exact_spectrum,8,4,4,64,16,22.0,5.0,family-scan-selected,17,131072,262144,32768,512,26214,0.1,1,1,single_occupation,diagnostic,nearest_binary64_diagnostic,2.0378542372337303,,,4,small_k_replay/rate_half_family_k_margin_d100_rm2sub_t64_s16.csv,40ea6dfb712c3d2d2b425d29236713256c65e90058df07d0d97d9e465d0a0092,csv-line-11,
fc0992da4e93fc8ec757c8c9,rm2sub_t64_s16_family_curve,random-b1024-k512-random-ensemble-expectation,rm2sub-t64-s16-family-scan-selected-anone-kdnone-k4none,random,"random full-rank [1024,512] reused",random_ensemble_expectation,1024,512,,64,16,22.0,5.0,family-scan-selected,17,131072,262144,256,4,26214,0.1,1,1,single_occupation,reference,nearest_binary64_diagnostic,292.52280811710824,,,102,small_k_replay/rate_half_family_k_margin_d100_rm2sub_t64_s16.csv,40ea6dfb712c3d2d2b425d29236713256c65e90058df07d0d97d9e465d0a0092,csv-line-157,
cb06bbbe93597273e3dbdd21,rm2sub_t64_s16_family_curve,random-b128-k64-random-ensemble-expectation,rm2sub-t64-s16-family-scan-selected-anone-kdnone-k4none,random,"random full-rank [128,64] reused",random_ensemble_expectation,128,64,,64,16,22.0,5.0,family-scan-selected,17,131072,262144,2048,32,26214,0.1,1,1,single_occupation,reference,nearest_binary64_diagnostic,24.129200559611416,,,13,small_k_replay/rate_half_family_k_margin_d100_rm2sub_t64_s16.csv,40ea6dfb712c3d2d2b425d29236713256c65e90058df07d0d97d9e465d0a0092,csv-line-136,
41c8198a72a46762535fc274,rm2sub_t64_s16_family_curve,random-b16-k8-random-ensemble-expectation,rm2sub-t64-s16-family-scan-selected-anone-kdnone-k4none,random,"random full-rank [16,8] reused",random_ensemble_expectation,16,8,,64,16,22.0,5.0,family-scan-selected,17,131072,262144,16384,256,26214,0.1,1,1,single_occupation,reference,nearest_binary64_diagnostic,-10.87871003782496,,,2,small_k_replay/rate_half_family_k_margin_d100_rm2sub_t64_s16.csv,40ea6dfb712c3d2d2b425d29236713256c65e90058df07d0d97d9e465d0a0092,csv-line-106,
a2613526e9b4b4e7f95a162b,rm2sub_t64_s16_family_curve,random-b256-k128-random-ensemble-expectation,rm2sub-t64-s16-family-scan-selected-anone-kdnone-k4none,random,"random full-rank [256,128] reused",random_ensemble_expectation,256,128,,64,16,22.0,5.0,family-scan-selected,17,131072,262144,1024,16,26214,0.1,1,1,single_occupation,reference,nearest_binary64_diagnostic,62.89964168827429,,,26,small_k_replay/rate_half_family_k_margin_d100_rm2sub_t64_s16.csv,40ea6dfb712c3d2d2b425d29236713256c65e90058df07d0d97d9e465d0a0092,csv-line-144,
73d757e4bc6c7c6dfc19ef72,rm2sub_t64_s16_family_curve,random-b32-k16-random-ensemble-expectation,rm2sub-t64-s16-family-scan-selected-anone-kdnone-k4none,random,"random full-rank [32,16] reused",random_ensemble_expectation,32,16,,64,16,22.0,5.0,family-scan-selected,17,131072,262144,8192,128,26214,0.1,1,1,single_occupation,reference,nearest_binary64_diagnostic,-5.628094630320344,,,3,small_k_replay/rate_half_family_k_margin_d100_rm2sub_t64_s16.csv,40ea6dfb712c3d2d2b425d29236713256c65e90058df07d0d97d9e465d0a0092,csv-line-117,
b1c601d8eb34d8aaa2692057,rm2sub_t64_s16_family_curve,random-b512-k256-random-ensemble-expectation,rm2sub-t64-s16-family-scan-selected-anone-kdnone-k4none,random,"random full-rank [512,256] reused",random_ensemble_expectation,512,256,,64,16,22.0,5.0,family-scan-selected,17,131072,262144,512,8,26214,0.1,1,1,single_occupation,reference,nearest_binary64_diagnostic,139.77559458308758,,,51,small_k_replay/rate_half_family_k_margin_d100_rm2sub_t64_s16.csv,40ea6dfb712c3d2d2b425d29236713256c65e90058df07d0d97d9e465d0a0092,csv-line-151,
2b03d914b3754b1f5c448f7a,rm2sub_t64_s16_family_curve,random-b64-k32-random-ensemble-expectation,rm2sub-t64-s16-family-scan-selected-anone-kdnone-k4none,random,"random full-rank [64,32] reused",random_ensemble_expectation,64,32,,64,16,22.0,5.0,family-scan-selected,17,131072,262144,4096,64,26214,0.1,1,1,single_occupation,reference,nearest_binary64_diagnostic,4.459749200260797,,,7,small_k_replay/rate_half_family_k_margin_d100_rm2sub_t64_s16.csv,40ea6dfb712c3d2d2b425d29236713256c65e90058df07d0d97d9e465d0a0092,csv-line-127,
7f987958dfaaf85deb8b1a68,rm2sub_t64_s16_family_curve,random-b8-k4-random-ensemble-expectation,rm2sub-t64-s16-family-scan-selected-anone-kdnone-k4none,random,"random full-rank [8,4] reused",random_ensemble_expectation,8,4,,64,16,22.0,5.0,family-scan-selected,17,131072,262144,32768,512,26214,0.1,1,1,single_occupation,reference,nearest_binary64_diagnostic,-13.576821698472251,,,1,small_k_replay/rate_half_family_k_margin_d100_rm2sub_t64_s16.csv,40ea6dfb712c3d2d2b425d29236713256c65e90058df07d0d97d9e465d0a0092,csv-line-94,
4036e6d43db52badaaffdd0e,rm2sub_t64_s16_family_curve,rm-b128-k64-fixed-exact-spectrum,rm2sub-t64-s16-family-scan-selected-anone-kdnone-k4none,rm,"RM(3,7) [128,64,16] exact",fixed_exact_spectrum,128,64,16,64,16,22.0,5.0,family-scan-selected,17,131072,262144,2048,32,26214,0.1,1,1,single_occupation,diagnostic,nearest_binary64_diagnostic,13.527753852719961,,,16,small_k_replay/rate_half_family_k_margin_d100_rm2sub_t64_s16.csv,40ea6dfb712c3d2d2b425d29236713256c65e90058df07d0d97d9e465d0a0092,csv-line-74,
9dee60eeb211b6252b04fd8e,rm2sub_t64_s16_family_curve,rm-b32-k16-fixed-exact-spectrum,rm2sub-t64-s16-family-scan-selected-anone-kdnone-k4none,rm,"RM(2,5) [32,16,8] exact",fixed_exact_spectrum,32,16,8,64,16,22.0,5.0,family-scan-selected,17,131072,262144,8192,128,26214,0.1,1,1,single_occupation,diagnostic,nearest_binary64_diagnostic,5.943306351081228,,,8,small_k_replay/rate_half_family_k_margin_d100_rm2sub_t64_s16.csv,40ea6dfb712c3d2d2b425d29236713256c65e90058df07d0d97d9e465d0a0092,csv-line-65,
0433ca997f0cdff1b1e1fd51,rm2sub_t64_s16_family_curve,rm-b512-k256-fixed-exact-spectrum,rm2sub-t64-s16-family-scan-selected-anone-kdnone-k4none,rm,"RM(4,9) [512,256,32] exact",fixed_exact_spectrum,512,256,32,64,16,22.0,5.0,family-scan-selected,17,131072,262144,512,8,26214,0.1,1,1,single_occupation,diagnostic,nearest_binary64_diagnostic,41.99469212312374,,,32,small_k_replay/rate_half_family_k_margin_d100_rm2sub_t64_s16.csv,40ea6dfb712c3d2d2b425d29236713256c65e90058df07d0d97d9e465d0a0092,csv-line-81,
d5a87e528c7bf26ac068a36c,rm2sub_t64_s16_family_curve,rm-b8-k4-fixed-exact-spectrum,rm2sub-t64-s16-family-scan-selected-anone-kdnone-k4none,rm,"RM(1,3) [8,4,4] exact",fixed_exact_spectrum,8,4,4,64,16,22.0,5.0,family-scan-selected,17,131072,262144,32768,512,26214,0.1,1,1,single_occupation,diagnostic,nearest_binary64_diagnostic,2.0378542372337303,,,4,small_k_replay/rate_half_family_k_margin_d100_rm2sub_t64_s16.csv,40ea6dfb712c3d2d2b425d29236713256c65e90058df07d0d97d9e465d0a0092,csv-line-54,
506d0f7425e39acd5557fc1a,rm2sub_t64_s16_family_curve,bch-b128-k64-fixed-exact-spectrum,rm2sub-t64-s16-family-scan-selected-anone-kdnone-k4none,bch,"extended BCH [128,64,22] exact",fixed_exact_spectrum,128,64,22,64,16,22.0,4.0,family-scan-selected,18,262144,524288,4096,64,52428,0.1,1,1,single_occupation,diagnostic,nearest_binary64_diagnostic,34.41472553857081,,,22,small_k_replay/rate_half_family_k_margin_d100_rm2sub_t64_s16.csv,40ea6dfb712c3d2d2b425d29236713256c65e90058df07d0d97d9e465d0a0092,csv-line-42,
f8952afd3d7ed09e4dde6abe,rm2sub_t64_s16_family_curve,bch-b32-k16-fixed-exact-spectrum,rm2sub-t64-s16-family-scan-selected-anone-kdnone-k4none,bch,"extended BCH [32,16,8] exact",fixed_exact_spectrum,32,16,8,64,16,22.0,4.0,family-scan-selected,18,262144,524288,16384,256,52428,0.1,1,1,single_occupation,diagnostic,nearest_binary64_diagnostic,4.944390772130524,,,8,small_k_replay/rate_half_family_k_margin_d100_rm2sub_t64_s16.csv,40ea6dfb712c3d2d2b425d29236713256c65e90058df07d0d97d9e465d0a0092,csv-line-23,
ec38b9711ef58e990c109989,rm2sub_t64_s16_family_curve,bch-b64-k32-fixed-exact-spectrum,rm2sub-t64-s16-family-scan-selected-anone-kdnone-k4none,bch,"Philips shortened-XBCH [64,32,12] exact",fixed_exact_spectrum,64,32,12,64,16,22.0,4.0,family-scan-selected,18,262144,524288,8192,128,52428,0.1,1,1,single_occupation,diagnostic,nearest_binary64_diagnostic,12.182137934017362,,,12,small_k_replay/rate_half_family_k_margin_d100_rm2sub_t64_s16.csv,40ea6dfb712c3d2d2b425d29236713256c65e90058df07d0d97d9e465d0a0092,csv-line-33,
92f080c56093954071d7680c,rm2sub_t64_s16_family_curve,bch-b8-k4-fixed-exact-spectrum,rm2sub-t64-s16-family-scan-selected-anone-kdnone-k4none,bch,"extended BCH [8,4,4] exact",fixed_exact_spectrum,8,4,4,64,16,22.0,4.0,family-scan-selected,18,262144,524288,65536,1024,52428,0.1,1,1,single_occupation,diagnostic,nearest_binary64_diagnostic,1.0242301093159325,,,4,small_k_replay/rate_half_family_k_margin_d100_rm2sub_t64_s16.csv,40ea6dfb712c3d2d2b425d29236713256c65e90058df07d0d97d9e465d0a0092,csv-line-12,
8ed69ef57b0640d97a4e80e2,rm2sub_t64_s16_family_curve,random-b1024-k512-random-ensemble-expectation,rm2sub-t64-s16-family-scan-selected-anone-kdnone-k4none,random,"random full-rank [1024,512] reused",random_ensemble_expectation,1024,512,,64,16,22.0,4.0,family-scan-selected,18,262144,524288,512,8,52428,0.1,1,1,single_occupation,reference,nearest_binary64_diagnostic,291.6983484727966,,,101,small_k_replay/rate_half_family_k_margin_d100_rm2sub_t64_s16.csv,40ea6dfb712c3d2d2b425d29236713256c65e90058df07d0d97d9e465d0a0092,csv-line-158,
9b32bcdbed35003eea282cef,rm2sub_t64_s16_family_curve,random-b128-k64-random-ensemble-expectation,rm2sub-t64-s16-family-scan-selected-anone-kdnone-k4none,random,"random full-rank [128,64] reused",random_ensemble_expectation,128,64,,64,16,22.0,4.0,family-scan-selected,18,262144,524288,4096,64,52428,0.1,1,1,single_occupation,reference,nearest_binary64_diagnostic,23.12113572710695,,,13,small_k_replay/rate_half_family_k_margin_d100_rm2sub_t64_s16.csv,40ea6dfb712c3d2d2b425d29236713256c65e90058df07d0d97d9e465d0a0092,csv-line-137,
2d08417e778806f1b561c9a9,rm2sub_t64_s16_family_curve,random-b16-k8-random-ensemble-expectation,rm2sub-t64-s16-family-scan-selected-anone-kdnone-k4none,random,"random full-rank [16,8] reused",random_ensemble_expectation,16,8,,64,16,22.0,4.0,family-scan-selected,18,262144,524288,32768,512,52428,0.1,1,1,single_occupation,reference,nearest_binary64_diagnostic,-11.896102733652398,,,2,small_k_replay/rate_half_family_k_margin_d100_rm2sub_t64_s16.csv,40ea6dfb712c3d2d2b425d29236713256c65e90058df07d0d97d9e465d0a0092,csv-line-107,
1329c25f1f67fc90b8bc7ef9,rm2sub_t64_s16_family_curve,random-b256-k128-random-ensemble-expectation,rm2sub-t64-s16-family-scan-selected-anone-kdnone-k4none,random,"random full-rank [256,128] reused",random_ensemble_expectation,256,128,,64,16,22.0,4.0,family-scan-selected,18,262144,524288,2048,32,52428,0.1,1,1,single_occupation,reference,nearest_binary64_diagnostic,61.90663764897149,,,26,small_k_replay/rate_half_family_k_margin_d100_rm2sub_t64_s16.csv,40ea6dfb712c3d2d2b425d29236713256c65e90058df07d0d97d9e465d0a0092,csv-line-145,
4c4fcffa1d9cc5e81aaf52ae,rm2sub_t64_s16_family_curve,random-b32-k16-random-ensemble-expectation,rm2sub-t64-s16-family-scan-selected-anone-kdnone-k4none,random,"random full-rank [32,16] reused",random_ensemble_expectation,32,16,,64,16,22.0,4.0,family-scan-selected,18,262144,524288,16384,256,52428,0.1,1,1,single_occupation,reference,nearest_binary64_diagnostic,-6.644826575598235,,,3,small_k_replay/rate_half_family_k_margin_d100_rm2sub_t64_s16.csv,40ea6dfb712c3d2d2b425d29236713256c65e90058df07d0d97d9e465d0a0092,csv-line-118,
e5daf69b2c190b8290b888b9,rm2sub_t64_s16_family_curve,random-b512-k256-random-ensemble-expectation,rm2sub-t64-s16-family-scan-selected-anone-kdnone-k4none,random,"random full-rank [512,256] reused",random_ensemble_expectation,512,256,,64,16,22.0,4.0,family-scan-selected,18,262144,524288,1024,16,52428,0.1,1,1,single_occupation,reference,nearest_binary64_diagnostic,138.8229164820199,,,51,small_k_replay/rate_half_family_k_margin_d100_rm2sub_t64_s16.csv,40ea6dfb712c3d2d2b425d29236713256c65e90058df07d0d97d9e465d0a0092,csv-line-152,
93b950b33b9087bd80d3fabf,rm2sub_t64_s16_family_curve,random-b64-k32-random-ensemble-expectation,rm2sub-t64-s16-family-scan-selected-anone-kdnone-k4none,random,"random full-rank [64,32] reused",random_ensemble_expectation,64,32,,64,16,22.0,4.0,family-scan-selected,18,262144,524288,8192,128,52428,0.1,1,1,single_occupation,reference,nearest_binary64_diagnostic,3.4474153155725435,,,7,small_k_replay/rate_half_family_k_margin_d100_rm2sub_t64_s16.csv,40ea6dfb712c3d2d2b425d29236713256c65e90058df07d0d97d9e465d0a0092,csv-line-128,
9ea4235617e011ade8294c75,rm2sub_t64_s16_family_curve,random-b8-k4-random-ensemble-expectation,rm2sub-t64-s16-family-scan-selected-anone-kdnone-k4none,random,"random full-rank [8,4] reused",random_ensemble_expectation,8,4,,64,16,22.0,4.0,family-scan-selected,18,262144,524288,65536,1024,52428,0.1,1,1,single_occupation,reference,nearest_binary64_diagnostic,-14.593952182204122,,,1,small_k_replay/rate_half_family_k_margin_d100_rm2sub_t64_s16.csv,40ea6dfb712c3d2d2b425d29236713256c65e90058df07d0d97d9e465d0a0092,csv-line-95,
3555069c227489eb52379327,rm2sub_t64_s16_family_curve,rm-b128-k64-fixed-exact-spectrum,rm2sub-t64-s16-family-scan-selected-anone-kdnone-k4none,rm,"RM(3,7) [128,64,16] exact",fixed_exact_spectrum,128,64,16,64,16,22.0,4.0,family-scan-selected,18,262144,524288,4096,64,52428,0.1,1,1,single_occupation,diagnostic,nearest_binary64_diagnostic,12.521750465560858,,,16,small_k_replay/rate_half_family_k_margin_d100_rm2sub_t64_s16.csv,40ea6dfb712c3d2d2b425d29236713256c65e90058df07d0d97d9e465d0a0092,csv-line-75,
93cf917b9ddce3f683098259,rm2sub_t64_s16_family_curve,rm-b32-k16-fixed-exact-spectrum,rm2sub-t64-s16-family-scan-selected-anone-kdnone-k4none,rm,"RM(2,5) [32,16,8] exact",fixed_exact_spectrum,32,16,8,64,16,22.0,4.0,family-scan-selected,18,262144,524288,16384,256,52428,0.1,1,1,single_occupation,diagnostic,nearest_binary64_diagnostic,4.944390772130524,,,8,small_k_replay/rate_half_family_k_margin_d100_rm2sub_t64_s16.csv,40ea6dfb712c3d2d2b425d29236713256c65e90058df07d0d97d9e465d0a0092,csv-line-66,
c2a2a478336d78e7cb27e183,rm2sub_t64_s16_family_curve,rm-b512-k256-fixed-exact-spectrum,rm2sub-t64-s16-family-scan-selected-anone-kdnone-k4none,rm,"RM(4,9) [512,256,32] exact",fixed_exact_spectrum,512,256,32,64,16,22.0,4.0,family-scan-selected,18,262144,524288,1024,16,52428,0.1,1,1,single_occupation,diagnostic,nearest_binary64_diagnostic,41.0141875533182,,,32,small_k_replay/rate_half_family_k_margin_d100_rm2sub_t64_s16.csv,40ea6dfb712c3d2d2b425d29236713256c65e90058df07d0d97d9e465d0a0092,csv-line-82,
8810db5b370c49ac4a3cd269,rm2sub_t64_s16_family_curve,rm-b8-k4-fixed-exact-spectrum,rm2sub-t64-s16-family-scan-selected-anone-kdnone-k4none,rm,"RM(1,3) [8,4,4] exact",fixed_exact_spectrum,8,4,4,64,16,22.0,4.0,family-scan-selected,18,262144,524288,65536,1024,52428,0.1,1,1,single_occupation,diagnostic,nearest_binary64_diagnostic,1.0242301093159325,,,4,small_k_replay/rate_half_family_k_margin_d100_rm2sub_t64_s16.csv,40ea6dfb712c3d2d2b425d29236713256c65e90058df07d0d97d9e465d0a0092,csv-line-55,
67e6fe67b5a770ad3b4fd1ef,rm2sub_t64_s16_family_curve,bch-b128-k64-fixed-exact-spectrum,rm2sub-t64-s16-family-scan-selected-anone-kdnone-k4none,bch,"extended BCH [128,64,22] exact",fixed_exact_spectrum,128,64,22,64,16,22.0,3.0,family-scan-selected,19,524288,1048576,8192,128,104857,0.1,1,1,single_occupation,diagnostic,nearest_binary64_diagnostic,33.39293587320377,,,22,small_k_replay/rate_half_family_k_margin_d100_rm2sub_t64_s16.csv,40ea6dfb712c3d2d2b425d29236713256c65e90058df07d0d97d9e465d0a0092,csv-line-43,
5eca0bd1100aed454c60dfe7,rm2sub_t64_s16_family_curve,bch-b32-k16-fixed-exact-spectrum,rm2sub-t64-s16-family-scan-selected-anone-kdnone-k4none,bch,"extended BCH [32,16,8] exact",fixed_exact_spectrum,32,16,8,64,16,22.0,3.0,family-scan-selected,19,524288,1048576,32768,512,104857,0.1,1,1,single_occupation,diagnostic,nearest_binary64_diagnostic,3.916583094416905,,,8,small_k_replay/rate_half_family_k_margin_d100_rm2sub_t64_s16.csv,40ea6dfb712c3d2d2b425d29236713256c65e90058df07d0d97d9e465d0a0092,csv-line-24,
38c7a1e2518b07d1fcd0fe8f,rm2sub_t64_s16_family_curve,bch-b64-k32-fixed-exact-spectrum,rm2sub-t64-s16-family-scan-selected-anone-kdnone-k4none,bch,"Philips shortened-XBCH [64,32,12] exact",fixed_exact_spectrum,64,32,12,64,16,22.0,3.0,family-scan-selected,19,524288,1048576,16384,256,104857,0.1,1,1,single_occupation,diagnostic,nearest_binary64_diagnostic,11.152941708140036,,,12,small_k_replay/rate_half_family_k_margin_d100_rm2sub_t64_s16.csv,40ea6dfb712c3d2d2b425d29236713256c65e90058df07d0d97d9e465d0a0092,csv-line-34,
552c0a521208eb5270eed342,rm2sub_t64_s16_family_curve,bch-b8-k4-fixed-exact-spectrum,rm2sub-t64-s16-family-scan-selected-anone-kdnone-k4none,bch,"extended BCH [8,4,4] exact",fixed_exact_spectrum,8,4,4,64,16,22.0,3.0,family-scan-selected,19,524288,1048576,131072,2048,104857,0.1,1,1,single_occupation,diagnostic,nearest_binary64_diagnostic,-0.012813381090647454,,,4,small_k_replay/rate_half_family_k_margin_d100_rm2sub_t64_s16.csv,40ea6dfb712c3d2d2b425d29236713256c65e90058df07d0d97d9e465d0a0092,csv-line-13,
9120a0183c0e54769c87d2f9,rm2sub_t64_s16_family_curve,random-b1024-k512-random-ensemble-expectation,rm2sub-t64-s16-family-scan-selected-anone-kdnone-k4none,random,"random full-rank [1024,512] reused",random_ensemble_expectation,1024,512,,64,16,22.0,3.0,family-scan-selected,19,524288,1048576,1024,16,104857,0.1,1,1,single_occupation,reference,nearest_binary64_diagnostic,290.75973424313014,,,107,small_k_replay/rate_half_family_k_margin_d100_rm2sub_t64_s16.csv,40ea6dfb712c3d2d2b425d29236713256c65e90058df07d0d97d9e465d0a0092,csv-line-159,
3f9c07bdd2624308c548bfc7,rm2sub_t64_s16_family_curve,random-b128-k64-random-ensemble-expectation,rm2sub-t64-s16-family-scan-selected-anone-kdnone-k4none,random,"random full-rank [128,64] reused",random_ensemble_expectation,128,64,,64,16,22.0,3.0,family-scan-selected,19,524288,1048576,8192,128,104857,0.1,1,1,single_occupation,reference,nearest_binary64_diagnostic,22.089066937668466,,,13,small_k_replay/rate_half_family_k_margin_d100_rm2sub_t64_s16.csv,40ea6dfb712c3d2d2b425d29236713256c65e90058df07d0d97d9e465d0a0092,csv-line-138,
463a4e3a37518d94cc2aeaf2,rm2sub_t64_s16_family_curve,random-b16-k8-random-ensemble-expectation,rm2sub-t64-s16-family-scan-selected-anone-kdnone-k4none,random,"random full-rank [16,8] reused",random_ensemble_expectation,16,8,,64,16,22.0,3.0,family-scan-selected,19,524288,1048576,65536,1024,104857,0.1,1,1,single_occupation,reference,nearest_binary64_diagnostic,-12.933195861610155,,,2,small_k_replay/rate_half_family_k_margin_d100_rm2sub_t64_s16.csv,40ea6dfb712c3d2d2b425d29236713256c65e90058df07d0d97d9e465d0a0092,csv-line-108,
883ea6ad3ecf60ba11d319dd,rm2sub_t64_s16_family_curve,random-b256-k128-random-ensemble-expectation,rm2sub-t64-s16-family-scan-selected-anone-kdnone-k4none,random,"random full-rank [256,128] reused",random_ensemble_expectation,256,128,,64,16,22.0,3.0,family-scan-selected,19,524288,1048576,4096,64,104857,0.1,1,1,single_occupation,reference,nearest_binary64_diagnostic,60.88366112138834,,,26,small_k_replay/rate_half_family_k_margin_d100_rm2sub_t64_s16.csv,40ea6dfb712c3d2d2b425d29236713256c65e90058df07d0d97d9e465d0a0092,csv-line-146,
76fbf031c8dae4ae6ed22cc7,rm2sub_t64_s16_family_curve,random-b32-k16-random-ensemble-expectation,rm2sub-t64-s16-family-scan-selected-anone-kdnone-k4none,random,"random full-rank [32,16] reused",random_ensemble_expectation,32,16,,64,16,22.0,3.0,family-scan-selected,19,524288,1048576,32768,512,104857,0.1,1,1,single_occupation,reference,nearest_binary64_diagnostic,-7.681771955795043,,,3,small_k_replay/rate_half_family_k_margin_d100_rm2sub_t64_s16.csv,40ea6dfb712c3d2d2b425d29236713256c65e90058df07d0d97d9e465d0a0092,csv-line-119,
51edfa815e84a89ed06f6105,rm2sub_t64_s16_family_curve,random-b512-k256-random-ensemble-expectation,rm2sub-t64-s16-family-scan-selected-anone-kdnone-k4none,random,"random full-rank [512,256] reused",random_ensemble_expectation,512,256,,64,16,22.0,3.0,family-scan-selected,19,524288,1048576,2048,32,104857,0.1,1,1,single_occupation,reference,nearest_binary64_diagnostic,137.8178251997646,,,53,small_k_replay/rate_half_family_k_margin_d100_rm2sub_t64_s16.csv,40ea6dfb712c3d2d2b425d29236713256c65e90058df07d0d97d9e465d0a0092,csv-line-153,
512ea58d3975df4ce927ad46,rm2sub_t64_s16_family_curve,random-b64-k32-random-ensemble-expectation,rm2sub-t64-s16-family-scan-selected-anone-kdnone-k4none,random,"random full-rank [64,32] reused",random_ensemble_expectation,64,32,,64,16,22.0,3.0,family-scan-selected,19,524288,1048576,16384,256,104857,0.1,1,1,single_occupation,reference,nearest_binary64_diagnostic,2.414109725785009,,,7,small_k_replay/rate_half_family_k_margin_d100_rm2sub_t64_s16.csv,40ea6dfb712c3d2d2b425d29236713256c65e90058df07d0d97d9e465d0a0092,csv-line-129,
496d2d84ade62b8f7b938738,rm2sub_t64_s16_family_curve,random-b8-k4-random-ensemble-expectation,rm2sub-t64-s16-family-scan-selected-anone-kdnone-k4none,random,"random full-rank [8,4] reused",random_ensemble_expectation,8,4,,64,16,22.0,3.0,family-scan-selected,19,524288,1048576,131072,2048,104857,0.1,1,1,single_occupation,reference,nearest_binary64_diagnostic,-15.630390632393338,,,1,small_k_replay/rate_half_family_k_margin_d100_rm2sub_t64_s16.csv,40ea6dfb712c3d2d2b425d29236713256c65e90058df07d0d97d9e465d0a0092,csv-line-96,
05c15a028acb656b825bc6d0,rm2sub_t64_s16_family_curve,rm-b128-k64-fixed-exact-spectrum,rm2sub-t64-s16-family-scan-selected-anone-kdnone-k4none,rm,"RM(3,7) [128,64,16] exact",fixed_exact_spectrum,128,64,16,64,16,22.0,3.0,family-scan-selected,19,524288,1048576,8192,128,104857,0.1,1,1,single_occupation,diagnostic,nearest_binary64_diagnostic,11.489004948500444,,,16,small_k_replay/rate_half_family_k_margin_d100_rm2sub_t64_s16.csv,40ea6dfb712c3d2d2b425d29236713256c65e90058df07d0d97d9e465d0a0092,csv-line-76,
5710ae9047bf0dcf29d46d5c,rm2sub_t64_s16_family_curve,rm-b32-k16-fixed-exact-spectrum,rm2sub-t64-s16-family-scan-selected-anone-kdnone-k4none,rm,"RM(2,5) [32,16,8] exact",fixed_exact_spectrum,32,16,8,64,16,22.0,3.0,family-scan-selected,19,524288,1048576,32768,512,104857,0.1,1,1,single_occupation,diagnostic,nearest_binary64_diagnostic,3.916583094416905,,,8,small_k_replay/rate_half_family_k_margin_d100_rm2sub_t64_s16.csv,40ea6dfb712c3d2d2b425d29236713256c65e90058df07d0d97d9e465d0a0092,csv-line-67,
da7f3e23bb19d1a1e66d6d28,rm2sub_t64_s16_family_curve,rm-b512-k256-fixed-exact-spectrum,rm2sub-t64-s16-family-scan-selected-anone-kdnone-k4none,rm,"RM(4,9) [512,256,32] exact",fixed_exact_spectrum,512,256,32,64,16,22.0,3.0,family-scan-selected,19,524288,1048576,2048,32,104857,0.1,1,1,single_occupation,diagnostic,nearest_binary64_diagnostic,39.999686225617644,,,32,small_k_replay/rate_half_family_k_margin_d100_rm2sub_t64_s16.csv,40ea6dfb712c3d2d2b425d29236713256c65e90058df07d0d97d9e465d0a0092,csv-line-83,
2aff6a63ac455518ef9360e5,rm2sub_t64_s16_family_curve,rm-b8-k4-fixed-exact-spectrum,rm2sub-t64-s16-family-scan-selected-anone-kdnone-k4none,rm,"RM(1,3) [8,4,4] exact",fixed_exact_spectrum,8,4,4,64,16,22.0,3.0,family-scan-selected,19,524288,1048576,131072,2048,104857,0.1,1,1,single_occupation,diagnostic,nearest_binary64_diagnostic,-0.012813381090647454,,,4,small_k_replay/rate_half_family_k_margin_d100_rm2sub_t64_s16.csv,40ea6dfb712c3d2d2b425d29236713256c65e90058df07d0d97d9e465d0a0092,csv-line-56,
b3607a4714c21347b70c4838,rm2sub_t64_s16_family_curve,bch-b128-k64-fixed-exact-spectrum,rm2sub-t64-s16-family-scan-selected-anone-kdnone-k4none,bch,"extended BCH [128,64,22] exact",fixed_exact_spectrum,128,64,22,64,16,22.0,2.0,family-scan-selected,20,1048576,2097152,16384,256,209715,0.1,1,1,single_occupation,diagnostic,nearest_binary64_diagnostic,32.33784925772823,,,22,small_k_replay/rate_half_family_k_margin_d100_rm2sub_t64_s16.csv,40ea6dfb712c3d2d2b425d29236713256c65e90058df07d0d97d9e465d0a0092,csv-line-44,
4a6fdd8111b61ee2d69efc2b,rm2sub_t64_s16_family_curve,bch-b32-k16-fixed-exact-spectrum,rm2sub-t64-s16-family-scan-selected-anone-kdnone-k4none,bch,"extended BCH [32,16,8] exact",fixed_exact_spectrum,32,16,8,64,16,22.0,2.0,family-scan-selected,20,1048576,2097152,65536,1024,209715,0.1,1,1,single_occupation,diagnostic,nearest_binary64_diagnostic,2.846364061588874,,,8,small_k_replay/rate_half_family_k_margin_d100_rm2sub_t64_s16.csv,40ea6dfb712c3d2d2b425d29236713256c65e90058df07d0d97d9e465d0a0092,csv-line-25,
a0ee8b26dee94506c35165cf,rm2sub_t64_s16_family_curve,bch-b64-k32-fixed-exact-spectrum,rm2sub-t64-s16-family-scan-selected-anone-kdnone-k4none,bch,"Philips shortened-XBCH [64,32,12] exact",fixed_exact_spectrum,64,32,12,64,16,22.0,2.0,family-scan-selected,20,1048576,2097152,32768,512,209715,0.1,1,1,single_occupation,diagnostic,nearest_binary64_diagnostic,10.089313973984618,,,12,small_k_replay/rate_half_family_k_margin_d100_rm2sub_t64_s16.csv,40ea6dfb712c3d2d2b425d29236713256c65e90058df07d0d97d9e465d0a0092,csv-line-35,
84545b6d43113809440c89ac,rm2sub_t64_s16_family_curve,bch-b8-k4-fixed-exact-spectrum,rm2sub-t64-s16-family-scan-selected-anone-kdnone-k4none,bch,"extended BCH [8,4,4] exact",fixed_exact_spectrum,8,4,4,64,16,22.0,2.0,family-scan-selected,20,1048576,2097152,262144,4096,209715,0.1,1,1,single_occupation,diagnostic,nearest_binary64_diagnostic,-1.091660095885132,,,4,small_k_replay/rate_half_family_k_margin_d100_rm2sub_t64_s16.csv,40ea6dfb712c3d2d2b425d29236713256c65e90058df07d0d97d9e465d0a0092,csv-line-14,
82f81cd6daf2d445ca559df3,rm2sub_t64_s16_family_curve,random-b1024-k512-random-ensemble-expectation,rm2sub-t64-s16-family-scan-selected-anone-kdnone-k4none,random,"random full-rank [1024,512] reused",random_ensemble_expectation,1024,512,,64,16,22.0,2.0,family-scan-selected,20,1048576,2097152,2048,32,209715,0.1,1,1,single_occupation,reference,nearest_binary64_diagnostic,289.7344656226655,,,107,small_k_replay/rate_half_family_k_margin_d100_rm2sub_t64_s16.csv,40ea6dfb712c3d2d2b425d29236713256c65e90058df07d0d97d9e465d0a0092,csv-line-160,
8bdb1040ffb04abe6e26e86c,rm2sub_t64_s16_family_curve,random-b128-k64-random-ensemble-expectation,rm2sub-t64-s16-family-scan-selected-anone-kdnone-k4none,random,"random full-rank [128,64] reused",random_ensemble_expectation,128,64,,64,16,22.0,2.0,family-scan-selected,20,1048576,2097152,16384,256,209715,0.1,1,1,single_occupation,reference,nearest_binary64_diagnostic,21.01743400244646,,,13,small_k_replay/rate_half_family_k_margin_d100_rm2sub_t64_s16.csv,40ea6dfb712c3d2d2b425d29236713256c65e90058df07d0d97d9e465d0a0092,csv-line-139,
f49ab7bcc03d4bed2473b44a,rm2sub_t64_s16_family_curve,random-b16-k8-random-ensemble-expectation,rm2sub-t64-s16-family-scan-selected-anone-kdnone-k4none,random,"random full-rank [16,8] reused",random_ensemble_expectation,16,8,,64,16,22.0,2.0,family-scan-selected,20,1048576,2097152,131072,2048,209715,0.1,1,1,single_occupation,reference,nearest_binary64_diagnostic,-14.012735425688177,,,2,small_k_replay/rate_half_family_k_margin_d100_rm2sub_t64_s16.csv,40ea6dfb712c3d2d2b425d29236713256c65e90058df07d0d97d9e465d0a0092,csv-line-109,
c8b513f841feabd2bff11345,rm2sub_t64_s16_family_curve,random-b256-k128-random-ensemble-expectation,rm2sub-t64-s16-family-scan-selected-anone-kdnone-k4none,random,"random full-rank [256,128] reused",random_ensemble_expectation,256,128,,64,16,22.0,2.0,family-scan-selected,20,1048576,2097152,8192,128,209715,0.1,1,1,single_occupation,reference,nearest_binary64_diagnostic,59.817348838763635,,,26,small_k_replay/rate_half_family_k_margin_d100_rm2sub_t64_s16.csv,40ea6dfb712c3d2d2b425d29236713256c65e90058df07d0d97d9e465d0a0092,csv-line-147,
dcf39a8b1d5661a035758801,rm2sub_t64_s16_family_curve,random-b32-k16-random-ensemble-expectation,rm2sub-t64-s16-family-scan-selected-anone-kdnone-k4none,random,"random full-rank [32,16] reused",random_ensemble_expectation,32,16,,64,16,22.0,2.0,family-scan-selected,20,1048576,2097152,65536,1024,209715,0.1,1,1,single_occupation,reference,nearest_binary64_diagnostic,-8.754834901505763,,,3,small_k_replay/rate_half_family_k_margin_d100_rm2sub_t64_s16.csv,40ea6dfb712c3d2d2b425d29236713256c65e90058df07d0d97d9e465d0a0092,csv-line-120,
662e5220f10660a00b79c56b,rm2sub_t64_s16_family_curve,random-b512-k256-random-ensemble-expectation,rm2sub-t64-s16-family-scan-selected-anone-kdnone-k4none,random,"random full-rank [512,256] reused",random_ensemble_expectation,512,256,,64,16,22.0,2.0,family-scan-selected,20,1048576,2097152,4096,64,209715,0.1,1,1,single_occupation,reference,nearest_binary64_diagnostic,136.7611125101666,,,53,small_k_replay/rate_half_family_k_margin_d100_rm2sub_t64_s16.csv,40ea6dfb712c3d2d2b425d29236713256c65e90058df07d0d97d9e465d0a0092,csv-line-154,
d110fe2a15bd8f1541660f33,rm2sub_t64_s16_family_curve,random-b64-k32-random-ensemble-expectation,rm2sub-t64-s16-family-scan-selected-anone-kdnone-k4none,random,"random full-rank [64,32] reused",random_ensemble_expectation,64,32,,64,16,22.0,2.0,family-scan-selected,20,1048576,2097152,32768,512,209715,0.1,1,1,single_occupation,reference,nearest_binary64_diagnostic,1.3431757816439551,,,7,small_k_replay/rate_half_family_k_margin_d100_rm2sub_t64_s16.csv,40ea6dfb712c3d2d2b425d29236713256c65e90058df07d0d97d9e465d0a0092,csv-line-130,
78f503e0b213f4586ee98c88,rm2sub_t64_s16_family_curve,random-b8-k4-random-ensemble-expectation,rm2sub-t64-s16-family-scan-selected-anone-kdnone-k4none,random,"random full-rank [8,4] reused",random_ensemble_expectation,8,4,,64,16,22.0,2.0,family-scan-selected,20,1048576,2097152,262144,4096,209715,0.1,1,1,single_occupation,reference,nearest_binary64_diagnostic,-16.72188882236423,,,1,small_k_replay/rate_half_family_k_margin_d100_rm2sub_t64_s16.csv,40ea6dfb712c3d2d2b425d29236713256c65e90058df07d0d97d9e465d0a0092,csv-line-97,
a5d89846791ab9cace4bff3f,rm2sub_t64_s16_family_curve,rm-b128-k64-fixed-exact-spectrum,rm2sub-t64-s16-family-scan-selected-anone-kdnone-k4none,rm,"RM(3,7) [128,64,16] exact",fixed_exact_spectrum,128,64,16,64,16,22.0,2.0,family-scan-selected,20,1048576,2097152,16384,256,209715,0.1,1,1,single_occupation,diagnostic,nearest_binary64_diagnostic,10.41483512781367,,,16,small_k_replay/rate_half_family_k_margin_d100_rm2sub_t64_s16.csv,40ea6dfb712c3d2d2b425d29236713256c65e90058df07d0d97d9e465d0a0092,csv-line-77,
e3764f699c7c0ef94e93e2d5,rm2sub_t64_s16_family_curve,rm-b32-k16-fixed-exact-spectrum,rm2sub-t64-s16-family-scan-selected-anone-kdnone-k4none,rm,"RM(2,5) [32,16,8] exact",fixed_exact_spectrum,32,16,8,64,16,22.0,2.0,family-scan-selected,20,1048576,2097152,65536,1024,209715,0.1,1,1,single_occupation,diagnostic,nearest_binary64_diagnostic,2.846364061588874,,,8,small_k_replay/rate_half_family_k_margin_d100_rm2sub_t64_s16.csv,40ea6dfb712c3d2d2b425d29236713256c65e90058df07d0d97d9e465d0a0092,csv-line-68,
72b29ae8ded881abd5f1f52e,rm2sub_t64_s16_family_curve,rm-b512-k256-fixed-exact-spectrum,rm2sub-t64-s16-family-scan-selected-anone-kdnone-k4none,rm,"RM(4,9) [512,256,32] exact",fixed_exact_spectrum,512,256,32,64,16,22.0,2.0,family-scan-selected,20,1048576,2097152,4096,64,209715,0.1,1,1,single_occupation,diagnostic,nearest_binary64_diagnostic,38.94054218373622,,,32,small_k_replay/rate_half_family_k_margin_d100_rm2sub_t64_s16.csv,40ea6dfb712c3d2d2b425d29236713256c65e90058df07d0d97d9e465d0a0092,csv-line-84,
06da555418ff0f5bb2b2c34b,rm2sub_t64_s16_family_curve,rm-b8-k4-fixed-exact-spectrum,rm2sub-t64-s16-family-scan-selected-anone-kdnone-k4none,rm,"RM(1,3) [8,4,4] exact",fixed_exact_spectrum,8,4,4,64,16,22.0,2.0,family-scan-selected,20,1048576,2097152,262144,4096,209715,0.1,1,1,single_occupation,diagnostic,nearest_binary64_diagnostic,-1.091660095885132,,,4,small_k_replay/rate_half_family_k_margin_d100_rm2sub_t64_s16.csv,40ea6dfb712c3d2d2b425d29236713256c65e90058df07d0d97d9e465d0a0092,csv-line-57,
80a68e6035492b0987e98d7d,rm2sub_t64_s9_bch_k13_q1_crosscheck,bch-b128-k64-fixed-exact-spectrum,rm2sub-t64-s9-crosscheck-selected-a28-kd4-k42352,bch,"extended BCH [128,64,22] exact",fixed_exact_spectrum,128,64,22,64,9,15.0,2.0,crosscheck-selected,13,8192,16384,128,2,1638,0.1,1,1,single_occupation,diagnostic,nearest_binary64_diagnostic,31.17414850156397,,,22,small_k_replay/rm2sub_t64_s9_bch_k13_crosscheck.csv,24e76584da73ea40c4cc964cddc3c3096c55b1fd5c6c5b6eafeb295c7aa8bbee,csv-line-7,
67f74b849082a0058825d096,rm2sub_t64_s9_bch_k13_q1_crosscheck,bch-b32-k16-fixed-exact-spectrum,rm2sub-t64-s9-crosscheck-selected-a28-kd4-k42352,bch,"extended BCH [32,16,8] exact",fixed_exact_spectrum,32,16,8,64,9,15.0,2.0,crosscheck-selected,13,8192,16384,512,8,1638,0.1,1,1,single_occupation,diagnostic,nearest_binary64_diagnostic,3.9119979789098713,,,8,small_k_replay/rm2sub_t64_s9_bch_k13_crosscheck.csv,24e76584da73ea40c4cc964cddc3c3096c55b1fd5c6c5b6eafeb295c7aa8bbee,csv-line-4,
8dbf55a08d0ca0a5c1d697f9,rm2sub_t64_s9_bch_k13_q2_crosscheck,bch-b128-k64-fixed-exact-spectrum,rm2sub-t64-s9-crosscheck-selected-a28-kd4-k42352,bch,"extended BCH [128,64,22] exact",fixed_exact_spectrum,128,64,22,64,9,15.0,2.0,crosscheck-selected,13,8192,16384,128,2,1638,0.1,2,2,single_occupation,diagnostic,nearest_binary64_diagnostic,61.134881828813576,,,,small_k_replay/rm2sub_t64_s9_bch_k13_q2_crosscheck.csv,3d05bcd431bfa152d4ca398accd30f15fe69d84c847adc6f1f46b9deb45fdb0d,csv-line-5,
68bd91b0221f902f13d321ac,rm2sub_t64_s9_bch_k13_q2_crosscheck,bch-b32-k16-fixed-exact-spectrum,rm2sub-t64-s9-crosscheck-selected-a28-kd4-k42352,bch,"extended BCH [32,16,8] exact",fixed_exact_spectrum,32,16,8,64,9,15.0,2.0,crosscheck-selected,13,8192,16384,512,8,1638,0.1,2,2,single_occupation,diagnostic,nearest_binary64_diagnostic,7.504691904441602,,,,small_k_replay/rm2sub_t64_s9_bch_k13_q2_crosscheck.csv,3d05bcd431bfa152d4ca398accd30f15fe69d84c847adc6f1f46b9deb45fdb0d,csv-line-3,
c39372ef0b8d38c029f0d90c,rm2sub_t64_state_calibration_bch_q1,bch-b128-k64-fixed-exact-spectrum,rm2sub-t64-s15-calibration-selected-a24-kd6-k40,bch,"extended BCH [128,64,22] exact",fixed_exact_spectrum,128,64,22,64,15,21.0,8.0,calibration-selected,13,8192,16384,128,2,1638,0.1,1,1,single_occupation,diagnostic,nearest_binary64_diagnostic,38.32056611476642,,,22,small_k_replay/rm2sub_t64_state_calibration_bch_q1_d100.csv,fd89b8863d591bcbcb4537b14207668cea6968469e25630073acf3387f26db4e,csv-line-34,
9b68ba20b8f29234470a86b0,rm2sub_t64_state_calibration_bch_q1,bch-b128-k64-fixed-exact-spectrum,rm2sub-t64-s16-calibration-selected-a16-kd6-k40,bch,"extended BCH [128,64,22] exact",fixed_exact_spectrum,128,64,22,64,16,22.0,9.0,calibration-selected,13,8192,16384,128,2,1638,0.1,1,1,single_occupation,diagnostic,nearest_binary64_diagnostic,38.5460358692438,,,22,small_k_replay/rm2sub_t64_state_calibration_bch_q1_d100.csv,fd89b8863d591bcbcb4537b14207668cea6968469e25630073acf3387f26db4e,csv-line-37,
ba75f2f75cb63327acfe67b8,rm2sub_t64_state_calibration_bch_q1,bch-b128-k64-fixed-exact-spectrum,rm2sub-t64-s18-calibration-selected-a16-kd6-k40,bch,"extended BCH [128,64,22] exact",fixed_exact_spectrum,128,64,22,64,18,24.0,11.0,calibration-selected,13,8192,16384,128,2,1638,0.1,1,1,single_occupation,diagnostic,nearest_binary64_diagnostic,38.72823157457438,,,22,small_k_replay/rm2sub_t64_state_calibration_bch_q1_d100.csv,fd89b8863d591bcbcb4537b14207668cea6968469e25630073acf3387f26db4e,csv-line-40,
e3219b3eeeb607074731c3f4,rm2sub_t64_state_calibration_bch_q1,bch-b128-k64-fixed-exact-spectrum,rm2sub-t64-s19-calibration-selected-a16-kd6-k40,bch,"extended BCH [128,64,22] exact",fixed_exact_spectrum,128,64,22,64,19,25.0,12.0,calibration-selected,13,8192,16384,128,2,1638,0.1,1,1,single_occupation,diagnostic,nearest_binary64_diagnostic,38.75985351036947,,,22,small_k_replay/rm2sub_t64_state_calibration_bch_q1_d100.csv,fd89b8863d591bcbcb4537b14207668cea6968469e25630073acf3387f26db4e,csv-line-43,
4cd66e220a3aa54b76e9e81d,rm2sub_t64_state_calibration_bch_q1,bch-b128-k64-fixed-exact-spectrum,rm2sub-t64-s20-calibration-selected-a16-kd8-k40,bch,"extended BCH [128,64,22] exact",fixed_exact_spectrum,128,64,22,64,20,26.0,13.0,calibration-selected,13,8192,16384,128,2,1638,0.1,1,1,single_occupation,diagnostic,nearest_binary64_diagnostic,38.775812328343434,,,22,small_k_replay/rm2sub_t64_state_calibration_bch_q1_d100.csv,fd89b8863d591bcbcb4537b14207668cea6968469e25630073acf3387f26db4e,csv-line-46,
e28550d8d0eb94f78c4d2795,rm2sub_t64_state_calibration_bch_q1,bch-b32-k16-fixed-exact-spectrum,rm2sub-t64-s15-calibration-selected-a24-kd6-k40,bch,"extended BCH [32,16,8] exact",fixed_exact_spectrum,32,16,8,64,15,21.0,8.0,calibration-selected,13,8192,16384,512,8,1638,0.1,1,1,single_occupation,diagnostic,nearest_binary64_diagnostic,8.948294215701376,,,8,small_k_replay/rm2sub_t64_state_calibration_bch_q1_d100.csv,fd89b8863d591bcbcb4537b14207668cea6968469e25630073acf3387f26db4e,csv-line-4,
9e3675bad846b1d1aedfcf40,rm2sub_t64_state_calibration_bch_q1,bch-b32-k16-fixed-exact-spectrum,rm2sub-t64-s16-calibration-selected-a16-kd6-k40,bch,"extended BCH [32,16,8] exact",fixed_exact_spectrum,32,16,8,64,16,22.0,9.0,calibration-selected,13,8192,16384,512,8,1638,0.1,1,1,single_occupation,diagnostic,nearest_binary64_diagnostic,9.467363091074555,,,8,small_k_replay/rm2sub_t64_state_calibration_bch_q1_d100.csv,fd89b8863d591bcbcb4537b14207668cea6968469e25630073acf3387f26db4e,csv-line-7,
20dec3ad5a4ae304440d1c44,rm2sub_t64_state_calibration_bch_q1,bch-b32-k16-fixed-exact-spectrum,rm2sub-t64-s18-calibration-selected-a16-kd6-k40,bch,"extended BCH [32,16,8] exact",fixed_exact_spectrum,32,16,8,64,18,24.0,11.0,calibration-selected,13,8192,16384,512,8,1638,0.1,1,1,single_occupation,diagnostic,nearest_binary64_diagnostic,10.450823523817352,,,8,small_k_replay/rm2sub_t64_state_calibration_bch_q1_d100.csv,fd89b8863d591bcbcb4537b14207668cea6968469e25630073acf3387f26db4e,csv-line-10,
42e9b583d2e8258f9abf9a58,rm2sub_t64_state_calibration_bch_q1,bch-b32-k16-fixed-exact-spectrum,rm2sub-t64-s19-calibration-selected-a16-kd6-k40,bch,"extended BCH [32,16,8] exact",fixed_exact_spectrum,32,16,8,64,19,25.0,12.0,calibration-selected,13,8192,16384,512,8,1638,0.1,1,1,single_occupation,diagnostic,nearest_binary64_diagnostic,10.871888853408905,,,8,small_k_replay/rm2sub_t64_state_calibration_bch_q1_d100.csv,fd89b8863d591bcbcb4537b14207668cea6968469e25630073acf3387f26db4e,csv-line-13,
b55b45faf27e2fc7499a31fb,rm2sub_t64_state_calibration_bch_q1,bch-b32-k16-fixed-exact-spectrum,rm2sub-t64-s20-calibration-selected-a16-kd8-k40,bch,"extended BCH [32,16,8] exact",fixed_exact_spectrum,32,16,8,64,20,26.0,13.0,calibration-selected,13,8192,16384,512,8,1638,0.1,1,1,single_occupation,diagnostic,nearest_binary64_diagnostic,11.255396443946442,,,8,small_k_replay/rm2sub_t64_state_calibration_bch_q1_d100.csv,fd89b8863d591bcbcb4537b14207668cea6968469e25630073acf3387f26db4e,csv-line-16,
26ee62e9b8812e04799468e4,rm2sub_t64_state_calibration_bch_q1,bch-b128-k64-fixed-exact-spectrum,rm2sub-t64-s15-calibration-selected-a24-kd6-k40,bch,"extended BCH [128,64,22] exact",fixed_exact_spectrum,128,64,22,64,15,21.0,6.0,calibration-selected,15,32768,65536,512,8,6553,0.1,1,1,single_occupation,diagnostic,nearest_binary64_diagnostic,37.0073415550221,,,22,small_k_replay/rm2sub_t64_state_calibration_bch_q1_d100.csv,fd89b8863d591bcbcb4537b14207668cea6968469e25630073acf3387f26db4e,csv-line-49,
e176d74868bbfdfe9d3000e4,rm2sub_t64_state_calibration_bch_q1,bch-b128-k64-fixed-exact-spectrum,rm2sub-t64-s16-calibration-selected-a16-kd6-k40,bch,"extended BCH [128,64,22] exact",fixed_exact_spectrum,128,64,22,64,16,22.0,7.0,calibration-selected,15,32768,65536,512,8,6553,0.1,1,1,single_occupation,diagnostic,nearest_binary64_diagnostic,37.248709788601744,,,22,small_k_replay/rm2sub_t64_state_calibration_bch_q1_d100.csv,fd89b8863d591bcbcb4537b14207668cea6968469e25630073acf3387f26db4e,csv-line-52,
fb6fdff681379a8378022039,rm2sub_t64_state_calibration_bch_q1,bch-b128-k64-fixed-exact-spectrum,rm2sub-t64-s18-calibration-selected-a16-kd6-k40,bch,"extended BCH [128,64,22] exact",fixed_exact_spectrum,128,64,22,64,18,24.0,9.0,calibration-selected,15,32768,65536,512,8,6553,0.1,1,1,single_occupation,diagnostic,nearest_binary64_diagnostic,37.44766649990411,,,22,small_k_replay/rm2sub_t64_state_calibration_bch_q1_d100.csv,fd89b8863d591bcbcb4537b14207668cea6968469e25630073acf3387f26db4e,csv-line-55,
c903dcc8727d7bcbe62b3cde,rm2sub_t64_state_calibration_bch_q1,bch-b128-k64-fixed-exact-spectrum,rm2sub-t64-s19-calibration-selected-a16-kd6-k40,bch,"extended BCH [128,64,22] exact",fixed_exact_spectrum,128,64,22,64,19,25.0,10.0,calibration-selected,15,32768,65536,512,8,6553,0.1,1,1,single_occupation,diagnostic,nearest_binary64_diagnostic,37.48222771569308,,,22,small_k_replay/rm2sub_t64_state_calibration_bch_q1_d100.csv,fd89b8863d591bcbcb4537b14207668cea6968469e25630073acf3387f26db4e,csv-line-58,
14c8fe8e960e2b811ec810a8,rm2sub_t64_state_calibration_bch_q1,bch-b128-k64-fixed-exact-spectrum,rm2sub-t64-s20-calibration-selected-a16-kd8-k40,bch,"extended BCH [128,64,22] exact",fixed_exact_spectrum,128,64,22,64,20,26.0,11.0,calibration-selected,15,32768,65536,512,8,6553,0.1,1,1,single_occupation,diagnostic,nearest_binary64_diagnostic,37.49967514341649,,,22,small_k_replay/rm2sub_t64_state_calibration_bch_q1_d100.csv,fd89b8863d591bcbcb4537b14207668cea6968469e25630073acf3387f26db4e,csv-line-61,
ccdd857a47b3b829a015c6c6,rm2sub_t64_state_calibration_bch_q1,bch-b32-k16-fixed-exact-spectrum,rm2sub-t64-s15-calibration-selected-a24-kd6-k40,bch,"extended BCH [32,16,8] exact",fixed_exact_spectrum,32,16,8,64,15,21.0,6.0,calibration-selected,15,32768,65536,2048,32,6553,0.1,1,1,single_occupation,diagnostic,nearest_binary64_diagnostic,7.281465808567282,,,8,small_k_replay/rm2sub_t64_state_calibration_bch_q1_d100.csv,fd89b8863d591bcbcb4537b14207668cea6968469e25630073acf3387f26db4e,csv-line-19,
65aea5875d614ef001e725ba,rm2sub_t64_state_calibration_bch_q1,bch-b32-k16-fixed-exact-spectrum,rm2sub-t64-s16-calibration-selected-a16-kd6-k40,bch,"extended BCH [32,16,8] exact",fixed_exact_spectrum,32,16,8,64,16,22.0,7.0,calibration-selected,15,32768,65536,2048,32,6553,0.1,1,1,single_occupation,diagnostic,nearest_binary64_diagnostic,7.848505357269057,,,8,small_k_replay/rm2sub_t64_state_calibration_bch_q1_d100.csv,fd89b8863d591bcbcb4537b14207668cea6968469e25630073acf3387f26db4e,csv-line-22,
aa90cdaf1914fcdf362445df,rm2sub_t64_state_calibration_bch_q1,bch-b32-k16-fixed-exact-spectrum,rm2sub-t64-s18-calibration-selected-a16-kd6-k40,bch,"extended BCH [32,16,8] exact",fixed_exact_spectrum,32,16,8,64,18,24.0,9.0,calibration-selected,15,32768,65536,2048,32,6553,0.1,1,1,single_occupation,diagnostic,nearest_binary64_diagnostic,8.889741206473408,,,8,small_k_replay/rm2sub_t64_state_calibration_bch_q1_d100.csv,fd89b8863d591bcbcb4537b14207668cea6968469e25630073acf3387f26db4e,csv-line-25,
8ca0d13d3f90b0eb1e8b4a27,rm2sub_t64_state_calibration_bch_q1,bch-b32-k16-fixed-exact-spectrum,rm2sub-t64-s19-calibration-selected-a16-kd6-k40,bch,"extended BCH [32,16,8] exact",fixed_exact_spectrum,32,16,8,64,19,25.0,10.0,calibration-selected,15,32768,65536,2048,32,6553,0.1,1,1,single_occupation,diagnostic,nearest_binary64_diagnostic,9.38088360189117,,,8,small_k_replay/rm2sub_t64_state_calibration_bch_q1_d100.csv,fd89b8863d591bcbcb4537b14207668cea6968469e25630073acf3387f26db4e,csv-line-28,
d6bd08413aee7a4a71e16a5e,rm2sub_t64_state_calibration_bch_q1,bch-b32-k16-fixed-exact-spectrum,rm2sub-t64-s20-calibration-selected-a16-kd8-k40,bch,"extended BCH [32,16,8] exact",fixed_exact_spectrum,32,16,8,64,20,26.0,11.0,calibration-selected,15,32768,65536,2048,32,6553,0.1,1,1,single_occupation,diagnostic,nearest_binary64_diagnostic,9.801456343833138,,,8,small_k_replay/rm2sub_t64_state_calibration_bch_q1_d100.csv,fd89b8863d591bcbcb4537b14207668cea6968469e25630073acf3387f26db4e,csv-line-31,
