k,k_eff,N,delta,d,sigma,block_bits,blocks,d0,h,outer_log2,outer_z,inner_log2,term_log2,cum_log2
1048576,1048640,2097280,0.106,222311,40,80,13108,12,1,-inf,,-2.237846,-inf,-inf
1048576,1048640,2097280,0.106,222311,40,80,13108,12,2,-inf,,-4.475692,-inf,-inf
1048576,1048640,2097280,0.106,222311,40,80,13108,12,3,-inf,,-6.713537,-inf,-inf
1048576,1048640,2097280,0.106,222311,40,80,13108,12,4,-inf,,-8.951381,-inf,-inf
1048576,1048640,2097280,0.106,222311,40,80,13108,12,5,-inf,,-11.189224,-inf,-inf
1048576,1048640,2097280,0.106,222311,40,80,13108,12,6,-inf,,-13.427067,-inf,-inf
1048576,1048640,2097280,0.106,222311,40,80,13108,12,7,-inf,,-15.664909,-inf,-inf
1048576,1048640,2097280,0.106,222311,40,80,13108,12,8,-inf,,-17.902750,-inf,-inf
1048576,1048640,2097280,0.106,222311,40,80,13108,12,9,-inf,,-20.140591,-inf,-inf
1048576,1048640,2097280,0.106,222311,40,80,13108,12,10,-inf,,-22.378431,-inf,-inf
1048576,1048640,2097280,0.106,222311,40,80,13108,12,11,-inf,,-24.616270,-inf,-inf
1048576,1048640,2097280,0.106,222311,40,80,13108,12,12,-2.456096,0.141400061521,-26.854109,-29.310205,-29.310205
1048576,1048640,2097280,0.106,222311,40,80,13108,12,13,0.366049,0.141400061521,-29.091946,-28.725897,-27.988669
1048576,1048640,2097280,0.106,222311,40,80,13108,12,14,3.188195,0.141400061521,-31.329784,-28.141589,-27.063104
1048576,1048640,2097280,0.106,222311,40,80,13108,12,15,6.010340,0.141400061521,-33.567620,-27.557280,-26.289135
1048576,1048640,2097280,0.106,222311,40,80,13108,12,16,8.832486,0.141400061521,-35.805456,-26.972970,-25.590909
1048576,1048640,2097280,0.106,222311,40,80,13108,12,17,11.654631,0.141400061521,-38.043291,-26.388660,-24.935333
1048576,1048640,2097280,0.106,222311,40,80,13108,12,18,14.476776,0.141400061521,-40.281125,-25.804349,-24.305374
1048576,1048640,2097280,0.106,222311,40,80,13108,12,19,17.298922,0.141400061521,-42.518958,-25.220037,-23.691402
1048576,1048640,2097280,0.106,222311,40,80,13108,12,20,20.121067,0.141400061521,-44.756791,-24.635724,-23.087640
1048576,1048640,2097280,0.106,222311,40,80,13108,12,21,22.943212,0.141400061521,-46.994623,-24.051411,-22.490500
1048576,1048640,2097280,0.106,222311,40,80,13108,12,22,25.765358,0.141400061521,-49.232455,-23.467097,-21.897694
1048576,1048640,2097280,0.106,222311,40,80,13108,12,23,28.587503,0.141400061521,-51.470285,-22.882782,-21.307744
1048576,1048640,2097280,0.106,222311,40,80,13108,12,24,31.252331,0.173712159159,-53.708115,-22.455784,-20.770460
1048576,1048640,2097280,0.106,222311,40,80,13108,12,25,33.742427,0.192539805332,-55.945944,-22.203518,-20.315921
1048576,1048640,2097280,0.106,222311,40,80,13108,12,26,36.119198,0.192539805332,-58.183773,-22.064575,-19.940098
1048576,1048640,2097280,0.106,222311,40,80,13108,12,27,38.492887,0.21340807009,-60.421601,-21.928713,-19.615886
1048576,1048640,2097280,0.106,222311,40,80,13108,12,28,40.721201,0.21340807009,-62.659428,-21.938227,-19.352920
1048576,1048640,2097280,0.106,222311,40,80,13108,12,29,42.949514,0.21340807009,-64.897254,-21.947740,-19.131932
1048576,1048640,2097280,0.106,222311,40,80,13108,12,30,45.082886,0.236538124161,-67.135080,-22.052194,-18.952926
1048576,1048640,2097280,0.106,222311,40,80,13108,12,31,47.162741,0.236538124161,-69.372905,-22.210164,-18.809421
1048576,1048640,2097280,0.106,222311,40,80,13108,12,32,49.228925,0.262175109676,-71.610729,-22.381804,-18.692972
1048576,1048640,2097280,0.106,222311,40,80,13108,12,33,51.160322,0.262175109676,-73.848553,-22.688230,-18.605230
1048576,1048640,2097280,0.106,222311,40,80,13108,12,34,53.091720,0.262175109676,-76.086375,-22.994656,-18.537984
1048576,1048640,2097280,0.106,222311,40,80,13108,12,35,54.970255,0.290590738289,-78.324197,-23.353942,-18.487654
1048576,1048640,2097280,0.106,222311,40,80,13108,12,36,56.753195,0.290590738289,-80.562019,-23.808824,-18.452011
1048576,1048640,2097280,0.106,222311,40,80,13108,12,37,58.536134,0.290590738289,-82.799839,-24.263705,-18.426552
1048576,1048640,2097280,0.106,222311,40,80,13108,12,38,60.319073,0.290590738289,-85.037659,-24.718586,-18.408257
1048576,1048640,2097280,0.106,222311,40,80,13108,12,39,62.075170,0.322086170895,-87.275478,-25.200308,-18.395297
1048576,1048640,2097280,0.106,222311,40,80,13108,12,40,63.709651,0.322086170895,-89.513297,-25.803645,-18.386829
1048576,1048640,2097280,0.106,222311,40,80,13108,12,41,65.344133,0.322086170895,-91.751114,-26.406982,-18.381283
1048576,1048640,2097280,0.106,222311,40,80,13108,12,42,66.978614,0.322086170895,-93.988931,-27.010317,-18.377643
1048576,1048640,2097280,0.106,222311,40,80,13108,12,43,68.613095,0.322086170895,-96.226747,-27.613652,-18.375253
1048576,1048640,2097280,0.106,222311,40,80,13108,12,44,70.247577,0.322086170895,-98.464563,-28.216986,-18.373681
1048576,1048640,2097280,0.106,222311,40,80,13108,12,45,71.882058,0.322086170895,-100.702377,-28.820319,-18.372648
1048576,1048640,2097280,0.106,222311,40,80,13108,12,46,73.516539,0.322086170895,-102.940191,-29.423652,-18.371968
1048576,1048640,2097280,0.106,222311,40,80,13108,12,47,75.151021,0.322086170895,-105.178005,-30.026984,-18.371521
1048576,1048640,2097280,0.106,222311,40,80,13108,12,48,76.785502,0.322086170895,-107.415817,-30.630315,-18.371227
1048576,1048640,2097280,0.106,222311,40,80,13108,12,49,78.419984,0.322086170895,-109.653629,-31.233645,-18.371033
1048576,1048640,2097280,0.106,222311,40,80,13108,12,50,80.054465,0.322086170895,-111.891440,-31.836975,-18.370905
1048576,1048640,2097280,0.106,222311,40,80,13108,12,51,81.688946,0.322086170895,-114.129250,-32.440303,-18.370821
1048576,1048640,2097280,0.106,222311,40,80,13108,12,52,83.323428,0.322086170895,-116.367059,-33.043631,-18.370766
1048576,1048640,2097280,0.106,222311,40,80,13108,12,53,84.957909,0.322086170895,-118.604868,-33.646959,-18.370730
1048576,1048640,2097280,0.106,222311,40,80,13108,12,54,86.592391,0.322086170895,-120.842676,-34.250285,-18.370706
1048576,1048640,2097280,0.106,222311,40,80,13108,12,55,88.226872,0.322086170895,-123.080483,-34.853611,-18.370690
1048576,1048640,2097280,0.106,222311,40,80,13108,12,56,89.861353,0.322086170895,-125.318289,-35.456936,-18.370680
1048576,1048640,2097280,0.106,222311,40,80,13108,12,57,91.495835,0.322086170895,-127.556094,-36.060260,-18.370673
1048576,1048640,2097280,0.106,222311,40,80,13108,12,58,93.130316,0.322086170895,-129.793899,-36.663583,-18.370669
1048576,1048640,2097280,0.106,222311,40,80,13108,12,59,94.764797,0.322086170895,-132.031702,-37.266905,-18.370666
1048576,1048640,2097280,0.106,222311,40,80,13108,12,60,96.399279,0.322086170895,-134.269505,-37.870227,-18.370664
1048576,1048640,2097280,0.106,222311,40,80,13108,12,61,98.033760,0.322086170895,-136.507307,-38.473547,-18.370662
1048576,1048640,2097280,0.106,222311,40,80,13108,12,62,99.668242,0.322086170895,-138.745108,-39.076867,-18.370661
1048576,1048640,2097280,0.106,222311,40,80,13108,12,63,101.302723,0.322086170895,-140.982909,-39.680186,-18.370661
1048576,1048640,2097280,0.106,222311,40,80,13108,12,64,102.937204,0.322086170895,-143.220708,-40.283504,-18.370661
1048576,1048640,2097280,0.106,222311,40,80,13108,12,65,104.571686,0.322086170895,-145.458506,-40.886820,-18.370660
1048576,1048640,2097280,0.106,222311,40,80,13108,12,66,106.206167,0.322086170895,-147.696303,-41.490136,-18.370660
1048576,1048640,2097280,0.106,222311,40,80,13108,12,67,107.840648,0.322086170895,-149.934100,-42.093451,-18.370660
1048576,1048640,2097280,0.106,222311,40,80,13108,12,68,109.475130,0.322086170895,-152.171895,-42.696765,-18.370660
1048576,1048640,2097280,0.106,222311,40,80,13108,12,69,111.109611,0.322086170895,-154.409689,-43.300078,-18.370660
1048576,1048640,2097280,0.106,222311,40,80,13108,12,70,112.744093,0.322086170895,-156.647482,-43.903389,-18.370660
1048576,1048640,2097280,0.106,222311,40,80,13108,12,71,114.378574,0.322086170895,-158.885274,-44.506700,-18.370660
1048576,1048640,2097280,0.106,222311,40,80,13108,12,72,116.013055,0.322086170895,-161.123064,-45.110009,-18.370660
1048576,1048640,2097280,0.106,222311,40,80,13108,12,73,117.647537,0.322086170895,-163.360853,-45.713316,-18.370660
1048576,1048640,2097280,0.106,222311,40,80,13108,12,74,119.282018,0.322086170895,-165.598641,-46.316623,-18.370660
1048576,1048640,2097280,0.106,222311,40,80,13108,12,75,120.916499,0.322086170895,-167.836427,-46.919927,-18.370660
1048576,1048640,2097280,0.106,222311,40,80,13108,12,76,122.550981,0.322086170895,-170.074211,-47.523231,-18.370660
1048576,1048640,2097280,0.106,222311,40,80,13108,12,77,124.185462,0.322086170895,-172.311994,-48.126532,-18.370660
1048576,1048640,2097280,0.106,222311,40,80,13108,12,78,125.819944,0.322086170895,-174.549775,-48.729832,-18.370660
1048576,1048640,2097280,0.106,222311,40,80,13108,12,79,127.454425,0.322086170895,-176.787554,-49.333130,-18.370660
1048576,1048640,2097280,0.106,222311,40,80,13108,12,80,129.088906,0.322086170895,-179.025331,-49.936425,-18.370660
1048576,1048640,2097280,0.106,222311,40,80,13108,12,81,130.723388,0.322086170895,-181.263106,-50.539718,-18.370660
1048576,1048640,2097280,0.106,222311,40,80,13108,12,82,132.357869,0.322086170895,-183.500878,-51.143009,-18.370660
1048576,1048640,2097280,0.106,222311,40,80,13108,12,83,133.992350,0.322086170895,-185.738648,-51.746297,-18.370660
1048576,1048640,2097280,0.106,222311,40,80,13108,12,84,135.626832,0.322086170895,-187.976414,-52.349582,-18.370660
1048576,1048640,2097280,0.106,222311,40,80,13108,12,85,137.261313,0.322086170895,-190.214177,-52.952864,-18.370660
1048576,1048640,2097280,0.106,222311,40,80,13108,12,86,138.895795,0.322086170895,-192.451937,-53.556143,-18.370660
1048576,1048640,2097280,0.106,222311,40,80,13108,12,87,140.530276,0.322086170895,-194.689693,-54.159417,-18.370660
1048576,1048640,2097280,0.106,222311,40,80,13108,12,88,142.164757,0.322086170895,-196.927445,-54.762688,-18.370660
1048576,1048640,2097280,0.106,222311,40,80,13108,12,89,143.799239,0.322086170895,-199.165192,-55.365953,-18.370660
1048576,1048640,2097280,0.106,222311,40,80,13108,12,90,145.433720,0.322086170895,-201.402934,-55.969214,-18.370660
1048576,1048640,2097280,0.106,222311,40,80,13108,12,91,147.068201,0.322086170895,-203.640670,-56.572468,-18.370660
1048576,1048640,2097280,0.106,222311,40,80,13108,12,92,148.702683,0.322086170895,-205.878400,-57.175717,-18.370660
1048576,1048640,2097280,0.106,222311,40,80,13108,12,93,150.337164,0.322086170895,-208.116123,-57.778958,-18.370660
1048576,1048640,2097280,0.106,222311,40,80,13108,12,94,151.971646,0.322086170895,-210.353838,-58.382192,-18.370660
1048576,1048640,2097280,0.106,222311,40,80,13108,12,95,153.606127,0.322086170895,-212.591544,-58.985417,-18.370660
1048576,1048640,2097280,0.106,222311,40,80,13108,12,96,155.240608,0.322086170895,-214.829241,-59.588633,-18.370660
1048576,1048640,2097280,0.106,222311,40,80,13108,12,97,156.875090,0.322086170895,-217.066928,-60.191838,-18.370660
1048576,1048640,2097280,0.106,222311,40,80,13108,12,98,158.509571,0.322086170895,-219.304602,-60.795031,-18.370660
1048576,1048640,2097280,0.106,222311,40,80,13108,12,99,160.144052,0.322086170895,-221.542264,-61.398211,-18.370660
1048576,1048640,2097280,0.106,222311,40,80,13108,12,100,161.778534,0.322086170895,-223.779911,-62.001377,-18.370660
1048576,1048640,2097280,0.106,222311,40,80,13108,12,101,163.413015,0.322086170895,-226.017541,-62.604526,-18.370660
1048576,1048640,2097280,0.106,222311,40,80,13108,12,102,165.047497,0.322086170895,-228.255154,-63.207657,-18.370660
1048576,1048640,2097280,0.106,222311,40,80,13108,12,103,166.681978,0.322086170895,-230.492746,-63.810768,-18.370660
1048576,1048640,2097280,0.106,222311,40,80,13108,12,104,168.316459,0.322086170895,-232.730316,-64.413856,-18.370660
1048576,1048640,2097280,0.106,222311,40,80,13108,12,105,169.950941,0.322086170895,-234.967860,-65.016919,-18.370660
1048576,1048640,2097280,0.106,222311,40,80,13108,12,106,171.585422,0.322086170895,-237.205376,-65.619954,-18.370660
1048576,1048640,2097280,0.106,222311,40,80,13108,12,107,173.219903,0.322086170895,-239.442861,-66.222958,-18.370660
1048576,1048640,2097280,0.106,222311,40,80,13108,12,108,174.854385,0.322086170895,-241.680311,-66.825926,-18.370660
1048576,1048640,2097280,0.106,222311,40,80,13108,12,109,176.488866,0.322086170895,-243.917722,-67.428856,-18.370660
1048576,1048640,2097280,0.106,222311,40,80,13108,12,110,178.123348,0.322086170895,-246.155089,-68.031742,-18.370660
1048576,1048640,2097280,0.106,222311,40,80,13108,12,111,179.757829,0.322086170895,-248.392408,-68.634579,-18.370660
1048576,1048640,2097280,0.106,222311,40,80,13108,12,112,181.392310,0.322086170895,-250.629672,-69.237361,-18.370660
1048576,1048640,2097280,0.106,222311,40,80,13108,12,113,183.026792,0.322086170895,-252.866875,-69.840083,-18.370660
1048576,1048640,2097280,0.106,222311,40,80,13108,12,114,184.661273,0.322086170895,-255.104010,-70.442737,-18.370660
1048576,1048640,2097280,0.106,222311,40,80,13108,12,115,186.295754,0.322086170895,-257.341070,-71.045316,-18.370660
1048576,1048640,2097280,0.106,222311,40,80,13108,12,116,187.930236,0.322086170895,-259.578045,-71.647810,-18.370660
1048576,1048640,2097280,0.106,222311,40,80,13108,12,117,189.564717,0.322086170895,-261.814926,-72.250209,-18.370660
1048576,1048640,2097280,0.106,222311,40,80,13108,12,118,191.199199,0.322086170895,-264.051702,-72.852504,-18.370660
1048576,1048640,2097280,0.106,222311,40,80,13108,12,119,192.833680,0.322086170895,-266.288360,-73.454681,-18.370660
1048576,1048640,2097280,0.106,222311,40,80,13108,12,120,194.468161,0.322086170895,-268.524888,-74.056727,-18.370660
1048576,1048640,2097280,0.106,222311,40,80,13108,12,121,196.102643,0.322086170895,-270.761269,-74.658626,-18.370660
1048576,1048640,2097280,0.106,222311,40,80,13108,12,122,197.737124,0.322086170895,-272.997488,-75.260364,-18.370660
1048576,1048640,2097280,0.106,222311,40,80,13108,12,123,199.371605,0.322086170895,-275.233525,-75.861919,-18.370660
1048576,1048640,2097280,0.106,222311,40,80,13108,12,124,201.006087,0.322086170895,-277.469359,-76.463272,-18.370660
1048576,1048640,2097280,0.106,222311,40,80,13108,12,125,202.640568,0.322086170895,-279.704968,-77.064400,-18.370660
1048576,1048640,2097280,0.106,222311,40,80,13108,12,126,204.275050,0.322086170895,-281.940327,-77.665277,-18.370660
1048576,1048640,2097280,0.106,222311,40,80,13108,12,127,205.909531,0.322086170895,-284.175406,-78.265875,-18.370660
1048576,1048640,2097280,0.106,222311,40,80,13108,12,128,207.544012,0.322086170895,-286.410174,-78.866162,-18.370660
1048576,1048640,2097280,0.106,222311,40,80,13108,12,129,209.178494,0.322086170895,-288.644596,-79.466103,-18.370660
1048576,1048640,2097280,0.106,222311,40,80,13108,12,130,210.812975,0.322086170895,-290.878635,-80.065660,-18.370660
1048576,1048640,2097280,0.106,222311,40,80,13108,12,131,212.447456,0.322086170895,-293.112246,-80.664790,-18.370660
1048576,1048640,2097280,0.106,222311,40,80,13108,12,132,214.081938,0.322086170895,-295.345384,-81.263447,-18.370660
1048576,1048640,2097280,0.106,222311,40,80,13108,12,133,215.716419,0.322086170895,-297.577997,-81.861578,-18.370660
1048576,1048640,2097280,0.106,222311,40,80,13108,12,134,217.350901,0.322086170895,-299.810027,-82.459127,-18.370660
1048576,1048640,2097280,0.106,222311,40,80,13108,12,135,218.985382,0.322086170895,-302.041413,-83.056031,-18.370660
1048576,1048640,2097280,0.106,222311,40,80,13108,12,136,220.619863,0.322086170895,-304.272084,-83.652221,-18.370660
1048576,1048640,2097280,0.106,222311,40,80,13108,12,137,222.254345,0.322086170895,-306.501968,-84.247623,-18.370660
1048576,1048640,2097280,0.106,222311,40,80,13108,12,138,223.888826,0.322086170895,-308.730981,-84.842155,-18.370660
1048576,1048640,2097280,0.106,222311,40,80,13108,12,139,225.523307,0.322086170895,-310.959035,-85.435728,-18.370660
1048576,1048640,2097280,0.106,222311,40,80,13108,12,140,227.157789,0.322086170895,-313.186033,-86.028244,-18.370660
1048576,1048640,2097280,0.106,222311,40,80,13108,12,141,228.792270,0.322086170895,-315.411870,-86.619599,-18.370660
1048576,1048640,2097280,0.106,222311,40,80,13108,12,142,230.426752,0.322086170895,-317.636433,-87.209681,-18.370660
1048576,1048640,2097280,0.106,222311,40,80,13108,12,143,232.061233,0.322086170895,-319.859600,-87.798367,-18.370660
1048576,1048640,2097280,0.106,222311,40,80,13108,12,144,233.695714,0.322086170895,-322.081243,-88.385529,-18.370660
1048576,1048640,2097280,0.106,222311,40,80,13108,12,145,235.330196,0.322086170895,-324.301223,-88.971027,-18.370660
1048576,1048640,2097280,0.106,222311,40,80,13108,12,146,236.964677,0.322086170895,-326.519393,-89.554716,-18.370660
1048576,1048640,2097280,0.106,222311,40,80,13108,12,147,238.599159,0.322086170895,-328.735598,-90.136440,-18.370660
1048576,1048640,2097280,0.106,222311,40,80,13108,12,148,240.233640,0.322086170895,-330.949679,-90.716039,-18.370660
1048576,1048640,2097280,0.106,222311,40,80,13108,12,149,241.868121,0.322086170895,-333.161466,-91.293344,-18.370660
1048576,1048640,2097280,0.106,222311,40,80,13108,12,150,243.502603,0.322086170895,-335.370786,-91.868184,-18.370660
1048576,1048640,2097280,0.106,222311,40,80,13108,12,151,245.137084,0.322086170895,-337.577464,-92.440380,-18.370660
1048576,1048640,2097280,0.106,222311,40,80,13108,12,152,246.771565,0.322086170895,-339.781320,-93.009754,-18.370660
1048576,1048640,2097280,0.106,222311,40,80,13108,12,153,248.406047,0.322086170895,-341.982175,-93.576128,-18.370660
1048576,1048640,2097280,0.106,222311,40,80,13108,12,154,250.040528,0.322086170895,-344.179852,-94.139324,-18.370660
1048576,1048640,2097280,0.106,222311,40,80,13108,12,155,251.675010,0.322086170895,-346.374180,-94.699171,-18.370660
1048576,1048640,2097280,0.106,222311,40,80,13108,12,156,253.309491,0.322086170895,-348.564994,-95.255504,-18.370660
1048576,1048640,2097280,0.106,222311,40,80,13108,12,157,254.943972,0.322086170895,-350.752140,-95.808168,-18.370660
1048576,1048640,2097280,0.106,222311,40,80,13108,12,158,256.578454,0.322086170895,-352.935475,-96.357021,-18.370660
1048576,1048640,2097280,0.106,222311,40,80,13108,12,159,258.212935,0.322086170895,-355.114874,-96.901939,-18.370660
1048576,1048640,2097280,0.106,222311,40,80,13108,12,160,259.847416,0.322086170895,-357.290229,-97.442813,-18.370660
1048576,1048640,2097280,0.106,222311,40,80,13108,13,1,-inf,,-2.237846,-inf,-inf
1048576,1048640,2097280,0.106,222311,40,80,13108,13,2,-inf,,-4.475692,-inf,-inf
1048576,1048640,2097280,0.106,222311,40,80,13108,13,3,-inf,,-6.713537,-inf,-inf
1048576,1048640,2097280,0.106,222311,40,80,13108,13,4,-inf,,-8.951381,-inf,-inf
1048576,1048640,2097280,0.106,222311,40,80,13108,13,5,-inf,,-11.189224,-inf,-inf
1048576,1048640,2097280,0.106,222311,40,80,13108,13,6,-inf,,-13.427067,-inf,-inf
1048576,1048640,2097280,0.106,222311,40,80,13108,13,7,-inf,,-15.664909,-inf,-inf
1048576,1048640,2097280,0.106,222311,40,80,13108,13,8,-inf,,-17.902750,-inf,-inf
1048576,1048640,2097280,0.106,222311,40,80,13108,13,9,-inf,,-20.140591,-inf,-inf
1048576,1048640,2097280,0.106,222311,40,80,13108,13,10,-inf,,-22.378431,-inf,-inf
1048576,1048640,2097280,0.106,222311,40,80,13108,13,11,-inf,,-24.616270,-inf,-inf
1048576,1048640,2097280,0.106,222311,40,80,13108,13,12,-inf,,-26.854109,-inf,-inf
1048576,1048640,2097280,0.106,222311,40,80,13108,13,13,0.366049,0.141400061521,-29.091946,-28.725897,-28.725897
1048576,1048640,2097280,0.106,222311,40,80,13108,13,14,3.188195,0.141400061521,-31.329784,-28.141589,-27.404361
1048576,1048640,2097280,0.106,222311,40,80,13108,13,15,6.010340,0.141400061521,-33.567620,-27.557280,-26.478795
1048576,1048640,2097280,0.106,222311,40,80,13108,13,16,8.832486,0.141400061521,-35.805456,-26.972970,-25.704826
1048576,1048640,2097280,0.106,222311,40,80,13108,13,17,11.654631,0.141400061521,-38.043291,-26.388660,-25.006600
1048576,1048640,2097280,0.106,222311,40,80,13108,13,18,14.476776,0.141400061521,-40.281125,-25.804349,-24.351023
1048576,1048640,2097280,0.106,222311,40,80,13108,13,19,17.298922,0.141400061521,-42.518958,-25.220037,-23.721064
1048576,1048640,2097280,0.106,222311,40,80,13108,13,20,20.121067,0.141400061521,-44.756791,-24.635724,-23.107090
1048576,1048640,2097280,0.106,222311,40,80,13108,13,21,22.943212,0.141400061521,-46.994623,-24.051411,-22.503328
1048576,1048640,2097280,0.106,222311,40,80,13108,13,22,25.765358,0.141400061521,-49.232455,-23.467097,-21.906187
1048576,1048640,2097280,0.106,222311,40,80,13108,13,23,28.587503,0.141400061521,-51.470285,-22.882782,-21.313381
1048576,1048640,2097280,0.106,222311,40,80,13108,13,24,31.249449,0.173712159159,-53.708115,-22.458666,-20.775240
1048576,1048640,2097280,0.106,222311,40,80,13108,13,25,33.741526,0.192539805332,-55.945944,-22.204419,-20.319651
1048576,1048640,2097280,0.106,222311,40,80,13108,13,26,36.118297,0.192539805332,-58.183773,-22.065476,-19.943179
1048576,1048640,2097280,0.106,222311,40,80,13108,13,27,38.492705,0.21340807009,-60.421601,-21.928896,-19.618383
1048576,1048640,2097280,0.106,222311,40,80,13108,13,28,40.721018,0.21340807009,-62.659428,-21.938410,-19.355032
1048576,1048640,2097280,0.106,222311,40,80,13108,13,29,42.949332,0.21340807009,-64.897254,-21.947923,-19.133769
1048576,1048640,2097280,0.106,222311,40,80,13108,13,30,45.082856,0.236538124161,-67.135080,-22.052224,-18.954553
1048576,1048640,2097280,0.106,222311,40,80,13108,13,31,47.162711,0.236538124161,-69.372905,-22.210194,-18.810896
1048576,1048640,2097280,0.106,222311,40,80,13108,13,32,49.228921,0.262175109676,-71.610729,-22.381808,-18.694333
1048576,1048640,2097280,0.106,222311,40,80,13108,13,33,51.160318,0.262175109676,-73.848553,-22.688234,-18.606510
1048576,1048640,2097280,0.106,222311,40,80,13108,13,34,53.091716,0.262175109676,-76.086375,-22.994659,-18.539206
1048576,1048640,2097280,0.106,222311,40,80,13108,13,35,54.970255,0.290590738289,-78.324197,-23.353942,-18.488834
1048576,1048640,2097280,0.106,222311,40,80,13108,13,36,56.753194,0.290590738289,-80.562019,-23.808824,-18.453163
1048576,1048640,2097280,0.106,222311,40,80,13108,13,37,58.536134,0.290590738289,-82.799839,-24.263705,-18.427684
1048576,1048640,2097280,0.106,222311,40,80,13108,13,38,60.319073,0.290590738289,-85.037659,-24.718586,-18.409375
1048576,1048640,2097280,0.106,222311,40,80,13108,13,39,62.075170,0.322086170895,-87.275478,-25.200308,-18.396405
1048576,1048640,2097280,0.106,222311,40,80,13108,13,40,63.709651,0.322086170895,-89.513297,-25.803645,-18.387930
1048576,1048640,2097280,0.106,222311,40,80,13108,13,41,65.344133,0.322086170895,-91.751114,-26.406982,-18.382380
1048576,1048640,2097280,0.106,222311,40,80,13108,13,42,66.978614,0.322086170895,-93.988931,-27.010317,-18.378737
1048576,1048640,2097280,0.106,222311,40,80,13108,13,43,68.613095,0.322086170895,-96.226747,-27.613652,-18.376345
1048576,1048640,2097280,0.106,222311,40,80,13108,13,44,70.247577,0.322086170895,-98.464563,-28.216986,-18.374772
1048576,1048640,2097280,0.106,222311,40,80,13108,13,45,71.882058,0.322086170895,-100.702377,-28.820319,-18.373738
1048576,1048640,2097280,0.106,222311,40,80,13108,13,46,73.516539,0.322086170895,-102.940191,-29.423652,-18.373058
1048576,1048640,2097280,0.106,222311,40,80,13108,13,47,75.151021,0.322086170895,-105.178005,-30.026984,-18.372610
1048576,1048640,2097280,0.106,222311,40,80,13108,13,48,76.785502,0.322086170895,-107.415817,-30.630315,-18.372316
1048576,1048640,2097280,0.106,222311,40,80,13108,13,49,78.419984,0.322086170895,-109.653629,-31.233645,-18.372122
1048576,1048640,2097280,0.106,222311,40,80,13108,13,50,80.054465,0.322086170895,-111.891440,-31.836975,-18.371994
1048576,1048640,2097280,0.106,222311,40,80,13108,13,51,81.688946,0.322086170895,-114.129250,-32.440303,-18.371910
1048576,1048640,2097280,0.106,222311,40,80,13108,13,52,83.323428,0.322086170895,-116.367059,-33.043631,-18.371855
1048576,1048640,2097280,0.106,222311,40,80,13108,13,53,84.957909,0.322086170895,-118.604868,-33.646959,-18.371819
1048576,1048640,2097280,0.106,222311,40,80,13108,13,54,86.592390,0.322086170895,-120.842676,-34.250285,-18.371795
1048576,1048640,2097280,0.106,222311,40,80,13108,13,55,88.226872,0.322086170895,-123.080483,-34.853611,-18.371779
1048576,1048640,2097280,0.106,222311,40,80,13108,13,56,89.861353,0.322086170895,-125.318289,-35.456936,-18.371769
1048576,1048640,2097280,0.106,222311,40,80,13108,13,57,91.495835,0.322086170895,-127.556094,-36.060260,-18.371762
1048576,1048640,2097280,0.106,222311,40,80,13108,13,58,93.130316,0.322086170895,-129.793899,-36.663583,-18.371757
1048576,1048640,2097280,0.106,222311,40,80,13108,13,59,94.764797,0.322086170895,-132.031702,-37.266905,-18.371754
1048576,1048640,2097280,0.106,222311,40,80,13108,13,60,96.399279,0.322086170895,-134.269505,-37.870227,-18.371752
1048576,1048640,2097280,0.106,222311,40,80,13108,13,61,98.033760,0.322086170895,-136.507307,-38.473547,-18.371751
1048576,1048640,2097280,0.106,222311,40,80,13108,13,62,99.668241,0.322086170895,-138.745108,-39.076867,-18.371750
1048576,1048640,2097280,0.106,222311,40,80,13108,13,63,101.302723,0.322086170895,-140.982909,-39.680186,-18.371750
1048576,1048640,2097280,0.106,222311,40,80,13108,13,64,102.937204,0.322086170895,-143.220708,-40.283504,-18.371749
1048576,1048640,2097280,0.106,222311,40,80,13108,13,65,104.571686,0.322086170895,-145.458506,-40.886821,-18.371749
1048576,1048640,2097280,0.106,222311,40,80,13108,13,66,106.206167,0.322086170895,-147.696303,-41.490136,-18.371749
1048576,1048640,2097280,0.106,222311,40,80,13108,13,67,107.840648,0.322086170895,-149.934100,-42.093451,-18.371749
1048576,1048640,2097280,0.106,222311,40,80,13108,13,68,109.475130,0.322086170895,-152.171895,-42.696765,-18.371749
1048576,1048640,2097280,0.106,222311,40,80,13108,13,69,111.109611,0.322086170895,-154.409689,-43.300078,-18.371749
1048576,1048640,2097280,0.106,222311,40,80,13108,13,70,112.744092,0.322086170895,-156.647482,-43.903389,-18.371749
1048576,1048640,2097280,0.106,222311,40,80,13108,13,71,114.378574,0.322086170895,-158.885274,-44.506700,-18.371749
1048576,1048640,2097280,0.106,222311,40,80,13108,13,72,116.013055,0.322086170895,-161.123064,-45.110009,-18.371749
1048576,1048640,2097280,0.106,222311,40,80,13108,13,73,117.647537,0.322086170895,-163.360853,-45.713316,-18.371749
1048576,1048640,2097280,0.106,222311,40,80,13108,13,74,119.282018,0.322086170895,-165.598641,-46.316623,-18.371749
1048576,1048640,2097280,0.106,222311,40,80,13108,13,75,120.916499,0.322086170895,-167.836427,-46.919928,-18.371749
1048576,1048640,2097280,0.106,222311,40,80,13108,13,76,122.550981,0.322086170895,-170.074211,-47.523231,-18.371749
1048576,1048640,2097280,0.106,222311,40,80,13108,13,77,124.185462,0.322086170895,-172.311994,-48.126532,-18.371749
1048576,1048640,2097280,0.106,222311,40,80,13108,13,78,125.819944,0.322086170895,-174.549775,-48.729832,-18.371749
1048576,1048640,2097280,0.106,222311,40,80,13108,13,79,127.454425,0.322086170895,-176.787554,-49.333130,-18.371749
1048576,1048640,2097280,0.106,222311,40,80,13108,13,80,129.088906,0.322086170895,-179.025331,-49.936425,-18.371749
1048576,1048640,2097280,0.106,222311,40,80,13108,13,81,130.723388,0.322086170895,-181.263106,-50.539718,-18.371749
1048576,1048640,2097280,0.106,222311,40,80,13108,13,82,132.357869,0.322086170895,-183.500878,-51.143009,-18.371749
1048576,1048640,2097280,0.106,222311,40,80,13108,13,83,133.992350,0.322086170895,-185.738648,-51.746297,-18.371749
1048576,1048640,2097280,0.106,222311,40,80,13108,13,84,135.626832,0.322086170895,-187.976414,-52.349582,-18.371749
1048576,1048640,2097280,0.106,222311,40,80,13108,13,85,137.261313,0.322086170895,-190.214177,-52.952864,-18.371749
1048576,1048640,2097280,0.106,222311,40,80,13108,13,86,138.895795,0.322086170895,-192.451937,-53.556143,-18.371749
1048576,1048640,2097280,0.106,222311,40,80,13108,13,87,140.530276,0.322086170895,-194.689693,-54.159417,-18.371749
1048576,1048640,2097280,0.106,222311,40,80,13108,13,88,142.164757,0.322086170895,-196.927445,-54.762688,-18.371749
1048576,1048640,2097280,0.106,222311,40,80,13108,13,89,143.799239,0.322086170895,-199.165192,-55.365953,-18.371749
1048576,1048640,2097280,0.106,222311,40,80,13108,13,90,145.433720,0.322086170895,-201.402934,-55.969214,-18.371749
1048576,1048640,2097280,0.106,222311,40,80,13108,13,91,147.068201,0.322086170895,-203.640670,-56.572469,-18.371749
1048576,1048640,2097280,0.106,222311,40,80,13108,13,92,148.702683,0.322086170895,-205.878400,-57.175717,-18.371749
1048576,1048640,2097280,0.106,222311,40,80,13108,13,93,150.337164,0.322086170895,-208.116123,-57.778958,-18.371749
1048576,1048640,2097280,0.106,222311,40,80,13108,13,94,151.971646,0.322086170895,-210.353838,-58.382192,-18.371749
1048576,1048640,2097280,0.106,222311,40,80,13108,13,95,153.606127,0.322086170895,-212.591544,-58.985417,-18.371749
1048576,1048640,2097280,0.106,222311,40,80,13108,13,96,155.240608,0.322086170895,-214.829241,-59.588633,-18.371749
1048576,1048640,2097280,0.106,222311,40,80,13108,13,97,156.875090,0.322086170895,-217.066928,-60.191838,-18.371749
1048576,1048640,2097280,0.106,222311,40,80,13108,13,98,158.509571,0.322086170895,-219.304602,-60.795031,-18.371749
1048576,1048640,2097280,0.106,222311,40,80,13108,13,99,160.144052,0.322086170895,-221.542264,-61.398211,-18.371749
1048576,1048640,2097280,0.106,222311,40,80,13108,13,100,161.778534,0.322086170895,-223.779911,-62.001377,-18.371749
1048576,1048640,2097280,0.106,222311,40,80,13108,13,101,163.413015,0.322086170895,-226.017541,-62.604526,-18.371749
1048576,1048640,2097280,0.106,222311,40,80,13108,13,102,165.047497,0.322086170895,-228.255154,-63.207657,-18.371749
1048576,1048640,2097280,0.106,222311,40,80,13108,13,103,166.681978,0.322086170895,-230.492746,-63.810768,-18.371749
1048576,1048640,2097280,0.106,222311,40,80,13108,13,104,168.316459,0.322086170895,-232.730316,-64.413856,-18.371749
1048576,1048640,2097280,0.106,222311,40,80,13108,13,105,169.950941,0.322086170895,-234.967860,-65.016919,-18.371749
1048576,1048640,2097280,0.106,222311,40,80,13108,13,106,171.585422,0.322086170895,-237.205376,-65.619954,-18.371749
1048576,1048640,2097280,0.106,222311,40,80,13108,13,107,173.219903,0.322086170895,-239.442861,-66.222958,-18.371749
1048576,1048640,2097280,0.106,222311,40,80,13108,13,108,174.854385,0.322086170895,-241.680311,-66.825926,-18.371749
1048576,1048640,2097280,0.106,222311,40,80,13108,13,109,176.488866,0.322086170895,-243.917722,-67.428856,-18.371749
1048576,1048640,2097280,0.106,222311,40,80,13108,13,110,178.123348,0.322086170895,-246.155089,-68.031742,-18.371749
1048576,1048640,2097280,0.106,222311,40,80,13108,13,111,179.757829,0.322086170895,-248.392408,-68.634579,-18.371749
1048576,1048640,2097280,0.106,222311,40,80,13108,13,112,181.392310,0.322086170895,-250.629672,-69.237361,-18.371749
1048576,1048640,2097280,0.106,222311,40,80,13108,13,113,183.026792,0.322086170895,-252.866875,-69.840083,-18.371749
1048576,1048640,2097280,0.106,222311,40,80,13108,13,114,184.661273,0.322086170895,-255.104010,-70.442737,-18.371749
1048576,1048640,2097280,0.106,222311,40,80,13108,13,115,186.295754,0.322086170895,-257.341070,-71.045316,-18.371749
1048576,1048640,2097280,0.106,222311,40,80,13108,13,116,187.930236,0.322086170895,-259.578045,-71.647810,-18.371749
1048576,1048640,2097280,0.106,222311,40,80,13108,13,117,189.564717,0.322086170895,-261.814926,-72.250209,-18.371749
1048576,1048640,2097280,0.106,222311,40,80,13108,13,118,191.199199,0.322086170895,-264.051702,-72.852504,-18.371749
1048576,1048640,2097280,0.106,222311,40,80,13108,13,119,192.833680,0.322086170895,-266.288360,-73.454681,-18.371749
1048576,1048640,2097280,0.106,222311,40,80,13108,13,120,194.468161,0.322086170895,-268.524888,-74.056727,-18.371749
1048576,1048640,2097280,0.106,222311,40,80,13108,13,121,196.102643,0.322086170895,-270.761269,-74.658627,-18.371749
1048576,1048640,2097280,0.106,222311,40,80,13108,13,122,197.737124,0.322086170895,-272.997488,-75.260364,-18.371749
1048576,1048640,2097280,0.106,222311,40,80,13108,13,123,199.371605,0.322086170895,-275.233525,-75.861919,-18.371749
1048576,1048640,2097280,0.106,222311,40,80,13108,13,124,201.006087,0.322086170895,-277.469359,-76.463272,-18.371749
1048576,1048640,2097280,0.106,222311,40,80,13108,13,125,202.640568,0.322086170895,-279.704968,-77.064400,-18.371749
1048576,1048640,2097280,0.106,222311,40,80,13108,13,126,204.275050,0.322086170895,-281.940327,-77.665277,-18.371749
1048576,1048640,2097280,0.106,222311,40,80,13108,13,127,205.909531,0.322086170895,-284.175406,-78.265875,-18.371749
1048576,1048640,2097280,0.106,222311,40,80,13108,13,128,207.544012,0.322086170895,-286.410174,-78.866162,-18.371749
1048576,1048640,2097280,0.106,222311,40,80,13108,13,129,209.178494,0.322086170895,-288.644596,-79.466103,-18.371749
1048576,1048640,2097280,0.106,222311,40,80,13108,13,130,210.812975,0.322086170895,-290.878635,-80.065660,-18.371749
1048576,1048640,2097280,0.106,222311,40,80,13108,13,131,212.447456,0.322086170895,-293.112246,-80.664790,-18.371749
1048576,1048640,2097280,0.106,222311,40,80,13108,13,132,214.081938,0.322086170895,-295.345384,-81.263447,-18.371749
1048576,1048640,2097280,0.106,222311,40,80,13108,13,133,215.716419,0.322086170895,-297.577997,-81.861578,-18.371749
1048576,1048640,2097280,0.106,222311,40,80,13108,13,134,217.350901,0.322086170895,-299.810027,-82.459127,-18.371749
1048576,1048640,2097280,0.106,222311,40,80,13108,13,135,218.985382,0.322086170895,-302.041413,-83.056031,-18.371749
1048576,1048640,2097280,0.106,222311,40,80,13108,13,136,220.619863,0.322086170895,-304.272084,-83.652221,-18.371749
1048576,1048640,2097280,0.106,222311,40,80,13108,13,137,222.254345,0.322086170895,-306.501968,-84.247623,-18.371749
1048576,1048640,2097280,0.106,222311,40,80,13108,13,138,223.888826,0.322086170895,-308.730981,-84.842155,-18.371749
1048576,1048640,2097280,0.106,222311,40,80,13108,13,139,225.523307,0.322086170895,-310.959035,-85.435728,-18.371749
1048576,1048640,2097280,0.106,222311,40,80,13108,13,140,227.157789,0.322086170895,-313.186033,-86.028244,-18.371749
1048576,1048640,2097280,0.106,222311,40,80,13108,13,141,228.792270,0.322086170895,-315.411870,-86.619599,-18.371749
1048576,1048640,2097280,0.106,222311,40,80,13108,13,142,230.426752,0.322086170895,-317.636433,-87.209681,-18.371749
1048576,1048640,2097280,0.106,222311,40,80,13108,13,143,232.061233,0.322086170895,-319.859600,-87.798367,-18.371749
1048576,1048640,2097280,0.106,222311,40,80,13108,13,144,233.695714,0.322086170895,-322.081243,-88.385529,-18.371749
1048576,1048640,2097280,0.106,222311,40,80,13108,13,145,235.330196,0.322086170895,-324.301223,-88.971027,-18.371749
1048576,1048640,2097280,0.106,222311,40,80,13108,13,146,236.964677,0.322086170895,-326.519393,-89.554716,-18.371749
1048576,1048640,2097280,0.106,222311,40,80,13108,13,147,238.599158,0.322086170895,-328.735598,-90.136440,-18.371749
1048576,1048640,2097280,0.106,222311,40,80,13108,13,148,240.233640,0.322086170895,-330.949679,-90.716039,-18.371749
1048576,1048640,2097280,0.106,222311,40,80,13108,13,149,241.868121,0.322086170895,-333.161466,-91.293344,-18.371749
1048576,1048640,2097280,0.106,222311,40,80,13108,13,150,243.502603,0.322086170895,-335.370786,-91.868184,-18.371749
1048576,1048640,2097280,0.106,222311,40,80,13108,13,151,245.137084,0.322086170895,-337.577464,-92.440380,-18.371749
1048576,1048640,2097280,0.106,222311,40,80,13108,13,152,246.771565,0.322086170895,-339.781320,-93.009754,-18.371749
1048576,1048640,2097280,0.106,222311,40,80,13108,13,153,248.406047,0.322086170895,-341.982175,-93.576128,-18.371749
1048576,1048640,2097280,0.106,222311,40,80,13108,13,154,250.040528,0.322086170895,-344.179852,-94.139324,-18.371749
1048576,1048640,2097280,0.106,222311,40,80,13108,13,155,251.675009,0.322086170895,-346.374180,-94.699171,-18.371749
1048576,1048640,2097280,0.106,222311,40,80,13108,13,156,253.309491,0.322086170895,-348.564994,-95.255504,-18.371749
1048576,1048640,2097280,0.106,222311,40,80,13108,13,157,254.943972,0.322086170895,-350.752140,-95.808168,-18.371749
1048576,1048640,2097280,0.106,222311,40,80,13108,13,158,256.578454,0.322086170895,-352.935475,-96.357021,-18.371749
1048576,1048640,2097280,0.106,222311,40,80,13108,13,159,258.212935,0.322086170895,-355.114874,-96.901939,-18.371749
1048576,1048640,2097280,0.106,222311,40,80,13108,13,160,259.847416,0.322086170895,-357.290229,-97.442813,-18.371749
1048576,1048640,2097280,0.106,222311,40,80,13108,14,1,-inf,,-2.237846,-inf,-inf
1048576,1048640,2097280,0.106,222311,40,80,13108,14,2,-inf,,-4.475692,-inf,-inf
1048576,1048640,2097280,0.106,222311,40,80,13108,14,3,-inf,,-6.713537,-inf,-inf
1048576,1048640,2097280,0.106,222311,40,80,13108,14,4,-inf,,-8.951381,-inf,-inf
1048576,1048640,2097280,0.106,222311,40,80,13108,14,5,-inf,,-11.189224,-inf,-inf
1048576,1048640,2097280,0.106,222311,40,80,13108,14,6,-inf,,-13.427067,-inf,-inf
1048576,1048640,2097280,0.106,222311,40,80,13108,14,7,-inf,,-15.664909,-inf,-inf
1048576,1048640,2097280,0.106,222311,40,80,13108,14,8,-inf,,-17.902750,-inf,-inf
1048576,1048640,2097280,0.106,222311,40,80,13108,14,9,-inf,,-20.140591,-inf,-inf
1048576,1048640,2097280,0.106,222311,40,80,13108,14,10,-inf,,-22.378431,-inf,-inf
1048576,1048640,2097280,0.106,222311,40,80,13108,14,11,-inf,,-24.616270,-inf,-inf
1048576,1048640,2097280,0.106,222311,40,80,13108,14,12,-inf,,-26.854109,-inf,-inf
1048576,1048640,2097280,0.106,222311,40,80,13108,14,13,-inf,,-29.091946,-inf,-inf
1048576,1048640,2097280,0.106,222311,40,80,13108,14,14,3.188195,0.141400061521,-31.329784,-28.141589,-28.141589
1048576,1048640,2097280,0.106,222311,40,80,13108,14,15,6.010340,0.141400061521,-33.567620,-27.557280,-26.820053
1048576,1048640,2097280,0.106,222311,40,80,13108,14,16,8.832486,0.141400061521,-35.805456,-26.972970,-25.894486
1048576,1048640,2097280,0.106,222311,40,80,13108,14,17,11.654631,0.141400061521,-38.043291,-26.388660,-25.120517
1048576,1048640,2097280,0.106,222311,40,80,13108,14,18,14.476776,0.141400061521,-40.281125,-25.804349,-24.422290
1048576,1048640,2097280,0.106,222311,40,80,13108,14,19,17.298922,0.141400061521,-42.518958,-25.220037,-23.766712
1048576,1048640,2097280,0.106,222311,40,80,13108,14,20,20.121067,0.141400061521,-44.756791,-24.635724,-23.136752
1048576,1048640,2097280,0.106,222311,40,80,13108,14,21,22.943212,0.141400061521,-46.994623,-24.051411,-22.522778
1048576,1048640,2097280,0.106,222311,40,80,13108,14,22,25.765358,0.141400061521,-49.232455,-23.467097,-21.919015
1048576,1048640,2097280,0.106,222311,40,80,13108,14,23,28.587503,0.141400061521,-51.470285,-22.882782,-21.321874
1048576,1048640,2097280,0.106,222311,40,80,13108,14,24,31.243666,0.173712159159,-53.708115,-22.464449,-20.782888
1048576,1048640,2097280,0.106,222311,40,80,13108,14,25,33.739721,0.192539805332,-55.945944,-22.206223,-20.325715
1048576,1048640,2097280,0.106,222311,40,80,13108,14,26,36.116493,0.192539805332,-58.183773,-22.067280,-19.948264
1048576,1048640,2097280,0.106,222311,40,80,13108,14,27,38.492270,0.21340807009,-60.421601,-21.929331,-19.622529
1048576,1048640,2097280,0.106,222311,40,80,13108,14,28,40.720583,0.21340807009,-62.659428,-21.938844,-19.358558
1048576,1048640,2097280,0.106,222311,40,80,13108,14,29,42.948897,0.21340807009,-64.897254,-21.948357,-19.136855
1048576,1048640,2097280,0.106,222311,40,80,13108,14,30,45.082775,0.236538124161,-67.135080,-22.052305,-18.957287
1048576,1048640,2097280,0.106,222311,40,80,13108,14,31,47.162630,0.236538124161,-69.372905,-22.210274,-18.813378
1048576,1048640,2097280,0.106,222311,40,80,13108,14,32,49.228909,0.262175109676,-71.610729,-22.381820,-18.696624
1048576,1048640,2097280,0.106,222311,40,80,13108,14,33,51.160307,0.262175109676,-73.848553,-22.688246,-18.608667
1048576,1048640,2097280,0.106,222311,40,80,13108,14,34,53.091704,0.262175109676,-76.086375,-22.994671,-18.541265
1048576,1048640,2097280,0.106,222311,40,80,13108,14,35,54.970254,0.290590738289,-78.324197,-23.353944,-18.490822
1048576,1048640,2097280,0.106,222311,40,80,13108,14,36,56.753193,0.290590738289,-80.562019,-23.808826,-18.455102
1048576,1048640,2097280,0.106,222311,40,80,13108,14,37,58.536132,0.290590738289,-82.799839,-24.263707,-18.429589
1048576,1048640,2097280,0.106,222311,40,80,13108,14,38,60.319072,0.290590738289,-85.037659,-24.718587,-18.411256
1048576,1048640,2097280,0.106,222311,40,80,13108,14,39,62.075170,0.322086170895,-87.275478,-25.200308,-18.398269
1048576,1048640,2097280,0.106,222311,40,80,13108,14,40,63.709651,0.322086170895,-89.513297,-25.803645,-18.389784
1048576,1048640,2097280,0.106,222311,40,80,13108,14,41,65.344132,0.322086170895,-91.751114,-26.406982,-18.384226
1048576,1048640,2097280,0.106,222311,40,80,13108,14,42,66.978614,0.322086170895,-93.988931,-27.010317,-18.380579
1048576,1048640,2097280,0.106,222311,40,80,13108,14,43,68.613095,0.322086170895,-96.226747,-27.613652,-18.378184
1048576,1048640,2097280,0.106,222311,40,80,13108,14,44,70.247577,0.322086170895,-98.464563,-28.216986,-18.376609
1048576,1048640,2097280,0.106,222311,40,80,13108,14,45,71.882058,0.322086170895,-100.702377,-28.820319,-18.375574
1048576,1048640,2097280,0.106,222311,40,80,13108,14,46,73.516539,0.322086170895,-102.940191,-29.423652,-18.374892
1048576,1048640,2097280,0.106,222311,40,80,13108,14,47,75.151021,0.322086170895,-105.178005,-30.026984,-18.374444
1048576,1048640,2097280,0.106,222311,40,80,13108,14,48,76.785502,0.322086170895,-107.415817,-30.630315,-18.374149
1048576,1048640,2097280,0.106,222311,40,80,13108,14,49,78.419983,0.322086170895,-109.653629,-31.233645,-18.373955
1048576,1048640,2097280,0.106,222311,40,80,13108,14,50,80.054465,0.322086170895,-111.891440,-31.836975,-18.373827
1048576,1048640,2097280,0.106,222311,40,80,13108,14,51,81.688946,0.322086170895,-114.129250,-32.440304,-18.373743
1048576,1048640,2097280,0.106,222311,40,80,13108,14,52,83.323428,0.322086170895,-116.367059,-33.043632,-18.373688
1048576,1048640,2097280,0.106,222311,40,80,13108,14,53,84.957909,0.322086170895,-118.604868,-33.646959,-18.373652
1048576,1048640,2097280,0.106,222311,40,80,13108,14,54,86.592390,0.322086170895,-120.842676,-34.250285,-18.373628
1048576,1048640,2097280,0.106,222311,40,80,13108,14,55,88.226872,0.322086170895,-123.080483,-34.853611,-18.373612
1048576,1048640,2097280,0.106,222311,40,80,13108,14,56,89.861353,0.322086170895,-125.318289,-35.456936,-18.373601
1048576,1048640,2097280,0.106,222311,40,80,13108,14,57,91.495834,0.322086170895,-127.556094,-36.060260,-18.373595
1048576,1048640,2097280,0.106,222311,40,80,13108,14,58,93.130316,0.322086170895,-129.793899,-36.663583,-18.373590
1048576,1048640,2097280,0.106,222311,40,80,13108,14,59,94.764797,0.322086170895,-132.031702,-37.266905,-18.373587
1048576,1048640,2097280,0.106,222311,40,80,13108,14,60,96.399279,0.322086170895,-134.269505,-37.870227,-18.373585
1048576,1048640,2097280,0.106,222311,40,80,13108,14,61,98.033760,0.322086170895,-136.507307,-38.473547,-18.373584
1048576,1048640,2097280,0.106,222311,40,80,13108,14,62,99.668241,0.322086170895,-138.745108,-39.076867,-18.373583
1048576,1048640,2097280,0.106,222311,40,80,13108,14,63,101.302723,0.322086170895,-140.982909,-39.680186,-18.373582
1048576,1048640,2097280,0.106,222311,40,80,13108,14,64,102.937204,0.322086170895,-143.220708,-40.283504,-18.373582
1048576,1048640,2097280,0.106,222311,40,80,13108,14,65,104.571685,0.322086170895,-145.458506,-40.886821,-18.373582
1048576,1048640,2097280,0.106,222311,40,80,13108,14,66,106.206167,0.322086170895,-147.696303,-41.490137,-18.373582
1048576,1048640,2097280,0.106,222311,40,80,13108,14,67,107.840648,0.322086170895,-149.934100,-42.093451,-18.373582
1048576,1048640,2097280,0.106,222311,40,80,13108,14,68,109.475130,0.322086170895,-152.171895,-42.696765,-18.373581
1048576,1048640,2097280,0.106,222311,40,80,13108,14,69,111.109611,0.322086170895,-154.409689,-43.300078,-18.373581
1048576,1048640,2097280,0.106,222311,40,80,13108,14,70,112.744092,0.322086170895,-156.647482,-43.903389,-18.373581
1048576,1048640,2097280,0.106,222311,40,80,13108,14,71,114.378574,0.322086170895,-158.885274,-44.506700,-18.373581
1048576,1048640,2097280,0.106,222311,40,80,13108,14,72,116.013055,0.322086170895,-161.123064,-45.110009,-18.373581
1048576,1048640,2097280,0.106,222311,40,80,13108,14,73,117.647537,0.322086170895,-163.360853,-45.713317,-18.373581
1048576,1048640,2097280,0.106,222311,40,80,13108,14,74,119.282018,0.322086170895,-165.598641,-46.316623,-18.373581
1048576,1048640,2097280,0.106,222311,40,80,13108,14,75,120.916499,0.322086170895,-167.836427,-46.919928,-18.373581
1048576,1048640,2097280,0.106,222311,40,80,13108,14,76,122.550981,0.322086170895,-170.074211,-47.523231,-18.373581
1048576,1048640,2097280,0.106,222311,40,80,13108,14,77,124.185462,0.322086170895,-172.311994,-48.126532,-18.373581
1048576,1048640,2097280,0.106,222311,40,80,13108,14,78,125.819943,0.322086170895,-174.549775,-48.729832,-18.373581
1048576,1048640,2097280,0.106,222311,40,80,13108,14,79,127.454425,0.322086170895,-176.787554,-49.333130,-18.373581
1048576,1048640,2097280,0.106,222311,40,80,13108,14,80,129.088906,0.322086170895,-179.025331,-49.936425,-18.373581
1048576,1048640,2097280,0.106,222311,40,80,13108,14,81,130.723388,0.322086170895,-181.263106,-50.539719,-18.373581
1048576,1048640,2097280,0.106,222311,40,80,13108,14,82,132.357869,0.322086170895,-183.500878,-51.143009,-18.373581
1048576,1048640,2097280,0.106,222311,40,80,13108,14,83,133.992350,0.322086170895,-185.738648,-51.746297,-18.373581
1048576,1048640,2097280,0.106,222311,40,80,13108,14,84,135.626832,0.322086170895,-187.976414,-52.349583,-18.373581
1048576,1048640,2097280,0.106,222311,40,80,13108,14,85,137.261313,0.322086170895,-190.214177,-52.952864,-18.373581
1048576,1048640,2097280,0.106,222311,40,80,13108,14,86,138.895794,0.322086170895,-192.451937,-53.556143,-18.373581
1048576,1048640,2097280,0.106,222311,40,80,13108,14,87,140.530276,0.322086170895,-194.689693,-54.159417,-18.373581
1048576,1048640,2097280,0.106,222311,40,80,13108,14,88,142.164757,0.322086170895,-196.927445,-54.762688,-18.373581
1048576,1048640,2097280,0.106,222311,40,80,13108,14,89,143.799239,0.322086170895,-199.165192,-55.365953,-18.373581
1048576,1048640,2097280,0.106,222311,40,80,13108,14,90,145.433720,0.322086170895,-201.402934,-55.969214,-18.373581
1048576,1048640,2097280,0.106,222311,40,80,13108,14,91,147.068201,0.322086170895,-203.640670,-56.572469,-18.373581
1048576,1048640,2097280,0.106,222311,40,80,13108,14,92,148.702683,0.322086170895,-205.878400,-57.175717,-18.373581
1048576,1048640,2097280,0.106,222311,40,80,13108,14,93,150.337164,0.322086170895,-208.116123,-57.778959,-18.373581
1048576,1048640,2097280,0.106,222311,40,80,13108,14,94,151.971645,0.322086170895,-210.353838,-58.382192,-18.373581
1048576,1048640,2097280,0.106,222311,40,80,13108,14,95,153.606127,0.322086170895,-212.591544,-58.985418,-18.373581
1048576,1048640,2097280,0.106,222311,40,80,13108,14,96,155.240608,0.322086170895,-214.829241,-59.588633,-18.373581
1048576,1048640,2097280,0.106,222311,40,80,13108,14,97,156.875090,0.322086170895,-217.066928,-60.191838,-18.373581
1048576,1048640,2097280,0.106,222311,40,80,13108,14,98,158.509571,0.322086170895,-219.304602,-60.795031,-18.373581
1048576,1048640,2097280,0.106,222311,40,80,13108,14,99,160.144052,0.322086170895,-221.542264,-61.398212,-18.373581
1048576,1048640,2097280,0.106,222311,40,80,13108,14,100,161.778534,0.322086170895,-223.779911,-62.001377,-18.373581
1048576,1048640,2097280,0.106,222311,40,80,13108,14,101,163.413015,0.322086170895,-226.017541,-62.604526,-18.373581
1048576,1048640,2097280,0.106,222311,40,80,13108,14,102,165.047496,0.322086170895,-228.255154,-63.207657,-18.373581
1048576,1048640,2097280,0.106,222311,40,80,13108,14,103,166.681978,0.322086170895,-230.492746,-63.810768,-18.373581
1048576,1048640,2097280,0.106,222311,40,80,13108,14,104,168.316459,0.322086170895,-232.730316,-64.413856,-18.373581
1048576,1048640,2097280,0.106,222311,40,80,13108,14,105,169.950941,0.322086170895,-234.967860,-65.016919,-18.373581
1048576,1048640,2097280,0.106,222311,40,80,13108,14,106,171.585422,0.322086170895,-237.205376,-65.619954,-18.373581
1048576,1048640,2097280,0.106,222311,40,80,13108,14,107,173.219903,0.322086170895,-239.442861,-66.222958,-18.373581
1048576,1048640,2097280,0.106,222311,40,80,13108,14,108,174.854385,0.322086170895,-241.680311,-66.825926,-18.373581
1048576,1048640,2097280,0.106,222311,40,80,13108,14,109,176.488866,0.322086170895,-243.917722,-67.428856,-18.373581
1048576,1048640,2097280,0.106,222311,40,80,13108,14,110,178.123347,0.322086170895,-246.155089,-68.031742,-18.373581
1048576,1048640,2097280,0.106,222311,40,80,13108,14,111,179.757829,0.322086170895,-248.392408,-68.634579,-18.373581
1048576,1048640,2097280,0.106,222311,40,80,13108,14,112,181.392310,0.322086170895,-250.629672,-69.237361,-18.373581
1048576,1048640,2097280,0.106,222311,40,80,13108,14,113,183.026792,0.322086170895,-252.866875,-69.840083,-18.373581
1048576,1048640,2097280,0.106,222311,40,80,13108,14,114,184.661273,0.322086170895,-255.104010,-70.442737,-18.373581
1048576,1048640,2097280,0.106,222311,40,80,13108,14,115,186.295754,0.322086170895,-257.341070,-71.045316,-18.373581
1048576,1048640,2097280,0.106,222311,40,80,13108,14,116,187.930236,0.322086170895,-259.578045,-71.647810,-18.373581
1048576,1048640,2097280,0.106,222311,40,80,13108,14,117,189.564717,0.322086170895,-261.814926,-72.250209,-18.373581
1048576,1048640,2097280,0.106,222311,40,80,13108,14,118,191.199198,0.322086170895,-264.051702,-72.852504,-18.373581
1048576,1048640,2097280,0.106,222311,40,80,13108,14,119,192.833680,0.322086170895,-266.288360,-73.454681,-18.373581
1048576,1048640,2097280,0.106,222311,40,80,13108,14,120,194.468161,0.322086170895,-268.524888,-74.056727,-18.373581
1048576,1048640,2097280,0.106,222311,40,80,13108,14,121,196.102643,0.322086170895,-270.761269,-74.658627,-18.373581
1048576,1048640,2097280,0.106,222311,40,80,13108,14,122,197.737124,0.322086170895,-272.997488,-75.260364,-18.373581
1048576,1048640,2097280,0.106,222311,40,80,13108,14,123,199.371605,0.322086170895,-275.233525,-75.861919,-18.373581
1048576,1048640,2097280,0.106,222311,40,80,13108,14,124,201.006087,0.322086170895,-277.469359,-76.463273,-18.373581
1048576,1048640,2097280,0.106,222311,40,80,13108,14,125,202.640568,0.322086170895,-279.704968,-77.064400,-18.373581
1048576,1048640,2097280,0.106,222311,40,80,13108,14,126,204.275049,0.322086170895,-281.940327,-77.665277,-18.373581
1048576,1048640,2097280,0.106,222311,40,80,13108,14,127,205.909531,0.322086170895,-284.175406,-78.265875,-18.373581
1048576,1048640,2097280,0.106,222311,40,80,13108,14,128,207.544012,0.322086170895,-286.410174,-78.866162,-18.373581
1048576,1048640,2097280,0.106,222311,40,80,13108,14,129,209.178494,0.322086170895,-288.644596,-79.466103,-18.373581
1048576,1048640,2097280,0.106,222311,40,80,13108,14,130,210.812975,0.322086170895,-290.878635,-80.065660,-18.373581
1048576,1048640,2097280,0.106,222311,40,80,13108,14,131,212.447456,0.322086170895,-293.112246,-80.664790,-18.373581
1048576,1048640,2097280,0.106,222311,40,80,13108,14,132,214.081938,0.322086170895,-295.345384,-81.263447,-18.373581
1048576,1048640,2097280,0.106,222311,40,80,13108,14,133,215.716419,0.322086170895,-297.577997,-81.861578,-18.373581
1048576,1048640,2097280,0.106,222311,40,80,13108,14,134,217.350900,0.322086170895,-299.810027,-82.459127,-18.373581
1048576,1048640,2097280,0.106,222311,40,80,13108,14,135,218.985382,0.322086170895,-302.041413,-83.056031,-18.373581
1048576,1048640,2097280,0.106,222311,40,80,13108,14,136,220.619863,0.322086170895,-304.272084,-83.652221,-18.373581
1048576,1048640,2097280,0.106,222311,40,80,13108,14,137,222.254345,0.322086170895,-306.501968,-84.247623,-18.373581
1048576,1048640,2097280,0.106,222311,40,80,13108,14,138,223.888826,0.322086170895,-308.730981,-84.842155,-18.373581
1048576,1048640,2097280,0.106,222311,40,80,13108,14,139,225.523307,0.322086170895,-310.959035,-85.435728,-18.373581
1048576,1048640,2097280,0.106,222311,40,80,13108,14,140,227.157789,0.322086170895,-313.186033,-86.028244,-18.373581
1048576,1048640,2097280,0.106,222311,40,80,13108,14,141,228.792270,0.322086170895,-315.411870,-86.619599,-18.373581
1048576,1048640,2097280,0.106,222311,40,80,13108,14,142,230.426751,0.322086170895,-317.636433,-87.209681,-18.373581
1048576,1048640,2097280,0.106,222311,40,80,13108,14,143,232.061233,0.322086170895,-319.859600,-87.798368,-18.373581
1048576,1048640,2097280,0.106,222311,40,80,13108,14,144,233.695714,0.322086170895,-322.081243,-88.385529,-18.373581
1048576,1048640,2097280,0.106,222311,40,80,13108,14,145,235.330196,0.322086170895,-324.301223,-88.971027,-18.373581
1048576,1048640,2097280,0.106,222311,40,80,13108,14,146,236.964677,0.322086170895,-326.519393,-89.554716,-18.373581
1048576,1048640,2097280,0.106,222311,40,80,13108,14,147,238.599158,0.322086170895,-328.735598,-90.136440,-18.373581
1048576,1048640,2097280,0.106,222311,40,80,13108,14,148,240.233640,0.322086170895,-330.949679,-90.716039,-18.373581
1048576,1048640,2097280,0.106,222311,40,80,13108,14,149,241.868121,0.322086170895,-333.161466,-91.293344,-18.373581
1048576,1048640,2097280,0.106,222311,40,80,13108,14,150,243.502602,0.322086170895,-335.370786,-91.868184,-18.373581
1048576,1048640,2097280,0.106,222311,40,80,13108,14,151,245.137084,0.322086170895,-337.577464,-92.440380,-18.373581
1048576,1048640,2097280,0.106,222311,40,80,13108,14,152,246.771565,0.322086170895,-339.781320,-93.009754,-18.373581
1048576,1048640,2097280,0.106,222311,40,80,13108,14,153,248.406047,0.322086170895,-341.982175,-93.576128,-18.373581
1048576,1048640,2097280,0.106,222311,40,80,13108,14,154,250.040528,0.322086170895,-344.179852,-94.139324,-18.373581
1048576,1048640,2097280,0.106,222311,40,80,13108,14,155,251.675009,0.322086170895,-346.374180,-94.699171,-18.373581
1048576,1048640,2097280,0.106,222311,40,80,13108,14,156,253.309491,0.322086170895,-348.564994,-95.255504,-18.373581
1048576,1048640,2097280,0.106,222311,40,80,13108,14,157,254.943972,0.322086170895,-350.752140,-95.808168,-18.373581
1048576,1048640,2097280,0.106,222311,40,80,13108,14,158,256.578454,0.322086170895,-352.935475,-96.357021,-18.373581
1048576,1048640,2097280,0.106,222311,40,80,13108,14,159,258.212935,0.322086170895,-355.114874,-96.901939,-18.373581
1048576,1048640,2097280,0.106,222311,40,80,13108,14,160,259.847416,0.322086170895,-357.290229,-97.442813,-18.373581
1048576,1048640,2097280,0.106,222311,40,80,13108,15,1,-inf,,-2.237846,-inf,-inf
1048576,1048640,2097280,0.106,222311,40,80,13108,15,2,-inf,,-4.475692,-inf,-inf
1048576,1048640,2097280,0.106,222311,40,80,13108,15,3,-inf,,-6.713537,-inf,-inf
1048576,1048640,2097280,0.106,222311,40,80,13108,15,4,-inf,,-8.951381,-inf,-inf
1048576,1048640,2097280,0.106,222311,40,80,13108,15,5,-inf,,-11.189224,-inf,-inf
1048576,1048640,2097280,0.106,222311,40,80,13108,15,6,-inf,,-13.427067,-inf,-inf
1048576,1048640,2097280,0.106,222311,40,80,13108,15,7,-inf,,-15.664909,-inf,-inf
1048576,1048640,2097280,0.106,222311,40,80,13108,15,8,-inf,,-17.902750,-inf,-inf
1048576,1048640,2097280,0.106,222311,40,80,13108,15,9,-inf,,-20.140591,-inf,-inf
1048576,1048640,2097280,0.106,222311,40,80,13108,15,10,-inf,,-22.378431,-inf,-inf
1048576,1048640,2097280,0.106,222311,40,80,13108,15,11,-inf,,-24.616270,-inf,-inf
1048576,1048640,2097280,0.106,222311,40,80,13108,15,12,-inf,,-26.854109,-inf,-inf
1048576,1048640,2097280,0.106,222311,40,80,13108,15,13,-inf,,-29.091946,-inf,-inf
1048576,1048640,2097280,0.106,222311,40,80,13108,15,14,-inf,,-31.329784,-inf,-inf
1048576,1048640,2097280,0.106,222311,40,80,13108,15,15,6.010340,0.141400061521,-33.567620,-27.557280,-27.557280
1048576,1048640,2097280,0.106,222311,40,80,13108,15,16,8.832486,0.141400061521,-35.805456,-26.972970,-26.235743
1048576,1048640,2097280,0.106,222311,40,80,13108,15,17,11.654631,0.141400061521,-38.043291,-26.388660,-25.310176
1048576,1048640,2097280,0.106,222311,40,80,13108,15,18,14.476776,0.141400061521,-40.281125,-25.804349,-24.536206
1048576,1048640,2097280,0.106,222311,40,80,13108,15,19,17.298922,0.141400061521,-42.518958,-25.220037,-23.837979
1048576,1048640,2097280,0.106,222311,40,80,13108,15,20,20.121067,0.141400061521,-44.756791,-24.635724,-23.182400
1048576,1048640,2097280,0.106,222311,40,80,13108,15,21,22.943212,0.141400061521,-46.994623,-24.051411,-22.552440
1048576,1048640,2097280,0.106,222311,40,80,13108,15,22,25.765358,0.141400061521,-49.232455,-23.467097,-21.938465
1048576,1048640,2097280,0.106,222311,40,80,13108,15,23,28.587503,0.141400061521,-51.470285,-22.882782,-21.334702
1048576,1048640,2097280,0.106,222311,40,80,13108,15,24,31.232032,0.173712159159,-53.708115,-22.476084,-20.795344
1048576,1048640,2097280,0.106,222311,40,80,13108,15,25,33.736106,0.192539805332,-55.945944,-22.209838,-20.335765
1048576,1048640,2097280,0.106,222311,40,80,13108,15,26,36.112877,0.192539805332,-58.183773,-22.070896,-19.956829
1048576,1048640,2097280,0.106,222311,40,80,13108,15,27,38.489649,0.192539805332,-60.421601,-21.931952,-19.629891
1048576,1048640,2097280,0.106,222311,40,80,13108,15,28,40.719601,0.21340807009,-62.659428,-21.939827,-19.364851
1048576,1048640,2097280,0.106,222311,40,80,13108,15,29,42.947914,0.21340807009,-64.897254,-21.949340,-19.142391
1048576,1048640,2097280,0.106,222311,40,80,13108,15,30,45.082574,0.236538124161,-67.135080,-22.052506,-18.962198
1048576,1048640,2097280,0.106,222311,40,80,13108,15,31,47.162429,0.236538124161,-69.372905,-22.210475,-18.817841
1048576,1048640,2097280,0.106,222311,40,80,13108,15,32,49.228878,0.262175109676,-71.610729,-22.381851,-18.700741
1048576,1048640,2097280,0.106,222311,40,80,13108,15,33,51.160275,0.262175109676,-73.848553,-22.688278,-18.612542
1048576,1048640,2097280,0.106,222311,40,80,13108,15,34,53.091672,0.262175109676,-76.086375,-22.994703,-18.544965
1048576,1048640,2097280,0.106,222311,40,80,13108,15,35,54.970250,0.290590738289,-78.324197,-23.353947,-18.494395
1048576,1048640,2097280,0.106,222311,40,80,13108,15,36,56.753189,0.290590738289,-80.562019,-23.808829,-18.458588
1048576,1048640,2097280,0.106,222311,40,80,13108,15,37,58.536129,0.290590738289,-82.799839,-24.263711,-18.433014
1048576,1048640,2097280,0.106,222311,40,80,13108,15,38,60.319068,0.290590738289,-85.037659,-24.718591,-18.414637
1048576,1048640,2097280,0.106,222311,40,80,13108,15,39,62.075169,0.322086170895,-87.275478,-25.200309,-18.401620
1048576,1048640,2097280,0.106,222311,40,80,13108,15,40,63.709651,0.322086170895,-89.513297,-25.803646,-18.393115
1048576,1048640,2097280,0.106,222311,40,80,13108,15,41,65.344132,0.322086170895,-91.751114,-26.406982,-18.387544
1048576,1048640,2097280,0.106,222311,40,80,13108,15,42,66.978613,0.322086170895,-93.988931,-27.010318,-18.383889
1048576,1048640,2097280,0.106,222311,40,80,13108,15,43,68.613095,0.322086170895,-96.226747,-27.613652,-18.381488
1048576,1048640,2097280,0.106,222311,40,80,13108,15,44,70.247576,0.322086170895,-98.464563,-28.216987,-18.379910
1048576,1048640,2097280,0.106,222311,40,80,13108,15,45,71.882058,0.322086170895,-100.702377,-28.820320,-18.378872
1048576,1048640,2097280,0.106,222311,40,80,13108,15,46,73.516539,0.322086170895,-102.940191,-29.423652,-18.378189
1048576,1048640,2097280,0.106,222311,40,80,13108,15,47,75.151020,0.322086170895,-105.178005,-30.026984,-18.377740
1048576,1048640,2097280,0.106,222311,40,80,13108,15,48,76.785502,0.322086170895,-107.415817,-30.630315,-18.377445
1048576,1048640,2097280,0.106,222311,40,80,13108,15,49,78.419983,0.322086170895,-109.653629,-31.233646,-18.377250
1048576,1048640,2097280,0.106,222311,40,80,13108,15,50,80.054464,0.322086170895,-111.891440,-31.836975,-18.377122
1048576,1048640,2097280,0.106,222311,40,80,13108,15,51,81.688946,0.322086170895,-114.129250,-32.440304,-18.377038
1048576,1048640,2097280,0.106,222311,40,80,13108,15,52,83.323427,0.322086170895,-116.367059,-33.043632,-18.376982
1048576,1048640,2097280,0.106,222311,40,80,13108,15,53,84.957909,0.322086170895,-118.604868,-33.646959,-18.376946
1048576,1048640,2097280,0.106,222311,40,80,13108,15,54,86.592390,0.322086170895,-120.842676,-34.250286,-18.376922
1048576,1048640,2097280,0.106,222311,40,80,13108,15,55,88.226871,0.322086170895,-123.080483,-34.853611,-18.376906
1048576,1048640,2097280,0.106,222311,40,80,13108,15,56,89.861353,0.322086170895,-125.318289,-35.456936,-18.376895
1048576,1048640,2097280,0.106,222311,40,80,13108,15,57,91.495834,0.322086170895,-127.556094,-36.060260,-18.376889
1048576,1048640,2097280,0.106,222311,40,80,13108,15,58,93.130315,0.322086170895,-129.793899,-36.663583,-18.376884
1048576,1048640,2097280,0.106,222311,40,80,13108,15,59,94.764797,0.322086170895,-132.031702,-37.266906,-18.376881
1048576,1048640,2097280,0.106,222311,40,80,13108,15,60,96.399278,0.322086170895,-134.269505,-37.870227,-18.376879
1048576,1048640,2097280,0.106,222311,40,80,13108,15,61,98.033760,0.322086170895,-136.507307,-38.473548,-18.376878
1048576,1048640,2097280,0.106,222311,40,80,13108,15,62,99.668241,0.322086170895,-138.745108,-39.076867,-18.376877
1048576,1048640,2097280,0.106,222311,40,80,13108,15,63,101.302722,0.322086170895,-140.982909,-39.680186,-18.376876
1048576,1048640,2097280,0.106,222311,40,80,13108,15,64,102.937204,0.322086170895,-143.220708,-40.283504,-18.376876
1048576,1048640,2097280,0.106,222311,40,80,13108,15,65,104.571685,0.322086170895,-145.458506,-40.886821,-18.376876
1048576,1048640,2097280,0.106,222311,40,80,13108,15,66,106.206166,0.322086170895,-147.696303,-41.490137,-18.376876
1048576,1048640,2097280,0.106,222311,40,80,13108,15,67,107.840648,0.322086170895,-149.934100,-42.093452,-18.376876
1048576,1048640,2097280,0.106,222311,40,80,13108,15,68,109.475129,0.322086170895,-152.171895,-42.696766,-18.376876
1048576,1048640,2097280,0.106,222311,40,80,13108,15,69,111.109611,0.322086170895,-154.409689,-43.300078,-18.376875
1048576,1048640,2097280,0.106,222311,40,80,13108,15,70,112.744092,0.322086170895,-156.647482,-43.903390,-18.376875
1048576,1048640,2097280,0.106,222311,40,80,13108,15,71,114.378573,0.322086170895,-158.885274,-44.506700,-18.376875
1048576,1048640,2097280,0.106,222311,40,80,13108,15,72,116.013055,0.322086170895,-161.123064,-45.110009,-18.376875
1048576,1048640,2097280,0.106,222311,40,80,13108,15,73,117.647536,0.322086170895,-163.360853,-45.713317,-18.376875
1048576,1048640,2097280,0.106,222311,40,80,13108,15,74,119.282017,0.322086170895,-165.598641,-46.316623,-18.376875
1048576,1048640,2097280,0.106,222311,40,80,13108,15,75,120.916499,0.322086170895,-167.836427,-46.919928,-18.376875
1048576,1048640,2097280,0.106,222311,40,80,13108,15,76,122.550980,0.322086170895,-170.074211,-47.523231,-18.376875
1048576,1048640,2097280,0.106,222311,40,80,13108,15,77,124.185462,0.322086170895,-172.311994,-48.126533,-18.376875
1048576,1048640,2097280,0.106,222311,40,80,13108,15,78,125.819943,0.322086170895,-174.549775,-48.729832,-18.376875
1048576,1048640,2097280,0.106,222311,40,80,13108,15,79,127.454424,0.322086170895,-176.787554,-49.333130,-18.376875
1048576,1048640,2097280,0.106,222311,40,80,13108,15,80,129.088906,0.322086170895,-179.025331,-49.936426,-18.376875
1048576,1048640,2097280,0.106,222311,40,80,13108,15,81,130.723387,0.322086170895,-181.263106,-50.539719,-18.376875
1048576,1048640,2097280,0.106,222311,40,80,13108,15,82,132.357869,0.322086170895,-183.500878,-51.143010,-18.376875
1048576,1048640,2097280,0.106,222311,40,80,13108,15,83,133.992350,0.322086170895,-185.738648,-51.746298,-18.376875
1048576,1048640,2097280,0.106,222311,40,80,13108,15,84,135.626831,0.322086170895,-187.976414,-52.349583,-18.376875
1048576,1048640,2097280,0.106,222311,40,80,13108,15,85,137.261313,0.322086170895,-190.214177,-52.952865,-18.376875
1048576,1048640,2097280,0.106,222311,40,80,13108,15,86,138.895794,0.322086170895,-192.451937,-53.556143,-18.376875
1048576,1048640,2097280,0.106,222311,40,80,13108,15,87,140.530275,0.322086170895,-194.689693,-54.159418,-18.376875
1048576,1048640,2097280,0.106,222311,40,80,13108,15,88,142.164757,0.322086170895,-196.927445,-54.762688,-18.376875
1048576,1048640,2097280,0.106,222311,40,80,13108,15,89,143.799238,0.322086170895,-199.165192,-55.365954,-18.376875
1048576,1048640,2097280,0.106,222311,40,80,13108,15,90,145.433720,0.322086170895,-201.402934,-55.969214,-18.376875
1048576,1048640,2097280,0.106,222311,40,80,13108,15,91,147.068201,0.322086170895,-203.640670,-56.572469,-18.376875
1048576,1048640,2097280,0.106,222311,40,80,13108,15,92,148.702682,0.322086170895,-205.878400,-57.175718,-18.376875
1048576,1048640,2097280,0.106,222311,40,80,13108,15,93,150.337164,0.322086170895,-208.116123,-57.778959,-18.376875
1048576,1048640,2097280,0.106,222311,40,80,13108,15,94,151.971645,0.322086170895,-210.353838,-58.382193,-18.376875
1048576,1048640,2097280,0.106,222311,40,80,13108,15,95,153.606126,0.322086170895,-212.591544,-58.985418,-18.376875
1048576,1048640,2097280,0.106,222311,40,80,13108,15,96,155.240608,0.322086170895,-214.829241,-59.588634,-18.376875
1048576,1048640,2097280,0.106,222311,40,80,13108,15,97,156.875089,0.322086170895,-217.066928,-60.191839,-18.376875
1048576,1048640,2097280,0.106,222311,40,80,13108,15,98,158.509571,0.322086170895,-219.304602,-60.795032,-18.376875
1048576,1048640,2097280,0.106,222311,40,80,13108,15,99,160.144052,0.322086170895,-221.542264,-61.398212,-18.376875
1048576,1048640,2097280,0.106,222311,40,80,13108,15,100,161.778533,0.322086170895,-223.779911,-62.001378,-18.376875
1048576,1048640,2097280,0.106,222311,40,80,13108,15,101,163.413015,0.322086170895,-226.017541,-62.604527,-18.376875
1048576,1048640,2097280,0.106,222311,40,80,13108,15,102,165.047496,0.322086170895,-228.255154,-63.207658,-18.376875
1048576,1048640,2097280,0.106,222311,40,80,13108,15,103,166.681977,0.322086170895,-230.492746,-63.810769,-18.376875
1048576,1048640,2097280,0.106,222311,40,80,13108,15,104,168.316459,0.322086170895,-232.730316,-64.413857,-18.376875
1048576,1048640,2097280,0.106,222311,40,80,13108,15,105,169.950940,0.322086170895,-234.967860,-65.016920,-18.376875
1048576,1048640,2097280,0.106,222311,40,80,13108,15,106,171.585422,0.322086170895,-237.205376,-65.619955,-18.376875
1048576,1048640,2097280,0.106,222311,40,80,13108,15,107,173.219903,0.322086170895,-239.442861,-66.222958,-18.376875
1048576,1048640,2097280,0.106,222311,40,80,13108,15,108,174.854384,0.322086170895,-241.680311,-66.825927,-18.376875
1048576,1048640,2097280,0.106,222311,40,80,13108,15,109,176.488866,0.322086170895,-243.917722,-67.428856,-18.376875
1048576,1048640,2097280,0.106,222311,40,80,13108,15,110,178.123347,0.322086170895,-246.155089,-68.031742,-18.376875
1048576,1048640,2097280,0.106,222311,40,80,13108,15,111,179.757828,0.322086170895,-248.392408,-68.634579,-18.376875
1048576,1048640,2097280,0.106,222311,40,80,13108,15,112,181.392310,0.322086170895,-250.629672,-69.237362,-18.376875
1048576,1048640,2097280,0.106,222311,40,80,13108,15,113,183.026791,0.322086170895,-252.866875,-69.840084,-18.376875
1048576,1048640,2097280,0.106,222311,40,80,13108,15,114,184.661273,0.322086170895,-255.104010,-70.442738,-18.376875
1048576,1048640,2097280,0.106,222311,40,80,13108,15,115,186.295754,0.322086170895,-257.341070,-71.045316,-18.376875
1048576,1048640,2097280,0.106,222311,40,80,13108,15,116,187.930235,0.322086170895,-259.578045,-71.647810,-18.376875
1048576,1048640,2097280,0.106,222311,40,80,13108,15,117,189.564717,0.322086170895,-261.814926,-72.250210,-18.376875
1048576,1048640,2097280,0.106,222311,40,80,13108,15,118,191.199198,0.322086170895,-264.051702,-72.852504,-18.376875
1048576,1048640,2097280,0.106,222311,40,80,13108,15,119,192.833679,0.322086170895,-266.288360,-73.454681,-18.376875
1048576,1048640,2097280,0.106,222311,40,80,13108,15,120,194.468161,0.322086170895,-268.524888,-74.056727,-18.376875
1048576,1048640,2097280,0.106,222311,40,80,13108,15,121,196.102642,0.322086170895,-270.761269,-74.658627,-18.376875
1048576,1048640,2097280,0.106,222311,40,80,13108,15,122,197.737124,0.322086170895,-272.997488,-75.260364,-18.376875
1048576,1048640,2097280,0.106,222311,40,80,13108,15,123,199.371605,0.322086170895,-275.233525,-75.861920,-18.376875
1048576,1048640,2097280,0.106,222311,40,80,13108,15,124,201.006086,0.322086170895,-277.469359,-76.463273,-18.376875
1048576,1048640,2097280,0.106,222311,40,80,13108,15,125,202.640568,0.322086170895,-279.704968,-77.064401,-18.376875
1048576,1048640,2097280,0.106,222311,40,80,13108,15,126,204.275049,0.322086170895,-281.940327,-77.665278,-18.376875
1048576,1048640,2097280,0.106,222311,40,80,13108,15,127,205.909530,0.322086170895,-284.175406,-78.265875,-18.376875
1048576,1048640,2097280,0.106,222311,40,80,13108,15,128,207.544012,0.322086170895,-286.410174,-78.866162,-18.376875
1048576,1048640,2097280,0.106,222311,40,80,13108,15,129,209.178493,0.322086170895,-288.644596,-79.466103,-18.376875
1048576,1048640,2097280,0.106,222311,40,80,13108,15,130,210.812975,0.322086170895,-290.878635,-80.065660,-18.376875
1048576,1048640,2097280,0.106,222311,40,80,13108,15,131,212.447456,0.322086170895,-293.112246,-80.664790,-18.376875
1048576,1048640,2097280,0.106,222311,40,80,13108,15,132,214.081937,0.322086170895,-295.345384,-81.263447,-18.376875
1048576,1048640,2097280,0.106,222311,40,80,13108,15,133,215.716419,0.322086170895,-297.577997,-81.861578,-18.376875
1048576,1048640,2097280,0.106,222311,40,80,13108,15,134,217.350900,0.322086170895,-299.810027,-82.459127,-18.376875
1048576,1048640,2097280,0.106,222311,40,80,13108,15,135,218.985381,0.322086170895,-302.041413,-83.056031,-18.376875
1048576,1048640,2097280,0.106,222311,40,80,13108,15,136,220.619863,0.322086170895,-304.272084,-83.652222,-18.376875
1048576,1048640,2097280,0.106,222311,40,80,13108,15,137,222.254344,0.322086170895,-306.501968,-84.247624,-18.376875
1048576,1048640,2097280,0.106,222311,40,80,13108,15,138,223.888826,0.322086170895,-308.730981,-84.842156,-18.376875
1048576,1048640,2097280,0.106,222311,40,80,13108,15,139,225.523307,0.322086170895,-310.959035,-85.435728,-18.376875
1048576,1048640,2097280,0.106,222311,40,80,13108,15,140,227.157788,0.322086170895,-313.186033,-86.028244,-18.376875
1048576,1048640,2097280,0.106,222311,40,80,13108,15,141,228.792270,0.322086170895,-315.411870,-86.619600,-18.376875
1048576,1048640,2097280,0.106,222311,40,80,13108,15,142,230.426751,0.322086170895,-317.636433,-87.209682,-18.376875
1048576,1048640,2097280,0.106,222311,40,80,13108,15,143,232.061232,0.322086170895,-319.859600,-87.798368,-18.376875
1048576,1048640,2097280,0.106,222311,40,80,13108,15,144,233.695714,0.322086170895,-322.081243,-88.385529,-18.376875
1048576,1048640,2097280,0.106,222311,40,80,13108,15,145,235.330195,0.322086170895,-324.301223,-88.971028,-18.376875
1048576,1048640,2097280,0.106,222311,40,80,13108,15,146,236.964677,0.322086170895,-326.519393,-89.554716,-18.376875
1048576,1048640,2097280,0.106,222311,40,80,13108,15,147,238.599158,0.322086170895,-328.735598,-90.136440,-18.376875
1048576,1048640,2097280,0.106,222311,40,80,13108,15,148,240.233639,0.322086170895,-330.949679,-90.716039,-18.376875
1048576,1048640,2097280,0.106,222311,40,80,13108,15,149,241.868121,0.322086170895,-333.161466,-91.293345,-18.376875
1048576,1048640,2097280,0.106,222311,40,80,13108,15,150,243.502602,0.322086170895,-335.370786,-91.868184,-18.376875
1048576,1048640,2097280,0.106,222311,40,80,13108,15,151,245.137083,0.322086170895,-337.577464,-92.440380,-18.376875
1048576,1048640,2097280,0.106,222311,40,80,13108,15,152,246.771565,0.322086170895,-339.781320,-93.009755,-18.376875
1048576,1048640,2097280,0.106,222311,40,80,13108,15,153,248.406046,0.322086170895,-341.982175,-93.576128,-18.376875
1048576,1048640,2097280,0.106,222311,40,80,13108,15,154,250.040528,0.322086170895,-344.179852,-94.139325,-18.376875
1048576,1048640,2097280,0.106,222311,40,80,13108,15,155,251.675009,0.322086170895,-346.374180,-94.699171,-18.376875
1048576,1048640,2097280,0.106,222311,40,80,13108,15,156,253.309490,0.322086170895,-348.564994,-95.255504,-18.376875
1048576,1048640,2097280,0.106,222311,40,80,13108,15,157,254.943972,0.322086170895,-350.752140,-95.808168,-18.376875
1048576,1048640,2097280,0.106,222311,40,80,13108,15,158,256.578453,0.322086170895,-352.935475,-96.357022,-18.376875
1048576,1048640,2097280,0.106,222311,40,80,13108,15,159,258.212934,0.322086170895,-355.114874,-96.901940,-18.376875
1048576,1048640,2097280,0.106,222311,40,80,13108,15,160,259.847416,0.322086170895,-357.290229,-97.442814,-18.376875
1048576,1048640,2097280,0.106,222311,40,80,13108,16,1,-inf,,-2.237846,-inf,-inf
1048576,1048640,2097280,0.106,222311,40,80,13108,16,2,-inf,,-4.475692,-inf,-inf
1048576,1048640,2097280,0.106,222311,40,80,13108,16,3,-inf,,-6.713537,-inf,-inf
1048576,1048640,2097280,0.106,222311,40,80,13108,16,4,-inf,,-8.951381,-inf,-inf
1048576,1048640,2097280,0.106,222311,40,80,13108,16,5,-inf,,-11.189224,-inf,-inf
1048576,1048640,2097280,0.106,222311,40,80,13108,16,6,-inf,,-13.427067,-inf,-inf
1048576,1048640,2097280,0.106,222311,40,80,13108,16,7,-inf,,-15.664909,-inf,-inf
1048576,1048640,2097280,0.106,222311,40,80,13108,16,8,-inf,,-17.902750,-inf,-inf
1048576,1048640,2097280,0.106,222311,40,80,13108,16,9,-inf,,-20.140591,-inf,-inf
1048576,1048640,2097280,0.106,222311,40,80,13108,16,10,-inf,,-22.378431,-inf,-inf
1048576,1048640,2097280,0.106,222311,40,80,13108,16,11,-inf,,-24.616270,-inf,-inf
1048576,1048640,2097280,0.106,222311,40,80,13108,16,12,-inf,,-26.854109,-inf,-inf
1048576,1048640,2097280,0.106,222311,40,80,13108,16,13,-inf,,-29.091946,-inf,-inf
1048576,1048640,2097280,0.106,222311,40,80,13108,16,14,-inf,,-31.329784,-inf,-inf
1048576,1048640,2097280,0.106,222311,40,80,13108,16,15,-inf,,-33.567620,-inf,-inf
1048576,1048640,2097280,0.106,222311,40,80,13108,16,16,8.832486,0.141400061521,-35.805456,-26.972970,-26.972970
1048576,1048640,2097280,0.106,222311,40,80,13108,16,17,11.654631,0.141400061521,-38.043291,-26.388660,-25.651433
1048576,1048640,2097280,0.106,222311,40,80,13108,16,18,14.476776,0.141400061521,-40.281125,-25.804349,-24.725866
1048576,1048640,2097280,0.106,222311,40,80,13108,16,19,17.298922,0.141400061521,-42.518958,-25.220037,-23.951895
1048576,1048640,2097280,0.106,222311,40,80,13108,16,20,20.121067,0.141400061521,-44.756791,-24.635724,-23.253667
1048576,1048640,2097280,0.106,222311,40,80,13108,16,21,22.943212,0.141400061521,-46.994623,-24.051411,-22.598088
1048576,1048640,2097280,0.106,222311,40,80,13108,16,22,25.765358,0.141400061521,-49.232455,-23.467097,-21.968127
1048576,1048640,2097280,0.106,222311,40,80,13108,16,23,28.587503,0.141400061521,-51.470285,-22.882782,-21.354152
1048576,1048640,2097280,0.106,222311,40,80,13108,16,24,31.211442,0.173712159159,-53.708115,-22.496673,-20.815150
1048576,1048640,2097280,0.106,222311,40,80,13108,16,25,33.729076,0.192539805332,-55.945944,-22.216869,-20.352073
1048576,1048640,2097280,0.106,222311,40,80,13108,16,26,36.105847,0.192539805332,-58.183773,-22.077926,-19.970990
1048576,1048640,2097280,0.106,222311,40,80,13108,16,27,38.482618,0.192539805332,-60.421601,-21.938982,-19.642603
1048576,1048640,2097280,0.106,222311,40,80,13108,16,28,40.717563,0.21340807009,-62.659428,-21.941865,-19.375766
1048576,1048640,2097280,0.106,222311,40,80,13108,16,29,42.945877,0.21340807009,-64.897254,-21.951378,-19.152034
1048576,1048640,2097280,0.106,222311,40,80,13108,16,30,45.082110,0.236538124161,-67.135080,-22.052970,-18.970760
1048576,1048640,2097280,0.106,222311,40,80,13108,16,31,47.161966,0.236538124161,-69.372905,-22.210939,-18.825630
1048576,1048640,2097280,0.106,222311,40,80,13108,16,32,49.228796,0.262175109676,-71.610729,-22.381933,-18.707928
1048576,1048640,2097280,0.106,222311,40,80,13108,16,33,51.160194,0.262175109676,-73.848553,-22.688359,-18.619307
1048576,1048640,2097280,0.106,222311,40,80,13108,16,34,53.091591,0.262175109676,-76.086375,-22.994784,-18.551423
1048576,1048640,2097280,0.106,222311,40,80,13108,16,35,54.970239,0.290590738289,-78.324197,-23.353958,-18.500630
1048576,1048640,2097280,0.106,222311,40,80,13108,16,36,56.753178,0.290590738289,-80.562019,-23.808840,-18.464670
1048576,1048640,2097280,0.106,222311,40,80,13108,16,37,58.536118,0.290590738289,-82.799839,-24.263721,-18.438989
1048576,1048640,2097280,0.106,222311,40,80,13108,16,38,60.319057,0.290590738289,-85.037659,-24.718602,-18.420537
1048576,1048640,2097280,0.106,222311,40,80,13108,16,39,62.075168,0.322086170895,-87.275478,-25.200310,-18.407467
1048576,1048640,2097280,0.106,222311,40,80,13108,16,40,63.709649,0.322086170895,-89.513297,-25.803647,-18.398927
1048576,1048640,2097280,0.106,222311,40,80,13108,16,41,65.344131,0.322086170895,-91.751114,-26.406983,-18.393334
1048576,1048640,2097280,0.106,222311,40,80,13108,16,42,66.978612,0.322086170895,-93.988931,-27.010319,-18.389664
1048576,1048640,2097280,0.106,222311,40,80,13108,16,43,68.613094,0.322086170895,-96.226747,-27.613654,-18.387254
1048576,1048640,2097280,0.106,222311,40,80,13108,16,44,70.247575,0.322086170895,-98.464563,-28.216988,-18.385669
1048576,1048640,2097280,0.106,222311,40,80,13108,16,45,71.882056,0.322086170895,-100.702377,-28.820321,-18.384627
1048576,1048640,2097280,0.106,222311,40,80,13108,16,46,73.516538,0.322086170895,-102.940191,-29.423654,-18.383942
1048576,1048640,2097280,0.106,222311,40,80,13108,16,47,75.151019,0.322086170895,-105.178005,-30.026985,-18.383491
1048576,1048640,2097280,0.106,222311,40,80,13108,16,48,76.785500,0.322086170895,-107.415817,-30.630317,-18.383194
1048576,1048640,2097280,0.106,222311,40,80,13108,16,49,78.419982,0.322086170895,-109.653629,-31.233647,-18.382999
1048576,1048640,2097280,0.106,222311,40,80,13108,16,50,80.054463,0.322086170895,-111.891440,-31.836976,-18.382870
1048576,1048640,2097280,0.106,222311,40,80,13108,16,51,81.688945,0.322086170895,-114.129250,-32.440305,-18.382785
1048576,1048640,2097280,0.106,222311,40,80,13108,16,52,83.323426,0.322086170895,-116.367059,-33.043633,-18.382730
1048576,1048640,2097280,0.106,222311,40,80,13108,16,53,84.957907,0.322086170895,-118.604868,-33.646960,-18.382693
1048576,1048640,2097280,0.106,222311,40,80,13108,16,54,86.592389,0.322086170895,-120.842676,-34.250287,-18.382669
1048576,1048640,2097280,0.106,222311,40,80,13108,16,55,88.226870,0.322086170895,-123.080483,-34.853612,-18.382653
1048576,1048640,2097280,0.106,222311,40,80,13108,16,56,89.861351,0.322086170895,-125.318289,-35.456937,-18.382643
1048576,1048640,2097280,0.106,222311,40,80,13108,16,57,91.495833,0.322086170895,-127.556094,-36.060261,-18.382636
1048576,1048640,2097280,0.106,222311,40,80,13108,16,58,93.130314,0.322086170895,-129.793899,-36.663585,-18.382631
1048576,1048640,2097280,0.106,222311,40,80,13108,16,59,94.764796,0.322086170895,-132.031702,-37.266907,-18.382628
1048576,1048640,2097280,0.106,222311,40,80,13108,16,60,96.399277,0.322086170895,-134.269505,-37.870228,-18.382626
1048576,1048640,2097280,0.106,222311,40,80,13108,16,61,98.033758,0.322086170895,-136.507307,-38.473549,-18.382625
1048576,1048640,2097280,0.106,222311,40,80,13108,16,62,99.668240,0.322086170895,-138.745108,-39.076869,-18.382624
1048576,1048640,2097280,0.106,222311,40,80,13108,16,63,101.302721,0.322086170895,-140.982909,-39.680187,-18.382624
1048576,1048640,2097280,0.106,222311,40,80,13108,16,64,102.937203,0.322086170895,-143.220708,-40.283505,-18.382623
1048576,1048640,2097280,0.106,222311,40,80,13108,16,65,104.571684,0.322086170895,-145.458506,-40.886822,-18.382623
1048576,1048640,2097280,0.106,222311,40,80,13108,16,66,106.206165,0.322086170895,-147.696303,-41.490138,-18.382623
1048576,1048640,2097280,0.106,222311,40,80,13108,16,67,107.840647,0.322086170895,-149.934100,-42.093453,-18.382623
1048576,1048640,2097280,0.106,222311,40,80,13108,16,68,109.475128,0.322086170895,-152.171895,-42.696767,-18.382623
1048576,1048640,2097280,0.106,222311,40,80,13108,16,69,111.109609,0.322086170895,-154.409689,-43.300080,-18.382623
1048576,1048640,2097280,0.106,222311,40,80,13108,16,70,112.744091,0.322086170895,-156.647482,-43.903391,-18.382623
1048576,1048640,2097280,0.106,222311,40,80,13108,16,71,114.378572,0.322086170895,-158.885274,-44.506701,-18.382623
1048576,1048640,2097280,0.106,222311,40,80,13108,16,72,116.013054,0.322086170895,-161.123064,-45.110010,-18.382623
1048576,1048640,2097280,0.106,222311,40,80,13108,16,73,117.647535,0.322086170895,-163.360853,-45.713318,-18.382623
1048576,1048640,2097280,0.106,222311,40,80,13108,16,74,119.282016,0.322086170895,-165.598641,-46.316624,-18.382623
1048576,1048640,2097280,0.106,222311,40,80,13108,16,75,120.916498,0.322086170895,-167.836427,-46.919929,-18.382623
1048576,1048640,2097280,0.106,222311,40,80,13108,16,76,122.550979,0.322086170895,-170.074211,-47.523232,-18.382623
1048576,1048640,2097280,0.106,222311,40,80,13108,16,77,124.185460,0.322086170895,-172.311994,-48.126534,-18.382623
1048576,1048640,2097280,0.106,222311,40,80,13108,16,78,125.819942,0.322086170895,-174.549775,-48.729834,-18.382623
1048576,1048640,2097280,0.106,222311,40,80,13108,16,79,127.454423,0.322086170895,-176.787554,-49.333131,-18.382623
1048576,1048640,2097280,0.106,222311,40,80,13108,16,80,129.088905,0.322086170895,-179.025331,-49.936427,-18.382622
1048576,1048640,2097280,0.106,222311,40,80,13108,16,81,130.723386,0.322086170895,-181.263106,-50.539720,-18.382622
1048576,1048640,2097280,0.106,222311,40,80,13108,16,82,132.357867,0.322086170895,-183.500878,-51.143011,-18.382622
1048576,1048640,2097280,0.106,222311,40,80,13108,16,83,133.992349,0.322086170895,-185.738648,-51.746299,-18.382622
1048576,1048640,2097280,0.106,222311,40,80,13108,16,84,135.626830,0.322086170895,-187.976414,-52.349584,-18.382622
1048576,1048640,2097280,0.106,222311,40,80,13108,16,85,137.261311,0.322086170895,-190.214177,-52.952866,-18.382622
1048576,1048640,2097280,0.106,222311,40,80,13108,16,86,138.895793,0.322086170895,-192.451937,-53.556144,-18.382622
1048576,1048640,2097280,0.106,222311,40,80,13108,16,87,140.530274,0.322086170895,-194.689693,-54.159419,-18.382622
1048576,1048640,2097280,0.106,222311,40,80,13108,16,88,142.164756,0.322086170895,-196.927445,-54.762689,-18.382622
1048576,1048640,2097280,0.106,222311,40,80,13108,16,89,143.799237,0.322086170895,-199.165192,-55.365955,-18.382622
1048576,1048640,2097280,0.106,222311,40,80,13108,16,90,145.433718,0.322086170895,-201.402934,-55.969215,-18.382622
1048576,1048640,2097280,0.106,222311,40,80,13108,16,91,147.068200,0.322086170895,-203.640670,-56.572470,-18.382622
1048576,1048640,2097280,0.106,222311,40,80,13108,16,92,148.702681,0.322086170895,-205.878400,-57.175719,-18.382622
1048576,1048640,2097280,0.106,222311,40,80,13108,16,93,150.337162,0.322086170895,-208.116123,-57.778960,-18.382622
1048576,1048640,2097280,0.106,222311,40,80,13108,16,94,151.971644,0.322086170895,-210.353838,-58.382194,-18.382622
1048576,1048640,2097280,0.106,222311,40,80,13108,16,95,153.606125,0.322086170895,-212.591544,-58.985419,-18.382622
1048576,1048640,2097280,0.106,222311,40,80,13108,16,96,155.240607,0.322086170895,-214.829241,-59.588635,-18.382622
1048576,1048640,2097280,0.106,222311,40,80,13108,16,97,156.875088,0.322086170895,-217.066928,-60.191840,-18.382622
1048576,1048640,2097280,0.106,222311,40,80,13108,16,98,158.509569,0.322086170895,-219.304602,-60.795033,-18.382622
1048576,1048640,2097280,0.106,222311,40,80,13108,16,99,160.144051,0.322086170895,-221.542264,-61.398213,-18.382622
1048576,1048640,2097280,0.106,222311,40,80,13108,16,100,161.778532,0.322086170895,-223.779911,-62.001379,-18.382622
1048576,1048640,2097280,0.106,222311,40,80,13108,16,101,163.413013,0.322086170895,-226.017541,-62.604528,-18.382622
1048576,1048640,2097280,0.106,222311,40,80,13108,16,102,165.047495,0.322086170895,-228.255154,-63.207659,-18.382622
1048576,1048640,2097280,0.106,222311,40,80,13108,16,103,166.681976,0.322086170895,-230.492746,-63.810770,-18.382622
1048576,1048640,2097280,0.106,222311,40,80,13108,16,104,168.316458,0.322086170895,-232.730316,-64.413858,-18.382622
1048576,1048640,2097280,0.106,222311,40,80,13108,16,105,169.950939,0.322086170895,-234.967860,-65.016921,-18.382622
1048576,1048640,2097280,0.106,222311,40,80,13108,16,106,171.585420,0.322086170895,-237.205376,-65.619956,-18.382622
1048576,1048640,2097280,0.106,222311,40,80,13108,16,107,173.219902,0.322086170895,-239.442861,-66.222960,-18.382622
1048576,1048640,2097280,0.106,222311,40,80,13108,16,108,174.854383,0.322086170895,-241.680311,-66.825928,-18.382622
1048576,1048640,2097280,0.106,222311,40,80,13108,16,109,176.488864,0.322086170895,-243.917722,-67.428858,-18.382622
1048576,1048640,2097280,0.106,222311,40,80,13108,16,110,178.123346,0.322086170895,-246.155089,-68.031743,-18.382622
1048576,1048640,2097280,0.106,222311,40,80,13108,16,111,179.757827,0.322086170895,-248.392408,-68.634580,-18.382622
1048576,1048640,2097280,0.106,222311,40,80,13108,16,112,181.392309,0.322086170895,-250.629672,-69.237363,-18.382622
1048576,1048640,2097280,0.106,222311,40,80,13108,16,113,183.026790,0.322086170895,-252.866875,-69.840085,-18.382622
1048576,1048640,2097280,0.106,222311,40,80,13108,16,114,184.661271,0.322086170895,-255.104010,-70.442739,-18.382622
1048576,1048640,2097280,0.106,222311,40,80,13108,16,115,186.295753,0.322086170895,-257.341070,-71.045317,-18.382622
1048576,1048640,2097280,0.106,222311,40,80,13108,16,116,187.930234,0.322086170895,-259.578045,-71.647811,-18.382622
1048576,1048640,2097280,0.106,222311,40,80,13108,16,117,189.564715,0.322086170895,-261.814926,-72.250211,-18.382622
1048576,1048640,2097280,0.106,222311,40,80,13108,16,118,191.199197,0.322086170895,-264.051702,-72.852505,-18.382622
1048576,1048640,2097280,0.106,222311,40,80,13108,16,119,192.833678,0.322086170895,-266.288360,-73.454682,-18.382622
1048576,1048640,2097280,0.106,222311,40,80,13108,16,120,194.468160,0.322086170895,-268.524888,-74.056728,-18.382622
1048576,1048640,2097280,0.106,222311,40,80,13108,16,121,196.102641,0.322086170895,-270.761269,-74.658628,-18.382622
1048576,1048640,2097280,0.106,222311,40,80,13108,16,122,197.737122,0.322086170895,-272.997488,-75.260365,-18.382622
1048576,1048640,2097280,0.106,222311,40,80,13108,16,123,199.371604,0.322086170895,-275.233525,-75.861921,-18.382622
1048576,1048640,2097280,0.106,222311,40,80,13108,16,124,201.006085,0.322086170895,-277.469359,-76.463274,-18.382622
1048576,1048640,2097280,0.106,222311,40,80,13108,16,125,202.640566,0.322086170895,-279.704968,-77.064402,-18.382622
1048576,1048640,2097280,0.106,222311,40,80,13108,16,126,204.275048,0.322086170895,-281.940327,-77.665279,-18.382622
1048576,1048640,2097280,0.106,222311,40,80,13108,16,127,205.909529,0.322086170895,-284.175406,-78.265877,-18.382622
1048576,1048640,2097280,0.106,222311,40,80,13108,16,128,207.544011,0.322086170895,-286.410174,-78.866163,-18.382622
1048576,1048640,2097280,0.106,222311,40,80,13108,16,129,209.178492,0.322086170895,-288.644596,-79.466104,-18.382622
1048576,1048640,2097280,0.106,222311,40,80,13108,16,130,210.812973,0.322086170895,-290.878635,-80.065661,-18.382622
1048576,1048640,2097280,0.106,222311,40,80,13108,16,131,212.447455,0.322086170895,-293.112246,-80.664792,-18.382622
1048576,1048640,2097280,0.106,222311,40,80,13108,16,132,214.081936,0.322086170895,-295.345384,-81.263448,-18.382622
1048576,1048640,2097280,0.106,222311,40,80,13108,16,133,215.716417,0.322086170895,-297.577997,-81.861579,-18.382622
1048576,1048640,2097280,0.106,222311,40,80,13108,16,134,217.350899,0.322086170895,-299.810027,-82.459128,-18.382622
1048576,1048640,2097280,0.106,222311,40,80,13108,16,135,218.985380,0.322086170895,-302.041413,-83.056032,-18.382622
1048576,1048640,2097280,0.106,222311,40,80,13108,16,136,220.619862,0.322086170895,-304.272084,-83.652223,-18.382622
1048576,1048640,2097280,0.106,222311,40,80,13108,16,137,222.254343,0.322086170895,-306.501968,-84.247625,-18.382622
1048576,1048640,2097280,0.106,222311,40,80,13108,16,138,223.888824,0.322086170895,-308.730981,-84.842157,-18.382622
1048576,1048640,2097280,0.106,222311,40,80,13108,16,139,225.523306,0.322086170895,-310.959035,-85.435729,-18.382622
1048576,1048640,2097280,0.106,222311,40,80,13108,16,140,227.157787,0.322086170895,-313.186033,-86.028246,-18.382622
1048576,1048640,2097280,0.106,222311,40,80,13108,16,141,228.792268,0.322086170895,-315.411870,-86.619601,-18.382622
1048576,1048640,2097280,0.106,222311,40,80,13108,16,142,230.426750,0.322086170895,-317.636433,-87.209683,-18.382622
1048576,1048640,2097280,0.106,222311,40,80,13108,16,143,232.061231,0.322086170895,-319.859600,-87.798369,-18.382622
1048576,1048640,2097280,0.106,222311,40,80,13108,16,144,233.695713,0.322086170895,-322.081243,-88.385531,-18.382622
1048576,1048640,2097280,0.106,222311,40,80,13108,16,145,235.330194,0.322086170895,-324.301223,-88.971029,-18.382622
1048576,1048640,2097280,0.106,222311,40,80,13108,16,146,236.964675,0.322086170895,-326.519393,-89.554717,-18.382622
1048576,1048640,2097280,0.106,222311,40,80,13108,16,147,238.599157,0.322086170895,-328.735598,-90.136442,-18.382622
1048576,1048640,2097280,0.106,222311,40,80,13108,16,148,240.233638,0.322086170895,-330.949679,-90.716040,-18.382622
1048576,1048640,2097280,0.106,222311,40,80,13108,16,149,241.868120,0.322086170895,-333.161466,-91.293346,-18.382622
1048576,1048640,2097280,0.106,222311,40,80,13108,16,150,243.502601,0.322086170895,-335.370786,-91.868185,-18.382622
1048576,1048640,2097280,0.106,222311,40,80,13108,16,151,245.137082,0.322086170895,-337.577464,-92.440381,-18.382622
1048576,1048640,2097280,0.106,222311,40,80,13108,16,152,246.771564,0.322086170895,-339.781320,-93.009756,-18.382622
1048576,1048640,2097280,0.106,222311,40,80,13108,16,153,248.406045,0.322086170895,-341.982175,-93.576130,-18.382622
1048576,1048640,2097280,0.106,222311,40,80,13108,16,154,250.040526,0.322086170895,-344.179852,-94.139326,-18.382622
1048576,1048640,2097280,0.106,222311,40,80,13108,16,155,251.675008,0.322086170895,-346.374180,-94.699173,-18.382622
1048576,1048640,2097280,0.106,222311,40,80,13108,16,156,253.309489,0.322086170895,-348.564994,-95.255505,-18.382622
1048576,1048640,2097280,0.106,222311,40,80,13108,16,157,254.943971,0.322086170895,-350.752140,-95.808169,-18.382622
1048576,1048640,2097280,0.106,222311,40,80,13108,16,158,256.578452,0.322086170895,-352.935475,-96.357023,-18.382622
1048576,1048640,2097280,0.106,222311,40,80,13108,16,159,258.212933,0.322086170895,-355.114874,-96.901941,-18.382622
1048576,1048640,2097280,0.106,222311,40,80,13108,16,160,259.847415,0.322086170895,-357.290229,-97.442815,-18.382622
1048576,1048640,2097280,0.106,222311,40,80,13108,17,1,-inf,,-2.237846,-inf,-inf
1048576,1048640,2097280,0.106,222311,40,80,13108,17,2,-inf,,-4.475692,-inf,-inf
1048576,1048640,2097280,0.106,222311,40,80,13108,17,3,-inf,,-6.713537,-inf,-inf
1048576,1048640,2097280,0.106,222311,40,80,13108,17,4,-inf,,-8.951381,-inf,-inf
1048576,1048640,2097280,0.106,222311,40,80,13108,17,5,-inf,,-11.189224,-inf,-inf
1048576,1048640,2097280,0.106,222311,40,80,13108,17,6,-inf,,-13.427067,-inf,-inf
1048576,1048640,2097280,0.106,222311,40,80,13108,17,7,-inf,,-15.664909,-inf,-inf
1048576,1048640,2097280,0.106,222311,40,80,13108,17,8,-inf,,-17.902750,-inf,-inf
1048576,1048640,2097280,0.106,222311,40,80,13108,17,9,-inf,,-20.140591,-inf,-inf
1048576,1048640,2097280,0.106,222311,40,80,13108,17,10,-inf,,-22.378431,-inf,-inf
1048576,1048640,2097280,0.106,222311,40,80,13108,17,11,-inf,,-24.616270,-inf,-inf
1048576,1048640,2097280,0.106,222311,40,80,13108,17,12,-inf,,-26.854109,-inf,-inf
1048576,1048640,2097280,0.106,222311,40,80,13108,17,13,-inf,,-29.091946,-inf,-inf
1048576,1048640,2097280,0.106,222311,40,80,13108,17,14,-inf,,-31.329784,-inf,-inf
1048576,1048640,2097280,0.106,222311,40,80,13108,17,15,-inf,,-33.567620,-inf,-inf
1048576,1048640,2097280,0.106,222311,40,80,13108,17,16,-inf,,-35.805456,-inf,-inf
1048576,1048640,2097280,0.106,222311,40,80,13108,17,17,11.654631,0.141400061521,-38.043291,-26.388660,-26.388660
1048576,1048640,2097280,0.106,222311,40,80,13108,17,18,14.476776,0.141400061521,-40.281125,-25.804349,-25.067122
1048576,1048640,2097280,0.106,222311,40,80,13108,17,19,17.298922,0.141400061521,-42.518958,-25.220037,-24.141555
1048576,1048640,2097280,0.106,222311,40,80,13108,17,20,20.121067,0.141400061521,-44.756791,-24.635724,-23.367583
1048576,1048640,2097280,0.106,222311,40,80,13108,17,21,22.943212,0.141400061521,-46.994623,-24.051411,-22.669355
1048576,1048640,2097280,0.106,222311,40,80,13108,17,22,25.765358,0.141400061521,-49.232455,-23.467097,-22.013775
1048576,1048640,2097280,0.106,222311,40,80,13108,17,23,28.530521,0.156725588185,-51.470285,-22.939764,-21.403718
1048576,1048640,2097280,0.106,222311,40,80,13108,17,24,31.181510,0.173712159159,-53.708115,-22.526605,-20.858566
1048576,1048640,2097280,0.106,222311,40,80,13108,17,25,33.706739,0.173712159159,-55.945944,-22.239205,-20.389672
1048576,1048640,2097280,0.106,222311,40,80,13108,17,26,36.093518,0.192539805332,-58.183773,-22.090255,-20.002682
1048576,1048640,2097280,0.106,222311,40,80,13108,17,27,38.470290,0.192539805332,-60.421601,-21.951311,-19.670333
1048576,1048640,2097280,0.106,222311,40,80,13108,17,28,40.713621,0.21340807009,-62.659428,-21.945807,-19.399451
1048576,1048640,2097280,0.106,222311,40,80,13108,17,29,42.941934,0.21340807009,-64.897254,-21.955320,-19.172867
1048576,1048640,2097280,0.106,222311,40,80,13108,17,30,45.081117,0.236538124161,-67.135080,-22.053963,-18.989236
1048576,1048640,2097280,0.106,222311,40,80,13108,17,31,47.160972,0.236538124161,-69.372905,-22.211933,-18.842424
1048576,1048640,2097280,0.106,222311,40,80,13108,17,32,49.228603,0.262175109676,-71.610729,-22.382126,-18.723414
1048576,1048640,2097280,0.106,222311,40,80,13108,17,33,51.160000,0.262175109676,-73.848553,-22.688552,-18.633877
1048576,1048640,2097280,0.106,222311,40,80,13108,17,34,53.091398,0.262175109676,-76.086375,-22.994978,-18.565329
1048576,1048640,2097280,0.106,222311,40,80,13108,17,35,54.970211,0.290590738289,-78.324197,-23.353987,-18.514054
1048576,1048640,2097280,0.106,222311,40,80,13108,17,36,56.753150,0.290590738289,-80.562019,-23.808869,-18.477763
1048576,1048640,2097280,0.106,222311,40,80,13108,17,37,58.536089,0.290590738289,-82.799839,-24.263750,-18.451850
1048576,1048640,2097280,0.106,222311,40,80,13108,17,38,60.319029,0.290590738289,-85.037659,-24.718630,-18.433235
1048576,1048640,2097280,0.106,222311,40,80,13108,17,39,62.075165,0.322086170895,-87.275478,-25.200314,-18.420049
1048576,1048640,2097280,0.106,222311,40,80,13108,17,40,63.709646,0.322086170895,-89.513297,-25.803651,-18.411435
1048576,1048640,2097280,0.106,222311,40,80,13108,17,41,65.344127,0.322086170895,-91.751114,-26.406987,-18.405793
1048576,1048640,2097280,0.106,222311,40,80,13108,17,42,66.978609,0.322086170895,-93.988931,-27.010322,-18.402092
1048576,1048640,2097280,0.106,222311,40,80,13108,17,43,68.613090,0.322086170895,-96.226747,-27.613657,-18.399660
1048576,1048640,2097280,0.106,222311,40,80,13108,17,44,70.247571,0.322086170895,-98.464563,-28.216991,-18.398062
1048576,1048640,2097280,0.106,222311,40,80,13108,17,45,71.882053,0.322086170895,-100.702377,-28.820325,-18.397011
1048576,1048640,2097280,0.106,222311,40,80,13108,17,46,73.516534,0.322086170895,-102.940191,-29.423657,-18.396320
1048576,1048640,2097280,0.106,222311,40,80,13108,17,47,75.151016,0.322086170895,-105.178005,-30.026989,-18.395865
1048576,1048640,2097280,0.106,222311,40,80,13108,17,48,76.785497,0.322086170895,-107.415817,-30.630320,-18.395566
1048576,1048640,2097280,0.106,222311,40,80,13108,17,49,78.419978,0.322086170895,-109.653629,-31.233650,-18.395369
1048576,1048640,2097280,0.106,222311,40,80,13108,17,50,80.054460,0.322086170895,-111.891440,-31.836980,-18.395239
1048576,1048640,2097280,0.106,222311,40,80,13108,17,51,81.688941,0.322086170895,-114.129250,-32.440309,-18.395154
1048576,1048640,2097280,0.106,222311,40,80,13108,17,52,83.323422,0.322086170895,-116.367059,-33.043637,-18.395097
1048576,1048640,2097280,0.106,222311,40,80,13108,17,53,84.957904,0.322086170895,-118.604868,-33.646964,-18.395060
1048576,1048640,2097280,0.106,222311,40,80,13108,17,54,86.592385,0.322086170895,-120.842676,-34.250290,-18.395036
1048576,1048640,2097280,0.106,222311,40,80,13108,17,55,88.226867,0.322086170895,-123.080483,-34.853616,-18.395020
1048576,1048640,2097280,0.106,222311,40,80,13108,17,56,89.861348,0.322086170895,-125.318289,-35.456941,-18.395010
1048576,1048640,2097280,0.106,222311,40,80,13108,17,57,91.495829,0.322086170895,-127.556094,-36.060265,-18.395003
1048576,1048640,2097280,0.106,222311,40,80,13108,17,58,93.130311,0.322086170895,-129.793899,-36.663588,-18.394998
1048576,1048640,2097280,0.106,222311,40,80,13108,17,59,94.764792,0.322086170895,-132.031702,-37.266910,-18.394995
1048576,1048640,2097280,0.106,222311,40,80,13108,17,60,96.399273,0.322086170895,-134.269505,-37.870232,-18.394993
1048576,1048640,2097280,0.106,222311,40,80,13108,17,61,98.033755,0.322086170895,-136.507307,-38.473553,-18.394992
1048576,1048640,2097280,0.106,222311,40,80,13108,17,62,99.668236,0.322086170895,-138.745108,-39.076872,-18.394991
1048576,1048640,2097280,0.106,222311,40,80,13108,17,63,101.302718,0.322086170895,-140.982909,-39.680191,-18.394990
1048576,1048640,2097280,0.106,222311,40,80,13108,17,64,102.937199,0.322086170895,-143.220708,-40.283509,-18.394990
1048576,1048640,2097280,0.106,222311,40,80,13108,17,65,104.571680,0.322086170895,-145.458506,-40.886826,-18.394990
1048576,1048640,2097280,0.106,222311,40,80,13108,17,66,106.206162,0.322086170895,-147.696303,-41.490142,-18.394990
1048576,1048640,2097280,0.106,222311,40,80,13108,17,67,107.840643,0.322086170895,-149.934100,-42.093457,-18.394989
1048576,1048640,2097280,0.106,222311,40,80,13108,17,68,109.475124,0.322086170895,-152.171895,-42.696770,-18.394989
1048576,1048640,2097280,0.106,222311,40,80,13108,17,69,111.109606,0.322086170895,-154.409689,-43.300083,-18.394989
1048576,1048640,2097280,0.106,222311,40,80,13108,17,70,112.744087,0.322086170895,-156.647482,-43.903395,-18.394989
1048576,1048640,2097280,0.106,222311,40,80,13108,17,71,114.378569,0.322086170895,-158.885274,-44.506705,-18.394989
1048576,1048640,2097280,0.106,222311,40,80,13108,17,72,116.013050,0.322086170895,-161.123064,-45.110014,-18.394989
1048576,1048640,2097280,0.106,222311,40,80,13108,17,73,117.647531,0.322086170895,-163.360853,-45.713322,-18.394989
1048576,1048640,2097280,0.106,222311,40,80,13108,17,74,119.282013,0.322086170895,-165.598641,-46.316628,-18.394989
1048576,1048640,2097280,0.106,222311,40,80,13108,17,75,120.916494,0.322086170895,-167.836427,-46.919933,-18.394989
1048576,1048640,2097280,0.106,222311,40,80,13108,17,76,122.550975,0.322086170895,-170.074211,-47.523236,-18.394989
1048576,1048640,2097280,0.106,222311,40,80,13108,17,77,124.185457,0.322086170895,-172.311994,-48.126537,-18.394989
1048576,1048640,2097280,0.106,222311,40,80,13108,17,78,125.819938,0.322086170895,-174.549775,-48.729837,-18.394989
1048576,1048640,2097280,0.106,222311,40,80,13108,17,79,127.454420,0.322086170895,-176.787554,-49.333135,-18.394989
1048576,1048640,2097280,0.106,222311,40,80,13108,17,80,129.088901,0.322086170895,-179.025331,-49.936430,-18.394989
1048576,1048640,2097280,0.106,222311,40,80,13108,17,81,130.723382,0.322086170895,-181.263106,-50.539724,-18.394989
1048576,1048640,2097280,0.106,222311,40,80,13108,17,82,132.357864,0.322086170895,-183.500878,-51.143014,-18.394989
1048576,1048640,2097280,0.106,222311,40,80,13108,17,83,133.992345,0.322086170895,-185.738648,-51.746303,-18.394989
1048576,1048640,2097280,0.106,222311,40,80,13108,17,84,135.626826,0.322086170895,-187.976414,-52.349588,-18.394989
1048576,1048640,2097280,0.106,222311,40,80,13108,17,85,137.261308,0.322086170895,-190.214177,-52.952870,-18.394989
1048576,1048640,2097280,0.106,222311,40,80,13108,17,86,138.895789,0.322086170895,-192.451937,-53.556148,-18.394989
1048576,1048640,2097280,0.106,222311,40,80,13108,17,87,140.530271,0.322086170895,-194.689693,-54.159423,-18.394989
1048576,1048640,2097280,0.106,222311,40,80,13108,17,88,142.164752,0.322086170895,-196.927445,-54.762693,-18.394989
1048576,1048640,2097280,0.106,222311,40,80,13108,17,89,143.799233,0.322086170895,-199.165192,-55.365959,-18.394989
1048576,1048640,2097280,0.106,222311,40,80,13108,17,90,145.433715,0.322086170895,-201.402934,-55.969219,-18.394989
1048576,1048640,2097280,0.106,222311,40,80,13108,17,91,147.068196,0.322086170895,-203.640670,-56.572474,-18.394989
1048576,1048640,2097280,0.106,222311,40,80,13108,17,92,148.702677,0.322086170895,-205.878400,-57.175722,-18.394989
1048576,1048640,2097280,0.106,222311,40,80,13108,17,93,150.337159,0.322086170895,-208.116123,-57.778964,-18.394989
1048576,1048640,2097280,0.106,222311,40,80,13108,17,94,151.971640,0.322086170895,-210.353838,-58.382198,-18.394989
1048576,1048640,2097280,0.106,222311,40,80,13108,17,95,153.606122,0.322086170895,-212.591544,-58.985423,-18.394989
1048576,1048640,2097280,0.106,222311,40,80,13108,17,96,155.240603,0.322086170895,-214.829241,-59.588638,-18.394989
1048576,1048640,2097280,0.106,222311,40,80,13108,17,97,156.875084,0.322086170895,-217.066928,-60.191843,-18.394989
1048576,1048640,2097280,0.106,222311,40,80,13108,17,98,158.509566,0.322086170895,-219.304602,-60.795037,-18.394989
1048576,1048640,2097280,0.106,222311,40,80,13108,17,99,160.144047,0.322086170895,-221.542264,-61.398217,-18.394989
1048576,1048640,2097280,0.106,222311,40,80,13108,17,100,161.778528,0.322086170895,-223.779911,-62.001382,-18.394989
1048576,1048640,2097280,0.106,222311,40,80,13108,17,101,163.413010,0.322086170895,-226.017541,-62.604531,-18.394989
1048576,1048640,2097280,0.106,222311,40,80,13108,17,102,165.047491,0.322086170895,-228.255154,-63.207663,-18.394989
1048576,1048640,2097280,0.106,222311,40,80,13108,17,103,166.681973,0.322086170895,-230.492746,-63.810773,-18.394989
1048576,1048640,2097280,0.106,222311,40,80,13108,17,104,168.316454,0.322086170895,-232.730316,-64.413862,-18.394989
1048576,1048640,2097280,0.106,222311,40,80,13108,17,105,169.950935,0.322086170895,-234.967860,-65.016925,-18.394989
1048576,1048640,2097280,0.106,222311,40,80,13108,17,106,171.585417,0.322086170895,-237.205376,-65.619960,-18.394989
1048576,1048640,2097280,0.106,222311,40,80,13108,17,107,173.219898,0.322086170895,-239.442861,-66.222963,-18.394989
1048576,1048640,2097280,0.106,222311,40,80,13108,17,108,174.854380,0.322086170895,-241.680311,-66.825932,-18.394989
1048576,1048640,2097280,0.106,222311,40,80,13108,17,109,176.488861,0.322086170895,-243.917722,-67.428861,-18.394989
1048576,1048640,2097280,0.106,222311,40,80,13108,17,110,178.123342,0.322086170895,-246.155089,-68.031747,-18.394989
1048576,1048640,2097280,0.106,222311,40,80,13108,17,111,179.757824,0.322086170895,-248.392408,-68.634584,-18.394989
1048576,1048640,2097280,0.106,222311,40,80,13108,17,112,181.392305,0.322086170895,-250.629672,-69.237367,-18.394989
1048576,1048640,2097280,0.106,222311,40,80,13108,17,113,183.026786,0.322086170895,-252.866875,-69.840088,-18.394989
1048576,1048640,2097280,0.106,222311,40,80,13108,17,114,184.661268,0.322086170895,-255.104010,-70.442743,-18.394989
1048576,1048640,2097280,0.106,222311,40,80,13108,17,115,186.295749,0.322086170895,-257.341070,-71.045321,-18.394989
1048576,1048640,2097280,0.106,222311,40,80,13108,17,116,187.930231,0.322086170895,-259.578045,-71.647815,-18.394989
1048576,1048640,2097280,0.106,222311,40,80,13108,17,117,189.564712,0.322086170895,-261.814926,-72.250214,-18.394989
1048576,1048640,2097280,0.106,222311,40,80,13108,17,118,191.199193,0.322086170895,-264.051702,-72.852509,-18.394989
1048576,1048640,2097280,0.106,222311,40,80,13108,17,119,192.833675,0.322086170895,-266.288360,-73.454686,-18.394989
1048576,1048640,2097280,0.106,222311,40,80,13108,17,120,194.468156,0.322086170895,-268.524888,-74.056732,-18.394989
1048576,1048640,2097280,0.106,222311,40,80,13108,17,121,196.102637,0.322086170895,-270.761269,-74.658632,-18.394989
1048576,1048640,2097280,0.106,222311,40,80,13108,17,122,197.737119,0.322086170895,-272.997488,-75.260369,-18.394989
1048576,1048640,2097280,0.106,222311,40,80,13108,17,123,199.371600,0.322086170895,-275.233525,-75.861924,-18.394989
1048576,1048640,2097280,0.106,222311,40,80,13108,17,124,201.006082,0.322086170895,-277.469359,-76.463278,-18.394989
1048576,1048640,2097280,0.106,222311,40,80,13108,17,125,202.640563,0.322086170895,-279.704968,-77.064406,-18.394989
1048576,1048640,2097280,0.106,222311,40,80,13108,17,126,204.275044,0.322086170895,-281.940327,-77.665283,-18.394989
1048576,1048640,2097280,0.106,222311,40,80,13108,17,127,205.909526,0.322086170895,-284.175406,-78.265880,-18.394989
1048576,1048640,2097280,0.106,222311,40,80,13108,17,128,207.544007,0.322086170895,-286.410174,-78.866167,-18.394989
1048576,1048640,2097280,0.106,222311,40,80,13108,17,129,209.178488,0.322086170895,-288.644596,-79.466108,-18.394989
1048576,1048640,2097280,0.106,222311,40,80,13108,17,130,210.812970,0.322086170895,-290.878635,-80.065665,-18.394989
1048576,1048640,2097280,0.106,222311,40,80,13108,17,131,212.447451,0.322086170895,-293.112246,-80.664795,-18.394989
1048576,1048640,2097280,0.106,222311,40,80,13108,17,132,214.081933,0.322086170895,-295.345384,-81.263452,-18.394989
1048576,1048640,2097280,0.106,222311,40,80,13108,17,133,215.716414,0.322086170895,-297.577997,-81.861583,-18.394989
1048576,1048640,2097280,0.106,222311,40,80,13108,17,134,217.350895,0.322086170895,-299.810027,-82.459132,-18.394989
1048576,1048640,2097280,0.106,222311,40,80,13108,17,135,218.985377,0.322086170895,-302.041413,-83.056036,-18.394989
1048576,1048640,2097280,0.106,222311,40,80,13108,17,136,220.619858,0.322086170895,-304.272084,-83.652226,-18.394989
1048576,1048640,2097280,0.106,222311,40,80,13108,17,137,222.254339,0.322086170895,-306.501968,-84.247628,-18.394989
1048576,1048640,2097280,0.106,222311,40,80,13108,17,138,223.888821,0.322086170895,-308.730981,-84.842160,-18.394989
1048576,1048640,2097280,0.106,222311,40,80,13108,17,139,225.523302,0.322086170895,-310.959035,-85.435733,-18.394989
1048576,1048640,2097280,0.106,222311,40,80,13108,17,140,227.157784,0.322086170895,-313.186033,-86.028249,-18.394989
1048576,1048640,2097280,0.106,222311,40,80,13108,17,141,228.792265,0.322086170895,-315.411870,-86.619605,-18.394989
1048576,1048640,2097280,0.106,222311,40,80,13108,17,142,230.426746,0.322086170895,-317.636433,-87.209686,-18.394989
1048576,1048640,2097280,0.106,222311,40,80,13108,17,143,232.061228,0.322086170895,-319.859600,-87.798373,-18.394989
1048576,1048640,2097280,0.106,222311,40,80,13108,17,144,233.695709,0.322086170895,-322.081243,-88.385534,-18.394989
1048576,1048640,2097280,0.106,222311,40,80,13108,17,145,235.330190,0.322086170895,-324.301223,-88.971032,-18.394989
1048576,1048640,2097280,0.106,222311,40,80,13108,17,146,236.964672,0.322086170895,-326.519393,-89.554721,-18.394989
1048576,1048640,2097280,0.106,222311,40,80,13108,17,147,238.599153,0.322086170895,-328.735598,-90.136445,-18.394989
1048576,1048640,2097280,0.106,222311,40,80,13108,17,148,240.233635,0.322086170895,-330.949679,-90.716044,-18.394989
1048576,1048640,2097280,0.106,222311,40,80,13108,17,149,241.868116,0.322086170895,-333.161466,-91.293350,-18.394989
1048576,1048640,2097280,0.106,222311,40,80,13108,17,150,243.502597,0.322086170895,-335.370786,-91.868189,-18.394989
1048576,1048640,2097280,0.106,222311,40,80,13108,17,151,245.137079,0.322086170895,-337.577464,-92.440385,-18.394989
1048576,1048640,2097280,0.106,222311,40,80,13108,17,152,246.771560,0.322086170895,-339.781320,-93.009759,-18.394989
1048576,1048640,2097280,0.106,222311,40,80,13108,17,153,248.406041,0.322086170895,-341.982175,-93.576133,-18.394989
1048576,1048640,2097280,0.106,222311,40,80,13108,17,154,250.040523,0.322086170895,-344.179852,-94.139329,-18.394989
1048576,1048640,2097280,0.106,222311,40,80,13108,17,155,251.675004,0.322086170895,-346.374180,-94.699176,-18.394989
1048576,1048640,2097280,0.106,222311,40,80,13108,17,156,253.309486,0.322086170895,-348.564994,-95.255509,-18.394989
1048576,1048640,2097280,0.106,222311,40,80,13108,17,157,254.943967,0.322086170895,-350.752140,-95.808173,-18.394989
1048576,1048640,2097280,0.106,222311,40,80,13108,17,158,256.578448,0.322086170895,-352.935475,-96.357027,-18.394989
1048576,1048640,2097280,0.106,222311,40,80,13108,17,159,258.212930,0.322086170895,-355.114874,-96.901944,-18.394989
1048576,1048640,2097280,0.106,222311,40,80,13108,17,160,259.847411,0.322086170895,-357.290229,-97.442818,-18.394989
1048576,1048640,2097280,0.106,222311,40,80,13108,18,1,-inf,,-2.237846,-inf,-inf
1048576,1048640,2097280,0.106,222311,40,80,13108,18,2,-inf,,-4.475692,-inf,-inf
1048576,1048640,2097280,0.106,222311,40,80,13108,18,3,-inf,,-6.713537,-inf,-inf
1048576,1048640,2097280,0.106,222311,40,80,13108,18,4,-inf,,-8.951381,-inf,-inf
1048576,1048640,2097280,0.106,222311,40,80,13108,18,5,-inf,,-11.189224,-inf,-inf
1048576,1048640,2097280,0.106,222311,40,80,13108,18,6,-inf,,-13.427067,-inf,-inf
1048576,1048640,2097280,0.106,222311,40,80,13108,18,7,-inf,,-15.664909,-inf,-inf
1048576,1048640,2097280,0.106,222311,40,80,13108,18,8,-inf,,-17.902750,-inf,-inf
1048576,1048640,2097280,0.106,222311,40,80,13108,18,9,-inf,,-20.140591,-inf,-inf
1048576,1048640,2097280,0.106,222311,40,80,13108,18,10,-inf,,-22.378431,-inf,-inf
1048576,1048640,2097280,0.106,222311,40,80,13108,18,11,-inf,,-24.616270,-inf,-inf
1048576,1048640,2097280,0.106,222311,40,80,13108,18,12,-inf,,-26.854109,-inf,-inf
1048576,1048640,2097280,0.106,222311,40,80,13108,18,13,-inf,,-29.091946,-inf,-inf
1048576,1048640,2097280,0.106,222311,40,80,13108,18,14,-inf,,-31.329784,-inf,-inf
1048576,1048640,2097280,0.106,222311,40,80,13108,18,15,-inf,,-33.567620,-inf,-inf
1048576,1048640,2097280,0.106,222311,40,80,13108,18,16,-inf,,-35.805456,-inf,-inf
1048576,1048640,2097280,0.106,222311,40,80,13108,18,17,-inf,,-38.043291,-inf,-inf
1048576,1048640,2097280,0.106,222311,40,80,13108,18,18,14.476776,0.141400061521,-40.281125,-25.804349,-25.804349
1048576,1048640,2097280,0.106,222311,40,80,13108,18,19,17.298922,0.141400061521,-42.518958,-25.220037,-24.482811
1048576,1048640,2097280,0.106,222311,40,80,13108,18,20,20.121067,0.141400061521,-44.756791,-24.635724,-23.557243
1048576,1048640,2097280,0.106,222311,40,80,13108,18,21,22.943212,0.141400061521,-46.994623,-24.051411,-22.783271
1048576,1048640,2097280,0.106,222311,40,80,13108,18,22,25.747209,0.156725588185,-49.232455,-23.485245,-22.091978
1048576,1048640,2097280,0.106,222311,40,80,13108,18,23,28.420897,0.156725588185,-51.470285,-23.049389,-21.492679
1048576,1048640,2097280,0.106,222311,40,80,13108,18,24,31.094584,0.156725588185,-53.708115,-22.613531,-20.946886
1048576,1048640,2097280,0.106,222311,40,80,13108,18,25,33.660643,0.173712159159,-55.945944,-22.285302,-20.466151
1048576,1048640,2097280,0.106,222311,40,80,13108,18,26,36.073198,0.192539805332,-58.183773,-22.110575,-20.065751
1048576,1048640,2097280,0.106,222311,40,80,13108,18,27,38.449970,0.192539805332,-60.421601,-21.971631,-19.724501
1048576,1048640,2097280,0.106,222311,40,80,13108,18,28,40.706468,0.21340807009,-62.659428,-21.952960,-19.445462
1048576,1048640,2097280,0.106,222311,40,80,13108,18,29,42.934782,0.21340807009,-64.897254,-21.962473,-19.213164
1048576,1048640,2097280,0.106,222311,40,80,13108,18,30,45.079124,0.236538124161,-67.135080,-22.055956,-19.024901
1048576,1048640,2097280,0.106,222311,40,80,13108,18,31,47.158979,0.236538124161,-69.372905,-22.213926,-18.874797
1048576,1048640,2097280,0.106,222311,40,80,13108,18,32,49.228174,0.262175109676,-71.610729,-22.382555,-18.753232
1048576,1048640,2097280,0.106,222311,40,80,13108,18,33,51.159571,0.262175109676,-73.848553,-22.688981,-18.661909
1048576,1048640,2097280,0.106,222311,40,80,13108,18,34,53.090968,0.262175109676,-76.086375,-22.995407,-18.592069
1048576,1048640,2097280,0.106,222311,40,80,13108,18,35,54.970140,0.290590738289,-78.324197,-23.354057,-18.539854
1048576,1048640,2097280,0.106,222311,40,80,13108,18,36,56.753080,0.290590738289,-80.562019,-23.808939,-18.502918
1048576,1048640,2097280,0.106,222311,40,80,13108,18,37,58.536019,0.290590738289,-82.799839,-24.263820,-18.476555
1048576,1048640,2097280,0.106,222311,40,80,13108,18,38,60.318958,0.290590738289,-85.037659,-24.718701,-18.457621
1048576,1048640,2097280,0.106,222311,40,80,13108,18,39,62.075155,0.322086170895,-87.275478,-25.200323,-18.444212
1048576,1048640,2097280,0.106,222311,40,80,13108,18,40,63.709636,0.322086170895,-89.513297,-25.803660,-18.435453
1048576,1048640,2097280,0.106,222311,40,80,13108,18,41,65.344118,0.322086170895,-91.751114,-26.406997,-18.429717
1048576,1048640,2097280,0.106,222311,40,80,13108,18,42,66.978599,0.322086170895,-93.988931,-27.010332,-18.425953
1048576,1048640,2097280,0.106,222311,40,80,13108,18,43,68.613080,0.322086170895,-96.226747,-27.613667,-18.423481
1048576,1048640,2097280,0.106,222311,40,80,13108,18,44,70.247562,0.322086170895,-98.464563,-28.217001,-18.421857
1048576,1048640,2097280,0.106,222311,40,80,13108,18,45,71.882043,0.322086170895,-100.702377,-28.820334,-18.420788
1048576,1048640,2097280,0.106,222311,40,80,13108,18,46,73.516524,0.322086170895,-102.940191,-29.423667,-18.420085
1048576,1048640,2097280,0.106,222311,40,80,13108,18,47,75.151006,0.322086170895,-105.178005,-30.026999,-18.419623
1048576,1048640,2097280,0.106,222311,40,80,13108,18,48,76.785487,0.322086170895,-107.415817,-30.630330,-18.419318
1048576,1048640,2097280,0.106,222311,40,80,13108,18,49,78.419969,0.322086170895,-109.653629,-31.233660,-18.419118
1048576,1048640,2097280,0.106,222311,40,80,13108,18,50,80.054450,0.322086170895,-111.891440,-31.836990,-18.418986
1048576,1048640,2097280,0.106,222311,40,80,13108,18,51,81.688931,0.322086170895,-114.129250,-32.440318,-18.418900
1048576,1048640,2097280,0.106,222311,40,80,13108,18,52,83.323413,0.322086170895,-116.367059,-33.043646,-18.418843
1048576,1048640,2097280,0.106,222311,40,80,13108,18,53,84.957894,0.322086170895,-118.604868,-33.646974,-18.418805
1048576,1048640,2097280,0.106,222311,40,80,13108,18,54,86.592375,0.322086170895,-120.842676,-34.250300,-18.418780
1048576,1048640,2097280,0.106,222311,40,80,13108,18,55,88.226857,0.322086170895,-123.080483,-34.853626,-18.418764
1048576,1048640,2097280,0.106,222311,40,80,13108,18,56,89.861338,0.322086170895,-125.318289,-35.456951,-18.418753
1048576,1048640,2097280,0.106,222311,40,80,13108,18,57,91.495820,0.322086170895,-127.556094,-36.060275,-18.418746
1048576,1048640,2097280,0.106,222311,40,80,13108,18,58,93.130301,0.322086170895,-129.793899,-36.663598,-18.418741
1048576,1048640,2097280,0.106,222311,40,80,13108,18,59,94.764782,0.322086170895,-132.031702,-37.266920,-18.418738
1048576,1048640,2097280,0.106,222311,40,80,13108,18,60,96.399264,0.322086170895,-134.269505,-37.870242,-18.418736
1048576,1048640,2097280,0.106,222311,40,80,13108,18,61,98.033745,0.322086170895,-136.507307,-38.473562,-18.418735
1048576,1048640,2097280,0.106,222311,40,80,13108,18,62,99.668226,0.322086170895,-138.745108,-39.076882,-18.418734
1048576,1048640,2097280,0.106,222311,40,80,13108,18,63,101.302708,0.322086170895,-140.982909,-39.680201,-18.418734
1048576,1048640,2097280,0.106,222311,40,80,13108,18,64,102.937189,0.322086170895,-143.220708,-40.283519,-18.418733
1048576,1048640,2097280,0.106,222311,40,80,13108,18,65,104.571671,0.322086170895,-145.458506,-40.886836,-18.418733
1048576,1048640,2097280,0.106,222311,40,80,13108,18,66,106.206152,0.322086170895,-147.696303,-41.490151,-18.418733
1048576,1048640,2097280,0.106,222311,40,80,13108,18,67,107.840633,0.322086170895,-149.934100,-42.093466,-18.418733
1048576,1048640,2097280,0.106,222311,40,80,13108,18,68,109.475115,0.322086170895,-152.171895,-42.696780,-18.418733
1048576,1048640,2097280,0.106,222311,40,80,13108,18,69,111.109596,0.322086170895,-154.409689,-43.300093,-18.418733
1048576,1048640,2097280,0.106,222311,40,80,13108,18,70,112.744077,0.322086170895,-156.647482,-43.903404,-18.418733
1048576,1048640,2097280,0.106,222311,40,80,13108,18,71,114.378559,0.322086170895,-158.885274,-44.506715,-18.418733
1048576,1048640,2097280,0.106,222311,40,80,13108,18,72,116.013040,0.322086170895,-161.123064,-45.110024,-18.418733
1048576,1048640,2097280,0.106,222311,40,80,13108,18,73,117.647522,0.322086170895,-163.360853,-45.713331,-18.418733
1048576,1048640,2097280,0.106,222311,40,80,13108,18,74,119.282003,0.322086170895,-165.598641,-46.316638,-18.418733
1048576,1048640,2097280,0.106,222311,40,80,13108,18,75,120.916484,0.322086170895,-167.836427,-46.919943,-18.418733
1048576,1048640,2097280,0.106,222311,40,80,13108,18,76,122.550966,0.322086170895,-170.074211,-47.523246,-18.418733
1048576,1048640,2097280,0.106,222311,40,80,13108,18,77,124.185447,0.322086170895,-172.311994,-48.126547,-18.418733
1048576,1048640,2097280,0.106,222311,40,80,13108,18,78,125.819928,0.322086170895,-174.549775,-48.729847,-18.418733
1048576,1048640,2097280,0.106,222311,40,80,13108,18,79,127.454410,0.322086170895,-176.787554,-49.333145,-18.418733
1048576,1048640,2097280,0.106,222311,40,80,13108,18,80,129.088891,0.322086170895,-179.025331,-49.936440,-18.418733
1048576,1048640,2097280,0.106,222311,40,80,13108,18,81,130.723373,0.322086170895,-181.263106,-50.539733,-18.418733
1048576,1048640,2097280,0.106,222311,40,80,13108,18,82,132.357854,0.322086170895,-183.500878,-51.143024,-18.418733
1048576,1048640,2097280,0.106,222311,40,80,13108,18,83,133.992335,0.322086170895,-185.738648,-51.746312,-18.418733
1048576,1048640,2097280,0.106,222311,40,80,13108,18,84,135.626817,0.322086170895,-187.976414,-52.349597,-18.418733
1048576,1048640,2097280,0.106,222311,40,80,13108,18,85,137.261298,0.322086170895,-190.214177,-52.952879,-18.418733
1048576,1048640,2097280,0.106,222311,40,80,13108,18,86,138.895780,0.322086170895,-192.451937,-53.556158,-18.418733
1048576,1048640,2097280,0.106,222311,40,80,13108,18,87,140.530261,0.322086170895,-194.689693,-54.159432,-18.418733
1048576,1048640,2097280,0.106,222311,40,80,13108,18,88,142.164742,0.322086170895,-196.927445,-54.762703,-18.418733
1048576,1048640,2097280,0.106,222311,40,80,13108,18,89,143.799224,0.322086170895,-199.165192,-55.365968,-18.418733
1048576,1048640,2097280,0.106,222311,40,80,13108,18,90,145.433705,0.322086170895,-201.402934,-55.969229,-18.418733
1048576,1048640,2097280,0.106,222311,40,80,13108,18,91,147.068186,0.322086170895,-203.640670,-56.572484,-18.418733
1048576,1048640,2097280,0.106,222311,40,80,13108,18,92,148.702668,0.322086170895,-205.878400,-57.175732,-18.418733
1048576,1048640,2097280,0.106,222311,40,80,13108,18,93,150.337149,0.322086170895,-208.116123,-57.778973,-18.418733
1048576,1048640,2097280,0.106,222311,40,80,13108,18,94,151.971631,0.322086170895,-210.353838,-58.382207,-18.418733
1048576,1048640,2097280,0.106,222311,40,80,13108,18,95,153.606112,0.322086170895,-212.591544,-58.985432,-18.418733
1048576,1048640,2097280,0.106,222311,40,80,13108,18,96,155.240593,0.322086170895,-214.829241,-59.588648,-18.418733
1048576,1048640,2097280,0.106,222311,40,80,13108,18,97,156.875075,0.322086170895,-217.066928,-60.191853,-18.418733
1048576,1048640,2097280,0.106,222311,40,80,13108,18,98,158.509556,0.322086170895,-219.304602,-60.795046,-18.418733
1048576,1048640,2097280,0.106,222311,40,80,13108,18,99,160.144037,0.322086170895,-221.542264,-61.398226,-18.418733
1048576,1048640,2097280,0.106,222311,40,80,13108,18,100,161.778519,0.322086170895,-223.779911,-62.001392,-18.418733
1048576,1048640,2097280,0.106,222311,40,80,13108,18,101,163.413000,0.322086170895,-226.017541,-62.604541,-18.418733
1048576,1048640,2097280,0.106,222311,40,80,13108,18,102,165.047482,0.322086170895,-228.255154,-63.207672,-18.418733
1048576,1048640,2097280,0.106,222311,40,80,13108,18,103,166.681963,0.322086170895,-230.492746,-63.810783,-18.418733
1048576,1048640,2097280,0.106,222311,40,80,13108,18,104,168.316444,0.322086170895,-232.730316,-64.413871,-18.418733
1048576,1048640,2097280,0.106,222311,40,80,13108,18,105,169.950926,0.322086170895,-234.967860,-65.016934,-18.418733
1048576,1048640,2097280,0.106,222311,40,80,13108,18,106,171.585407,0.322086170895,-237.205376,-65.619969,-18.418733
1048576,1048640,2097280,0.106,222311,40,80,13108,18,107,173.219888,0.322086170895,-239.442861,-66.222973,-18.418733
1048576,1048640,2097280,0.106,222311,40,80,13108,18,108,174.854370,0.322086170895,-241.680311,-66.825941,-18.418733
1048576,1048640,2097280,0.106,222311,40,80,13108,18,109,176.488851,0.322086170895,-243.917722,-67.428871,-18.418733
1048576,1048640,2097280,0.106,222311,40,80,13108,18,110,178.123333,0.322086170895,-246.155089,-68.031757,-18.418733
1048576,1048640,2097280,0.106,222311,40,80,13108,18,111,179.757814,0.322086170895,-248.392408,-68.634594,-18.418733
1048576,1048640,2097280,0.106,222311,40,80,13108,18,112,181.392295,0.322086170895,-250.629672,-69.237376,-18.418733
1048576,1048640,2097280,0.106,222311,40,80,13108,18,113,183.026777,0.322086170895,-252.866875,-69.840098,-18.418733
1048576,1048640,2097280,0.106,222311,40,80,13108,18,114,184.661258,0.322086170895,-255.104010,-70.442752,-18.418733
1048576,1048640,2097280,0.106,222311,40,80,13108,18,115,186.295739,0.322086170895,-257.341070,-71.045331,-18.418733
1048576,1048640,2097280,0.106,222311,40,80,13108,18,116,187.930221,0.322086170895,-259.578045,-71.647825,-18.418733
1048576,1048640,2097280,0.106,222311,40,80,13108,18,117,189.564702,0.322086170895,-261.814926,-72.250224,-18.418733
1048576,1048640,2097280,0.106,222311,40,80,13108,18,118,191.199184,0.322086170895,-264.051702,-72.852519,-18.418733
1048576,1048640,2097280,0.106,222311,40,80,13108,18,119,192.833665,0.322086170895,-266.288360,-73.454696,-18.418733
1048576,1048640,2097280,0.106,222311,40,80,13108,18,120,194.468146,0.322086170895,-268.524888,-74.056742,-18.418733
1048576,1048640,2097280,0.106,222311,40,80,13108,18,121,196.102628,0.322086170895,-270.761269,-74.658642,-18.418733
1048576,1048640,2097280,0.106,222311,40,80,13108,18,122,197.737109,0.322086170895,-272.997488,-75.260379,-18.418733
1048576,1048640,2097280,0.106,222311,40,80,13108,18,123,199.371590,0.322086170895,-275.233525,-75.861934,-18.418733
1048576,1048640,2097280,0.106,222311,40,80,13108,18,124,201.006072,0.322086170895,-277.469359,-76.463287,-18.418733
1048576,1048640,2097280,0.106,222311,40,80,13108,18,125,202.640553,0.322086170895,-279.704968,-77.064415,-18.418733
1048576,1048640,2097280,0.106,222311,40,80,13108,18,126,204.275035,0.322086170895,-281.940327,-77.665292,-18.418733
1048576,1048640,2097280,0.106,222311,40,80,13108,18,127,205.909516,0.322086170895,-284.175406,-78.265890,-18.418733
1048576,1048640,2097280,0.106,222311,40,80,13108,18,128,207.543997,0.322086170895,-286.410174,-78.866177,-18.418733
1048576,1048640,2097280,0.106,222311,40,80,13108,18,129,209.178479,0.322086170895,-288.644596,-79.466118,-18.418733
1048576,1048640,2097280,0.106,222311,40,80,13108,18,130,210.812960,0.322086170895,-290.878635,-80.065675,-18.418733
1048576,1048640,2097280,0.106,222311,40,80,13108,18,131,212.447441,0.322086170895,-293.112246,-80.664805,-18.418733
1048576,1048640,2097280,0.106,222311,40,80,13108,18,132,214.081923,0.322086170895,-295.345384,-81.263462,-18.418733
1048576,1048640,2097280,0.106,222311,40,80,13108,18,133,215.716404,0.322086170895,-297.577997,-81.861593,-18.418733
1048576,1048640,2097280,0.106,222311,40,80,13108,18,134,217.350886,0.322086170895,-299.810027,-82.459142,-18.418733
1048576,1048640,2097280,0.106,222311,40,80,13108,18,135,218.985367,0.322086170895,-302.041413,-83.056046,-18.418733
1048576,1048640,2097280,0.106,222311,40,80,13108,18,136,220.619848,0.322086170895,-304.272084,-83.652236,-18.418733
1048576,1048640,2097280,0.106,222311,40,80,13108,18,137,222.254330,0.322086170895,-306.501968,-84.247638,-18.418733
1048576,1048640,2097280,0.106,222311,40,80,13108,18,138,223.888811,0.322086170895,-308.730981,-84.842170,-18.418733
1048576,1048640,2097280,0.106,222311,40,80,13108,18,139,225.523292,0.322086170895,-310.959035,-85.435743,-18.418733
1048576,1048640,2097280,0.106,222311,40,80,13108,18,140,227.157774,0.322086170895,-313.186033,-86.028259,-18.418733
1048576,1048640,2097280,0.106,222311,40,80,13108,18,141,228.792255,0.322086170895,-315.411870,-86.619614,-18.418733
1048576,1048640,2097280,0.106,222311,40,80,13108,18,142,230.426737,0.322086170895,-317.636433,-87.209696,-18.418733
1048576,1048640,2097280,0.106,222311,40,80,13108,18,143,232.061218,0.322086170895,-319.859600,-87.798382,-18.418733
1048576,1048640,2097280,0.106,222311,40,80,13108,18,144,233.695699,0.322086170895,-322.081243,-88.385544,-18.418733
1048576,1048640,2097280,0.106,222311,40,80,13108,18,145,235.330181,0.322086170895,-324.301223,-88.971042,-18.418733
1048576,1048640,2097280,0.106,222311,40,80,13108,18,146,236.964662,0.322086170895,-326.519393,-89.554731,-18.418733
1048576,1048640,2097280,0.106,222311,40,80,13108,18,147,238.599143,0.322086170895,-328.735598,-90.136455,-18.418733
1048576,1048640,2097280,0.106,222311,40,80,13108,18,148,240.233625,0.322086170895,-330.949679,-90.716054,-18.418733
1048576,1048640,2097280,0.106,222311,40,80,13108,18,149,241.868106,0.322086170895,-333.161466,-91.293359,-18.418733
1048576,1048640,2097280,0.106,222311,40,80,13108,18,150,243.502588,0.322086170895,-335.370786,-91.868199,-18.418733
1048576,1048640,2097280,0.106,222311,40,80,13108,18,151,245.137069,0.322086170895,-337.577464,-92.440395,-18.418733
1048576,1048640,2097280,0.106,222311,40,80,13108,18,152,246.771550,0.322086170895,-339.781320,-93.009769,-18.418733
1048576,1048640,2097280,0.106,222311,40,80,13108,18,153,248.406032,0.322086170895,-341.982175,-93.576143,-18.418733
1048576,1048640,2097280,0.106,222311,40,80,13108,18,154,250.040513,0.322086170895,-344.179852,-94.139339,-18.418733
1048576,1048640,2097280,0.106,222311,40,80,13108,18,155,251.674994,0.322086170895,-346.374180,-94.699186,-18.418733
1048576,1048640,2097280,0.106,222311,40,80,13108,18,156,253.309476,0.322086170895,-348.564994,-95.255519,-18.418733
1048576,1048640,2097280,0.106,222311,40,80,13108,18,157,254.943957,0.322086170895,-350.752140,-95.808183,-18.418733
1048576,1048640,2097280,0.106,222311,40,80,13108,18,158,256.578439,0.322086170895,-352.935475,-96.357036,-18.418733
1048576,1048640,2097280,0.106,222311,40,80,13108,18,159,258.212920,0.322086170895,-355.114874,-96.901954,-18.418733
1048576,1048640,2097280,0.106,222311,40,80,13108,18,160,259.847401,0.322086170895,-357.290229,-97.442828,-18.418733
1048576,1048640,2097280,0.106,222311,40,80,13108,19,1,-inf,,-2.237846,-inf,-inf
1048576,1048640,2097280,0.106,222311,40,80,13108,19,2,-inf,,-4.475692,-inf,-inf
1048576,1048640,2097280,0.106,222311,40,80,13108,19,3,-inf,,-6.713537,-inf,-inf
1048576,1048640,2097280,0.106,222311,40,80,13108,19,4,-inf,,-8.951381,-inf,-inf
1048576,1048640,2097280,0.106,222311,40,80,13108,19,5,-inf,,-11.189224,-inf,-inf
1048576,1048640,2097280,0.106,222311,40,80,13108,19,6,-inf,,-13.427067,-inf,-inf
1048576,1048640,2097280,0.106,222311,40,80,13108,19,7,-inf,,-15.664909,-inf,-inf
1048576,1048640,2097280,0.106,222311,40,80,13108,19,8,-inf,,-17.902750,-inf,-inf
1048576,1048640,2097280,0.106,222311,40,80,13108,19,9,-inf,,-20.140591,-inf,-inf
1048576,1048640,2097280,0.106,222311,40,80,13108,19,10,-inf,,-22.378431,-inf,-inf
1048576,1048640,2097280,0.106,222311,40,80,13108,19,11,-inf,,-24.616270,-inf,-inf
1048576,1048640,2097280,0.106,222311,40,80,13108,19,12,-inf,,-26.854109,-inf,-inf
1048576,1048640,2097280,0.106,222311,40,80,13108,19,13,-inf,,-29.091946,-inf,-inf
1048576,1048640,2097280,0.106,222311,40,80,13108,19,14,-inf,,-31.329784,-inf,-inf
1048576,1048640,2097280,0.106,222311,40,80,13108,19,15,-inf,,-33.567620,-inf,-inf
1048576,1048640,2097280,0.106,222311,40,80,13108,19,16,-inf,,-35.805456,-inf,-inf
1048576,1048640,2097280,0.106,222311,40,80,13108,19,17,-inf,,-38.043291,-inf,-inf
1048576,1048640,2097280,0.106,222311,40,80,13108,19,18,-inf,,-40.281125,-inf,-inf
1048576,1048640,2097280,0.106,222311,40,80,13108,19,19,16.883884,0.141400061521,-42.518958,-25.635074,-25.635074
1048576,1048640,2097280,0.106,222311,40,80,13108,19,20,19.706029,0.141400061521,-44.756791,-25.050762,-24.313536
1048576,1048640,2097280,0.106,222311,40,80,13108,19,21,22.528175,0.141400061521,-46.994623,-24.466448,-23.387967
1048576,1048640,2097280,0.106,222311,40,80,13108,19,22,25.350320,0.141400061521,-49.232455,-23.882135,-22.613995
1048576,1048640,2097280,0.106,222311,40,80,13108,19,23,28.172465,0.141400061521,-51.470285,-23.297820,-21.915765
1048576,1048640,2097280,0.106,222311,40,80,13108,19,24,30.975939,0.156725588185,-53.708115,-22.732176,-21.266975
1048576,1048640,2097280,0.106,222311,40,80,13108,19,25,33.593529,0.173712159159,-55.945944,-22.352416,-20.709934
1048576,1048640,2097280,0.106,222311,40,80,13108,19,26,36.041458,0.192539805332,-58.183773,-22.142315,-20.255212
1048576,1048640,2097280,0.106,222311,40,80,13108,19,27,38.418230,0.192539805332,-60.421601,-22.003371,-19.879276
1048576,1048640,2097280,0.106,222311,40,80,13108,19,28,40.694259,0.21340807009,-62.659428,-21.965169,-19.574122
1048576,1048640,2097280,0.106,222311,40,80,13108,19,29,42.922572,0.21340807009,-64.897254,-21.974682,-19.323899
1048576,1048640,2097280,0.106,222311,40,80,13108,19,30,45.075370,0.236538124161,-67.135080,-22.059710,-19.122114
1048576,1048640,2097280,0.106,222311,40,80,13108,19,31,47.155226,0.236538124161,-69.372905,-22.217679,-18.962500
1048576,1048640,2097280,0.106,222311,40,80,13108,19,32,49.227279,0.262175109676,-71.610729,-22.383450,-18.833723
1048576,1048640,2097280,0.106,222311,40,80,13108,19,33,51.158677,0.262175109676,-73.848553,-22.689876,-18.737390
1048576,1048640,2097280,0.106,222311,40,80,13108,19,34,53.090074,0.262175109676,-76.086375,-22.996301,-18.663937
1048576,1048640,2097280,0.106,222311,40,80,13108,19,35,54.969978,0.290590738289,-78.324197,-23.354219,-18.609111
1048576,1048640,2097280,0.106,222311,40,80,13108,19,36,56.752918,0.290590738289,-80.562019,-23.809101,-18.570387
1048576,1048640,2097280,0.106,222311,40,80,13108,19,37,58.535857,0.290590738289,-82.799839,-24.263982,-18.542777
1048576,1048640,2097280,0.106,222311,40,80,13108,19,38,60.318796,0.290590738289,-85.037659,-24.718863,-18.522962
1048576,1048640,2097280,0.106,222311,40,80,13108,19,39,62.075130,0.322086170895,-87.275478,-25.200348,-18.508935
1048576,1048640,2097280,0.106,222311,40,80,13108,19,40,63.709611,0.322086170895,-89.513297,-25.803685,-18.499775
1048576,1048640,2097280,0.106,222311,40,80,13108,19,41,65.344093,0.322086170895,-91.751114,-26.407021,-18.493778
1048576,1048640,2097280,0.106,222311,40,80,13108,19,42,66.978574,0.322086170895,-93.988931,-27.010357,-18.489844
1048576,1048640,2097280,0.106,222311,40,80,13108,19,43,68.613055,0.322086170895,-96.226747,-27.613692,-18.487261
1048576,1048640,2097280,0.106,222311,40,80,13108,19,44,70.247537,0.322086170895,-98.464563,-28.217026,-18.485562
1048576,1048640,2097280,0.106,222311,40,80,13108,19,45,71.882018,0.322086170895,-100.702377,-28.820359,-18.484446
1048576,1048640,2097280,0.106,222311,40,80,13108,19,46,73.516500,0.322086170895,-102.940191,-29.423692,-18.483711
1048576,1048640,2097280,0.106,222311,40,80,13108,19,47,75.150981,0.322086170895,-105.178005,-30.027024,-18.483228
1048576,1048640,2097280,0.106,222311,40,80,13108,19,48,76.785462,0.322086170895,-107.415817,-30.630355,-18.482910
1048576,1048640,2097280,0.106,222311,40,80,13108,19,49,78.419944,0.322086170895,-109.653629,-31.233685,-18.482701
1048576,1048640,2097280,0.106,222311,40,80,13108,19,50,80.054425,0.322086170895,-111.891440,-31.837015,-18.482563
1048576,1048640,2097280,0.106,222311,40,80,13108,19,51,81.688906,0.322086170895,-114.129250,-32.440343,-18.482472
1048576,1048640,2097280,0.106,222311,40,80,13108,19,52,83.323388,0.322086170895,-116.367059,-33.043671,-18.482412
1048576,1048640,2097280,0.106,222311,40,80,13108,19,53,84.957869,0.322086170895,-118.604868,-33.646999,-18.482373
1048576,1048640,2097280,0.106,222311,40,80,13108,19,54,86.592351,0.322086170895,-120.842676,-34.250325,-18.482347
1048576,1048640,2097280,0.106,222311,40,80,13108,19,55,88.226832,0.322086170895,-123.080483,-34.853651,-18.482330
1048576,1048640,2097280,0.106,222311,40,80,13108,19,56,89.861313,0.322086170895,-125.318289,-35.456975,-18.482319
1048576,1048640,2097280,0.106,222311,40,80,13108,19,57,91.495795,0.322086170895,-127.556094,-36.060299,-18.482312
1048576,1048640,2097280,0.106,222311,40,80,13108,19,58,93.130276,0.322086170895,-129.793899,-36.663623,-18.482307
1048576,1048640,2097280,0.106,222311,40,80,13108,19,59,94.764757,0.322086170895,-132.031702,-37.266945,-18.482304
1048576,1048640,2097280,0.106,222311,40,80,13108,19,60,96.399239,0.322086170895,-134.269505,-37.870266,-18.482302
1048576,1048640,2097280,0.106,222311,40,80,13108,19,61,98.033720,0.322086170895,-136.507307,-38.473587,-18.482300
1048576,1048640,2097280,0.106,222311,40,80,13108,19,62,99.668202,0.322086170895,-138.745108,-39.076907,-18.482299
1048576,1048640,2097280,0.106,222311,40,80,13108,19,63,101.302683,0.322086170895,-140.982909,-39.680226,-18.482299
1048576,1048640,2097280,0.106,222311,40,80,13108,19,64,102.937164,0.322086170895,-143.220708,-40.283543,-18.482298
1048576,1048640,2097280,0.106,222311,40,80,13108,19,65,104.571646,0.322086170895,-145.458506,-40.886860,-18.482298
1048576,1048640,2097280,0.106,222311,40,80,13108,19,66,106.206127,0.322086170895,-147.696303,-41.490176,-18.482298
1048576,1048640,2097280,0.106,222311,40,80,13108,19,67,107.840608,0.322086170895,-149.934100,-42.093491,-18.482298
1048576,1048640,2097280,0.106,222311,40,80,13108,19,68,109.475090,0.322086170895,-152.171895,-42.696805,-18.482298
1048576,1048640,2097280,0.106,222311,40,80,13108,19,69,111.109571,0.322086170895,-154.409689,-43.300118,-18.482298
1048576,1048640,2097280,0.106,222311,40,80,13108,19,70,112.744053,0.322086170895,-156.647482,-43.903429,-18.482298
1048576,1048640,2097280,0.106,222311,40,80,13108,19,71,114.378534,0.322086170895,-158.885274,-44.506740,-18.482298
1048576,1048640,2097280,0.106,222311,40,80,13108,19,72,116.013015,0.322086170895,-161.123064,-45.110049,-18.482298
1048576,1048640,2097280,0.106,222311,40,80,13108,19,73,117.647497,0.322086170895,-163.360853,-45.713356,-18.482298
1048576,1048640,2097280,0.106,222311,40,80,13108,19,74,119.281978,0.322086170895,-165.598641,-46.316663,-18.482298
1048576,1048640,2097280,0.106,222311,40,80,13108,19,75,120.916460,0.322086170895,-167.836427,-46.919967,-18.482298
1048576,1048640,2097280,0.106,222311,40,80,13108,19,76,122.550941,0.322086170895,-170.074211,-47.523271,-18.482298
1048576,1048640,2097280,0.106,222311,40,80,13108,19,77,124.185422,0.322086170895,-172.311994,-48.126572,-18.482298
1048576,1048640,2097280,0.106,222311,40,80,13108,19,78,125.819904,0.322086170895,-174.549775,-48.729872,-18.482298
1048576,1048640,2097280,0.106,222311,40,80,13108,19,79,127.454385,0.322086170895,-176.787554,-49.333169,-18.482298
1048576,1048640,2097280,0.106,222311,40,80,13108,19,80,129.088866,0.322086170895,-179.025331,-49.936465,-18.482298
1048576,1048640,2097280,0.106,222311,40,80,13108,19,81,130.723348,0.322086170895,-181.263106,-50.539758,-18.482298
1048576,1048640,2097280,0.106,222311,40,80,13108,19,82,132.357829,0.322086170895,-183.500878,-51.143049,-18.482298
1048576,1048640,2097280,0.106,222311,40,80,13108,19,83,133.992311,0.322086170895,-185.738648,-51.746337,-18.482298
1048576,1048640,2097280,0.106,222311,40,80,13108,19,84,135.626792,0.322086170895,-187.976414,-52.349622,-18.482298
1048576,1048640,2097280,0.106,222311,40,80,13108,19,85,137.261273,0.322086170895,-190.214177,-52.952904,-18.482298
1048576,1048640,2097280,0.106,222311,40,80,13108,19,86,138.895755,0.322086170895,-192.451937,-53.556183,-18.482298
1048576,1048640,2097280,0.106,222311,40,80,13108,19,87,140.530236,0.322086170895,-194.689693,-54.159457,-18.482298
1048576,1048640,2097280,0.106,222311,40,80,13108,19,88,142.164717,0.322086170895,-196.927445,-54.762728,-18.482298
1048576,1048640,2097280,0.106,222311,40,80,13108,19,89,143.799199,0.322086170895,-199.165192,-55.365993,-18.482298
1048576,1048640,2097280,0.106,222311,40,80,13108,19,90,145.433680,0.322086170895,-201.402934,-55.969254,-18.482298
1048576,1048640,2097280,0.106,222311,40,80,13108,19,91,147.068162,0.322086170895,-203.640670,-56.572508,-18.482298
1048576,1048640,2097280,0.106,222311,40,80,13108,19,92,148.702643,0.322086170895,-205.878400,-57.175757,-18.482298
1048576,1048640,2097280,0.106,222311,40,80,13108,19,93,150.337124,0.322086170895,-208.116123,-57.778998,-18.482298
1048576,1048640,2097280,0.106,222311,40,80,13108,19,94,151.971606,0.322086170895,-210.353838,-58.382232,-18.482298
1048576,1048640,2097280,0.106,222311,40,80,13108,19,95,153.606087,0.322086170895,-212.591544,-58.985457,-18.482298
1048576,1048640,2097280,0.106,222311,40,80,13108,19,96,155.240568,0.322086170895,-214.829241,-59.588673,-18.482298
1048576,1048640,2097280,0.106,222311,40,80,13108,19,97,156.875050,0.322086170895,-217.066928,-60.191878,-18.482298
1048576,1048640,2097280,0.106,222311,40,80,13108,19,98,158.509531,0.322086170895,-219.304602,-60.795071,-18.482298
1048576,1048640,2097280,0.106,222311,40,80,13108,19,99,160.144013,0.322086170895,-221.542264,-61.398251,-18.482298
1048576,1048640,2097280,0.106,222311,40,80,13108,19,100,161.778494,0.322086170895,-223.779911,-62.001417,-18.482298
1048576,1048640,2097280,0.106,222311,40,80,13108,19,101,163.412975,0.322086170895,-226.017541,-62.604566,-18.482298
1048576,1048640,2097280,0.106,222311,40,80,13108,19,102,165.047457,0.322086170895,-228.255154,-63.207697,-18.482298
1048576,1048640,2097280,0.106,222311,40,80,13108,19,103,166.681938,0.322086170895,-230.492746,-63.810808,-18.482298
1048576,1048640,2097280,0.106,222311,40,80,13108,19,104,168.316419,0.322086170895,-232.730316,-64.413896,-18.482298
1048576,1048640,2097280,0.106,222311,40,80,13108,19,105,169.950901,0.322086170895,-234.967860,-65.016959,-18.482298
1048576,1048640,2097280,0.106,222311,40,80,13108,19,106,171.585382,0.322086170895,-237.205376,-65.619994,-18.482298
1048576,1048640,2097280,0.106,222311,40,80,13108,19,107,173.219864,0.322086170895,-239.442861,-66.222998,-18.482298
1048576,1048640,2097280,0.106,222311,40,80,13108,19,108,174.854345,0.322086170895,-241.680311,-66.825966,-18.482298
1048576,1048640,2097280,0.106,222311,40,80,13108,19,109,176.488826,0.322086170895,-243.917722,-67.428896,-18.482298
1048576,1048640,2097280,0.106,222311,40,80,13108,19,110,178.123308,0.322086170895,-246.155089,-68.031781,-18.482298
1048576,1048640,2097280,0.106,222311,40,80,13108,19,111,179.757789,0.322086170895,-248.392408,-68.634619,-18.482298
1048576,1048640,2097280,0.106,222311,40,80,13108,19,112,181.392270,0.322086170895,-250.629672,-69.237401,-18.482298
1048576,1048640,2097280,0.106,222311,40,80,13108,19,113,183.026752,0.322086170895,-252.866875,-69.840123,-18.482298
1048576,1048640,2097280,0.106,222311,40,80,13108,19,114,184.661233,0.322086170895,-255.104010,-70.442777,-18.482298
1048576,1048640,2097280,0.106,222311,40,80,13108,19,115,186.295715,0.322086170895,-257.341070,-71.045356,-18.482298
1048576,1048640,2097280,0.106,222311,40,80,13108,19,116,187.930196,0.322086170895,-259.578045,-71.647849,-18.482298
1048576,1048640,2097280,0.106,222311,40,80,13108,19,117,189.564677,0.322086170895,-261.814926,-72.250249,-18.482298
1048576,1048640,2097280,0.106,222311,40,80,13108,19,118,191.199159,0.322086170895,-264.051702,-72.852543,-18.482298
1048576,1048640,2097280,0.106,222311,40,80,13108,19,119,192.833640,0.322086170895,-266.288360,-73.454720,-18.482298
1048576,1048640,2097280,0.106,222311,40,80,13108,19,120,194.468121,0.322086170895,-268.524888,-74.056766,-18.482298
1048576,1048640,2097280,0.106,222311,40,80,13108,19,121,196.102603,0.322086170895,-270.761269,-74.658666,-18.482298
1048576,1048640,2097280,0.106,222311,40,80,13108,19,122,197.737084,0.322086170895,-272.997488,-75.260403,-18.482298
1048576,1048640,2097280,0.106,222311,40,80,13108,19,123,199.371566,0.322086170895,-275.233525,-75.861959,-18.482298
1048576,1048640,2097280,0.106,222311,40,80,13108,19,124,201.006047,0.322086170895,-277.469359,-76.463312,-18.482298
1048576,1048640,2097280,0.106,222311,40,80,13108,19,125,202.640528,0.322086170895,-279.704968,-77.064440,-18.482298
1048576,1048640,2097280,0.106,222311,40,80,13108,19,126,204.275010,0.322086170895,-281.940327,-77.665317,-18.482298
1048576,1048640,2097280,0.106,222311,40,80,13108,19,127,205.909491,0.322086170895,-284.175406,-78.265915,-18.482298
1048576,1048640,2097280,0.106,222311,40,80,13108,19,128,207.543972,0.322086170895,-286.410174,-78.866201,-18.482298
1048576,1048640,2097280,0.106,222311,40,80,13108,19,129,209.178454,0.322086170895,-288.644596,-79.466143,-18.482298
1048576,1048640,2097280,0.106,222311,40,80,13108,19,130,210.812935,0.322086170895,-290.878635,-80.065700,-18.482298
1048576,1048640,2097280,0.106,222311,40,80,13108,19,131,212.447417,0.322086170895,-293.112246,-80.664830,-18.482298
1048576,1048640,2097280,0.106,222311,40,80,13108,19,132,214.081898,0.322086170895,-295.345384,-81.263486,-18.482298
1048576,1048640,2097280,0.106,222311,40,80,13108,19,133,215.716379,0.322086170895,-297.577997,-81.861618,-18.482298
1048576,1048640,2097280,0.106,222311,40,80,13108,19,134,217.350861,0.322086170895,-299.810027,-82.459166,-18.482298
1048576,1048640,2097280,0.106,222311,40,80,13108,19,135,218.985342,0.322086170895,-302.041413,-83.056070,-18.482298
1048576,1048640,2097280,0.106,222311,40,80,13108,19,136,220.619823,0.322086170895,-304.272084,-83.652261,-18.482298
1048576,1048640,2097280,0.106,222311,40,80,13108,19,137,222.254305,0.322086170895,-306.501968,-84.247663,-18.482298
1048576,1048640,2097280,0.106,222311,40,80,13108,19,138,223.888786,0.322086170895,-308.730981,-84.842195,-18.482298
1048576,1048640,2097280,0.106,222311,40,80,13108,19,139,225.523268,0.322086170895,-310.959035,-85.435767,-18.482298
1048576,1048640,2097280,0.106,222311,40,80,13108,19,140,227.157749,0.322086170895,-313.186033,-86.028284,-18.482298
1048576,1048640,2097280,0.106,222311,40,80,13108,19,141,228.792230,0.322086170895,-315.411870,-86.619639,-18.482298
1048576,1048640,2097280,0.106,222311,40,80,13108,19,142,230.426712,0.322086170895,-317.636433,-87.209721,-18.482298
1048576,1048640,2097280,0.106,222311,40,80,13108,19,143,232.061193,0.322086170895,-319.859600,-87.798407,-18.482298
1048576,1048640,2097280,0.106,222311,40,80,13108,19,144,233.695674,0.322086170895,-322.081243,-88.385569,-18.482298
1048576,1048640,2097280,0.106,222311,40,80,13108,19,145,235.330156,0.322086170895,-324.301223,-88.971067,-18.482298
1048576,1048640,2097280,0.106,222311,40,80,13108,19,146,236.964637,0.322086170895,-326.519393,-89.554755,-18.482298
1048576,1048640,2097280,0.106,222311,40,80,13108,19,147,238.599119,0.322086170895,-328.735598,-90.136480,-18.482298
1048576,1048640,2097280,0.106,222311,40,80,13108,19,148,240.233600,0.322086170895,-330.949679,-90.716079,-18.482298
1048576,1048640,2097280,0.106,222311,40,80,13108,19,149,241.868081,0.322086170895,-333.161466,-91.293384,-18.482298
1048576,1048640,2097280,0.106,222311,40,80,13108,19,150,243.502563,0.322086170895,-335.370786,-91.868223,-18.482298
1048576,1048640,2097280,0.106,222311,40,80,13108,19,151,245.137044,0.322086170895,-337.577464,-92.440420,-18.482298
1048576,1048640,2097280,0.106,222311,40,80,13108,19,152,246.771525,0.322086170895,-339.781320,-93.009794,-18.482298
1048576,1048640,2097280,0.106,222311,40,80,13108,19,153,248.406007,0.322086170895,-341.982175,-93.576168,-18.482298
1048576,1048640,2097280,0.106,222311,40,80,13108,19,154,250.040488,0.322086170895,-344.179852,-94.139364,-18.482298
1048576,1048640,2097280,0.106,222311,40,80,13108,19,155,251.674970,0.322086170895,-346.374180,-94.699211,-18.482298
1048576,1048640,2097280,0.106,222311,40,80,13108,19,156,253.309451,0.322086170895,-348.564994,-95.255543,-18.482298
1048576,1048640,2097280,0.106,222311,40,80,13108,19,157,254.943932,0.322086170895,-350.752140,-95.808208,-18.482298
1048576,1048640,2097280,0.106,222311,40,80,13108,19,158,256.578414,0.322086170895,-352.935475,-96.357061,-18.482298
1048576,1048640,2097280,0.106,222311,40,80,13108,19,159,258.212895,0.322086170895,-355.114874,-96.901979,-18.482298
1048576,1048640,2097280,0.106,222311,40,80,13108,19,160,259.847377,0.322086170895,-357.290229,-97.442853,-18.482298
1048576,1048640,2097280,0.106,222311,40,80,13108,20,1,-inf,,-2.237846,-inf,-inf
1048576,1048640,2097280,0.106,222311,40,80,13108,20,2,-inf,,-4.475692,-inf,-inf
1048576,1048640,2097280,0.106,222311,40,80,13108,20,3,-inf,,-6.713537,-inf,-inf
1048576,1048640,2097280,0.106,222311,40,80,13108,20,4,-inf,,-8.951381,-inf,-inf
1048576,1048640,2097280,0.106,222311,40,80,13108,20,5,-inf,,-11.189224,-inf,-inf
1048576,1048640,2097280,0.106,222311,40,80,13108,20,6,-inf,,-13.427067,-inf,-inf
1048576,1048640,2097280,0.106,222311,40,80,13108,20,7,-inf,,-15.664909,-inf,-inf
1048576,1048640,2097280,0.106,222311,40,80,13108,20,8,-inf,,-17.902750,-inf,-inf
1048576,1048640,2097280,0.106,222311,40,80,13108,20,9,-inf,,-20.140591,-inf,-inf
1048576,1048640,2097280,0.106,222311,40,80,13108,20,10,-inf,,-22.378431,-inf,-inf
1048576,1048640,2097280,0.106,222311,40,80,13108,20,11,-inf,,-24.616270,-inf,-inf
1048576,1048640,2097280,0.106,222311,40,80,13108,20,12,-inf,,-26.854109,-inf,-inf
1048576,1048640,2097280,0.106,222311,40,80,13108,20,13,-inf,,-29.091946,-inf,-inf
1048576,1048640,2097280,0.106,222311,40,80,13108,20,14,-inf,,-31.329784,-inf,-inf
1048576,1048640,2097280,0.106,222311,40,80,13108,20,15,-inf,,-33.567620,-inf,-inf
1048576,1048640,2097280,0.106,222311,40,80,13108,20,16,-inf,,-35.805456,-inf,-inf
1048576,1048640,2097280,0.106,222311,40,80,13108,20,17,-inf,,-38.043291,-inf,-inf
1048576,1048640,2097280,0.106,222311,40,80,13108,20,18,-inf,,-40.281125,-inf,-inf
1048576,1048640,2097280,0.106,222311,40,80,13108,20,19,-inf,,-42.518958,-inf,-inf
1048576,1048640,2097280,0.106,222311,40,80,13108,20,20,19.121067,0.141400061521,-44.756791,-25.635724,-25.635724
1048576,1048640,2097280,0.106,222311,40,80,13108,20,21,21.943212,0.141400061521,-46.994623,-25.051411,-24.314186
1048576,1048640,2097280,0.106,222311,40,80,13108,20,22,24.765358,0.141400061521,-49.232455,-24.467097,-23.388616
1048576,1048640,2097280,0.106,222311,40,80,13108,20,23,27.587503,0.141400061521,-51.470285,-23.882782,-22.614644
1048576,1048640,2097280,0.106,222311,40,80,13108,20,24,30.409648,0.141400061521,-53.708115,-23.298467,-21.916413
1048576,1048640,2097280,0.106,222311,40,80,13108,20,25,33.231794,0.141400061521,-55.945944,-22.714151,-21.260832
1048576,1048640,2097280,0.106,222311,40,80,13108,20,26,35.994588,0.192539805332,-58.183773,-22.189185,-20.651589
1048576,1048640,2097280,0.106,222311,40,80,13108,20,27,38.371360,0.192539805332,-60.421601,-22.050241,-20.187670
1048576,1048640,2097280,0.106,222311,40,80,13108,20,28,40.674575,0.21340807009,-62.659428,-21.984853,-19.822834
1048576,1048640,2097280,0.106,222311,40,80,13108,20,29,42.902888,0.21340807009,-64.897254,-21.994366,-19.533619
1048576,1048640,2097280,0.106,222311,40,80,13108,20,30,45.068711,0.236538124161,-67.135080,-22.066369,-19.303651
1048576,1048640,2097280,0.106,222311,40,80,13108,20,31,47.148566,0.236538124161,-69.372905,-22.224338,-19.124695
1048576,1048640,2097280,0.106,222311,40,80,13108,20,32,49.225525,0.262175109676,-71.610729,-22.385204,-18.981499
1048576,1048640,2097280,0.106,222311,40,80,13108,20,33,51.156922,0.262175109676,-73.848553,-22.691630,-18.875274
1048576,1048640,2097280,0.106,222311,40,80,13108,20,34,53.088320,0.262175109676,-76.086375,-22.998056,-18.794751
1048576,1048640,2097280,0.106,222311,40,80,13108,20,35,54.969626,0.290590738289,-78.324197,-23.354571,-18.734843
1048576,1048640,2097280,0.106,222311,40,80,13108,20,36,56.752565,0.290590738289,-80.562019,-23.809453,-18.692654
1048576,1048640,2097280,0.106,222311,40,80,13108,20,37,58.535505,0.290590738289,-82.799839,-24.264334,-18.662635
1048576,1048640,2097280,0.106,222311,40,80,13108,20,38,60.318444,0.290590738289,-85.037659,-24.719215,-18.641121
1048576,1048640,2097280,0.106,222311,40,80,13108,20,39,62.075070,0.322086170895,-87.275478,-25.200408,-18.625903
1048576,1048640,2097280,0.106,222311,40,80,13108,20,40,63.709551,0.322086170895,-89.513297,-25.803745,-18.615974
1048576,1048640,2097280,0.106,222311,40,80,13108,20,41,65.344033,0.322086170895,-91.751114,-26.407081,-18.609475
1048576,1048640,2097280,0.106,222311,40,80,13108,20,42,66.978514,0.322086170895,-93.988931,-27.010417,-18.605213
1048576,1048640,2097280,0.106,222311,40,80,13108,20,43,68.612996,0.322086170895,-96.226747,-27.613752,-18.602415
1048576,1048640,2097280,0.106,222311,40,80,13108,20,44,70.247477,0.322086170895,-98.464563,-28.217086,-18.600575
1048576,1048640,2097280,0.106,222311,40,80,13108,20,45,71.881958,0.322086170895,-100.702377,-28.820419,-18.599366
1048576,1048640,2097280,0.106,222311,40,80,13108,20,46,73.516440,0.322086170895,-102.940191,-29.423752,-18.598571
1048576,1048640,2097280,0.106,222311,40,80,13108,20,47,75.150921,0.322086170895,-105.178005,-30.027083,-18.598047
1048576,1048640,2097280,0.106,222311,40,80,13108,20,48,76.785402,0.322086170895,-107.415817,-30.630415,-18.597703
1048576,1048640,2097280,0.106,222311,40,80,13108,20,49,78.419884,0.322086170895,-109.653629,-31.233745,-18.597476
1048576,1048640,2097280,0.106,222311,40,80,13108,20,50,80.054365,0.322086170895,-111.891440,-31.837074,-18.597327
1048576,1048640,2097280,0.106,222311,40,80,13108,20,51,81.688847,0.322086170895,-114.129250,-32.440403,-18.597229
1048576,1048640,2097280,0.106,222311,40,80,13108,20,52,83.323328,0.322086170895,-116.367059,-33.043731,-18.597165
1048576,1048640,2097280,0.106,222311,40,80,13108,20,53,84.957809,0.322086170895,-118.604868,-33.647058,-18.597122
1048576,1048640,2097280,0.106,222311,40,80,13108,20,54,86.592291,0.322086170895,-120.842676,-34.250385,-18.597094
1048576,1048640,2097280,0.106,222311,40,80,13108,20,55,88.226772,0.322086170895,-123.080483,-34.853710,-18.597076
1048576,1048640,2097280,0.106,222311,40,80,13108,20,56,89.861253,0.322086170895,-125.318289,-35.457035,-18.597063
1048576,1048640,2097280,0.106,222311,40,80,13108,20,57,91.495735,0.322086170895,-127.556094,-36.060359,-18.597055
1048576,1048640,2097280,0.106,222311,40,80,13108,20,58,93.130216,0.322086170895,-129.793899,-36.663683,-18.597050
1048576,1048640,2097280,0.106,222311,40,80,13108,20,59,94.764698,0.322086170895,-132.031702,-37.267005,-18.597047
1048576,1048640,2097280,0.106,222311,40,80,13108,20,60,96.399179,0.322086170895,-134.269505,-37.870326,-18.597044
1048576,1048640,2097280,0.106,222311,40,80,13108,20,61,98.033660,0.322086170895,-136.507307,-38.473647,-18.597043
1048576,1048640,2097280,0.106,222311,40,80,13108,20,62,99.668142,0.322086170895,-138.745108,-39.076967,-18.597042
1048576,1048640,2097280,0.106,222311,40,80,13108,20,63,101.302623,0.322086170895,-140.982909,-39.680285,-18.597041
1048576,1048640,2097280,0.106,222311,40,80,13108,20,64,102.937105,0.322086170895,-143.220708,-40.283603,-18.597041
1048576,1048640,2097280,0.106,222311,40,80,13108,20,65,104.571586,0.322086170895,-145.458506,-40.886920,-18.597041
1048576,1048640,2097280,0.106,222311,40,80,13108,20,66,106.206067,0.322086170895,-147.696303,-41.490236,-18.597040
1048576,1048640,2097280,0.106,222311,40,80,13108,20,67,107.840549,0.322086170895,-149.934100,-42.093551,-18.597040
1048576,1048640,2097280,0.106,222311,40,80,13108,20,68,109.475030,0.322086170895,-152.171895,-42.696865,-18.597040
1048576,1048640,2097280,0.106,222311,40,80,13108,20,69,111.109511,0.322086170895,-154.409689,-43.300178,-18.597040
1048576,1048640,2097280,0.106,222311,40,80,13108,20,70,112.743993,0.322086170895,-156.647482,-43.903489,-18.597040
1048576,1048640,2097280,0.106,222311,40,80,13108,20,71,114.378474,0.322086170895,-158.885274,-44.506799,-18.597040
1048576,1048640,2097280,0.106,222311,40,80,13108,20,72,116.012956,0.322086170895,-161.123064,-45.110108,-18.597040
1048576,1048640,2097280,0.106,222311,40,80,13108,20,73,117.647437,0.322086170895,-163.360853,-45.713416,-18.597040
1048576,1048640,2097280,0.106,222311,40,80,13108,20,74,119.281918,0.322086170895,-165.598641,-46.316722,-18.597040
1048576,1048640,2097280,0.106,222311,40,80,13108,20,75,120.916400,0.322086170895,-167.836427,-46.920027,-18.597040
1048576,1048640,2097280,0.106,222311,40,80,13108,20,76,122.550881,0.322086170895,-170.074211,-47.523330,-18.597040
1048576,1048640,2097280,0.106,222311,40,80,13108,20,77,124.185362,0.322086170895,-172.311994,-48.126632,-18.597040
1048576,1048640,2097280,0.106,222311,40,80,13108,20,78,125.819844,0.322086170895,-174.549775,-48.729932,-18.597040
1048576,1048640,2097280,0.106,222311,40,80,13108,20,79,127.454325,0.322086170895,-176.787554,-49.333229,-18.597040
1048576,1048640,2097280,0.106,222311,40,80,13108,20,80,129.088807,0.322086170895,-179.025331,-49.936525,-18.597040
1048576,1048640,2097280,0.106,222311,40,80,13108,20,81,130.723288,0.322086170895,-181.263106,-50.539818,-18.597040
1048576,1048640,2097280,0.106,222311,40,80,13108,20,82,132.357769,0.322086170895,-183.500878,-51.143109,-18.597040
1048576,1048640,2097280,0.106,222311,40,80,13108,20,83,133.992251,0.322086170895,-185.738648,-51.746397,-18.597040
1048576,1048640,2097280,0.106,222311,40,80,13108,20,84,135.626732,0.322086170895,-187.976414,-52.349682,-18.597040
1048576,1048640,2097280,0.106,222311,40,80,13108,20,85,137.261213,0.322086170895,-190.214177,-52.952964,-18.597040
1048576,1048640,2097280,0.106,222311,40,80,13108,20,86,138.895695,0.322086170895,-192.451937,-53.556243,-18.597040
1048576,1048640,2097280,0.106,222311,40,80,13108,20,87,140.530176,0.322086170895,-194.689693,-54.159517,-18.597040
1048576,1048640,2097280,0.106,222311,40,80,13108,20,88,142.164658,0.322086170895,-196.927445,-54.762787,-18.597040
1048576,1048640,2097280,0.106,222311,40,80,13108,20,89,143.799139,0.322086170895,-199.165192,-55.366053,-18.597040
1048576,1048640,2097280,0.106,222311,40,80,13108,20,90,145.433620,0.322086170895,-201.402934,-55.969313,-18.597040
1048576,1048640,2097280,0.106,222311,40,80,13108,20,91,147.068102,0.322086170895,-203.640670,-56.572568,-18.597040
1048576,1048640,2097280,0.106,222311,40,80,13108,20,92,148.702583,0.322086170895,-205.878400,-57.175817,-18.597040
1048576,1048640,2097280,0.106,222311,40,80,13108,20,93,150.337064,0.322086170895,-208.116123,-57.779058,-18.597040
1048576,1048640,2097280,0.106,222311,40,80,13108,20,94,151.971546,0.322086170895,-210.353838,-58.382292,-18.597040
1048576,1048640,2097280,0.106,222311,40,80,13108,20,95,153.606027,0.322086170895,-212.591544,-58.985517,-18.597040
1048576,1048640,2097280,0.106,222311,40,80,13108,20,96,155.240509,0.322086170895,-214.829241,-59.588733,-18.597040
1048576,1048640,2097280,0.106,222311,40,80,13108,20,97,156.874990,0.322086170895,-217.066928,-60.191938,-18.597040
1048576,1048640,2097280,0.106,222311,40,80,13108,20,98,158.509471,0.322086170895,-219.304602,-60.795131,-18.597040
1048576,1048640,2097280,0.106,222311,40,80,13108,20,99,160.143953,0.322086170895,-221.542264,-61.398311,-18.597040
1048576,1048640,2097280,0.106,222311,40,80,13108,20,100,161.778434,0.322086170895,-223.779911,-62.001477,-18.597040
1048576,1048640,2097280,0.106,222311,40,80,13108,20,101,163.412915,0.322086170895,-226.017541,-62.604626,-18.597040
1048576,1048640,2097280,0.106,222311,40,80,13108,20,102,165.047397,0.322086170895,-228.255154,-63.207757,-18.597040
1048576,1048640,2097280,0.106,222311,40,80,13108,20,103,166.681878,0.322086170895,-230.492746,-63.810868,-18.597040
1048576,1048640,2097280,0.106,222311,40,80,13108,20,104,168.316360,0.322086170895,-232.730316,-64.413956,-18.597040
1048576,1048640,2097280,0.106,222311,40,80,13108,20,105,169.950841,0.322086170895,-234.967860,-65.017019,-18.597040
1048576,1048640,2097280,0.106,222311,40,80,13108,20,106,171.585322,0.322086170895,-237.205376,-65.620054,-18.597040
1048576,1048640,2097280,0.106,222311,40,80,13108,20,107,173.219804,0.322086170895,-239.442861,-66.223058,-18.597040
1048576,1048640,2097280,0.106,222311,40,80,13108,20,108,174.854285,0.322086170895,-241.680311,-66.826026,-18.597040
1048576,1048640,2097280,0.106,222311,40,80,13108,20,109,176.488766,0.322086170895,-243.917722,-67.428956,-18.597040
1048576,1048640,2097280,0.106,222311,40,80,13108,20,110,178.123248,0.322086170895,-246.155089,-68.031841,-18.597040
1048576,1048640,2097280,0.106,222311,40,80,13108,20,111,179.757729,0.322086170895,-248.392408,-68.634678,-18.597040
1048576,1048640,2097280,0.106,222311,40,80,13108,20,112,181.392211,0.322086170895,-250.629672,-69.237461,-18.597040
1048576,1048640,2097280,0.106,222311,40,80,13108,20,113,183.026692,0.322086170895,-252.866875,-69.840183,-18.597040
1048576,1048640,2097280,0.106,222311,40,80,13108,20,114,184.661173,0.322086170895,-255.104010,-70.442837,-18.597040
1048576,1048640,2097280,0.106,222311,40,80,13108,20,115,186.295655,0.322086170895,-257.341070,-71.045415,-18.597040
1048576,1048640,2097280,0.106,222311,40,80,13108,20,116,187.930136,0.322086170895,-259.578045,-71.647909,-18.597040
1048576,1048640,2097280,0.106,222311,40,80,13108,20,117,189.564617,0.322086170895,-261.814926,-72.250309,-18.597040
1048576,1048640,2097280,0.106,222311,40,80,13108,20,118,191.199099,0.322086170895,-264.051702,-72.852603,-18.597040
1048576,1048640,2097280,0.106,222311,40,80,13108,20,119,192.833580,0.322086170895,-266.288360,-73.454780,-18.597040
1048576,1048640,2097280,0.106,222311,40,80,13108,20,120,194.468062,0.322086170895,-268.524888,-74.056826,-18.597040
1048576,1048640,2097280,0.106,222311,40,80,13108,20,121,196.102543,0.322086170895,-270.761269,-74.658726,-18.597040
1048576,1048640,2097280,0.106,222311,40,80,13108,20,122,197.737024,0.322086170895,-272.997488,-75.260463,-18.597040
1048576,1048640,2097280,0.106,222311,40,80,13108,20,123,199.371506,0.322086170895,-275.233525,-75.862019,-18.597040
1048576,1048640,2097280,0.106,222311,40,80,13108,20,124,201.005987,0.322086170895,-277.469359,-76.463372,-18.597040
1048576,1048640,2097280,0.106,222311,40,80,13108,20,125,202.640468,0.322086170895,-279.704968,-77.064500,-18.597040
1048576,1048640,2097280,0.106,222311,40,80,13108,20,126,204.274950,0.322086170895,-281.940327,-77.665377,-18.597040
1048576,1048640,2097280,0.106,222311,40,80,13108,20,127,205.909431,0.322086170895,-284.175406,-78.265975,-18.597040
1048576,1048640,2097280,0.106,222311,40,80,13108,20,128,207.543913,0.322086170895,-286.410174,-78.866261,-18.597040
1048576,1048640,2097280,0.106,222311,40,80,13108,20,129,209.178394,0.322086170895,-288.644596,-79.466202,-18.597040
1048576,1048640,2097280,0.106,222311,40,80,13108,20,130,210.812875,0.322086170895,-290.878635,-80.065759,-18.597040
1048576,1048640,2097280,0.106,222311,40,80,13108,20,131,212.447357,0.322086170895,-293.112246,-80.664890,-18.597040
1048576,1048640,2097280,0.106,222311,40,80,13108,20,132,214.081838,0.322086170895,-295.345384,-81.263546,-18.597040
1048576,1048640,2097280,0.106,222311,40,80,13108,20,133,215.716319,0.322086170895,-297.577997,-81.861677,-18.597040
1048576,1048640,2097280,0.106,222311,40,80,13108,20,134,217.350801,0.322086170895,-299.810027,-82.459226,-18.597040
1048576,1048640,2097280,0.106,222311,40,80,13108,20,135,218.985282,0.322086170895,-302.041413,-83.056130,-18.597040
1048576,1048640,2097280,0.106,222311,40,80,13108,20,136,220.619764,0.322086170895,-304.272084,-83.652321,-18.597040
1048576,1048640,2097280,0.106,222311,40,80,13108,20,137,222.254245,0.322086170895,-306.501968,-84.247723,-18.597040
1048576,1048640,2097280,0.106,222311,40,80,13108,20,138,223.888726,0.322086170895,-308.730981,-84.842255,-18.597040
1048576,1048640,2097280,0.106,222311,40,80,13108,20,139,225.523208,0.322086170895,-310.959035,-85.435827,-18.597040
1048576,1048640,2097280,0.106,222311,40,80,13108,20,140,227.157689,0.322086170895,-313.186033,-86.028344,-18.597040
1048576,1048640,2097280,0.106,222311,40,80,13108,20,141,228.792170,0.322086170895,-315.411870,-86.619699,-18.597040
1048576,1048640,2097280,0.106,222311,40,80,13108,20,142,230.426652,0.322086170895,-317.636433,-87.209781,-18.597040
1048576,1048640,2097280,0.106,222311,40,80,13108,20,143,232.061133,0.322086170895,-319.859600,-87.798467,-18.597040
1048576,1048640,2097280,0.106,222311,40,80,13108,20,144,233.695615,0.322086170895,-322.081243,-88.385629,-18.597040
1048576,1048640,2097280,0.106,222311,40,80,13108,20,145,235.330096,0.322086170895,-324.301223,-88.971127,-18.597040
1048576,1048640,2097280,0.106,222311,40,80,13108,20,146,236.964577,0.322086170895,-326.519393,-89.554815,-18.597040
1048576,1048640,2097280,0.106,222311,40,80,13108,20,147,238.599059,0.322086170895,-328.735598,-90.136540,-18.597040
1048576,1048640,2097280,0.106,222311,40,80,13108,20,148,240.233540,0.322086170895,-330.949679,-90.716139,-18.597040
1048576,1048640,2097280,0.106,222311,40,80,13108,20,149,241.868022,0.322086170895,-333.161466,-91.293444,-18.597040
1048576,1048640,2097280,0.106,222311,40,80,13108,20,150,243.502503,0.322086170895,-335.370786,-91.868283,-18.597040
1048576,1048640,2097280,0.106,222311,40,80,13108,20,151,245.136984,0.322086170895,-337.577464,-92.440479,-18.597040
1048576,1048640,2097280,0.106,222311,40,80,13108,20,152,246.771466,0.322086170895,-339.781320,-93.009854,-18.597040
1048576,1048640,2097280,0.106,222311,40,80,13108,20,153,248.405947,0.322086170895,-341.982175,-93.576228,-18.597040
1048576,1048640,2097280,0.106,222311,40,80,13108,20,154,250.040428,0.322086170895,-344.179852,-94.139424,-18.597040
1048576,1048640,2097280,0.106,222311,40,80,13108,20,155,251.674910,0.322086170895,-346.374180,-94.699271,-18.597040
1048576,1048640,2097280,0.106,222311,40,80,13108,20,156,253.309391,0.322086170895,-348.564994,-95.255603,-18.597040
1048576,1048640,2097280,0.106,222311,40,80,13108,20,157,254.943873,0.322086170895,-350.752140,-95.808267,-18.597040
1048576,1048640,2097280,0.106,222311,40,80,13108,20,158,256.578354,0.322086170895,-352.935475,-96.357121,-18.597040
1048576,1048640,2097280,0.106,222311,40,80,13108,20,159,258.212835,0.322086170895,-355.114874,-96.902039,-18.597040
1048576,1048640,2097280,0.106,222311,40,80,13108,20,160,259.847317,0.322086170895,-357.290229,-97.442913,-18.597040
1048576,1048640,2097280,0.106,222311,40,80,13108,21,1,-inf,,-2.237846,-inf,-inf
1048576,1048640,2097280,0.106,222311,40,80,13108,21,2,-inf,,-4.475692,-inf,-inf
1048576,1048640,2097280,0.106,222311,40,80,13108,21,3,-inf,,-6.713537,-inf,-inf
1048576,1048640,2097280,0.106,222311,40,80,13108,21,4,-inf,,-8.951381,-inf,-inf
1048576,1048640,2097280,0.106,222311,40,80,13108,21,5,-inf,,-11.189224,-inf,-inf
1048576,1048640,2097280,0.106,222311,40,80,13108,21,6,-inf,,-13.427067,-inf,-inf
1048576,1048640,2097280,0.106,222311,40,80,13108,21,7,-inf,,-15.664909,-inf,-inf
1048576,1048640,2097280,0.106,222311,40,80,13108,21,8,-inf,,-17.902750,-inf,-inf
1048576,1048640,2097280,0.106,222311,40,80,13108,21,9,-inf,,-20.140591,-inf,-inf
1048576,1048640,2097280,0.106,222311,40,80,13108,21,10,-inf,,-22.378431,-inf,-inf
1048576,1048640,2097280,0.106,222311,40,80,13108,21,11,-inf,,-24.616270,-inf,-inf
1048576,1048640,2097280,0.106,222311,40,80,13108,21,12,-inf,,-26.854109,-inf,-inf
1048576,1048640,2097280,0.106,222311,40,80,13108,21,13,-inf,,-29.091946,-inf,-inf
1048576,1048640,2097280,0.106,222311,40,80,13108,21,14,-inf,,-31.329784,-inf,-inf
1048576,1048640,2097280,0.106,222311,40,80,13108,21,15,-inf,,-33.567620,-inf,-inf
1048576,1048640,2097280,0.106,222311,40,80,13108,21,16,-inf,,-35.805456,-inf,-inf
1048576,1048640,2097280,0.106,222311,40,80,13108,21,17,-inf,,-38.043291,-inf,-inf
1048576,1048640,2097280,0.106,222311,40,80,13108,21,18,-inf,,-40.281125,-inf,-inf
1048576,1048640,2097280,0.106,222311,40,80,13108,21,19,-inf,,-42.518958,-inf,-inf
1048576,1048640,2097280,0.106,222311,40,80,13108,21,20,-inf,,-44.756791,-inf,-inf
1048576,1048640,2097280,0.106,222311,40,80,13108,21,21,20.943212,0.141400061521,-46.994623,-26.051411,-26.051411
1048576,1048640,2097280,0.106,222311,40,80,13108,21,22,23.765358,0.141400061521,-49.232455,-25.467097,-24.729872
1048576,1048640,2097280,0.106,222311,40,80,13108,21,23,26.587503,0.141400061521,-51.470285,-24.882782,-23.804302
1048576,1048640,2097280,0.106,222311,40,80,13108,21,24,29.409648,0.141400061521,-53.708115,-24.298467,-23.030329
1048576,1048640,2097280,0.106,222311,40,80,13108,21,25,32.231794,0.141400061521,-55.945944,-23.714151,-22.332098
1048576,1048640,2097280,0.106,222311,40,80,13108,21,26,35.053939,0.141400061521,-58.183773,-23.129834,-21.676516
1048576,1048640,2097280,0.106,222311,40,80,13108,21,27,37.876084,0.141400061521,-60.421601,-22.545516,-21.046552
1048576,1048640,2097280,0.106,222311,40,80,13108,21,28,40.644434,0.21340807009,-62.659428,-22.014994,-20.450994
1048576,1048640,2097280,0.106,222311,40,80,13108,21,29,42.872747,0.21340807009,-64.897254,-22.024507,-20.033085
1048576,1048640,2097280,0.106,222311,40,80,13108,21,30,45.057538,0.236538124161,-67.135080,-22.077541,-19.719940
1048576,1048640,2097280,0.106,222311,40,80,13108,21,31,47.137394,0.236538124161,-69.372905,-22.235511,-19.487427
1048576,1048640,2097280,0.106,222311,40,80,13108,21,32,49.217249,0.236538124161,-71.610729,-22.393480,-19.306757
1048576,1048640,2097280,0.106,222311,40,80,13108,21,33,51.153674,0.262175109676,-73.848553,-22.694878,-19.175147
1048576,1048640,2097280,0.106,222311,40,80,13108,21,34,53.085072,0.262175109676,-76.086375,-23.001304,-19.076857
1048576,1048640,2097280,0.106,222311,40,80,13108,21,35,54.968904,0.290590738289,-78.324197,-23.355293,-19.004367
1048576,1048640,2097280,0.106,222311,40,80,13108,21,36,56.751844,0.290590738289,-80.562019,-23.810175,-18.953687
1048576,1048640,2097280,0.106,222311,40,80,13108,21,37,58.534783,0.290590738289,-82.799839,-24.265056,-18.917805
1048576,1048640,2097280,0.106,222311,40,80,13108,21,38,60.317722,0.290590738289,-85.037659,-24.719937,-18.892178
1048576,1048640,2097280,0.106,222311,40,80,13108,21,39,62.074934,0.322086170895,-87.275478,-25.200544,-18.874088
1048576,1048640,2097280,0.106,222311,40,80,13108,21,40,63.709416,0.322086170895,-89.513297,-25.803881,-18.862303
1048576,1048640,2097280,0.106,222311,40,80,13108,21,41,65.343897,0.322086170895,-91.751114,-26.407217,-18.854598
1048576,1048640,2097280,0.106,222311,40,80,13108,21,42,66.978378,0.322086170895,-93.988931,-27.010553,-18.849549
1048576,1048640,2097280,0.106,222311,40,80,13108,21,43,68.612860,0.322086170895,-96.226747,-27.613888,-18.846235
1048576,1048640,2097280,0.106,222311,40,80,13108,21,44,70.247341,0.322086170895,-98.464563,-28.217222,-18.844058
1048576,1048640,2097280,0.106,222311,40,80,13108,21,45,71.881822,0.322086170895,-100.702377,-28.820555,-18.842626
1048576,1048640,2097280,0.106,222311,40,80,13108,21,46,73.516304,0.322086170895,-102.940191,-29.423888,-18.841685
1048576,1048640,2097280,0.106,222311,40,80,13108,21,47,75.150785,0.322086170895,-105.178005,-30.027219,-18.841066
1048576,1048640,2097280,0.106,222311,40,80,13108,21,48,76.785267,0.322086170895,-107.415817,-30.630550,-18.840658
1048576,1048640,2097280,0.106,222311,40,80,13108,21,49,78.419748,0.322086170895,-109.653629,-31.233881,-18.840390
1048576,1048640,2097280,0.106,222311,40,80,13108,21,50,80.054229,0.322086170895,-111.891440,-31.837210,-18.840213
1048576,1048640,2097280,0.106,222311,40,80,13108,21,51,81.688711,0.322086170895,-114.129250,-32.440539,-18.840097
1048576,1048640,2097280,0.106,222311,40,80,13108,21,52,83.323192,0.322086170895,-116.367059,-33.043867,-18.840021
1048576,1048640,2097280,0.106,222311,40,80,13108,21,53,84.957673,0.322086170895,-118.604868,-33.647194,-18.839971
1048576,1048640,2097280,0.106,222311,40,80,13108,21,54,86.592155,0.322086170895,-120.842676,-34.250521,-18.839937
1048576,1048640,2097280,0.106,222311,40,80,13108,21,55,88.226636,0.322086170895,-123.080483,-34.853846,-18.839916
1048576,1048640,2097280,0.106,222311,40,80,13108,21,56,89.861118,0.322086170895,-125.318289,-35.457171,-18.839901
1048576,1048640,2097280,0.106,222311,40,80,13108,21,57,91.495599,0.322086170895,-127.556094,-36.060495,-18.839892
1048576,1048640,2097280,0.106,222311,40,80,13108,21,58,93.130080,0.322086170895,-129.793899,-36.663818,-18.839886
1048576,1048640,2097280,0.106,222311,40,80,13108,21,59,94.764562,0.322086170895,-132.031702,-37.267141,-18.839881
1048576,1048640,2097280,0.106,222311,40,80,13108,21,60,96.399043,0.322086170895,-134.269505,-37.870462,-18.839879
1048576,1048640,2097280,0.106,222311,40,80,13108,21,61,98.033524,0.322086170895,-136.507307,-38.473783,-18.839877
1048576,1048640,2097280,0.106,222311,40,80,13108,21,62,99.668006,0.322086170895,-138.745108,-39.077103,-18.839876
1048576,1048640,2097280,0.106,222311,40,80,13108,21,63,101.302487,0.322086170895,-140.982909,-39.680421,-18.839875
1048576,1048640,2097280,0.106,222311,40,80,13108,21,64,102.936969,0.322086170895,-143.220708,-40.283739,-18.839875
1048576,1048640,2097280,0.106,222311,40,80,13108,21,65,104.571450,0.322086170895,-145.458506,-40.887056,-18.839874
1048576,1048640,2097280,0.106,222311,40,80,13108,21,66,106.205931,0.322086170895,-147.696303,-41.490372,-18.839874
1048576,1048640,2097280,0.106,222311,40,80,13108,21,67,107.840413,0.322086170895,-149.934100,-42.093687,-18.839874
1048576,1048640,2097280,0.106,222311,40,80,13108,21,68,109.474894,0.322086170895,-152.171895,-42.697001,-18.839874
1048576,1048640,2097280,0.106,222311,40,80,13108,21,69,111.109375,0.322086170895,-154.409689,-43.300313,-18.839874
1048576,1048640,2097280,0.106,222311,40,80,13108,21,70,112.743857,0.322086170895,-156.647482,-43.903625,-18.839874
1048576,1048640,2097280,0.106,222311,40,80,13108,21,71,114.378338,0.322086170895,-158.885274,-44.506935,-18.839874
1048576,1048640,2097280,0.106,222311,40,80,13108,21,72,116.012820,0.322086170895,-161.123064,-45.110244,-18.839874
1048576,1048640,2097280,0.106,222311,40,80,13108,21,73,117.647301,0.322086170895,-163.360853,-45.713552,-18.839874
1048576,1048640,2097280,0.106,222311,40,80,13108,21,74,119.281782,0.322086170895,-165.598641,-46.316858,-18.839874
1048576,1048640,2097280,0.106,222311,40,80,13108,21,75,120.916264,0.322086170895,-167.836427,-46.920163,-18.839874
1048576,1048640,2097280,0.106,222311,40,80,13108,21,76,122.550745,0.322086170895,-170.074211,-47.523466,-18.839874
1048576,1048640,2097280,0.106,222311,40,80,13108,21,77,124.185226,0.322086170895,-172.311994,-48.126768,-18.839874
1048576,1048640,2097280,0.106,222311,40,80,13108,21,78,125.819708,0.322086170895,-174.549775,-48.730068,-18.839874
1048576,1048640,2097280,0.106,222311,40,80,13108,21,79,127.454189,0.322086170895,-176.787554,-49.333365,-18.839874
1048576,1048640,2097280,0.106,222311,40,80,13108,21,80,129.088671,0.322086170895,-179.025331,-49.936661,-18.839874
1048576,1048640,2097280,0.106,222311,40,80,13108,21,81,130.723152,0.322086170895,-181.263106,-50.539954,-18.839874
1048576,1048640,2097280,0.106,222311,40,80,13108,21,82,132.357633,0.322086170895,-183.500878,-51.143245,-18.839874
1048576,1048640,2097280,0.106,222311,40,80,13108,21,83,133.992115,0.322086170895,-185.738648,-51.746533,-18.839874
1048576,1048640,2097280,0.106,222311,40,80,13108,21,84,135.626596,0.322086170895,-187.976414,-52.349818,-18.839874
1048576,1048640,2097280,0.106,222311,40,80,13108,21,85,137.261077,0.322086170895,-190.214177,-52.953100,-18.839874
1048576,1048640,2097280,0.106,222311,40,80,13108,21,86,138.895559,0.322086170895,-192.451937,-53.556378,-18.839874
1048576,1048640,2097280,0.106,222311,40,80,13108,21,87,140.530040,0.322086170895,-194.689693,-54.159653,-18.839874
1048576,1048640,2097280,0.106,222311,40,80,13108,21,88,142.164522,0.322086170895,-196.927445,-54.762923,-18.839874
1048576,1048640,2097280,0.106,222311,40,80,13108,21,89,143.799003,0.322086170895,-199.165192,-55.366189,-18.839874
1048576,1048640,2097280,0.106,222311,40,80,13108,21,90,145.433484,0.322086170895,-201.402934,-55.969449,-18.839874
1048576,1048640,2097280,0.106,222311,40,80,13108,21,91,147.067966,0.322086170895,-203.640670,-56.572704,-18.839874
1048576,1048640,2097280,0.106,222311,40,80,13108,21,92,148.702447,0.322086170895,-205.878400,-57.175953,-18.839874
1048576,1048640,2097280,0.106,222311,40,80,13108,21,93,150.336928,0.322086170895,-208.116123,-57.779194,-18.839874
1048576,1048640,2097280,0.106,222311,40,80,13108,21,94,151.971410,0.322086170895,-210.353838,-58.382428,-18.839874
1048576,1048640,2097280,0.106,222311,40,80,13108,21,95,153.605891,0.322086170895,-212.591544,-58.985653,-18.839874
1048576,1048640,2097280,0.106,222311,40,80,13108,21,96,155.240373,0.322086170895,-214.829241,-59.588869,-18.839874
1048576,1048640,2097280,0.106,222311,40,80,13108,21,97,156.874854,0.322086170895,-217.066928,-60.192074,-18.839874
1048576,1048640,2097280,0.106,222311,40,80,13108,21,98,158.509335,0.322086170895,-219.304602,-60.795267,-18.839874
1048576,1048640,2097280,0.106,222311,40,80,13108,21,99,160.143817,0.322086170895,-221.542264,-61.398447,-18.839874
1048576,1048640,2097280,0.106,222311,40,80,13108,21,100,161.778298,0.322086170895,-223.779911,-62.001613,-18.839874
1048576,1048640,2097280,0.106,222311,40,80,13108,21,101,163.412780,0.322086170895,-226.017541,-62.604762,-18.839874
1048576,1048640,2097280,0.106,222311,40,80,13108,21,102,165.047261,0.322086170895,-228.255154,-63.207893,-18.839874
1048576,1048640,2097280,0.106,222311,40,80,13108,21,103,166.681742,0.322086170895,-230.492746,-63.811004,-18.839874
1048576,1048640,2097280,0.106,222311,40,80,13108,21,104,168.316224,0.322086170895,-232.730316,-64.414092,-18.839874
1048576,1048640,2097280,0.106,222311,40,80,13108,21,105,169.950705,0.322086170895,-234.967860,-65.017155,-18.839874
1048576,1048640,2097280,0.106,222311,40,80,13108,21,106,171.585186,0.322086170895,-237.205376,-65.620190,-18.839874
1048576,1048640,2097280,0.106,222311,40,80,13108,21,107,173.219668,0.322086170895,-239.442861,-66.223194,-18.839874
1048576,1048640,2097280,0.106,222311,40,80,13108,21,108,174.854149,0.322086170895,-241.680311,-66.826162,-18.839874
1048576,1048640,2097280,0.106,222311,40,80,13108,21,109,176.488631,0.322086170895,-243.917722,-67.429091,-18.839874
1048576,1048640,2097280,0.106,222311,40,80,13108,21,110,178.123112,0.322086170895,-246.155089,-68.031977,-18.839874
1048576,1048640,2097280,0.106,222311,40,80,13108,21,111,179.757593,0.322086170895,-248.392408,-68.634814,-18.839874
1048576,1048640,2097280,0.106,222311,40,80,13108,21,112,181.392075,0.322086170895,-250.629672,-69.237597,-18.839874
1048576,1048640,2097280,0.106,222311,40,80,13108,21,113,183.026556,0.322086170895,-252.866875,-69.840319,-18.839874
1048576,1048640,2097280,0.106,222311,40,80,13108,21,114,184.661037,0.322086170895,-255.104010,-70.442973,-18.839874
1048576,1048640,2097280,0.106,222311,40,80,13108,21,115,186.295519,0.322086170895,-257.341070,-71.045551,-18.839874
1048576,1048640,2097280,0.106,222311,40,80,13108,21,116,187.930000,0.322086170895,-259.578045,-71.648045,-18.839874
1048576,1048640,2097280,0.106,222311,40,80,13108,21,117,189.564482,0.322086170895,-261.814926,-72.250445,-18.839874
1048576,1048640,2097280,0.106,222311,40,80,13108,21,118,191.198963,0.322086170895,-264.051702,-72.852739,-18.839874
1048576,1048640,2097280,0.106,222311,40,80,13108,21,119,192.833444,0.322086170895,-266.288360,-73.454916,-18.839874
1048576,1048640,2097280,0.106,222311,40,80,13108,21,120,194.467926,0.322086170895,-268.524888,-74.056962,-18.839874
1048576,1048640,2097280,0.106,222311,40,80,13108,21,121,196.102407,0.322086170895,-270.761269,-74.658862,-18.839874
1048576,1048640,2097280,0.106,222311,40,80,13108,21,122,197.736888,0.322086170895,-272.997488,-75.260599,-18.839874
1048576,1048640,2097280,0.106,222311,40,80,13108,21,123,199.371370,0.322086170895,-275.233525,-75.862155,-18.839874
1048576,1048640,2097280,0.106,222311,40,80,13108,21,124,201.005851,0.322086170895,-277.469359,-76.463508,-18.839874
1048576,1048640,2097280,0.106,222311,40,80,13108,21,125,202.640333,0.322086170895,-279.704968,-77.064636,-18.839874
1048576,1048640,2097280,0.106,222311,40,80,13108,21,126,204.274814,0.322086170895,-281.940327,-77.665513,-18.839874
1048576,1048640,2097280,0.106,222311,40,80,13108,21,127,205.909295,0.322086170895,-284.175406,-78.266110,-18.839874
1048576,1048640,2097280,0.106,222311,40,80,13108,21,128,207.543777,0.322086170895,-286.410174,-78.866397,-18.839874
1048576,1048640,2097280,0.106,222311,40,80,13108,21,129,209.178258,0.322086170895,-288.644596,-79.466338,-18.839874
1048576,1048640,2097280,0.106,222311,40,80,13108,21,130,210.812739,0.322086170895,-290.878635,-80.065895,-18.839874
1048576,1048640,2097280,0.106,222311,40,80,13108,21,131,212.447221,0.322086170895,-293.112246,-80.665026,-18.839874
1048576,1048640,2097280,0.106,222311,40,80,13108,21,132,214.081702,0.322086170895,-295.345384,-81.263682,-18.839874
1048576,1048640,2097280,0.106,222311,40,80,13108,21,133,215.716184,0.322086170895,-297.577997,-81.861813,-18.839874
1048576,1048640,2097280,0.106,222311,40,80,13108,21,134,217.350665,0.322086170895,-299.810027,-82.459362,-18.839874
1048576,1048640,2097280,0.106,222311,40,80,13108,21,135,218.985146,0.322086170895,-302.041413,-83.056266,-18.839874
1048576,1048640,2097280,0.106,222311,40,80,13108,21,136,220.619628,0.322086170895,-304.272084,-83.652457,-18.839874
1048576,1048640,2097280,0.106,222311,40,80,13108,21,137,222.254109,0.322086170895,-306.501968,-84.247859,-18.839874
1048576,1048640,2097280,0.106,222311,40,80,13108,21,138,223.888590,0.322086170895,-308.730981,-84.842391,-18.839874
1048576,1048640,2097280,0.106,222311,40,80,13108,21,139,225.523072,0.322086170895,-310.959035,-85.435963,-18.839874
1048576,1048640,2097280,0.106,222311,40,80,13108,21,140,227.157553,0.322086170895,-313.186033,-86.028480,-18.839874
1048576,1048640,2097280,0.106,222311,40,80,13108,21,141,228.792035,0.322086170895,-315.411870,-86.619835,-18.839874
1048576,1048640,2097280,0.106,222311,40,80,13108,21,142,230.426516,0.322086170895,-317.636433,-87.209917,-18.839874
1048576,1048640,2097280,0.106,222311,40,80,13108,21,143,232.060997,0.322086170895,-319.859600,-87.798603,-18.839874
1048576,1048640,2097280,0.106,222311,40,80,13108,21,144,233.695479,0.322086170895,-322.081243,-88.385765,-18.839874
1048576,1048640,2097280,0.106,222311,40,80,13108,21,145,235.329960,0.322086170895,-324.301223,-88.971263,-18.839874
1048576,1048640,2097280,0.106,222311,40,80,13108,21,146,236.964441,0.322086170895,-326.519393,-89.554951,-18.839874
1048576,1048640,2097280,0.106,222311,40,80,13108,21,147,238.598923,0.322086170895,-328.735598,-90.136676,-18.839874
1048576,1048640,2097280,0.106,222311,40,80,13108,21,148,240.233404,0.322086170895,-330.949679,-90.716274,-18.839874
1048576,1048640,2097280,0.106,222311,40,80,13108,21,149,241.867886,0.322086170895,-333.161466,-91.293580,-18.839874
1048576,1048640,2097280,0.106,222311,40,80,13108,21,150,243.502367,0.322086170895,-335.370786,-91.868419,-18.839874
1048576,1048640,2097280,0.106,222311,40,80,13108,21,151,245.136848,0.322086170895,-337.577464,-92.440615,-18.839874
1048576,1048640,2097280,0.106,222311,40,80,13108,21,152,246.771330,0.322086170895,-339.781320,-93.009990,-18.839874
1048576,1048640,2097280,0.106,222311,40,80,13108,21,153,248.405811,0.322086170895,-341.982175,-93.576364,-18.839874
1048576,1048640,2097280,0.106,222311,40,80,13108,21,154,250.040292,0.322086170895,-344.179852,-94.139560,-18.839874
1048576,1048640,2097280,0.106,222311,40,80,13108,21,155,251.674774,0.322086170895,-346.374180,-94.699407,-18.839874
1048576,1048640,2097280,0.106,222311,40,80,13108,21,156,253.309255,0.322086170895,-348.564994,-95.255739,-18.839874
1048576,1048640,2097280,0.106,222311,40,80,13108,21,157,254.943737,0.322086170895,-350.752140,-95.808403,-18.839874
1048576,1048640,2097280,0.106,222311,40,80,13108,21,158,256.578218,0.322086170895,-352.935475,-96.357257,-18.839874
1048576,1048640,2097280,0.106,222311,40,80,13108,21,159,258.212699,0.322086170895,-355.114874,-96.902175,-18.839874
1048576,1048640,2097280,0.106,222311,40,80,13108,21,160,259.847181,0.322086170895,-357.290229,-97.443049,-18.839874
1048576,1048640,2097280,0.106,222311,40,80,13108,22,1,-inf,,-2.237846,-inf,-inf
1048576,1048640,2097280,0.106,222311,40,80,13108,22,2,-inf,,-4.475692,-inf,-inf
1048576,1048640,2097280,0.106,222311,40,80,13108,22,3,-inf,,-6.713537,-inf,-inf
1048576,1048640,2097280,0.106,222311,40,80,13108,22,4,-inf,,-8.951381,-inf,-inf
1048576,1048640,2097280,0.106,222311,40,80,13108,22,5,-inf,,-11.189224,-inf,-inf
1048576,1048640,2097280,0.106,222311,40,80,13108,22,6,-inf,,-13.427067,-inf,-inf
1048576,1048640,2097280,0.106,222311,40,80,13108,22,7,-inf,,-15.664909,-inf,-inf
1048576,1048640,2097280,0.106,222311,40,80,13108,22,8,-inf,,-17.902750,-inf,-inf
1048576,1048640,2097280,0.106,222311,40,80,13108,22,9,-inf,,-20.140591,-inf,-inf
1048576,1048640,2097280,0.106,222311,40,80,13108,22,10,-inf,,-22.378431,-inf,-inf
1048576,1048640,2097280,0.106,222311,40,80,13108,22,11,-inf,,-24.616270,-inf,-inf
1048576,1048640,2097280,0.106,222311,40,80,13108,22,12,-inf,,-26.854109,-inf,-inf
1048576,1048640,2097280,0.106,222311,40,80,13108,22,13,-inf,,-29.091946,-inf,-inf
1048576,1048640,2097280,0.106,222311,40,80,13108,22,14,-inf,,-31.329784,-inf,-inf
1048576,1048640,2097280,0.106,222311,40,80,13108,22,15,-inf,,-33.567620,-inf,-inf
1048576,1048640,2097280,0.106,222311,40,80,13108,22,16,-inf,,-35.805456,-inf,-inf
1048576,1048640,2097280,0.106,222311,40,80,13108,22,17,-inf,,-38.043291,-inf,-inf
1048576,1048640,2097280,0.106,222311,40,80,13108,22,18,-inf,,-40.281125,-inf,-inf
1048576,1048640,2097280,0.106,222311,40,80,13108,22,19,-inf,,-42.518958,-inf,-inf
1048576,1048640,2097280,0.106,222311,40,80,13108,22,20,-inf,,-44.756791,-inf,-inf
1048576,1048640,2097280,0.106,222311,40,80,13108,22,21,-inf,,-46.994623,-inf,-inf
1048576,1048640,2097280,0.106,222311,40,80,13108,22,22,25.022844,0.156725588185,-49.232455,-24.209611,-24.209611
1048576,1048640,2097280,0.106,222311,40,80,13108,22,23,27.696531,0.156725588185,-51.470285,-23.773754,-22.975285
1048576,1048640,2097280,0.106,222311,40,80,13108,22,24,30.370218,0.156725588185,-53.708115,-23.337897,-22.145228
1048576,1048640,2097280,0.106,222311,40,80,13108,22,25,33.043906,0.156725588185,-55.945944,-22.902039,-21.474566
1048576,1048640,2097280,0.106,222311,40,80,13108,22,26,35.717593,0.156725588185,-58.183773,-22.466180,-20.886803
1048576,1048640,2097280,0.106,222311,40,80,13108,22,27,38.215942,0.192539805332,-60.421601,-22.205659,-20.400498
1048576,1048640,2097280,0.106,222311,40,80,13108,22,28,40.592713,0.192539805332,-62.659428,-22.066715,-20.005349
1048576,1048640,2097280,0.106,222311,40,80,13108,22,29,42.828754,0.21340807009,-64.897254,-22.068500,-19.695832
1048576,1048640,2097280,0.106,222311,40,80,13108,22,30,45.039742,0.236538124161,-67.135080,-22.095338,-19.445441
1048576,1048640,2097280,0.106,222311,40,80,13108,22,31,47.119597,0.236538124161,-69.372905,-22.253308,-19.252860
1048576,1048640,2097280,0.106,222311,40,80,13108,22,32,49.199453,0.236538124161,-71.610729,-22.411276,-19.099702
1048576,1048640,2097280,0.106,222311,40,80,13108,22,33,51.147979,0.262175109676,-73.848553,-22.700573,-18.985442
1048576,1048640,2097280,0.106,222311,40,80,13108,22,34,53.079377,0.262175109676,-76.086375,-23.006999,-18.899238
1048576,1048640,2097280,0.106,222311,40,80,13108,22,35,54.967505,0.290590738289,-78.324197,-23.356692,-18.835022
1048576,1048640,2097280,0.106,222311,40,80,13108,22,36,56.750444,0.290590738289,-80.562019,-23.811574,-18.789912
1048576,1048640,2097280,0.106,222311,40,80,13108,22,37,58.533384,0.290590738289,-82.799839,-24.266456,-18.757868
1048576,1048640,2097280,0.106,222311,40,80,13108,22,38,60.316323,0.290590738289,-85.037659,-24.721336,-18.734931
1048576,1048640,2097280,0.106,222311,40,80,13108,22,39,62.074642,0.322086170895,-87.275478,-25.200836,-18.718702
1048576,1048640,2097280,0.106,222311,40,80,13108,22,40,63.709124,0.322086170895,-89.513297,-25.804173,-18.708118
1048576,1048640,2097280,0.106,222311,40,80,13108,22,41,65.343605,0.322086170895,-91.751114,-26.407509,-18.701194
1048576,1048640,2097280,0.106,222311,40,80,13108,22,42,66.978086,0.322086170895,-93.988931,-27.010845,-18.696654
1048576,1048640,2097280,0.106,222311,40,80,13108,22,43,68.612568,0.322086170895,-96.226747,-27.614180,-18.693674
1048576,1048640,2097280,0.106,222311,40,80,13108,22,44,70.247049,0.322086170895,-98.464563,-28.217514,-18.691715
1048576,1048640,2097280,0.106,222311,40,80,13108,22,45,71.881531,0.322086170895,-100.702377,-28.820847,-18.690427
1048576,1048640,2097280,0.106,222311,40,80,13108,22,46,73.516012,0.322086170895,-102.940191,-29.424179,-18.689580
1048576,1048640,2097280,0.106,222311,40,80,13108,22,47,75.150493,0.322086170895,-105.178005,-30.027511,-18.689023
1048576,1048640,2097280,0.106,222311,40,80,13108,22,48,76.784975,0.322086170895,-107.415817,-30.630842,-18.688657
1048576,1048640,2097280,0.106,222311,40,80,13108,22,49,78.419456,0.322086170895,-109.653629,-31.234173,-18.688415
1048576,1048640,2097280,0.106,222311,40,80,13108,22,50,80.053937,0.322086170895,-111.891440,-31.837502,-18.688256
1048576,1048640,2097280,0.106,222311,40,80,13108,22,51,81.688419,0.322086170895,-114.129250,-32.440831,-18.688152
1048576,1048640,2097280,0.106,222311,40,80,13108,22,52,83.322900,0.322086170895,-116.367059,-33.044159,-18.688083
1048576,1048640,2097280,0.106,222311,40,80,13108,22,53,84.957382,0.322086170895,-118.604868,-33.647486,-18.688038
1048576,1048640,2097280,0.106,222311,40,80,13108,22,54,86.591863,0.322086170895,-120.842676,-34.250813,-18.688008
1048576,1048640,2097280,0.106,222311,40,80,13108,22,55,88.226344,0.322086170895,-123.080483,-34.854138,-18.687988
1048576,1048640,2097280,0.106,222311,40,80,13108,22,56,89.860826,0.322086170895,-125.318289,-35.457463,-18.687975
1048576,1048640,2097280,0.106,222311,40,80,13108,22,57,91.495307,0.322086170895,-127.556094,-36.060787,-18.687967
1048576,1048640,2097280,0.106,222311,40,80,13108,22,58,93.129788,0.322086170895,-129.793899,-36.664110,-18.687961
1048576,1048640,2097280,0.106,222311,40,80,13108,22,59,94.764270,0.322086170895,-132.031702,-37.267433,-18.687958
1048576,1048640,2097280,0.106,222311,40,80,13108,22,60,96.398751,0.322086170895,-134.269505,-37.870754,-18.687955
1048576,1048640,2097280,0.106,222311,40,80,13108,22,61,98.033233,0.322086170895,-136.507307,-38.474075,-18.687954
1048576,1048640,2097280,0.106,222311,40,80,13108,22,62,99.667714,0.322086170895,-138.745108,-39.077395,-18.687953
1048576,1048640,2097280,0.106,222311,40,80,13108,22,63,101.302195,0.322086170895,-140.982909,-39.680713,-18.687952
1048576,1048640,2097280,0.106,222311,40,80,13108,22,64,102.936677,0.322086170895,-143.220708,-40.284031,-18.687951
1048576,1048640,2097280,0.106,222311,40,80,13108,22,65,104.571158,0.322086170895,-145.458506,-40.887348,-18.687951
1048576,1048640,2097280,0.106,222311,40,80,13108,22,66,106.205639,0.322086170895,-147.696303,-41.490664,-18.687951
1048576,1048640,2097280,0.106,222311,40,80,13108,22,67,107.840121,0.322086170895,-149.934100,-42.093979,-18.687951
1048576,1048640,2097280,0.106,222311,40,80,13108,22,68,109.474602,0.322086170895,-152.171895,-42.697293,-18.687951
1048576,1048640,2097280,0.106,222311,40,80,13108,22,69,111.109084,0.322086170895,-154.409689,-43.300605,-18.687951
1048576,1048640,2097280,0.106,222311,40,80,13108,22,70,112.743565,0.322086170895,-156.647482,-43.903917,-18.687951
1048576,1048640,2097280,0.106,222311,40,80,13108,22,71,114.378046,0.322086170895,-158.885274,-44.507227,-18.687951
1048576,1048640,2097280,0.106,222311,40,80,13108,22,72,116.012528,0.322086170895,-161.123064,-45.110536,-18.687951
1048576,1048640,2097280,0.106,222311,40,80,13108,22,73,117.647009,0.322086170895,-163.360853,-45.713844,-18.687951
1048576,1048640,2097280,0.106,222311,40,80,13108,22,74,119.281490,0.322086170895,-165.598641,-46.317150,-18.687951
1048576,1048640,2097280,0.106,222311,40,80,13108,22,75,120.915972,0.322086170895,-167.836427,-46.920455,-18.687951
1048576,1048640,2097280,0.106,222311,40,80,13108,22,76,122.550453,0.322086170895,-170.074211,-47.523758,-18.687951
1048576,1048640,2097280,0.106,222311,40,80,13108,22,77,124.184935,0.322086170895,-172.311994,-48.127060,-18.687951
1048576,1048640,2097280,0.106,222311,40,80,13108,22,78,125.819416,0.322086170895,-174.549775,-48.730359,-18.687951
1048576,1048640,2097280,0.106,222311,40,80,13108,22,79,127.453897,0.322086170895,-176.787554,-49.333657,-18.687951
1048576,1048640,2097280,0.106,222311,40,80,13108,22,80,129.088379,0.322086170895,-179.025331,-49.936953,-18.687951
1048576,1048640,2097280,0.106,222311,40,80,13108,22,81,130.722860,0.322086170895,-181.263106,-50.540246,-18.687951
1048576,1048640,2097280,0.106,222311,40,80,13108,22,82,132.357341,0.322086170895,-183.500878,-51.143537,-18.687951
1048576,1048640,2097280,0.106,222311,40,80,13108,22,83,133.991823,0.322086170895,-185.738648,-51.746825,-18.687951
1048576,1048640,2097280,0.106,222311,40,80,13108,22,84,135.626304,0.322086170895,-187.976414,-52.350110,-18.687951
1048576,1048640,2097280,0.106,222311,40,80,13108,22,85,137.260786,0.322086170895,-190.214177,-52.953392,-18.687951
1048576,1048640,2097280,0.106,222311,40,80,13108,22,86,138.895267,0.322086170895,-192.451937,-53.556670,-18.687951
1048576,1048640,2097280,0.106,222311,40,80,13108,22,87,140.529748,0.322086170895,-194.689693,-54.159945,-18.687951
1048576,1048640,2097280,0.106,222311,40,80,13108,22,88,142.164230,0.322086170895,-196.927445,-54.763215,-18.687951
1048576,1048640,2097280,0.106,222311,40,80,13108,22,89,143.798711,0.322086170895,-199.165192,-55.366481,-18.687951
1048576,1048640,2097280,0.106,222311,40,80,13108,22,90,145.433192,0.322086170895,-201.402934,-55.969741,-18.687951
1048576,1048640,2097280,0.106,222311,40,80,13108,22,91,147.067674,0.322086170895,-203.640670,-56.572996,-18.687951
1048576,1048640,2097280,0.106,222311,40,80,13108,22,92,148.702155,0.322086170895,-205.878400,-57.176245,-18.687951
1048576,1048640,2097280,0.106,222311,40,80,13108,22,93,150.336637,0.322086170895,-208.116123,-57.779486,-18.687951
1048576,1048640,2097280,0.106,222311,40,80,13108,22,94,151.971118,0.322086170895,-210.353838,-58.382720,-18.687951
1048576,1048640,2097280,0.106,222311,40,80,13108,22,95,153.605599,0.322086170895,-212.591544,-58.985945,-18.687951
1048576,1048640,2097280,0.106,222311,40,80,13108,22,96,155.240081,0.322086170895,-214.829241,-59.589161,-18.687951
1048576,1048640,2097280,0.106,222311,40,80,13108,22,97,156.874562,0.322086170895,-217.066928,-60.192366,-18.687951
1048576,1048640,2097280,0.106,222311,40,80,13108,22,98,158.509043,0.322086170895,-219.304602,-60.795559,-18.687951
1048576,1048640,2097280,0.106,222311,40,80,13108,22,99,160.143525,0.322086170895,-221.542264,-61.398739,-18.687951
1048576,1048640,2097280,0.106,222311,40,80,13108,22,100,161.778006,0.322086170895,-223.779911,-62.001905,-18.687951
1048576,1048640,2097280,0.106,222311,40,80,13108,22,101,163.412488,0.322086170895,-226.017541,-62.605054,-18.687951
1048576,1048640,2097280,0.106,222311,40,80,13108,22,102,165.046969,0.322086170895,-228.255154,-63.208185,-18.687951
1048576,1048640,2097280,0.106,222311,40,80,13108,22,103,166.681450,0.322086170895,-230.492746,-63.811296,-18.687951
1048576,1048640,2097280,0.106,222311,40,80,13108,22,104,168.315932,0.322086170895,-232.730316,-64.414384,-18.687951
1048576,1048640,2097280,0.106,222311,40,80,13108,22,105,169.950413,0.322086170895,-234.967860,-65.017447,-18.687951
1048576,1048640,2097280,0.106,222311,40,80,13108,22,106,171.584894,0.322086170895,-237.205376,-65.620482,-18.687951
1048576,1048640,2097280,0.106,222311,40,80,13108,22,107,173.219376,0.322086170895,-239.442861,-66.223485,-18.687951
1048576,1048640,2097280,0.106,222311,40,80,13108,22,108,174.853857,0.322086170895,-241.680311,-66.826454,-18.687951
1048576,1048640,2097280,0.106,222311,40,80,13108,22,109,176.488339,0.322086170895,-243.917722,-67.429383,-18.687951
1048576,1048640,2097280,0.106,222311,40,80,13108,22,110,178.122820,0.322086170895,-246.155089,-68.032269,-18.687951
1048576,1048640,2097280,0.106,222311,40,80,13108,22,111,179.757301,0.322086170895,-248.392408,-68.635106,-18.687951
1048576,1048640,2097280,0.106,222311,40,80,13108,22,112,181.391783,0.322086170895,-250.629672,-69.237889,-18.687951
1048576,1048640,2097280,0.106,222311,40,80,13108,22,113,183.026264,0.322086170895,-252.866875,-69.840611,-18.687951
1048576,1048640,2097280,0.106,222311,40,80,13108,22,114,184.660745,0.322086170895,-255.104010,-70.443265,-18.687951
1048576,1048640,2097280,0.106,222311,40,80,13108,22,115,186.295227,0.322086170895,-257.341070,-71.045843,-18.687951
1048576,1048640,2097280,0.106,222311,40,80,13108,22,116,187.929708,0.322086170895,-259.578045,-71.648337,-18.687951
1048576,1048640,2097280,0.106,222311,40,80,13108,22,117,189.564190,0.322086170895,-261.814926,-72.250737,-18.687951
1048576,1048640,2097280,0.106,222311,40,80,13108,22,118,191.198671,0.322086170895,-264.051702,-72.853031,-18.687951
1048576,1048640,2097280,0.106,222311,40,80,13108,22,119,192.833152,0.322086170895,-266.288360,-73.455208,-18.687951
1048576,1048640,2097280,0.106,222311,40,80,13108,22,120,194.467634,0.322086170895,-268.524888,-74.057254,-18.687951
1048576,1048640,2097280,0.106,222311,40,80,13108,22,121,196.102115,0.322086170895,-270.761269,-74.659154,-18.687951
1048576,1048640,2097280,0.106,222311,40,80,13108,22,122,197.736597,0.322086170895,-272.997488,-75.260891,-18.687951
1048576,1048640,2097280,0.106,222311,40,80,13108,22,123,199.371078,0.322086170895,-275.233525,-75.862447,-18.687951
1048576,1048640,2097280,0.106,222311,40,80,13108,22,124,201.005559,0.322086170895,-277.469359,-76.463800,-18.687951
1048576,1048640,2097280,0.106,222311,40,80,13108,22,125,202.640041,0.322086170895,-279.704968,-77.064928,-18.687951
1048576,1048640,2097280,0.106,222311,40,80,13108,22,126,204.274522,0.322086170895,-281.940327,-77.665805,-18.687951
1048576,1048640,2097280,0.106,222311,40,80,13108,22,127,205.909003,0.322086170895,-284.175406,-78.266402,-18.687951
1048576,1048640,2097280,0.106,222311,40,80,13108,22,128,207.543485,0.322086170895,-286.410174,-78.866689,-18.687951
1048576,1048640,2097280,0.106,222311,40,80,13108,22,129,209.177966,0.322086170895,-288.644596,-79.466630,-18.687951
1048576,1048640,2097280,0.106,222311,40,80,13108,22,130,210.812448,0.322086170895,-290.878635,-80.066187,-18.687951
1048576,1048640,2097280,0.106,222311,40,80,13108,22,131,212.446929,0.322086170895,-293.112246,-80.665318,-18.687951
1048576,1048640,2097280,0.106,222311,40,80,13108,22,132,214.081410,0.322086170895,-295.345384,-81.263974,-18.687951
1048576,1048640,2097280,0.106,222311,40,80,13108,22,133,215.715892,0.322086170895,-297.577997,-81.862105,-18.687951
1048576,1048640,2097280,0.106,222311,40,80,13108,22,134,217.350373,0.322086170895,-299.810027,-82.459654,-18.687951
1048576,1048640,2097280,0.106,222311,40,80,13108,22,135,218.984854,0.322086170895,-302.041413,-83.056558,-18.687951
1048576,1048640,2097280,0.106,222311,40,80,13108,22,136,220.619336,0.322086170895,-304.272084,-83.652749,-18.687951
1048576,1048640,2097280,0.106,222311,40,80,13108,22,137,222.253817,0.322086170895,-306.501968,-84.248151,-18.687951
1048576,1048640,2097280,0.106,222311,40,80,13108,22,138,223.888299,0.322086170895,-308.730981,-84.842683,-18.687951
1048576,1048640,2097280,0.106,222311,40,80,13108,22,139,225.522780,0.322086170895,-310.959035,-85.436255,-18.687951
1048576,1048640,2097280,0.106,222311,40,80,13108,22,140,227.157261,0.322086170895,-313.186033,-86.028771,-18.687951
1048576,1048640,2097280,0.106,222311,40,80,13108,22,141,228.791743,0.322086170895,-315.411870,-86.620127,-18.687951
1048576,1048640,2097280,0.106,222311,40,80,13108,22,142,230.426224,0.322086170895,-317.636433,-87.210209,-18.687951
1048576,1048640,2097280,0.106,222311,40,80,13108,22,143,232.060705,0.322086170895,-319.859600,-87.798895,-18.687951
1048576,1048640,2097280,0.106,222311,40,80,13108,22,144,233.695187,0.322086170895,-322.081243,-88.386057,-18.687951
1048576,1048640,2097280,0.106,222311,40,80,13108,22,145,235.329668,0.322086170895,-324.301223,-88.971555,-18.687951
1048576,1048640,2097280,0.106,222311,40,80,13108,22,146,236.964150,0.322086170895,-326.519393,-89.555243,-18.687951
1048576,1048640,2097280,0.106,222311,40,80,13108,22,147,238.598631,0.322086170895,-328.735598,-90.136968,-18.687951
1048576,1048640,2097280,0.106,222311,40,80,13108,22,148,240.233112,0.322086170895,-330.949679,-90.716566,-18.687951
1048576,1048640,2097280,0.106,222311,40,80,13108,22,149,241.867594,0.322086170895,-333.161466,-91.293872,-18.687951
1048576,1048640,2097280,0.106,222311,40,80,13108,22,150,243.502075,0.322086170895,-335.370786,-91.868711,-18.687951
1048576,1048640,2097280,0.106,222311,40,80,13108,22,151,245.136556,0.322086170895,-337.577464,-92.440907,-18.687951
1048576,1048640,2097280,0.106,222311,40,80,13108,22,152,246.771038,0.322086170895,-339.781320,-93.010282,-18.687951
1048576,1048640,2097280,0.106,222311,40,80,13108,22,153,248.405519,0.322086170895,-341.982175,-93.576655,-18.687951
1048576,1048640,2097280,0.106,222311,40,80,13108,22,154,250.040001,0.322086170895,-344.179852,-94.139852,-18.687951
1048576,1048640,2097280,0.106,222311,40,80,13108,22,155,251.674482,0.322086170895,-346.374180,-94.699699,-18.687951
1048576,1048640,2097280,0.106,222311,40,80,13108,22,156,253.308963,0.322086170895,-348.564994,-95.256031,-18.687951
1048576,1048640,2097280,0.106,222311,40,80,13108,22,157,254.943445,0.322086170895,-350.752140,-95.808695,-18.687951
1048576,1048640,2097280,0.106,222311,40,80,13108,22,158,256.577926,0.322086170895,-352.935475,-96.357549,-18.687951
1048576,1048640,2097280,0.106,222311,40,80,13108,22,159,258.212407,0.322086170895,-355.114874,-96.902467,-18.687951
1048576,1048640,2097280,0.106,222311,40,80,13108,22,160,259.846889,0.322086170895,-357.290229,-97.443341,-18.687951
1048576,1048640,2097280,0.106,222311,40,80,13108,23,1,-inf,,-2.237846,-inf,-inf
1048576,1048640,2097280,0.106,222311,40,80,13108,23,2,-inf,,-4.475692,-inf,-inf
1048576,1048640,2097280,0.106,222311,40,80,13108,23,3,-inf,,-6.713537,-inf,-inf
1048576,1048640,2097280,0.106,222311,40,80,13108,23,4,-inf,,-8.951381,-inf,-inf
1048576,1048640,2097280,0.106,222311,40,80,13108,23,5,-inf,,-11.189224,-inf,-inf
1048576,1048640,2097280,0.106,222311,40,80,13108,23,6,-inf,,-13.427067,-inf,-inf
1048576,1048640,2097280,0.106,222311,40,80,13108,23,7,-inf,,-15.664909,-inf,-inf
1048576,1048640,2097280,0.106,222311,40,80,13108,23,8,-inf,,-17.902750,-inf,-inf
1048576,1048640,2097280,0.106,222311,40,80,13108,23,9,-inf,,-20.140591,-inf,-inf
1048576,1048640,2097280,0.106,222311,40,80,13108,23,10,-inf,,-22.378431,-inf,-inf
1048576,1048640,2097280,0.106,222311,40,80,13108,23,11,-inf,,-24.616270,-inf,-inf
1048576,1048640,2097280,0.106,222311,40,80,13108,23,12,-inf,,-26.854109,-inf,-inf
1048576,1048640,2097280,0.106,222311,40,80,13108,23,13,-inf,,-29.091946,-inf,-inf
1048576,1048640,2097280,0.106,222311,40,80,13108,23,14,-inf,,-31.329784,-inf,-inf
1048576,1048640,2097280,0.106,222311,40,80,13108,23,15,-inf,,-33.567620,-inf,-inf
1048576,1048640,2097280,0.106,222311,40,80,13108,23,16,-inf,,-35.805456,-inf,-inf
1048576,1048640,2097280,0.106,222311,40,80,13108,23,17,-inf,,-38.043291,-inf,-inf
1048576,1048640,2097280,0.106,222311,40,80,13108,23,18,-inf,,-40.281125,-inf,-inf
1048576,1048640,2097280,0.106,222311,40,80,13108,23,19,-inf,,-42.518958,-inf,-inf
1048576,1048640,2097280,0.106,222311,40,80,13108,23,20,-inf,,-44.756791,-inf,-inf
1048576,1048640,2097280,0.106,222311,40,80,13108,23,21,-inf,,-46.994623,-inf,-inf
1048576,1048640,2097280,0.106,222311,40,80,13108,23,22,-inf,,-49.232455,-inf,-inf
1048576,1048640,2097280,0.106,222311,40,80,13108,23,23,27.420897,0.156725588185,-51.470285,-24.049389,-24.049389
1048576,1048640,2097280,0.106,222311,40,80,13108,23,24,30.094584,0.156725588185,-53.708115,-23.613531,-22.815062
1048576,1048640,2097280,0.106,222311,40,80,13108,23,25,32.768271,0.156725588185,-55.945944,-23.177673,-21.985005
1048576,1048640,2097280,0.106,222311,40,80,13108,23,26,35.441959,0.156725588185,-58.183773,-22.741814,-21.314343
1048576,1048640,2097280,0.106,222311,40,80,13108,23,27,38.078521,0.173712159159,-60.421601,-22.343080,-20.738896
1048576,1048640,2097280,0.106,222311,40,80,13108,23,28,40.475686,0.192539805332,-62.659428,-22.183742,-20.287533
1048576,1048640,2097280,0.106,222311,40,80,13108,23,29,42.767235,0.21340807009,-64.897254,-22.130019,-19.932696
1048576,1048640,2097280,0.106,222311,40,80,13108,23,30,44.995549,0.21340807009,-67.135080,-22.139531,-19.649831
1048576,1048640,2097280,0.106,222311,40,80,13108,23,31,47.092585,0.236538124161,-69.372905,-22.280320,-19.433855
1048576,1048640,2097280,0.106,222311,40,80,13108,23,32,49.172440,0.236538124161,-71.610729,-22.438289,-19.264422
1048576,1048640,2097280,0.106,222311,40,80,13108,23,33,51.138496,0.262175109676,-73.848553,-22.710056,-19.137736
1048576,1048640,2097280,0.106,222311,40,80,13108,23,34,53.069894,0.262175109676,-76.086375,-23.016482,-19.042852
1048576,1048640,2097280,0.106,222311,40,80,13108,23,35,54.964932,0.290590738289,-78.324197,-23.359265,-18.972199
1048576,1048640,2097280,0.106,222311,40,80,13108,23,36,56.747871,0.290590738289,-80.562019,-23.814147,-18.922752
1048576,1048640,2097280,0.106,222311,40,80,13108,23,37,58.530811,0.290590738289,-82.799839,-24.269028,-18.887717
1048576,1048640,2097280,0.106,222311,40,80,13108,23,38,60.313750,0.290590738289,-85.037659,-24.723909,-18.862683
1048576,1048640,2097280,0.106,222311,40,80,13108,23,39,62.074048,0.322086170895,-87.275478,-25.201430,-18.844968
1048576,1048640,2097280,0.106,222311,40,80,13108,23,40,63.708529,0.322086170895,-89.513297,-25.804767,-18.833424
1048576,1048640,2097280,0.106,222311,40,80,13108,23,41,65.343011,0.322086170895,-91.751114,-26.408103,-18.825876
1048576,1048640,2097280,0.106,222311,40,80,13108,23,42,66.977492,0.322086170895,-93.988931,-27.011439,-18.820930
1048576,1048640,2097280,0.106,222311,40,80,13108,23,43,68.611974,0.322086170895,-96.226747,-27.614774,-18.817683
1048576,1048640,2097280,0.106,222311,40,80,13108,23,44,70.246455,0.322086170895,-98.464563,-28.218108,-18.815549
1048576,1048640,2097280,0.106,222311,40,80,13108,23,45,71.880936,0.322086170895,-100.702377,-28.821441,-18.814147
1048576,1048640,2097280,0.106,222311,40,80,13108,23,46,73.515418,0.322086170895,-102.940191,-29.424774,-18.813225
1048576,1048640,2097280,0.106,222311,40,80,13108,23,47,75.149899,0.322086170895,-105.178005,-30.028105,-18.812618
1048576,1048640,2097280,0.106,222311,40,80,13108,23,48,76.784380,0.322086170895,-107.415817,-30.631437,-18.812218
1048576,1048640,2097280,0.106,222311,40,80,13108,23,49,78.418862,0.322086170895,-109.653629,-31.234767,-18.811956
1048576,1048640,2097280,0.106,222311,40,80,13108,23,50,80.053343,0.322086170895,-111.891440,-31.838096,-18.811783
1048576,1048640,2097280,0.106,222311,40,80,13108,23,51,81.687825,0.322086170895,-114.129250,-32.441425,-18.811669
1048576,1048640,2097280,0.106,222311,40,80,13108,23,52,83.322306,0.322086170895,-116.367059,-33.044753,-18.811594
1048576,1048640,2097280,0.106,222311,40,80,13108,23,53,84.956787,0.322086170895,-118.604868,-33.648080,-18.811545
1048576,1048640,2097280,0.106,222311,40,80,13108,23,54,86.591269,0.322086170895,-120.842676,-34.251407,-18.811512
1048576,1048640,2097280,0.106,222311,40,80,13108,23,55,88.225750,0.322086170895,-123.080483,-34.854732,-18.811491
1048576,1048640,2097280,0.106,222311,40,80,13108,23,56,89.860231,0.322086170895,-125.318289,-35.458057,-18.811477
1048576,1048640,2097280,0.106,222311,40,80,13108,23,57,91.494713,0.322086170895,-127.556094,-36.061381,-18.811468
1048576,1048640,2097280,0.106,222311,40,80,13108,23,58,93.129194,0.322086170895,-129.793899,-36.664705,-18.811461
1048576,1048640,2097280,0.106,222311,40,80,13108,23,59,94.763676,0.322086170895,-132.031702,-37.268027,-18.811457
1048576,1048640,2097280,0.106,222311,40,80,13108,23,60,96.398157,0.322086170895,-134.269505,-37.871348,-18.811455
1048576,1048640,2097280,0.106,222311,40,80,13108,23,61,98.032638,0.322086170895,-136.507307,-38.474669,-18.811453
1048576,1048640,2097280,0.106,222311,40,80,13108,23,62,99.667120,0.322086170895,-138.745108,-39.077989,-18.811452
1048576,1048640,2097280,0.106,222311,40,80,13108,23,63,101.301601,0.322086170895,-140.982909,-39.681307,-18.811451
1048576,1048640,2097280,0.106,222311,40,80,13108,23,64,102.936083,0.322086170895,-143.220708,-40.284625,-18.811451
1048576,1048640,2097280,0.106,222311,40,80,13108,23,65,104.570564,0.322086170895,-145.458506,-40.887942,-18.811450
1048576,1048640,2097280,0.106,222311,40,80,13108,23,66,106.205045,0.322086170895,-147.696303,-41.491258,-18.811450
1048576,1048640,2097280,0.106,222311,40,80,13108,23,67,107.839527,0.322086170895,-149.934100,-42.094573,-18.811450
1048576,1048640,2097280,0.106,222311,40,80,13108,23,68,109.474008,0.322086170895,-152.171895,-42.697887,-18.811450
1048576,1048640,2097280,0.106,222311,40,80,13108,23,69,111.108489,0.322086170895,-154.409689,-43.301200,-18.811450
1048576,1048640,2097280,0.106,222311,40,80,13108,23,70,112.742971,0.322086170895,-156.647482,-43.904511,-18.811450
1048576,1048640,2097280,0.106,222311,40,80,13108,23,71,114.377452,0.322086170895,-158.885274,-44.507821,-18.811450
1048576,1048640,2097280,0.106,222311,40,80,13108,23,72,116.011934,0.322086170895,-161.123064,-45.111130,-18.811450
1048576,1048640,2097280,0.106,222311,40,80,13108,23,73,117.646415,0.322086170895,-163.360853,-45.714438,-18.811450
1048576,1048640,2097280,0.106,222311,40,80,13108,23,74,119.280896,0.322086170895,-165.598641,-46.317744,-18.811450
1048576,1048640,2097280,0.106,222311,40,80,13108,23,75,120.915378,0.322086170895,-167.836427,-46.921049,-18.811450
1048576,1048640,2097280,0.106,222311,40,80,13108,23,76,122.549859,0.322086170895,-170.074211,-47.524352,-18.811450
1048576,1048640,2097280,0.106,222311,40,80,13108,23,77,124.184340,0.322086170895,-172.311994,-48.127654,-18.811450
1048576,1048640,2097280,0.106,222311,40,80,13108,23,78,125.818822,0.322086170895,-174.549775,-48.730954,-18.811450
1048576,1048640,2097280,0.106,222311,40,80,13108,23,79,127.453303,0.322086170895,-176.787554,-49.334251,-18.811450
1048576,1048640,2097280,0.106,222311,40,80,13108,23,80,129.087785,0.322086170895,-179.025331,-49.937547,-18.811450
1048576,1048640,2097280,0.106,222311,40,80,13108,23,81,130.722266,0.322086170895,-181.263106,-50.540840,-18.811450
1048576,1048640,2097280,0.106,222311,40,80,13108,23,82,132.356747,0.322086170895,-183.500878,-51.144131,-18.811450
1048576,1048640,2097280,0.106,222311,40,80,13108,23,83,133.991229,0.322086170895,-185.738648,-51.747419,-18.811450
1048576,1048640,2097280,0.106,222311,40,80,13108,23,84,135.625710,0.322086170895,-187.976414,-52.350704,-18.811450
1048576,1048640,2097280,0.106,222311,40,80,13108,23,85,137.260191,0.322086170895,-190.214177,-52.953986,-18.811450
1048576,1048640,2097280,0.106,222311,40,80,13108,23,86,138.894673,0.322086170895,-192.451937,-53.557265,-18.811450
1048576,1048640,2097280,0.106,222311,40,80,13108,23,87,140.529154,0.322086170895,-194.689693,-54.160539,-18.811450
1048576,1048640,2097280,0.106,222311,40,80,13108,23,88,142.163636,0.322086170895,-196.927445,-54.763809,-18.811450
1048576,1048640,2097280,0.106,222311,40,80,13108,23,89,143.798117,0.322086170895,-199.165192,-55.367075,-18.811450
1048576,1048640,2097280,0.106,222311,40,80,13108,23,90,145.432598,0.322086170895,-201.402934,-55.970335,-18.811450
1048576,1048640,2097280,0.106,222311,40,80,13108,23,91,147.067080,0.322086170895,-203.640670,-56.573590,-18.811450
1048576,1048640,2097280,0.106,222311,40,80,13108,23,92,148.701561,0.322086170895,-205.878400,-57.176839,-18.811450
1048576,1048640,2097280,0.106,222311,40,80,13108,23,93,150.336042,0.322086170895,-208.116123,-57.780080,-18.811450
1048576,1048640,2097280,0.106,222311,40,80,13108,23,94,151.970524,0.322086170895,-210.353838,-58.383314,-18.811450
1048576,1048640,2097280,0.106,222311,40,80,13108,23,95,153.605005,0.322086170895,-212.591544,-58.986539,-18.811450
1048576,1048640,2097280,0.106,222311,40,80,13108,23,96,155.239487,0.322086170895,-214.829241,-59.589755,-18.811450
1048576,1048640,2097280,0.106,222311,40,80,13108,23,97,156.873968,0.322086170895,-217.066928,-60.192960,-18.811450
1048576,1048640,2097280,0.106,222311,40,80,13108,23,98,158.508449,0.322086170895,-219.304602,-60.796153,-18.811450
1048576,1048640,2097280,0.106,222311,40,80,13108,23,99,160.142931,0.322086170895,-221.542264,-61.399333,-18.811450
1048576,1048640,2097280,0.106,222311,40,80,13108,23,100,161.777412,0.322086170895,-223.779911,-62.002499,-18.811450
1048576,1048640,2097280,0.106,222311,40,80,13108,23,101,163.411893,0.322086170895,-226.017541,-62.605648,-18.811450
1048576,1048640,2097280,0.106,222311,40,80,13108,23,102,165.046375,0.322086170895,-228.255154,-63.208779,-18.811450
1048576,1048640,2097280,0.106,222311,40,80,13108,23,103,166.680856,0.322086170895,-230.492746,-63.811890,-18.811450
1048576,1048640,2097280,0.106,222311,40,80,13108,23,104,168.315338,0.322086170895,-232.730316,-64.414978,-18.811450
1048576,1048640,2097280,0.106,222311,40,80,13108,23,105,169.949819,0.322086170895,-234.967860,-65.018041,-18.811450
1048576,1048640,2097280,0.106,222311,40,80,13108,23,106,171.584300,0.322086170895,-237.205376,-65.621076,-18.811450
1048576,1048640,2097280,0.106,222311,40,80,13108,23,107,173.218782,0.322086170895,-239.442861,-66.224080,-18.811450
1048576,1048640,2097280,0.106,222311,40,80,13108,23,108,174.853263,0.322086170895,-241.680311,-66.827048,-18.811450
1048576,1048640,2097280,0.106,222311,40,80,13108,23,109,176.487744,0.322086170895,-243.917722,-67.429978,-18.811450
1048576,1048640,2097280,0.106,222311,40,80,13108,23,110,178.122226,0.322086170895,-246.155089,-68.032863,-18.811450
1048576,1048640,2097280,0.106,222311,40,80,13108,23,111,179.756707,0.322086170895,-248.392408,-68.635700,-18.811450
1048576,1048640,2097280,0.106,222311,40,80,13108,23,112,181.391189,0.322086170895,-250.629672,-69.238483,-18.811450
1048576,1048640,2097280,0.106,222311,40,80,13108,23,113,183.025670,0.322086170895,-252.866875,-69.841205,-18.811450
1048576,1048640,2097280,0.106,222311,40,80,13108,23,114,184.660151,0.322086170895,-255.104010,-70.443859,-18.811450
1048576,1048640,2097280,0.106,222311,40,80,13108,23,115,186.294633,0.322086170895,-257.341070,-71.046437,-18.811450
1048576,1048640,2097280,0.106,222311,40,80,13108,23,116,187.929114,0.322086170895,-259.578045,-71.648931,-18.811450
1048576,1048640,2097280,0.106,222311,40,80,13108,23,117,189.563595,0.322086170895,-261.814926,-72.251331,-18.811450
1048576,1048640,2097280,0.106,222311,40,80,13108,23,118,191.198077,0.322086170895,-264.051702,-72.853625,-18.811450
1048576,1048640,2097280,0.106,222311,40,80,13108,23,119,192.832558,0.322086170895,-266.288360,-73.455802,-18.811450
1048576,1048640,2097280,0.106,222311,40,80,13108,23,120,194.467040,0.322086170895,-268.524888,-74.057848,-18.811450
1048576,1048640,2097280,0.106,222311,40,80,13108,23,121,196.101521,0.322086170895,-270.761269,-74.659748,-18.811450
1048576,1048640,2097280,0.106,222311,40,80,13108,23,122,197.736002,0.322086170895,-272.997488,-75.261485,-18.811450
1048576,1048640,2097280,0.106,222311,40,80,13108,23,123,199.370484,0.322086170895,-275.233525,-75.863041,-18.811450
1048576,1048640,2097280,0.106,222311,40,80,13108,23,124,201.004965,0.322086170895,-277.469359,-76.464394,-18.811450
1048576,1048640,2097280,0.106,222311,40,80,13108,23,125,202.639446,0.322086170895,-279.704968,-77.065522,-18.811450
1048576,1048640,2097280,0.106,222311,40,80,13108,23,126,204.273928,0.322086170895,-281.940327,-77.666399,-18.811450
1048576,1048640,2097280,0.106,222311,40,80,13108,23,127,205.908409,0.322086170895,-284.175406,-78.266997,-18.811450
1048576,1048640,2097280,0.106,222311,40,80,13108,23,128,207.542891,0.322086170895,-286.410174,-78.867283,-18.811450
1048576,1048640,2097280,0.106,222311,40,80,13108,23,129,209.177372,0.322086170895,-288.644596,-79.467224,-18.811450
1048576,1048640,2097280,0.106,222311,40,80,13108,23,130,210.811853,0.322086170895,-290.878635,-80.066781,-18.811450
1048576,1048640,2097280,0.106,222311,40,80,13108,23,131,212.446335,0.322086170895,-293.112246,-80.665912,-18.811450
1048576,1048640,2097280,0.106,222311,40,80,13108,23,132,214.080816,0.322086170895,-295.345384,-81.264568,-18.811450
1048576,1048640,2097280,0.106,222311,40,80,13108,23,133,215.715297,0.322086170895,-297.577997,-81.862699,-18.811450
1048576,1048640,2097280,0.106,222311,40,80,13108,23,134,217.349779,0.322086170895,-299.810027,-82.460248,-18.811450
1048576,1048640,2097280,0.106,222311,40,80,13108,23,135,218.984260,0.322086170895,-302.041413,-83.057152,-18.811450
1048576,1048640,2097280,0.106,222311,40,80,13108,23,136,220.618742,0.322086170895,-304.272084,-83.653343,-18.811450
1048576,1048640,2097280,0.106,222311,40,80,13108,23,137,222.253223,0.322086170895,-306.501968,-84.248745,-18.811450
1048576,1048640,2097280,0.106,222311,40,80,13108,23,138,223.887704,0.322086170895,-308.730981,-84.843277,-18.811450
1048576,1048640,2097280,0.106,222311,40,80,13108,23,139,225.522186,0.322086170895,-310.959035,-85.436849,-18.811450
1048576,1048640,2097280,0.106,222311,40,80,13108,23,140,227.156667,0.322086170895,-313.186033,-86.029366,-18.811450
1048576,1048640,2097280,0.106,222311,40,80,13108,23,141,228.791148,0.322086170895,-315.411870,-86.620721,-18.811450
1048576,1048640,2097280,0.106,222311,40,80,13108,23,142,230.425630,0.322086170895,-317.636433,-87.210803,-18.811450
1048576,1048640,2097280,0.106,222311,40,80,13108,23,143,232.060111,0.322086170895,-319.859600,-87.799489,-18.811450
1048576,1048640,2097280,0.106,222311,40,80,13108,23,144,233.694593,0.322086170895,-322.081243,-88.386651,-18.811450
1048576,1048640,2097280,0.106,222311,40,80,13108,23,145,235.329074,0.322086170895,-324.301223,-88.972149,-18.811450
1048576,1048640,2097280,0.106,222311,40,80,13108,23,146,236.963555,0.322086170895,-326.519393,-89.555837,-18.811450
1048576,1048640,2097280,0.106,222311,40,80,13108,23,147,238.598037,0.322086170895,-328.735598,-90.137562,-18.811450
1048576,1048640,2097280,0.106,222311,40,80,13108,23,148,240.232518,0.322086170895,-330.949679,-90.717161,-18.811450
1048576,1048640,2097280,0.106,222311,40,80,13108,23,149,241.867000,0.322086170895,-333.161466,-91.294466,-18.811450
1048576,1048640,2097280,0.106,222311,40,80,13108,23,150,243.501481,0.322086170895,-335.370786,-91.869305,-18.811450
1048576,1048640,2097280,0.106,222311,40,80,13108,23,151,245.135962,0.322086170895,-337.577464,-92.441501,-18.811450
1048576,1048640,2097280,0.106,222311,40,80,13108,23,152,246.770444,0.322086170895,-339.781320,-93.010876,-18.811450
1048576,1048640,2097280,0.106,222311,40,80,13108,23,153,248.404925,0.322086170895,-341.982175,-93.577250,-18.811450
1048576,1048640,2097280,0.106,222311,40,80,13108,23,154,250.039406,0.322086170895,-344.179852,-94.140446,-18.811450
1048576,1048640,2097280,0.106,222311,40,80,13108,23,155,251.673888,0.322086170895,-346.374180,-94.700293,-18.811450
1048576,1048640,2097280,0.106,222311,40,80,13108,23,156,253.308369,0.322086170895,-348.564994,-95.256625,-18.811450
1048576,1048640,2097280,0.106,222311,40,80,13108,23,157,254.942851,0.322086170895,-350.752140,-95.809289,-18.811450
1048576,1048640,2097280,0.106,222311,40,80,13108,23,158,256.577332,0.322086170895,-352.935475,-96.358143,-18.811450
1048576,1048640,2097280,0.106,222311,40,80,13108,23,159,258.211813,0.322086170895,-355.114874,-96.903061,-18.811450
1048576,1048640,2097280,0.106,222311,40,80,13108,23,160,259.846295,0.322086170895,-357.290229,-97.443935,-18.811450
1048576,1048640,2097280,0.106,222311,40,80,13108,24,1,-inf,,-2.237846,-inf,-inf
1048576,1048640,2097280,0.106,222311,40,80,13108,24,2,-inf,,-4.475692,-inf,-inf
1048576,1048640,2097280,0.106,222311,40,80,13108,24,3,-inf,,-6.713537,-inf,-inf
1048576,1048640,2097280,0.106,222311,40,80,13108,24,4,-inf,,-8.951381,-inf,-inf
1048576,1048640,2097280,0.106,222311,40,80,13108,24,5,-inf,,-11.189224,-inf,-inf
1048576,1048640,2097280,0.106,222311,40,80,13108,24,6,-inf,,-13.427067,-inf,-inf
1048576,1048640,2097280,0.106,222311,40,80,13108,24,7,-inf,,-15.664909,-inf,-inf
1048576,1048640,2097280,0.106,222311,40,80,13108,24,8,-inf,,-17.902750,-inf,-inf
1048576,1048640,2097280,0.106,222311,40,80,13108,24,9,-inf,,-20.140591,-inf,-inf
1048576,1048640,2097280,0.106,222311,40,80,13108,24,10,-inf,,-22.378431,-inf,-inf
1048576,1048640,2097280,0.106,222311,40,80,13108,24,11,-inf,,-24.616270,-inf,-inf
1048576,1048640,2097280,0.106,222311,40,80,13108,24,12,-inf,,-26.854109,-inf,-inf
1048576,1048640,2097280,0.106,222311,40,80,13108,24,13,-inf,,-29.091946,-inf,-inf
1048576,1048640,2097280,0.106,222311,40,80,13108,24,14,-inf,,-31.329784,-inf,-inf
1048576,1048640,2097280,0.106,222311,40,80,13108,24,15,-inf,,-33.567620,-inf,-inf
1048576,1048640,2097280,0.106,222311,40,80,13108,24,16,-inf,,-35.805456,-inf,-inf
1048576,1048640,2097280,0.106,222311,40,80,13108,24,17,-inf,,-38.043291,-inf,-inf
1048576,1048640,2097280,0.106,222311,40,80,13108,24,18,-inf,,-40.281125,-inf,-inf
1048576,1048640,2097280,0.106,222311,40,80,13108,24,19,-inf,,-42.518958,-inf,-inf
1048576,1048640,2097280,0.106,222311,40,80,13108,24,20,-inf,,-44.756791,-inf,-inf
1048576,1048640,2097280,0.106,222311,40,80,13108,24,21,-inf,,-46.994623,-inf,-inf
1048576,1048640,2097280,0.106,222311,40,80,13108,24,22,-inf,,-49.232455,-inf,-inf
1048576,1048640,2097280,0.106,222311,40,80,13108,24,23,-inf,,-51.470285,-inf,-inf
1048576,1048640,2097280,0.106,222311,40,80,13108,24,24,29.753547,0.156725588185,-53.708115,-23.954568,-23.954568
1048576,1048640,2097280,0.106,222311,40,80,13108,24,25,32.427234,0.156725588185,-55.945944,-23.518710,-22.720242
1048576,1048640,2097280,0.106,222311,40,80,13108,24,26,35.100922,0.156725588185,-58.183773,-23.082851,-21.890184
1048576,1048640,2097280,0.106,222311,40,80,13108,24,27,37.774609,0.156725588185,-60.421601,-22.646992,-21.219521
1048576,1048640,2097280,0.106,222311,40,80,13108,24,28,40.327763,0.192539805332,-62.659428,-22.331665,-20.670980
1048576,1048640,2097280,0.106,222311,40,80,13108,24,29,42.684419,0.21340807009,-64.897254,-22.212835,-20.245044
1048576,1048640,2097280,0.106,222311,40,80,13108,24,30,44.912732,0.21340807009,-67.135080,-22.222347,-19.918548
1048576,1048640,2097280,0.106,222311,40,80,13108,24,31,47.053357,0.236538124161,-69.372905,-22.319547,-19.668395
1048576,1048640,2097280,0.106,222311,40,80,13108,24,32,49.133213,0.236538124161,-71.610729,-22.477516,-19.475970
1048576,1048640,2097280,0.106,222311,40,80,13108,24,33,51.123452,0.262175109676,-73.848553,-22.725101,-19.331695
1048576,1048640,2097280,0.106,222311,40,80,13108,24,34,53.054849,0.262175109676,-76.086375,-23.031526,-19.224736
1048576,1048640,2097280,0.106,222311,40,80,13108,24,35,54.960436,0.290590738289,-78.324197,-23.363762,-19.145091
1048576,1048640,2097280,0.106,222311,40,80,13108,24,36,56.743375,0.290590738289,-80.562019,-23.818644,-19.089638
1048576,1048640,2097280,0.106,222311,40,80,13108,24,37,58.526314,0.290590738289,-82.799839,-24.273525,-19.050486
1048576,1048640,2097280,0.106,222311,40,80,13108,24,38,60.309254,0.290590738289,-85.037659,-24.728405,-19.022577
1048576,1048640,2097280,0.106,222311,40,80,13108,24,39,62.072899,0.322086170895,-87.275478,-25.202579,-19.002815
1048576,1048640,2097280,0.106,222311,40,80,13108,24,40,63.707381,0.322086170895,-89.513297,-25.805916,-18.989953
1048576,1048640,2097280,0.106,222311,40,80,13108,24,41,65.341862,0.322086170895,-91.751114,-26.409252,-18.981549
1048576,1048640,2097280,0.106,222311,40,80,13108,24,42,66.976343,0.322086170895,-93.988931,-27.012588,-18.976044
1048576,1048640,2097280,0.106,222311,40,80,13108,24,43,68.610825,0.322086170895,-96.226747,-27.615922,-18.972432
1048576,1048640,2097280,0.106,222311,40,80,13108,24,44,70.245306,0.322086170895,-98.464563,-28.219257,-18.970059
1048576,1048640,2097280,0.106,222311,40,80,13108,24,45,71.879788,0.322086170895,-100.702377,-28.822590,-18.968499
1048576,1048640,2097280,0.106,222311,40,80,13108,24,46,73.514269,0.322086170895,-102.940191,-29.425922,-18.967474
1048576,1048640,2097280,0.106,222311,40,80,13108,24,47,75.148750,0.322086170895,-105.178005,-30.029254,-18.966799
1048576,1048640,2097280,0.106,222311,40,80,13108,24,48,76.783232,0.322086170895,-107.415817,-30.632585,-18.966355
1048576,1048640,2097280,0.106,222311,40,80,13108,24,49,78.417713,0.322086170895,-109.653629,-31.235916,-18.966063
1048576,1048640,2097280,0.106,222311,40,80,13108,24,50,80.052194,0.322086170895,-111.891440,-31.839245,-18.965871
1048576,1048640,2097280,0.106,222311,40,80,13108,24,51,81.686676,0.322086170895,-114.129250,-32.442574,-18.965744
1048576,1048640,2097280,0.106,222311,40,80,13108,24,52,83.321157,0.322086170895,-116.367059,-33.045902,-18.965661
1048576,1048640,2097280,0.106,222311,40,80,13108,24,53,84.955639,0.322086170895,-118.604868,-33.649229,-18.965606
1048576,1048640,2097280,0.106,222311,40,80,13108,24,54,86.590120,0.322086170895,-120.842676,-34.252556,-18.965570
1048576,1048640,2097280,0.106,222311,40,80,13108,24,55,88.224601,0.322086170895,-123.080483,-34.855881,-18.965546
1048576,1048640,2097280,0.106,222311,40,80,13108,24,56,89.859083,0.322086170895,-125.318289,-35.459206,-18.965530
1048576,1048640,2097280,0.106,222311,40,80,13108,24,57,91.493564,0.322086170895,-127.556094,-36.062530,-18.965520
1048576,1048640,2097280,0.106,222311,40,80,13108,24,58,93.128045,0.322086170895,-129.793899,-36.665853,-18.965513
1048576,1048640,2097280,0.106,222311,40,80,13108,24,59,94.762527,0.322086170895,-132.031702,-37.269176,-18.965509
1048576,1048640,2097280,0.106,222311,40,80,13108,24,60,96.397008,0.322086170895,-134.269505,-37.872497,-18.965506
1048576,1048640,2097280,0.106,222311,40,80,13108,24,61,98.031490,0.322086170895,-136.507307,-38.475818,-18.965504
1048576,1048640,2097280,0.106,222311,40,80,13108,24,62,99.665971,0.322086170895,-138.745108,-39.079137,-18.965503
1048576,1048640,2097280,0.106,222311,40,80,13108,24,63,101.300452,0.322086170895,-140.982909,-39.682456,-18.965502
1048576,1048640,2097280,0.106,222311,40,80,13108,24,64,102.934934,0.322086170895,-143.220708,-40.285774,-18.965501
1048576,1048640,2097280,0.106,222311,40,80,13108,24,65,104.569415,0.322086170895,-145.458506,-40.889091,-18.965501
1048576,1048640,2097280,0.106,222311,40,80,13108,24,66,106.203896,0.322086170895,-147.696303,-41.492407,-18.965501
1048576,1048640,2097280,0.106,222311,40,80,13108,24,67,107.838378,0.322086170895,-149.934100,-42.095722,-18.965501
1048576,1048640,2097280,0.106,222311,40,80,13108,24,68,109.472859,0.322086170895,-152.171895,-42.699036,-18.965501
1048576,1048640,2097280,0.106,222311,40,80,13108,24,69,111.107341,0.322086170895,-154.409689,-43.302348,-18.965500
1048576,1048640,2097280,0.106,222311,40,80,13108,24,70,112.741822,0.322086170895,-156.647482,-43.905660,-18.965500
1048576,1048640,2097280,0.106,222311,40,80,13108,24,71,114.376303,0.322086170895,-158.885274,-44.508970,-18.965500
1048576,1048640,2097280,0.106,222311,40,80,13108,24,72,116.010785,0.322086170895,-161.123064,-45.112279,-18.965500
1048576,1048640,2097280,0.106,222311,40,80,13108,24,73,117.645266,0.322086170895,-163.360853,-45.715587,-18.965500
1048576,1048640,2097280,0.106,222311,40,80,13108,24,74,119.279748,0.322086170895,-165.598641,-46.318893,-18.965500
1048576,1048640,2097280,0.106,222311,40,80,13108,24,75,120.914229,0.322086170895,-167.836427,-46.922198,-18.965500
1048576,1048640,2097280,0.106,222311,40,80,13108,24,76,122.548710,0.322086170895,-170.074211,-47.525501,-18.965500
1048576,1048640,2097280,0.106,222311,40,80,13108,24,77,124.183192,0.322086170895,-172.311994,-48.128803,-18.965500
1048576,1048640,2097280,0.106,222311,40,80,13108,24,78,125.817673,0.322086170895,-174.549775,-48.732102,-18.965500
1048576,1048640,2097280,0.106,222311,40,80,13108,24,79,127.452154,0.322086170895,-176.787554,-49.335400,-18.965500
1048576,1048640,2097280,0.106,222311,40,80,13108,24,80,129.086636,0.322086170895,-179.025331,-49.938696,-18.965500
1048576,1048640,2097280,0.106,222311,40,80,13108,24,81,130.721117,0.322086170895,-181.263106,-50.541989,-18.965500
1048576,1048640,2097280,0.106,222311,40,80,13108,24,82,132.355599,0.322086170895,-183.500878,-51.145280,-18.965500
1048576,1048640,2097280,0.106,222311,40,80,13108,24,83,133.990080,0.322086170895,-185.738648,-51.748568,-18.965500
1048576,1048640,2097280,0.106,222311,40,80,13108,24,84,135.624561,0.322086170895,-187.976414,-52.351853,-18.965500
1048576,1048640,2097280,0.106,222311,40,80,13108,24,85,137.259043,0.322086170895,-190.214177,-52.955135,-18.965500
1048576,1048640,2097280,0.106,222311,40,80,13108,24,86,138.893524,0.322086170895,-192.451937,-53.558413,-18.965500
1048576,1048640,2097280,0.106,222311,40,80,13108,24,87,140.528005,0.322086170895,-194.689693,-54.161688,-18.965500
1048576,1048640,2097280,0.106,222311,40,80,13108,24,88,142.162487,0.322086170895,-196.927445,-54.764958,-18.965500
1048576,1048640,2097280,0.106,222311,40,80,13108,24,89,143.796968,0.322086170895,-199.165192,-55.368224,-18.965500
1048576,1048640,2097280,0.106,222311,40,80,13108,24,90,145.431450,0.322086170895,-201.402934,-55.971484,-18.965500
1048576,1048640,2097280,0.106,222311,40,80,13108,24,91,147.065931,0.322086170895,-203.640670,-56.574739,-18.965500
1048576,1048640,2097280,0.106,222311,40,80,13108,24,92,148.700412,0.322086170895,-205.878400,-57.177987,-18.965500
1048576,1048640,2097280,0.106,222311,40,80,13108,24,93,150.334894,0.322086170895,-208.116123,-57.781229,-18.965500
1048576,1048640,2097280,0.106,222311,40,80,13108,24,94,151.969375,0.322086170895,-210.353838,-58.384463,-18.965500
1048576,1048640,2097280,0.106,222311,40,80,13108,24,95,153.603856,0.322086170895,-212.591544,-58.987688,-18.965500
1048576,1048640,2097280,0.106,222311,40,80,13108,24,96,155.238338,0.322086170895,-214.829241,-59.590904,-18.965500
1048576,1048640,2097280,0.106,222311,40,80,13108,24,97,156.872819,0.322086170895,-217.066928,-60.194109,-18.965500
1048576,1048640,2097280,0.106,222311,40,80,13108,24,98,158.507301,0.322086170895,-219.304602,-60.797302,-18.965500
1048576,1048640,2097280,0.106,222311,40,80,13108,24,99,160.141782,0.322086170895,-221.542264,-61.400482,-18.965500
1048576,1048640,2097280,0.106,222311,40,80,13108,24,100,161.776263,0.322086170895,-223.779911,-62.003647,-18.965500
1048576,1048640,2097280,0.106,222311,40,80,13108,24,101,163.410745,0.322086170895,-226.017541,-62.606797,-18.965500
1048576,1048640,2097280,0.106,222311,40,80,13108,24,102,165.045226,0.322086170895,-228.255154,-63.209928,-18.965500
1048576,1048640,2097280,0.106,222311,40,80,13108,24,103,166.679707,0.322086170895,-230.492746,-63.813039,-18.965500
1048576,1048640,2097280,0.106,222311,40,80,13108,24,104,168.314189,0.322086170895,-232.730316,-64.416127,-18.965500
1048576,1048640,2097280,0.106,222311,40,80,13108,24,105,169.948670,0.322086170895,-234.967860,-65.019190,-18.965500
1048576,1048640,2097280,0.106,222311,40,80,13108,24,106,171.583152,0.322086170895,-237.205376,-65.622225,-18.965500
1048576,1048640,2097280,0.106,222311,40,80,13108,24,107,173.217633,0.322086170895,-239.442861,-66.225228,-18.965500
1048576,1048640,2097280,0.106,222311,40,80,13108,24,108,174.852114,0.322086170895,-241.680311,-66.828197,-18.965500
1048576,1048640,2097280,0.106,222311,40,80,13108,24,109,176.486596,0.322086170895,-243.917722,-67.431126,-18.965500
1048576,1048640,2097280,0.106,222311,40,80,13108,24,110,178.121077,0.322086170895,-246.155089,-68.034012,-18.965500
1048576,1048640,2097280,0.106,222311,40,80,13108,24,111,179.755558,0.322086170895,-248.392408,-68.636849,-18.965500
1048576,1048640,2097280,0.106,222311,40,80,13108,24,112,181.390040,0.322086170895,-250.629672,-69.239632,-18.965500
1048576,1048640,2097280,0.106,222311,40,80,13108,24,113,183.024521,0.322086170895,-252.866875,-69.842354,-18.965500
1048576,1048640,2097280,0.106,222311,40,80,13108,24,114,184.659003,0.322086170895,-255.104010,-70.445008,-18.965500
1048576,1048640,2097280,0.106,222311,40,80,13108,24,115,186.293484,0.322086170895,-257.341070,-71.047586,-18.965500
1048576,1048640,2097280,0.106,222311,40,80,13108,24,116,187.927965,0.322086170895,-259.578045,-71.650080,-18.965500
1048576,1048640,2097280,0.106,222311,40,80,13108,24,117,189.562447,0.322086170895,-261.814926,-72.252480,-18.965500
1048576,1048640,2097280,0.106,222311,40,80,13108,24,118,191.196928,0.322086170895,-264.051702,-72.854774,-18.965500
1048576,1048640,2097280,0.106,222311,40,80,13108,24,119,192.831409,0.322086170895,-266.288360,-73.456951,-18.965500
1048576,1048640,2097280,0.106,222311,40,80,13108,24,120,194.465891,0.322086170895,-268.524888,-74.058997,-18.965500
1048576,1048640,2097280,0.106,222311,40,80,13108,24,121,196.100372,0.322086170895,-270.761269,-74.660897,-18.965500
1048576,1048640,2097280,0.106,222311,40,80,13108,24,122,197.734854,0.322086170895,-272.997488,-75.262634,-18.965500
1048576,1048640,2097280,0.106,222311,40,80,13108,24,123,199.369335,0.322086170895,-275.233525,-75.864190,-18.965500
1048576,1048640,2097280,0.106,222311,40,80,13108,24,124,201.003816,0.322086170895,-277.469359,-76.465543,-18.965500
1048576,1048640,2097280,0.106,222311,40,80,13108,24,125,202.638298,0.322086170895,-279.704968,-77.066671,-18.965500
1048576,1048640,2097280,0.106,222311,40,80,13108,24,126,204.272779,0.322086170895,-281.940327,-77.667548,-18.965500
1048576,1048640,2097280,0.106,222311,40,80,13108,24,127,205.907260,0.322086170895,-284.175406,-78.268145,-18.965500
1048576,1048640,2097280,0.106,222311,40,80,13108,24,128,207.541742,0.322086170895,-286.410174,-78.868432,-18.965500
1048576,1048640,2097280,0.106,222311,40,80,13108,24,129,209.176223,0.322086170895,-288.644596,-79.468373,-18.965500
1048576,1048640,2097280,0.106,222311,40,80,13108,24,130,210.810705,0.322086170895,-290.878635,-80.067930,-18.965500
1048576,1048640,2097280,0.106,222311,40,80,13108,24,131,212.445186,0.322086170895,-293.112246,-80.667060,-18.965500
1048576,1048640,2097280,0.106,222311,40,80,13108,24,132,214.079667,0.322086170895,-295.345384,-81.265717,-18.965500
1048576,1048640,2097280,0.106,222311,40,80,13108,24,133,215.714149,0.322086170895,-297.577997,-81.863848,-18.965500
1048576,1048640,2097280,0.106,222311,40,80,13108,24,134,217.348630,0.322086170895,-299.810027,-82.461397,-18.965500
1048576,1048640,2097280,0.106,222311,40,80,13108,24,135,218.983111,0.322086170895,-302.041413,-83.058301,-18.965500
1048576,1048640,2097280,0.106,222311,40,80,13108,24,136,220.617593,0.322086170895,-304.272084,-83.654492,-18.965500
1048576,1048640,2097280,0.106,222311,40,80,13108,24,137,222.252074,0.322086170895,-306.501968,-84.249894,-18.965500
1048576,1048640,2097280,0.106,222311,40,80,13108,24,138,223.886556,0.322086170895,-308.730981,-84.844426,-18.965500
1048576,1048640,2097280,0.106,222311,40,80,13108,24,139,225.521037,0.322086170895,-310.959035,-85.437998,-18.965500
1048576,1048640,2097280,0.106,222311,40,80,13108,24,140,227.155518,0.322086170895,-313.186033,-86.030514,-18.965500
1048576,1048640,2097280,0.106,222311,40,80,13108,24,141,228.790000,0.322086170895,-315.411870,-86.621870,-18.965500
1048576,1048640,2097280,0.106,222311,40,80,13108,24,142,230.424481,0.322086170895,-317.636433,-87.211952,-18.965500
1048576,1048640,2097280,0.106,222311,40,80,13108,24,143,232.058962,0.322086170895,-319.859600,-87.800638,-18.965500
1048576,1048640,2097280,0.106,222311,40,80,13108,24,144,233.693444,0.322086170895,-322.081243,-88.387799,-18.965500
1048576,1048640,2097280,0.106,222311,40,80,13108,24,145,235.327925,0.322086170895,-324.301223,-88.973298,-18.965500
1048576,1048640,2097280,0.106,222311,40,80,13108,24,146,236.962407,0.322086170895,-326.519393,-89.556986,-18.965500
1048576,1048640,2097280,0.106,222311,40,80,13108,24,147,238.596888,0.322086170895,-328.735598,-90.138710,-18.965500
1048576,1048640,2097280,0.106,222311,40,80,13108,24,148,240.231369,0.322086170895,-330.949679,-90.718309,-18.965500
1048576,1048640,2097280,0.106,222311,40,80,13108,24,149,241.865851,0.322086170895,-333.161466,-91.295615,-18.965500
1048576,1048640,2097280,0.106,222311,40,80,13108,24,150,243.500332,0.322086170895,-335.370786,-91.870454,-18.965500
1048576,1048640,2097280,0.106,222311,40,80,13108,24,151,245.134813,0.322086170895,-337.577464,-92.442650,-18.965500
1048576,1048640,2097280,0.106,222311,40,80,13108,24,152,246.769295,0.322086170895,-339.781320,-93.012025,-18.965500
1048576,1048640,2097280,0.106,222311,40,80,13108,24,153,248.403776,0.322086170895,-341.982175,-93.578398,-18.965500
1048576,1048640,2097280,0.106,222311,40,80,13108,24,154,250.038258,0.322086170895,-344.179852,-94.141595,-18.965500
1048576,1048640,2097280,0.106,222311,40,80,13108,24,155,251.672739,0.322086170895,-346.374180,-94.701441,-18.965500
1048576,1048640,2097280,0.106,222311,40,80,13108,24,156,253.307220,0.322086170895,-348.564994,-95.257774,-18.965500
1048576,1048640,2097280,0.106,222311,40,80,13108,24,157,254.941702,0.322086170895,-350.752140,-95.810438,-18.965500
1048576,1048640,2097280,0.106,222311,40,80,13108,24,158,256.576183,0.322086170895,-352.935475,-96.359292,-18.965500
1048576,1048640,2097280,0.106,222311,40,80,13108,24,159,258.210665,0.322086170895,-355.114874,-96.904209,-18.965500
1048576,1048640,2097280,0.106,222311,40,80,13108,24,160,259.845146,0.322086170895,-357.290229,-97.445084,-18.965500
1048576,1048640,2097280,0.106,222311,40,80,13108,25,1,-inf,,-2.237846,-inf,-inf
1048576,1048640,2097280,0.106,222311,40,80,13108,25,2,-inf,,-4.475692,-inf,-inf
1048576,1048640,2097280,0.106,222311,40,80,13108,25,3,-inf,,-6.713537,-inf,-inf
1048576,1048640,2097280,0.106,222311,40,80,13108,25,4,-inf,,-8.951381,-inf,-inf
1048576,1048640,2097280,0.106,222311,40,80,13108,25,5,-inf,,-11.189224,-inf,-inf
1048576,1048640,2097280,0.106,222311,40,80,13108,25,6,-inf,,-13.427067,-inf,-inf
1048576,1048640,2097280,0.106,222311,40,80,13108,25,7,-inf,,-15.664909,-inf,-inf
1048576,1048640,2097280,0.106,222311,40,80,13108,25,8,-inf,,-17.902750,-inf,-inf
1048576,1048640,2097280,0.106,222311,40,80,13108,25,9,-inf,,-20.140591,-inf,-inf
1048576,1048640,2097280,0.106,222311,40,80,13108,25,10,-inf,,-22.378431,-inf,-inf
1048576,1048640,2097280,0.106,222311,40,80,13108,25,11,-inf,,-24.616270,-inf,-inf
1048576,1048640,2097280,0.106,222311,40,80,13108,25,12,-inf,,-26.854109,-inf,-inf
1048576,1048640,2097280,0.106,222311,40,80,13108,25,13,-inf,,-29.091946,-inf,-inf
1048576,1048640,2097280,0.106,222311,40,80,13108,25,14,-inf,,-31.329784,-inf,-inf
1048576,1048640,2097280,0.106,222311,40,80,13108,25,15,-inf,,-33.567620,-inf,-inf
1048576,1048640,2097280,0.106,222311,40,80,13108,25,16,-inf,,-35.805456,-inf,-inf
1048576,1048640,2097280,0.106,222311,40,80,13108,25,17,-inf,,-38.043291,-inf,-inf
1048576,1048640,2097280,0.106,222311,40,80,13108,25,18,-inf,,-40.281125,-inf,-inf
1048576,1048640,2097280,0.106,222311,40,80,13108,25,19,-inf,,-42.518958,-inf,-inf
1048576,1048640,2097280,0.106,222311,40,80,13108,25,20,-inf,,-44.756791,-inf,-inf
1048576,1048640,2097280,0.106,222311,40,80,13108,25,21,-inf,,-46.994623,-inf,-inf
1048576,1048640,2097280,0.106,222311,40,80,13108,25,22,-inf,,-49.232455,-inf,-inf
1048576,1048640,2097280,0.106,222311,40,80,13108,25,23,-inf,,-51.470285,-inf,-inf
1048576,1048640,2097280,0.106,222311,40,80,13108,25,24,-inf,,-53.708115,-inf,-inf
1048576,1048640,2097280,0.106,222311,40,80,13108,25,25,31.979775,0.156725588185,-55.945944,-23.966169,-23.966169
1048576,1048640,2097280,0.106,222311,40,80,13108,25,26,34.653463,0.156725588185,-58.183773,-23.530310,-22.731842
1048576,1048640,2097280,0.106,222311,40,80,13108,25,27,37.327150,0.156725588185,-60.421601,-23.094451,-21.901784
1048576,1048640,2097280,0.106,222311,40,80,13108,25,28,40.000837,0.156725588185,-62.659428,-22.658590,-21.231120
1048576,1048640,2097280,0.106,222311,40,80,13108,25,29,42.522274,0.192539805332,-64.897254,-22.374980,-20.692535
1048576,1048640,2097280,0.106,222311,40,80,13108,25,30,44.804976,0.21340807009,-67.135080,-22.330104,-20.290471
1048576,1048640,2097280,0.106,222311,40,80,13108,25,31,46.998640,0.236538124161,-69.372905,-22.374265,-19.984917
1048576,1048640,2097280,0.106,222311,40,80,13108,25,32,49.078495,0.236538124161,-71.610729,-22.532234,-19.757086
1048576,1048640,2097280,0.106,222311,40,80,13108,25,33,51.100639,0.262175109676,-73.848553,-22.747914,-19.586139
1048576,1048640,2097280,0.106,222311,40,80,13108,25,34,53.032036,0.262175109676,-76.086375,-23.054339,-19.461337
1048576,1048640,2097280,0.106,222311,40,80,13108,25,35,54.952946,0.290590738289,-78.324197,-23.371251,-19.368416
1048576,1048640,2097280,0.106,222311,40,80,13108,25,36,56.735885,0.290590738289,-80.562019,-23.826133,-19.304211
1048576,1048640,2097280,0.106,222311,40,80,13108,25,37,58.518825,0.290590738289,-82.799839,-24.281015,-19.259109
1048576,1048640,2097280,0.106,222311,40,80,13108,25,38,60.301764,0.290590738289,-85.037659,-24.735895,-19.227071
1048576,1048640,2097280,0.106,222311,40,80,13108,25,39,62.070785,0.322086170895,-87.275478,-25.204693,-19.204356
1048576,1048640,2097280,0.106,222311,40,80,13108,25,40,63.705267,0.322086170895,-89.513297,-25.808030,-19.189597
1048576,1048640,2097280,0.106,222311,40,80,13108,25,41,65.339748,0.322086170895,-91.751114,-26.411366,-19.179964
1048576,1048640,2097280,0.106,222311,40,80,13108,25,42,66.974230,0.322086170895,-93.988931,-27.014702,-19.173659
1048576,1048640,2097280,0.106,222311,40,80,13108,25,43,68.608711,0.322086170895,-96.226747,-27.618036,-19.169523
1048576,1048640,2097280,0.106,222311,40,80,13108,25,44,70.243192,0.322086170895,-98.464563,-28.221370,-19.166807
1048576,1048640,2097280,0.106,222311,40,80,13108,25,45,71.877674,0.322086170895,-100.702377,-28.824704,-19.165022
1048576,1048640,2097280,0.106,222311,40,80,13108,25,46,73.512155,0.322086170895,-102.940191,-29.428036,-19.163849
1048576,1048640,2097280,0.106,222311,40,80,13108,25,47,75.146636,0.322086170895,-105.178005,-30.031368,-19.163077
1048576,1048640,2097280,0.106,222311,40,80,13108,25,48,76.781118,0.322086170895,-107.415817,-30.634699,-19.162569
1048576,1048640,2097280,0.106,222311,40,80,13108,25,49,78.415599,0.322086170895,-109.653629,-31.238030,-19.162235
1048576,1048640,2097280,0.106,222311,40,80,13108,25,50,80.050081,0.322086170895,-111.891440,-31.841359,-19.162015
1048576,1048640,2097280,0.106,222311,40,80,13108,25,51,81.684562,0.322086170895,-114.129250,-32.444688,-19.161870
1048576,1048640,2097280,0.106,222311,40,80,13108,25,52,83.319043,0.322086170895,-116.367059,-33.048016,-19.161775
1048576,1048640,2097280,0.106,222311,40,80,13108,25,53,84.953525,0.322086170895,-118.604868,-33.651343,-19.161712
1048576,1048640,2097280,0.106,222311,40,80,13108,25,54,86.588006,0.322086170895,-120.842676,-34.254670,-19.161671
1048576,1048640,2097280,0.106,222311,40,80,13108,25,55,88.222487,0.322086170895,-123.080483,-34.857995,-19.161643
1048576,1048640,2097280,0.106,222311,40,80,13108,25,56,89.856969,0.322086170895,-125.318289,-35.461320,-19.161626
1048576,1048640,2097280,0.106,222311,40,80,13108,25,57,91.491450,0.322086170895,-127.556094,-36.064644,-19.161614
1048576,1048640,2097280,0.106,222311,40,80,13108,25,58,93.125932,0.322086170895,-129.793899,-36.667967,-19.161606
1048576,1048640,2097280,0.106,222311,40,80,13108,25,59,94.760413,0.322086170895,-132.031702,-37.271290,-19.161601
1048576,1048640,2097280,0.106,222311,40,80,13108,25,60,96.394894,0.322086170895,-134.269505,-37.874611,-19.161598
1048576,1048640,2097280,0.106,222311,40,80,13108,25,61,98.029376,0.322086170895,-136.507307,-38.477932,-19.161595
1048576,1048640,2097280,0.106,222311,40,80,13108,25,62,99.663857,0.322086170895,-138.745108,-39.081251,-19.161594
1048576,1048640,2097280,0.106,222311,40,80,13108,25,63,101.298338,0.322086170895,-140.982909,-39.684570,-19.161593
1048576,1048640,2097280,0.106,222311,40,80,13108,25,64,102.932820,0.322086170895,-143.220708,-40.287888,-19.161592
1048576,1048640,2097280,0.106,222311,40,80,13108,25,65,104.567301,0.322086170895,-145.458506,-40.891205,-19.161592
1048576,1048640,2097280,0.106,222311,40,80,13108,25,66,106.201783,0.322086170895,-147.696303,-41.494521,-19.161592
1048576,1048640,2097280,0.106,222311,40,80,13108,25,67,107.836264,0.322086170895,-149.934100,-42.097836,-19.161591
1048576,1048640,2097280,0.106,222311,40,80,13108,25,68,109.470745,0.322086170895,-152.171895,-42.701150,-19.161591
1048576,1048640,2097280,0.106,222311,40,80,13108,25,69,111.105227,0.322086170895,-154.409689,-43.304462,-19.161591
1048576,1048640,2097280,0.106,222311,40,80,13108,25,70,112.739708,0.322086170895,-156.647482,-43.907774,-19.161591
1048576,1048640,2097280,0.106,222311,40,80,13108,25,71,114.374189,0.322086170895,-158.885274,-44.511084,-19.161591
1048576,1048640,2097280,0.106,222311,40,80,13108,25,72,116.008671,0.322086170895,-161.123064,-45.114393,-19.161591
1048576,1048640,2097280,0.106,222311,40,80,13108,25,73,117.643152,0.322086170895,-163.360853,-45.717701,-19.161591
1048576,1048640,2097280,0.106,222311,40,80,13108,25,74,119.277634,0.322086170895,-165.598641,-46.321007,-19.161591
1048576,1048640,2097280,0.106,222311,40,80,13108,25,75,120.912115,0.322086170895,-167.836427,-46.924312,-19.161591
1048576,1048640,2097280,0.106,222311,40,80,13108,25,76,122.546596,0.322086170895,-170.074211,-47.527615,-19.161591
1048576,1048640,2097280,0.106,222311,40,80,13108,25,77,124.181078,0.322086170895,-172.311994,-48.130917,-19.161591
1048576,1048640,2097280,0.106,222311,40,80,13108,25,78,125.815559,0.322086170895,-174.549775,-48.734216,-19.161591
1048576,1048640,2097280,0.106,222311,40,80,13108,25,79,127.450040,0.322086170895,-176.787554,-49.337514,-19.161591
1048576,1048640,2097280,0.106,222311,40,80,13108,25,80,129.084522,0.322086170895,-179.025331,-49.940810,-19.161591
1048576,1048640,2097280,0.106,222311,40,80,13108,25,81,130.719003,0.322086170895,-181.263106,-50.544103,-19.161591
1048576,1048640,2097280,0.106,222311,40,80,13108,25,82,132.353485,0.322086170895,-183.500878,-51.147394,-19.161591
1048576,1048640,2097280,0.106,222311,40,80,13108,25,83,133.987966,0.322086170895,-185.738648,-51.750682,-19.161591
1048576,1048640,2097280,0.106,222311,40,80,13108,25,84,135.622447,0.322086170895,-187.976414,-52.353967,-19.161591
1048576,1048640,2097280,0.106,222311,40,80,13108,25,85,137.256929,0.322086170895,-190.214177,-52.957249,-19.161591
1048576,1048640,2097280,0.106,222311,40,80,13108,25,86,138.891410,0.322086170895,-192.451937,-53.560527,-19.161591
1048576,1048640,2097280,0.106,222311,40,80,13108,25,87,140.525891,0.322086170895,-194.689693,-54.163802,-19.161591
1048576,1048640,2097280,0.106,222311,40,80,13108,25,88,142.160373,0.322086170895,-196.927445,-54.767072,-19.161591
1048576,1048640,2097280,0.106,222311,40,80,13108,25,89,143.794854,0.322086170895,-199.165192,-55.370338,-19.161591
1048576,1048640,2097280,0.106,222311,40,80,13108,25,90,145.429336,0.322086170895,-201.402934,-55.973598,-19.161591
1048576,1048640,2097280,0.106,222311,40,80,13108,25,91,147.063817,0.322086170895,-203.640670,-56.576853,-19.161591
1048576,1048640,2097280,0.106,222311,40,80,13108,25,92,148.698298,0.322086170895,-205.878400,-57.180101,-19.161591
1048576,1048640,2097280,0.106,222311,40,80,13108,25,93,150.332780,0.322086170895,-208.116123,-57.783343,-19.161591
1048576,1048640,2097280,0.106,222311,40,80,13108,25,94,151.967261,0.322086170895,-210.353838,-58.386577,-19.161591
1048576,1048640,2097280,0.106,222311,40,80,13108,25,95,153.601743,0.322086170895,-212.591544,-58.989802,-19.161591
1048576,1048640,2097280,0.106,222311,40,80,13108,25,96,155.236224,0.322086170895,-214.829241,-59.593017,-19.161591
1048576,1048640,2097280,0.106,222311,40,80,13108,25,97,156.870705,0.322086170895,-217.066928,-60.196223,-19.161591
1048576,1048640,2097280,0.106,222311,40,80,13108,25,98,158.505187,0.322086170895,-219.304602,-60.799416,-19.161591
1048576,1048640,2097280,0.106,222311,40,80,13108,25,99,160.139668,0.322086170895,-221.542264,-61.402596,-19.161591
1048576,1048640,2097280,0.106,222311,40,80,13108,25,100,161.774149,0.322086170895,-223.779911,-62.005761,-19.161591
1048576,1048640,2097280,0.106,222311,40,80,13108,25,101,163.408631,0.322086170895,-226.017541,-62.608911,-19.161591
1048576,1048640,2097280,0.106,222311,40,80,13108,25,102,165.043112,0.322086170895,-228.255154,-63.212042,-19.161591
1048576,1048640,2097280,0.106,222311,40,80,13108,25,103,166.677594,0.322086170895,-230.492746,-63.815152,-19.161591
1048576,1048640,2097280,0.106,222311,40,80,13108,25,104,168.312075,0.322086170895,-232.730316,-64.418241,-19.161591
1048576,1048640,2097280,0.106,222311,40,80,13108,25,105,169.946556,0.322086170895,-234.967860,-65.021304,-19.161591
1048576,1048640,2097280,0.106,222311,40,80,13108,25,106,171.581038,0.322086170895,-237.205376,-65.624339,-19.161591
1048576,1048640,2097280,0.106,222311,40,80,13108,25,107,173.215519,0.322086170895,-239.442861,-66.227342,-19.161591
1048576,1048640,2097280,0.106,222311,40,80,13108,25,108,174.850000,0.322086170895,-241.680311,-66.830311,-19.161591
1048576,1048640,2097280,0.106,222311,40,80,13108,25,109,176.484482,0.322086170895,-243.917722,-67.433240,-19.161591
1048576,1048640,2097280,0.106,222311,40,80,13108,25,110,178.118963,0.322086170895,-246.155089,-68.036126,-19.161591
1048576,1048640,2097280,0.106,222311,40,80,13108,25,111,179.753445,0.322086170895,-248.392408,-68.638963,-19.161591
1048576,1048640,2097280,0.106,222311,40,80,13108,25,112,181.387926,0.322086170895,-250.629672,-69.241746,-19.161591
1048576,1048640,2097280,0.106,222311,40,80,13108,25,113,183.022407,0.322086170895,-252.866875,-69.844468,-19.161591
1048576,1048640,2097280,0.106,222311,40,80,13108,25,114,184.656889,0.322086170895,-255.104010,-70.447122,-19.161591
1048576,1048640,2097280,0.106,222311,40,80,13108,25,115,186.291370,0.322086170895,-257.341070,-71.049700,-19.161591
1048576,1048640,2097280,0.106,222311,40,80,13108,25,116,187.925851,0.322086170895,-259.578045,-71.652194,-19.161591
1048576,1048640,2097280,0.106,222311,40,80,13108,25,117,189.560333,0.322086170895,-261.814926,-72.254594,-19.161591
1048576,1048640,2097280,0.106,222311,40,80,13108,25,118,191.194814,0.322086170895,-264.051702,-72.856888,-19.161591
1048576,1048640,2097280,0.106,222311,40,80,13108,25,119,192.829296,0.322086170895,-266.288360,-73.459065,-19.161591
1048576,1048640,2097280,0.106,222311,40,80,13108,25,120,194.463777,0.322086170895,-268.524888,-74.061111,-19.161591
1048576,1048640,2097280,0.106,222311,40,80,13108,25,121,196.098258,0.322086170895,-270.761269,-74.663011,-19.161591
1048576,1048640,2097280,0.106,222311,40,80,13108,25,122,197.732740,0.322086170895,-272.997488,-75.264748,-19.161591
1048576,1048640,2097280,0.106,222311,40,80,13108,25,123,199.367221,0.322086170895,-275.233525,-75.866304,-19.161591
1048576,1048640,2097280,0.106,222311,40,80,13108,25,124,201.001702,0.322086170895,-277.469359,-76.467657,-19.161591
1048576,1048640,2097280,0.106,222311,40,80,13108,25,125,202.636184,0.322086170895,-279.704968,-77.068785,-19.161591
1048576,1048640,2097280,0.106,222311,40,80,13108,25,126,204.270665,0.322086170895,-281.940327,-77.669662,-19.161591
1048576,1048640,2097280,0.106,222311,40,80,13108,25,127,205.905147,0.322086170895,-284.175406,-78.270259,-19.161591
1048576,1048640,2097280,0.106,222311,40,80,13108,25,128,207.539628,0.322086170895,-286.410174,-78.870546,-19.161591
1048576,1048640,2097280,0.106,222311,40,80,13108,25,129,209.174109,0.322086170895,-288.644596,-79.470487,-19.161591
1048576,1048640,2097280,0.106,222311,40,80,13108,25,130,210.808591,0.322086170895,-290.878635,-80.070044,-19.161591
1048576,1048640,2097280,0.106,222311,40,80,13108,25,131,212.443072,0.322086170895,-293.112246,-80.669174,-19.161591
1048576,1048640,2097280,0.106,222311,40,80,13108,25,132,214.077553,0.322086170895,-295.345384,-81.267831,-19.161591
1048576,1048640,2097280,0.106,222311,40,80,13108,25,133,215.712035,0.322086170895,-297.577997,-81.865962,-19.161591
1048576,1048640,2097280,0.106,222311,40,80,13108,25,134,217.346516,0.322086170895,-299.810027,-82.463511,-19.161591
1048576,1048640,2097280,0.106,222311,40,80,13108,25,135,218.980998,0.322086170895,-302.041413,-83.060415,-19.161591
1048576,1048640,2097280,0.106,222311,40,80,13108,25,136,220.615479,0.322086170895,-304.272084,-83.656605,-19.161591
1048576,1048640,2097280,0.106,222311,40,80,13108,25,137,222.249960,0.322086170895,-306.501968,-84.252008,-19.161591
1048576,1048640,2097280,0.106,222311,40,80,13108,25,138,223.884442,0.322086170895,-308.730981,-84.846539,-19.161591
1048576,1048640,2097280,0.106,222311,40,80,13108,25,139,225.518923,0.322086170895,-310.959035,-85.440112,-19.161591
1048576,1048640,2097280,0.106,222311,40,80,13108,25,140,227.153404,0.322086170895,-313.186033,-86.032628,-19.161591
1048576,1048640,2097280,0.106,222311,40,80,13108,25,141,228.787886,0.322086170895,-315.411870,-86.623984,-19.161591
1048576,1048640,2097280,0.106,222311,40,80,13108,25,142,230.422367,0.322086170895,-317.636433,-87.214065,-19.161591
1048576,1048640,2097280,0.106,222311,40,80,13108,25,143,232.056849,0.322086170895,-319.859600,-87.802752,-19.161591
1048576,1048640,2097280,0.106,222311,40,80,13108,25,144,233.691330,0.322086170895,-322.081243,-88.389913,-19.161591
1048576,1048640,2097280,0.106,222311,40,80,13108,25,145,235.325811,0.322086170895,-324.301223,-88.975412,-19.161591
1048576,1048640,2097280,0.106,222311,40,80,13108,25,146,236.960293,0.322086170895,-326.519393,-89.559100,-19.161591
1048576,1048640,2097280,0.106,222311,40,80,13108,25,147,238.594774,0.322086170895,-328.735598,-90.140824,-19.161591
1048576,1048640,2097280,0.106,222311,40,80,13108,25,148,240.229255,0.322086170895,-330.949679,-90.720423,-19.161591
1048576,1048640,2097280,0.106,222311,40,80,13108,25,149,241.863737,0.322086170895,-333.161466,-91.297729,-19.161591
1048576,1048640,2097280,0.106,222311,40,80,13108,25,150,243.498218,0.322086170895,-335.370786,-91.872568,-19.161591
1048576,1048640,2097280,0.106,222311,40,80,13108,25,151,245.132700,0.322086170895,-337.577464,-92.444764,-19.161591
1048576,1048640,2097280,0.106,222311,40,80,13108,25,152,246.767181,0.322086170895,-339.781320,-93.014139,-19.161591
1048576,1048640,2097280,0.106,222311,40,80,13108,25,153,248.401662,0.322086170895,-341.982175,-93.580512,-19.161591
1048576,1048640,2097280,0.106,222311,40,80,13108,25,154,250.036144,0.322086170895,-344.179852,-94.143709,-19.161591
1048576,1048640,2097280,0.106,222311,40,80,13108,25,155,251.670625,0.322086170895,-346.374180,-94.703555,-19.161591
1048576,1048640,2097280,0.106,222311,40,80,13108,25,156,253.305106,0.322086170895,-348.564994,-95.259888,-19.161591
1048576,1048640,2097280,0.106,222311,40,80,13108,25,157,254.939588,0.322086170895,-350.752140,-95.812552,-19.161591
1048576,1048640,2097280,0.106,222311,40,80,13108,25,158,256.574069,0.322086170895,-352.935475,-96.361406,-19.161591
1048576,1048640,2097280,0.106,222311,40,80,13108,25,159,258.208551,0.322086170895,-355.114874,-96.906323,-19.161591
1048576,1048640,2097280,0.106,222311,40,80,13108,25,160,259.843032,0.322086170895,-357.290229,-97.447197,-19.161591
1048576,1048640,2097280,0.106,222311,40,80,13108,26,1,-inf,,-2.237846,-inf,-inf
1048576,1048640,2097280,0.106,222311,40,80,13108,26,2,-inf,,-4.475692,-inf,-inf
1048576,1048640,2097280,0.106,222311,40,80,13108,26,3,-inf,,-6.713537,-inf,-inf
1048576,1048640,2097280,0.106,222311,40,80,13108,26,4,-inf,,-8.951381,-inf,-inf
1048576,1048640,2097280,0.106,222311,40,80,13108,26,5,-inf,,-11.189224,-inf,-inf
1048576,1048640,2097280,0.106,222311,40,80,13108,26,6,-inf,,-13.427067,-inf,-inf
1048576,1048640,2097280,0.106,222311,40,80,13108,26,7,-inf,,-15.664909,-inf,-inf
1048576,1048640,2097280,0.106,222311,40,80,13108,26,8,-inf,,-17.902750,-inf,-inf
1048576,1048640,2097280,0.106,222311,40,80,13108,26,9,-inf,,-20.140591,-inf,-inf
1048576,1048640,2097280,0.106,222311,40,80,13108,26,10,-inf,,-22.378431,-inf,-inf
1048576,1048640,2097280,0.106,222311,40,80,13108,26,11,-inf,,-24.616270,-inf,-inf
1048576,1048640,2097280,0.106,222311,40,80,13108,26,12,-inf,,-26.854109,-inf,-inf
1048576,1048640,2097280,0.106,222311,40,80,13108,26,13,-inf,,-29.091946,-inf,-inf
1048576,1048640,2097280,0.106,222311,40,80,13108,26,14,-inf,,-31.329784,-inf,-inf
1048576,1048640,2097280,0.106,222311,40,80,13108,26,15,-inf,,-33.567620,-inf,-inf
1048576,1048640,2097280,0.106,222311,40,80,13108,26,16,-inf,,-35.805456,-inf,-inf
1048576,1048640,2097280,0.106,222311,40,80,13108,26,17,-inf,,-38.043291,-inf,-inf
1048576,1048640,2097280,0.106,222311,40,80,13108,26,18,-inf,,-40.281125,-inf,-inf
1048576,1048640,2097280,0.106,222311,40,80,13108,26,19,-inf,,-42.518958,-inf,-inf
1048576,1048640,2097280,0.106,222311,40,80,13108,26,20,-inf,,-44.756791,-inf,-inf
1048576,1048640,2097280,0.106,222311,40,80,13108,26,21,-inf,,-46.994623,-inf,-inf
1048576,1048640,2097280,0.106,222311,40,80,13108,26,22,-inf,,-49.232455,-inf,-inf
1048576,1048640,2097280,0.106,222311,40,80,13108,26,23,-inf,,-51.470285,-inf,-inf
1048576,1048640,2097280,0.106,222311,40,80,13108,26,24,-inf,,-53.708115,-inf,-inf
1048576,1048640,2097280,0.106,222311,40,80,13108,26,25,-inf,,-55.945944,-inf,-inf
1048576,1048640,2097280,0.106,222311,40,80,13108,26,26,34.194031,0.156725588185,-58.183773,-23.989742,-23.989742
1048576,1048640,2097280,0.106,222311,40,80,13108,26,27,36.867718,0.156725588185,-60.421601,-23.553882,-22.755414
1048576,1048640,2097280,0.106,222311,40,80,13108,26,28,39.541406,0.156725588185,-62.659428,-23.118022,-21.925356
1048576,1048640,2097280,0.106,222311,40,80,13108,26,29,42.215093,0.156725588185,-64.897254,-22.682161,-21.254692
1048576,1048640,2097280,0.106,222311,40,80,13108,26,30,44.668850,0.21340807009,-67.135080,-22.466230,-20.736854
1048576,1048640,2097280,0.106,222311,40,80,13108,26,31,46.897163,0.21340807009,-69.372905,-22.475742,-20.358786
1048576,1048640,2097280,0.106,222311,40,80,13108,26,32,49.004888,0.236538124161,-71.610729,-22.605841,-20.082999
1048576,1048640,2097280,0.106,222311,40,80,13108,26,33,51.067466,0.262175109676,-73.848553,-22.781087,-19.876235
1048576,1048640,2097280,0.106,222311,40,80,13108,26,34,52.998863,0.262175109676,-76.086375,-23.087512,-19.728314
1048576,1048640,2097280,0.106,222311,40,80,13108,26,35,54.930260,0.262175109676,-78.324197,-23.393937,-19.618884
1048576,1048640,2097280,0.106,222311,40,80,13108,26,36,56.723966,0.290590738289,-80.562019,-23.838053,-19.543432
1048576,1048640,2097280,0.106,222311,40,80,13108,26,37,58.506905,0.290590738289,-82.799839,-24.292934,-19.490771
1048576,1048640,2097280,0.106,222311,40,80,13108,26,38,60.289845,0.290590738289,-85.037659,-24.747814,-19.453530
1048576,1048640,2097280,0.106,222311,40,80,13108,26,39,62.067076,0.322086170895,-87.275478,-25.208402,-19.427057
1048576,1048640,2097280,0.106,222311,40,80,13108,26,40,63.701557,0.322086170895,-89.513297,-25.811739,-19.409894
1048576,1048640,2097280,0.106,222311,40,80,13108,26,41,65.336039,0.322086170895,-91.751114,-26.415076,-19.398707
1048576,1048640,2097280,0.106,222311,40,80,13108,26,42,66.970520,0.322086170895,-93.988931,-27.018411,-19.391390
1048576,1048640,2097280,0.106,222311,40,80,13108,26,43,68.605001,0.322086170895,-96.226747,-27.621746,-19.386594
1048576,1048640,2097280,0.106,222311,40,80,13108,26,44,70.239483,0.322086170895,-98.464563,-28.225080,-19.383446
1048576,1048640,2097280,0.106,222311,40,80,13108,26,45,71.873964,0.322086170895,-100.702377,-28.828413,-19.381377
1048576,1048640,2097280,0.106,222311,40,80,13108,26,46,73.508445,0.322086170895,-102.940191,-29.431746,-19.380018
1048576,1048640,2097280,0.106,222311,40,80,13108,26,47,75.142927,0.322086170895,-105.178005,-30.035078,-19.379123
1048576,1048640,2097280,0.106,222311,40,80,13108,26,48,76.777408,0.322086170895,-107.415817,-30.638409,-19.378535
1048576,1048640,2097280,0.106,222311,40,80,13108,26,49,78.411890,0.322086170895,-109.653629,-31.241739,-19.378147
1048576,1048640,2097280,0.106,222311,40,80,13108,26,50,80.046371,0.322086170895,-111.891440,-31.845069,-19.377893
1048576,1048640,2097280,0.106,222311,40,80,13108,26,51,81.680852,0.322086170895,-114.129250,-32.448397,-19.377725
1048576,1048640,2097280,0.106,222311,40,80,13108,26,52,83.315334,0.322086170895,-116.367059,-33.051725,-19.377615
1048576,1048640,2097280,0.106,222311,40,80,13108,26,53,84.949815,0.322086170895,-118.604868,-33.655053,-19.377542
1048576,1048640,2097280,0.106,222311,40,80,13108,26,54,86.584296,0.322086170895,-120.842676,-34.258379,-19.377494
1048576,1048640,2097280,0.106,222311,40,80,13108,26,55,88.218778,0.322086170895,-123.080483,-34.861705,-19.377463
1048576,1048640,2097280,0.106,222311,40,80,13108,26,56,89.853259,0.322086170895,-125.318289,-35.465030,-19.377442
1048576,1048640,2097280,0.106,222311,40,80,13108,26,57,91.487741,0.322086170895,-127.556094,-36.068354,-19.377428
1048576,1048640,2097280,0.106,222311,40,80,13108,26,58,93.122222,0.322086170895,-129.793899,-36.671677,-19.377419
1048576,1048640,2097280,0.106,222311,40,80,13108,26,59,94.756703,0.322086170895,-132.031702,-37.274999,-19.377413
1048576,1048640,2097280,0.106,222311,40,80,13108,26,60,96.391185,0.322086170895,-134.269505,-37.878321,-19.377409
1048576,1048640,2097280,0.106,222311,40,80,13108,26,61,98.025666,0.322086170895,-136.507307,-38.481641,-19.377407
1048576,1048640,2097280,0.106,222311,40,80,13108,26,62,99.660148,0.322086170895,-138.745108,-39.084961,-19.377405
1048576,1048640,2097280,0.106,222311,40,80,13108,26,63,101.294629,0.322086170895,-140.982909,-39.688280,-19.377404
1048576,1048640,2097280,0.106,222311,40,80,13108,26,64,102.929110,0.322086170895,-143.220708,-40.291598,-19.377403
1048576,1048640,2097280,0.106,222311,40,80,13108,26,65,104.563592,0.322086170895,-145.458506,-40.894914,-19.377403
1048576,1048640,2097280,0.106,222311,40,80,13108,26,66,106.198073,0.322086170895,-147.696303,-41.498230,-19.377403
1048576,1048640,2097280,0.106,222311,40,80,13108,26,67,107.832554,0.322086170895,-149.934100,-42.101545,-19.377402
1048576,1048640,2097280,0.106,222311,40,80,13108,26,68,109.467036,0.322086170895,-152.171895,-42.704859,-19.377402
1048576,1048640,2097280,0.106,222311,40,80,13108,26,69,111.101517,0.322086170895,-154.409689,-43.308172,-19.377402
1048576,1048640,2097280,0.106,222311,40,80,13108,26,70,112.735999,0.322086170895,-156.647482,-43.911483,-19.377402
1048576,1048640,2097280,0.106,222311,40,80,13108,26,71,114.370480,0.322086170895,-158.885274,-44.514794,-19.377402
1048576,1048640,2097280,0.106,222311,40,80,13108,26,72,116.004961,0.322086170895,-161.123064,-45.118103,-19.377402
1048576,1048640,2097280,0.106,222311,40,80,13108,26,73,117.639443,0.322086170895,-163.360853,-45.721410,-19.377402
1048576,1048640,2097280,0.106,222311,40,80,13108,26,74,119.273924,0.322086170895,-165.598641,-46.324717,-19.377402
1048576,1048640,2097280,0.106,222311,40,80,13108,26,75,120.908405,0.322086170895,-167.836427,-46.928022,-19.377402
1048576,1048640,2097280,0.106,222311,40,80,13108,26,76,122.542887,0.322086170895,-170.074211,-47.531325,-19.377402
1048576,1048640,2097280,0.106,222311,40,80,13108,26,77,124.177368,0.322086170895,-172.311994,-48.134626,-19.377402
1048576,1048640,2097280,0.106,222311,40,80,13108,26,78,125.811850,0.322086170895,-174.549775,-48.737926,-19.377402
1048576,1048640,2097280,0.106,222311,40,80,13108,26,79,127.446331,0.322086170895,-176.787554,-49.341224,-19.377402
1048576,1048640,2097280,0.106,222311,40,80,13108,26,80,129.080812,0.322086170895,-179.025331,-49.944519,-19.377402
1048576,1048640,2097280,0.106,222311,40,80,13108,26,81,130.715294,0.322086170895,-181.263106,-50.547812,-19.377402
1048576,1048640,2097280,0.106,222311,40,80,13108,26,82,132.349775,0.322086170895,-183.500878,-51.151103,-19.377402
1048576,1048640,2097280,0.106,222311,40,80,13108,26,83,133.984256,0.322086170895,-185.738648,-51.754391,-19.377402
1048576,1048640,2097280,0.106,222311,40,80,13108,26,84,135.618738,0.322086170895,-187.976414,-52.357676,-19.377402
1048576,1048640,2097280,0.106,222311,40,80,13108,26,85,137.253219,0.322086170895,-190.214177,-52.960958,-19.377402
1048576,1048640,2097280,0.106,222311,40,80,13108,26,86,138.887701,0.322086170895,-192.451937,-53.564237,-19.377402
1048576,1048640,2097280,0.106,222311,40,80,13108,26,87,140.522182,0.322086170895,-194.689693,-54.167511,-19.377402
1048576,1048640,2097280,0.106,222311,40,80,13108,26,88,142.156663,0.322086170895,-196.927445,-54.770782,-19.377402
1048576,1048640,2097280,0.106,222311,40,80,13108,26,89,143.791145,0.322086170895,-199.165192,-55.374047,-19.377402
1048576,1048640,2097280,0.106,222311,40,80,13108,26,90,145.425626,0.322086170895,-201.402934,-55.977308,-19.377402
1048576,1048640,2097280,0.106,222311,40,80,13108,26,91,147.060107,0.322086170895,-203.640670,-56.580562,-19.377402
1048576,1048640,2097280,0.106,222311,40,80,13108,26,92,148.694589,0.322086170895,-205.878400,-57.183811,-19.377402
1048576,1048640,2097280,0.106,222311,40,80,13108,26,93,150.329070,0.322086170895,-208.116123,-57.787052,-19.377402
1048576,1048640,2097280,0.106,222311,40,80,13108,26,94,151.963552,0.322086170895,-210.353838,-58.390286,-19.377402
1048576,1048640,2097280,0.106,222311,40,80,13108,26,95,153.598033,0.322086170895,-212.591544,-58.993511,-19.377402
1048576,1048640,2097280,0.106,222311,40,80,13108,26,96,155.232514,0.322086170895,-214.829241,-59.596727,-19.377402
1048576,1048640,2097280,0.106,222311,40,80,13108,26,97,156.866996,0.322086170895,-217.066928,-60.199932,-19.377402
1048576,1048640,2097280,0.106,222311,40,80,13108,26,98,158.501477,0.322086170895,-219.304602,-60.803125,-19.377402
1048576,1048640,2097280,0.106,222311,40,80,13108,26,99,160.135958,0.322086170895,-221.542264,-61.406305,-19.377402
1048576,1048640,2097280,0.106,222311,40,80,13108,26,100,161.770440,0.322086170895,-223.779911,-62.009471,-19.377402
1048576,1048640,2097280,0.106,222311,40,80,13108,26,101,163.404921,0.322086170895,-226.017541,-62.612620,-19.377402
1048576,1048640,2097280,0.106,222311,40,80,13108,26,102,165.039403,0.322086170895,-228.255154,-63.215751,-19.377402
1048576,1048640,2097280,0.106,222311,40,80,13108,26,103,166.673884,0.322086170895,-230.492746,-63.818862,-19.377402
1048576,1048640,2097280,0.106,222311,40,80,13108,26,104,168.308365,0.322086170895,-232.730316,-64.421950,-19.377402
1048576,1048640,2097280,0.106,222311,40,80,13108,26,105,169.942847,0.322086170895,-234.967860,-65.025013,-19.377402
1048576,1048640,2097280,0.106,222311,40,80,13108,26,106,171.577328,0.322086170895,-237.205376,-65.628048,-19.377402
1048576,1048640,2097280,0.106,222311,40,80,13108,26,107,173.211809,0.322086170895,-239.442861,-66.231052,-19.377402
1048576,1048640,2097280,0.106,222311,40,80,13108,26,108,174.846291,0.322086170895,-241.680311,-66.834020,-19.377402
1048576,1048640,2097280,0.106,222311,40,80,13108,26,109,176.480772,0.322086170895,-243.917722,-67.436950,-19.377402
1048576,1048640,2097280,0.106,222311,40,80,13108,26,110,178.115254,0.322086170895,-246.155089,-68.039836,-19.377402
1048576,1048640,2097280,0.106,222311,40,80,13108,26,111,179.749735,0.322086170895,-248.392408,-68.642673,-19.377402
1048576,1048640,2097280,0.106,222311,40,80,13108,26,112,181.384216,0.322086170895,-250.629672,-69.245455,-19.377402
1048576,1048640,2097280,0.106,222311,40,80,13108,26,113,183.018698,0.322086170895,-252.866875,-69.848177,-19.377402
1048576,1048640,2097280,0.106,222311,40,80,13108,26,114,184.653179,0.322086170895,-255.104010,-70.450831,-19.377402
1048576,1048640,2097280,0.106,222311,40,80,13108,26,115,186.287660,0.322086170895,-257.341070,-71.053410,-19.377402
1048576,1048640,2097280,0.106,222311,40,80,13108,26,116,187.922142,0.322086170895,-259.578045,-71.655904,-19.377402
1048576,1048640,2097280,0.106,222311,40,80,13108,26,117,189.556623,0.322086170895,-261.814926,-72.258303,-19.377402
1048576,1048640,2097280,0.106,222311,40,80,13108,26,118,191.191105,0.322086170895,-264.051702,-72.860598,-19.377402
1048576,1048640,2097280,0.106,222311,40,80,13108,26,119,192.825586,0.322086170895,-266.288360,-73.462775,-19.377402
1048576,1048640,2097280,0.106,222311,40,80,13108,26,120,194.460067,0.322086170895,-268.524888,-74.064821,-19.377402
1048576,1048640,2097280,0.106,222311,40,80,13108,26,121,196.094549,0.322086170895,-270.761269,-74.666721,-19.377402
1048576,1048640,2097280,0.106,222311,40,80,13108,26,122,197.729030,0.322086170895,-272.997488,-75.268458,-19.377402
1048576,1048640,2097280,0.106,222311,40,80,13108,26,123,199.363511,0.322086170895,-275.233525,-75.870013,-19.377402
1048576,1048640,2097280,0.106,222311,40,80,13108,26,124,200.997993,0.322086170895,-277.469359,-76.471366,-19.377402
1048576,1048640,2097280,0.106,222311,40,80,13108,26,125,202.632474,0.322086170895,-279.704968,-77.072494,-19.377402
1048576,1048640,2097280,0.106,222311,40,80,13108,26,126,204.266956,0.322086170895,-281.940327,-77.673371,-19.377402
1048576,1048640,2097280,0.106,222311,40,80,13108,26,127,205.901437,0.322086170895,-284.175406,-78.273969,-19.377402
1048576,1048640,2097280,0.106,222311,40,80,13108,26,128,207.535918,0.322086170895,-286.410174,-78.874256,-19.377402
1048576,1048640,2097280,0.106,222311,40,80,13108,26,129,209.170400,0.322086170895,-288.644596,-79.474197,-19.377402
1048576,1048640,2097280,0.106,222311,40,80,13108,26,130,210.804881,0.322086170895,-290.878635,-80.073754,-19.377402
1048576,1048640,2097280,0.106,222311,40,80,13108,26,131,212.439362,0.322086170895,-293.112246,-80.672884,-19.377402
1048576,1048640,2097280,0.106,222311,40,80,13108,26,132,214.073844,0.322086170895,-295.345384,-81.271541,-19.377402
1048576,1048640,2097280,0.106,222311,40,80,13108,26,133,215.708325,0.322086170895,-297.577997,-81.869672,-19.377402
1048576,1048640,2097280,0.106,222311,40,80,13108,26,134,217.342807,0.322086170895,-299.810027,-82.467221,-19.377402
1048576,1048640,2097280,0.106,222311,40,80,13108,26,135,218.977288,0.322086170895,-302.041413,-83.064125,-19.377402
1048576,1048640,2097280,0.106,222311,40,80,13108,26,136,220.611769,0.322086170895,-304.272084,-83.660315,-19.377402
1048576,1048640,2097280,0.106,222311,40,80,13108,26,137,222.246251,0.322086170895,-306.501968,-84.255717,-19.377402
1048576,1048640,2097280,0.106,222311,40,80,13108,26,138,223.880732,0.322086170895,-308.730981,-84.850249,-19.377402
1048576,1048640,2097280,0.106,222311,40,80,13108,26,139,225.515213,0.322086170895,-310.959035,-85.443822,-19.377402
1048576,1048640,2097280,0.106,222311,40,80,13108,26,140,227.149695,0.322086170895,-313.186033,-86.036338,-19.377402
1048576,1048640,2097280,0.106,222311,40,80,13108,26,141,228.784176,0.322086170895,-315.411870,-86.627693,-19.377402
1048576,1048640,2097280,0.106,222311,40,80,13108,26,142,230.418658,0.322086170895,-317.636433,-87.217775,-19.377402
1048576,1048640,2097280,0.106,222311,40,80,13108,26,143,232.053139,0.322086170895,-319.859600,-87.806461,-19.377402
1048576,1048640,2097280,0.106,222311,40,80,13108,26,144,233.687620,0.322086170895,-322.081243,-88.393623,-19.377402
1048576,1048640,2097280,0.106,222311,40,80,13108,26,145,235.322102,0.322086170895,-324.301223,-88.979121,-19.377402
1048576,1048640,2097280,0.106,222311,40,80,13108,26,146,236.956583,0.322086170895,-326.519393,-89.562810,-19.377402
1048576,1048640,2097280,0.106,222311,40,80,13108,26,147,238.591065,0.322086170895,-328.735598,-90.144534,-19.377402
1048576,1048640,2097280,0.106,222311,40,80,13108,26,148,240.225546,0.322086170895,-330.949679,-90.724133,-19.377402
1048576,1048640,2097280,0.106,222311,40,80,13108,26,149,241.860027,0.322086170895,-333.161466,-91.301438,-19.377402
1048576,1048640,2097280,0.106,222311,40,80,13108,26,150,243.494509,0.322086170895,-335.370786,-91.876278,-19.377402
1048576,1048640,2097280,0.106,222311,40,80,13108,26,151,245.128990,0.322086170895,-337.577464,-92.448474,-19.377402
1048576,1048640,2097280,0.106,222311,40,80,13108,26,152,246.763471,0.322086170895,-339.781320,-93.017848,-19.377402
1048576,1048640,2097280,0.106,222311,40,80,13108,26,153,248.397953,0.322086170895,-341.982175,-93.584222,-19.377402
1048576,1048640,2097280,0.106,222311,40,80,13108,26,154,250.032434,0.322086170895,-344.179852,-94.147418,-19.377402
1048576,1048640,2097280,0.106,222311,40,80,13108,26,155,251.666916,0.322086170895,-346.374180,-94.707265,-19.377402
1048576,1048640,2097280,0.106,222311,40,80,13108,26,156,253.301397,0.322086170895,-348.564994,-95.263598,-19.377402
1048576,1048640,2097280,0.106,222311,40,80,13108,26,157,254.935878,0.322086170895,-350.752140,-95.816262,-19.377402
1048576,1048640,2097280,0.106,222311,40,80,13108,26,158,256.570360,0.322086170895,-352.935475,-96.365115,-19.377402
1048576,1048640,2097280,0.106,222311,40,80,13108,26,159,258.204841,0.322086170895,-355.114874,-96.910033,-19.377402
1048576,1048640,2097280,0.106,222311,40,80,13108,26,160,259.839322,0.322086170895,-357.290229,-97.450907,-19.377402
1048576,1048640,2097280,0.106,222311,40,80,13108,27,1,-inf,,-2.237846,-inf,-inf
1048576,1048640,2097280,0.106,222311,40,80,13108,27,2,-inf,,-4.475692,-inf,-inf
1048576,1048640,2097280,0.106,222311,40,80,13108,27,3,-inf,,-6.713537,-inf,-inf
1048576,1048640,2097280,0.106,222311,40,80,13108,27,4,-inf,,-8.951381,-inf,-inf
1048576,1048640,2097280,0.106,222311,40,80,13108,27,5,-inf,,-11.189224,-inf,-inf
1048576,1048640,2097280,0.106,222311,40,80,13108,27,6,-inf,,-13.427067,-inf,-inf
1048576,1048640,2097280,0.106,222311,40,80,13108,27,7,-inf,,-15.664909,-inf,-inf
1048576,1048640,2097280,0.106,222311,40,80,13108,27,8,-inf,,-17.902750,-inf,-inf
1048576,1048640,2097280,0.106,222311,40,80,13108,27,9,-inf,,-20.140591,-inf,-inf
1048576,1048640,2097280,0.106,222311,40,80,13108,27,10,-inf,,-22.378431,-inf,-inf
1048576,1048640,2097280,0.106,222311,40,80,13108,27,11,-inf,,-24.616270,-inf,-inf
1048576,1048640,2097280,0.106,222311,40,80,13108,27,12,-inf,,-26.854109,-inf,-inf
1048576,1048640,2097280,0.106,222311,40,80,13108,27,13,-inf,,-29.091946,-inf,-inf
1048576,1048640,2097280,0.106,222311,40,80,13108,27,14,-inf,,-31.329784,-inf,-inf
1048576,1048640,2097280,0.106,222311,40,80,13108,27,15,-inf,,-33.567620,-inf,-inf
1048576,1048640,2097280,0.106,222311,40,80,13108,27,16,-inf,,-35.805456,-inf,-inf
1048576,1048640,2097280,0.106,222311,40,80,13108,27,17,-inf,,-38.043291,-inf,-inf
1048576,1048640,2097280,0.106,222311,40,80,13108,27,18,-inf,,-40.281125,-inf,-inf
1048576,1048640,2097280,0.106,222311,40,80,13108,27,19,-inf,,-42.518958,-inf,-inf
1048576,1048640,2097280,0.106,222311,40,80,13108,27,20,-inf,,-44.756791,-inf,-inf
1048576,1048640,2097280,0.106,222311,40,80,13108,27,21,-inf,,-46.994623,-inf,-inf
1048576,1048640,2097280,0.106,222311,40,80,13108,27,22,-inf,,-49.232455,-inf,-inf
1048576,1048640,2097280,0.106,222311,40,80,13108,27,23,-inf,,-51.470285,-inf,-inf
1048576,1048640,2097280,0.106,222311,40,80,13108,27,24,-inf,,-53.708115,-inf,-inf
1048576,1048640,2097280,0.106,222311,40,80,13108,27,25,-inf,,-55.945944,-inf,-inf
1048576,1048640,2097280,0.106,222311,40,80,13108,27,26,-inf,,-58.183773,-inf,-inf
1048576,1048640,2097280,0.106,222311,40,80,13108,27,27,36.189647,0.156725588185,-60.421601,-24.231954,-24.231954
1048576,1048640,2097280,0.106,222311,40,80,13108,27,28,38.863334,0.156725588185,-62.659428,-23.796094,-22.997626
1048576,1048640,2097280,0.106,222311,40,80,13108,27,29,41.537021,0.156725588185,-64.897254,-23.360233,-22.167567
1048576,1048640,2097280,0.106,222311,40,80,13108,27,30,44.210709,0.156725588185,-67.135080,-22.924371,-21.496903
1048576,1048640,2097280,0.106,222311,40,80,13108,27,31,46.729617,0.21340807009,-69.372905,-22.643288,-20.959104
1048576,1048640,2097280,0.106,222311,40,80,13108,27,32,48.909024,0.236538124161,-71.610729,-22.701705,-20.581891
1048576,1048640,2097280,0.106,222311,40,80,13108,27,33,50.988879,0.236538124161,-73.848553,-22.859673,-20.311405
1048576,1048640,2097280,0.106,222311,40,80,13108,27,34,52.952443,0.262175109676,-76.086375,-23.133933,-20.120648
1048576,1048640,2097280,0.106,222311,40,80,13108,27,35,54.883840,0.262175109676,-78.324197,-23.440357,-19.982942
1048576,1048640,2097280,0.106,222311,40,80,13108,27,36,56.705794,0.290590738289,-80.562019,-23.856224,-19.887709
1048576,1048640,2097280,0.106,222311,40,80,13108,27,37,58.488734,0.290590738289,-82.799839,-24.311106,-19.821993
1048576,1048640,2097280,0.106,222311,40,80,13108,27,38,60.271673,0.290590738289,-85.037659,-24.765986,-19.775870
1048576,1048640,2097280,0.106,222311,40,80,13108,27,39,62.054612,0.290590738289,-87.275478,-25.220866,-19.743126
1048576,1048640,2097280,0.106,222311,40,80,13108,27,40,63.695337,0.322086170895,-89.513297,-25.817959,-19.721880
1048576,1048640,2097280,0.106,222311,40,80,13108,27,41,65.329819,0.322086170895,-91.751114,-26.421296,-19.708065
1048576,1048640,2097280,0.106,222311,40,80,13108,27,42,66.964300,0.322086170895,-93.988931,-27.024631,-19.699043
1048576,1048640,2097280,0.106,222311,40,80,13108,27,43,68.598781,0.322086170895,-96.226747,-27.627966,-19.693135
1048576,1048640,2097280,0.106,222311,40,80,13108,27,44,70.233263,0.322086170895,-98.464563,-28.231300,-19.689259
1048576,1048640,2097280,0.106,222311,40,80,13108,27,45,71.867744,0.322086170895,-100.702377,-28.834633,-19.686713
1048576,1048640,2097280,0.106,222311,40,80,13108,27,46,73.502225,0.322086170895,-102.940191,-29.437966,-19.685040
1048576,1048640,2097280,0.106,222311,40,80,13108,27,47,75.136707,0.322086170895,-105.178005,-30.041298,-19.683940
1048576,1048640,2097280,0.106,222311,40,80,13108,27,48,76.771188,0.322086170895,-107.415817,-30.644629,-19.683217
1048576,1048640,2097280,0.106,222311,40,80,13108,27,49,78.405670,0.322086170895,-109.653629,-31.247959,-19.682740
1048576,1048640,2097280,0.106,222311,40,80,13108,27,50,80.040151,0.322086170895,-111.891440,-31.851289,-19.682427
1048576,1048640,2097280,0.106,222311,40,80,13108,27,51,81.674632,0.322086170895,-114.129250,-32.454618,-19.682221
1048576,1048640,2097280,0.106,222311,40,80,13108,27,52,83.309114,0.322086170895,-116.367059,-33.057946,-19.682085
1048576,1048640,2097280,0.106,222311,40,80,13108,27,53,84.943595,0.322086170895,-118.604868,-33.661273,-19.681996
1048576,1048640,2097280,0.106,222311,40,80,13108,27,54,86.578076,0.322086170895,-120.842676,-34.264599,-19.681937
1048576,1048640,2097280,0.106,222311,40,80,13108,27,55,88.212558,0.322086170895,-123.080483,-34.867925,-19.681898
1048576,1048640,2097280,0.106,222311,40,80,13108,27,56,89.847039,0.322086170895,-125.318289,-35.471250,-19.681873
1048576,1048640,2097280,0.106,222311,40,80,13108,27,57,91.481521,0.322086170895,-127.556094,-36.074574,-19.681856
1048576,1048640,2097280,0.106,222311,40,80,13108,27,58,93.116002,0.322086170895,-129.793899,-36.677897,-19.681845
1048576,1048640,2097280,0.106,222311,40,80,13108,27,59,94.750483,0.322086170895,-132.031702,-37.281219,-19.681838
1048576,1048640,2097280,0.106,222311,40,80,13108,27,60,96.384965,0.322086170895,-134.269505,-37.884541,-19.681833
1048576,1048640,2097280,0.106,222311,40,80,13108,27,61,98.019446,0.322086170895,-136.507307,-38.487861,-19.681830
1048576,1048640,2097280,0.106,222311,40,80,13108,27,62,99.653927,0.322086170895,-138.745108,-39.091181,-19.681828
1048576,1048640,2097280,0.106,222311,40,80,13108,27,63,101.288409,0.322086170895,-140.982909,-39.694500,-19.681826
1048576,1048640,2097280,0.106,222311,40,80,13108,27,64,102.922890,0.322086170895,-143.220708,-40.297818,-19.681825
1048576,1048640,2097280,0.106,222311,40,80,13108,27,65,104.557372,0.322086170895,-145.458506,-40.901135,-19.681825
1048576,1048640,2097280,0.106,222311,40,80,13108,27,66,106.191853,0.322086170895,-147.696303,-41.504450,-19.681824
1048576,1048640,2097280,0.106,222311,40,80,13108,27,67,107.826334,0.322086170895,-149.934100,-42.107765,-19.681824
1048576,1048640,2097280,0.106,222311,40,80,13108,27,68,109.460816,0.322086170895,-152.171895,-42.711079,-19.681824
1048576,1048640,2097280,0.106,222311,40,80,13108,27,69,111.095297,0.322086170895,-154.409689,-43.314392,-19.681824
1048576,1048640,2097280,0.106,222311,40,80,13108,27,70,112.729778,0.322086170895,-156.647482,-43.917703,-19.681824
1048576,1048640,2097280,0.106,222311,40,80,13108,27,71,114.364260,0.322086170895,-158.885274,-44.521014,-19.681824
1048576,1048640,2097280,0.106,222311,40,80,13108,27,72,115.998741,0.322086170895,-161.123064,-45.124323,-19.681824
1048576,1048640,2097280,0.106,222311,40,80,13108,27,73,117.633223,0.322086170895,-163.360853,-45.727630,-19.681824
1048576,1048640,2097280,0.106,222311,40,80,13108,27,74,119.267704,0.322086170895,-165.598641,-46.330937,-19.681824
1048576,1048640,2097280,0.106,222311,40,80,13108,27,75,120.902185,0.322086170895,-167.836427,-46.934242,-19.681824
1048576,1048640,2097280,0.106,222311,40,80,13108,27,76,122.536667,0.322086170895,-170.074211,-47.537545,-19.681824
1048576,1048640,2097280,0.106,222311,40,80,13108,27,77,124.171148,0.322086170895,-172.311994,-48.140846,-19.681824
1048576,1048640,2097280,0.106,222311,40,80,13108,27,78,125.805629,0.322086170895,-174.549775,-48.744146,-19.681824
1048576,1048640,2097280,0.106,222311,40,80,13108,27,79,127.440111,0.322086170895,-176.787554,-49.347444,-19.681824
1048576,1048640,2097280,0.106,222311,40,80,13108,27,80,129.074592,0.322086170895,-179.025331,-49.950739,-19.681824
1048576,1048640,2097280,0.106,222311,40,80,13108,27,81,130.709074,0.322086170895,-181.263106,-50.554032,-19.681824
1048576,1048640,2097280,0.106,222311,40,80,13108,27,82,132.343555,0.322086170895,-183.500878,-51.157323,-19.681824
1048576,1048640,2097280,0.106,222311,40,80,13108,27,83,133.978036,0.322086170895,-185.738648,-51.760611,-19.681824
1048576,1048640,2097280,0.106,222311,40,80,13108,27,84,135.612518,0.322086170895,-187.976414,-52.363896,-19.681824
1048576,1048640,2097280,0.106,222311,40,80,13108,27,85,137.246999,0.322086170895,-190.214177,-52.967178,-19.681824
1048576,1048640,2097280,0.106,222311,40,80,13108,27,86,138.881480,0.322086170895,-192.451937,-53.570457,-19.681824
1048576,1048640,2097280,0.106,222311,40,80,13108,27,87,140.515962,0.322086170895,-194.689693,-54.173731,-19.681824
1048576,1048640,2097280,0.106,222311,40,80,13108,27,88,142.150443,0.322086170895,-196.927445,-54.777002,-19.681824
1048576,1048640,2097280,0.106,222311,40,80,13108,27,89,143.784925,0.322086170895,-199.165192,-55.380267,-19.681824
1048576,1048640,2097280,0.106,222311,40,80,13108,27,90,145.419406,0.322086170895,-201.402934,-55.983528,-19.681824
1048576,1048640,2097280,0.106,222311,40,80,13108,27,91,147.053887,0.322086170895,-203.640670,-56.586783,-19.681824
1048576,1048640,2097280,0.106,222311,40,80,13108,27,92,148.688369,0.322086170895,-205.878400,-57.190031,-19.681824
1048576,1048640,2097280,0.106,222311,40,80,13108,27,93,150.322850,0.322086170895,-208.116123,-57.793273,-19.681824
1048576,1048640,2097280,0.106,222311,40,80,13108,27,94,151.957331,0.322086170895,-210.353838,-58.396506,-19.681824
1048576,1048640,2097280,0.106,222311,40,80,13108,27,95,153.591813,0.322086170895,-212.591544,-58.999731,-19.681824
1048576,1048640,2097280,0.106,222311,40,80,13108,27,96,155.226294,0.322086170895,-214.829241,-59.602947,-19.681824
1048576,1048640,2097280,0.106,222311,40,80,13108,27,97,156.860776,0.322086170895,-217.066928,-60.206152,-19.681824
1048576,1048640,2097280,0.106,222311,40,80,13108,27,98,158.495257,0.322086170895,-219.304602,-60.809345,-19.681824
1048576,1048640,2097280,0.106,222311,40,80,13108,27,99,160.129738,0.322086170895,-221.542264,-61.412526,-19.681824
1048576,1048640,2097280,0.106,222311,40,80,13108,27,100,161.764220,0.322086170895,-223.779911,-62.015691,-19.681824
1048576,1048640,2097280,0.106,222311,40,80,13108,27,101,163.398701,0.322086170895,-226.017541,-62.618840,-19.681824
1048576,1048640,2097280,0.106,222311,40,80,13108,27,102,165.033182,0.322086170895,-228.255154,-63.221971,-19.681824
1048576,1048640,2097280,0.106,222311,40,80,13108,27,103,166.667664,0.322086170895,-230.492746,-63.825082,-19.681824
1048576,1048640,2097280,0.106,222311,40,80,13108,27,104,168.302145,0.322086170895,-232.730316,-64.428170,-19.681824
1048576,1048640,2097280,0.106,222311,40,80,13108,27,105,169.936627,0.322086170895,-234.967860,-65.031233,-19.681824
1048576,1048640,2097280,0.106,222311,40,80,13108,27,106,171.571108,0.322086170895,-237.205376,-65.634268,-19.681824
1048576,1048640,2097280,0.106,222311,40,80,13108,27,107,173.205589,0.322086170895,-239.442861,-66.237272,-19.681824
1048576,1048640,2097280,0.106,222311,40,80,13108,27,108,174.840071,0.322086170895,-241.680311,-66.840240,-19.681824
1048576,1048640,2097280,0.106,222311,40,80,13108,27,109,176.474552,0.322086170895,-243.917722,-67.443170,-19.681824
1048576,1048640,2097280,0.106,222311,40,80,13108,27,110,178.109033,0.322086170895,-246.155089,-68.046056,-19.681824
1048576,1048640,2097280,0.106,222311,40,80,13108,27,111,179.743515,0.322086170895,-248.392408,-68.648893,-19.681824
1048576,1048640,2097280,0.106,222311,40,80,13108,27,112,181.377996,0.322086170895,-250.629672,-69.251675,-19.681824
1048576,1048640,2097280,0.106,222311,40,80,13108,27,113,183.012478,0.322086170895,-252.866875,-69.854397,-19.681824
1048576,1048640,2097280,0.106,222311,40,80,13108,27,114,184.646959,0.322086170895,-255.104010,-70.457051,-19.681824
1048576,1048640,2097280,0.106,222311,40,80,13108,27,115,186.281440,0.322086170895,-257.341070,-71.059630,-19.681824
1048576,1048640,2097280,0.106,222311,40,80,13108,27,116,187.915922,0.322086170895,-259.578045,-71.662124,-19.681824
1048576,1048640,2097280,0.106,222311,40,80,13108,27,117,189.550403,0.322086170895,-261.814926,-72.264523,-19.681824
1048576,1048640,2097280,0.106,222311,40,80,13108,27,118,191.184885,0.322086170895,-264.051702,-72.866818,-19.681824
1048576,1048640,2097280,0.106,222311,40,80,13108,27,119,192.819366,0.322086170895,-266.288360,-73.468995,-19.681824
1048576,1048640,2097280,0.106,222311,40,80,13108,27,120,194.453847,0.322086170895,-268.524888,-74.071041,-19.681824
1048576,1048640,2097280,0.106,222311,40,80,13108,27,121,196.088329,0.322086170895,-270.761269,-74.672941,-19.681824
1048576,1048640,2097280,0.106,222311,40,80,13108,27,122,197.722810,0.322086170895,-272.997488,-75.274678,-19.681824
1048576,1048640,2097280,0.106,222311,40,80,13108,27,123,199.357291,0.322086170895,-275.233525,-75.876233,-19.681824
1048576,1048640,2097280,0.106,222311,40,80,13108,27,124,200.991773,0.322086170895,-277.469359,-76.477586,-19.681824
1048576,1048640,2097280,0.106,222311,40,80,13108,27,125,202.626254,0.322086170895,-279.704968,-77.078714,-19.681824
1048576,1048640,2097280,0.106,222311,40,80,13108,27,126,204.260736,0.322086170895,-281.940327,-77.679591,-19.681824
1048576,1048640,2097280,0.106,222311,40,80,13108,27,127,205.895217,0.322086170895,-284.175406,-78.280189,-19.681824
1048576,1048640,2097280,0.106,222311,40,80,13108,27,128,207.529698,0.322086170895,-286.410174,-78.880476,-19.681824
1048576,1048640,2097280,0.106,222311,40,80,13108,27,129,209.164180,0.322086170895,-288.644596,-79.480417,-19.681824
1048576,1048640,2097280,0.106,222311,40,80,13108,27,130,210.798661,0.322086170895,-290.878635,-80.079974,-19.681824
1048576,1048640,2097280,0.106,222311,40,80,13108,27,131,212.433142,0.322086170895,-293.112246,-80.679104,-19.681824
1048576,1048640,2097280,0.106,222311,40,80,13108,27,132,214.067624,0.322086170895,-295.345384,-81.277761,-19.681824
1048576,1048640,2097280,0.106,222311,40,80,13108,27,133,215.702105,0.322086170895,-297.577997,-81.875892,-19.681824
1048576,1048640,2097280,0.106,222311,40,80,13108,27,134,217.336587,0.322086170895,-299.810027,-82.473441,-19.681824
1048576,1048640,2097280,0.106,222311,40,80,13108,27,135,218.971068,0.322086170895,-302.041413,-83.070345,-19.681824
1048576,1048640,2097280,0.106,222311,40,80,13108,27,136,220.605549,0.322086170895,-304.272084,-83.666535,-19.681824
1048576,1048640,2097280,0.106,222311,40,80,13108,27,137,222.240031,0.322086170895,-306.501968,-84.261937,-19.681824
1048576,1048640,2097280,0.106,222311,40,80,13108,27,138,223.874512,0.322086170895,-308.730981,-84.856469,-19.681824
1048576,1048640,2097280,0.106,222311,40,80,13108,27,139,225.508993,0.322086170895,-310.959035,-85.450042,-19.681824
1048576,1048640,2097280,0.106,222311,40,80,13108,27,140,227.143475,0.322086170895,-313.186033,-86.042558,-19.681824
1048576,1048640,2097280,0.106,222311,40,80,13108,27,141,228.777956,0.322086170895,-315.411870,-86.633913,-19.681824
1048576,1048640,2097280,0.106,222311,40,80,13108,27,142,230.412438,0.322086170895,-317.636433,-87.223995,-19.681824
1048576,1048640,2097280,0.106,222311,40,80,13108,27,143,232.046919,0.322086170895,-319.859600,-87.812682,-19.681824
1048576,1048640,2097280,0.106,222311,40,80,13108,27,144,233.681400,0.322086170895,-322.081243,-88.399843,-19.681824
1048576,1048640,2097280,0.106,222311,40,80,13108,27,145,235.315882,0.322086170895,-324.301223,-88.985341,-19.681824
1048576,1048640,2097280,0.106,222311,40,80,13108,27,146,236.950363,0.322086170895,-326.519393,-89.569030,-19.681824
1048576,1048640,2097280,0.106,222311,40,80,13108,27,147,238.584844,0.322086170895,-328.735598,-90.150754,-19.681824
1048576,1048640,2097280,0.106,222311,40,80,13108,27,148,240.219326,0.322086170895,-330.949679,-90.730353,-19.681824
1048576,1048640,2097280,0.106,222311,40,80,13108,27,149,241.853807,0.322086170895,-333.161466,-91.307658,-19.681824
1048576,1048640,2097280,0.106,222311,40,80,13108,27,150,243.488289,0.322086170895,-335.370786,-91.882498,-19.681824
1048576,1048640,2097280,0.106,222311,40,80,13108,27,151,245.122770,0.322086170895,-337.577464,-92.454694,-19.681824
1048576,1048640,2097280,0.106,222311,40,80,13108,27,152,246.757251,0.322086170895,-339.781320,-93.024068,-19.681824
1048576,1048640,2097280,0.106,222311,40,80,13108,27,153,248.391733,0.322086170895,-341.982175,-93.590442,-19.681824
1048576,1048640,2097280,0.106,222311,40,80,13108,27,154,250.026214,0.322086170895,-344.179852,-94.153638,-19.681824
1048576,1048640,2097280,0.106,222311,40,80,13108,27,155,251.660695,0.322086170895,-346.374180,-94.713485,-19.681824
1048576,1048640,2097280,0.106,222311,40,80,13108,27,156,253.295177,0.322086170895,-348.564994,-95.269818,-19.681824
1048576,1048640,2097280,0.106,222311,40,80,13108,27,157,254.929658,0.322086170895,-350.752140,-95.822482,-19.681824
1048576,1048640,2097280,0.106,222311,40,80,13108,27,158,256.564140,0.322086170895,-352.935475,-96.371335,-19.681824
1048576,1048640,2097280,0.106,222311,40,80,13108,27,159,258.198621,0.322086170895,-355.114874,-96.916253,-19.681824
1048576,1048640,2097280,0.106,222311,40,80,13108,27,160,259.833102,0.322086170895,-357.290229,-97.457127,-19.681824
1048576,1048640,2097280,0.106,222311,40,80,13108,28,1,-inf,,-2.237846,-inf,-inf
1048576,1048640,2097280,0.106,222311,40,80,13108,28,2,-inf,,-4.475692,-inf,-inf
1048576,1048640,2097280,0.106,222311,40,80,13108,28,3,-inf,,-6.713537,-inf,-inf
1048576,1048640,2097280,0.106,222311,40,80,13108,28,4,-inf,,-8.951381,-inf,-inf
1048576,1048640,2097280,0.106,222311,40,80,13108,28,5,-inf,,-11.189224,-inf,-inf
1048576,1048640,2097280,0.106,222311,40,80,13108,28,6,-inf,,-13.427067,-inf,-inf
1048576,1048640,2097280,0.106,222311,40,80,13108,28,7,-inf,,-15.664909,-inf,-inf
1048576,1048640,2097280,0.106,222311,40,80,13108,28,8,-inf,,-17.902750,-inf,-inf
1048576,1048640,2097280,0.106,222311,40,80,13108,28,9,-inf,,-20.140591,-inf,-inf
1048576,1048640,2097280,0.106,222311,40,80,13108,28,10,-inf,,-22.378431,-inf,-inf
1048576,1048640,2097280,0.106,222311,40,80,13108,28,11,-inf,,-24.616270,-inf,-inf
1048576,1048640,2097280,0.106,222311,40,80,13108,28,12,-inf,,-26.854109,-inf,-inf
1048576,1048640,2097280,0.106,222311,40,80,13108,28,13,-inf,,-29.091946,-inf,-inf
1048576,1048640,2097280,0.106,222311,40,80,13108,28,14,-inf,,-31.329784,-inf,-inf
1048576,1048640,2097280,0.106,222311,40,80,13108,28,15,-inf,,-33.567620,-inf,-inf
1048576,1048640,2097280,0.106,222311,40,80,13108,28,16,-inf,,-35.805456,-inf,-inf
1048576,1048640,2097280,0.106,222311,40,80,13108,28,17,-inf,,-38.043291,-inf,-inf
1048576,1048640,2097280,0.106,222311,40,80,13108,28,18,-inf,,-40.281125,-inf,-inf
1048576,1048640,2097280,0.106,222311,40,80,13108,28,19,-inf,,-42.518958,-inf,-inf
1048576,1048640,2097280,0.106,222311,40,80,13108,28,20,-inf,,-44.756791,-inf,-inf
1048576,1048640,2097280,0.106,222311,40,80,13108,28,21,-inf,,-46.994623,-inf,-inf
1048576,1048640,2097280,0.106,222311,40,80,13108,28,22,-inf,,-49.232455,-inf,-inf
1048576,1048640,2097280,0.106,222311,40,80,13108,28,23,-inf,,-51.470285,-inf,-inf
1048576,1048640,2097280,0.106,222311,40,80,13108,28,24,-inf,,-53.708115,-inf,-inf
1048576,1048640,2097280,0.106,222311,40,80,13108,28,25,-inf,,-55.945944,-inf,-inf
1048576,1048640,2097280,0.106,222311,40,80,13108,28,26,-inf,,-58.183773,-inf,-inf
1048576,1048640,2097280,0.106,222311,40,80,13108,28,27,-inf,,-60.421601,-inf,-inf
1048576,1048640,2097280,0.106,222311,40,80,13108,28,28,38.126368,0.156725588185,-62.659428,-24.533060,-24.533060
1048576,1048640,2097280,0.106,222311,40,80,13108,28,29,40.800056,0.156725588185,-64.897254,-24.097199,-23.298731
1048576,1048640,2097280,0.106,222311,40,80,13108,28,30,43.473743,0.156725588185,-67.135080,-23.661337,-22.468672
1048576,1048640,2097280,0.106,222311,40,80,13108,28,31,46.147430,0.156725588185,-69.372905,-23.225474,-21.798007
1048576,1048640,2097280,0.106,222311,40,80,13108,28,32,48.756322,0.21340807009,-71.610729,-22.854407,-21.231601
1048576,1048640,2097280,0.106,222311,40,80,13108,28,33,50.867557,0.236538124161,-73.848553,-22.980996,-20.855948
1048576,1048640,2097280,0.106,222311,40,80,13108,28,34,52.889716,0.262175109676,-76.086375,-23.196659,-20.596027
1048576,1048640,2097280,0.106,222311,40,80,13108,28,35,54.821114,0.262175109676,-78.324197,-23.503084,-20.415474
1048576,1048640,2097280,0.106,222311,40,80,13108,28,36,56.679180,0.290590738289,-80.562019,-23.882839,-20.290603
1048576,1048640,2097280,0.106,222311,40,80,13108,28,37,58.462119,0.290590738289,-82.799839,-24.337720,-20.205869
1048576,1048640,2097280,0.106,222311,40,80,13108,28,38,60.245059,0.290590738289,-85.037659,-24.792600,-20.147046
1048576,1048640,2097280,0.106,222311,40,80,13108,28,39,62.027998,0.290590738289,-87.275478,-25.247480,-20.105595
1048576,1048640,2097280,0.106,222311,40,80,13108,28,40,63.685352,0.322086170895,-89.513297,-25.827945,-20.078525
1048576,1048640,2097280,0.106,222311,40,80,13108,28,41,65.319833,0.322086170895,-91.751114,-26.431281,-20.060980
1048576,1048640,2097280,0.106,222311,40,80,13108,28,42,66.954314,0.322086170895,-93.988931,-27.034617,-20.049546
1048576,1048640,2097280,0.106,222311,40,80,13108,28,43,68.588796,0.322086170895,-96.226747,-27.637951,-20.042069
1048576,1048640,2097280,0.106,222311,40,80,13108,28,44,70.223277,0.322086170895,-98.464563,-28.241286,-20.037169
1048576,1048640,2097280,0.106,222311,40,80,13108,28,45,71.857759,0.322086170895,-100.702377,-28.844619,-20.033952
1048576,1048640,2097280,0.106,222311,40,80,13108,28,46,73.492240,0.322086170895,-102.940191,-29.447951,-20.031839
1048576,1048640,2097280,0.106,222311,40,80,13108,28,47,75.126721,0.322086170895,-105.178005,-30.051283,-20.030450
1048576,1048640,2097280,0.106,222311,40,80,13108,28,48,76.761203,0.322086170895,-107.415817,-30.654614,-20.029536
1048576,1048640,2097280,0.106,222311,40,80,13108,28,49,78.395684,0.322086170895,-109.653629,-31.257945,-20.028935
1048576,1048640,2097280,0.106,222311,40,80,13108,28,50,80.030165,0.322086170895,-111.891440,-31.861274,-20.028539
1048576,1048640,2097280,0.106,222311,40,80,13108,28,51,81.664647,0.322086170895,-114.129250,-32.464603,-20.028279
1048576,1048640,2097280,0.106,222311,40,80,13108,28,52,83.299128,0.322086170895,-116.367059,-33.067931,-20.028108
1048576,1048640,2097280,0.106,222311,40,80,13108,28,53,84.933610,0.322086170895,-118.604868,-33.671258,-20.027995
1048576,1048640,2097280,0.106,222311,40,80,13108,28,54,86.568091,0.322086170895,-120.842676,-34.274585,-20.027921
1048576,1048640,2097280,0.106,222311,40,80,13108,28,55,88.202572,0.322086170895,-123.080483,-34.877910,-20.027872
1048576,1048640,2097280,0.106,222311,40,80,13108,28,56,89.837054,0.322086170895,-125.318289,-35.481235,-20.027840
1048576,1048640,2097280,0.106,222311,40,80,13108,28,57,91.471535,0.322086170895,-127.556094,-36.084559,-20.027819
1048576,1048640,2097280,0.106,222311,40,80,13108,28,58,93.106016,0.322086170895,-129.793899,-36.687882,-20.027805
1048576,1048640,2097280,0.106,222311,40,80,13108,28,59,94.740498,0.322086170895,-132.031702,-37.291205,-20.027795
1048576,1048640,2097280,0.106,222311,40,80,13108,28,60,96.374979,0.322086170895,-134.269505,-37.894526,-20.027789
1048576,1048640,2097280,0.106,222311,40,80,13108,28,61,98.009461,0.322086170895,-136.507307,-38.497847,-20.027785
1048576,1048640,2097280,0.106,222311,40,80,13108,28,62,99.643942,0.322086170895,-138.745108,-39.101166,-20.027783
1048576,1048640,2097280,0.106,222311,40,80,13108,28,63,101.278423,0.322086170895,-140.982909,-39.704485,-20.027781
1048576,1048640,2097280,0.106,222311,40,80,13108,28,64,102.912905,0.322086170895,-143.220708,-40.307803,-20.027780
1048576,1048640,2097280,0.106,222311,40,80,13108,28,65,104.547386,0.322086170895,-145.458506,-40.911120,-20.027779
1048576,1048640,2097280,0.106,222311,40,80,13108,28,66,106.181867,0.322086170895,-147.696303,-41.514436,-20.027779
1048576,1048640,2097280,0.106,222311,40,80,13108,28,67,107.816349,0.322086170895,-149.934100,-42.117751,-20.027778
1048576,1048640,2097280,0.106,222311,40,80,13108,28,68,109.450830,0.322086170895,-152.171895,-42.721065,-20.027778
1048576,1048640,2097280,0.106,222311,40,80,13108,28,69,111.085312,0.322086170895,-154.409689,-43.324377,-20.027778
1048576,1048640,2097280,0.106,222311,40,80,13108,28,70,112.719793,0.322086170895,-156.647482,-43.927689,-20.027778
1048576,1048640,2097280,0.106,222311,40,80,13108,28,71,114.354274,0.322086170895,-158.885274,-44.530999,-20.027778
1048576,1048640,2097280,0.106,222311,40,80,13108,28,72,115.988756,0.322086170895,-161.123064,-45.134308,-20.027778
1048576,1048640,2097280,0.106,222311,40,80,13108,28,73,117.623237,0.322086170895,-163.360853,-45.737616,-20.027778
1048576,1048640,2097280,0.106,222311,40,80,13108,28,74,119.257718,0.322086170895,-165.598641,-46.340922,-20.027778
1048576,1048640,2097280,0.106,222311,40,80,13108,28,75,120.892200,0.322086170895,-167.836427,-46.944227,-20.027778
1048576,1048640,2097280,0.106,222311,40,80,13108,28,76,122.526681,0.322086170895,-170.074211,-47.547530,-20.027778
1048576,1048640,2097280,0.106,222311,40,80,13108,28,77,124.161163,0.322086170895,-172.311994,-48.150832,-20.027778
1048576,1048640,2097280,0.106,222311,40,80,13108,28,78,125.795644,0.322086170895,-174.549775,-48.754131,-20.027778
1048576,1048640,2097280,0.106,222311,40,80,13108,28,79,127.430125,0.322086170895,-176.787554,-49.357429,-20.027778
1048576,1048640,2097280,0.106,222311,40,80,13108,28,80,129.064607,0.322086170895,-179.025331,-49.960725,-20.027778
1048576,1048640,2097280,0.106,222311,40,80,13108,28,81,130.699088,0.322086170895,-181.263106,-50.564018,-20.027778
1048576,1048640,2097280,0.106,222311,40,80,13108,28,82,132.333569,0.322086170895,-183.500878,-51.167309,-20.027778
1048576,1048640,2097280,0.106,222311,40,80,13108,28,83,133.968051,0.322086170895,-185.738648,-51.770597,-20.027778
1048576,1048640,2097280,0.106,222311,40,80,13108,28,84,135.602532,0.322086170895,-187.976414,-52.373882,-20.027778
1048576,1048640,2097280,0.106,222311,40,80,13108,28,85,137.237014,0.322086170895,-190.214177,-52.977164,-20.027778
1048576,1048640,2097280,0.106,222311,40,80,13108,28,86,138.871495,0.322086170895,-192.451937,-53.580442,-20.027778
1048576,1048640,2097280,0.106,222311,40,80,13108,28,87,140.505976,0.322086170895,-194.689693,-54.183717,-20.027778
1048576,1048640,2097280,0.106,222311,40,80,13108,28,88,142.140458,0.322086170895,-196.927445,-54.786987,-20.027778
1048576,1048640,2097280,0.106,222311,40,80,13108,28,89,143.774939,0.322086170895,-199.165192,-55.390253,-20.027778
1048576,1048640,2097280,0.106,222311,40,80,13108,28,90,145.409420,0.322086170895,-201.402934,-55.993513,-20.027778
1048576,1048640,2097280,0.106,222311,40,80,13108,28,91,147.043902,0.322086170895,-203.640670,-56.596768,-20.027778
1048576,1048640,2097280,0.106,222311,40,80,13108,28,92,148.678383,0.322086170895,-205.878400,-57.200017,-20.027778
1048576,1048640,2097280,0.106,222311,40,80,13108,28,93,150.312865,0.322086170895,-208.116123,-57.803258,-20.027778
1048576,1048640,2097280,0.106,222311,40,80,13108,28,94,151.947346,0.322086170895,-210.353838,-58.406492,-20.027778
1048576,1048640,2097280,0.106,222311,40,80,13108,28,95,153.581827,0.322086170895,-212.591544,-59.009717,-20.027778
1048576,1048640,2097280,0.106,222311,40,80,13108,28,96,155.216309,0.322086170895,-214.829241,-59.612933,-20.027778
1048576,1048640,2097280,0.106,222311,40,80,13108,28,97,156.850790,0.322086170895,-217.066928,-60.216138,-20.027778
1048576,1048640,2097280,0.106,222311,40,80,13108,28,98,158.485271,0.322086170895,-219.304602,-60.819331,-20.027778
1048576,1048640,2097280,0.106,222311,40,80,13108,28,99,160.119753,0.322086170895,-221.542264,-61.422511,-20.027778
1048576,1048640,2097280,0.106,222311,40,80,13108,28,100,161.754234,0.322086170895,-223.779911,-62.025677,-20.027778
1048576,1048640,2097280,0.106,222311,40,80,13108,28,101,163.388716,0.322086170895,-226.017541,-62.628826,-20.027778
1048576,1048640,2097280,0.106,222311,40,80,13108,28,102,165.023197,0.322086170895,-228.255154,-63.231957,-20.027778
1048576,1048640,2097280,0.106,222311,40,80,13108,28,103,166.657678,0.322086170895,-230.492746,-63.835068,-20.027778
1048576,1048640,2097280,0.106,222311,40,80,13108,28,104,168.292160,0.322086170895,-232.730316,-64.438156,-20.027778
1048576,1048640,2097280,0.106,222311,40,80,13108,28,105,169.926641,0.322086170895,-234.967860,-65.041219,-20.027778
1048576,1048640,2097280,0.106,222311,40,80,13108,28,106,171.561123,0.322086170895,-237.205376,-65.644254,-20.027778
1048576,1048640,2097280,0.106,222311,40,80,13108,28,107,173.195604,0.322086170895,-239.442861,-66.247257,-20.027778
1048576,1048640,2097280,0.106,222311,40,80,13108,28,108,174.830085,0.322086170895,-241.680311,-66.850226,-20.027778
1048576,1048640,2097280,0.106,222311,40,80,13108,28,109,176.464567,0.322086170895,-243.917722,-67.453155,-20.027778
1048576,1048640,2097280,0.106,222311,40,80,13108,28,110,178.099048,0.322086170895,-246.155089,-68.056041,-20.027778
1048576,1048640,2097280,0.106,222311,40,80,13108,28,111,179.733529,0.322086170895,-248.392408,-68.658878,-20.027778
1048576,1048640,2097280,0.106,222311,40,80,13108,28,112,181.368011,0.322086170895,-250.629672,-69.261661,-20.027778
1048576,1048640,2097280,0.106,222311,40,80,13108,28,113,183.002492,0.322086170895,-252.866875,-69.864383,-20.027778
1048576,1048640,2097280,0.106,222311,40,80,13108,28,114,184.636974,0.322086170895,-255.104010,-70.467037,-20.027778
1048576,1048640,2097280,0.106,222311,40,80,13108,28,115,186.271455,0.322086170895,-257.341070,-71.069615,-20.027778
1048576,1048640,2097280,0.106,222311,40,80,13108,28,116,187.905936,0.322086170895,-259.578045,-71.672109,-20.027778
1048576,1048640,2097280,0.106,222311,40,80,13108,28,117,189.540418,0.322086170895,-261.814926,-72.274509,-20.027778
1048576,1048640,2097280,0.106,222311,40,80,13108,28,118,191.174899,0.322086170895,-264.051702,-72.876803,-20.027778
1048576,1048640,2097280,0.106,222311,40,80,13108,28,119,192.809380,0.322086170895,-266.288360,-73.478980,-20.027778
1048576,1048640,2097280,0.106,222311,40,80,13108,28,120,194.443862,0.322086170895,-268.524888,-74.081026,-20.027778
1048576,1048640,2097280,0.106,222311,40,80,13108,28,121,196.078343,0.322086170895,-270.761269,-74.682926,-20.027778
1048576,1048640,2097280,0.106,222311,40,80,13108,28,122,197.712825,0.322086170895,-272.997488,-75.284663,-20.027778
1048576,1048640,2097280,0.106,222311,40,80,13108,28,123,199.347306,0.322086170895,-275.233525,-75.886219,-20.027778
1048576,1048640,2097280,0.106,222311,40,80,13108,28,124,200.981787,0.322086170895,-277.469359,-76.487572,-20.027778
1048576,1048640,2097280,0.106,222311,40,80,13108,28,125,202.616269,0.322086170895,-279.704968,-77.088700,-20.027778
1048576,1048640,2097280,0.106,222311,40,80,13108,28,126,204.250750,0.322086170895,-281.940327,-77.689577,-20.027778
1048576,1048640,2097280,0.106,222311,40,80,13108,28,127,205.885231,0.322086170895,-284.175406,-78.290174,-20.027778
1048576,1048640,2097280,0.106,222311,40,80,13108,28,128,207.519713,0.322086170895,-286.410174,-78.890461,-20.027778
1048576,1048640,2097280,0.106,222311,40,80,13108,28,129,209.154194,0.322086170895,-288.644596,-79.490402,-20.027778
1048576,1048640,2097280,0.106,222311,40,80,13108,28,130,210.788676,0.322086170895,-290.878635,-80.089959,-20.027778
1048576,1048640,2097280,0.106,222311,40,80,13108,28,131,212.423157,0.322086170895,-293.112246,-80.689089,-20.027778
1048576,1048640,2097280,0.106,222311,40,80,13108,28,132,214.057638,0.322086170895,-295.345384,-81.287746,-20.027778
1048576,1048640,2097280,0.106,222311,40,80,13108,28,133,215.692120,0.322086170895,-297.577997,-81.885877,-20.027778
1048576,1048640,2097280,0.106,222311,40,80,13108,28,134,217.326601,0.322086170895,-299.810027,-82.483426,-20.027778
1048576,1048640,2097280,0.106,222311,40,80,13108,28,135,218.961082,0.322086170895,-302.041413,-83.080330,-20.027778
1048576,1048640,2097280,0.106,222311,40,80,13108,28,136,220.595564,0.322086170895,-304.272084,-83.676521,-20.027778
1048576,1048640,2097280,0.106,222311,40,80,13108,28,137,222.230045,0.322086170895,-306.501968,-84.271923,-20.027778
1048576,1048640,2097280,0.106,222311,40,80,13108,28,138,223.864527,0.322086170895,-308.730981,-84.866455,-20.027778
1048576,1048640,2097280,0.106,222311,40,80,13108,28,139,225.499008,0.322086170895,-310.959035,-85.460027,-20.027778
1048576,1048640,2097280,0.106,222311,40,80,13108,28,140,227.133489,0.322086170895,-313.186033,-86.052543,-20.027778
1048576,1048640,2097280,0.106,222311,40,80,13108,28,141,228.767971,0.322086170895,-315.411870,-86.643899,-20.027778
1048576,1048640,2097280,0.106,222311,40,80,13108,28,142,230.402452,0.322086170895,-317.636433,-87.233981,-20.027778
1048576,1048640,2097280,0.106,222311,40,80,13108,28,143,232.036933,0.322086170895,-319.859600,-87.822667,-20.027778
1048576,1048640,2097280,0.106,222311,40,80,13108,28,144,233.671415,0.322086170895,-322.081243,-88.409829,-20.027778
1048576,1048640,2097280,0.106,222311,40,80,13108,28,145,235.305896,0.322086170895,-324.301223,-88.995327,-20.027778
1048576,1048640,2097280,0.106,222311,40,80,13108,28,146,236.940378,0.322086170895,-326.519393,-89.579015,-20.027778
1048576,1048640,2097280,0.106,222311,40,80,13108,28,147,238.574859,0.322086170895,-328.735598,-90.160739,-20.027778
1048576,1048640,2097280,0.106,222311,40,80,13108,28,148,240.209340,0.322086170895,-330.949679,-90.740338,-20.027778
1048576,1048640,2097280,0.106,222311,40,80,13108,28,149,241.843822,0.322086170895,-333.161466,-91.317644,-20.027778
1048576,1048640,2097280,0.106,222311,40,80,13108,28,150,243.478303,0.322086170895,-335.370786,-91.892483,-20.027778
1048576,1048640,2097280,0.106,222311,40,80,13108,28,151,245.112784,0.322086170895,-337.577464,-92.464679,-20.027778
1048576,1048640,2097280,0.106,222311,40,80,13108,28,152,246.747266,0.322086170895,-339.781320,-93.034054,-20.027778
1048576,1048640,2097280,0.106,222311,40,80,13108,28,153,248.381747,0.322086170895,-341.982175,-93.600427,-20.027778
1048576,1048640,2097280,0.106,222311,40,80,13108,28,154,250.016229,0.322086170895,-344.179852,-94.163624,-20.027778
1048576,1048640,2097280,0.106,222311,40,80,13108,28,155,251.650710,0.322086170895,-346.374180,-94.723470,-20.027778
1048576,1048640,2097280,0.106,222311,40,80,13108,28,156,253.285191,0.322086170895,-348.564994,-95.279803,-20.027778
1048576,1048640,2097280,0.106,222311,40,80,13108,28,157,254.919673,0.322086170895,-350.752140,-95.832467,-20.027778
1048576,1048640,2097280,0.106,222311,40,80,13108,28,158,256.554154,0.322086170895,-352.935475,-96.381321,-20.027778
1048576,1048640,2097280,0.106,222311,40,80,13108,28,159,258.188635,0.322086170895,-355.114874,-96.926239,-20.027778
1048576,1048640,2097280,0.106,222311,40,80,13108,28,160,259.823117,0.322086170895,-357.290229,-97.467113,-20.027778
1048576,1048640,2097280,0.106,222311,40,80,13108,29,1,-inf,,-2.237846,-inf,-inf
1048576,1048640,2097280,0.106,222311,40,80,13108,29,2,-inf,,-4.475692,-inf,-inf
1048576,1048640,2097280,0.106,222311,40,80,13108,29,3,-inf,,-6.713537,-inf,-inf
1048576,1048640,2097280,0.106,222311,40,80,13108,29,4,-inf,,-8.951381,-inf,-inf
1048576,1048640,2097280,0.106,222311,40,80,13108,29,5,-inf,,-11.189224,-inf,-inf
1048576,1048640,2097280,0.106,222311,40,80,13108,29,6,-inf,,-13.427067,-inf,-inf
1048576,1048640,2097280,0.106,222311,40,80,13108,29,7,-inf,,-15.664909,-inf,-inf
1048576,1048640,2097280,0.106,222311,40,80,13108,29,8,-inf,,-17.902750,-inf,-inf
1048576,1048640,2097280,0.106,222311,40,80,13108,29,9,-inf,,-20.140591,-inf,-inf
1048576,1048640,2097280,0.106,222311,40,80,13108,29,10,-inf,,-22.378431,-inf,-inf
1048576,1048640,2097280,0.106,222311,40,80,13108,29,11,-inf,,-24.616270,-inf,-inf
1048576,1048640,2097280,0.106,222311,40,80,13108,29,12,-inf,,-26.854109,-inf,-inf
1048576,1048640,2097280,0.106,222311,40,80,13108,29,13,-inf,,-29.091946,-inf,-inf
1048576,1048640,2097280,0.106,222311,40,80,13108,29,14,-inf,,-31.329784,-inf,-inf
1048576,1048640,2097280,0.106,222311,40,80,13108,29,15,-inf,,-33.567620,-inf,-inf
1048576,1048640,2097280,0.106,222311,40,80,13108,29,16,-inf,,-35.805456,-inf,-inf
1048576,1048640,2097280,0.106,222311,40,80,13108,29,17,-inf,,-38.043291,-inf,-inf
1048576,1048640,2097280,0.106,222311,40,80,13108,29,18,-inf,,-40.281125,-inf,-inf
1048576,1048640,2097280,0.106,222311,40,80,13108,29,19,-inf,,-42.518958,-inf,-inf
1048576,1048640,2097280,0.106,222311,40,80,13108,29,20,-inf,,-44.756791,-inf,-inf
1048576,1048640,2097280,0.106,222311,40,80,13108,29,21,-inf,,-46.994623,-inf,-inf
1048576,1048640,2097280,0.106,222311,40,80,13108,29,22,-inf,,-49.232455,-inf,-inf
1048576,1048640,2097280,0.106,222311,40,80,13108,29,23,-inf,,-51.470285,-inf,-inf
1048576,1048640,2097280,0.106,222311,40,80,13108,29,24,-inf,,-53.708115,-inf,-inf
1048576,1048640,2097280,0.106,222311,40,80,13108,29,25,-inf,,-55.945944,-inf,-inf
1048576,1048640,2097280,0.106,222311,40,80,13108,29,26,-inf,,-58.183773,-inf,-inf
1048576,1048640,2097280,0.106,222311,40,80,13108,29,27,-inf,,-60.421601,-inf,-inf
1048576,1048640,2097280,0.106,222311,40,80,13108,29,28,-inf,,-62.659428,-inf,-inf
1048576,1048640,2097280,0.106,222311,40,80,13108,29,29,40.215093,0.156725588185,-64.897254,-24.682161,-24.682161
1048576,1048640,2097280,0.106,222311,40,80,13108,29,30,42.888780,0.156725588185,-67.135080,-24.246299,-23.447832
1048576,1048640,2097280,0.106,222311,40,80,13108,29,31,45.562468,0.156725588185,-69.372905,-23.810437,-22.617772
1048576,1048640,2097280,0.106,222311,40,80,13108,29,32,48.236155,0.156725588185,-71.610729,-23.374574,-21.947107
1048576,1048640,2097280,0.106,222311,40,80,13108,29,33,50.717842,0.236538124161,-73.848553,-23.130710,-21.420787
1048576,1048640,2097280,0.106,222311,40,80,13108,29,34,52.797698,0.236538124161,-76.086375,-23.288678,-21.071452
1048576,1048640,2097280,0.106,222311,40,80,13108,29,35,54.738982,0.262175109676,-78.324197,-23.585216,-20.838670
1048576,1048640,2097280,0.106,222311,40,80,13108,29,36,56.641623,0.290590738289,-80.562019,-23.920396,-20.677601
1048576,1048640,2097280,0.106,222311,40,80,13108,29,37,58.424562,0.290590738289,-82.799839,-24.375277,-20.570488
1048576,1048640,2097280,0.106,222311,40,80,13108,29,38,60.207501,0.290590738289,-85.037659,-24.830158,-20.497072
1048576,1048640,2097280,0.106,222311,40,80,13108,29,39,61.990441,0.290590738289,-87.275478,-25.285037,-20.445773
1048576,1048640,2097280,0.106,222311,40,80,13108,29,40,63.669972,0.322086170895,-89.513297,-25.843325,-20.411947
1048576,1048640,2097280,0.106,222311,40,80,13108,29,41,65.304453,0.322086170895,-91.751114,-26.446661,-20.390107
1048576,1048640,2097280,0.106,222311,40,80,13108,29,42,66.938935,0.322086170895,-93.988931,-27.049997,-20.375910
1048576,1048640,2097280,0.106,222311,40,80,13108,29,43,68.573416,0.322086170895,-96.226747,-27.653331,-20.366640
1048576,1048640,2097280,0.106,222311,40,80,13108,29,44,70.207897,0.322086170895,-98.464563,-28.256665,-20.360571
1048576,1048640,2097280,0.106,222311,40,80,13108,29,45,71.842379,0.322086170895,-100.702377,-28.859999,-20.356590
1048576,1048640,2097280,0.106,222311,40,80,13108,29,46,73.476860,0.322086170895,-102.940191,-29.463331,-20.353976
1048576,1048640,2097280,0.106,222311,40,80,13108,29,47,75.111341,0.322086170895,-105.178005,-30.066663,-20.352257
1048576,1048640,2097280,0.106,222311,40,80,13108,29,48,76.745823,0.322086170895,-107.415817,-30.669994,-20.351127
1048576,1048640,2097280,0.106,222311,40,80,13108,29,49,78.380304,0.322086170895,-109.653629,-31.273324,-20.350384
1048576,1048640,2097280,0.106,222311,40,80,13108,29,50,80.014786,0.322086170895,-111.891440,-31.876654,-20.349895
1048576,1048640,2097280,0.106,222311,40,80,13108,29,51,81.649267,0.322086170895,-114.129250,-32.479983,-20.349573
1048576,1048640,2097280,0.106,222311,40,80,13108,29,52,83.283748,0.322086170895,-116.367059,-33.083311,-20.349362
1048576,1048640,2097280,0.106,222311,40,80,13108,29,53,84.918230,0.322086170895,-118.604868,-33.686638,-20.349222
1048576,1048640,2097280,0.106,222311,40,80,13108,29,54,86.552711,0.322086170895,-120.842676,-34.289964,-20.349130
1048576,1048640,2097280,0.106,222311,40,80,13108,29,55,88.187192,0.322086170895,-123.080483,-34.893290,-20.349070
1048576,1048640,2097280,0.106,222311,40,80,13108,29,56,89.821674,0.322086170895,-125.318289,-35.496615,-20.349030
1048576,1048640,2097280,0.106,222311,40,80,13108,29,57,91.456155,0.322086170895,-127.556094,-36.099939,-20.349004
1048576,1048640,2097280,0.106,222311,40,80,13108,29,58,93.090637,0.322086170895,-129.793899,-36.703262,-20.348987
1048576,1048640,2097280,0.106,222311,40,80,13108,29,59,94.725118,0.322086170895,-132.031702,-37.306584,-20.348976
1048576,1048640,2097280,0.106,222311,40,80,13108,29,60,96.359599,0.322086170895,-134.269505,-37.909906,-20.348968
1048576,1048640,2097280,0.106,222311,40,80,13108,29,61,97.994081,0.322086170895,-136.507307,-38.513227,-20.348963
1048576,1048640,2097280,0.106,222311,40,80,13108,29,62,99.628562,0.322086170895,-138.745108,-39.116546,-20.348960
1048576,1048640,2097280,0.106,222311,40,80,13108,29,63,101.263043,0.322086170895,-140.982909,-39.719865,-20.348958
1048576,1048640,2097280,0.106,222311,40,80,13108,29,64,102.897525,0.322086170895,-143.220708,-40.323183,-20.348956
1048576,1048640,2097280,0.106,222311,40,80,13108,29,65,104.532006,0.322086170895,-145.458506,-40.926500,-20.348956
1048576,1048640,2097280,0.106,222311,40,80,13108,29,66,106.166488,0.322086170895,-147.696303,-41.529816,-20.348955
1048576,1048640,2097280,0.106,222311,40,80,13108,29,67,107.800969,0.322086170895,-149.934100,-42.133131,-20.348955
1048576,1048640,2097280,0.106,222311,40,80,13108,29,68,109.435450,0.322086170895,-152.171895,-42.736444,-20.348954
1048576,1048640,2097280,0.106,222311,40,80,13108,29,69,111.069932,0.322086170895,-154.409689,-43.339757,-20.348954
1048576,1048640,2097280,0.106,222311,40,80,13108,29,70,112.704413,0.322086170895,-156.647482,-43.943069,-20.348954
1048576,1048640,2097280,0.106,222311,40,80,13108,29,71,114.338895,0.322086170895,-158.885274,-44.546379,-20.348954
1048576,1048640,2097280,0.106,222311,40,80,13108,29,72,115.973376,0.322086170895,-161.123064,-45.149688,-20.348954
1048576,1048640,2097280,0.106,222311,40,80,13108,29,73,117.607857,0.322086170895,-163.360853,-45.752996,-20.348954
1048576,1048640,2097280,0.106,222311,40,80,13108,29,74,119.242339,0.322086170895,-165.598641,-46.356302,-20.348954
1048576,1048640,2097280,0.106,222311,40,80,13108,29,75,120.876820,0.322086170895,-167.836427,-46.959607,-20.348954
1048576,1048640,2097280,0.106,222311,40,80,13108,29,76,122.511301,0.322086170895,-170.074211,-47.562910,-20.348954
1048576,1048640,2097280,0.106,222311,40,80,13108,29,77,124.145783,0.322086170895,-172.311994,-48.166212,-20.348954
1048576,1048640,2097280,0.106,222311,40,80,13108,29,78,125.780264,0.322086170895,-174.549775,-48.769511,-20.348954
1048576,1048640,2097280,0.106,222311,40,80,13108,29,79,127.414746,0.322086170895,-176.787554,-49.372809,-20.348954
1048576,1048640,2097280,0.106,222311,40,80,13108,29,80,129.049227,0.322086170895,-179.025331,-49.976104,-20.348954
1048576,1048640,2097280,0.106,222311,40,80,13108,29,81,130.683708,0.322086170895,-181.263106,-50.579398,-20.348954
1048576,1048640,2097280,0.106,222311,40,80,13108,29,82,132.318190,0.322086170895,-183.500878,-51.182689,-20.348954
1048576,1048640,2097280,0.106,222311,40,80,13108,29,83,133.952671,0.322086170895,-185.738648,-51.785977,-20.348954
1048576,1048640,2097280,0.106,222311,40,80,13108,29,84,135.587152,0.322086170895,-187.976414,-52.389262,-20.348954
1048576,1048640,2097280,0.106,222311,40,80,13108,29,85,137.221634,0.322086170895,-190.214177,-52.992544,-20.348954
1048576,1048640,2097280,0.106,222311,40,80,13108,29,86,138.856115,0.322086170895,-192.451937,-53.595822,-20.348954
1048576,1048640,2097280,0.106,222311,40,80,13108,29,87,140.490597,0.322086170895,-194.689693,-54.199097,-20.348954
1048576,1048640,2097280,0.106,222311,40,80,13108,29,88,142.125078,0.322086170895,-196.927445,-54.802367,-20.348954
1048576,1048640,2097280,0.106,222311,40,80,13108,29,89,143.759559,0.322086170895,-199.165192,-55.405633,-20.348954
1048576,1048640,2097280,0.106,222311,40,80,13108,29,90,145.394041,0.322086170895,-201.402934,-56.008893,-20.348954
1048576,1048640,2097280,0.106,222311,40,80,13108,29,91,147.028522,0.322086170895,-203.640670,-56.612148,-20.348954
1048576,1048640,2097280,0.106,222311,40,80,13108,29,92,148.663003,0.322086170895,-205.878400,-57.215396,-20.348954
1048576,1048640,2097280,0.106,222311,40,80,13108,29,93,150.297485,0.322086170895,-208.116123,-57.818638,-20.348954
1048576,1048640,2097280,0.106,222311,40,80,13108,29,94,151.931966,0.322086170895,-210.353838,-58.421872,-20.348954
1048576,1048640,2097280,0.106,222311,40,80,13108,29,95,153.566448,0.322086170895,-212.591544,-59.025097,-20.348954
1048576,1048640,2097280,0.106,222311,40,80,13108,29,96,155.200929,0.322086170895,-214.829241,-59.628312,-20.348954
1048576,1048640,2097280,0.106,222311,40,80,13108,29,97,156.835410,0.322086170895,-217.066928,-60.231517,-20.348954
1048576,1048640,2097280,0.106,222311,40,80,13108,29,98,158.469892,0.322086170895,-219.304602,-60.834711,-20.348954
1048576,1048640,2097280,0.106,222311,40,80,13108,29,99,160.104373,0.322086170895,-221.542264,-61.437891,-20.348954
1048576,1048640,2097280,0.106,222311,40,80,13108,29,100,161.738854,0.322086170895,-223.779911,-62.041056,-20.348954
1048576,1048640,2097280,0.106,222311,40,80,13108,29,101,163.373336,0.322086170895,-226.017541,-62.644206,-20.348954
1048576,1048640,2097280,0.106,222311,40,80,13108,29,102,165.007817,0.322086170895,-228.255154,-63.247337,-20.348954
1048576,1048640,2097280,0.106,222311,40,80,13108,29,103,166.642299,0.322086170895,-230.492746,-63.850447,-20.348954
1048576,1048640,2097280,0.106,222311,40,80,13108,29,104,168.276780,0.322086170895,-232.730316,-64.453536,-20.348954
1048576,1048640,2097280,0.106,222311,40,80,13108,29,105,169.911261,0.322086170895,-234.967860,-65.056599,-20.348954
1048576,1048640,2097280,0.106,222311,40,80,13108,29,106,171.545743,0.322086170895,-237.205376,-65.659634,-20.348954
1048576,1048640,2097280,0.106,222311,40,80,13108,29,107,173.180224,0.322086170895,-239.442861,-66.262637,-20.348954
1048576,1048640,2097280,0.106,222311,40,80,13108,29,108,174.814705,0.322086170895,-241.680311,-66.865606,-20.348954
1048576,1048640,2097280,0.106,222311,40,80,13108,29,109,176.449187,0.322086170895,-243.917722,-67.468535,-20.348954
1048576,1048640,2097280,0.106,222311,40,80,13108,29,110,178.083668,0.322086170895,-246.155089,-68.071421,-20.348954
1048576,1048640,2097280,0.106,222311,40,80,13108,29,111,179.718150,0.322086170895,-248.392408,-68.674258,-20.348954
1048576,1048640,2097280,0.106,222311,40,80,13108,29,112,181.352631,0.322086170895,-250.629672,-69.277041,-20.348954
1048576,1048640,2097280,0.106,222311,40,80,13108,29,113,182.987112,0.322086170895,-252.866875,-69.879763,-20.348954
1048576,1048640,2097280,0.106,222311,40,80,13108,29,114,184.621594,0.322086170895,-255.104010,-70.482417,-20.348954
1048576,1048640,2097280,0.106,222311,40,80,13108,29,115,186.256075,0.322086170895,-257.341070,-71.084995,-20.348954
1048576,1048640,2097280,0.106,222311,40,80,13108,29,116,187.890556,0.322086170895,-259.578045,-71.687489,-20.348954
1048576,1048640,2097280,0.106,222311,40,80,13108,29,117,189.525038,0.322086170895,-261.814926,-72.289889,-20.348954
1048576,1048640,2097280,0.106,222311,40,80,13108,29,118,191.159519,0.322086170895,-264.051702,-72.892183,-20.348954
1048576,1048640,2097280,0.106,222311,40,80,13108,29,119,192.794001,0.322086170895,-266.288360,-73.494360,-20.348954
1048576,1048640,2097280,0.106,222311,40,80,13108,29,120,194.428482,0.322086170895,-268.524888,-74.096406,-20.348954
1048576,1048640,2097280,0.106,222311,40,80,13108,29,121,196.062963,0.322086170895,-270.761269,-74.698306,-20.348954
1048576,1048640,2097280,0.106,222311,40,80,13108,29,122,197.697445,0.322086170895,-272.997488,-75.300043,-20.348954
1048576,1048640,2097280,0.106,222311,40,80,13108,29,123,199.331926,0.322086170895,-275.233525,-75.901599,-20.348954
1048576,1048640,2097280,0.106,222311,40,80,13108,29,124,200.966407,0.322086170895,-277.469359,-76.502952,-20.348954
1048576,1048640,2097280,0.106,222311,40,80,13108,29,125,202.600889,0.322086170895,-279.704968,-77.104080,-20.348954
1048576,1048640,2097280,0.106,222311,40,80,13108,29,126,204.235370,0.322086170895,-281.940327,-77.704957,-20.348954
1048576,1048640,2097280,0.106,222311,40,80,13108,29,127,205.869852,0.322086170895,-284.175406,-78.305554,-20.348954
1048576,1048640,2097280,0.106,222311,40,80,13108,29,128,207.504333,0.322086170895,-286.410174,-78.905841,-20.348954
1048576,1048640,2097280,0.106,222311,40,80,13108,29,129,209.138814,0.322086170895,-288.644596,-79.505782,-20.348954
1048576,1048640,2097280,0.106,222311,40,80,13108,29,130,210.773296,0.322086170895,-290.878635,-80.105339,-20.348954
1048576,1048640,2097280,0.106,222311,40,80,13108,29,131,212.407777,0.322086170895,-293.112246,-80.704469,-20.348954
1048576,1048640,2097280,0.106,222311,40,80,13108,29,132,214.042258,0.322086170895,-295.345384,-81.303126,-20.348954
1048576,1048640,2097280,0.106,222311,40,80,13108,29,133,215.676740,0.322086170895,-297.577997,-81.901257,-20.348954
1048576,1048640,2097280,0.106,222311,40,80,13108,29,134,217.311221,0.322086170895,-299.810027,-82.498806,-20.348954
1048576,1048640,2097280,0.106,222311,40,80,13108,29,135,218.945703,0.322086170895,-302.041413,-83.095710,-20.348954
1048576,1048640,2097280,0.106,222311,40,80,13108,29,136,220.580184,0.322086170895,-304.272084,-83.691900,-20.348954
1048576,1048640,2097280,0.106,222311,40,80,13108,29,137,222.214665,0.322086170895,-306.501968,-84.287303,-20.348954
1048576,1048640,2097280,0.106,222311,40,80,13108,29,138,223.849147,0.322086170895,-308.730981,-84.881834,-20.348954
1048576,1048640,2097280,0.106,222311,40,80,13108,29,139,225.483628,0.322086170895,-310.959035,-85.475407,-20.348954
1048576,1048640,2097280,0.106,222311,40,80,13108,29,140,227.118109,0.322086170895,-313.186033,-86.067923,-20.348954
1048576,1048640,2097280,0.106,222311,40,80,13108,29,141,228.752591,0.322086170895,-315.411870,-86.659279,-20.348954
1048576,1048640,2097280,0.106,222311,40,80,13108,29,142,230.387072,0.322086170895,-317.636433,-87.249360,-20.348954
1048576,1048640,2097280,0.106,222311,40,80,13108,29,143,232.021554,0.322086170895,-319.859600,-87.838047,-20.348954
1048576,1048640,2097280,0.106,222311,40,80,13108,29,144,233.656035,0.322086170895,-322.081243,-88.425208,-20.348954
1048576,1048640,2097280,0.106,222311,40,80,13108,29,145,235.290516,0.322086170895,-324.301223,-89.010707,-20.348954
1048576,1048640,2097280,0.106,222311,40,80,13108,29,146,236.924998,0.322086170895,-326.519393,-89.594395,-20.348954
1048576,1048640,2097280,0.106,222311,40,80,13108,29,147,238.559479,0.322086170895,-328.735598,-90.176119,-20.348954
1048576,1048640,2097280,0.106,222311,40,80,13108,29,148,240.193960,0.322086170895,-330.949679,-90.755718,-20.348954
1048576,1048640,2097280,0.106,222311,40,80,13108,29,149,241.828442,0.322086170895,-333.161466,-91.333024,-20.348954
1048576,1048640,2097280,0.106,222311,40,80,13108,29,150,243.462923,0.322086170895,-335.370786,-91.907863,-20.348954
1048576,1048640,2097280,0.106,222311,40,80,13108,29,151,245.097405,0.322086170895,-337.577464,-92.480059,-20.348954
1048576,1048640,2097280,0.106,222311,40,80,13108,29,152,246.731886,0.322086170895,-339.781320,-93.049434,-20.348954
1048576,1048640,2097280,0.106,222311,40,80,13108,29,153,248.366367,0.322086170895,-341.982175,-93.615807,-20.348954
1048576,1048640,2097280,0.106,222311,40,80,13108,29,154,250.000849,0.322086170895,-344.179852,-94.179004,-20.348954
1048576,1048640,2097280,0.106,222311,40,80,13108,29,155,251.635330,0.322086170895,-346.374180,-94.738850,-20.348954
1048576,1048640,2097280,0.106,222311,40,80,13108,29,156,253.269812,0.322086170895,-348.564994,-95.295183,-20.348954
1048576,1048640,2097280,0.106,222311,40,80,13108,29,157,254.904293,0.322086170895,-350.752140,-95.847847,-20.348954
1048576,1048640,2097280,0.106,222311,40,80,13108,29,158,256.538774,0.322086170895,-352.935475,-96.396701,-20.348954
1048576,1048640,2097280,0.106,222311,40,80,13108,29,159,258.173256,0.322086170895,-355.114874,-96.941618,-20.348954
1048576,1048640,2097280,0.106,222311,40,80,13108,29,160,259.807737,0.322086170895,-357.290229,-97.482492,-20.348954
1048576,1048640,2097280,0.106,222311,40,80,13108,30,1,-inf,,-2.237846,-inf,-inf
1048576,1048640,2097280,0.106,222311,40,80,13108,30,2,-inf,,-4.475692,-inf,-inf
1048576,1048640,2097280,0.106,222311,40,80,13108,30,3,-inf,,-6.713537,-inf,-inf
1048576,1048640,2097280,0.106,222311,40,80,13108,30,4,-inf,,-8.951381,-inf,-inf
1048576,1048640,2097280,0.106,222311,40,80,13108,30,5,-inf,,-11.189224,-inf,-inf
1048576,1048640,2097280,0.106,222311,40,80,13108,30,6,-inf,,-13.427067,-inf,-inf
1048576,1048640,2097280,0.106,222311,40,80,13108,30,7,-inf,,-15.664909,-inf,-inf
1048576,1048640,2097280,0.106,222311,40,80,13108,30,8,-inf,,-17.902750,-inf,-inf
1048576,1048640,2097280,0.106,222311,40,80,13108,30,9,-inf,,-20.140591,-inf,-inf
1048576,1048640,2097280,0.106,222311,40,80,13108,30,10,-inf,,-22.378431,-inf,-inf
1048576,1048640,2097280,0.106,222311,40,80,13108,30,11,-inf,,-24.616270,-inf,-inf
1048576,1048640,2097280,0.106,222311,40,80,13108,30,12,-inf,,-26.854109,-inf,-inf
1048576,1048640,2097280,0.106,222311,40,80,13108,30,13,-inf,,-29.091946,-inf,-inf
1048576,1048640,2097280,0.106,222311,40,80,13108,30,14,-inf,,-31.329784,-inf,-inf
1048576,1048640,2097280,0.106,222311,40,80,13108,30,15,-inf,,-33.567620,-inf,-inf
1048576,1048640,2097280,0.106,222311,40,80,13108,30,16,-inf,,-35.805456,-inf,-inf
1048576,1048640,2097280,0.106,222311,40,80,13108,30,17,-inf,,-38.043291,-inf,-inf
1048576,1048640,2097280,0.106,222311,40,80,13108,30,18,-inf,,-40.281125,-inf,-inf
1048576,1048640,2097280,0.106,222311,40,80,13108,30,19,-inf,,-42.518958,-inf,-inf
1048576,1048640,2097280,0.106,222311,40,80,13108,30,20,-inf,,-44.756791,-inf,-inf
1048576,1048640,2097280,0.106,222311,40,80,13108,30,21,-inf,,-46.994623,-inf,-inf
1048576,1048640,2097280,0.106,222311,40,80,13108,30,22,-inf,,-49.232455,-inf,-inf
1048576,1048640,2097280,0.106,222311,40,80,13108,30,23,-inf,,-51.470285,-inf,-inf
1048576,1048640,2097280,0.106,222311,40,80,13108,30,24,-inf,,-53.708115,-inf,-inf
1048576,1048640,2097280,0.106,222311,40,80,13108,30,25,-inf,,-55.945944,-inf,-inf
1048576,1048640,2097280,0.106,222311,40,80,13108,30,26,-inf,,-58.183773,-inf,-inf
1048576,1048640,2097280,0.106,222311,40,80,13108,30,27,-inf,,-60.421601,-inf,-inf
1048576,1048640,2097280,0.106,222311,40,80,13108,30,28,-inf,,-62.659428,-inf,-inf
1048576,1048640,2097280,0.106,222311,40,80,13108,30,29,-inf,,-64.897254,-inf,-inf
1048576,1048640,2097280,0.106,222311,40,80,13108,30,30,41.888780,0.156725588185,-67.135080,-25.246299,-25.246299
1048576,1048640,2097280,0.106,222311,40,80,13108,30,31,44.562468,0.156725588185,-69.372905,-24.810437,-24.011970
1048576,1048640,2097280,0.106,222311,40,80,13108,30,32,47.236155,0.156725588185,-71.610729,-24.374574,-23.181910
1048576,1048640,2097280,0.106,222311,40,80,13108,30,33,49.909843,0.156725588185,-73.848553,-23.938710,-22.511244
1048576,1048640,2097280,0.106,222311,40,80,13108,30,34,52.583530,0.156725588185,-76.086375,-23.502845,-21.923477
1048576,1048640,2097280,0.106,222311,40,80,13108,30,35,54.634428,0.262175109676,-78.324197,-23.689769,-21.551680
1048576,1048640,2097280,0.106,222311,40,80,13108,30,36,56.565826,0.262175109676,-80.562019,-23.996193,-21.308367
1048576,1048640,2097280,0.106,222311,40,80,13108,30,37,58.373343,0.290590738289,-82.799839,-24.426496,-21.151099
1048576,1048640,2097280,0.106,222311,40,80,13108,30,38,60.156283,0.290590738289,-85.037659,-24.881377,-21.046295
1048576,1048640,2097280,0.106,222311,40,80,13108,30,39,61.939222,0.290590738289,-87.275478,-25.336256,-20.974367
1048576,1048640,2097280,0.106,222311,40,80,13108,30,40,63.647195,0.322086170895,-89.513297,-25.866102,-20.926570
1048576,1048640,2097280,0.106,222311,40,80,13108,30,41,65.281676,0.322086170895,-91.751114,-26.469438,-20.895952
1048576,1048640,2097280,0.106,222311,40,80,13108,30,42,66.916158,0.322086170895,-93.988931,-27.072774,-20.876146
1048576,1048640,2097280,0.106,222311,40,80,13108,30,43,68.550639,0.322086170895,-96.226747,-27.676108,-20.863257
1048576,1048640,2097280,0.106,222311,40,80,13108,30,44,70.185120,0.322086170895,-98.464563,-28.279442,-20.854835
1048576,1048640,2097280,0.106,222311,40,80,13108,30,45,71.819602,0.322086170895,-100.702377,-28.882776,-20.849318
1048576,1048640,2097280,0.106,222311,40,80,13108,30,46,73.454083,0.322086170895,-102.940191,-29.486108,-20.845698
1048576,1048640,2097280,0.106,222311,40,80,13108,30,47,75.088564,0.322086170895,-105.178005,-30.089440,-20.843320
1048576,1048640,2097280,0.106,222311,40,80,13108,30,48,76.723046,0.322086170895,-107.415817,-30.692771,-20.841757
1048576,1048640,2097280,0.106,222311,40,80,13108,30,49,78.357527,0.322086170895,-109.653629,-31.296102,-20.840729
1048576,1048640,2097280,0.106,222311,40,80,13108,30,50,79.992009,0.322086170895,-111.891440,-31.899431,-20.840053
1048576,1048640,2097280,0.106,222311,40,80,13108,30,51,81.626490,0.322086170895,-114.129250,-32.502760,-20.839608
1048576,1048640,2097280,0.106,222311,40,80,13108,30,52,83.260971,0.322086170895,-116.367059,-33.106088,-20.839315
1048576,1048640,2097280,0.106,222311,40,80,13108,30,53,84.895453,0.322086170895,-118.604868,-33.709415,-20.839123
1048576,1048640,2097280,0.106,222311,40,80,13108,30,54,86.529934,0.322086170895,-120.842676,-34.312742,-20.838996
1048576,1048640,2097280,0.106,222311,40,80,13108,30,55,88.164415,0.322086170895,-123.080483,-34.916067,-20.838912
1048576,1048640,2097280,0.106,222311,40,80,13108,30,56,89.798897,0.322086170895,-125.318289,-35.519392,-20.838857
1048576,1048640,2097280,0.106,222311,40,80,13108,30,57,91.433378,0.322086170895,-127.556094,-36.122716,-20.838821
1048576,1048640,2097280,0.106,222311,40,80,13108,30,58,93.067860,0.322086170895,-129.793899,-36.726039,-20.838797
1048576,1048640,2097280,0.106,222311,40,80,13108,30,59,94.702341,0.322086170895,-132.031702,-37.329362,-20.838782
1048576,1048640,2097280,0.106,222311,40,80,13108,30,60,96.336822,0.322086170895,-134.269505,-37.932683,-20.838771
1048576,1048640,2097280,0.106,222311,40,80,13108,30,61,97.971304,0.322086170895,-136.507307,-38.536004,-20.838765
1048576,1048640,2097280,0.106,222311,40,80,13108,30,62,99.605785,0.322086170895,-138.745108,-39.139323,-20.838760
1048576,1048640,2097280,0.106,222311,40,80,13108,30,63,101.240266,0.322086170895,-140.982909,-39.742642,-20.838757
1048576,1048640,2097280,0.106,222311,40,80,13108,30,64,102.874748,0.322086170895,-143.220708,-40.345960,-20.838755
1048576,1048640,2097280,0.106,222311,40,80,13108,30,65,104.509229,0.322086170895,-145.458506,-40.949277,-20.838754
1048576,1048640,2097280,0.106,222311,40,80,13108,30,66,106.143711,0.322086170895,-147.696303,-41.552593,-20.838753
1048576,1048640,2097280,0.106,222311,40,80,13108,30,67,107.778192,0.322086170895,-149.934100,-42.155908,-20.838753
1048576,1048640,2097280,0.106,222311,40,80,13108,30,68,109.412673,0.322086170895,-152.171895,-42.759222,-20.838752
1048576,1048640,2097280,0.106,222311,40,80,13108,30,69,111.047155,0.322086170895,-154.409689,-43.362534,-20.838752
1048576,1048640,2097280,0.106,222311,40,80,13108,30,70,112.681636,0.322086170895,-156.647482,-43.965846,-20.838752
1048576,1048640,2097280,0.106,222311,40,80,13108,30,71,114.316117,0.322086170895,-158.885274,-44.569156,-20.838752
1048576,1048640,2097280,0.106,222311,40,80,13108,30,72,115.950599,0.322086170895,-161.123064,-45.172465,-20.838752
1048576,1048640,2097280,0.106,222311,40,80,13108,30,73,117.585080,0.322086170895,-163.360853,-45.775773,-20.838752
1048576,1048640,2097280,0.106,222311,40,80,13108,30,74,119.219562,0.322086170895,-165.598641,-46.379079,-20.838752
1048576,1048640,2097280,0.106,222311,40,80,13108,30,75,120.854043,0.322086170895,-167.836427,-46.982384,-20.838752
1048576,1048640,2097280,0.106,222311,40,80,13108,30,76,122.488524,0.322086170895,-170.074211,-47.585687,-20.838752
1048576,1048640,2097280,0.106,222311,40,80,13108,30,77,124.123006,0.322086170895,-172.311994,-48.188989,-20.838752
1048576,1048640,2097280,0.106,222311,40,80,13108,30,78,125.757487,0.322086170895,-174.549775,-48.792288,-20.838752
1048576,1048640,2097280,0.106,222311,40,80,13108,30,79,127.391968,0.322086170895,-176.787554,-49.395586,-20.838752
1048576,1048640,2097280,0.106,222311,40,80,13108,30,80,129.026450,0.322086170895,-179.025331,-49.998882,-20.838752
1048576,1048640,2097280,0.106,222311,40,80,13108,30,81,130.660931,0.322086170895,-181.263106,-50.602175,-20.838752
1048576,1048640,2097280,0.106,222311,40,80,13108,30,82,132.295413,0.322086170895,-183.500878,-51.205466,-20.838752
1048576,1048640,2097280,0.106,222311,40,80,13108,30,83,133.929894,0.322086170895,-185.738648,-51.808754,-20.838752
1048576,1048640,2097280,0.106,222311,40,80,13108,30,84,135.564375,0.322086170895,-187.976414,-52.412039,-20.838752
1048576,1048640,2097280,0.106,222311,40,80,13108,30,85,137.198857,0.322086170895,-190.214177,-53.015321,-20.838752
1048576,1048640,2097280,0.106,222311,40,80,13108,30,86,138.833338,0.322086170895,-192.451937,-53.618599,-20.838752
1048576,1048640,2097280,0.106,222311,40,80,13108,30,87,140.467819,0.322086170895,-194.689693,-54.221874,-20.838752
1048576,1048640,2097280,0.106,222311,40,80,13108,30,88,142.102301,0.322086170895,-196.927445,-54.825144,-20.838752
1048576,1048640,2097280,0.106,222311,40,80,13108,30,89,143.736782,0.322086170895,-199.165192,-55.428410,-20.838752
1048576,1048640,2097280,0.106,222311,40,80,13108,30,90,145.371264,0.322086170895,-201.402934,-56.031670,-20.838752
1048576,1048640,2097280,0.106,222311,40,80,13108,30,91,147.005745,0.322086170895,-203.640670,-56.634925,-20.838752
1048576,1048640,2097280,0.106,222311,40,80,13108,30,92,148.640226,0.322086170895,-205.878400,-57.238173,-20.838752
1048576,1048640,2097280,0.106,222311,40,80,13108,30,93,150.274708,0.322086170895,-208.116123,-57.841415,-20.838752
1048576,1048640,2097280,0.106,222311,40,80,13108,30,94,151.909189,0.322086170895,-210.353838,-58.444649,-20.838752
1048576,1048640,2097280,0.106,222311,40,80,13108,30,95,153.543670,0.322086170895,-212.591544,-59.047874,-20.838752
1048576,1048640,2097280,0.106,222311,40,80,13108,30,96,155.178152,0.322086170895,-214.829241,-59.651090,-20.838752
1048576,1048640,2097280,0.106,222311,40,80,13108,30,97,156.812633,0.322086170895,-217.066928,-60.254295,-20.838752
1048576,1048640,2097280,0.106,222311,40,80,13108,30,98,158.447115,0.322086170895,-219.304602,-60.857488,-20.838752
1048576,1048640,2097280,0.106,222311,40,80,13108,30,99,160.081596,0.322086170895,-221.542264,-61.460668,-20.838752
1048576,1048640,2097280,0.106,222311,40,80,13108,30,100,161.716077,0.322086170895,-223.779911,-62.063833,-20.838752
1048576,1048640,2097280,0.106,222311,40,80,13108,30,101,163.350559,0.322086170895,-226.017541,-62.666983,-20.838752
1048576,1048640,2097280,0.106,222311,40,80,13108,30,102,164.985040,0.322086170895,-228.255154,-63.270114,-20.838752
1048576,1048640,2097280,0.106,222311,40,80,13108,30,103,166.619521,0.322086170895,-230.492746,-63.873225,-20.838752
1048576,1048640,2097280,0.106,222311,40,80,13108,30,104,168.254003,0.322086170895,-232.730316,-64.476313,-20.838752
1048576,1048640,2097280,0.106,222311,40,80,13108,30,105,169.888484,0.322086170895,-234.967860,-65.079376,-20.838752
1048576,1048640,2097280,0.106,222311,40,80,13108,30,106,171.522966,0.322086170895,-237.205376,-65.682411,-20.838752
1048576,1048640,2097280,0.106,222311,40,80,13108,30,107,173.157447,0.322086170895,-239.442861,-66.285414,-20.838752
1048576,1048640,2097280,0.106,222311,40,80,13108,30,108,174.791928,0.322086170895,-241.680311,-66.888383,-20.838752
1048576,1048640,2097280,0.106,222311,40,80,13108,30,109,176.426410,0.322086170895,-243.917722,-67.491312,-20.838752
1048576,1048640,2097280,0.106,222311,40,80,13108,30,110,178.060891,0.322086170895,-246.155089,-68.094198,-20.838752
1048576,1048640,2097280,0.106,222311,40,80,13108,30,111,179.695372,0.322086170895,-248.392408,-68.697035,-20.838752
1048576,1048640,2097280,0.106,222311,40,80,13108,30,112,181.329854,0.322086170895,-250.629672,-69.299818,-20.838752
1048576,1048640,2097280,0.106,222311,40,80,13108,30,113,182.964335,0.322086170895,-252.866875,-69.902540,-20.838752
1048576,1048640,2097280,0.106,222311,40,80,13108,30,114,184.598817,0.322086170895,-255.104010,-70.505194,-20.838752
1048576,1048640,2097280,0.106,222311,40,80,13108,30,115,186.233298,0.322086170895,-257.341070,-71.107772,-20.838752
1048576,1048640,2097280,0.106,222311,40,80,13108,30,116,187.867779,0.322086170895,-259.578045,-71.710266,-20.838752
1048576,1048640,2097280,0.106,222311,40,80,13108,30,117,189.502261,0.322086170895,-261.814926,-72.312666,-20.838752
1048576,1048640,2097280,0.106,222311,40,80,13108,30,118,191.136742,0.322086170895,-264.051702,-72.914960,-20.838752
1048576,1048640,2097280,0.106,222311,40,80,13108,30,119,192.771224,0.322086170895,-266.288360,-73.517137,-20.838752
1048576,1048640,2097280,0.106,222311,40,80,13108,30,120,194.405705,0.322086170895,-268.524888,-74.119183,-20.838752
1048576,1048640,2097280,0.106,222311,40,80,13108,30,121,196.040186,0.322086170895,-270.761269,-74.721083,-20.838752
1048576,1048640,2097280,0.106,222311,40,80,13108,30,122,197.674668,0.322086170895,-272.997488,-75.322820,-20.838752
1048576,1048640,2097280,0.106,222311,40,80,13108,30,123,199.309149,0.322086170895,-275.233525,-75.924376,-20.838752
1048576,1048640,2097280,0.106,222311,40,80,13108,30,124,200.943630,0.322086170895,-277.469359,-76.525729,-20.838752
1048576,1048640,2097280,0.106,222311,40,80,13108,30,125,202.578112,0.322086170895,-279.704968,-77.126857,-20.838752
1048576,1048640,2097280,0.106,222311,40,80,13108,30,126,204.212593,0.322086170895,-281.940327,-77.727734,-20.838752
1048576,1048640,2097280,0.106,222311,40,80,13108,30,127,205.847075,0.322086170895,-284.175406,-78.328331,-20.838752
1048576,1048640,2097280,0.106,222311,40,80,13108,30,128,207.481556,0.322086170895,-286.410174,-78.928618,-20.838752
1048576,1048640,2097280,0.106,222311,40,80,13108,30,129,209.116037,0.322086170895,-288.644596,-79.528559,-20.838752
1048576,1048640,2097280,0.106,222311,40,80,13108,30,130,210.750519,0.322086170895,-290.878635,-80.128116,-20.838752
1048576,1048640,2097280,0.106,222311,40,80,13108,30,131,212.385000,0.322086170895,-293.112246,-80.727246,-20.838752
1048576,1048640,2097280,0.106,222311,40,80,13108,30,132,214.019481,0.322086170895,-295.345384,-81.325903,-20.838752
1048576,1048640,2097280,0.106,222311,40,80,13108,30,133,215.653963,0.322086170895,-297.577997,-81.924034,-20.838752
1048576,1048640,2097280,0.106,222311,40,80,13108,30,134,217.288444,0.322086170895,-299.810027,-82.521583,-20.838752
1048576,1048640,2097280,0.106,222311,40,80,13108,30,135,218.922926,0.322086170895,-302.041413,-83.118487,-20.838752
1048576,1048640,2097280,0.106,222311,40,80,13108,30,136,220.557407,0.322086170895,-304.272084,-83.714678,-20.838752
1048576,1048640,2097280,0.106,222311,40,80,13108,30,137,222.191888,0.322086170895,-306.501968,-84.310080,-20.838752
1048576,1048640,2097280,0.106,222311,40,80,13108,30,138,223.826370,0.322086170895,-308.730981,-84.904612,-20.838752
1048576,1048640,2097280,0.106,222311,40,80,13108,30,139,225.460851,0.322086170895,-310.959035,-85.498184,-20.838752
1048576,1048640,2097280,0.106,222311,40,80,13108,30,140,227.095332,0.322086170895,-313.186033,-86.090700,-20.838752
1048576,1048640,2097280,0.106,222311,40,80,13108,30,141,228.729814,0.322086170895,-315.411870,-86.682056,-20.838752
1048576,1048640,2097280,0.106,222311,40,80,13108,30,142,230.364295,0.322086170895,-317.636433,-87.272137,-20.838752
1048576,1048640,2097280,0.106,222311,40,80,13108,30,143,231.998777,0.322086170895,-319.859600,-87.860824,-20.838752
1048576,1048640,2097280,0.106,222311,40,80,13108,30,144,233.633258,0.322086170895,-322.081243,-88.447985,-20.838752
1048576,1048640,2097280,0.106,222311,40,80,13108,30,145,235.267739,0.322086170895,-324.301223,-89.033484,-20.838752
1048576,1048640,2097280,0.106,222311,40,80,13108,30,146,236.902221,0.322086170895,-326.519393,-89.617172,-20.838752
1048576,1048640,2097280,0.106,222311,40,80,13108,30,147,238.536702,0.322086170895,-328.735598,-90.198896,-20.838752
1048576,1048640,2097280,0.106,222311,40,80,13108,30,148,240.171183,0.322086170895,-330.949679,-90.778495,-20.838752
1048576,1048640,2097280,0.106,222311,40,80,13108,30,149,241.805665,0.322086170895,-333.161466,-91.355801,-20.838752
1048576,1048640,2097280,0.106,222311,40,80,13108,30,150,243.440146,0.322086170895,-335.370786,-91.930640,-20.838752
1048576,1048640,2097280,0.106,222311,40,80,13108,30,151,245.074628,0.322086170895,-337.577464,-92.502836,-20.838752
1048576,1048640,2097280,0.106,222311,40,80,13108,30,152,246.709109,0.322086170895,-339.781320,-93.072211,-20.838752
1048576,1048640,2097280,0.106,222311,40,80,13108,30,153,248.343590,0.322086170895,-341.982175,-93.638584,-20.838752
1048576,1048640,2097280,0.106,222311,40,80,13108,30,154,249.978072,0.322086170895,-344.179852,-94.201781,-20.838752
1048576,1048640,2097280,0.106,222311,40,80,13108,30,155,251.612553,0.322086170895,-346.374180,-94.761627,-20.838752
1048576,1048640,2097280,0.106,222311,40,80,13108,30,156,253.247034,0.322086170895,-348.564994,-95.317960,-20.838752
1048576,1048640,2097280,0.106,222311,40,80,13108,30,157,254.881516,0.322086170895,-350.752140,-95.870624,-20.838752
1048576,1048640,2097280,0.106,222311,40,80,13108,30,158,256.515997,0.322086170895,-352.935475,-96.419478,-20.838752
1048576,1048640,2097280,0.106,222311,40,80,13108,30,159,258.150479,0.322086170895,-355.114874,-96.964395,-20.838752
1048576,1048640,2097280,0.106,222311,40,80,13108,30,160,259.784960,0.322086170895,-357.290229,-97.505269,-20.838752
1048576,1048640,2097280,0.106,222311,40,80,13108,31,1,-inf,,-2.237846,-inf,-inf
1048576,1048640,2097280,0.106,222311,40,80,13108,31,2,-inf,,-4.475692,-inf,-inf
1048576,1048640,2097280,0.106,222311,40,80,13108,31,3,-inf,,-6.713537,-inf,-inf
1048576,1048640,2097280,0.106,222311,40,80,13108,31,4,-inf,,-8.951381,-inf,-inf
1048576,1048640,2097280,0.106,222311,40,80,13108,31,5,-inf,,-11.189224,-inf,-inf
1048576,1048640,2097280,0.106,222311,40,80,13108,31,6,-inf,,-13.427067,-inf,-inf
1048576,1048640,2097280,0.106,222311,40,80,13108,31,7,-inf,,-15.664909,-inf,-inf
1048576,1048640,2097280,0.106,222311,40,80,13108,31,8,-inf,,-17.902750,-inf,-inf
1048576,1048640,2097280,0.106,222311,40,80,13108,31,9,-inf,,-20.140591,-inf,-inf
1048576,1048640,2097280,0.106,222311,40,80,13108,31,10,-inf,,-22.378431,-inf,-inf
1048576,1048640,2097280,0.106,222311,40,80,13108,31,11,-inf,,-24.616270,-inf,-inf
1048576,1048640,2097280,0.106,222311,40,80,13108,31,12,-inf,,-26.854109,-inf,-inf
1048576,1048640,2097280,0.106,222311,40,80,13108,31,13,-inf,,-29.091946,-inf,-inf
1048576,1048640,2097280,0.106,222311,40,80,13108,31,14,-inf,,-31.329784,-inf,-inf
1048576,1048640,2097280,0.106,222311,40,80,13108,31,15,-inf,,-33.567620,-inf,-inf
1048576,1048640,2097280,0.106,222311,40,80,13108,31,16,-inf,,-35.805456,-inf,-inf
1048576,1048640,2097280,0.106,222311,40,80,13108,31,17,-inf,,-38.043291,-inf,-inf
1048576,1048640,2097280,0.106,222311,40,80,13108,31,18,-inf,,-40.281125,-inf,-inf
1048576,1048640,2097280,0.106,222311,40,80,13108,31,19,-inf,,-42.518958,-inf,-inf
1048576,1048640,2097280,0.106,222311,40,80,13108,31,20,-inf,,-44.756791,-inf,-inf
1048576,1048640,2097280,0.106,222311,40,80,13108,31,21,-inf,,-46.994623,-inf,-inf
1048576,1048640,2097280,0.106,222311,40,80,13108,31,22,-inf,,-49.232455,-inf,-inf
1048576,1048640,2097280,0.106,222311,40,80,13108,31,23,-inf,,-51.470285,-inf,-inf
1048576,1048640,2097280,0.106,222311,40,80,13108,31,24,-inf,,-53.708115,-inf,-inf
1048576,1048640,2097280,0.106,222311,40,80,13108,31,25,-inf,,-55.945944,-inf,-inf
1048576,1048640,2097280,0.106,222311,40,80,13108,31,26,-inf,,-58.183773,-inf,-inf
1048576,1048640,2097280,0.106,222311,40,80,13108,31,27,-inf,,-60.421601,-inf,-inf
1048576,1048640,2097280,0.106,222311,40,80,13108,31,28,-inf,,-62.659428,-inf,-inf
1048576,1048640,2097280,0.106,222311,40,80,13108,31,29,-inf,,-64.897254,-inf,-inf
1048576,1048640,2097280,0.106,222311,40,80,13108,31,30,-inf,,-67.135080,-inf,-inf
1048576,1048640,2097280,0.106,222311,40,80,13108,31,31,45.047733,0.173712159159,-69.372905,-24.325172,-24.325172
1048576,1048640,2097280,0.106,222311,40,80,13108,31,32,47.572962,0.173712159159,-71.610729,-24.037767,-23.174324
1048576,1048640,2097280,0.106,222311,40,80,13108,31,33,50.090325,0.192539805332,-73.848553,-23.758227,-22.436935
1048576,1048640,2097280,0.106,222311,40,80,13108,31,34,52.383237,0.21340807009,-76.086375,-23.703138,-21.935366
1048576,1048640,2097280,0.106,222311,40,80,13108,31,35,54.482885,0.236538124161,-78.324197,-23.841312,-21.594130
1048576,1048640,2097280,0.106,222311,40,80,13108,31,36,56.436018,0.262175109676,-80.562019,-24.126000,-21.364032
1048576,1048640,2097280,0.106,222311,40,80,13108,31,37,58.305633,0.290590738289,-82.799839,-24.494206,-21.208005
1048576,1048640,2097280,0.106,222311,40,80,13108,31,38,60.088572,0.290590738289,-85.037659,-24.949087,-21.103955
1048576,1048640,2097280,0.106,222311,40,80,13108,31,39,61.871512,0.290590738289,-87.275478,-25.403967,-21.032514
1048576,1048640,2097280,0.106,222311,40,80,13108,31,40,63.614685,0.322086170895,-89.513297,-25.898612,-20.983874
1048576,1048640,2097280,0.106,222311,40,80,13108,31,41,65.249166,0.322086170895,-91.751114,-26.501948,-20.952730
1048576,1048640,2097280,0.106,222311,40,80,13108,31,42,66.883648,0.322086170895,-93.988931,-27.105284,-20.932592
1048576,1048640,2097280,0.106,222311,40,80,13108,31,43,68.518129,0.322086170895,-96.226747,-27.708618,-20.919487
1048576,1048640,2097280,0.106,222311,40,80,13108,31,44,70.152610,0.322086170895,-98.464563,-28.311952,-20.910926
1048576,1048640,2097280,0.106,222311,40,80,13108,31,45,71.787092,0.322086170895,-100.702377,-28.915286,-20.905319
1048576,1048640,2097280,0.106,222311,40,80,13108,31,46,73.421573,0.322086170895,-102.940191,-29.518618,-20.901639
1048576,1048640,2097280,0.106,222311,40,80,13108,31,47,75.056054,0.322086170895,-105.178005,-30.121950,-20.899223
1048576,1048640,2097280,0.106,222311,40,80,13108,31,48,76.690536,0.322086170895,-107.415817,-30.725281,-20.897634
1048576,1048640,2097280,0.106,222311,40,80,13108,31,49,78.325017,0.322086170895,-109.653629,-31.328612,-20.896589
1048576,1048640,2097280,0.106,222311,40,80,13108,31,50,79.959499,0.322086170895,-111.891440,-31.931941,-20.895902
1048576,1048640,2097280,0.106,222311,40,80,13108,31,51,81.593980,0.322086170895,-114.129250,-32.535270,-20.895450
1048576,1048640,2097280,0.106,222311,40,80,13108,31,52,83.228461,0.322086170895,-116.367059,-33.138598,-20.895152
1048576,1048640,2097280,0.106,222311,40,80,13108,31,53,84.862943,0.322086170895,-118.604868,-33.741925,-20.894957
1048576,1048640,2097280,0.106,222311,40,80,13108,31,54,86.497424,0.322086170895,-120.842676,-34.345252,-20.894828
1048576,1048640,2097280,0.106,222311,40,80,13108,31,55,88.131905,0.322086170895,-123.080483,-34.948577,-20.894743
1048576,1048640,2097280,0.106,222311,40,80,13108,31,56,89.766387,0.322086170895,-125.318289,-35.551902,-20.894687
1048576,1048640,2097280,0.106,222311,40,80,13108,31,57,91.400868,0.322086170895,-127.556094,-36.155226,-20.894650
1048576,1048640,2097280,0.106,222311,40,80,13108,31,58,93.035350,0.322086170895,-129.793899,-36.758549,-20.894626
1048576,1048640,2097280,0.106,222311,40,80,13108,31,59,94.669831,0.322086170895,-132.031702,-37.361872,-20.894610
1048576,1048640,2097280,0.106,222311,40,80,13108,31,60,96.304312,0.322086170895,-134.269505,-37.965193,-20.894600
1048576,1048640,2097280,0.106,222311,40,80,13108,31,61,97.938794,0.322086170895,-136.507307,-38.568514,-20.894593
1048576,1048640,2097280,0.106,222311,40,80,13108,31,62,99.573275,0.322086170895,-138.745108,-39.171833,-20.894588
1048576,1048640,2097280,0.106,222311,40,80,13108,31,63,101.207756,0.322086170895,-140.982909,-39.775152,-20.894585
1048576,1048640,2097280,0.106,222311,40,80,13108,31,64,102.842238,0.322086170895,-143.220708,-40.378470,-20.894583
1048576,1048640,2097280,0.106,222311,40,80,13108,31,65,104.476719,0.322086170895,-145.458506,-40.981787,-20.894582
1048576,1048640,2097280,0.106,222311,40,80,13108,31,66,106.111201,0.322086170895,-147.696303,-41.585103,-20.894581
1048576,1048640,2097280,0.106,222311,40,80,13108,31,67,107.745682,0.322086170895,-149.934100,-42.188418,-20.894581
1048576,1048640,2097280,0.106,222311,40,80,13108,31,68,109.380163,0.322086170895,-152.171895,-42.791732,-20.894580
1048576,1048640,2097280,0.106,222311,40,80,13108,31,69,111.014645,0.322086170895,-154.409689,-43.395044,-20.894580
1048576,1048640,2097280,0.106,222311,40,80,13108,31,70,112.649126,0.322086170895,-156.647482,-43.998356,-20.894580
1048576,1048640,2097280,0.106,222311,40,80,13108,31,71,114.283607,0.322086170895,-158.885274,-44.601666,-20.894580
1048576,1048640,2097280,0.106,222311,40,80,13108,31,72,115.918089,0.322086170895,-161.123064,-45.204975,-20.894580
1048576,1048640,2097280,0.106,222311,40,80,13108,31,73,117.552570,0.322086170895,-163.360853,-45.808283,-20.894580
1048576,1048640,2097280,0.106,222311,40,80,13108,31,74,119.187052,0.322086170895,-165.598641,-46.411589,-20.894580
1048576,1048640,2097280,0.106,222311,40,80,13108,31,75,120.821533,0.322086170895,-167.836427,-47.014894,-20.894580
1048576,1048640,2097280,0.106,222311,40,80,13108,31,76,122.456014,0.322086170895,-170.074211,-47.618197,-20.894580
1048576,1048640,2097280,0.106,222311,40,80,13108,31,77,124.090496,0.322086170895,-172.311994,-48.221499,-20.894579
1048576,1048640,2097280,0.106,222311,40,80,13108,31,78,125.724977,0.322086170895,-174.549775,-48.824798,-20.894579
1048576,1048640,2097280,0.106,222311,40,80,13108,31,79,127.359458,0.322086170895,-176.787554,-49.428096,-20.894579
1048576,1048640,2097280,0.106,222311,40,80,13108,31,80,128.993940,0.322086170895,-179.025331,-50.031392,-20.894579
1048576,1048640,2097280,0.106,222311,40,80,13108,31,81,130.628421,0.322086170895,-181.263106,-50.634685,-20.894579
1048576,1048640,2097280,0.106,222311,40,80,13108,31,82,132.262903,0.322086170895,-183.500878,-51.237976,-20.894579
1048576,1048640,2097280,0.106,222311,40,80,13108,31,83,133.897384,0.322086170895,-185.738648,-51.841264,-20.894579
1048576,1048640,2097280,0.106,222311,40,80,13108,31,84,135.531865,0.322086170895,-187.976414,-52.444549,-20.894579
1048576,1048640,2097280,0.106,222311,40,80,13108,31,85,137.166347,0.322086170895,-190.214177,-53.047831,-20.894579
1048576,1048640,2097280,0.106,222311,40,80,13108,31,86,138.800828,0.322086170895,-192.451937,-53.651109,-20.894579
1048576,1048640,2097280,0.106,222311,40,80,13108,31,87,140.435309,0.322086170895,-194.689693,-54.254384,-20.894579
1048576,1048640,2097280,0.106,222311,40,80,13108,31,88,142.069791,0.322086170895,-196.927445,-54.857654,-20.894579
1048576,1048640,2097280,0.106,222311,40,80,13108,31,89,143.704272,0.322086170895,-199.165192,-55.460920,-20.894579
1048576,1048640,2097280,0.106,222311,40,80,13108,31,90,145.338754,0.322086170895,-201.402934,-56.064180,-20.894579
1048576,1048640,2097280,0.106,222311,40,80,13108,31,91,146.973235,0.322086170895,-203.640670,-56.667435,-20.894579
1048576,1048640,2097280,0.106,222311,40,80,13108,31,92,148.607716,0.322086170895,-205.878400,-57.270683,-20.894579
1048576,1048640,2097280,0.106,222311,40,80,13108,31,93,150.242198,0.322086170895,-208.116123,-57.873925,-20.894579
1048576,1048640,2097280,0.106,222311,40,80,13108,31,94,151.876679,0.322086170895,-210.353838,-58.477159,-20.894579
1048576,1048640,2097280,0.106,222311,40,80,13108,31,95,153.511160,0.322086170895,-212.591544,-59.080384,-20.894579
1048576,1048640,2097280,0.106,222311,40,80,13108,31,96,155.145642,0.322086170895,-214.829241,-59.683600,-20.894579
1048576,1048640,2097280,0.106,222311,40,80,13108,31,97,156.780123,0.322086170895,-217.066928,-60.286805,-20.894579
1048576,1048640,2097280,0.106,222311,40,80,13108,31,98,158.414605,0.322086170895,-219.304602,-60.889998,-20.894579
1048576,1048640,2097280,0.106,222311,40,80,13108,31,99,160.049086,0.322086170895,-221.542264,-61.493178,-20.894579
1048576,1048640,2097280,0.106,222311,40,80,13108,31,100,161.683567,0.322086170895,-223.779911,-62.096343,-20.894579
1048576,1048640,2097280,0.106,222311,40,80,13108,31,101,163.318049,0.322086170895,-226.017541,-62.699493,-20.894579
1048576,1048640,2097280,0.106,222311,40,80,13108,31,102,164.952530,0.322086170895,-228.255154,-63.302624,-20.894579
1048576,1048640,2097280,0.106,222311,40,80,13108,31,103,166.587011,0.322086170895,-230.492746,-63.905735,-20.894579
1048576,1048640,2097280,0.106,222311,40,80,13108,31,104,168.221493,0.322086170895,-232.730316,-64.508823,-20.894579
1048576,1048640,2097280,0.106,222311,40,80,13108,31,105,169.855974,0.322086170895,-234.967860,-65.111886,-20.894579
1048576,1048640,2097280,0.106,222311,40,80,13108,31,106,171.490456,0.322086170895,-237.205376,-65.714921,-20.894579
1048576,1048640,2097280,0.106,222311,40,80,13108,31,107,173.124937,0.322086170895,-239.442861,-66.317924,-20.894579
1048576,1048640,2097280,0.106,222311,40,80,13108,31,108,174.759418,0.322086170895,-241.680311,-66.920893,-20.894579
1048576,1048640,2097280,0.106,222311,40,80,13108,31,109,176.393900,0.322086170895,-243.917722,-67.523822,-20.894579
1048576,1048640,2097280,0.106,222311,40,80,13108,31,110,178.028381,0.322086170895,-246.155089,-68.126708,-20.894579
1048576,1048640,2097280,0.106,222311,40,80,13108,31,111,179.662863,0.322086170895,-248.392408,-68.729545,-20.894579
1048576,1048640,2097280,0.106,222311,40,80,13108,31,112,181.297344,0.322086170895,-250.629672,-69.332328,-20.894579
1048576,1048640,2097280,0.106,222311,40,80,13108,31,113,182.931825,0.322086170895,-252.866875,-69.935050,-20.894579
1048576,1048640,2097280,0.106,222311,40,80,13108,31,114,184.566307,0.322086170895,-255.104010,-70.537704,-20.894579
1048576,1048640,2097280,0.106,222311,40,80,13108,31,115,186.200788,0.322086170895,-257.341070,-71.140282,-20.894579
1048576,1048640,2097280,0.106,222311,40,80,13108,31,116,187.835269,0.322086170895,-259.578045,-71.742776,-20.894579
1048576,1048640,2097280,0.106,222311,40,80,13108,31,117,189.469751,0.322086170895,-261.814926,-72.345176,-20.894579
1048576,1048640,2097280,0.106,222311,40,80,13108,31,118,191.104232,0.322086170895,-264.051702,-72.947470,-20.894579
1048576,1048640,2097280,0.106,222311,40,80,13108,31,119,192.738714,0.322086170895,-266.288360,-73.549647,-20.894579
1048576,1048640,2097280,0.106,222311,40,80,13108,31,120,194.373195,0.322086170895,-268.524888,-74.151693,-20.894579
1048576,1048640,2097280,0.106,222311,40,80,13108,31,121,196.007676,0.322086170895,-270.761269,-74.753593,-20.894579
1048576,1048640,2097280,0.106,222311,40,80,13108,31,122,197.642158,0.322086170895,-272.997488,-75.355330,-20.894579
1048576,1048640,2097280,0.106,222311,40,80,13108,31,123,199.276639,0.322086170895,-275.233525,-75.956886,-20.894579
1048576,1048640,2097280,0.106,222311,40,80,13108,31,124,200.911120,0.322086170895,-277.469359,-76.558239,-20.894579
1048576,1048640,2097280,0.106,222311,40,80,13108,31,125,202.545602,0.322086170895,-279.704968,-77.159367,-20.894579
1048576,1048640,2097280,0.106,222311,40,80,13108,31,126,204.180083,0.322086170895,-281.940327,-77.760244,-20.894579
1048576,1048640,2097280,0.106,222311,40,80,13108,31,127,205.814565,0.322086170895,-284.175406,-78.360841,-20.894579
1048576,1048640,2097280,0.106,222311,40,80,13108,31,128,207.449046,0.322086170895,-286.410174,-78.961128,-20.894579
1048576,1048640,2097280,0.106,222311,40,80,13108,31,129,209.083527,0.322086170895,-288.644596,-79.561069,-20.894579
1048576,1048640,2097280,0.106,222311,40,80,13108,31,130,210.718009,0.322086170895,-290.878635,-80.160626,-20.894579
1048576,1048640,2097280,0.106,222311,40,80,13108,31,131,212.352490,0.322086170895,-293.112246,-80.759756,-20.894579
1048576,1048640,2097280,0.106,222311,40,80,13108,31,132,213.986971,0.322086170895,-295.345384,-81.358413,-20.894579
1048576,1048640,2097280,0.106,222311,40,80,13108,31,133,215.621453,0.322086170895,-297.577997,-81.956544,-20.894579
1048576,1048640,2097280,0.106,222311,40,80,13108,31,134,217.255934,0.322086170895,-299.810027,-82.554093,-20.894579
1048576,1048640,2097280,0.106,222311,40,80,13108,31,135,218.890416,0.322086170895,-302.041413,-83.150997,-20.894579
1048576,1048640,2097280,0.106,222311,40,80,13108,31,136,220.524897,0.322086170895,-304.272084,-83.747188,-20.894579
1048576,1048640,2097280,0.106,222311,40,80,13108,31,137,222.159378,0.322086170895,-306.501968,-84.342590,-20.894579
1048576,1048640,2097280,0.106,222311,40,80,13108,31,138,223.793860,0.322086170895,-308.730981,-84.937121,-20.894579
1048576,1048640,2097280,0.106,222311,40,80,13108,31,139,225.428341,0.322086170895,-310.959035,-85.530694,-20.894579
1048576,1048640,2097280,0.106,222311,40,80,13108,31,140,227.062822,0.322086170895,-313.186033,-86.123210,-20.894579
1048576,1048640,2097280,0.106,222311,40,80,13108,31,141,228.697304,0.322086170895,-315.411870,-86.714566,-20.894579
1048576,1048640,2097280,0.106,222311,40,80,13108,31,142,230.331785,0.322086170895,-317.636433,-87.304647,-20.894579
1048576,1048640,2097280,0.106,222311,40,80,13108,31,143,231.966267,0.322086170895,-319.859600,-87.893334,-20.894579
1048576,1048640,2097280,0.106,222311,40,80,13108,31,144,233.600748,0.322086170895,-322.081243,-88.480495,-20.894579
1048576,1048640,2097280,0.106,222311,40,80,13108,31,145,235.235229,0.322086170895,-324.301223,-89.065994,-20.894579
1048576,1048640,2097280,0.106,222311,40,80,13108,31,146,236.869711,0.322086170895,-326.519393,-89.649682,-20.894579
1048576,1048640,2097280,0.106,222311,40,80,13108,31,147,238.504192,0.322086170895,-328.735598,-90.231406,-20.894579
1048576,1048640,2097280,0.106,222311,40,80,13108,31,148,240.138673,0.322086170895,-330.949679,-90.811005,-20.894579
1048576,1048640,2097280,0.106,222311,40,80,13108,31,149,241.773155,0.322086170895,-333.161466,-91.388311,-20.894579
1048576,1048640,2097280,0.106,222311,40,80,13108,31,150,243.407636,0.322086170895,-335.370786,-91.963150,-20.894579
1048576,1048640,2097280,0.106,222311,40,80,13108,31,151,245.042118,0.322086170895,-337.577464,-92.535346,-20.894579
1048576,1048640,2097280,0.106,222311,40,80,13108,31,152,246.676599,0.322086170895,-339.781320,-93.104721,-20.894579
1048576,1048640,2097280,0.106,222311,40,80,13108,31,153,248.311080,0.322086170895,-341.982175,-93.671094,-20.894579
1048576,1048640,2097280,0.106,222311,40,80,13108,31,154,249.945562,0.322086170895,-344.179852,-94.234291,-20.894579
1048576,1048640,2097280,0.106,222311,40,80,13108,31,155,251.580043,0.322086170895,-346.374180,-94.794137,-20.894579
1048576,1048640,2097280,0.106,222311,40,80,13108,31,156,253.214524,0.322086170895,-348.564994,-95.350470,-20.894579
1048576,1048640,2097280,0.106,222311,40,80,13108,31,157,254.849006,0.322086170895,-350.752140,-95.903134,-20.894579
1048576,1048640,2097280,0.106,222311,40,80,13108,31,158,256.483487,0.322086170895,-352.935475,-96.451988,-20.894579
1048576,1048640,2097280,0.106,222311,40,80,13108,31,159,258.117969,0.322086170895,-355.114874,-96.996905,-20.894579
1048576,1048640,2097280,0.106,222311,40,80,13108,31,160,259.752450,0.322086170895,-357.290229,-97.537779,-20.894579
1048576,1048640,2097280,0.106,222311,40,80,13108,32,1,-inf,,-2.237846,-inf,-inf
1048576,1048640,2097280,0.106,222311,40,80,13108,32,2,-inf,,-4.475692,-inf,-inf
1048576,1048640,2097280,0.106,222311,40,80,13108,32,3,-inf,,-6.713537,-inf,-inf
1048576,1048640,2097280,0.106,222311,40,80,13108,32,4,-inf,,-8.951381,-inf,-inf
1048576,1048640,2097280,0.106,222311,40,80,13108,32,5,-inf,,-11.189224,-inf,-inf
1048576,1048640,2097280,0.106,222311,40,80,13108,32,6,-inf,,-13.427067,-inf,-inf
1048576,1048640,2097280,0.106,222311,40,80,13108,32,7,-inf,,-15.664909,-inf,-inf
1048576,1048640,2097280,0.106,222311,40,80,13108,32,8,-inf,,-17.902750,-inf,-inf
1048576,1048640,2097280,0.106,222311,40,80,13108,32,9,-inf,,-20.140591,-inf,-inf
1048576,1048640,2097280,0.106,222311,40,80,13108,32,10,-inf,,-22.378431,-inf,-inf
1048576,1048640,2097280,0.106,222311,40,80,13108,32,11,-inf,,-24.616270,-inf,-inf
1048576,1048640,2097280,0.106,222311,40,80,13108,32,12,-inf,,-26.854109,-inf,-inf
1048576,1048640,2097280,0.106,222311,40,80,13108,32,13,-inf,,-29.091946,-inf,-inf
1048576,1048640,2097280,0.106,222311,40,80,13108,32,14,-inf,,-31.329784,-inf,-inf
1048576,1048640,2097280,0.106,222311,40,80,13108,32,15,-inf,,-33.567620,-inf,-inf
1048576,1048640,2097280,0.106,222311,40,80,13108,32,16,-inf,,-35.805456,-inf,-inf
1048576,1048640,2097280,0.106,222311,40,80,13108,32,17,-inf,,-38.043291,-inf,-inf
1048576,1048640,2097280,0.106,222311,40,80,13108,32,18,-inf,,-40.281125,-inf,-inf
1048576,1048640,2097280,0.106,222311,40,80,13108,32,19,-inf,,-42.518958,-inf,-inf
1048576,1048640,2097280,0.106,222311,40,80,13108,32,20,-inf,,-44.756791,-inf,-inf
1048576,1048640,2097280,0.106,222311,40,80,13108,32,21,-inf,,-46.994623,-inf,-inf
1048576,1048640,2097280,0.106,222311,40,80,13108,32,22,-inf,,-49.232455,-inf,-inf
1048576,1048640,2097280,0.106,222311,40,80,13108,32,23,-inf,,-51.470285,-inf,-inf
1048576,1048640,2097280,0.106,222311,40,80,13108,32,24,-inf,,-53.708115,-inf,-inf
1048576,1048640,2097280,0.106,222311,40,80,13108,32,25,-inf,,-55.945944,-inf,-inf
1048576,1048640,2097280,0.106,222311,40,80,13108,32,26,-inf,,-58.183773,-inf,-inf
1048576,1048640,2097280,0.106,222311,40,80,13108,32,27,-inf,,-60.421601,-inf,-inf
1048576,1048640,2097280,0.106,222311,40,80,13108,32,28,-inf,,-62.659428,-inf,-inf
1048576,1048640,2097280,0.106,222311,40,80,13108,32,29,-inf,,-64.897254,-inf,-inf
1048576,1048640,2097280,0.106,222311,40,80,13108,32,30,-inf,,-67.135080,-inf,-inf
1048576,1048640,2097280,0.106,222311,40,80,13108,32,31,-inf,,-69.372905,-inf,-inf
1048576,1048640,2097280,0.106,222311,40,80,13108,32,32,46.944931,0.173712159159,-71.610729,-24.665798,-24.665798
1048576,1048640,2097280,0.106,222311,40,80,13108,32,33,49.470160,0.173712159159,-73.848553,-24.378392,-23.514950
1048576,1048640,2097280,0.106,222311,40,80,13108,32,34,51.990223,0.192539805332,-76.086375,-24.096152,-22.776479
1048576,1048640,2097280,0.106,222311,40,80,13108,32,35,54.233790,0.236538124161,-78.324197,-24.090407,-22.288762
1048576,1048640,2097280,0.106,222311,40,80,13108,32,36,56.278380,0.262175109676,-80.562019,-24.283639,-21.965808
1048576,1048640,2097280,0.106,222311,40,80,13108,32,37,58.209777,0.262175109676,-82.799839,-24.590062,-21.748963
1048576,1048640,2097280,0.106,222311,40,80,13108,32,38,60.001542,0.290590738289,-85.037659,-25.036117,-21.608264
1048576,1048640,2097280,0.106,222311,40,80,13108,32,39,61.784482,0.290590738289,-87.275478,-25.490997,-21.513632
1048576,1048640,2097280,0.106,222311,40,80,13108,32,40,63.567421,0.290590738289,-89.513297,-25.945876,-21.448309
1048576,1048640,2097280,0.106,222311,40,80,13108,32,41,65.204337,0.322086170895,-91.751114,-26.546778,-21.406802
1048576,1048640,2097280,0.106,222311,40,80,13108,32,42,66.838818,0.322086170895,-93.988931,-27.150113,-21.380119
1048576,1048640,2097280,0.106,222311,40,80,13108,32,43,68.473299,0.322086170895,-96.226747,-27.753448,-21.362821
1048576,1048640,2097280,0.106,222311,40,80,13108,32,44,70.107781,0.322086170895,-98.464563,-28.356782,-21.351546
1048576,1048640,2097280,0.106,222311,40,80,13108,32,45,71.742262,0.322086170895,-100.702377,-28.960115,-21.344173
1048576,1048640,2097280,0.106,222311,40,80,13108,32,46,73.376743,0.322086170895,-102.940191,-29.563448,-21.339340
1048576,1048640,2097280,0.106,222311,40,80,13108,32,47,75.011225,0.322086170895,-105.178005,-30.166780,-21.336168
1048576,1048640,2097280,0.106,222311,40,80,13108,32,48,76.645706,0.322086170895,-107.415817,-30.770111,-21.334084
1048576,1048640,2097280,0.106,222311,40,80,13108,32,49,78.280188,0.322086170895,-109.653629,-31.373441,-21.332713
1048576,1048640,2097280,0.106,222311,40,80,13108,32,50,79.914669,0.322086170895,-111.891440,-31.976771,-21.331812
1048576,1048640,2097280,0.106,222311,40,80,13108,32,51,81.549150,0.322086170895,-114.129250,-32.580100,-21.331219
1048576,1048640,2097280,0.106,222311,40,80,13108,32,52,83.183632,0.322086170895,-116.367059,-33.183428,-21.330829
1048576,1048640,2097280,0.106,222311,40,80,13108,32,53,84.818113,0.322086170895,-118.604868,-33.786755,-21.330572
1048576,1048640,2097280,0.106,222311,40,80,13108,32,54,86.452594,0.322086170895,-120.842676,-34.390081,-21.330403
1048576,1048640,2097280,0.106,222311,40,80,13108,32,55,88.087076,0.322086170895,-123.080483,-34.993407,-21.330292
1048576,1048640,2097280,0.106,222311,40,80,13108,32,56,89.721557,0.322086170895,-125.318289,-35.596732,-21.330219
1048576,1048640,2097280,0.106,222311,40,80,13108,32,57,91.356039,0.322086170895,-127.556094,-36.200056,-21.330171
1048576,1048640,2097280,0.106,222311,40,80,13108,32,58,92.990520,0.322086170895,-129.793899,-36.803379,-21.330139
1048576,1048640,2097280,0.106,222311,40,80,13108,32,59,94.625001,0.322086170895,-132.031702,-37.406701,-21.330118
1048576,1048640,2097280,0.106,222311,40,80,13108,32,60,96.259483,0.322086170895,-134.269505,-38.010023,-21.330104
1048576,1048640,2097280,0.106,222311,40,80,13108,32,61,97.893964,0.322086170895,-136.507307,-38.613343,-21.330095
1048576,1048640,2097280,0.106,222311,40,80,13108,32,62,99.528445,0.322086170895,-138.745108,-39.216663,-21.330089
1048576,1048640,2097280,0.106,222311,40,80,13108,32,63,101.162927,0.322086170895,-140.982909,-39.819982,-21.330085
1048576,1048640,2097280,0.106,222311,40,80,13108,32,64,102.797408,0.322086170895,-143.220708,-40.423300,-21.330083
1048576,1048640,2097280,0.106,222311,40,80,13108,32,65,104.431890,0.322086170895,-145.458506,-41.026617,-21.330081
1048576,1048640,2097280,0.106,222311,40,80,13108,32,66,106.066371,0.322086170895,-147.696303,-41.629932,-21.330080
1048576,1048640,2097280,0.106,222311,40,80,13108,32,67,107.700852,0.322086170895,-149.934100,-42.233247,-21.330079
1048576,1048640,2097280,0.106,222311,40,80,13108,32,68,109.335334,0.322086170895,-152.171895,-42.836561,-21.330079
1048576,1048640,2097280,0.106,222311,40,80,13108,32,69,110.969815,0.322086170895,-154.409689,-43.439874,-21.330079
1048576,1048640,2097280,0.106,222311,40,80,13108,32,70,112.604296,0.322086170895,-156.647482,-44.043185,-21.330078
1048576,1048640,2097280,0.106,222311,40,80,13108,32,71,114.238778,0.322086170895,-158.885274,-44.646496,-21.330078
1048576,1048640,2097280,0.106,222311,40,80,13108,32,72,115.873259,0.322086170895,-161.123064,-45.249805,-21.330078
1048576,1048640,2097280,0.106,222311,40,80,13108,32,73,117.507741,0.322086170895,-163.360853,-45.853112,-21.330078
1048576,1048640,2097280,0.106,222311,40,80,13108,32,74,119.142222,0.322086170895,-165.598641,-46.456419,-21.330078
1048576,1048640,2097280,0.106,222311,40,80,13108,32,75,120.776703,0.322086170895,-167.836427,-47.059724,-21.330078
1048576,1048640,2097280,0.106,222311,40,80,13108,32,76,122.411185,0.322086170895,-170.074211,-47.663027,-21.330078
1048576,1048640,2097280,0.106,222311,40,80,13108,32,77,124.045666,0.322086170895,-172.311994,-48.266328,-21.330078
1048576,1048640,2097280,0.106,222311,40,80,13108,32,78,125.680147,0.322086170895,-174.549775,-48.869628,-21.330078
1048576,1048640,2097280,0.106,222311,40,80,13108,32,79,127.314629,0.322086170895,-176.787554,-49.472926,-21.330078
1048576,1048640,2097280,0.106,222311,40,80,13108,32,80,128.949110,0.322086170895,-179.025331,-50.076221,-21.330078
1048576,1048640,2097280,0.106,222311,40,80,13108,32,81,130.583592,0.322086170895,-181.263106,-50.679514,-21.330078
1048576,1048640,2097280,0.106,222311,40,80,13108,32,82,132.218073,0.322086170895,-183.500878,-51.282805,-21.330078
1048576,1048640,2097280,0.106,222311,40,80,13108,32,83,133.852554,0.322086170895,-185.738648,-51.886093,-21.330078
1048576,1048640,2097280,0.106,222311,40,80,13108,32,84,135.487036,0.322086170895,-187.976414,-52.489378,-21.330078
1048576,1048640,2097280,0.106,222311,40,80,13108,32,85,137.121517,0.322086170895,-190.214177,-53.092660,-21.330078
1048576,1048640,2097280,0.106,222311,40,80,13108,32,86,138.755998,0.322086170895,-192.451937,-53.695939,-21.330078
1048576,1048640,2097280,0.106,222311,40,80,13108,32,87,140.390480,0.322086170895,-194.689693,-54.299213,-21.330078
1048576,1048640,2097280,0.106,222311,40,80,13108,32,88,142.024961,0.322086170895,-196.927445,-54.902484,-21.330078
1048576,1048640,2097280,0.106,222311,40,80,13108,32,89,143.659443,0.322086170895,-199.165192,-55.505749,-21.330078
1048576,1048640,2097280,0.106,222311,40,80,13108,32,90,145.293924,0.322086170895,-201.402934,-56.109010,-21.330078
1048576,1048640,2097280,0.106,222311,40,80,13108,32,91,146.928405,0.322086170895,-203.640670,-56.712265,-21.330078
1048576,1048640,2097280,0.106,222311,40,80,13108,32,92,148.562887,0.322086170895,-205.878400,-57.315513,-21.330078
1048576,1048640,2097280,0.106,222311,40,80,13108,32,93,150.197368,0.322086170895,-208.116123,-57.918755,-21.330078
1048576,1048640,2097280,0.106,222311,40,80,13108,32,94,151.831849,0.322086170895,-210.353838,-58.521988,-21.330078
1048576,1048640,2097280,0.106,222311,40,80,13108,32,95,153.466331,0.322086170895,-212.591544,-59.125213,-21.330078
1048576,1048640,2097280,0.106,222311,40,80,13108,32,96,155.100812,0.322086170895,-214.829241,-59.728429,-21.330078
1048576,1048640,2097280,0.106,222311,40,80,13108,32,97,156.735294,0.322086170895,-217.066928,-60.331634,-21.330078
1048576,1048640,2097280,0.106,222311,40,80,13108,32,98,158.369775,0.322086170895,-219.304602,-60.934827,-21.330078
1048576,1048640,2097280,0.106,222311,40,80,13108,32,99,160.004256,0.322086170895,-221.542264,-61.538008,-21.330078
1048576,1048640,2097280,0.106,222311,40,80,13108,32,100,161.638738,0.322086170895,-223.779911,-62.141173,-21.330078
1048576,1048640,2097280,0.106,222311,40,80,13108,32,101,163.273219,0.322086170895,-226.017541,-62.744322,-21.330078
1048576,1048640,2097280,0.106,222311,40,80,13108,32,102,164.907700,0.322086170895,-228.255154,-63.347453,-21.330078
1048576,1048640,2097280,0.106,222311,40,80,13108,32,103,166.542182,0.322086170895,-230.492746,-63.950564,-21.330078
1048576,1048640,2097280,0.106,222311,40,80,13108,32,104,168.176663,0.322086170895,-232.730316,-64.553652,-21.330078
1048576,1048640,2097280,0.106,222311,40,80,13108,32,105,169.811145,0.322086170895,-234.967860,-65.156715,-21.330078
1048576,1048640,2097280,0.106,222311,40,80,13108,32,106,171.445626,0.322086170895,-237.205376,-65.759750,-21.330078
1048576,1048640,2097280,0.106,222311,40,80,13108,32,107,173.080107,0.322086170895,-239.442861,-66.362754,-21.330078
1048576,1048640,2097280,0.106,222311,40,80,13108,32,108,174.714589,0.322086170895,-241.680311,-66.965722,-21.330078
1048576,1048640,2097280,0.106,222311,40,80,13108,32,109,176.349070,0.322086170895,-243.917722,-67.568652,-21.330078
1048576,1048640,2097280,0.106,222311,40,80,13108,32,110,177.983551,0.322086170895,-246.155089,-68.171538,-21.330078
1048576,1048640,2097280,0.106,222311,40,80,13108,32,111,179.618033,0.322086170895,-248.392408,-68.774375,-21.330078
1048576,1048640,2097280,0.106,222311,40,80,13108,32,112,181.252514,0.322086170895,-250.629672,-69.377157,-21.330078
1048576,1048640,2097280,0.106,222311,40,80,13108,32,113,182.886996,0.322086170895,-252.866875,-69.979879,-21.330078
1048576,1048640,2097280,0.106,222311,40,80,13108,32,114,184.521477,0.322086170895,-255.104010,-70.582533,-21.330078
1048576,1048640,2097280,0.106,222311,40,80,13108,32,115,186.155958,0.322086170895,-257.341070,-71.185112,-21.330078
1048576,1048640,2097280,0.106,222311,40,80,13108,32,116,187.790440,0.322086170895,-259.578045,-71.787606,-21.330078
1048576,1048640,2097280,0.106,222311,40,80,13108,32,117,189.424921,0.322086170895,-261.814926,-72.390005,-21.330078
1048576,1048640,2097280,0.106,222311,40,80,13108,32,118,191.059402,0.322086170895,-264.051702,-72.992300,-21.330078
1048576,1048640,2097280,0.106,222311,40,80,13108,32,119,192.693884,0.322086170895,-266.288360,-73.594477,-21.330078
1048576,1048640,2097280,0.106,222311,40,80,13108,32,120,194.328365,0.322086170895,-268.524888,-74.196523,-21.330078
1048576,1048640,2097280,0.106,222311,40,80,13108,32,121,195.962847,0.322086170895,-270.761269,-74.798423,-21.330078
1048576,1048640,2097280,0.106,222311,40,80,13108,32,122,197.597328,0.322086170895,-272.997488,-75.400160,-21.330078
1048576,1048640,2097280,0.106,222311,40,80,13108,32,123,199.231809,0.322086170895,-275.233525,-76.001715,-21.330078
1048576,1048640,2097280,0.106,222311,40,80,13108,32,124,200.866291,0.322086170895,-277.469359,-76.603068,-21.330078
1048576,1048640,2097280,0.106,222311,40,80,13108,32,125,202.500772,0.322086170895,-279.704968,-77.204196,-21.330078
1048576,1048640,2097280,0.106,222311,40,80,13108,32,126,204.135254,0.322086170895,-281.940327,-77.805073,-21.330078
1048576,1048640,2097280,0.106,222311,40,80,13108,32,127,205.769735,0.322086170895,-284.175406,-78.405671,-21.330078
1048576,1048640,2097280,0.106,222311,40,80,13108,32,128,207.404216,0.322086170895,-286.410174,-79.005958,-21.330078
1048576,1048640,2097280,0.106,222311,40,80,13108,32,129,209.038698,0.322086170895,-288.644596,-79.605899,-21.330078
1048576,1048640,2097280,0.106,222311,40,80,13108,32,130,210.673179,0.322086170895,-290.878635,-80.205456,-21.330078
1048576,1048640,2097280,0.106,222311,40,80,13108,32,131,212.307660,0.322086170895,-293.112246,-80.804586,-21.330078
1048576,1048640,2097280,0.106,222311,40,80,13108,32,132,213.942142,0.322086170895,-295.345384,-81.403243,-21.330078
1048576,1048640,2097280,0.106,222311,40,80,13108,32,133,215.576623,0.322086170895,-297.577997,-82.001374,-21.330078
1048576,1048640,2097280,0.106,222311,40,80,13108,32,134,217.211105,0.322086170895,-299.810027,-82.598923,-21.330078
1048576,1048640,2097280,0.106,222311,40,80,13108,32,135,218.845586,0.322086170895,-302.041413,-83.195827,-21.330078
1048576,1048640,2097280,0.106,222311,40,80,13108,32,136,220.480067,0.322086170895,-304.272084,-83.792017,-21.330078
1048576,1048640,2097280,0.106,222311,40,80,13108,32,137,222.114549,0.322086170895,-306.501968,-84.387419,-21.330078
1048576,1048640,2097280,0.106,222311,40,80,13108,32,138,223.749030,0.322086170895,-308.730981,-84.981951,-21.330078
1048576,1048640,2097280,0.106,222311,40,80,13108,32,139,225.383511,0.322086170895,-310.959035,-85.575524,-21.330078
1048576,1048640,2097280,0.106,222311,40,80,13108,32,140,227.017993,0.322086170895,-313.186033,-86.168040,-21.330078
1048576,1048640,2097280,0.106,222311,40,80,13108,32,141,228.652474,0.322086170895,-315.411870,-86.759395,-21.330078
1048576,1048640,2097280,0.106,222311,40,80,13108,32,142,230.286956,0.322086170895,-317.636433,-87.349477,-21.330078
1048576,1048640,2097280,0.106,222311,40,80,13108,32,143,231.921437,0.322086170895,-319.859600,-87.938164,-21.330078
1048576,1048640,2097280,0.106,222311,40,80,13108,32,144,233.555918,0.322086170895,-322.081243,-88.525325,-21.330078
1048576,1048640,2097280,0.106,222311,40,80,13108,32,145,235.190400,0.322086170895,-324.301223,-89.110823,-21.330078
1048576,1048640,2097280,0.106,222311,40,80,13108,32,146,236.824881,0.322086170895,-326.519393,-89.694512,-21.330078
1048576,1048640,2097280,0.106,222311,40,80,13108,32,147,238.459362,0.322086170895,-328.735598,-90.276236,-21.330078
1048576,1048640,2097280,0.106,222311,40,80,13108,32,148,240.093844,0.322086170895,-330.949679,-90.855835,-21.330078
1048576,1048640,2097280,0.106,222311,40,80,13108,32,149,241.728325,0.322086170895,-333.161466,-91.433140,-21.330078
1048576,1048640,2097280,0.106,222311,40,80,13108,32,150,243.362807,0.322086170895,-335.370786,-92.007980,-21.330078
1048576,1048640,2097280,0.106,222311,40,80,13108,32,151,244.997288,0.322086170895,-337.577464,-92.580176,-21.330078
1048576,1048640,2097280,0.106,222311,40,80,13108,32,152,246.631769,0.322086170895,-339.781320,-93.149550,-21.330078
1048576,1048640,2097280,0.106,222311,40,80,13108,32,153,248.266251,0.322086170895,-341.982175,-93.715924,-21.330078
1048576,1048640,2097280,0.106,222311,40,80,13108,32,154,249.900732,0.322086170895,-344.179852,-94.279120,-21.330078
1048576,1048640,2097280,0.106,222311,40,80,13108,32,155,251.535213,0.322086170895,-346.374180,-94.838967,-21.330078
1048576,1048640,2097280,0.106,222311,40,80,13108,32,156,253.169695,0.322086170895,-348.564994,-95.395300,-21.330078
1048576,1048640,2097280,0.106,222311,40,80,13108,32,157,254.804176,0.322086170895,-350.752140,-95.947964,-21.330078
1048576,1048640,2097280,0.106,222311,40,80,13108,32,158,256.438658,0.322086170895,-352.935475,-96.496817,-21.330078
1048576,1048640,2097280,0.106,222311,40,80,13108,32,159,258.073139,0.322086170895,-355.114874,-97.041735,-21.330078
1048576,1048640,2097280,0.106,222311,40,80,13108,32,160,259.707620,0.322086170895,-357.290229,-97.582609,-21.330078
1048576,1048640,2097280,0.106,222311,40,80,13108,33,1,-inf,,-2.237846,-inf,-inf
1048576,1048640,2097280,0.106,222311,40,80,13108,33,2,-inf,,-4.475692,-inf,-inf
1048576,1048640,2097280,0.106,222311,40,80,13108,33,3,-inf,,-6.713537,-inf,-inf
1048576,1048640,2097280,0.106,222311,40,80,13108,33,4,-inf,,-8.951381,-inf,-inf
1048576,1048640,2097280,0.106,222311,40,80,13108,33,5,-inf,,-11.189224,-inf,-inf
1048576,1048640,2097280,0.106,222311,40,80,13108,33,6,-inf,,-13.427067,-inf,-inf
1048576,1048640,2097280,0.106,222311,40,80,13108,33,7,-inf,,-15.664909,-inf,-inf
1048576,1048640,2097280,0.106,222311,40,80,13108,33,8,-inf,,-17.902750,-inf,-inf
1048576,1048640,2097280,0.106,222311,40,80,13108,33,9,-inf,,-20.140591,-inf,-inf
1048576,1048640,2097280,0.106,222311,40,80,13108,33,10,-inf,,-22.378431,-inf,-inf
1048576,1048640,2097280,0.106,222311,40,80,13108,33,11,-inf,,-24.616270,-inf,-inf
1048576,1048640,2097280,0.106,222311,40,80,13108,33,12,-inf,,-26.854109,-inf,-inf
1048576,1048640,2097280,0.106,222311,40,80,13108,33,13,-inf,,-29.091946,-inf,-inf
1048576,1048640,2097280,0.106,222311,40,80,13108,33,14,-inf,,-31.329784,-inf,-inf
1048576,1048640,2097280,0.106,222311,40,80,13108,33,15,-inf,,-33.567620,-inf,-inf
1048576,1048640,2097280,0.106,222311,40,80,13108,33,16,-inf,,-35.805456,-inf,-inf
1048576,1048640,2097280,0.106,222311,40,80,13108,33,17,-inf,,-38.043291,-inf,-inf
1048576,1048640,2097280,0.106,222311,40,80,13108,33,18,-inf,,-40.281125,-inf,-inf
1048576,1048640,2097280,0.106,222311,40,80,13108,33,19,-inf,,-42.518958,-inf,-inf
1048576,1048640,2097280,0.106,222311,40,80,13108,33,20,-inf,,-44.756791,-inf,-inf
1048576,1048640,2097280,0.106,222311,40,80,13108,33,21,-inf,,-46.994623,-inf,-inf
1048576,1048640,2097280,0.106,222311,40,80,13108,33,22,-inf,,-49.232455,-inf,-inf
1048576,1048640,2097280,0.106,222311,40,80,13108,33,23,-inf,,-51.470285,-inf,-inf
1048576,1048640,2097280,0.106,222311,40,80,13108,33,24,-inf,,-53.708115,-inf,-inf
1048576,1048640,2097280,0.106,222311,40,80,13108,33,25,-inf,,-55.945944,-inf,-inf
1048576,1048640,2097280,0.106,222311,40,80,13108,33,26,-inf,,-58.183773,-inf,-inf
1048576,1048640,2097280,0.106,222311,40,80,13108,33,27,-inf,,-60.421601,-inf,-inf
1048576,1048640,2097280,0.106,222311,40,80,13108,33,28,-inf,,-62.659428,-inf,-inf
1048576,1048640,2097280,0.106,222311,40,80,13108,33,29,-inf,,-64.897254,-inf,-inf
1048576,1048640,2097280,0.106,222311,40,80,13108,33,30,-inf,,-67.135080,-inf,-inf
1048576,1048640,2097280,0.106,222311,40,80,13108,33,31,-inf,,-69.372905,-inf,-inf
1048576,1048640,2097280,0.106,222311,40,80,13108,33,32,-inf,,-71.610729,-inf,-inf
1048576,1048640,2097280,0.106,222311,40,80,13108,33,33,48.818084,0.173712159159,-73.848553,-25.030469,-25.030469
1048576,1048640,2097280,0.106,222311,40,80,13108,33,34,51.343313,0.173712159159,-76.086375,-24.743062,-23.879620
1048576,1048640,2097280,0.106,222311,40,80,13108,33,35,53.845297,0.192539805332,-78.324197,-24.478900,-23.148365
1048576,1048640,2097280,0.106,222311,40,80,13108,33,36,56.027861,0.236538124161,-80.562019,-24.534158,-22.680898
1048576,1048640,2097280,0.106,222311,40,80,13108,33,37,58.022025,0.262175109676,-82.799839,-24.777814,-22.377840
1048576,1048640,2097280,0.106,222311,40,80,13108,33,38,59.892465,0.290590738289,-85.037659,-25.145194,-22.180133
1048576,1048640,2097280,0.106,222311,40,80,13108,33,39,61.675404,0.290590738289,-87.275478,-25.600074,-22.051270
1048576,1048640,2097280,0.106,222311,40,80,13108,33,40,63.458343,0.290590738289,-89.513297,-26.054953,-21.964024
1048576,1048640,2097280,0.106,222311,40,80,13108,33,41,65.144462,0.322086170895,-91.751114,-26.606652,-21.907393
1048576,1048640,2097280,0.106,222311,40,80,13108,33,42,66.778944,0.322086170895,-93.988931,-27.209987,-21.871294
1048576,1048640,2097280,0.106,222311,40,80,13108,33,43,68.413425,0.322086170895,-96.226747,-27.813322,-21.848017
1048576,1048640,2097280,0.106,222311,40,80,13108,33,44,70.047906,0.322086170895,-98.464563,-28.416656,-21.832897
1048576,1048640,2097280,0.106,222311,40,80,13108,33,45,71.682388,0.322086170895,-100.702377,-29.019990,-21.823031
1048576,1048640,2097280,0.106,222311,40,80,13108,33,46,73.316869,0.322086170895,-102.940191,-29.623322,-21.816573
1048576,1048640,2097280,0.106,222311,40,80,13108,33,47,74.951351,0.322086170895,-105.178005,-30.226654,-21.812338
1048576,1048640,2097280,0.106,222311,40,80,13108,33,48,76.585832,0.322086170895,-107.415817,-30.829985,-21.809557
1048576,1048640,2097280,0.106,222311,40,80,13108,33,49,78.220313,0.322086170895,-109.653629,-31.433315,-21.807730
1048576,1048640,2097280,0.106,222311,40,80,13108,33,50,79.854795,0.322086170895,-111.891440,-32.036645,-21.806528
1048576,1048640,2097280,0.106,222311,40,80,13108,33,51,81.489276,0.322086170895,-114.129250,-32.639974,-21.805738
1048576,1048640,2097280,0.106,222311,40,80,13108,33,52,83.123758,0.322086170895,-116.367059,-33.243302,-21.805218
1048576,1048640,2097280,0.106,222311,40,80,13108,33,53,84.758239,0.322086170895,-118.604868,-33.846629,-21.804875
1048576,1048640,2097280,0.106,222311,40,80,13108,33,54,86.392720,0.322086170895,-120.842676,-34.449955,-21.804650
1048576,1048640,2097280,0.106,222311,40,80,13108,33,55,88.027202,0.322086170895,-123.080483,-35.053281,-21.804502
1048576,1048640,2097280,0.106,222311,40,80,13108,33,56,89.661683,0.322086170895,-125.318289,-35.656606,-21.804404
1048576,1048640,2097280,0.106,222311,40,80,13108,33,57,91.296164,0.322086170895,-127.556094,-36.259930,-21.804340
1048576,1048640,2097280,0.106,222311,40,80,13108,33,58,92.930646,0.322086170895,-129.793899,-36.863253,-21.804298
1048576,1048640,2097280,0.106,222311,40,80,13108,33,59,94.565127,0.322086170895,-132.031702,-37.466575,-21.804270
1048576,1048640,2097280,0.106,222311,40,80,13108,33,60,96.199609,0.322086170895,-134.269505,-38.069897,-21.804252
1048576,1048640,2097280,0.106,222311,40,80,13108,33,61,97.834090,0.322086170895,-136.507307,-38.673217,-21.804240
1048576,1048640,2097280,0.106,222311,40,80,13108,33,62,99.468571,0.322086170895,-138.745108,-39.276537,-21.804232
1048576,1048640,2097280,0.106,222311,40,80,13108,33,63,101.103053,0.322086170895,-140.982909,-39.879856,-21.804226
1048576,1048640,2097280,0.106,222311,40,80,13108,33,64,102.737534,0.322086170895,-143.220708,-40.483174,-21.804223
1048576,1048640,2097280,0.106,222311,40,80,13108,33,65,104.372015,0.322086170895,-145.458506,-41.086491,-21.804221
1048576,1048640,2097280,0.106,222311,40,80,13108,33,66,106.006497,0.322086170895,-147.696303,-41.689807,-21.804219
1048576,1048640,2097280,0.106,222311,40,80,13108,33,67,107.640978,0.322086170895,-149.934100,-42.293122,-21.804218
1048576,1048640,2097280,0.106,222311,40,80,13108,33,68,109.275460,0.322086170895,-152.171895,-42.896435,-21.804218
1048576,1048640,2097280,0.106,222311,40,80,13108,33,69,110.909941,0.322086170895,-154.409689,-43.499748,-21.804217
1048576,1048640,2097280,0.106,222311,40,80,13108,33,70,112.544422,0.322086170895,-156.647482,-44.103060,-21.804217
1048576,1048640,2097280,0.106,222311,40,80,13108,33,71,114.178904,0.322086170895,-158.885274,-44.706370,-21.804217
1048576,1048640,2097280,0.106,222311,40,80,13108,33,72,115.813385,0.322086170895,-161.123064,-45.309679,-21.804217
1048576,1048640,2097280,0.106,222311,40,80,13108,33,73,117.447866,0.322086170895,-163.360853,-45.912987,-21.804217
1048576,1048640,2097280,0.106,222311,40,80,13108,33,74,119.082348,0.322086170895,-165.598641,-46.516293,-21.804217
1048576,1048640,2097280,0.106,222311,40,80,13108,33,75,120.716829,0.322086170895,-167.836427,-47.119598,-21.804216
1048576,1048640,2097280,0.106,222311,40,80,13108,33,76,122.351311,0.322086170895,-170.074211,-47.722901,-21.804216
1048576,1048640,2097280,0.106,222311,40,80,13108,33,77,123.985792,0.322086170895,-172.311994,-48.326202,-21.804216
1048576,1048640,2097280,0.106,222311,40,80,13108,33,78,125.620273,0.322086170895,-174.549775,-48.929502,-21.804216
1048576,1048640,2097280,0.106,222311,40,80,13108,33,79,127.254755,0.322086170895,-176.787554,-49.532800,-21.804216
1048576,1048640,2097280,0.106,222311,40,80,13108,33,80,128.889236,0.322086170895,-179.025331,-50.136095,-21.804216
1048576,1048640,2097280,0.106,222311,40,80,13108,33,81,130.523717,0.322086170895,-181.263106,-50.739389,-21.804216
1048576,1048640,2097280,0.106,222311,40,80,13108,33,82,132.158199,0.322086170895,-183.500878,-51.342679,-21.804216
1048576,1048640,2097280,0.106,222311,40,80,13108,33,83,133.792680,0.322086170895,-185.738648,-51.945967,-21.804216
1048576,1048640,2097280,0.106,222311,40,80,13108,33,84,135.427162,0.322086170895,-187.976414,-52.549253,-21.804216
1048576,1048640,2097280,0.106,222311,40,80,13108,33,85,137.061643,0.322086170895,-190.214177,-53.152535,-21.804216
1048576,1048640,2097280,0.106,222311,40,80,13108,33,86,138.696124,0.322086170895,-192.451937,-53.755813,-21.804216
1048576,1048640,2097280,0.106,222311,40,80,13108,33,87,140.330606,0.322086170895,-194.689693,-54.359088,-21.804216
1048576,1048640,2097280,0.106,222311,40,80,13108,33,88,141.965087,0.322086170895,-196.927445,-54.962358,-21.804216
1048576,1048640,2097280,0.106,222311,40,80,13108,33,89,143.599568,0.322086170895,-199.165192,-55.565623,-21.804216
1048576,1048640,2097280,0.106,222311,40,80,13108,33,90,145.234050,0.322086170895,-201.402934,-56.168884,-21.804216
1048576,1048640,2097280,0.106,222311,40,80,13108,33,91,146.868531,0.322086170895,-203.640670,-56.772139,-21.804216
1048576,1048640,2097280,0.106,222311,40,80,13108,33,92,148.503013,0.322086170895,-205.878400,-57.375387,-21.804216
1048576,1048640,2097280,0.106,222311,40,80,13108,33,93,150.137494,0.322086170895,-208.116123,-57.978629,-21.804216
1048576,1048640,2097280,0.106,222311,40,80,13108,33,94,151.771975,0.322086170895,-210.353838,-58.581862,-21.804216
1048576,1048640,2097280,0.106,222311,40,80,13108,33,95,153.406457,0.322086170895,-212.591544,-59.185088,-21.804216
1048576,1048640,2097280,0.106,222311,40,80,13108,33,96,155.040938,0.322086170895,-214.829241,-59.788303,-21.804216
1048576,1048640,2097280,0.106,222311,40,80,13108,33,97,156.675419,0.322086170895,-217.066928,-60.391508,-21.804216
1048576,1048640,2097280,0.106,222311,40,80,13108,33,98,158.309901,0.322086170895,-219.304602,-60.994702,-21.804216
1048576,1048640,2097280,0.106,222311,40,80,13108,33,99,159.944382,0.322086170895,-221.542264,-61.597882,-21.804216
1048576,1048640,2097280,0.106,222311,40,80,13108,33,100,161.578864,0.322086170895,-223.779911,-62.201047,-21.804216
1048576,1048640,2097280,0.106,222311,40,80,13108,33,101,163.213345,0.322086170895,-226.017541,-62.804196,-21.804216
1048576,1048640,2097280,0.106,222311,40,80,13108,33,102,164.847826,0.322086170895,-228.255154,-63.407327,-21.804216
1048576,1048640,2097280,0.106,222311,40,80,13108,33,103,166.482308,0.322086170895,-230.492746,-64.010438,-21.804216
1048576,1048640,2097280,0.106,222311,40,80,13108,33,104,168.116789,0.322086170895,-232.730316,-64.613527,-21.804216
1048576,1048640,2097280,0.106,222311,40,80,13108,33,105,169.751270,0.322086170895,-234.967860,-65.216590,-21.804216
1048576,1048640,2097280,0.106,222311,40,80,13108,33,106,171.385752,0.322086170895,-237.205376,-65.819625,-21.804216
1048576,1048640,2097280,0.106,222311,40,80,13108,33,107,173.020233,0.322086170895,-239.442861,-66.422628,-21.804216
1048576,1048640,2097280,0.106,222311,40,80,13108,33,108,174.654715,0.322086170895,-241.680311,-67.025597,-21.804216
1048576,1048640,2097280,0.106,222311,40,80,13108,33,109,176.289196,0.322086170895,-243.917722,-67.628526,-21.804216
1048576,1048640,2097280,0.106,222311,40,80,13108,33,110,177.923677,0.322086170895,-246.155089,-68.231412,-21.804216
1048576,1048640,2097280,0.106,222311,40,80,13108,33,111,179.558159,0.322086170895,-248.392408,-68.834249,-21.804216
1048576,1048640,2097280,0.106,222311,40,80,13108,33,112,181.192640,0.322086170895,-250.629672,-69.437031,-21.804216
1048576,1048640,2097280,0.106,222311,40,80,13108,33,113,182.827121,0.322086170895,-252.866875,-70.039753,-21.804216
1048576,1048640,2097280,0.106,222311,40,80,13108,33,114,184.461603,0.322086170895,-255.104010,-70.642408,-21.804216
1048576,1048640,2097280,0.106,222311,40,80,13108,33,115,186.096084,0.322086170895,-257.341070,-71.244986,-21.804216
1048576,1048640,2097280,0.106,222311,40,80,13108,33,116,187.730566,0.322086170895,-259.578045,-71.847480,-21.804216
1048576,1048640,2097280,0.106,222311,40,80,13108,33,117,189.365047,0.322086170895,-261.814926,-72.449879,-21.804216
1048576,1048640,2097280,0.106,222311,40,80,13108,33,118,190.999528,0.322086170895,-264.051702,-73.052174,-21.804216
1048576,1048640,2097280,0.106,222311,40,80,13108,33,119,192.634010,0.322086170895,-266.288360,-73.654351,-21.804216
1048576,1048640,2097280,0.106,222311,40,80,13108,33,120,194.268491,0.322086170895,-268.524888,-74.256397,-21.804216
1048576,1048640,2097280,0.106,222311,40,80,13108,33,121,195.902972,0.322086170895,-270.761269,-74.858297,-21.804216
1048576,1048640,2097280,0.106,222311,40,80,13108,33,122,197.537454,0.322086170895,-272.997488,-75.460034,-21.804216
1048576,1048640,2097280,0.106,222311,40,80,13108,33,123,199.171935,0.322086170895,-275.233525,-76.061589,-21.804216
1048576,1048640,2097280,0.106,222311,40,80,13108,33,124,200.806417,0.322086170895,-277.469359,-76.662943,-21.804216
1048576,1048640,2097280,0.106,222311,40,80,13108,33,125,202.440898,0.322086170895,-279.704968,-77.264070,-21.804216
1048576,1048640,2097280,0.106,222311,40,80,13108,33,126,204.075379,0.322086170895,-281.940327,-77.864947,-21.804216
1048576,1048640,2097280,0.106,222311,40,80,13108,33,127,205.709861,0.322086170895,-284.175406,-78.465545,-21.804216
1048576,1048640,2097280,0.106,222311,40,80,13108,33,128,207.344342,0.322086170895,-286.410174,-79.065832,-21.804216
1048576,1048640,2097280,0.106,222311,40,80,13108,33,129,208.978823,0.322086170895,-288.644596,-79.665773,-21.804216
1048576,1048640,2097280,0.106,222311,40,80,13108,33,130,210.613305,0.322086170895,-290.878635,-80.265330,-21.804216
1048576,1048640,2097280,0.106,222311,40,80,13108,33,131,212.247786,0.322086170895,-293.112246,-80.864460,-21.804216
1048576,1048640,2097280,0.106,222311,40,80,13108,33,132,213.882268,0.322086170895,-295.345384,-81.463117,-21.804216
1048576,1048640,2097280,0.106,222311,40,80,13108,33,133,215.516749,0.322086170895,-297.577997,-82.061248,-21.804216
1048576,1048640,2097280,0.106,222311,40,80,13108,33,134,217.151230,0.322086170895,-299.810027,-82.658797,-21.804216
1048576,1048640,2097280,0.106,222311,40,80,13108,33,135,218.785712,0.322086170895,-302.041413,-83.255701,-21.804216
1048576,1048640,2097280,0.106,222311,40,80,13108,33,136,220.420193,0.322086170895,-304.272084,-83.851891,-21.804216
1048576,1048640,2097280,0.106,222311,40,80,13108,33,137,222.054675,0.322086170895,-306.501968,-84.447293,-21.804216
1048576,1048640,2097280,0.106,222311,40,80,13108,33,138,223.689156,0.322086170895,-308.730981,-85.041825,-21.804216
1048576,1048640,2097280,0.106,222311,40,80,13108,33,139,225.323637,0.322086170895,-310.959035,-85.635398,-21.804216
1048576,1048640,2097280,0.106,222311,40,80,13108,33,140,226.958119,0.322086170895,-313.186033,-86.227914,-21.804216
1048576,1048640,2097280,0.106,222311,40,80,13108,33,141,228.592600,0.322086170895,-315.411870,-86.819270,-21.804216
1048576,1048640,2097280,0.106,222311,40,80,13108,33,142,230.227081,0.322086170895,-317.636433,-87.409351,-21.804216
1048576,1048640,2097280,0.106,222311,40,80,13108,33,143,231.861563,0.322086170895,-319.859600,-87.998038,-21.804216
1048576,1048640,2097280,0.106,222311,40,80,13108,33,144,233.496044,0.322086170895,-322.081243,-88.585199,-21.804216
1048576,1048640,2097280,0.106,222311,40,80,13108,33,145,235.130526,0.322086170895,-324.301223,-89.170697,-21.804216
1048576,1048640,2097280,0.106,222311,40,80,13108,33,146,236.765007,0.322086170895,-326.519393,-89.754386,-21.804216
1048576,1048640,2097280,0.106,222311,40,80,13108,33,147,238.399488,0.322086170895,-328.735598,-90.336110,-21.804216
1048576,1048640,2097280,0.106,222311,40,80,13108,33,148,240.033970,0.322086170895,-330.949679,-90.915709,-21.804216
1048576,1048640,2097280,0.106,222311,40,80,13108,33,149,241.668451,0.322086170895,-333.161466,-91.493014,-21.804216
1048576,1048640,2097280,0.106,222311,40,80,13108,33,150,243.302932,0.322086170895,-335.370786,-92.067854,-21.804216
1048576,1048640,2097280,0.106,222311,40,80,13108,33,151,244.937414,0.322086170895,-337.577464,-92.640050,-21.804216
1048576,1048640,2097280,0.106,222311,40,80,13108,33,152,246.571895,0.322086170895,-339.781320,-93.209424,-21.804216
1048576,1048640,2097280,0.106,222311,40,80,13108,33,153,248.206377,0.322086170895,-341.982175,-93.775798,-21.804216
1048576,1048640,2097280,0.106,222311,40,80,13108,33,154,249.840858,0.322086170895,-344.179852,-94.338994,-21.804216
1048576,1048640,2097280,0.106,222311,40,80,13108,33,155,251.475339,0.322086170895,-346.374180,-94.898841,-21.804216
1048576,1048640,2097280,0.106,222311,40,80,13108,33,156,253.109821,0.322086170895,-348.564994,-95.455174,-21.804216
1048576,1048640,2097280,0.106,222311,40,80,13108,33,157,254.744302,0.322086170895,-350.752140,-96.007838,-21.804216
1048576,1048640,2097280,0.106,222311,40,80,13108,33,158,256.378783,0.322086170895,-352.935475,-96.556692,-21.804216
1048576,1048640,2097280,0.106,222311,40,80,13108,33,159,258.013265,0.322086170895,-355.114874,-97.101609,-21.804216
1048576,1048640,2097280,0.106,222311,40,80,13108,33,160,259.647746,0.322086170895,-357.290229,-97.642483,-21.804216
1048576,1048640,2097280,0.106,222311,40,80,13108,34,1,-inf,,-2.237846,-inf,-inf
1048576,1048640,2097280,0.106,222311,40,80,13108,34,2,-inf,,-4.475692,-inf,-inf
1048576,1048640,2097280,0.106,222311,40,80,13108,34,3,-inf,,-6.713537,-inf,-inf
1048576,1048640,2097280,0.106,222311,40,80,13108,34,4,-inf,,-8.951381,-inf,-inf
1048576,1048640,2097280,0.106,222311,40,80,13108,34,5,-inf,,-11.189224,-inf,-inf
1048576,1048640,2097280,0.106,222311,40,80,13108,34,6,-inf,,-13.427067,-inf,-inf
1048576,1048640,2097280,0.106,222311,40,80,13108,34,7,-inf,,-15.664909,-inf,-inf
1048576,1048640,2097280,0.106,222311,40,80,13108,34,8,-inf,,-17.902750,-inf,-inf
1048576,1048640,2097280,0.106,222311,40,80,13108,34,9,-inf,,-20.140591,-inf,-inf
1048576,1048640,2097280,0.106,222311,40,80,13108,34,10,-inf,,-22.378431,-inf,-inf
1048576,1048640,2097280,0.106,222311,40,80,13108,34,11,-inf,,-24.616270,-inf,-inf
1048576,1048640,2097280,0.106,222311,40,80,13108,34,12,-inf,,-26.854109,-inf,-inf
1048576,1048640,2097280,0.106,222311,40,80,13108,34,13,-inf,,-29.091946,-inf,-inf
1048576,1048640,2097280,0.106,222311,40,80,13108,34,14,-inf,,-31.329784,-inf,-inf
1048576,1048640,2097280,0.106,222311,40,80,13108,34,15,-inf,,-33.567620,-inf,-inf
1048576,1048640,2097280,0.106,222311,40,80,13108,34,16,-inf,,-35.805456,-inf,-inf
1048576,1048640,2097280,0.106,222311,40,80,13108,34,17,-inf,,-38.043291,-inf,-inf
1048576,1048640,2097280,0.106,222311,40,80,13108,34,18,-inf,,-40.281125,-inf,-inf
1048576,1048640,2097280,0.106,222311,40,80,13108,34,19,-inf,,-42.518958,-inf,-inf
1048576,1048640,2097280,0.106,222311,40,80,13108,34,20,-inf,,-44.756791,-inf,-inf
1048576,1048640,2097280,0.106,222311,40,80,13108,34,21,-inf,,-46.994623,-inf,-inf
1048576,1048640,2097280,0.106,222311,40,80,13108,34,22,-inf,,-49.232455,-inf,-inf
1048576,1048640,2097280,0.106,222311,40,80,13108,34,23,-inf,,-51.470285,-inf,-inf
1048576,1048640,2097280,0.106,222311,40,80,13108,34,24,-inf,,-53.708115,-inf,-inf
1048576,1048640,2097280,0.106,222311,40,80,13108,34,25,-inf,,-55.945944,-inf,-inf
1048576,1048640,2097280,0.106,222311,40,80,13108,34,26,-inf,,-58.183773,-inf,-inf
1048576,1048640,2097280,0.106,222311,40,80,13108,34,27,-inf,,-60.421601,-inf,-inf
1048576,1048640,2097280,0.106,222311,40,80,13108,34,28,-inf,,-62.659428,-inf,-inf
1048576,1048640,2097280,0.106,222311,40,80,13108,34,29,-inf,,-64.897254,-inf,-inf
1048576,1048640,2097280,0.106,222311,40,80,13108,34,30,-inf,,-67.135080,-inf,-inf
1048576,1048640,2097280,0.106,222311,40,80,13108,34,31,-inf,,-69.372905,-inf,-inf
1048576,1048640,2097280,0.106,222311,40,80,13108,34,32,-inf,,-71.610729,-inf,-inf
1048576,1048640,2097280,0.106,222311,40,80,13108,34,33,-inf,,-73.848553,-inf,-inf
1048576,1048640,2097280,0.106,222311,40,80,13108,34,34,50.535958,0.173712159159,-76.086375,-25.550417,-25.550417
1048576,1048640,2097280,0.106,222311,40,80,13108,34,35,53.061187,0.173712159159,-78.324197,-25.263010,-24.399568
1048576,1048640,2097280,0.106,222311,40,80,13108,34,36,55.586417,0.173712159159,-80.562019,-24.975602,-23.659025
1048576,1048640,2097280,0.106,222311,40,80,13108,34,37,57.783990,0.236538124161,-82.799839,-25.015849,-23.183482
1048576,1048640,2097280,0.106,222311,40,80,13108,34,38,59.733586,0.262175109676,-85.037659,-25.304073,-22.884880
1048576,1048640,2097280,0.106,222311,40,80,13108,34,39,61.541731,0.290590738289,-87.275478,-25.733747,-22.697359
1048576,1048640,2097280,0.106,222311,40,80,13108,34,40,63.324671,0.290590738289,-89.513297,-26.188626,-22.574454
1048576,1048640,2097280,0.106,222311,40,80,13108,34,41,65.066809,0.322086170895,-91.751114,-26.684305,-22.493227
1048576,1048640,2097280,0.106,222311,40,80,13108,34,42,66.701290,0.322086170895,-93.988931,-27.287641,-22.442152
1048576,1048640,2097280,0.106,222311,40,80,13108,34,43,68.335772,0.322086170895,-96.226747,-27.890975,-22.409494
1048576,1048640,2097280,0.106,222311,40,80,13108,34,44,69.970253,0.322086170895,-98.464563,-28.494310,-22.388394
1048576,1048640,2097280,0.106,222311,40,80,13108,34,45,71.604735,0.322086170895,-100.702377,-29.097643,-22.374672
1048576,1048640,2097280,0.106,222311,40,80,13108,34,46,73.239216,0.322086170895,-102.940191,-29.700975,-22.365710
1048576,1048640,2097280,0.106,222311,40,80,13108,34,47,74.873697,0.322086170895,-105.178005,-30.304307,-22.359842
1048576,1048640,2097280,0.106,222311,40,80,13108,34,48,76.508179,0.322086170895,-107.415817,-30.907638,-22.355992
1048576,1048640,2097280,0.106,222311,40,80,13108,34,49,78.142660,0.322086170895,-109.653629,-31.510969,-22.353463
1048576,1048640,2097280,0.106,222311,40,80,13108,34,50,79.777141,0.322086170895,-111.891440,-32.114298,-22.351801
1048576,1048640,2097280,0.106,222311,40,80,13108,34,51,81.411623,0.322086170895,-114.129250,-32.717627,-22.350709
1048576,1048640,2097280,0.106,222311,40,80,13108,34,52,83.046104,0.322086170895,-116.367059,-33.320955,-22.349990
1048576,1048640,2097280,0.106,222311,40,80,13108,34,53,84.680586,0.322086170895,-118.604868,-33.924282,-22.349517
1048576,1048640,2097280,0.106,222311,40,80,13108,34,54,86.315067,0.322086170895,-120.842676,-34.527609,-22.349205
1048576,1048640,2097280,0.106,222311,40,80,13108,34,55,87.949548,0.322086170895,-123.080483,-35.130934,-22.349000
1048576,1048640,2097280,0.106,222311,40,80,13108,34,56,89.584030,0.322086170895,-125.318289,-35.734259,-22.348866
1048576,1048640,2097280,0.106,222311,40,80,13108,34,57,91.218511,0.322086170895,-127.556094,-36.337583,-22.348777
1048576,1048640,2097280,0.106,222311,40,80,13108,34,58,92.852992,0.322086170895,-129.793899,-36.940906,-22.348718
1048576,1048640,2097280,0.106,222311,40,80,13108,34,59,94.487474,0.322086170895,-132.031702,-37.544229,-22.348680
1048576,1048640,2097280,0.106,222311,40,80,13108,34,60,96.121955,0.322086170895,-134.269505,-38.147550,-22.348655
1048576,1048640,2097280,0.106,222311,40,80,13108,34,61,97.756437,0.322086170895,-136.507307,-38.750871,-22.348638
1048576,1048640,2097280,0.106,222311,40,80,13108,34,62,99.390918,0.322086170895,-138.745108,-39.354190,-22.348627
1048576,1048640,2097280,0.106,222311,40,80,13108,34,63,101.025399,0.322086170895,-140.982909,-39.957509,-22.348620
1048576,1048640,2097280,0.106,222311,40,80,13108,34,64,102.659881,0.322086170895,-143.220708,-40.560827,-22.348615
1048576,1048640,2097280,0.106,222311,40,80,13108,34,65,104.294362,0.322086170895,-145.458506,-41.164144,-22.348612
1048576,1048640,2097280,0.106,222311,40,80,13108,34,66,105.928844,0.322086170895,-147.696303,-41.767460,-22.348610
1048576,1048640,2097280,0.106,222311,40,80,13108,34,67,107.563325,0.322086170895,-149.934100,-42.370775,-22.348609
1048576,1048640,2097280,0.106,222311,40,80,13108,34,68,109.197806,0.322086170895,-152.171895,-42.974089,-22.348608
1048576,1048640,2097280,0.106,222311,40,80,13108,34,69,110.832288,0.322086170895,-154.409689,-43.577401,-22.348607
1048576,1048640,2097280,0.106,222311,40,80,13108,34,70,112.466769,0.322086170895,-156.647482,-44.180713,-22.348607
1048576,1048640,2097280,0.106,222311,40,80,13108,34,71,114.101250,0.322086170895,-158.885274,-44.784023,-22.348606
1048576,1048640,2097280,0.106,222311,40,80,13108,34,72,115.735732,0.322086170895,-161.123064,-45.387332,-22.348606
1048576,1048640,2097280,0.106,222311,40,80,13108,34,73,117.370213,0.322086170895,-163.360853,-45.990640,-22.348606
1048576,1048640,2097280,0.106,222311,40,80,13108,34,74,119.004695,0.322086170895,-165.598641,-46.593946,-22.348606
1048576,1048640,2097280,0.106,222311,40,80,13108,34,75,120.639176,0.322086170895,-167.836427,-47.197251,-22.348606
1048576,1048640,2097280,0.106,222311,40,80,13108,34,76,122.273657,0.322086170895,-170.074211,-47.800554,-22.348606
1048576,1048640,2097280,0.106,222311,40,80,13108,34,77,123.908139,0.322086170895,-172.311994,-48.403856,-22.348606
1048576,1048640,2097280,0.106,222311,40,80,13108,34,78,125.542620,0.322086170895,-174.549775,-49.007155,-22.348606
1048576,1048640,2097280,0.106,222311,40,80,13108,34,79,127.177101,0.322086170895,-176.787554,-49.610453,-22.348606
1048576,1048640,2097280,0.106,222311,40,80,13108,34,80,128.811583,0.322086170895,-179.025331,-50.213749,-22.348606
1048576,1048640,2097280,0.106,222311,40,80,13108,34,81,130.446064,0.322086170895,-181.263106,-50.817042,-22.348606
1048576,1048640,2097280,0.106,222311,40,80,13108,34,82,132.080546,0.322086170895,-183.500878,-51.420333,-22.348606
1048576,1048640,2097280,0.106,222311,40,80,13108,34,83,133.715027,0.322086170895,-185.738648,-52.023621,-22.348606
1048576,1048640,2097280,0.106,222311,40,80,13108,34,84,135.349508,0.322086170895,-187.976414,-52.626906,-22.348606
1048576,1048640,2097280,0.106,222311,40,80,13108,34,85,136.983990,0.322086170895,-190.214177,-53.230188,-22.348606
1048576,1048640,2097280,0.106,222311,40,80,13108,34,86,138.618471,0.322086170895,-192.451937,-53.833466,-22.348606
1048576,1048640,2097280,0.106,222311,40,80,13108,34,87,140.252952,0.322086170895,-194.689693,-54.436741,-22.348606
1048576,1048640,2097280,0.106,222311,40,80,13108,34,88,141.887434,0.322086170895,-196.927445,-55.040011,-22.348606
1048576,1048640,2097280,0.106,222311,40,80,13108,34,89,143.521915,0.322086170895,-199.165192,-55.643277,-22.348606
1048576,1048640,2097280,0.106,222311,40,80,13108,34,90,145.156397,0.322086170895,-201.402934,-56.246537,-22.348606
1048576,1048640,2097280,0.106,222311,40,80,13108,34,91,146.790878,0.322086170895,-203.640670,-56.849792,-22.348606
1048576,1048640,2097280,0.106,222311,40,80,13108,34,92,148.425359,0.322086170895,-205.878400,-57.453040,-22.348606
1048576,1048640,2097280,0.106,222311,40,80,13108,34,93,150.059841,0.322086170895,-208.116123,-58.056282,-22.348606
1048576,1048640,2097280,0.106,222311,40,80,13108,34,94,151.694322,0.322086170895,-210.353838,-58.659516,-22.348606
1048576,1048640,2097280,0.106,222311,40,80,13108,34,95,153.328803,0.322086170895,-212.591544,-59.262741,-22.348606
1048576,1048640,2097280,0.106,222311,40,80,13108,34,96,154.963285,0.322086170895,-214.829241,-59.865957,-22.348606
1048576,1048640,2097280,0.106,222311,40,80,13108,34,97,156.597766,0.322086170895,-217.066928,-60.469162,-22.348606
1048576,1048640,2097280,0.106,222311,40,80,13108,34,98,158.232248,0.322086170895,-219.304602,-61.072355,-22.348606
1048576,1048640,2097280,0.106,222311,40,80,13108,34,99,159.866729,0.322086170895,-221.542264,-61.675535,-22.348606
1048576,1048640,2097280,0.106,222311,40,80,13108,34,100,161.501210,0.322086170895,-223.779911,-62.278700,-22.348606
1048576,1048640,2097280,0.106,222311,40,80,13108,34,101,163.135692,0.322086170895,-226.017541,-62.881850,-22.348606
1048576,1048640,2097280,0.106,222311,40,80,13108,34,102,164.770173,0.322086170895,-228.255154,-63.484981,-22.348606
1048576,1048640,2097280,0.106,222311,40,80,13108,34,103,166.404654,0.322086170895,-230.492746,-64.088092,-22.348606
1048576,1048640,2097280,0.106,222311,40,80,13108,34,104,168.039136,0.322086170895,-232.730316,-64.691180,-22.348606
1048576,1048640,2097280,0.106,222311,40,80,13108,34,105,169.673617,0.322086170895,-234.967860,-65.294243,-22.348606
1048576,1048640,2097280,0.106,222311,40,80,13108,34,106,171.308099,0.322086170895,-237.205376,-65.897278,-22.348606
1048576,1048640,2097280,0.106,222311,40,80,13108,34,107,172.942580,0.322086170895,-239.442861,-66.500281,-22.348606
1048576,1048640,2097280,0.106,222311,40,80,13108,34,108,174.577061,0.322086170895,-241.680311,-67.103250,-22.348606
1048576,1048640,2097280,0.106,222311,40,80,13108,34,109,176.211543,0.322086170895,-243.917722,-67.706179,-22.348606
1048576,1048640,2097280,0.106,222311,40,80,13108,34,110,177.846024,0.322086170895,-246.155089,-68.309065,-22.348606
1048576,1048640,2097280,0.106,222311,40,80,13108,34,111,179.480505,0.322086170895,-248.392408,-68.911902,-22.348606
1048576,1048640,2097280,0.106,222311,40,80,13108,34,112,181.114987,0.322086170895,-250.629672,-69.514685,-22.348606
1048576,1048640,2097280,0.106,222311,40,80,13108,34,113,182.749468,0.322086170895,-252.866875,-70.117407,-22.348606
1048576,1048640,2097280,0.106,222311,40,80,13108,34,114,184.383950,0.322086170895,-255.104010,-70.720061,-22.348606
1048576,1048640,2097280,0.106,222311,40,80,13108,34,115,186.018431,0.322086170895,-257.341070,-71.322639,-22.348606
1048576,1048640,2097280,0.106,222311,40,80,13108,34,116,187.652912,0.322086170895,-259.578045,-71.925133,-22.348606
1048576,1048640,2097280,0.106,222311,40,80,13108,34,117,189.287394,0.322086170895,-261.814926,-72.527533,-22.348606
1048576,1048640,2097280,0.106,222311,40,80,13108,34,118,190.921875,0.322086170895,-264.051702,-73.129827,-22.348606
1048576,1048640,2097280,0.106,222311,40,80,13108,34,119,192.556356,0.322086170895,-266.288360,-73.732004,-22.348606
1048576,1048640,2097280,0.106,222311,40,80,13108,34,120,194.190838,0.322086170895,-268.524888,-74.334050,-22.348606
1048576,1048640,2097280,0.106,222311,40,80,13108,34,121,195.825319,0.322086170895,-270.761269,-74.935950,-22.348606
1048576,1048640,2097280,0.106,222311,40,80,13108,34,122,197.459801,0.322086170895,-272.997488,-75.537687,-22.348606
1048576,1048640,2097280,0.106,222311,40,80,13108,34,123,199.094282,0.322086170895,-275.233525,-76.139243,-22.348606
1048576,1048640,2097280,0.106,222311,40,80,13108,34,124,200.728763,0.322086170895,-277.469359,-76.740596,-22.348606
1048576,1048640,2097280,0.106,222311,40,80,13108,34,125,202.363245,0.322086170895,-279.704968,-77.341724,-22.348606
1048576,1048640,2097280,0.106,222311,40,80,13108,34,126,203.997726,0.322086170895,-281.940327,-77.942601,-22.348606
1048576,1048640,2097280,0.106,222311,40,80,13108,34,127,205.632207,0.322086170895,-284.175406,-78.543198,-22.348606
1048576,1048640,2097280,0.106,222311,40,80,13108,34,128,207.266689,0.322086170895,-286.410174,-79.143485,-22.348606
1048576,1048640,2097280,0.106,222311,40,80,13108,34,129,208.901170,0.322086170895,-288.644596,-79.743426,-22.348606
1048576,1048640,2097280,0.106,222311,40,80,13108,34,130,210.535652,0.322086170895,-290.878635,-80.342983,-22.348606
1048576,1048640,2097280,0.106,222311,40,80,13108,34,131,212.170133,0.322086170895,-293.112246,-80.942113,-22.348606
1048576,1048640,2097280,0.106,222311,40,80,13108,34,132,213.804614,0.322086170895,-295.345384,-81.540770,-22.348606
1048576,1048640,2097280,0.106,222311,40,80,13108,34,133,215.439096,0.322086170895,-297.577997,-82.138901,-22.348606
1048576,1048640,2097280,0.106,222311,40,80,13108,34,134,217.073577,0.322086170895,-299.810027,-82.736450,-22.348606
1048576,1048640,2097280,0.106,222311,40,80,13108,34,135,218.708058,0.322086170895,-302.041413,-83.333354,-22.348606
1048576,1048640,2097280,0.106,222311,40,80,13108,34,136,220.342540,0.322086170895,-304.272084,-83.929545,-22.348606
1048576,1048640,2097280,0.106,222311,40,80,13108,34,137,221.977021,0.322086170895,-306.501968,-84.524947,-22.348606
1048576,1048640,2097280,0.106,222311,40,80,13108,34,138,223.611503,0.322086170895,-308.730981,-85.119479,-22.348606
1048576,1048640,2097280,0.106,222311,40,80,13108,34,139,225.245984,0.322086170895,-310.959035,-85.713051,-22.348606
1048576,1048640,2097280,0.106,222311,40,80,13108,34,140,226.880465,0.322086170895,-313.186033,-86.305567,-22.348606
1048576,1048640,2097280,0.106,222311,40,80,13108,34,141,228.514947,0.322086170895,-315.411870,-86.896923,-22.348606
1048576,1048640,2097280,0.106,222311,40,80,13108,34,142,230.149428,0.322086170895,-317.636433,-87.487004,-22.348606
1048576,1048640,2097280,0.106,222311,40,80,13108,34,143,231.783909,0.322086170895,-319.859600,-88.075691,-22.348606
1048576,1048640,2097280,0.106,222311,40,80,13108,34,144,233.418391,0.322086170895,-322.081243,-88.662852,-22.348606
1048576,1048640,2097280,0.106,222311,40,80,13108,34,145,235.052872,0.322086170895,-324.301223,-89.248351,-22.348606
1048576,1048640,2097280,0.106,222311,40,80,13108,34,146,236.687354,0.322086170895,-326.519393,-89.832039,-22.348606
1048576,1048640,2097280,0.106,222311,40,80,13108,34,147,238.321835,0.322086170895,-328.735598,-90.413763,-22.348606
1048576,1048640,2097280,0.106,222311,40,80,13108,34,148,239.956316,0.322086170895,-330.949679,-90.993362,-22.348606
1048576,1048640,2097280,0.106,222311,40,80,13108,34,149,241.590798,0.322086170895,-333.161466,-91.570668,-22.348606
1048576,1048640,2097280,0.106,222311,40,80,13108,34,150,243.225279,0.322086170895,-335.370786,-92.145507,-22.348606
1048576,1048640,2097280,0.106,222311,40,80,13108,34,151,244.859761,0.322086170895,-337.577464,-92.717703,-22.348606
1048576,1048640,2097280,0.106,222311,40,80,13108,34,152,246.494242,0.322086170895,-339.781320,-93.287078,-22.348606
1048576,1048640,2097280,0.106,222311,40,80,13108,34,153,248.128723,0.322086170895,-341.982175,-93.853451,-22.348606
1048576,1048640,2097280,0.106,222311,40,80,13108,34,154,249.763205,0.322086170895,-344.179852,-94.416648,-22.348606
1048576,1048640,2097280,0.106,222311,40,80,13108,34,155,251.397686,0.322086170895,-346.374180,-94.976494,-22.348606
1048576,1048640,2097280,0.106,222311,40,80,13108,34,156,253.032167,0.322086170895,-348.564994,-95.532827,-22.348606
1048576,1048640,2097280,0.106,222311,40,80,13108,34,157,254.666649,0.322086170895,-350.752140,-96.085491,-22.348606
1048576,1048640,2097280,0.106,222311,40,80,13108,34,158,256.301130,0.322086170895,-352.935475,-96.634345,-22.348606
1048576,1048640,2097280,0.106,222311,40,80,13108,34,159,257.935612,0.322086170895,-355.114874,-97.179262,-22.348606
1048576,1048640,2097280,0.106,222311,40,80,13108,34,160,259.570093,0.322086170895,-357.290229,-97.720137,-22.348606
1048576,1048640,2097280,0.106,222311,40,80,13108,35,1,-inf,,-2.237846,-inf,-inf
1048576,1048640,2097280,0.106,222311,40,80,13108,35,2,-inf,,-4.475692,-inf,-inf
1048576,1048640,2097280,0.106,222311,40,80,13108,35,3,-inf,,-6.713537,-inf,-inf
1048576,1048640,2097280,0.106,222311,40,80,13108,35,4,-inf,,-8.951381,-inf,-inf
1048576,1048640,2097280,0.106,222311,40,80,13108,35,5,-inf,,-11.189224,-inf,-inf
1048576,1048640,2097280,0.106,222311,40,80,13108,35,6,-inf,,-13.427067,-inf,-inf
1048576,1048640,2097280,0.106,222311,40,80,13108,35,7,-inf,,-15.664909,-inf,-inf
1048576,1048640,2097280,0.106,222311,40,80,13108,35,8,-inf,,-17.902750,-inf,-inf
1048576,1048640,2097280,0.106,222311,40,80,13108,35,9,-inf,,-20.140591,-inf,-inf
1048576,1048640,2097280,0.106,222311,40,80,13108,35,10,-inf,,-22.378431,-inf,-inf
1048576,1048640,2097280,0.106,222311,40,80,13108,35,11,-inf,,-24.616270,-inf,-inf
1048576,1048640,2097280,0.106,222311,40,80,13108,35,12,-inf,,-26.854109,-inf,-inf
1048576,1048640,2097280,0.106,222311,40,80,13108,35,13,-inf,,-29.091946,-inf,-inf
1048576,1048640,2097280,0.106,222311,40,80,13108,35,14,-inf,,-31.329784,-inf,-inf
1048576,1048640,2097280,0.106,222311,40,80,13108,35,15,-inf,,-33.567620,-inf,-inf
1048576,1048640,2097280,0.106,222311,40,80,13108,35,16,-inf,,-35.805456,-inf,-inf
1048576,1048640,2097280,0.106,222311,40,80,13108,35,17,-inf,,-38.043291,-inf,-inf
1048576,1048640,2097280,0.106,222311,40,80,13108,35,18,-inf,,-40.281125,-inf,-inf
1048576,1048640,2097280,0.106,222311,40,80,13108,35,19,-inf,,-42.518958,-inf,-inf
1048576,1048640,2097280,0.106,222311,40,80,13108,35,20,-inf,,-44.756791,-inf,-inf
1048576,1048640,2097280,0.106,222311,40,80,13108,35,21,-inf,,-46.994623,-inf,-inf
1048576,1048640,2097280,0.106,222311,40,80,13108,35,22,-inf,,-49.232455,-inf,-inf
1048576,1048640,2097280,0.106,222311,40,80,13108,35,23,-inf,,-51.470285,-inf,-inf
1048576,1048640,2097280,0.106,222311,40,80,13108,35,24,-inf,,-53.708115,-inf,-inf
1048576,1048640,2097280,0.106,222311,40,80,13108,35,25,-inf,,-55.945944,-inf,-inf
1048576,1048640,2097280,0.106,222311,40,80,13108,35,26,-inf,,-58.183773,-inf,-inf
1048576,1048640,2097280,0.106,222311,40,80,13108,35,27,-inf,,-60.421601,-inf,-inf
1048576,1048640,2097280,0.106,222311,40,80,13108,35,28,-inf,,-62.659428,-inf,-inf
1048576,1048640,2097280,0.106,222311,40,80,13108,35,29,-inf,,-64.897254,-inf,-inf
1048576,1048640,2097280,0.106,222311,40,80,13108,35,30,-inf,,-67.135080,-inf,-inf
1048576,1048640,2097280,0.106,222311,40,80,13108,35,31,-inf,,-69.372905,-inf,-inf
1048576,1048640,2097280,0.106,222311,40,80,13108,35,32,-inf,,-71.610729,-inf,-inf
1048576,1048640,2097280,0.106,222311,40,80,13108,35,33,-inf,,-73.848553,-inf,-inf
1048576,1048640,2097280,0.106,222311,40,80,13108,35,34,-inf,,-76.086375,-inf,-inf
1048576,1048640,2097280,0.106,222311,40,80,13108,35,35,52.061187,0.173712159159,-78.324197,-26.263010,-26.263010
1048576,1048640,2097280,0.106,222311,40,80,13108,35,36,54.586417,0.173712159159,-80.562019,-25.975602,-25.112161
1048576,1048640,2097280,0.106,222311,40,80,13108,35,37,57.111646,0.173712159159,-82.799839,-25.688193,-24.371616
1048576,1048640,2097280,0.106,222311,40,80,13108,35,38,59.479997,0.262175109676,-85.037659,-25.557662,-23.846043
1048576,1048640,2097280,0.106,222311,40,80,13108,35,39,61.381149,0.290590738289,-87.275478,-25.894329,-23.533644
1048576,1048640,2097280,0.106,222311,40,80,13108,35,40,63.164088,0.290590738289,-89.513297,-26.349208,-23.342022
1048576,1048640,2097280,0.106,222311,40,80,13108,35,41,64.947028,0.290590738289,-91.751114,-26.804087,-23.216711
1048576,1048640,2097280,0.106,222311,40,80,13108,35,42,66.603239,0.322086170895,-93.988931,-27.385692,-23.138658
1048576,1048640,2097280,0.106,222311,40,80,13108,35,43,68.237720,0.322086170895,-96.226747,-27.989027,-23.089494
1048576,1048640,2097280,0.106,222311,40,80,13108,35,44,69.872201,0.322086170895,-98.464563,-28.592361,-23.058024
1048576,1048640,2097280,0.106,222311,40,80,13108,35,45,71.506683,0.322086170895,-100.702377,-29.195695,-23.037678
1048576,1048640,2097280,0.106,222311,40,80,13108,35,46,73.141164,0.322086170895,-102.940191,-29.799027,-23.024440
1048576,1048640,2097280,0.106,222311,40,80,13108,35,47,74.775646,0.322086170895,-105.178005,-30.402359,-23.015792
1048576,1048640,2097280,0.106,222311,40,80,13108,35,48,76.410127,0.322086170895,-107.415817,-31.005690,-23.010128
1048576,1048640,2097280,0.106,222311,40,80,13108,35,49,78.044608,0.322086170895,-109.653629,-31.609020,-23.006412
1048576,1048640,2097280,0.106,222311,40,80,13108,35,50,79.679090,0.322086170895,-111.891440,-32.212350,-23.003971
1048576,1048640,2097280,0.106,222311,40,80,13108,35,51,81.313571,0.322086170895,-114.129250,-32.815679,-23.002367
1048576,1048640,2097280,0.106,222311,40,80,13108,35,52,82.948052,0.322086170895,-116.367059,-33.419007,-23.001312
1048576,1048640,2097280,0.106,222311,40,80,13108,35,53,84.582534,0.322086170895,-118.604868,-34.022334,-23.000618
1048576,1048640,2097280,0.106,222311,40,80,13108,35,54,86.217015,0.322086170895,-120.842676,-34.625660,-23.000161
1048576,1048640,2097280,0.106,222311,40,80,13108,35,55,87.851497,0.322086170895,-123.080483,-35.228986,-22.999861
1048576,1048640,2097280,0.106,222311,40,80,13108,35,56,89.485978,0.322086170895,-125.318289,-35.832311,-22.999663
1048576,1048640,2097280,0.106,222311,40,80,13108,35,57,91.120459,0.322086170895,-127.556094,-36.435635,-22.999533
1048576,1048640,2097280,0.106,222311,40,80,13108,35,58,92.754941,0.322086170895,-129.793899,-37.038958,-22.999447
1048576,1048640,2097280,0.106,222311,40,80,13108,35,59,94.389422,0.322086170895,-132.031702,-37.642280,-22.999391
1048576,1048640,2097280,0.106,222311,40,80,13108,35,60,96.023903,0.322086170895,-134.269505,-38.245602,-22.999354
1048576,1048640,2097280,0.106,222311,40,80,13108,35,61,97.658385,0.322086170895,-136.507307,-38.848922,-22.999329
1048576,1048640,2097280,0.106,222311,40,80,13108,35,62,99.292866,0.322086170895,-138.745108,-39.452242,-22.999313
1048576,1048640,2097280,0.106,222311,40,80,13108,35,63,100.927348,0.322086170895,-140.982909,-40.055561,-22.999302
1048576,1048640,2097280,0.106,222311,40,80,13108,35,64,102.561829,0.322086170895,-143.220708,-40.658879,-22.999295
1048576,1048640,2097280,0.106,222311,40,80,13108,35,65,104.196310,0.322086170895,-145.458506,-41.262196,-22.999291
1048576,1048640,2097280,0.106,222311,40,80,13108,35,66,105.830792,0.322086170895,-147.696303,-41.865512,-22.999288
1048576,1048640,2097280,0.106,222311,40,80,13108,35,67,107.465273,0.322086170895,-149.934100,-42.468827,-22.999286
1048576,1048640,2097280,0.106,222311,40,80,13108,35,68,109.099754,0.322086170895,-152.171895,-43.072140,-22.999285
1048576,1048640,2097280,0.106,222311,40,80,13108,35,69,110.734236,0.322086170895,-154.409689,-43.675453,-22.999284
1048576,1048640,2097280,0.106,222311,40,80,13108,35,70,112.368717,0.322086170895,-156.647482,-44.278765,-22.999283
1048576,1048640,2097280,0.106,222311,40,80,13108,35,71,114.003199,0.322086170895,-158.885274,-44.882075,-22.999283
1048576,1048640,2097280,0.106,222311,40,80,13108,35,72,115.637680,0.322086170895,-161.123064,-45.485384,-22.999282
1048576,1048640,2097280,0.106,222311,40,80,13108,35,73,117.272161,0.322086170895,-163.360853,-46.088692,-22.999282
1048576,1048640,2097280,0.106,222311,40,80,13108,35,74,118.906643,0.322086170895,-165.598641,-46.691998,-22.999282
1048576,1048640,2097280,0.106,222311,40,80,13108,35,75,120.541124,0.322086170895,-167.836427,-47.295303,-22.999282
1048576,1048640,2097280,0.106,222311,40,80,13108,35,76,122.175605,0.322086170895,-170.074211,-47.898606,-22.999282
1048576,1048640,2097280,0.106,222311,40,80,13108,35,77,123.810087,0.322086170895,-172.311994,-48.501907,-22.999282
1048576,1048640,2097280,0.106,222311,40,80,13108,35,78,125.444568,0.322086170895,-174.549775,-49.105207,-22.999282
1048576,1048640,2097280,0.106,222311,40,80,13108,35,79,127.079050,0.322086170895,-176.787554,-49.708505,-22.999282
1048576,1048640,2097280,0.106,222311,40,80,13108,35,80,128.713531,0.322086170895,-179.025331,-50.311800,-22.999282
1048576,1048640,2097280,0.106,222311,40,80,13108,35,81,130.348012,0.322086170895,-181.263106,-50.915094,-22.999282
1048576,1048640,2097280,0.106,222311,40,80,13108,35,82,131.982494,0.322086170895,-183.500878,-51.518384,-22.999282
1048576,1048640,2097280,0.106,222311,40,80,13108,35,83,133.616975,0.322086170895,-185.738648,-52.121673,-22.999282
1048576,1048640,2097280,0.106,222311,40,80,13108,35,84,135.251457,0.322086170895,-187.976414,-52.724958,-22.999282
1048576,1048640,2097280,0.106,222311,40,80,13108,35,85,136.885938,0.322086170895,-190.214177,-53.328240,-22.999282
1048576,1048640,2097280,0.106,222311,40,80,13108,35,86,138.520419,0.322086170895,-192.451937,-53.931518,-22.999282
1048576,1048640,2097280,0.106,222311,40,80,13108,35,87,140.154901,0.322086170895,-194.689693,-54.534793,-22.999282
1048576,1048640,2097280,0.106,222311,40,80,13108,35,88,141.789382,0.322086170895,-196.927445,-55.138063,-22.999282
1048576,1048640,2097280,0.106,222311,40,80,13108,35,89,143.423863,0.322086170895,-199.165192,-55.741329,-22.999282
1048576,1048640,2097280,0.106,222311,40,80,13108,35,90,145.058345,0.322086170895,-201.402934,-56.344589,-22.999282
1048576,1048640,2097280,0.106,222311,40,80,13108,35,91,146.692826,0.322086170895,-203.640670,-56.947844,-22.999282
1048576,1048640,2097280,0.106,222311,40,80,13108,35,92,148.327308,0.322086170895,-205.878400,-57.551092,-22.999282
1048576,1048640,2097280,0.106,222311,40,80,13108,35,93,149.961789,0.322086170895,-208.116123,-58.154334,-22.999282
1048576,1048640,2097280,0.106,222311,40,80,13108,35,94,151.596270,0.322086170895,-210.353838,-58.757568,-22.999282
1048576,1048640,2097280,0.106,222311,40,80,13108,35,95,153.230752,0.322086170895,-212.591544,-59.360793,-22.999282
1048576,1048640,2097280,0.106,222311,40,80,13108,35,96,154.865233,0.322086170895,-214.829241,-59.964008,-22.999282
1048576,1048640,2097280,0.106,222311,40,80,13108,35,97,156.499714,0.322086170895,-217.066928,-60.567213,-22.999282
1048576,1048640,2097280,0.106,222311,40,80,13108,35,98,158.134196,0.322086170895,-219.304602,-61.170407,-22.999282
1048576,1048640,2097280,0.106,222311,40,80,13108,35,99,159.768677,0.322086170895,-221.542264,-61.773587,-22.999282
1048576,1048640,2097280,0.106,222311,40,80,13108,35,100,161.403159,0.322086170895,-223.779911,-62.376752,-22.999282
1048576,1048640,2097280,0.106,222311,40,80,13108,35,101,163.037640,0.322086170895,-226.017541,-62.979901,-22.999282
1048576,1048640,2097280,0.106,222311,40,80,13108,35,102,164.672121,0.322086170895,-228.255154,-63.583033,-22.999282
1048576,1048640,2097280,0.106,222311,40,80,13108,35,103,166.306603,0.322086170895,-230.492746,-64.186143,-22.999282
1048576,1048640,2097280,0.106,222311,40,80,13108,35,104,167.941084,0.322086170895,-232.730316,-64.789232,-22.999282
1048576,1048640,2097280,0.106,222311,40,80,13108,35,105,169.575565,0.322086170895,-234.967860,-65.392295,-22.999282
1048576,1048640,2097280,0.106,222311,40,80,13108,35,106,171.210047,0.322086170895,-237.205376,-65.995330,-22.999282
1048576,1048640,2097280,0.106,222311,40,80,13108,35,107,172.844528,0.322086170895,-239.442861,-66.598333,-22.999282
1048576,1048640,2097280,0.106,222311,40,80,13108,35,108,174.479010,0.322086170895,-241.680311,-67.201302,-22.999282
1048576,1048640,2097280,0.106,222311,40,80,13108,35,109,176.113491,0.322086170895,-243.917722,-67.804231,-22.999282
1048576,1048640,2097280,0.106,222311,40,80,13108,35,110,177.747972,0.322086170895,-246.155089,-68.407117,-22.999282
1048576,1048640,2097280,0.106,222311,40,80,13108,35,111,179.382454,0.322086170895,-248.392408,-69.009954,-22.999282
1048576,1048640,2097280,0.106,222311,40,80,13108,35,112,181.016935,0.322086170895,-250.629672,-69.612737,-22.999282
1048576,1048640,2097280,0.106,222311,40,80,13108,35,113,182.651416,0.322086170895,-252.866875,-70.215458,-22.999282
1048576,1048640,2097280,0.106,222311,40,80,13108,35,114,184.285898,0.322086170895,-255.104010,-70.818113,-22.999282
1048576,1048640,2097280,0.106,222311,40,80,13108,35,115,185.920379,0.322086170895,-257.341070,-71.420691,-22.999282
1048576,1048640,2097280,0.106,222311,40,80,13108,35,116,187.554861,0.322086170895,-259.578045,-72.023185,-22.999282
1048576,1048640,2097280,0.106,222311,40,80,13108,35,117,189.189342,0.322086170895,-261.814926,-72.625584,-22.999282
1048576,1048640,2097280,0.106,222311,40,80,13108,35,118,190.823823,0.322086170895,-264.051702,-73.227879,-22.999282
1048576,1048640,2097280,0.106,222311,40,80,13108,35,119,192.458305,0.322086170895,-266.288360,-73.830056,-22.999282
1048576,1048640,2097280,0.106,222311,40,80,13108,35,120,194.092786,0.322086170895,-268.524888,-74.432102,-22.999282
1048576,1048640,2097280,0.106,222311,40,80,13108,35,121,195.727267,0.322086170895,-270.761269,-75.034002,-22.999282
1048576,1048640,2097280,0.106,222311,40,80,13108,35,122,197.361749,0.322086170895,-272.997488,-75.635739,-22.999282
1048576,1048640,2097280,0.106,222311,40,80,13108,35,123,198.996230,0.322086170895,-275.233525,-76.237294,-22.999282
1048576,1048640,2097280,0.106,222311,40,80,13108,35,124,200.630712,0.322086170895,-277.469359,-76.838648,-22.999282
1048576,1048640,2097280,0.106,222311,40,80,13108,35,125,202.265193,0.322086170895,-279.704968,-77.439776,-22.999282
1048576,1048640,2097280,0.106,222311,40,80,13108,35,126,203.899674,0.322086170895,-281.940327,-78.040652,-22.999282
1048576,1048640,2097280,0.106,222311,40,80,13108,35,127,205.534156,0.322086170895,-284.175406,-78.641250,-22.999282
1048576,1048640,2097280,0.106,222311,40,80,13108,35,128,207.168637,0.322086170895,-286.410174,-79.241537,-22.999282
1048576,1048640,2097280,0.106,222311,40,80,13108,35,129,208.803118,0.322086170895,-288.644596,-79.841478,-22.999282
1048576,1048640,2097280,0.106,222311,40,80,13108,35,130,210.437600,0.322086170895,-290.878635,-80.441035,-22.999282
1048576,1048640,2097280,0.106,222311,40,80,13108,35,131,212.072081,0.322086170895,-293.112246,-81.040165,-22.999282
1048576,1048640,2097280,0.106,222311,40,80,13108,35,132,213.706563,0.322086170895,-295.345384,-81.638822,-22.999282
1048576,1048640,2097280,0.106,222311,40,80,13108,35,133,215.341044,0.322086170895,-297.577997,-82.236953,-22.999282
1048576,1048640,2097280,0.106,222311,40,80,13108,35,134,216.975525,0.322086170895,-299.810027,-82.834502,-22.999282
1048576,1048640,2097280,0.106,222311,40,80,13108,35,135,218.610007,0.322086170895,-302.041413,-83.431406,-22.999282
1048576,1048640,2097280,0.106,222311,40,80,13108,35,136,220.244488,0.322086170895,-304.272084,-84.027596,-22.999282
1048576,1048640,2097280,0.106,222311,40,80,13108,35,137,221.878969,0.322086170895,-306.501968,-84.622998,-22.999282
1048576,1048640,2097280,0.106,222311,40,80,13108,35,138,223.513451,0.322086170895,-308.730981,-85.217530,-22.999282
1048576,1048640,2097280,0.106,222311,40,80,13108,35,139,225.147932,0.322086170895,-310.959035,-85.811103,-22.999282
1048576,1048640,2097280,0.106,222311,40,80,13108,35,140,226.782414,0.322086170895,-313.186033,-86.403619,-22.999282
1048576,1048640,2097280,0.106,222311,40,80,13108,35,141,228.416895,0.322086170895,-315.411870,-86.994975,-22.999282
1048576,1048640,2097280,0.106,222311,40,80,13108,35,142,230.051376,0.322086170895,-317.636433,-87.585056,-22.999282
1048576,1048640,2097280,0.106,222311,40,80,13108,35,143,231.685858,0.322086170895,-319.859600,-88.173743,-22.999282
1048576,1048640,2097280,0.106,222311,40,80,13108,35,144,233.320339,0.322086170895,-322.081243,-88.760904,-22.999282
1048576,1048640,2097280,0.106,222311,40,80,13108,35,145,234.954820,0.322086170895,-324.301223,-89.346402,-22.999282
1048576,1048640,2097280,0.106,222311,40,80,13108,35,146,236.589302,0.322086170895,-326.519393,-89.930091,-22.999282
1048576,1048640,2097280,0.106,222311,40,80,13108,35,147,238.223783,0.322086170895,-328.735598,-90.511815,-22.999282
1048576,1048640,2097280,0.106,222311,40,80,13108,35,148,239.858265,0.322086170895,-330.949679,-91.091414,-22.999282
1048576,1048640,2097280,0.106,222311,40,80,13108,35,149,241.492746,0.322086170895,-333.161466,-91.668720,-22.999282
1048576,1048640,2097280,0.106,222311,40,80,13108,35,150,243.127227,0.322086170895,-335.370786,-92.243559,-22.999282
1048576,1048640,2097280,0.106,222311,40,80,13108,35,151,244.761709,0.322086170895,-337.577464,-92.815755,-22.999282
1048576,1048640,2097280,0.106,222311,40,80,13108,35,152,246.396190,0.322086170895,-339.781320,-93.385129,-22.999282
1048576,1048640,2097280,0.106,222311,40,80,13108,35,153,248.030671,0.322086170895,-341.982175,-93.951503,-22.999282
1048576,1048640,2097280,0.106,222311,40,80,13108,35,154,249.665153,0.322086170895,-344.179852,-94.514699,-22.999282
1048576,1048640,2097280,0.106,222311,40,80,13108,35,155,251.299634,0.322086170895,-346.374180,-95.074546,-22.999282
1048576,1048640,2097280,0.106,222311,40,80,13108,35,156,252.934116,0.322086170895,-348.564994,-95.630879,-22.999282
1048576,1048640,2097280,0.106,222311,40,80,13108,35,157,254.568597,0.322086170895,-350.752140,-96.183543,-22.999282
1048576,1048640,2097280,0.106,222311,40,80,13108,35,158,256.203078,0.322086170895,-352.935475,-96.732397,-22.999282
1048576,1048640,2097280,0.106,222311,40,80,13108,35,159,257.837560,0.322086170895,-355.114874,-97.277314,-22.999282
1048576,1048640,2097280,0.106,222311,40,80,13108,35,160,259.472041,0.322086170895,-357.290229,-97.818188,-22.999282
1048576,1048640,2097280,0.106,222311,40,80,13108,36,1,-inf,,-2.237846,-inf,-inf
1048576,1048640,2097280,0.106,222311,40,80,13108,36,2,-inf,,-4.475692,-inf,-inf
1048576,1048640,2097280,0.106,222311,40,80,13108,36,3,-inf,,-6.713537,-inf,-inf
1048576,1048640,2097280,0.106,222311,40,80,13108,36,4,-inf,,-8.951381,-inf,-inf
1048576,1048640,2097280,0.106,222311,40,80,13108,36,5,-inf,,-11.189224,-inf,-inf
1048576,1048640,2097280,0.106,222311,40,80,13108,36,6,-inf,,-13.427067,-inf,-inf
1048576,1048640,2097280,0.106,222311,40,80,13108,36,7,-inf,,-15.664909,-inf,-inf
1048576,1048640,2097280,0.106,222311,40,80,13108,36,8,-inf,,-17.902750,-inf,-inf
1048576,1048640,2097280,0.106,222311,40,80,13108,36,9,-inf,,-20.140591,-inf,-inf
1048576,1048640,2097280,0.106,222311,40,80,13108,36,10,-inf,,-22.378431,-inf,-inf
1048576,1048640,2097280,0.106,222311,40,80,13108,36,11,-inf,,-24.616270,-inf,-inf
1048576,1048640,2097280,0.106,222311,40,80,13108,36,12,-inf,,-26.854109,-inf,-inf
1048576,1048640,2097280,0.106,222311,40,80,13108,36,13,-inf,,-29.091946,-inf,-inf
1048576,1048640,2097280,0.106,222311,40,80,13108,36,14,-inf,,-31.329784,-inf,-inf
1048576,1048640,2097280,0.106,222311,40,80,13108,36,15,-inf,,-33.567620,-inf,-inf
1048576,1048640,2097280,0.106,222311,40,80,13108,36,16,-inf,,-35.805456,-inf,-inf
1048576,1048640,2097280,0.106,222311,40,80,13108,36,17,-inf,,-38.043291,-inf,-inf
1048576,1048640,2097280,0.106,222311,40,80,13108,36,18,-inf,,-40.281125,-inf,-inf
1048576,1048640,2097280,0.106,222311,40,80,13108,36,19,-inf,,-42.518958,-inf,-inf
1048576,1048640,2097280,0.106,222311,40,80,13108,36,20,-inf,,-44.756791,-inf,-inf
1048576,1048640,2097280,0.106,222311,40,80,13108,36,21,-inf,,-46.994623,-inf,-inf
1048576,1048640,2097280,0.106,222311,40,80,13108,36,22,-inf,,-49.232455,-inf,-inf
1048576,1048640,2097280,0.106,222311,40,80,13108,36,23,-inf,,-51.470285,-inf,-inf
1048576,1048640,2097280,0.106,222311,40,80,13108,36,24,-inf,,-53.708115,-inf,-inf
1048576,1048640,2097280,0.106,222311,40,80,13108,36,25,-inf,,-55.945944,-inf,-inf
1048576,1048640,2097280,0.106,222311,40,80,13108,36,26,-inf,,-58.183773,-inf,-inf
1048576,1048640,2097280,0.106,222311,40,80,13108,36,27,-inf,,-60.421601,-inf,-inf
1048576,1048640,2097280,0.106,222311,40,80,13108,36,28,-inf,,-62.659428,-inf,-inf
1048576,1048640,2097280,0.106,222311,40,80,13108,36,29,-inf,,-64.897254,-inf,-inf
1048576,1048640,2097280,0.106,222311,40,80,13108,36,30,-inf,,-67.135080,-inf,-inf
1048576,1048640,2097280,0.106,222311,40,80,13108,36,31,-inf,,-69.372905,-inf,-inf
1048576,1048640,2097280,0.106,222311,40,80,13108,36,32,-inf,,-71.610729,-inf,-inf
1048576,1048640,2097280,0.106,222311,40,80,13108,36,33,-inf,,-73.848553,-inf,-inf
1048576,1048640,2097280,0.106,222311,40,80,13108,36,34,-inf,,-76.086375,-inf,-inf
1048576,1048640,2097280,0.106,222311,40,80,13108,36,35,-inf,,-78.324197,-inf,-inf
1048576,1048640,2097280,0.106,222311,40,80,13108,36,36,53.586417,0.173712159159,-80.562019,-26.975602,-26.975602
1048576,1048640,2097280,0.106,222311,40,80,13108,36,37,56.111646,0.173712159159,-82.799839,-26.688193,-25.824752
1048576,1048640,2097280,0.106,222311,40,80,13108,36,38,58.636875,0.173712159159,-85.037659,-26.400784,-25.084208
1048576,1048640,2097280,0.106,222311,40,80,13108,36,39,61.122672,0.262175109676,-87.275478,-26.152806,-24.521751
1048576,1048640,2097280,0.106,222311,40,80,13108,36,40,62.974544,0.290590738289,-89.513297,-26.538753,-24.203207
1048576,1048640,2097280,0.106,222311,40,80,13108,36,41,64.757483,0.290590738289,-91.751114,-26.993631,-24.008435
1048576,1048640,2097280,0.106,222311,40,80,13108,36,42,66.482389,0.322086170895,-93.988931,-27.506543,-23.886088
1048576,1048640,2097280,0.106,222311,40,80,13108,36,43,68.116870,0.322086170895,-96.226747,-28.109877,-23.810870
1048576,1048640,2097280,0.106,222311,40,80,13108,36,44,69.751351,0.322086170895,-98.464563,-28.713211,-23.763418
1048576,1048640,2097280,0.106,222311,40,80,13108,36,45,71.385833,0.322086170895,-100.702377,-29.316545,-23.733014
1048576,1048640,2097280,0.106,222311,40,80,13108,36,46,73.020314,0.322086170895,-102.940191,-29.919877,-23.713345
1048576,1048640,2097280,0.106,222311,40,80,13108,36,47,74.654795,0.322086170895,-105.178005,-30.523209,-23.700543
1048576,1048640,2097280,0.106,222311,40,80,13108,36,48,76.289277,0.322086170895,-107.415817,-31.126540,-23.692178
1048576,1048640,2097280,0.106,222311,40,80,13108,36,49,77.923758,0.322086170895,-109.653629,-31.729871,-23.686698
1048576,1048640,2097280,0.106,222311,40,80,13108,36,50,79.558240,0.322086170895,-111.891440,-32.333200,-23.683102
1048576,1048640,2097280,0.106,222311,40,80,13108,36,51,81.192721,0.322086170895,-114.129250,-32.936529,-23.680741
1048576,1048640,2097280,0.106,222311,40,80,13108,36,52,82.827202,0.322086170895,-116.367059,-33.539857,-23.679188
1048576,1048640,2097280,0.106,222311,40,80,13108,36,53,84.461684,0.322086170895,-118.604868,-34.143184,-23.678167
1048576,1048640,2097280,0.106,222311,40,80,13108,36,54,86.096165,0.322086170895,-120.842676,-34.746511,-23.677495
1048576,1048640,2097280,0.106,222311,40,80,13108,36,55,87.730646,0.322086170895,-123.080483,-35.349836,-23.677053
1048576,1048640,2097280,0.106,222311,40,80,13108,36,56,89.365128,0.322086170895,-125.318289,-35.953161,-23.676762
1048576,1048640,2097280,0.106,222311,40,80,13108,36,57,90.999609,0.322086170895,-127.556094,-36.556485,-23.676571
1048576,1048640,2097280,0.106,222311,40,80,13108,36,58,92.634091,0.322086170895,-129.793899,-37.159808,-23.676445
1048576,1048640,2097280,0.106,222311,40,80,13108,36,59,94.268572,0.322086170895,-132.031702,-37.763131,-23.676362
1048576,1048640,2097280,0.106,222311,40,80,13108,36,60,95.903053,0.322086170895,-134.269505,-38.366452,-23.676308
1048576,1048640,2097280,0.106,222311,40,80,13108,36,61,97.537535,0.322086170895,-136.507307,-38.969773,-23.676272
1048576,1048640,2097280,0.106,222311,40,80,13108,36,62,99.172016,0.322086170895,-138.745108,-39.573092,-23.676248
1048576,1048640,2097280,0.106,222311,40,80,13108,36,63,100.806497,0.322086170895,-140.982909,-40.176411,-23.676232
1048576,1048640,2097280,0.106,222311,40,80,13108,36,64,102.440979,0.322086170895,-143.220708,-40.779729,-23.676222
1048576,1048640,2097280,0.106,222311,40,80,13108,36,65,104.075460,0.322086170895,-145.458506,-41.383046,-23.676215
1048576,1048640,2097280,0.106,222311,40,80,13108,36,66,105.709942,0.322086170895,-147.696303,-41.986362,-23.676211
1048576,1048640,2097280,0.106,222311,40,80,13108,36,67,107.344423,0.322086170895,-149.934100,-42.589677,-23.676208
1048576,1048640,2097280,0.106,222311,40,80,13108,36,68,108.978904,0.322086170895,-152.171895,-43.192991,-23.676206
1048576,1048640,2097280,0.106,222311,40,80,13108,36,69,110.613386,0.322086170895,-154.409689,-43.796303,-23.676205
1048576,1048640,2097280,0.106,222311,40,80,13108,36,70,112.247867,0.322086170895,-156.647482,-44.399615,-23.676204
1048576,1048640,2097280,0.106,222311,40,80,13108,36,71,113.882348,0.322086170895,-158.885274,-45.002925,-23.676204
1048576,1048640,2097280,0.106,222311,40,80,13108,36,72,115.516830,0.322086170895,-161.123064,-45.606234,-23.676203
1048576,1048640,2097280,0.106,222311,40,80,13108,36,73,117.151311,0.322086170895,-163.360853,-46.209542,-23.676203
1048576,1048640,2097280,0.106,222311,40,80,13108,36,74,118.785793,0.322086170895,-165.598641,-46.812848,-23.676203
1048576,1048640,2097280,0.106,222311,40,80,13108,36,75,120.420274,0.322086170895,-167.836427,-47.416153,-23.676203
1048576,1048640,2097280,0.106,222311,40,80,13108,36,76,122.054755,0.322086170895,-170.074211,-48.019456,-23.676203
1048576,1048640,2097280,0.106,222311,40,80,13108,36,77,123.689237,0.322086170895,-172.311994,-48.622758,-23.676203
1048576,1048640,2097280,0.106,222311,40,80,13108,36,78,125.323718,0.322086170895,-174.549775,-49.226057,-23.676203
1048576,1048640,2097280,0.106,222311,40,80,13108,36,79,126.958199,0.322086170895,-176.787554,-49.829355,-23.676202
1048576,1048640,2097280,0.106,222311,40,80,13108,36,80,128.592681,0.322086170895,-179.025331,-50.432651,-23.676202
1048576,1048640,2097280,0.106,222311,40,80,13108,36,81,130.227162,0.322086170895,-181.263106,-51.035944,-23.676202
1048576,1048640,2097280,0.106,222311,40,80,13108,36,82,131.861644,0.322086170895,-183.500878,-51.639235,-23.676202
1048576,1048640,2097280,0.106,222311,40,80,13108,36,83,133.496125,0.322086170895,-185.738648,-52.242523,-23.676202
1048576,1048640,2097280,0.106,222311,40,80,13108,36,84,135.130606,0.322086170895,-187.976414,-52.845808,-23.676202
1048576,1048640,2097280,0.106,222311,40,80,13108,36,85,136.765088,0.322086170895,-190.214177,-53.449090,-23.676202
1048576,1048640,2097280,0.106,222311,40,80,13108,36,86,138.399569,0.322086170895,-192.451937,-54.052368,-23.676202
1048576,1048640,2097280,0.106,222311,40,80,13108,36,87,140.034050,0.322086170895,-194.689693,-54.655643,-23.676202
1048576,1048640,2097280,0.106,222311,40,80,13108,36,88,141.668532,0.322086170895,-196.927445,-55.258913,-23.676202
1048576,1048640,2097280,0.106,222311,40,80,13108,36,89,143.303013,0.322086170895,-199.165192,-55.862179,-23.676202
1048576,1048640,2097280,0.106,222311,40,80,13108,36,90,144.937495,0.322086170895,-201.402934,-56.465439,-23.676202
1048576,1048640,2097280,0.106,222311,40,80,13108,36,91,146.571976,0.322086170895,-203.640670,-57.068694,-23.676202
1048576,1048640,2097280,0.106,222311,40,80,13108,36,92,148.206457,0.322086170895,-205.878400,-57.671942,-23.676202
1048576,1048640,2097280,0.106,222311,40,80,13108,36,93,149.840939,0.322086170895,-208.116123,-58.275184,-23.676202
1048576,1048640,2097280,0.106,222311,40,80,13108,36,94,151.475420,0.322086170895,-210.353838,-58.878418,-23.676202
1048576,1048640,2097280,0.106,222311,40,80,13108,36,95,153.109901,0.322086170895,-212.591544,-59.481643,-23.676202
1048576,1048640,2097280,0.106,222311,40,80,13108,36,96,154.744383,0.322086170895,-214.829241,-60.084859,-23.676202
1048576,1048640,2097280,0.106,222311,40,80,13108,36,97,156.378864,0.322086170895,-217.066928,-60.688064,-23.676202
1048576,1048640,2097280,0.106,222311,40,80,13108,36,98,158.013346,0.322086170895,-219.304602,-61.291257,-23.676202
1048576,1048640,2097280,0.106,222311,40,80,13108,36,99,159.647827,0.322086170895,-221.542264,-61.894437,-23.676202
1048576,1048640,2097280,0.106,222311,40,80,13108,36,100,161.282308,0.322086170895,-223.779911,-62.497602,-23.676202
1048576,1048640,2097280,0.106,222311,40,80,13108,36,101,162.916790,0.322086170895,-226.017541,-63.100752,-23.676202
1048576,1048640,2097280,0.106,222311,40,80,13108,36,102,164.551271,0.322086170895,-228.255154,-63.703883,-23.676202
1048576,1048640,2097280,0.106,222311,40,80,13108,36,103,166.185752,0.322086170895,-230.492746,-64.306994,-23.676202
1048576,1048640,2097280,0.106,222311,40,80,13108,36,104,167.820234,0.322086170895,-232.730316,-64.910082,-23.676202
1048576,1048640,2097280,0.106,222311,40,80,13108,36,105,169.454715,0.322086170895,-234.967860,-65.513145,-23.676202
1048576,1048640,2097280,0.106,222311,40,80,13108,36,106,171.089197,0.322086170895,-237.205376,-66.116180,-23.676202
1048576,1048640,2097280,0.106,222311,40,80,13108,36,107,172.723678,0.322086170895,-239.442861,-66.719183,-23.676202
1048576,1048640,2097280,0.106,222311,40,80,13108,36,108,174.358159,0.322086170895,-241.680311,-67.322152,-23.676202
1048576,1048640,2097280,0.106,222311,40,80,13108,36,109,175.992641,0.322086170895,-243.917722,-67.925081,-23.676202
1048576,1048640,2097280,0.106,222311,40,80,13108,36,110,177.627122,0.322086170895,-246.155089,-68.527967,-23.676202
1048576,1048640,2097280,0.106,222311,40,80,13108,36,111,179.261603,0.322086170895,-248.392408,-69.130804,-23.676202
1048576,1048640,2097280,0.106,222311,40,80,13108,36,112,180.896085,0.322086170895,-250.629672,-69.733587,-23.676202
1048576,1048640,2097280,0.106,222311,40,80,13108,36,113,182.530566,0.322086170895,-252.866875,-70.336309,-23.676202
1048576,1048640,2097280,0.106,222311,40,80,13108,36,114,184.165048,0.322086170895,-255.104010,-70.938963,-23.676202
1048576,1048640,2097280,0.106,222311,40,80,13108,36,115,185.799529,0.322086170895,-257.341070,-71.541541,-23.676202
1048576,1048640,2097280,0.106,222311,40,80,13108,36,116,187.434010,0.322086170895,-259.578045,-72.144035,-23.676202
1048576,1048640,2097280,0.106,222311,40,80,13108,36,117,189.068492,0.322086170895,-261.814926,-72.746435,-23.676202
1048576,1048640,2097280,0.106,222311,40,80,13108,36,118,190.702973,0.322086170895,-264.051702,-73.348729,-23.676202
1048576,1048640,2097280,0.106,222311,40,80,13108,36,119,192.337454,0.322086170895,-266.288360,-73.950906,-23.676202
1048576,1048640,2097280,0.106,222311,40,80,13108,36,120,193.971936,0.322086170895,-268.524888,-74.552952,-23.676202
1048576,1048640,2097280,0.106,222311,40,80,13108,36,121,195.606417,0.322086170895,-270.761269,-75.154852,-23.676202
1048576,1048640,2097280,0.106,222311,40,80,13108,36,122,197.240899,0.322086170895,-272.997488,-75.756589,-23.676202
1048576,1048640,2097280,0.106,222311,40,80,13108,36,123,198.875380,0.322086170895,-275.233525,-76.358145,-23.676202
1048576,1048640,2097280,0.106,222311,40,80,13108,36,124,200.509861,0.322086170895,-277.469359,-76.959498,-23.676202
1048576,1048640,2097280,0.106,222311,40,80,13108,36,125,202.144343,0.322086170895,-279.704968,-77.560626,-23.676202
1048576,1048640,2097280,0.106,222311,40,80,13108,36,126,203.778824,0.322086170895,-281.940327,-78.161503,-23.676202
1048576,1048640,2097280,0.106,222311,40,80,13108,36,127,205.413306,0.322086170895,-284.175406,-78.762100,-23.676202
1048576,1048640,2097280,0.106,222311,40,80,13108,36,128,207.047787,0.322086170895,-286.410174,-79.362387,-23.676202
1048576,1048640,2097280,0.106,222311,40,80,13108,36,129,208.682268,0.322086170895,-288.644596,-79.962328,-23.676202
1048576,1048640,2097280,0.106,222311,40,80,13108,36,130,210.316750,0.322086170895,-290.878635,-80.561885,-23.676202
1048576,1048640,2097280,0.106,222311,40,80,13108,36,131,211.951231,0.322086170895,-293.112246,-81.161015,-23.676202
1048576,1048640,2097280,0.106,222311,40,80,13108,36,132,213.585712,0.322086170895,-295.345384,-81.759672,-23.676202
1048576,1048640,2097280,0.106,222311,40,80,13108,36,133,215.220194,0.322086170895,-297.577997,-82.357803,-23.676202
1048576,1048640,2097280,0.106,222311,40,80,13108,36,134,216.854675,0.322086170895,-299.810027,-82.955352,-23.676202
1048576,1048640,2097280,0.106,222311,40,80,13108,36,135,218.489157,0.322086170895,-302.041413,-83.552256,-23.676202
1048576,1048640,2097280,0.106,222311,40,80,13108,36,136,220.123638,0.322086170895,-304.272084,-84.148447,-23.676202
1048576,1048640,2097280,0.106,222311,40,80,13108,36,137,221.758119,0.322086170895,-306.501968,-84.743849,-23.676202
1048576,1048640,2097280,0.106,222311,40,80,13108,36,138,223.392601,0.322086170895,-308.730981,-85.338381,-23.676202
1048576,1048640,2097280,0.106,222311,40,80,13108,36,139,225.027082,0.322086170895,-310.959035,-85.931953,-23.676202
1048576,1048640,2097280,0.106,222311,40,80,13108,36,140,226.661563,0.322086170895,-313.186033,-86.524469,-23.676202
1048576,1048640,2097280,0.106,222311,40,80,13108,36,141,228.296045,0.322086170895,-315.411870,-87.115825,-23.676202
1048576,1048640,2097280,0.106,222311,40,80,13108,36,142,229.930526,0.322086170895,-317.636433,-87.705906,-23.676202
1048576,1048640,2097280,0.106,222311,40,80,13108,36,143,231.565008,0.322086170895,-319.859600,-88.294593,-23.676202
1048576,1048640,2097280,0.106,222311,40,80,13108,36,144,233.199489,0.322086170895,-322.081243,-88.881754,-23.676202
1048576,1048640,2097280,0.106,222311,40,80,13108,36,145,234.833970,0.322086170895,-324.301223,-89.467253,-23.676202
1048576,1048640,2097280,0.106,222311,40,80,13108,36,146,236.468452,0.322086170895,-326.519393,-90.050941,-23.676202
1048576,1048640,2097280,0.106,222311,40,80,13108,36,147,238.102933,0.322086170895,-328.735598,-90.632665,-23.676202
1048576,1048640,2097280,0.106,222311,40,80,13108,36,148,239.737414,0.322086170895,-330.949679,-91.212264,-23.676202
1048576,1048640,2097280,0.106,222311,40,80,13108,36,149,241.371896,0.322086170895,-333.161466,-91.789570,-23.676202
1048576,1048640,2097280,0.106,222311,40,80,13108,36,150,243.006377,0.322086170895,-335.370786,-92.364409,-23.676202
1048576,1048640,2097280,0.106,222311,40,80,13108,36,151,244.640859,0.322086170895,-337.577464,-92.936605,-23.676202
1048576,1048640,2097280,0.106,222311,40,80,13108,36,152,246.275340,0.322086170895,-339.781320,-93.505980,-23.676202
1048576,1048640,2097280,0.106,222311,40,80,13108,36,153,247.909821,0.322086170895,-341.982175,-94.072353,-23.676202
1048576,1048640,2097280,0.106,222311,40,80,13108,36,154,249.544303,0.322086170895,-344.179852,-94.635550,-23.676202
1048576,1048640,2097280,0.106,222311,40,80,13108,36,155,251.178784,0.322086170895,-346.374180,-95.195396,-23.676202
1048576,1048640,2097280,0.106,222311,40,80,13108,36,156,252.813265,0.322086170895,-348.564994,-95.751729,-23.676202
1048576,1048640,2097280,0.106,222311,40,80,13108,36,157,254.447747,0.322086170895,-350.752140,-96.304393,-23.676202
1048576,1048640,2097280,0.106,222311,40,80,13108,36,158,256.082228,0.322086170895,-352.935475,-96.853247,-23.676202
1048576,1048640,2097280,0.106,222311,40,80,13108,36,159,257.716710,0.322086170895,-355.114874,-97.398164,-23.676202
1048576,1048640,2097280,0.106,222311,40,80,13108,36,160,259.351191,0.322086170895,-357.290229,-97.939038,-23.676202
1048576,1048640,2097280,0.106,222311,40,80,13108,37,1,-inf,,-2.237846,-inf,-inf
1048576,1048640,2097280,0.106,222311,40,80,13108,37,2,-inf,,-4.475692,-inf,-inf
1048576,1048640,2097280,0.106,222311,40,80,13108,37,3,-inf,,-6.713537,-inf,-inf
1048576,1048640,2097280,0.106,222311,40,80,13108,37,4,-inf,,-8.951381,-inf,-inf
1048576,1048640,2097280,0.106,222311,40,80,13108,37,5,-inf,,-11.189224,-inf,-inf
1048576,1048640,2097280,0.106,222311,40,80,13108,37,6,-inf,,-13.427067,-inf,-inf
1048576,1048640,2097280,0.106,222311,40,80,13108,37,7,-inf,,-15.664909,-inf,-inf
1048576,1048640,2097280,0.106,222311,40,80,13108,37,8,-inf,,-17.902750,-inf,-inf
1048576,1048640,2097280,0.106,222311,40,80,13108,37,9,-inf,,-20.140591,-inf,-inf
1048576,1048640,2097280,0.106,222311,40,80,13108,37,10,-inf,,-22.378431,-inf,-inf
1048576,1048640,2097280,0.106,222311,40,80,13108,37,11,-inf,,-24.616270,-inf,-inf
1048576,1048640,2097280,0.106,222311,40,80,13108,37,12,-inf,,-26.854109,-inf,-inf
1048576,1048640,2097280,0.106,222311,40,80,13108,37,13,-inf,,-29.091946,-inf,-inf
1048576,1048640,2097280,0.106,222311,40,80,13108,37,14,-inf,,-31.329784,-inf,-inf
1048576,1048640,2097280,0.106,222311,40,80,13108,37,15,-inf,,-33.567620,-inf,-inf
1048576,1048640,2097280,0.106,222311,40,80,13108,37,16,-inf,,-35.805456,-inf,-inf
1048576,1048640,2097280,0.106,222311,40,80,13108,37,17,-inf,,-38.043291,-inf,-inf
1048576,1048640,2097280,0.106,222311,40,80,13108,37,18,-inf,,-40.281125,-inf,-inf
1048576,1048640,2097280,0.106,222311,40,80,13108,37,19,-inf,,-42.518958,-inf,-inf
1048576,1048640,2097280,0.106,222311,40,80,13108,37,20,-inf,,-44.756791,-inf,-inf
1048576,1048640,2097280,0.106,222311,40,80,13108,37,21,-inf,,-46.994623,-inf,-inf
1048576,1048640,2097280,0.106,222311,40,80,13108,37,22,-inf,,-49.232455,-inf,-inf
1048576,1048640,2097280,0.106,222311,40,80,13108,37,23,-inf,,-51.470285,-inf,-inf
1048576,1048640,2097280,0.106,222311,40,80,13108,37,24,-inf,,-53.708115,-inf,-inf
1048576,1048640,2097280,0.106,222311,40,80,13108,37,25,-inf,,-55.945944,-inf,-inf
1048576,1048640,2097280,0.106,222311,40,80,13108,37,26,-inf,,-58.183773,-inf,-inf
1048576,1048640,2097280,0.106,222311,40,80,13108,37,27,-inf,,-60.421601,-inf,-inf
1048576,1048640,2097280,0.106,222311,40,80,13108,37,28,-inf,,-62.659428,-inf,-inf
1048576,1048640,2097280,0.106,222311,40,80,13108,37,29,-inf,,-64.897254,-inf,-inf
1048576,1048640,2097280,0.106,222311,40,80,13108,37,30,-inf,,-67.135080,-inf,-inf
1048576,1048640,2097280,0.106,222311,40,80,13108,37,31,-inf,,-69.372905,-inf,-inf
1048576,1048640,2097280,0.106,222311,40,80,13108,37,32,-inf,,-71.610729,-inf,-inf
1048576,1048640,2097280,0.106,222311,40,80,13108,37,33,-inf,,-73.848553,-inf,-inf
1048576,1048640,2097280,0.106,222311,40,80,13108,37,34,-inf,,-76.086375,-inf,-inf
1048576,1048640,2097280,0.106,222311,40,80,13108,37,35,-inf,,-78.324197,-inf,-inf
1048576,1048640,2097280,0.106,222311,40,80,13108,37,36,-inf,,-80.562019,-inf,-inf
1048576,1048640,2097280,0.106,222311,40,80,13108,37,37,55.111646,0.173712159159,-82.799839,-27.688193,-27.688193
1048576,1048640,2097280,0.106,222311,40,80,13108,37,38,57.636875,0.173712159159,-85.037659,-27.400784,-26.537343
1048576,1048640,2097280,0.106,222311,40,80,13108,37,39,60.162105,0.173712159159,-87.275478,-27.113373,-25.796798
1048576,1048640,2097280,0.106,222311,40,80,13108,37,40,62.687334,0.173712159159,-89.513297,-26.825962,-25.221492
1048576,1048640,2097280,0.106,222311,40,80,13108,37,41,64.537197,0.290590738289,-91.751114,-27.213918,-24.898046
1048576,1048640,2097280,0.106,222311,40,80,13108,37,42,66.320136,0.290590738289,-93.988931,-27.668795,-24.700774
1048576,1048640,2097280,0.106,222311,40,80,13108,37,43,67.971112,0.322086170895,-96.226747,-28.255635,-24.582959
1048576,1048640,2097280,0.106,222311,40,80,13108,37,44,69.605593,0.322086170895,-98.464563,-28.858969,-24.510349
1048576,1048640,2097280,0.106,222311,40,80,13108,37,45,71.240075,0.322086170895,-100.702377,-29.462303,-24.464475
1048576,1048640,2097280,0.106,222311,40,80,13108,37,46,72.874556,0.322086170895,-102.940191,-30.065635,-24.435057
1048576,1048640,2097280,0.106,222311,40,80,13108,37,47,74.509037,0.322086170895,-105.178005,-30.668967,-24.416015
1048576,1048640,2097280,0.106,222311,40,80,13108,37,48,76.143519,0.322086170895,-107.415817,-31.272298,-24.403617
1048576,1048640,2097280,0.106,222311,40,80,13108,37,49,77.778000,0.322086170895,-109.653629,-31.875629,-24.395513
1048576,1048640,2097280,0.106,222311,40,80,13108,37,50,79.412482,0.322086170895,-111.891440,-32.478958,-24.390204
1048576,1048640,2097280,0.106,222311,40,80,13108,37,51,81.046963,0.322086170895,-114.129250,-33.082287,-24.386720
1048576,1048640,2097280,0.106,222311,40,80,13108,37,52,82.681444,0.322086170895,-116.367059,-33.685615,-24.384432
1048576,1048640,2097280,0.106,222311,40,80,13108,37,53,84.315926,0.322086170895,-118.604868,-34.288942,-24.382927
1048576,1048640,2097280,0.106,222311,40,80,13108,37,54,85.950407,0.322086170895,-120.842676,-34.892269,-24.381938
1048576,1048640,2097280,0.106,222311,40,80,13108,37,55,87.584888,0.322086170895,-123.080483,-35.495594,-24.381287
1048576,1048640,2097280,0.106,222311,40,80,13108,37,56,89.219370,0.322086170895,-125.318289,-36.098919,-24.380859
1048576,1048640,2097280,0.106,222311,40,80,13108,37,57,90.853851,0.322086170895,-127.556094,-36.702243,-24.380577
1048576,1048640,2097280,0.106,222311,40,80,13108,37,58,92.488333,0.322086170895,-129.793899,-37.305566,-24.380391
1048576,1048640,2097280,0.106,222311,40,80,13108,37,59,94.122814,0.322086170895,-132.031702,-37.908889,-24.380269
1048576,1048640,2097280,0.106,222311,40,80,13108,37,60,95.757295,0.322086170895,-134.269505,-38.512210,-24.380189
1048576,1048640,2097280,0.106,222311,40,80,13108,37,61,97.391777,0.322086170895,-136.507307,-39.115531,-24.380136
1048576,1048640,2097280,0.106,222311,40,80,13108,37,62,99.026258,0.322086170895,-138.745108,-39.718850,-24.380101
1048576,1048640,2097280,0.106,222311,40,80,13108,37,63,100.660739,0.322086170895,-140.982909,-40.322169,-24.380078
1048576,1048640,2097280,0.106,222311,40,80,13108,37,64,102.295221,0.322086170895,-143.220708,-40.925487,-24.380063
1048576,1048640,2097280,0.106,222311,40,80,13108,37,65,103.929702,0.322086170895,-145.458506,-41.528804,-24.380053
1048576,1048640,2097280,0.106,222311,40,80,13108,37,66,105.564184,0.322086170895,-147.696303,-42.132120,-24.380047
1048576,1048640,2097280,0.106,222311,40,80,13108,37,67,107.198665,0.322086170895,-149.934100,-42.735435,-24.380042
1048576,1048640,2097280,0.106,222311,40,80,13108,37,68,108.833146,0.322086170895,-152.171895,-43.338749,-24.380040
1048576,1048640,2097280,0.106,222311,40,80,13108,37,69,110.467628,0.322086170895,-154.409689,-43.942061,-24.380038
1048576,1048640,2097280,0.106,222311,40,80,13108,37,70,112.102109,0.322086170895,-156.647482,-44.545373,-24.380036
1048576,1048640,2097280,0.106,222311,40,80,13108,37,71,113.736590,0.322086170895,-158.885274,-45.148683,-24.380036
1048576,1048640,2097280,0.106,222311,40,80,13108,37,72,115.371072,0.322086170895,-161.123064,-45.751992,-24.380035
1048576,1048640,2097280,0.106,222311,40,80,13108,37,73,117.005553,0.322086170895,-163.360853,-46.355300,-24.380035
1048576,1048640,2097280,0.106,222311,40,80,13108,37,74,118.640035,0.322086170895,-165.598641,-46.958606,-24.380035
1048576,1048640,2097280,0.106,222311,40,80,13108,37,75,120.274516,0.322086170895,-167.836427,-47.561911,-24.380034
1048576,1048640,2097280,0.106,222311,40,80,13108,37,76,121.908997,0.322086170895,-170.074211,-48.165214,-24.380034
1048576,1048640,2097280,0.106,222311,40,80,13108,37,77,123.543479,0.322086170895,-172.311994,-48.768516,-24.380034
1048576,1048640,2097280,0.106,222311,40,80,13108,37,78,125.177960,0.322086170895,-174.549775,-49.371815,-24.380034
1048576,1048640,2097280,0.106,222311,40,80,13108,37,79,126.812441,0.322086170895,-176.787554,-49.975113,-24.380034
1048576,1048640,2097280,0.106,222311,40,80,13108,37,80,128.446923,0.322086170895,-179.025331,-50.578409,-24.380034
1048576,1048640,2097280,0.106,222311,40,80,13108,37,81,130.081404,0.322086170895,-181.263106,-51.181702,-24.380034
1048576,1048640,2097280,0.106,222311,40,80,13108,37,82,131.715886,0.322086170895,-183.500878,-51.784993,-24.380034
1048576,1048640,2097280,0.106,222311,40,80,13108,37,83,133.350367,0.322086170895,-185.738648,-52.388281,-24.380034
1048576,1048640,2097280,0.106,222311,40,80,13108,37,84,134.984848,0.322086170895,-187.976414,-52.991566,-24.380034
1048576,1048640,2097280,0.106,222311,40,80,13108,37,85,136.619330,0.322086170895,-190.214177,-53.594848,-24.380034
1048576,1048640,2097280,0.106,222311,40,80,13108,37,86,138.253811,0.322086170895,-192.451937,-54.198126,-24.380034
1048576,1048640,2097280,0.106,222311,40,80,13108,37,87,139.888292,0.322086170895,-194.689693,-54.801401,-24.380034
1048576,1048640,2097280,0.106,222311,40,80,13108,37,88,141.522774,0.322086170895,-196.927445,-55.404671,-24.380034
1048576,1048640,2097280,0.106,222311,40,80,13108,37,89,143.157255,0.322086170895,-199.165192,-56.007937,-24.380034
1048576,1048640,2097280,0.106,222311,40,80,13108,37,90,144.791737,0.322086170895,-201.402934,-56.611197,-24.380034
1048576,1048640,2097280,0.106,222311,40,80,13108,37,91,146.426218,0.322086170895,-203.640670,-57.214452,-24.380034
1048576,1048640,2097280,0.106,222311,40,80,13108,37,92,148.060699,0.322086170895,-205.878400,-57.817700,-24.380034
1048576,1048640,2097280,0.106,222311,40,80,13108,37,93,149.695181,0.322086170895,-208.116123,-58.420942,-24.380034
1048576,1048640,2097280,0.106,222311,40,80,13108,37,94,151.329662,0.322086170895,-210.353838,-59.024176,-24.380034
1048576,1048640,2097280,0.106,222311,40,80,13108,37,95,152.964143,0.322086170895,-212.591544,-59.627401,-24.380034
1048576,1048640,2097280,0.106,222311,40,80,13108,37,96,154.598625,0.322086170895,-214.829241,-60.230617,-24.380034
1048576,1048640,2097280,0.106,222311,40,80,13108,37,97,156.233106,0.322086170895,-217.066928,-60.833822,-24.380034
1048576,1048640,2097280,0.106,222311,40,80,13108,37,98,157.867588,0.322086170895,-219.304602,-61.437015,-24.380034
1048576,1048640,2097280,0.106,222311,40,80,13108,37,99,159.502069,0.322086170895,-221.542264,-62.040195,-24.380034
1048576,1048640,2097280,0.106,222311,40,80,13108,37,100,161.136550,0.322086170895,-223.779911,-62.643360,-24.380034
1048576,1048640,2097280,0.106,222311,40,80,13108,37,101,162.771032,0.322086170895,-226.017541,-63.246510,-24.380034
1048576,1048640,2097280,0.106,222311,40,80,13108,37,102,164.405513,0.322086170895,-228.255154,-63.849641,-24.380034
1048576,1048640,2097280,0.106,222311,40,80,13108,37,103,166.039994,0.322086170895,-230.492746,-64.452752,-24.380034
1048576,1048640,2097280,0.106,222311,40,80,13108,37,104,167.674476,0.322086170895,-232.730316,-65.055840,-24.380034
1048576,1048640,2097280,0.106,222311,40,80,13108,37,105,169.308957,0.322086170895,-234.967860,-65.658903,-24.380034
1048576,1048640,2097280,0.106,222311,40,80,13108,37,106,170.943439,0.322086170895,-237.205376,-66.261938,-24.380034
1048576,1048640,2097280,0.106,222311,40,80,13108,37,107,172.577920,0.322086170895,-239.442861,-66.864941,-24.380034
1048576,1048640,2097280,0.106,222311,40,80,13108,37,108,174.212401,0.322086170895,-241.680311,-67.467910,-24.380034
1048576,1048640,2097280,0.106,222311,40,80,13108,37,109,175.846883,0.322086170895,-243.917722,-68.070839,-24.380034
1048576,1048640,2097280,0.106,222311,40,80,13108,37,110,177.481364,0.322086170895,-246.155089,-68.673725,-24.380034
1048576,1048640,2097280,0.106,222311,40,80,13108,37,111,179.115845,0.322086170895,-248.392408,-69.276562,-24.380034
1048576,1048640,2097280,0.106,222311,40,80,13108,37,112,180.750327,0.322086170895,-250.629672,-69.879345,-24.380034
1048576,1048640,2097280,0.106,222311,40,80,13108,37,113,182.384808,0.322086170895,-252.866875,-70.482067,-24.380034
1048576,1048640,2097280,0.106,222311,40,80,13108,37,114,184.019290,0.322086170895,-255.104010,-71.084721,-24.380034
1048576,1048640,2097280,0.106,222311,40,80,13108,37,115,185.653771,0.322086170895,-257.341070,-71.687299,-24.380034
1048576,1048640,2097280,0.106,222311,40,80,13108,37,116,187.288252,0.322086170895,-259.578045,-72.289793,-24.380034
1048576,1048640,2097280,0.106,222311,40,80,13108,37,117,188.922734,0.322086170895,-261.814926,-72.892193,-24.380034
1048576,1048640,2097280,0.106,222311,40,80,13108,37,118,190.557215,0.322086170895,-264.051702,-73.494487,-24.380034
1048576,1048640,2097280,0.106,222311,40,80,13108,37,119,192.191696,0.322086170895,-266.288360,-74.096664,-24.380034
1048576,1048640,2097280,0.106,222311,40,80,13108,37,120,193.826178,0.322086170895,-268.524888,-74.698710,-24.380034
1048576,1048640,2097280,0.106,222311,40,80,13108,37,121,195.460659,0.322086170895,-270.761269,-75.300610,-24.380034
1048576,1048640,2097280,0.106,222311,40,80,13108,37,122,197.095141,0.322086170895,-272.997488,-75.902347,-24.380034
1048576,1048640,2097280,0.106,222311,40,80,13108,37,123,198.729622,0.322086170895,-275.233525,-76.503903,-24.380034
1048576,1048640,2097280,0.106,222311,40,80,13108,37,124,200.364103,0.322086170895,-277.469359,-77.105256,-24.380034
1048576,1048640,2097280,0.106,222311,40,80,13108,37,125,201.998585,0.322086170895,-279.704968,-77.706384,-24.380034
1048576,1048640,2097280,0.106,222311,40,80,13108,37,126,203.633066,0.322086170895,-281.940327,-78.307261,-24.380034
1048576,1048640,2097280,0.106,222311,40,80,13108,37,127,205.267547,0.322086170895,-284.175406,-78.907858,-24.380034
1048576,1048640,2097280,0.106,222311,40,80,13108,37,128,206.902029,0.322086170895,-286.410174,-79.508145,-24.380034
1048576,1048640,2097280,0.106,222311,40,80,13108,37,129,208.536510,0.322086170895,-288.644596,-80.108086,-24.380034
1048576,1048640,2097280,0.106,222311,40,80,13108,37,130,210.170992,0.322086170895,-290.878635,-80.707643,-24.380034
1048576,1048640,2097280,0.106,222311,40,80,13108,37,131,211.805473,0.322086170895,-293.112246,-81.306773,-24.380034
1048576,1048640,2097280,0.106,222311,40,80,13108,37,132,213.439954,0.322086170895,-295.345384,-81.905430,-24.380034
1048576,1048640,2097280,0.106,222311,40,80,13108,37,133,215.074436,0.322086170895,-297.577997,-82.503561,-24.380034
1048576,1048640,2097280,0.106,222311,40,80,13108,37,134,216.708917,0.322086170895,-299.810027,-83.101110,-24.380034
1048576,1048640,2097280,0.106,222311,40,80,13108,37,135,218.343399,0.322086170895,-302.041413,-83.698014,-24.380034
1048576,1048640,2097280,0.106,222311,40,80,13108,37,136,219.977880,0.322086170895,-304.272084,-84.294205,-24.380034
1048576,1048640,2097280,0.106,222311,40,80,13108,37,137,221.612361,0.322086170895,-306.501968,-84.889607,-24.380034
1048576,1048640,2097280,0.106,222311,40,80,13108,37,138,223.246843,0.322086170895,-308.730981,-85.484139,-24.380034
1048576,1048640,2097280,0.106,222311,40,80,13108,37,139,224.881324,0.322086170895,-310.959035,-86.077711,-24.380034
1048576,1048640,2097280,0.106,222311,40,80,13108,37,140,226.515805,0.322086170895,-313.186033,-86.670227,-24.380034
1048576,1048640,2097280,0.106,222311,40,80,13108,37,141,228.150287,0.322086170895,-315.411870,-87.261583,-24.380034
1048576,1048640,2097280,0.106,222311,40,80,13108,37,142,229.784768,0.322086170895,-317.636433,-87.851664,-24.380034
1048576,1048640,2097280,0.106,222311,40,80,13108,37,143,231.419250,0.322086170895,-319.859600,-88.440351,-24.380034
1048576,1048640,2097280,0.106,222311,40,80,13108,37,144,233.053731,0.322086170895,-322.081243,-89.027512,-24.380034
1048576,1048640,2097280,0.106,222311,40,80,13108,37,145,234.688212,0.322086170895,-324.301223,-89.613011,-24.380034
1048576,1048640,2097280,0.106,222311,40,80,13108,37,146,236.322694,0.322086170895,-326.519393,-90.196699,-24.380034
1048576,1048640,2097280,0.106,222311,40,80,13108,37,147,237.957175,0.322086170895,-328.735598,-90.778423,-24.380034
1048576,1048640,2097280,0.106,222311,40,80,13108,37,148,239.591656,0.322086170895,-330.949679,-91.358022,-24.380034
1048576,1048640,2097280,0.106,222311,40,80,13108,37,149,241.226138,0.322086170895,-333.161466,-91.935328,-24.380034
1048576,1048640,2097280,0.106,222311,40,80,13108,37,150,242.860619,0.322086170895,-335.370786,-92.510167,-24.380034
1048576,1048640,2097280,0.106,222311,40,80,13108,37,151,244.495101,0.322086170895,-337.577464,-93.082363,-24.380034
1048576,1048640,2097280,0.106,222311,40,80,13108,37,152,246.129582,0.322086170895,-339.781320,-93.651738,-24.380034
1048576,1048640,2097280,0.106,222311,40,80,13108,37,153,247.764063,0.322086170895,-341.982175,-94.218111,-24.380034
1048576,1048640,2097280,0.106,222311,40,80,13108,37,154,249.398545,0.322086170895,-344.179852,-94.781308,-24.380034
1048576,1048640,2097280,0.106,222311,40,80,13108,37,155,251.033026,0.322086170895,-346.374180,-95.341154,-24.380034
1048576,1048640,2097280,0.106,222311,40,80,13108,37,156,252.667507,0.322086170895,-348.564994,-95.897487,-24.380034
1048576,1048640,2097280,0.106,222311,40,80,13108,37,157,254.301989,0.322086170895,-350.752140,-96.450151,-24.380034
1048576,1048640,2097280,0.106,222311,40,80,13108,37,158,255.936470,0.322086170895,-352.935475,-96.999005,-24.380034
1048576,1048640,2097280,0.106,222311,40,80,13108,37,159,257.570952,0.322086170895,-355.114874,-97.543922,-24.380034
1048576,1048640,2097280,0.106,222311,40,80,13108,37,160,259.205433,0.322086170895,-357.290229,-98.084796,-24.380034
1048576,1048640,2097280,0.106,222311,40,80,13108,38,1,-inf,,-2.237846,-inf,-inf
1048576,1048640,2097280,0.106,222311,40,80,13108,38,2,-inf,,-4.475692,-inf,-inf
1048576,1048640,2097280,0.106,222311,40,80,13108,38,3,-inf,,-6.713537,-inf,-inf
1048576,1048640,2097280,0.106,222311,40,80,13108,38,4,-inf,,-8.951381,-inf,-inf
1048576,1048640,2097280,0.106,222311,40,80,13108,38,5,-inf,,-11.189224,-inf,-inf
1048576,1048640,2097280,0.106,222311,40,80,13108,38,6,-inf,,-13.427067,-inf,-inf
1048576,1048640,2097280,0.106,222311,40,80,13108,38,7,-inf,,-15.664909,-inf,-inf
1048576,1048640,2097280,0.106,222311,40,80,13108,38,8,-inf,,-17.902750,-inf,-inf
1048576,1048640,2097280,0.106,222311,40,80,13108,38,9,-inf,,-20.140591,-inf,-inf
1048576,1048640,2097280,0.106,222311,40,80,13108,38,10,-inf,,-22.378431,-inf,-inf
1048576,1048640,2097280,0.106,222311,40,80,13108,38,11,-inf,,-24.616270,-inf,-inf
1048576,1048640,2097280,0.106,222311,40,80,13108,38,12,-inf,,-26.854109,-inf,-inf
1048576,1048640,2097280,0.106,222311,40,80,13108,38,13,-inf,,-29.091946,-inf,-inf
1048576,1048640,2097280,0.106,222311,40,80,13108,38,14,-inf,,-31.329784,-inf,-inf
1048576,1048640,2097280,0.106,222311,40,80,13108,38,15,-inf,,-33.567620,-inf,-inf
1048576,1048640,2097280,0.106,222311,40,80,13108,38,16,-inf,,-35.805456,-inf,-inf
1048576,1048640,2097280,0.106,222311,40,80,13108,38,17,-inf,,-38.043291,-inf,-inf
1048576,1048640,2097280,0.106,222311,40,80,13108,38,18,-inf,,-40.281125,-inf,-inf
1048576,1048640,2097280,0.106,222311,40,80,13108,38,19,-inf,,-42.518958,-inf,-inf
1048576,1048640,2097280,0.106,222311,40,80,13108,38,20,-inf,,-44.756791,-inf,-inf
1048576,1048640,2097280,0.106,222311,40,80,13108,38,21,-inf,,-46.994623,-inf,-inf
1048576,1048640,2097280,0.106,222311,40,80,13108,38,22,-inf,,-49.232455,-inf,-inf
1048576,1048640,2097280,0.106,222311,40,80,13108,38,23,-inf,,-51.470285,-inf,-inf
1048576,1048640,2097280,0.106,222311,40,80,13108,38,24,-inf,,-53.708115,-inf,-inf
1048576,1048640,2097280,0.106,222311,40,80,13108,38,25,-inf,,-55.945944,-inf,-inf
1048576,1048640,2097280,0.106,222311,40,80,13108,38,26,-inf,,-58.183773,-inf,-inf
1048576,1048640,2097280,0.106,222311,40,80,13108,38,27,-inf,,-60.421601,-inf,-inf
1048576,1048640,2097280,0.106,222311,40,80,13108,38,28,-inf,,-62.659428,-inf,-inf
1048576,1048640,2097280,0.106,222311,40,80,13108,38,29,-inf,,-64.897254,-inf,-inf
1048576,1048640,2097280,0.106,222311,40,80,13108,38,30,-inf,,-67.135080,-inf,-inf
1048576,1048640,2097280,0.106,222311,40,80,13108,38,31,-inf,,-69.372905,-inf,-inf
1048576,1048640,2097280,0.106,222311,40,80,13108,38,32,-inf,,-71.610729,-inf,-inf
1048576,1048640,2097280,0.106,222311,40,80,13108,38,33,-inf,,-73.848553,-inf,-inf
1048576,1048640,2097280,0.106,222311,40,80,13108,38,34,-inf,,-76.086375,-inf,-inf
1048576,1048640,2097280,0.106,222311,40,80,13108,38,35,-inf,,-78.324197,-inf,-inf
1048576,1048640,2097280,0.106,222311,40,80,13108,38,36,-inf,,-80.562019,-inf,-inf
1048576,1048640,2097280,0.106,222311,40,80,13108,38,37,-inf,,-82.799839,-inf,-inf
1048576,1048640,2097280,0.106,222311,40,80,13108,38,38,57.667897,0.192539805332,-85.037659,-27.369762,-27.369762
1048576,1048640,2097280,0.106,222311,40,80,13108,38,39,60.044668,0.192539805332,-87.275478,-27.230810,-26.298614
1048576,1048640,2097280,0.106,222311,40,80,13108,38,40,62.332983,0.236538124161,-89.513297,-27.180314,-25.673130
1048576,1048640,2097280,0.106,222311,40,80,13108,38,41,64.284651,0.290590738289,-91.751114,-27.466463,-25.307433
1048576,1048640,2097280,0.106,222311,40,80,13108,38,42,66.067590,0.290590738289,-93.988931,-27.921341,-25.089140
1048576,1048640,2097280,0.106,222311,40,80,13108,38,43,67.798659,0.322086170895,-96.226747,-28.428088,-24.953175
1048576,1048640,2097280,0.106,222311,40,80,13108,38,44,69.433141,0.322086170895,-98.464563,-29.031422,-24.870200
1048576,1048640,2097280,0.106,222311,40,80,13108,38,45,71.067622,0.322086170895,-100.702377,-29.634755,-24.818076
1048576,1048640,2097280,0.106,222311,40,80,13108,38,46,72.702103,0.322086170895,-102.940191,-30.238088,-24.784767
1048576,1048640,2097280,0.106,222311,40,80,13108,38,47,74.336585,0.322086170895,-105.178005,-30.841420,-24.763254
1048576,1048640,2097280,0.106,222311,40,80,13108,38,48,75.971066,0.322086170895,-107.415817,-31.444751,-24.749267
1048576,1048640,2097280,0.106,222311,40,80,13108,38,49,77.605547,0.322086170895,-109.653629,-32.048081,-24.740133
1048576,1048640,2097280,0.106,222311,40,80,13108,38,50,79.240029,0.322086170895,-111.891440,-32.651411,-24.734153
1048576,1048640,2097280,0.106,222311,40,80,13108,38,51,80.874510,0.322086170895,-114.129250,-33.254740,-24.730230
1048576,1048640,2097280,0.106,222311,40,80,13108,38,52,82.508992,0.322086170895,-116.367059,-33.858068,-24.727653
1048576,1048640,2097280,0.106,222311,40,80,13108,38,53,84.143473,0.322086170895,-118.604868,-34.461395,-24.725960
1048576,1048640,2097280,0.106,222311,40,80,13108,38,54,85.777954,0.322086170895,-120.842676,-35.064721,-24.724846
1048576,1048640,2097280,0.106,222311,40,80,13108,38,55,87.412436,0.322086170895,-123.080483,-35.668047,-24.724114
1048576,1048640,2097280,0.106,222311,40,80,13108,38,56,89.046917,0.322086170895,-125.318289,-36.271372,-24.723632
1048576,1048640,2097280,0.106,222311,40,80,13108,38,57,90.681398,0.322086170895,-127.556094,-36.874696,-24.723314
1048576,1048640,2097280,0.106,222311,40,80,13108,38,58,92.315880,0.322086170895,-129.793899,-37.478019,-24.723106
1048576,1048640,2097280,0.106,222311,40,80,13108,38,59,93.950361,0.322086170895,-132.031702,-38.081341,-24.722968
1048576,1048640,2097280,0.106,222311,40,80,13108,38,60,95.584843,0.322086170895,-134.269505,-38.684663,-24.722878
1048576,1048640,2097280,0.106,222311,40,80,13108,38,61,97.219324,0.322086170895,-136.507307,-39.287983,-24.722818
1048576,1048640,2097280,0.106,222311,40,80,13108,38,62,98.853805,0.322086170895,-138.745108,-39.891303,-24.722779
1048576,1048640,2097280,0.106,222311,40,80,13108,38,63,100.488287,0.322086170895,-140.982909,-40.494622,-24.722753
1048576,1048640,2097280,0.106,222311,40,80,13108,38,64,102.122768,0.322086170895,-143.220708,-41.097940,-24.722736
1048576,1048640,2097280,0.106,222311,40,80,13108,38,65,103.757249,0.322086170895,-145.458506,-41.701257,-24.722725
1048576,1048640,2097280,0.106,222311,40,80,13108,38,66,105.391731,0.322086170895,-147.696303,-42.304573,-24.722718
1048576,1048640,2097280,0.106,222311,40,80,13108,38,67,107.026212,0.322086170895,-149.934100,-42.907887,-24.722713
1048576,1048640,2097280,0.106,222311,40,80,13108,38,68,108.660694,0.322086170895,-152.171895,-43.511201,-24.722710
1048576,1048640,2097280,0.106,222311,40,80,13108,38,69,110.295175,0.322086170895,-154.409689,-44.114514,-24.722708
1048576,1048640,2097280,0.106,222311,40,80,13108,38,70,111.929656,0.322086170895,-156.647482,-44.717825,-24.722706
1048576,1048640,2097280,0.106,222311,40,80,13108,38,71,113.564138,0.322086170895,-158.885274,-45.321136,-24.722705
1048576,1048640,2097280,0.106,222311,40,80,13108,38,72,115.198619,0.322086170895,-161.123064,-45.924445,-24.722705
1048576,1048640,2097280,0.106,222311,40,80,13108,38,73,116.833100,0.322086170895,-163.360853,-46.527753,-24.722704
1048576,1048640,2097280,0.106,222311,40,80,13108,38,74,118.467582,0.322086170895,-165.598641,-47.131059,-24.722704
1048576,1048640,2097280,0.106,222311,40,80,13108,38,75,120.102063,0.322086170895,-167.836427,-47.734364,-24.722704
1048576,1048640,2097280,0.106,222311,40,80,13108,38,76,121.736545,0.322086170895,-170.074211,-48.337667,-24.722704
1048576,1048640,2097280,0.106,222311,40,80,13108,38,77,123.371026,0.322086170895,-172.311994,-48.940968,-24.722704
1048576,1048640,2097280,0.106,222311,40,80,13108,38,78,125.005507,0.322086170895,-174.549775,-49.544268,-24.722704
1048576,1048640,2097280,0.106,222311,40,80,13108,38,79,126.639989,0.322086170895,-176.787554,-50.147566,-24.722704
1048576,1048640,2097280,0.106,222311,40,80,13108,38,80,128.274470,0.322086170895,-179.025331,-50.750861,-24.722704
1048576,1048640,2097280,0.106,222311,40,80,13108,38,81,129.908952,0.322086170895,-181.263106,-51.354155,-24.722704
1048576,1048640,2097280,0.106,222311,40,80,13108,38,82,131.543433,0.322086170895,-183.500878,-51.957445,-24.722704
1048576,1048640,2097280,0.106,222311,40,80,13108,38,83,133.177914,0.322086170895,-185.738648,-52.560733,-24.722704
1048576,1048640,2097280,0.106,222311,40,80,13108,38,84,134.812396,0.322086170895,-187.976414,-53.164019,-24.722704
1048576,1048640,2097280,0.106,222311,40,80,13108,38,85,136.446877,0.322086170895,-190.214177,-53.767300,-24.722704
1048576,1048640,2097280,0.106,222311,40,80,13108,38,86,138.081358,0.322086170895,-192.451937,-54.370579,-24.722704
1048576,1048640,2097280,0.106,222311,40,80,13108,38,87,139.715840,0.322086170895,-194.689693,-54.973853,-24.722704
1048576,1048640,2097280,0.106,222311,40,80,13108,38,88,141.350321,0.322086170895,-196.927445,-55.577124,-24.722704
1048576,1048640,2097280,0.106,222311,40,80,13108,38,89,142.984803,0.322086170895,-199.165192,-56.180389,-24.722704
1048576,1048640,2097280,0.106,222311,40,80,13108,38,90,144.619284,0.322086170895,-201.402934,-56.783650,-24.722704
1048576,1048640,2097280,0.106,222311,40,80,13108,38,91,146.253765,0.322086170895,-203.640670,-57.386905,-24.722704
1048576,1048640,2097280,0.106,222311,40,80,13108,38,92,147.888247,0.322086170895,-205.878400,-57.990153,-24.722704
1048576,1048640,2097280,0.106,222311,40,80,13108,38,93,149.522728,0.322086170895,-208.116123,-58.593395,-24.722704
1048576,1048640,2097280,0.106,222311,40,80,13108,38,94,151.157209,0.322086170895,-210.353838,-59.196628,-24.722704
1048576,1048640,2097280,0.106,222311,40,80,13108,38,95,152.791691,0.322086170895,-212.591544,-59.799854,-24.722704
1048576,1048640,2097280,0.106,222311,40,80,13108,38,96,154.426172,0.322086170895,-214.829241,-60.403069,-24.722704
1048576,1048640,2097280,0.106,222311,40,80,13108,38,97,156.060654,0.322086170895,-217.066928,-61.006274,-24.722704
1048576,1048640,2097280,0.106,222311,40,80,13108,38,98,157.695135,0.322086170895,-219.304602,-61.609468,-24.722704
1048576,1048640,2097280,0.106,222311,40,80,13108,38,99,159.329616,0.322086170895,-221.542264,-62.212648,-24.722704
1048576,1048640,2097280,0.106,222311,40,80,13108,38,100,160.964098,0.322086170895,-223.779911,-62.815813,-24.722704
1048576,1048640,2097280,0.106,222311,40,80,13108,38,101,162.598579,0.322086170895,-226.017541,-63.418962,-24.722704
1048576,1048640,2097280,0.106,222311,40,80,13108,38,102,164.233060,0.322086170895,-228.255154,-64.022093,-24.722704
1048576,1048640,2097280,0.106,222311,40,80,13108,38,103,165.867542,0.322086170895,-230.492746,-64.625204,-24.722704
1048576,1048640,2097280,0.106,222311,40,80,13108,38,104,167.502023,0.322086170895,-232.730316,-65.228292,-24.722704
1048576,1048640,2097280,0.106,222311,40,80,13108,38,105,169.136505,0.322086170895,-234.967860,-65.831356,-24.722704
1048576,1048640,2097280,0.106,222311,40,80,13108,38,106,170.770986,0.322086170895,-237.205376,-66.434390,-24.722704
1048576,1048640,2097280,0.106,222311,40,80,13108,38,107,172.405467,0.322086170895,-239.442861,-67.037394,-24.722704
1048576,1048640,2097280,0.106,222311,40,80,13108,38,108,174.039949,0.322086170895,-241.680311,-67.640363,-24.722704
1048576,1048640,2097280,0.106,222311,40,80,13108,38,109,175.674430,0.322086170895,-243.917722,-68.243292,-24.722704
1048576,1048640,2097280,0.106,222311,40,80,13108,38,110,177.308911,0.322086170895,-246.155089,-68.846178,-24.722704
1048576,1048640,2097280,0.106,222311,40,80,13108,38,111,178.943393,0.322086170895,-248.392408,-69.449015,-24.722704
1048576,1048640,2097280,0.106,222311,40,80,13108,38,112,180.577874,0.322086170895,-250.629672,-70.051797,-24.722704
1048576,1048640,2097280,0.106,222311,40,80,13108,38,113,182.212356,0.322086170895,-252.866875,-70.654519,-24.722704
1048576,1048640,2097280,0.106,222311,40,80,13108,38,114,183.846837,0.322086170895,-255.104010,-71.257173,-24.722704
1048576,1048640,2097280,0.106,222311,40,80,13108,38,115,185.481318,0.322086170895,-257.341070,-71.859752,-24.722704
1048576,1048640,2097280,0.106,222311,40,80,13108,38,116,187.115800,0.322086170895,-259.578045,-72.462246,-24.722704
1048576,1048640,2097280,0.106,222311,40,80,13108,38,117,188.750281,0.322086170895,-261.814926,-73.064645,-24.722704
1048576,1048640,2097280,0.106,222311,40,80,13108,38,118,190.384762,0.322086170895,-264.051702,-73.666940,-24.722704
1048576,1048640,2097280,0.106,222311,40,80,13108,38,119,192.019244,0.322086170895,-266.288360,-74.269117,-24.722704
1048576,1048640,2097280,0.106,222311,40,80,13108,38,120,193.653725,0.322086170895,-268.524888,-74.871163,-24.722704
1048576,1048640,2097280,0.106,222311,40,80,13108,38,121,195.288207,0.322086170895,-270.761269,-75.473063,-24.722704
1048576,1048640,2097280,0.106,222311,40,80,13108,38,122,196.922688,0.322086170895,-272.997488,-76.074800,-24.722704
1048576,1048640,2097280,0.106,222311,40,80,13108,38,123,198.557169,0.322086170895,-275.233525,-76.676355,-24.722704
1048576,1048640,2097280,0.106,222311,40,80,13108,38,124,200.191651,0.322086170895,-277.469359,-77.277709,-24.722704
1048576,1048640,2097280,0.106,222311,40,80,13108,38,125,201.826132,0.322086170895,-279.704968,-77.878836,-24.722704
1048576,1048640,2097280,0.106,222311,40,80,13108,38,126,203.460613,0.322086170895,-281.940327,-78.479713,-24.722704
1048576,1048640,2097280,0.106,222311,40,80,13108,38,127,205.095095,0.322086170895,-284.175406,-79.080311,-24.722704
1048576,1048640,2097280,0.106,222311,40,80,13108,38,128,206.729576,0.322086170895,-286.410174,-79.680598,-24.722704
1048576,1048640,2097280,0.106,222311,40,80,13108,38,129,208.364058,0.322086170895,-288.644596,-80.280539,-24.722704
1048576,1048640,2097280,0.106,222311,40,80,13108,38,130,209.998539,0.322086170895,-290.878635,-80.880096,-24.722704
1048576,1048640,2097280,0.106,222311,40,80,13108,38,131,211.633020,0.322086170895,-293.112246,-81.479226,-24.722704
1048576,1048640,2097280,0.106,222311,40,80,13108,38,132,213.267502,0.322086170895,-295.345384,-82.077883,-24.722704
1048576,1048640,2097280,0.106,222311,40,80,13108,38,133,214.901983,0.322086170895,-297.577997,-82.676014,-24.722704
1048576,1048640,2097280,0.106,222311,40,80,13108,38,134,216.536464,0.322086170895,-299.810027,-83.273563,-24.722704
1048576,1048640,2097280,0.106,222311,40,80,13108,38,135,218.170946,0.322086170895,-302.041413,-83.870467,-24.722704
1048576,1048640,2097280,0.106,222311,40,80,13108,38,136,219.805427,0.322086170895,-304.272084,-84.466657,-24.722704
1048576,1048640,2097280,0.106,222311,40,80,13108,38,137,221.439909,0.322086170895,-306.501968,-85.062059,-24.722704
1048576,1048640,2097280,0.106,222311,40,80,13108,38,138,223.074390,0.322086170895,-308.730981,-85.656591,-24.722704
1048576,1048640,2097280,0.106,222311,40,80,13108,38,139,224.708871,0.322086170895,-310.959035,-86.250164,-24.722704
1048576,1048640,2097280,0.106,222311,40,80,13108,38,140,226.343353,0.322086170895,-313.186033,-86.842680,-24.722704
1048576,1048640,2097280,0.106,222311,40,80,13108,38,141,227.977834,0.322086170895,-315.411870,-87.434035,-24.722704
1048576,1048640,2097280,0.106,222311,40,80,13108,38,142,229.612315,0.322086170895,-317.636433,-88.024117,-24.722704
1048576,1048640,2097280,0.106,222311,40,80,13108,38,143,231.246797,0.322086170895,-319.859600,-88.612804,-24.722704
1048576,1048640,2097280,0.106,222311,40,80,13108,38,144,232.881278,0.322086170895,-322.081243,-89.199965,-24.722704
1048576,1048640,2097280,0.106,222311,40,80,13108,38,145,234.515760,0.322086170895,-324.301223,-89.785463,-24.722704
1048576,1048640,2097280,0.106,222311,40,80,13108,38,146,236.150241,0.322086170895,-326.519393,-90.369152,-24.722704
1048576,1048640,2097280,0.106,222311,40,80,13108,38,147,237.784722,0.322086170895,-328.735598,-90.950876,-24.722704
1048576,1048640,2097280,0.106,222311,40,80,13108,38,148,239.419204,0.322086170895,-330.949679,-91.530475,-24.722704
1048576,1048640,2097280,0.106,222311,40,80,13108,38,149,241.053685,0.322086170895,-333.161466,-92.107780,-24.722704
1048576,1048640,2097280,0.106,222311,40,80,13108,38,150,242.688166,0.322086170895,-335.370786,-92.682620,-24.722704
1048576,1048640,2097280,0.106,222311,40,80,13108,38,151,244.322648,0.322086170895,-337.577464,-93.254816,-24.722704
1048576,1048640,2097280,0.106,222311,40,80,13108,38,152,245.957129,0.322086170895,-339.781320,-93.824190,-24.722704
1048576,1048640,2097280,0.106,222311,40,80,13108,38,153,247.591611,0.322086170895,-341.982175,-94.390564,-24.722704
1048576,1048640,2097280,0.106,222311,40,80,13108,38,154,249.094798,0.356995209458,-344.179852,-95.085054,-24.722704
1048576,1048640,2097280,0.106,222311,40,80,13108,38,155,250.580821,0.356995209458,-346.374180,-95.793359,-24.722704
1048576,1048640,2097280,0.106,222311,40,80,13108,38,156,252.066845,0.356995209458,-348.564994,-96.498150,-24.722704
1048576,1048640,2097280,0.106,222311,40,80,13108,38,157,253.552868,0.356995209458,-350.752140,-97.199272,-24.722704
1048576,1048640,2097280,0.106,222311,40,80,13108,38,158,255.038892,0.356995209458,-352.935475,-97.896583,-24.722704
1048576,1048640,2097280,0.106,222311,40,80,13108,38,159,256.524915,0.356995209458,-355.114874,-98.589959,-24.722704
1048576,1048640,2097280,0.106,222311,40,80,13108,38,160,258.010938,0.356995209458,-357.290229,-99.279291,-24.722704
1048576,1048640,2097280,0.106,222311,40,80,13108,39,1,-inf,,-2.237846,-inf,-inf
1048576,1048640,2097280,0.106,222311,40,80,13108,39,2,-inf,,-4.475692,-inf,-inf
1048576,1048640,2097280,0.106,222311,40,80,13108,39,3,-inf,,-6.713537,-inf,-inf
1048576,1048640,2097280,0.106,222311,40,80,13108,39,4,-inf,,-8.951381,-inf,-inf
1048576,1048640,2097280,0.106,222311,40,80,13108,39,5,-inf,,-11.189224,-inf,-inf
1048576,1048640,2097280,0.106,222311,40,80,13108,39,6,-inf,,-13.427067,-inf,-inf
1048576,1048640,2097280,0.106,222311,40,80,13108,39,7,-inf,,-15.664909,-inf,-inf
1048576,1048640,2097280,0.106,222311,40,80,13108,39,8,-inf,,-17.902750,-inf,-inf
1048576,1048640,2097280,0.106,222311,40,80,13108,39,9,-inf,,-20.140591,-inf,-inf
1048576,1048640,2097280,0.106,222311,40,80,13108,39,10,-inf,,-22.378431,-inf,-inf
1048576,1048640,2097280,0.106,222311,40,80,13108,39,11,-inf,,-24.616270,-inf,-inf
1048576,1048640,2097280,0.106,222311,40,80,13108,39,12,-inf,,-26.854109,-inf,-inf
1048576,1048640,2097280,0.106,222311,40,80,13108,39,13,-inf,,-29.091946,-inf,-inf
1048576,1048640,2097280,0.106,222311,40,80,13108,39,14,-inf,,-31.329784,-inf,-inf
1048576,1048640,2097280,0.106,222311,40,80,13108,39,15,-inf,,-33.567620,-inf,-inf
1048576,1048640,2097280,0.106,222311,40,80,13108,39,16,-inf,,-35.805456,-inf,-inf
1048576,1048640,2097280,0.106,222311,40,80,13108,39,17,-inf,,-38.043291,-inf,-inf
1048576,1048640,2097280,0.106,222311,40,80,13108,39,18,-inf,,-40.281125,-inf,-inf
1048576,1048640,2097280,0.106,222311,40,80,13108,39,19,-inf,,-42.518958,-inf,-inf
1048576,1048640,2097280,0.106,222311,40,80,13108,39,20,-inf,,-44.756791,-inf,-inf
1048576,1048640,2097280,0.106,222311,40,80,13108,39,21,-inf,,-46.994623,-inf,-inf
1048576,1048640,2097280,0.106,222311,40,80,13108,39,22,-inf,,-49.232455,-inf,-inf
1048576,1048640,2097280,0.106,222311,40,80,13108,39,23,-inf,,-51.470285,-inf,-inf
1048576,1048640,2097280,0.106,222311,40,80,13108,39,24,-inf,,-53.708115,-inf,-inf
1048576,1048640,2097280,0.106,222311,40,80,13108,39,25,-inf,,-55.945944,-inf,-inf
1048576,1048640,2097280,0.106,222311,40,80,13108,39,26,-inf,,-58.183773,-inf,-inf
1048576,1048640,2097280,0.106,222311,40,80,13108,39,27,-inf,,-60.421601,-inf,-inf
1048576,1048640,2097280,0.106,222311,40,80,13108,39,28,-inf,,-62.659428,-inf,-inf
1048576,1048640,2097280,0.106,222311,40,80,13108,39,29,-inf,,-64.897254,-inf,-inf
1048576,1048640,2097280,0.106,222311,40,80,13108,39,30,-inf,,-67.135080,-inf,-inf
1048576,1048640,2097280,0.106,222311,40,80,13108,39,31,-inf,,-69.372905,-inf,-inf
1048576,1048640,2097280,0.106,222311,40,80,13108,39,32,-inf,,-71.610729,-inf,-inf
1048576,1048640,2097280,0.106,222311,40,80,13108,39,33,-inf,,-73.848553,-inf,-inf
1048576,1048640,2097280,0.106,222311,40,80,13108,39,34,-inf,,-76.086375,-inf,-inf
1048576,1048640,2097280,0.106,222311,40,80,13108,39,35,-inf,,-78.324197,-inf,-inf
1048576,1048640,2097280,0.106,222311,40,80,13108,39,36,-inf,,-80.562019,-inf,-inf
1048576,1048640,2097280,0.106,222311,40,80,13108,39,37,-inf,,-82.799839,-inf,-inf
1048576,1048640,2097280,0.106,222311,40,80,13108,39,38,-inf,,-85.037659,-inf,-inf
1048576,1048640,2097280,0.106,222311,40,80,13108,39,39,59.230224,0.192539805332,-87.275478,-28.045254,-28.045254
1048576,1048640,2097280,0.106,222311,40,80,13108,39,40,61.606995,0.192539805332,-89.513297,-27.906301,-26.974105
1048576,1048640,2097280,0.106,222311,40,80,13108,39,41,63.888891,0.236538124161,-91.751114,-27.862223,-26.350877
1048576,1048640,2097280,0.106,222311,40,80,13108,39,42,65.781517,0.290590738289,-93.988931,-28.207414,-25.999092
1048576,1048640,2097280,0.106,222311,40,80,13108,39,43,67.564456,0.290590738289,-96.226747,-28.662291,-25.787620
1048576,1048640,2097280,0.106,222311,40,80,13108,39,44,69.232524,0.322086170895,-98.464563,-29.232039,-25.660832
1048576,1048640,2097280,0.106,222311,40,80,13108,39,45,70.867005,0.322086170895,-100.702377,-29.835372,-25.583072
1048576,1048640,2097280,0.106,222311,40,80,13108,39,46,72.501486,0.322086170895,-102.940191,-30.438705,-25.534084
1048576,1048640,2097280,0.106,222311,40,80,13108,39,47,74.135968,0.322086170895,-105.178005,-31.042037,-25.502723
1048576,1048640,2097280,0.106,222311,40,80,13108,39,48,75.770449,0.322086170895,-107.415817,-31.645368,-25.482446
1048576,1048640,2097280,0.106,222311,40,80,13108,39,49,77.404931,0.322086170895,-109.653629,-32.248698,-25.469254
1048576,1048640,2097280,0.106,222311,40,80,13108,39,50,79.039412,0.322086170895,-111.891440,-32.852028,-25.460635
1048576,1048640,2097280,0.106,222311,40,80,13108,39,51,80.673893,0.322086170895,-114.129250,-33.455356,-25.454990
1048576,1048640,2097280,0.106,222311,40,80,13108,39,52,82.308375,0.322086170895,-116.367059,-34.058684,-25.451286
1048576,1048640,2097280,0.106,222311,40,80,13108,39,53,83.942856,0.322086170895,-118.604868,-34.662012,-25.448853
1048576,1048640,2097280,0.106,222311,40,80,13108,39,54,85.577337,0.322086170895,-120.842676,-35.265338,-25.447254
1048576,1048640,2097280,0.106,222311,40,80,13108,39,55,87.211819,0.322086170895,-123.080483,-35.868664,-25.446202
1048576,1048640,2097280,0.106,222311,40,80,13108,39,56,88.846300,0.322086170895,-125.318289,-36.471989,-25.445511
1048576,1048640,2097280,0.106,222311,40,80,13108,39,57,90.480782,0.322086170895,-127.556094,-37.075313,-25.445055
1048576,1048640,2097280,0.106,222311,40,80,13108,39,58,92.115263,0.322086170895,-129.793899,-37.678636,-25.444756
1048576,1048640,2097280,0.106,222311,40,80,13108,39,59,93.749744,0.322086170895,-132.031702,-38.281958,-25.444559
1048576,1048640,2097280,0.106,222311,40,80,13108,39,60,95.384226,0.322086170895,-134.269505,-38.885280,-25.444429
1048576,1048640,2097280,0.106,222311,40,80,13108,39,61,97.018707,0.322086170895,-136.507307,-39.488600,-25.444344
1048576,1048640,2097280,0.106,222311,40,80,13108,39,62,98.653189,0.322086170895,-138.745108,-40.091920,-25.444287
1048576,1048640,2097280,0.106,222311,40,80,13108,39,63,100.287670,0.322086170895,-140.982909,-40.695239,-25.444250
1048576,1048640,2097280,0.106,222311,40,80,13108,39,64,101.922151,0.322086170895,-143.220708,-41.298557,-25.444226
1048576,1048640,2097280,0.106,222311,40,80,13108,39,65,103.556633,0.322086170895,-145.458506,-41.901873,-25.444210
1048576,1048640,2097280,0.106,222311,40,80,13108,39,66,105.191114,0.322086170895,-147.696303,-42.505189,-25.444199
1048576,1048640,2097280,0.106,222311,40,80,13108,39,67,106.825595,0.322086170895,-149.934100,-43.108504,-25.444193
1048576,1048640,2097280,0.106,222311,40,80,13108,39,68,108.460077,0.322086170895,-152.171895,-43.711818,-25.444188
1048576,1048640,2097280,0.106,222311,40,80,13108,39,69,110.094558,0.322086170895,-154.409689,-44.315131,-25.444185
1048576,1048640,2097280,0.106,222311,40,80,13108,39,70,111.729040,0.322086170895,-156.647482,-44.918442,-25.444183
1048576,1048640,2097280,0.106,222311,40,80,13108,39,71,113.363521,0.322086170895,-158.885274,-45.521753,-25.444182
1048576,1048640,2097280,0.106,222311,40,80,13108,39,72,114.998002,0.322086170895,-161.123064,-46.125062,-25.444181
1048576,1048640,2097280,0.106,222311,40,80,13108,39,73,116.632484,0.322086170895,-163.360853,-46.728369,-25.444180
1048576,1048640,2097280,0.106,222311,40,80,13108,39,74,118.266965,0.322086170895,-165.598641,-47.331676,-25.444180
1048576,1048640,2097280,0.106,222311,40,80,13108,39,75,119.901446,0.322086170895,-167.836427,-47.934980,-25.444180
1048576,1048640,2097280,0.106,222311,40,80,13108,39,76,121.535928,0.322086170895,-170.074211,-48.538284,-25.444179
1048576,1048640,2097280,0.106,222311,40,80,13108,39,77,123.170409,0.322086170895,-172.311994,-49.141585,-25.444179
1048576,1048640,2097280,0.106,222311,40,80,13108,39,78,124.804891,0.322086170895,-174.549775,-49.744885,-25.444179
1048576,1048640,2097280,0.106,222311,40,80,13108,39,79,126.439372,0.322086170895,-176.787554,-50.348183,-25.444179
1048576,1048640,2097280,0.106,222311,40,80,13108,39,80,128.073853,0.322086170895,-179.025331,-50.951478,-25.444179
1048576,1048640,2097280,0.106,222311,40,80,13108,39,81,129.708335,0.322086170895,-181.263106,-51.554771,-25.444179
1048576,1048640,2097280,0.106,222311,40,80,13108,39,82,131.342816,0.322086170895,-183.500878,-52.158062,-25.444179
1048576,1048640,2097280,0.106,222311,40,80,13108,39,83,132.977297,0.322086170895,-185.738648,-52.761350,-25.444179
1048576,1048640,2097280,0.106,222311,40,80,13108,39,84,134.611779,0.322086170895,-187.976414,-53.364635,-25.444179
1048576,1048640,2097280,0.106,222311,40,80,13108,39,85,136.246260,0.322086170895,-190.214177,-53.967917,-25.444179
1048576,1048640,2097280,0.106,222311,40,80,13108,39,86,137.880742,0.322086170895,-192.451937,-54.571196,-25.444179
1048576,1048640,2097280,0.106,222311,40,80,13108,39,87,139.515223,0.322086170895,-194.689693,-55.174470,-25.444179
1048576,1048640,2097280,0.106,222311,40,80,13108,39,88,141.149704,0.322086170895,-196.927445,-55.777741,-25.444179
1048576,1048640,2097280,0.106,222311,40,80,13108,39,89,142.784186,0.322086170895,-199.165192,-56.381006,-25.444179
1048576,1048640,2097280,0.106,222311,40,80,13108,39,90,144.418667,0.322086170895,-201.402934,-56.984267,-25.444179
1048576,1048640,2097280,0.106,222311,40,80,13108,39,91,146.053148,0.322086170895,-203.640670,-57.587521,-25.444179
1048576,1048640,2097280,0.106,222311,40,80,13108,39,92,147.687630,0.322086170895,-205.878400,-58.190770,-25.444179
1048576,1048640,2097280,0.106,222311,40,80,13108,39,93,149.322111,0.322086170895,-208.116123,-58.794011,-25.444179
1048576,1048640,2097280,0.106,222311,40,80,13108,39,94,150.956593,0.322086170895,-210.353838,-59.397245,-25.444179
1048576,1048640,2097280,0.106,222311,40,80,13108,39,95,152.591074,0.322086170895,-212.591544,-60.000470,-25.444179
1048576,1048640,2097280,0.106,222311,40,80,13108,39,96,154.225555,0.322086170895,-214.829241,-60.603686,-25.444179
1048576,1048640,2097280,0.106,222311,40,80,13108,39,97,155.860037,0.322086170895,-217.066928,-61.206891,-25.444179
1048576,1048640,2097280,0.106,222311,40,80,13108,39,98,157.494518,0.322086170895,-219.304602,-61.810084,-25.444179
1048576,1048640,2097280,0.106,222311,40,80,13108,39,99,159.128999,0.322086170895,-221.542264,-62.413264,-25.444179
1048576,1048640,2097280,0.106,222311,40,80,13108,39,100,160.763481,0.322086170895,-223.779911,-63.016430,-25.444179
1048576,1048640,2097280,0.106,222311,40,80,13108,39,101,162.397962,0.322086170895,-226.017541,-63.619579,-25.444179
1048576,1048640,2097280,0.106,222311,40,80,13108,39,102,164.032444,0.322086170895,-228.255154,-64.222710,-25.444179
1048576,1048640,2097280,0.106,222311,40,80,13108,39,103,165.666925,0.322086170895,-230.492746,-64.825821,-25.444179
1048576,1048640,2097280,0.106,222311,40,80,13108,39,104,167.301406,0.322086170895,-232.730316,-65.428909,-25.444179
1048576,1048640,2097280,0.106,222311,40,80,13108,39,105,168.935888,0.322086170895,-234.967860,-66.031972,-25.444179
1048576,1048640,2097280,0.106,222311,40,80,13108,39,106,170.570369,0.322086170895,-237.205376,-66.635007,-25.444179
1048576,1048640,2097280,0.106,222311,40,80,13108,39,107,172.204850,0.322086170895,-239.442861,-67.238011,-25.444179
1048576,1048640,2097280,0.106,222311,40,80,13108,39,108,173.839332,0.322086170895,-241.680311,-67.840979,-25.444179
1048576,1048640,2097280,0.106,222311,40,80,13108,39,109,175.473813,0.322086170895,-243.917722,-68.443909,-25.444179
1048576,1048640,2097280,0.106,222311,40,80,13108,39,110,177.108295,0.322086170895,-246.155089,-69.046795,-25.444179
1048576,1048640,2097280,0.106,222311,40,80,13108,39,111,178.742776,0.322086170895,-248.392408,-69.649632,-25.444179
1048576,1048640,2097280,0.106,222311,40,80,13108,39,112,180.377257,0.322086170895,-250.629672,-70.252414,-25.444179
1048576,1048640,2097280,0.106,222311,40,80,13108,39,113,182.011739,0.322086170895,-252.866875,-70.855136,-25.444179
1048576,1048640,2097280,0.106,222311,40,80,13108,39,114,183.646220,0.322086170895,-255.104010,-71.457790,-25.444179
1048576,1048640,2097280,0.106,222311,40,80,13108,39,115,185.280701,0.322086170895,-257.341070,-72.060369,-25.444179
1048576,1048640,2097280,0.106,222311,40,80,13108,39,116,186.915183,0.322086170895,-259.578045,-72.662863,-25.444179
1048576,1048640,2097280,0.106,222311,40,80,13108,39,117,188.549664,0.322086170895,-261.814926,-73.265262,-25.444179
1048576,1048640,2097280,0.106,222311,40,80,13108,39,118,190.184146,0.322086170895,-264.051702,-73.867557,-25.444179
1048576,1048640,2097280,0.106,222311,40,80,13108,39,119,191.818627,0.322086170895,-266.288360,-74.469734,-25.444179
1048576,1048640,2097280,0.106,222311,40,80,13108,39,120,193.453108,0.322086170895,-268.524888,-75.071780,-25.444179
1048576,1048640,2097280,0.106,222311,40,80,13108,39,121,195.087590,0.322086170895,-270.761269,-75.673679,-25.444179
1048576,1048640,2097280,0.106,222311,40,80,13108,39,122,196.722071,0.322086170895,-272.997488,-76.275417,-25.444179
1048576,1048640,2097280,0.106,222311,40,80,13108,39,123,198.356552,0.322086170895,-275.233525,-76.876972,-25.444179
1048576,1048640,2097280,0.106,222311,40,80,13108,39,124,199.991034,0.322086170895,-277.469359,-77.478325,-25.444179
1048576,1048640,2097280,0.106,222311,40,80,13108,39,125,201.625515,0.322086170895,-279.704968,-78.079453,-25.444179
1048576,1048640,2097280,0.106,222311,40,80,13108,39,126,203.259997,0.322086170895,-281.940327,-78.680330,-25.444179
1048576,1048640,2097280,0.106,222311,40,80,13108,39,127,204.894478,0.322086170895,-284.175406,-79.280928,-25.444179
1048576,1048640,2097280,0.106,222311,40,80,13108,39,128,206.528959,0.322086170895,-286.410174,-79.881215,-25.444179
1048576,1048640,2097280,0.106,222311,40,80,13108,39,129,208.163441,0.322086170895,-288.644596,-80.481156,-25.444179
1048576,1048640,2097280,0.106,222311,40,80,13108,39,130,209.797922,0.322086170895,-290.878635,-81.080713,-25.444179
1048576,1048640,2097280,0.106,222311,40,80,13108,39,131,211.432403,0.322086170895,-293.112246,-81.679843,-25.444179
1048576,1048640,2097280,0.106,222311,40,80,13108,39,132,213.066885,0.322086170895,-295.345384,-82.278500,-25.444179
1048576,1048640,2097280,0.106,222311,40,80,13108,39,133,214.701366,0.322086170895,-297.577997,-82.876631,-25.444179
1048576,1048640,2097280,0.106,222311,40,80,13108,39,134,216.335848,0.322086170895,-299.810027,-83.474180,-25.444179
1048576,1048640,2097280,0.106,222311,40,80,13108,39,135,217.970329,0.322086170895,-302.041413,-84.071084,-25.444179
1048576,1048640,2097280,0.106,222311,40,80,13108,39,136,219.604810,0.322086170895,-304.272084,-84.667274,-25.444179
1048576,1048640,2097280,0.106,222311,40,80,13108,39,137,221.239292,0.322086170895,-306.501968,-85.262676,-25.444179
1048576,1048640,2097280,0.106,222311,40,80,13108,39,138,222.873773,0.322086170895,-308.730981,-85.857208,-25.444179
1048576,1048640,2097280,0.106,222311,40,80,13108,39,139,224.508254,0.322086170895,-310.959035,-86.450781,-25.444179
1048576,1048640,2097280,0.106,222311,40,80,13108,39,140,226.142736,0.322086170895,-313.186033,-87.043297,-25.444179
1048576,1048640,2097280,0.106,222311,40,80,13108,39,141,227.777217,0.322086170895,-315.411870,-87.634652,-25.444179
1048576,1048640,2097280,0.106,222311,40,80,13108,39,142,229.411699,0.322086170895,-317.636433,-88.224734,-25.444179
1048576,1048640,2097280,0.106,222311,40,80,13108,39,143,231.046180,0.322086170895,-319.859600,-88.813420,-25.444179
1048576,1048640,2097280,0.106,222311,40,80,13108,39,144,232.680661,0.322086170895,-322.081243,-89.400582,-25.444179
1048576,1048640,2097280,0.106,222311,40,80,13108,39,145,234.290275,0.356995209458,-324.301223,-90.010947,-25.444179
1048576,1048640,2097280,0.106,222311,40,80,13108,39,146,235.776299,0.356995209458,-326.519393,-90.743094,-25.444179
1048576,1048640,2097280,0.106,222311,40,80,13108,39,147,237.262322,0.356995209458,-328.735598,-91.473276,-25.444179
1048576,1048640,2097280,0.106,222311,40,80,13108,39,148,238.748346,0.356995209458,-330.949679,-92.201333,-25.444179
1048576,1048640,2097280,0.106,222311,40,80,13108,39,149,240.234369,0.356995209458,-333.161466,-92.927097,-25.444179
1048576,1048640,2097280,0.106,222311,40,80,13108,39,150,241.720392,0.356995209458,-335.370786,-93.650394,-25.444179
1048576,1048640,2097280,0.106,222311,40,80,13108,39,151,243.206416,0.356995209458,-337.577464,-94.371048,-25.444179
1048576,1048640,2097280,0.106,222311,40,80,13108,39,152,244.692439,0.356995209458,-339.781320,-95.088880,-25.444179
1048576,1048640,2097280,0.106,222311,40,80,13108,39,153,246.178462,0.356995209458,-341.982175,-95.803712,-25.444179
1048576,1048640,2097280,0.106,222311,40,80,13108,39,154,247.664486,0.356995209458,-344.179852,-96.515366,-25.444179
1048576,1048640,2097280,0.106,222311,40,80,13108,39,155,249.150509,0.356995209458,-346.374180,-97.223671,-25.444179
1048576,1048640,2097280,0.106,222311,40,80,13108,39,156,250.636533,0.356995209458,-348.564994,-97.928462,-25.444179
1048576,1048640,2097280,0.106,222311,40,80,13108,39,157,252.122556,0.356995209458,-350.752140,-98.629584,-25.444179
1048576,1048640,2097280,0.106,222311,40,80,13108,39,158,253.608579,0.356995209458,-352.935475,-99.326896,-25.444179
1048576,1048640,2097280,0.106,222311,40,80,13108,39,159,255.094603,0.356995209458,-355.114874,-100.020271,-25.444179
1048576,1048640,2097280,0.106,222311,40,80,13108,39,160,256.580626,0.356995209458,-357.290229,-100.709603,-25.444179
1048576,1048640,2097280,0.106,222311,40,80,13108,40,1,-inf,,-2.237846,-inf,-inf
1048576,1048640,2097280,0.106,222311,40,80,13108,40,2,-inf,,-4.475692,-inf,-inf
1048576,1048640,2097280,0.106,222311,40,80,13108,40,3,-inf,,-6.713537,-inf,-inf
1048576,1048640,2097280,0.106,222311,40,80,13108,40,4,-inf,,-8.951381,-inf,-inf
1048576,1048640,2097280,0.106,222311,40,80,13108,40,5,-inf,,-11.189224,-inf,-inf
1048576,1048640,2097280,0.106,222311,40,80,13108,40,6,-inf,,-13.427067,-inf,-inf
1048576,1048640,2097280,0.106,222311,40,80,13108,40,7,-inf,,-15.664909,-inf,-inf
1048576,1048640,2097280,0.106,222311,40,80,13108,40,8,-inf,,-17.902750,-inf,-inf
1048576,1048640,2097280,0.106,222311,40,80,13108,40,9,-inf,,-20.140591,-inf,-inf
1048576,1048640,2097280,0.106,222311,40,80,13108,40,10,-inf,,-22.378431,-inf,-inf
1048576,1048640,2097280,0.106,222311,40,80,13108,40,11,-inf,,-24.616270,-inf,-inf
1048576,1048640,2097280,0.106,222311,40,80,13108,40,12,-inf,,-26.854109,-inf,-inf
1048576,1048640,2097280,0.106,222311,40,80,13108,40,13,-inf,,-29.091946,-inf,-inf
1048576,1048640,2097280,0.106,222311,40,80,13108,40,14,-inf,,-31.329784,-inf,-inf
1048576,1048640,2097280,0.106,222311,40,80,13108,40,15,-inf,,-33.567620,-inf,-inf
1048576,1048640,2097280,0.106,222311,40,80,13108,40,16,-inf,,-35.805456,-inf,-inf
1048576,1048640,2097280,0.106,222311,40,80,13108,40,17,-inf,,-38.043291,-inf,-inf
1048576,1048640,2097280,0.106,222311,40,80,13108,40,18,-inf,,-40.281125,-inf,-inf
1048576,1048640,2097280,0.106,222311,40,80,13108,40,19,-inf,,-42.518958,-inf,-inf
1048576,1048640,2097280,0.106,222311,40,80,13108,40,20,-inf,,-44.756791,-inf,-inf
1048576,1048640,2097280,0.106,222311,40,80,13108,40,21,-inf,,-46.994623,-inf,-inf
1048576,1048640,2097280,0.106,222311,40,80,13108,40,22,-inf,,-49.232455,-inf,-inf
1048576,1048640,2097280,0.106,222311,40,80,13108,40,23,-inf,,-51.470285,-inf,-inf
1048576,1048640,2097280,0.106,222311,40,80,13108,40,24,-inf,,-53.708115,-inf,-inf
1048576,1048640,2097280,0.106,222311,40,80,13108,40,25,-inf,,-55.945944,-inf,-inf
1048576,1048640,2097280,0.106,222311,40,80,13108,40,26,-inf,,-58.183773,-inf,-inf
1048576,1048640,2097280,0.106,222311,40,80,13108,40,27,-inf,,-60.421601,-inf,-inf
1048576,1048640,2097280,0.106,222311,40,80,13108,40,28,-inf,,-62.659428,-inf,-inf
1048576,1048640,2097280,0.106,222311,40,80,13108,40,29,-inf,,-64.897254,-inf,-inf
1048576,1048640,2097280,0.106,222311,40,80,13108,40,30,-inf,,-67.135080,-inf,-inf
1048576,1048640,2097280,0.106,222311,40,80,13108,40,31,-inf,,-69.372905,-inf,-inf
1048576,1048640,2097280,0.106,222311,40,80,13108,40,32,-inf,,-71.610729,-inf,-inf
1048576,1048640,2097280,0.106,222311,40,80,13108,40,33,-inf,,-73.848553,-inf,-inf
1048576,1048640,2097280,0.106,222311,40,80,13108,40,34,-inf,,-76.086375,-inf,-inf
1048576,1048640,2097280,0.106,222311,40,80,13108,40,35,-inf,,-78.324197,-inf,-inf
1048576,1048640,2097280,0.106,222311,40,80,13108,40,36,-inf,,-80.562019,-inf,-inf
1048576,1048640,2097280,0.106,222311,40,80,13108,40,37,-inf,,-82.799839,-inf,-inf
1048576,1048640,2097280,0.106,222311,40,80,13108,40,38,-inf,,-85.037659,-inf,-inf
1048576,1048640,2097280,0.106,222311,40,80,13108,40,39,-inf,,-87.275478,-inf,-inf
1048576,1048640,2097280,0.106,222311,40,80,13108,40,40,60.749014,0.192539805332,-89.513297,-28.764282,-28.764282
1048576,1048640,2097280,0.106,222311,40,80,13108,40,41,63.125786,0.192539805332,-91.751114,-28.625329,-27.693133
1048576,1048640,2097280,0.106,222311,40,80,13108,40,42,65.391476,0.262175109676,-93.988931,-28.597455,-27.075568
1048576,1048640,2097280,0.106,222311,40,80,13108,40,43,67.243809,0.290590738289,-96.226747,-28.982939,-26.734632
1048576,1048640,2097280,0.106,222311,40,80,13108,40,44,69.002556,0.322086170895,-98.464563,-29.462007,-26.531743
1048576,1048640,2097280,0.106,222311,40,80,13108,40,45,70.637037,0.322086170895,-100.702377,-30.065340,-26.412249
1048576,1048640,2097280,0.106,222311,40,80,13108,40,46,72.271518,0.322086170895,-102.940191,-30.668673,-26.338672
1048576,1048640,2097280,0.106,222311,40,80,13108,40,47,73.906000,0.322086170895,-105.178005,-31.272005,-26.292212
1048576,1048640,2097280,0.106,222311,40,80,13108,40,48,75.540481,0.322086170895,-107.415817,-31.875336,-26.262427
1048576,1048640,2097280,0.106,222311,40,80,13108,40,49,77.174962,0.322086170895,-109.653629,-32.478666,-26.243152
1048576,1048640,2097280,0.106,222311,40,80,13108,40,50,78.809444,0.322086170895,-111.891440,-33.081996,-26.230604
1048576,1048640,2097280,0.106,222311,40,80,13108,40,51,80.443925,0.322086170895,-114.129250,-33.685325,-26.222403
1048576,1048640,2097280,0.106,222311,40,80,13108,40,52,82.078407,0.322086170895,-116.367059,-34.288653,-26.217031
1048576,1048640,2097280,0.106,222311,40,80,13108,40,53,83.712888,0.322086170895,-118.604868,-34.891980,-26.213505
1048576,1048640,2097280,0.106,222311,40,80,13108,40,54,85.347369,0.322086170895,-120.842676,-35.495306,-26.211189
1048576,1048640,2097280,0.106,222311,40,80,13108,40,55,86.981851,0.322086170895,-123.080483,-36.098632,-26.209667
1048576,1048640,2097280,0.106,222311,40,80,13108,40,56,88.616332,0.322086170895,-125.318289,-36.701957,-26.208666
1048576,1048640,2097280,0.106,222311,40,80,13108,40,57,90.250813,0.322086170895,-127.556094,-37.305281,-26.208007
1048576,1048640,2097280,0.106,222311,40,80,13108,40,58,91.885295,0.322086170895,-129.793899,-37.908604,-26.207574
1048576,1048640,2097280,0.106,222311,40,80,13108,40,59,93.519776,0.322086170895,-132.031702,-38.511926,-26.207288
1048576,1048640,2097280,0.106,222311,40,80,13108,40,60,95.154258,0.322086170895,-134.269505,-39.115248,-26.207101
1048576,1048640,2097280,0.106,222311,40,80,13108,40,61,96.788739,0.322086170895,-136.507307,-39.718568,-26.206977
1048576,1048640,2097280,0.106,222311,40,80,13108,40,62,98.423220,0.322086170895,-138.745108,-40.321888,-26.206896
1048576,1048640,2097280,0.106,222311,40,80,13108,40,63,100.057702,0.322086170895,-140.982909,-40.925207,-26.206842
1048576,1048640,2097280,0.106,222311,40,80,13108,40,64,101.692183,0.322086170895,-143.220708,-41.528525,-26.206807
1048576,1048640,2097280,0.106,222311,40,80,13108,40,65,103.326664,0.322086170895,-145.458506,-42.131842,-26.206784
1048576,1048640,2097280,0.106,222311,40,80,13108,40,66,104.961146,0.322086170895,-147.696303,-42.735158,-26.206769
1048576,1048640,2097280,0.106,222311,40,80,13108,40,67,106.595627,0.322086170895,-149.934100,-43.338472,-26.206759
1048576,1048640,2097280,0.106,222311,40,80,13108,40,68,108.230109,0.322086170895,-152.171895,-43.941786,-26.206752
1048576,1048640,2097280,0.106,222311,40,80,13108,40,69,109.864590,0.322086170895,-154.409689,-44.545099,-26.206748
1048576,1048640,2097280,0.106,222311,40,80,13108,40,70,111.499071,0.322086170895,-156.647482,-45.148410,-26.206745
1048576,1048640,2097280,0.106,222311,40,80,13108,40,71,113.133553,0.322086170895,-158.885274,-45.751721,-26.206743
1048576,1048640,2097280,0.106,222311,40,80,13108,40,72,114.768034,0.322086170895,-161.123064,-46.355030,-26.206742
1048576,1048640,2097280,0.106,222311,40,80,13108,40,73,116.402515,0.322086170895,-163.360853,-46.958338,-26.206741
1048576,1048640,2097280,0.106,222311,40,80,13108,40,74,118.036997,0.322086170895,-165.598641,-47.561644,-26.206740
1048576,1048640,2097280,0.106,222311,40,80,13108,40,75,119.671478,0.322086170895,-167.836427,-48.164949,-26.206740
1048576,1048640,2097280,0.106,222311,40,80,13108,40,76,121.305960,0.322086170895,-170.074211,-48.768252,-26.206740
1048576,1048640,2097280,0.106,222311,40,80,13108,40,77,122.940441,0.322086170895,-172.311994,-49.371553,-26.206740
1048576,1048640,2097280,0.106,222311,40,80,13108,40,78,124.574922,0.322086170895,-174.549775,-49.974853,-26.206739
1048576,1048640,2097280,0.106,222311,40,80,13108,40,79,126.209404,0.322086170895,-176.787554,-50.578151,-26.206739
1048576,1048640,2097280,0.106,222311,40,80,13108,40,80,127.843885,0.322086170895,-179.025331,-51.181446,-26.206739
1048576,1048640,2097280,0.106,222311,40,80,13108,40,81,129.478366,0.322086170895,-181.263106,-51.784740,-26.206739
1048576,1048640,2097280,0.106,222311,40,80,13108,40,82,131.112848,0.322086170895,-183.500878,-52.388030,-26.206739
1048576,1048640,2097280,0.106,222311,40,80,13108,40,83,132.747329,0.322086170895,-185.738648,-52.991318,-26.206739
1048576,1048640,2097280,0.106,222311,40,80,13108,40,84,134.381811,0.322086170895,-187.976414,-53.594604,-26.206739
1048576,1048640,2097280,0.106,222311,40,80,13108,40,85,136.016292,0.322086170895,-190.214177,-54.197885,-26.206739
1048576,1048640,2097280,0.106,222311,40,80,13108,40,86,137.650773,0.322086170895,-192.451937,-54.801164,-26.206739
1048576,1048640,2097280,0.106,222311,40,80,13108,40,87,139.285255,0.322086170895,-194.689693,-55.404438,-26.206739
1048576,1048640,2097280,0.106,222311,40,80,13108,40,88,140.919736,0.322086170895,-196.927445,-56.007709,-26.206739
1048576,1048640,2097280,0.106,222311,40,80,13108,40,89,142.554218,0.322086170895,-199.165192,-56.610974,-26.206739
1048576,1048640,2097280,0.106,222311,40,80,13108,40,90,144.188699,0.322086170895,-201.402934,-57.214235,-26.206739
1048576,1048640,2097280,0.106,222311,40,80,13108,40,91,145.823180,0.322086170895,-203.640670,-57.817490,-26.206739
1048576,1048640,2097280,0.106,222311,40,80,13108,40,92,147.457662,0.322086170895,-205.878400,-58.420738,-26.206739
1048576,1048640,2097280,0.106,222311,40,80,13108,40,93,149.092143,0.322086170895,-208.116123,-59.023980,-26.206739
1048576,1048640,2097280,0.106,222311,40,80,13108,40,94,150.726624,0.322086170895,-210.353838,-59.627213,-26.206739
1048576,1048640,2097280,0.106,222311,40,80,13108,40,95,152.361106,0.322086170895,-212.591544,-60.230439,-26.206739
1048576,1048640,2097280,0.106,222311,40,80,13108,40,96,153.995587,0.322086170895,-214.829241,-60.833654,-26.206739
1048576,1048640,2097280,0.106,222311,40,80,13108,40,97,155.630069,0.322086170895,-217.066928,-61.436859,-26.206739
1048576,1048640,2097280,0.106,222311,40,80,13108,40,98,157.264550,0.322086170895,-219.304602,-62.040053,-26.206739
1048576,1048640,2097280,0.106,222311,40,80,13108,40,99,158.899031,0.322086170895,-221.542264,-62.643233,-26.206739
1048576,1048640,2097280,0.106,222311,40,80,13108,40,100,160.533513,0.322086170895,-223.779911,-63.246398,-26.206739
1048576,1048640,2097280,0.106,222311,40,80,13108,40,101,162.167994,0.322086170895,-226.017541,-63.849547,-26.206739
1048576,1048640,2097280,0.106,222311,40,80,13108,40,102,163.802475,0.322086170895,-228.255154,-64.452678,-26.206739
1048576,1048640,2097280,0.106,222311,40,80,13108,40,103,165.436957,0.322086170895,-230.492746,-65.055789,-26.206739
1048576,1048640,2097280,0.106,222311,40,80,13108,40,104,167.071438,0.322086170895,-232.730316,-65.658877,-26.206739
1048576,1048640,2097280,0.106,222311,40,80,13108,40,105,168.705920,0.322086170895,-234.967860,-66.261941,-26.206739
1048576,1048640,2097280,0.106,222311,40,80,13108,40,106,170.340401,0.322086170895,-237.205376,-66.864975,-26.206739
1048576,1048640,2097280,0.106,222311,40,80,13108,40,107,171.974882,0.322086170895,-239.442861,-67.467979,-26.206739
1048576,1048640,2097280,0.106,222311,40,80,13108,40,108,173.609364,0.322086170895,-241.680311,-68.070948,-26.206739
1048576,1048640,2097280,0.106,222311,40,80,13108,40,109,175.243845,0.322086170895,-243.917722,-68.673877,-26.206739
1048576,1048640,2097280,0.106,222311,40,80,13108,40,110,176.878326,0.322086170895,-246.155089,-69.276763,-26.206739
1048576,1048640,2097280,0.106,222311,40,80,13108,40,111,178.512808,0.322086170895,-248.392408,-69.879600,-26.206739
1048576,1048640,2097280,0.106,222311,40,80,13108,40,112,180.147289,0.322086170895,-250.629672,-70.482382,-26.206739
1048576,1048640,2097280,0.106,222311,40,80,13108,40,113,181.781771,0.322086170895,-252.866875,-71.085104,-26.206739
1048576,1048640,2097280,0.106,222311,40,80,13108,40,114,183.416252,0.322086170895,-255.104010,-71.687758,-26.206739
1048576,1048640,2097280,0.106,222311,40,80,13108,40,115,185.050733,0.322086170895,-257.341070,-72.290337,-26.206739
1048576,1048640,2097280,0.106,222311,40,80,13108,40,116,186.685215,0.322086170895,-259.578045,-72.892831,-26.206739
1048576,1048640,2097280,0.106,222311,40,80,13108,40,117,188.319696,0.322086170895,-261.814926,-73.495230,-26.206739
1048576,1048640,2097280,0.106,222311,40,80,13108,40,118,189.954177,0.322086170895,-264.051702,-74.097525,-26.206739
1048576,1048640,2097280,0.106,222311,40,80,13108,40,119,191.588659,0.322086170895,-266.288360,-74.699702,-26.206739
1048576,1048640,2097280,0.106,222311,40,80,13108,40,120,193.223140,0.322086170895,-268.524888,-75.301748,-26.206739
1048576,1048640,2097280,0.106,222311,40,80,13108,40,121,194.857622,0.322086170895,-270.761269,-75.903648,-26.206739
1048576,1048640,2097280,0.106,222311,40,80,13108,40,122,196.492103,0.322086170895,-272.997488,-76.505385,-26.206739
1048576,1048640,2097280,0.106,222311,40,80,13108,40,123,198.126584,0.322086170895,-275.233525,-77.106940,-26.206739
1048576,1048640,2097280,0.106,222311,40,80,13108,40,124,199.761066,0.322086170895,-277.469359,-77.708294,-26.206739
1048576,1048640,2097280,0.106,222311,40,80,13108,40,125,201.395547,0.322086170895,-279.704968,-78.309421,-26.206739
1048576,1048640,2097280,0.106,222311,40,80,13108,40,126,203.030028,0.322086170895,-281.940327,-78.910298,-26.206739
1048576,1048640,2097280,0.106,222311,40,80,13108,40,127,204.664510,0.322086170895,-284.175406,-79.510896,-26.206739
1048576,1048640,2097280,0.106,222311,40,80,13108,40,128,206.298991,0.322086170895,-286.410174,-80.111183,-26.206739
1048576,1048640,2097280,0.106,222311,40,80,13108,40,129,207.933473,0.322086170895,-288.644596,-80.711124,-26.206739
1048576,1048640,2097280,0.106,222311,40,80,13108,40,130,209.567954,0.322086170895,-290.878635,-81.310681,-26.206739
1048576,1048640,2097280,0.106,222311,40,80,13108,40,131,211.202435,0.322086170895,-293.112246,-81.909811,-26.206739
1048576,1048640,2097280,0.106,222311,40,80,13108,40,132,212.836917,0.322086170895,-295.345384,-82.508468,-26.206739
1048576,1048640,2097280,0.106,222311,40,80,13108,40,133,214.471398,0.322086170895,-297.577997,-83.106599,-26.206739
1048576,1048640,2097280,0.106,222311,40,80,13108,40,134,216.105879,0.322086170895,-299.810027,-83.704148,-26.206739
1048576,1048640,2097280,0.106,222311,40,80,13108,40,135,217.740361,0.322086170895,-302.041413,-84.301052,-26.206739
1048576,1048640,2097280,0.106,222311,40,80,13108,40,136,219.318626,0.356995209458,-304.272084,-84.953459,-26.206739
1048576,1048640,2097280,0.106,222311,40,80,13108,40,137,220.804649,0.356995209458,-306.501968,-85.697319,-26.206739
1048576,1048640,2097280,0.106,222311,40,80,13108,40,138,222.290673,0.356995209458,-308.730981,-86.440309,-26.206739
1048576,1048640,2097280,0.106,222311,40,80,13108,40,139,223.776696,0.356995209458,-310.959035,-87.182339,-26.206739
1048576,1048640,2097280,0.106,222311,40,80,13108,40,140,225.262719,0.356995209458,-313.186033,-87.923313,-26.206739
1048576,1048640,2097280,0.106,222311,40,80,13108,40,141,226.748743,0.356995209458,-315.411870,-88.663127,-26.206739
1048576,1048640,2097280,0.106,222311,40,80,13108,40,142,228.234766,0.356995209458,-317.636433,-89.401667,-26.206739
1048576,1048640,2097280,0.106,222311,40,80,13108,40,143,229.720789,0.356995209458,-319.859600,-90.138811,-26.206739
1048576,1048640,2097280,0.106,222311,40,80,13108,40,144,231.206813,0.356995209458,-322.081243,-90.874430,-26.206739
1048576,1048640,2097280,0.106,222311,40,80,13108,40,145,232.692836,0.356995209458,-324.301223,-91.608387,-26.206739
1048576,1048640,2097280,0.106,222311,40,80,13108,40,146,234.178860,0.356995209458,-326.519393,-92.340533,-26.206739
1048576,1048640,2097280,0.106,222311,40,80,13108,40,147,235.664883,0.356995209458,-328.735598,-93.070715,-26.206739
1048576,1048640,2097280,0.106,222311,40,80,13108,40,148,237.150906,0.356995209458,-330.949679,-93.798772,-26.206739
1048576,1048640,2097280,0.106,222311,40,80,13108,40,149,238.636930,0.356995209458,-333.161466,-94.524536,-26.206739
1048576,1048640,2097280,0.106,222311,40,80,13108,40,150,240.122953,0.356995209458,-335.370786,-95.247833,-26.206739
1048576,1048640,2097280,0.106,222311,40,80,13108,40,151,241.608977,0.356995209458,-337.577464,-95.968487,-26.206739
1048576,1048640,2097280,0.106,222311,40,80,13108,40,152,243.095000,0.356995209458,-339.781320,-96.686320,-26.206739
1048576,1048640,2097280,0.106,222311,40,80,13108,40,153,244.581023,0.356995209458,-341.982175,-97.401151,-26.206739
1048576,1048640,2097280,0.106,222311,40,80,13108,40,154,246.067047,0.356995209458,-344.179852,-98.112806,-26.206739
1048576,1048640,2097280,0.106,222311,40,80,13108,40,155,247.553070,0.356995209458,-346.374180,-98.821110,-26.206739
1048576,1048640,2097280,0.106,222311,40,80,13108,40,156,249.039093,0.356995209458,-348.564994,-99.525901,-26.206739
1048576,1048640,2097280,0.106,222311,40,80,13108,40,157,250.525117,0.356995209458,-350.752140,-100.227023,-26.206739
1048576,1048640,2097280,0.106,222311,40,80,13108,40,158,252.011140,0.356995209458,-352.935475,-100.924335,-26.206739
1048576,1048640,2097280,0.106,222311,40,80,13108,40,159,253.497164,0.356995209458,-355.114874,-101.617710,-26.206739
1048576,1048640,2097280,0.106,222311,40,80,13108,40,160,254.983187,0.356995209458,-357.290229,-102.307042,-26.206739
