k,k_eff,N,delta,d,sigma,block_bits,blocks,d0,h,outer_log2,outer_z,inner_log2,term_log2,cum_log2
1048576,1048640,2097280,0.106,222311,32,80,13108,12,1,-inf,,-2.237846,-inf,-inf
1048576,1048640,2097280,0.106,222311,32,80,13108,12,2,-inf,,-4.475692,-inf,-inf
1048576,1048640,2097280,0.106,222311,32,80,13108,12,3,-inf,,-6.713537,-inf,-inf
1048576,1048640,2097280,0.106,222311,32,80,13108,12,4,-inf,,-8.951381,-inf,-inf
1048576,1048640,2097280,0.106,222311,32,80,13108,12,5,-inf,,-11.189224,-inf,-inf
1048576,1048640,2097280,0.106,222311,32,80,13108,12,6,-inf,,-13.427067,-inf,-inf
1048576,1048640,2097280,0.106,222311,32,80,13108,12,7,-inf,,-15.664909,-inf,-inf
1048576,1048640,2097280,0.106,222311,32,80,13108,12,8,-inf,,-17.902750,-inf,-inf
1048576,1048640,2097280,0.106,222311,32,80,13108,12,9,-inf,,-20.140591,-inf,-inf
1048576,1048640,2097280,0.106,222311,32,80,13108,12,10,-inf,,-22.378431,-inf,-inf
1048576,1048640,2097280,0.106,222311,32,80,13108,12,11,-inf,,-24.616270,-inf,-inf
1048576,1048640,2097280,0.106,222311,32,80,13108,12,12,-2.456096,0.141400061521,-26.854108,-29.310204,-29.310204
1048576,1048640,2097280,0.106,222311,32,80,13108,12,13,0.366049,0.141400061521,-29.091945,-28.725896,-27.988668
1048576,1048640,2097280,0.106,222311,32,80,13108,12,14,3.188195,0.141400061521,-31.329782,-28.141587,-27.063103
1048576,1048640,2097280,0.106,222311,32,80,13108,12,15,6.010340,0.141400061521,-33.567618,-27.557278,-26.289134
1048576,1048640,2097280,0.106,222311,32,80,13108,12,16,8.832486,0.141400061521,-35.805453,-26.972968,-25.590908
1048576,1048640,2097280,0.106,222311,32,80,13108,12,17,11.654631,0.141400061521,-38.043288,-26.388657,-24.935331
1048576,1048640,2097280,0.106,222311,32,80,13108,12,18,14.476776,0.141400061521,-40.281121,-25.804345,-24.305372
1048576,1048640,2097280,0.106,222311,32,80,13108,12,19,17.298922,0.141400061521,-42.518954,-25.220033,-23.691398
1048576,1048640,2097280,0.106,222311,32,80,13108,12,20,20.121067,0.141400061521,-44.756786,-24.635719,-23.087636
1048576,1048640,2097280,0.106,222311,32,80,13108,12,21,22.943212,0.141400061521,-46.994617,-24.051405,-22.490495
1048576,1048640,2097280,0.106,222311,32,80,13108,12,22,25.765358,0.141400061521,-49.232447,-23.467090,-21.897689
1048576,1048640,2097280,0.106,222311,32,80,13108,12,23,28.587503,0.141400061521,-51.470276,-22.882773,-21.307737
1048576,1048640,2097280,0.106,222311,32,80,13108,12,24,31.252331,0.173712159159,-53.708104,-22.455773,-20.770452
1048576,1048640,2097280,0.106,222311,32,80,13108,12,25,33.742427,0.192539805332,-55.945932,-22.203505,-20.315911
1048576,1048640,2097280,0.106,222311,32,80,13108,12,26,36.119198,0.192539805332,-58.183758,-22.064559,-19.940087
1048576,1048640,2097280,0.106,222311,32,80,13108,12,27,38.492887,0.21340807009,-60.421583,-21.928695,-19.615874
1048576,1048640,2097280,0.106,222311,32,80,13108,12,28,40.721201,0.21340807009,-62.659406,-21.938206,-19.352906
1048576,1048640,2097280,0.106,222311,32,80,13108,12,29,42.949514,0.21340807009,-64.897229,-21.947715,-19.131916
1048576,1048640,2097280,0.106,222311,32,80,13108,12,30,45.082886,0.236538124161,-67.135050,-22.052164,-18.952909
1048576,1048640,2097280,0.106,222311,32,80,13108,12,31,47.162741,0.236538124161,-69.372869,-22.210128,-18.809402
1048576,1048640,2097280,0.106,222311,32,80,13108,12,32,49.228925,0.262175109676,-71.610687,-22.381762,-18.692951
1048576,1048640,2097280,0.106,222311,32,80,13108,12,33,51.160322,0.262175109676,-73.848504,-22.688181,-18.605207
1048576,1048640,2097280,0.106,222311,32,80,13108,12,34,53.091720,0.262175109676,-76.086318,-22.994598,-18.537960
1048576,1048640,2097280,0.106,222311,32,80,13108,12,35,54.970255,0.290590738289,-78.324131,-23.353875,-18.487628
1048576,1048640,2097280,0.106,222311,32,80,13108,12,36,56.753195,0.290590738289,-80.561941,-23.808746,-18.451985
1048576,1048640,2097280,0.106,222311,32,80,13108,12,37,58.536134,0.290590738289,-82.799749,-24.263615,-18.426524
1048576,1048640,2097280,0.106,222311,32,80,13108,12,38,60.319073,0.290590738289,-85.037554,-24.718480,-18.408229
1048576,1048640,2097280,0.106,222311,32,80,13108,12,39,62.075170,0.322086170895,-87.275356,-25.200186,-18.395268
1048576,1048640,2097280,0.106,222311,32,80,13108,12,40,63.709651,0.322086170895,-89.513155,-25.803504,-18.386799
1048576,1048640,2097280,0.106,222311,32,80,13108,12,41,65.344133,0.322086170895,-91.750951,-26.406818,-18.381252
1048576,1048640,2097280,0.106,222311,32,80,13108,12,42,66.978614,0.322086170895,-93.988742,-27.010128,-18.377612
1048576,1048640,2097280,0.106,222311,32,80,13108,12,43,68.613095,0.322086170895,-96.226529,-27.613434,-18.375221
1048576,1048640,2097280,0.106,222311,32,80,13108,12,44,70.247577,0.322086170895,-98.464311,-28.216734,-18.373650
1048576,1048640,2097280,0.106,222311,32,80,13108,12,45,71.882058,0.322086170895,-100.702087,-28.820029,-18.372616
1048576,1048640,2097280,0.106,222311,32,80,13108,12,46,73.516539,0.322086170895,-102.939857,-29.423318,-18.371936
1048576,1048640,2097280,0.106,222311,32,80,13108,12,47,75.151021,0.322086170895,-105.177620,-30.026600,-18.371489
1048576,1048640,2097280,0.106,222311,32,80,13108,12,48,76.785502,0.322086170895,-107.415376,-30.629873,-18.371194
1048576,1048640,2097280,0.106,222311,32,80,13108,12,49,78.419984,0.322086170895,-109.653122,-31.233138,-18.371001
1048576,1048640,2097280,0.106,222311,32,80,13108,12,50,80.054465,0.322086170895,-111.890859,-31.836394,-18.370873
1048576,1048640,2097280,0.106,222311,32,80,13108,12,51,81.688946,0.322086170895,-114.128584,-32.439638,-18.370789
1048576,1048640,2097280,0.106,222311,32,80,13108,12,52,83.323428,0.322086170895,-116.366297,-33.042869,-18.370734
1048576,1048640,2097280,0.106,222311,32,80,13108,12,53,84.957909,0.322086170895,-118.603995,-33.646086,-18.370697
1048576,1048640,2097280,0.106,222311,32,80,13108,12,54,86.592391,0.322086170895,-120.841678,-34.249288,-18.370674
1048576,1048640,2097280,0.106,222311,32,80,13108,12,55,88.226872,0.322086170895,-123.079343,-34.852471,-18.370658
1048576,1048640,2097280,0.106,222311,32,80,13108,12,56,89.861353,0.322086170895,-125.316987,-35.455634,-18.370647
1048576,1048640,2097280,0.106,222311,32,80,13108,12,57,91.495835,0.322086170895,-127.554609,-36.058774,-18.370641
1048576,1048640,2097280,0.106,222311,32,80,13108,12,58,93.130316,0.322086170895,-129.792205,-36.661889,-18.370636
1048576,1048640,2097280,0.106,222311,32,80,13108,12,59,94.764797,0.322086170895,-132.029772,-37.264975,-18.370633
1048576,1048640,2097280,0.106,222311,32,80,13108,12,60,96.399279,0.322086170895,-134.267306,-37.868028,-18.370631
1048576,1048640,2097280,0.106,222311,32,80,13108,12,61,98.033760,0.322086170895,-136.504804,-38.471044,-18.370630
1048576,1048640,2097280,0.106,222311,32,80,13108,12,62,99.668242,0.322086170895,-138.742260,-39.074019,-18.370629
1048576,1048640,2097280,0.106,222311,32,80,13108,12,63,101.302723,0.322086170895,-140.979669,-39.676947,-18.370628
1048576,1048640,2097280,0.106,222311,32,80,13108,12,64,102.937204,0.322086170895,-143.217026,-40.279822,-18.370628
1048576,1048640,2097280,0.106,222311,32,80,13108,12,65,104.571686,0.322086170895,-145.454324,-40.882638,-18.370628
1048576,1048640,2097280,0.106,222311,32,80,13108,12,66,106.206167,0.322086170895,-147.691555,-41.485388,-18.370628
1048576,1048640,2097280,0.106,222311,32,80,13108,12,67,107.840648,0.322086170895,-149.928710,-42.088062,-18.370628
1048576,1048640,2097280,0.106,222311,32,80,13108,12,68,109.475130,0.322086170895,-152.165781,-42.690651,-18.370628
1048576,1048640,2097280,0.106,222311,32,80,13108,12,69,111.109611,0.322086170895,-154.402757,-43.293146,-18.370627
1048576,1048640,2097280,0.106,222311,32,80,13108,12,70,112.744093,0.322086170895,-156.639626,-43.895533,-18.370627
1048576,1048640,2097280,0.106,222311,32,80,13108,12,71,114.378574,0.322086170895,-158.876374,-44.497800,-18.370627
1048576,1048640,2097280,0.106,222311,32,80,13108,12,72,116.013055,0.322086170895,-161.112986,-45.099931,-18.370627
1048576,1048640,2097280,0.106,222311,32,80,13108,12,73,117.647537,0.322086170895,-163.349447,-45.701910,-18.370627
1048576,1048640,2097280,0.106,222311,32,80,13108,12,74,119.282018,0.322086170895,-165.585736,-46.303718,-18.370627
1048576,1048640,2097280,0.106,222311,32,80,13108,12,75,120.916499,0.322086170895,-167.821833,-46.905334,-18.370627
1048576,1048640,2097280,0.106,222311,32,80,13108,12,76,122.550981,0.322086170895,-170.057715,-47.506734,-18.370627
1048576,1048640,2097280,0.106,222311,32,80,13108,12,77,124.185462,0.322086170895,-172.293355,-48.107893,-18.370627
1048576,1048640,2097280,0.106,222311,32,80,13108,12,78,125.819944,0.322086170895,-174.528724,-48.708780,-18.370627
1048576,1048640,2097280,0.106,222311,32,80,13108,12,79,127.454425,0.322086170895,-176.763788,-49.309363,-18.370627
1048576,1048640,2097280,0.106,222311,32,80,13108,12,80,129.088906,0.322086170895,-178.998512,-49.909606,-18.370627
1048576,1048640,2097280,0.106,222311,32,80,13108,12,81,130.723388,0.322086170895,-181.232855,-50.509468,-18.370627
1048576,1048640,2097280,0.106,222311,32,80,13108,12,82,132.357869,0.322086170895,-183.466772,-51.108903,-18.370627
1048576,1048640,2097280,0.106,222311,32,80,13108,12,83,133.992350,0.322086170895,-185.700212,-51.707862,-18.370627
1048576,1048640,2097280,0.106,222311,32,80,13108,12,84,135.626832,0.322086170895,-187.933121,-52.306289,-18.370627
1048576,1048640,2097280,0.106,222311,32,80,13108,12,85,137.261313,0.322086170895,-190.165436,-52.904123,-18.370627
1048576,1048640,2097280,0.106,222311,32,80,13108,12,86,138.895795,0.322086170895,-192.397090,-53.501295,-18.370627
1048576,1048640,2097280,0.106,222311,32,80,13108,12,87,140.530276,0.322086170895,-194.628006,-54.097730,-18.370627
1048576,1048640,2097280,0.106,222311,32,80,13108,12,88,142.164757,0.322086170895,-196.858104,-54.693347,-18.370627
1048576,1048640,2097280,0.106,222311,32,80,13108,12,89,143.799239,0.322086170895,-199.087293,-55.288054,-18.370627
1048576,1048640,2097280,0.106,222311,32,80,13108,12,90,145.433720,0.322086170895,-201.315473,-55.881753,-18.370627
1048576,1048640,2097280,0.106,222311,32,80,13108,12,91,147.068201,0.322086170895,-203.542536,-56.474334,-18.370627
1048576,1048640,2097280,0.106,222311,32,80,13108,12,92,148.702683,0.322086170895,-205.768365,-57.065682,-18.370627
1048576,1048640,2097280,0.106,222311,32,80,13108,12,93,150.337164,0.322086170895,-207.992832,-57.655668,-18.370627
1048576,1048640,2097280,0.106,222311,32,80,13108,12,94,151.971646,0.322086170895,-210.215800,-58.244155,-18.370627
1048576,1048640,2097280,0.106,222311,32,80,13108,12,95,153.606127,0.322086170895,-212.437121,-58.830994,-18.370627
1048576,1048640,2097280,0.106,222311,32,80,13108,12,96,155.240608,0.322086170895,-214.656639,-59.416030,-18.370627
1048576,1048640,2097280,0.106,222311,32,80,13108,12,97,156.875090,0.322086170895,-216.874183,-59.999093,-18.370627
1048576,1048640,2097280,0.106,222311,32,80,13108,12,98,158.509571,0.322086170895,-219.089579,-60.580008,-18.370627
1048576,1048640,2097280,0.106,222311,32,80,13108,12,99,160.144052,0.322086170895,-221.302639,-61.158587,-18.370627
1048576,1048640,2097280,0.106,222311,32,80,13108,12,100,161.778534,0.322086170895,-223.513174,-61.734640,-18.370627
1048576,1048640,2097280,0.106,222311,32,80,13108,12,101,163.413015,0.322086170895,-225.720982,-62.307966,-18.370627
1048576,1048640,2097280,0.106,222311,32,80,13108,12,102,165.047497,0.322086170895,-227.925862,-62.878366,-18.370627
1048576,1048640,2097280,0.106,222311,32,80,13108,12,103,166.681978,0.322086170895,-230.127608,-63.445630,-18.370627
1048576,1048640,2097280,0.106,222311,32,80,13108,12,104,168.316459,0.322086170895,-232.326017,-64.009558,-18.370627
1048576,1048640,2097280,0.106,222311,32,80,13108,12,105,169.950941,0.322086170895,-234.520892,-64.569951,-18.370627
1048576,1048640,2097280,0.106,222311,32,80,13108,12,106,171.585422,0.322086170895,-236.712034,-65.126612,-18.370627
1048576,1048640,2097280,0.106,222311,32,80,13108,12,107,173.219903,0.322086170895,-238.899265,-65.679361,-18.370627
1048576,1048640,2097280,0.106,222311,32,80,13108,12,108,174.854385,0.322086170895,-241.082416,-66.228031,-18.370627
1048576,1048640,2097280,0.106,222311,32,80,13108,12,109,176.488866,0.322086170895,-243.261334,-66.772468,-18.370627
1048576,1048640,2097280,0.106,222311,32,80,13108,12,110,178.123348,0.322086170895,-245.435890,-67.312542,-18.370627
1048576,1048640,2097280,0.106,222311,32,80,13108,12,111,179.757829,0.322086170895,-247.605979,-67.848150,-18.370627
1048576,1048640,2097280,0.106,222311,32,80,13108,12,112,181.392310,0.322086170895,-249.771519,-68.379208,-18.370627
1048576,1048640,2097280,0.106,222311,32,80,13108,12,113,183.026792,0.322086170895,-251.932459,-68.905667,-18.370627
1048576,1048640,2097280,0.106,222311,32,80,13108,12,114,184.661273,0.322086170895,-254.088781,-69.427507,-18.370627
1048576,1048640,2097280,0.106,222311,32,80,13108,12,115,186.295754,0.322086170895,-256.240489,-69.944735,-18.370627
1048576,1048640,2097280,0.106,222311,32,80,13108,12,116,187.930236,0.322086170895,-258.387626,-70.457390,-18.370627
1048576,1048640,2097280,0.106,222311,32,80,13108,12,117,189.564717,0.322086170895,-260.530262,-70.965545,-18.370627
1048576,1048640,2097280,0.106,222311,32,80,13108,12,118,191.199199,0.322086170895,-262.668490,-71.469292,-18.370627
1048576,1048640,2097280,0.106,222311,32,80,13108,12,119,192.833680,0.322086170895,-264.802434,-71.968754,-18.370627
1048576,1048640,2097280,0.106,222311,32,80,13108,12,120,194.468161,0.322086170895,-266.932240,-72.464079,-18.370627
1048576,1048640,2097280,0.106,222311,32,80,13108,12,121,196.102643,0.322086170895,-269.058068,-72.955425,-18.370627
1048576,1048640,2097280,0.106,222311,32,80,13108,12,122,197.737124,0.322086170895,-271.180098,-73.442974,-18.370627
1048576,1048640,2097280,0.106,222311,32,80,13108,12,123,199.371605,0.322086170895,-273.298525,-73.926919,-18.370627
1048576,1048640,2097280,0.106,222311,32,80,13108,12,124,201.006087,0.322086170895,-275.413544,-74.407458,-18.370627
1048576,1048640,2097280,0.106,222311,32,80,13108,12,125,202.640568,0.322086170895,-277.525364,-74.884796,-18.370627
1048576,1048640,2097280,0.106,222311,32,80,13108,12,126,204.275050,0.322086170895,-279.634192,-75.359143,-18.370627
1048576,1048640,2097280,0.106,222311,32,80,13108,12,127,205.909531,0.322086170895,-281.740235,-75.830704,-18.370627
1048576,1048640,2097280,0.106,222311,32,80,13108,12,128,207.544012,0.322086170895,-283.843696,-76.299683,-18.370627
1048576,1048640,2097280,0.106,222311,32,80,13108,12,129,209.178494,0.322086170895,-285.944776,-76.766282,-18.370627
1048576,1048640,2097280,0.106,222311,32,80,13108,12,130,210.812975,0.322086170895,-288.043665,-77.230690,-18.370627
1048576,1048640,2097280,0.106,222311,32,80,13108,12,131,212.447456,0.322086170895,-290.140548,-77.693092,-18.370627
1048576,1048640,2097280,0.106,222311,32,80,13108,12,132,214.081938,0.322086170895,-292.235603,-78.153665,-18.370627
1048576,1048640,2097280,0.106,222311,32,80,13108,12,133,215.716419,0.322086170895,-294.328991,-78.612572,-18.370627
1048576,1048640,2097280,0.106,222311,32,80,13108,12,134,217.350901,0.322086170895,-296.420869,-79.069969,-18.370627
1048576,1048640,2097280,0.106,222311,32,80,13108,12,135,218.985382,0.322086170895,-298.511384,-79.526002,-18.370627
1048576,1048640,2097280,0.106,222311,32,80,13108,12,136,220.619863,0.322086170895,-300.600669,-79.980805,-18.370627
1048576,1048640,2097280,0.106,222311,32,80,13108,12,137,222.254345,0.322086170895,-302.688848,-80.434504,-18.370627
1048576,1048640,2097280,0.106,222311,32,80,13108,12,138,223.888826,0.322086170895,-304.776039,-80.887213,-18.370627
1048576,1048640,2097280,0.106,222311,32,80,13108,12,139,225.523307,0.322086170895,-306.862344,-81.339037,-18.370627
1048576,1048640,2097280,0.106,222311,32,80,13108,12,140,227.157789,0.322086170895,-308.947862,-81.790073,-18.370627
1048576,1048640,2097280,0.106,222311,32,80,13108,12,141,228.792270,0.322086170895,-311.032682,-82.240411,-18.370627
1048576,1048640,2097280,0.106,222311,32,80,13108,12,142,230.426752,0.322086170895,-313.116882,-82.690130,-18.370627
1048576,1048640,2097280,0.106,222311,32,80,13108,12,143,232.061233,0.322086170895,-315.200536,-83.139303,-18.370627
1048576,1048640,2097280,0.106,222311,32,80,13108,12,144,233.695714,0.322086170895,-317.283711,-83.587997,-18.370627
1048576,1048640,2097280,0.106,222311,32,80,13108,12,145,235.330196,0.322086170895,-319.366466,-84.036271,-18.370627
1048576,1048640,2097280,0.106,222311,32,80,13108,12,146,236.964677,0.322086170895,-321.448856,-84.484179,-18.370627
1048576,1048640,2097280,0.106,222311,32,80,13108,12,147,238.599159,0.322086170895,-323.530929,-84.931771,-18.370627
1048576,1048640,2097280,0.106,222311,32,80,13108,12,148,240.233640,0.322086170895,-325.612729,-85.379089,-18.370627
1048576,1048640,2097280,0.106,222311,32,80,13108,12,149,241.868121,0.322086170895,-327.694296,-85.826175,-18.370627
1048576,1048640,2097280,0.106,222311,32,80,13108,12,150,243.502603,0.322086170895,-329.775665,-86.273063,-18.370627
1048576,1048640,2097280,0.106,222311,32,80,13108,12,151,245.137084,0.322086170895,-331.856868,-86.719784,-18.370627
1048576,1048640,2097280,0.106,222311,32,80,13108,12,152,246.771565,0.322086170895,-333.937933,-87.166368,-18.370627
1048576,1048640,2097280,0.106,222311,32,80,13108,12,153,248.406047,0.322086170895,-336.018886,-87.612840,-18.370627
1048576,1048640,2097280,0.106,222311,32,80,13108,12,154,250.040528,0.322086170895,-338.099750,-88.059222,-18.370627
1048576,1048640,2097280,0.106,222311,32,80,13108,12,155,251.675010,0.322086170895,-340.180545,-88.505535,-18.370627
1048576,1048640,2097280,0.106,222311,32,80,13108,12,156,253.309491,0.322086170895,-342.261288,-88.951798,-18.370627
1048576,1048640,2097280,0.106,222311,32,80,13108,12,157,254.943972,0.322086170895,-344.341998,-89.398025,-18.370627
1048576,1048640,2097280,0.106,222311,32,80,13108,12,158,256.578454,0.322086170895,-346.422686,-89.844233,-18.370627
1048576,1048640,2097280,0.106,222311,32,80,13108,12,159,258.212935,0.322086170895,-348.503367,-90.290432,-18.370627
1048576,1048640,2097280,0.106,222311,32,80,13108,12,160,259.847416,0.322086170895,-350.584052,-90.736635,-18.370627
1048576,1048640,2097280,0.106,222311,32,80,13108,13,1,-inf,,-2.237846,-inf,-inf
1048576,1048640,2097280,0.106,222311,32,80,13108,13,2,-inf,,-4.475692,-inf,-inf
1048576,1048640,2097280,0.106,222311,32,80,13108,13,3,-inf,,-6.713537,-inf,-inf
1048576,1048640,2097280,0.106,222311,32,80,13108,13,4,-inf,,-8.951381,-inf,-inf
1048576,1048640,2097280,0.106,222311,32,80,13108,13,5,-inf,,-11.189224,-inf,-inf
1048576,1048640,2097280,0.106,222311,32,80,13108,13,6,-inf,,-13.427067,-inf,-inf
1048576,1048640,2097280,0.106,222311,32,80,13108,13,7,-inf,,-15.664909,-inf,-inf
1048576,1048640,2097280,0.106,222311,32,80,13108,13,8,-inf,,-17.902750,-inf,-inf
1048576,1048640,2097280,0.106,222311,32,80,13108,13,9,-inf,,-20.140591,-inf,-inf
1048576,1048640,2097280,0.106,222311,32,80,13108,13,10,-inf,,-22.378431,-inf,-inf
1048576,1048640,2097280,0.106,222311,32,80,13108,13,11,-inf,,-24.616270,-inf,-inf
1048576,1048640,2097280,0.106,222311,32,80,13108,13,12,-inf,,-26.854108,-inf,-inf
1048576,1048640,2097280,0.106,222311,32,80,13108,13,13,0.366049,0.141400061521,-29.091945,-28.725896,-28.725896
1048576,1048640,2097280,0.106,222311,32,80,13108,13,14,3.188195,0.141400061521,-31.329782,-28.141587,-27.404360
1048576,1048640,2097280,0.106,222311,32,80,13108,13,15,6.010340,0.141400061521,-33.567618,-27.557278,-26.478794
1048576,1048640,2097280,0.106,222311,32,80,13108,13,16,8.832486,0.141400061521,-35.805453,-26.972968,-25.704825
1048576,1048640,2097280,0.106,222311,32,80,13108,13,17,11.654631,0.141400061521,-38.043288,-26.388657,-25.006598
1048576,1048640,2097280,0.106,222311,32,80,13108,13,18,14.476776,0.141400061521,-40.281121,-25.804345,-24.351020
1048576,1048640,2097280,0.106,222311,32,80,13108,13,19,17.298922,0.141400061521,-42.518954,-25.220033,-23.721061
1048576,1048640,2097280,0.106,222311,32,80,13108,13,20,20.121067,0.141400061521,-44.756786,-24.635719,-23.107086
1048576,1048640,2097280,0.106,222311,32,80,13108,13,21,22.943212,0.141400061521,-46.994617,-24.051405,-22.503324
1048576,1048640,2097280,0.106,222311,32,80,13108,13,22,25.765358,0.141400061521,-49.232447,-23.467090,-21.906182
1048576,1048640,2097280,0.106,222311,32,80,13108,13,23,28.587503,0.141400061521,-51.470276,-22.882773,-21.313374
1048576,1048640,2097280,0.106,222311,32,80,13108,13,24,31.249449,0.173712159159,-53.708104,-22.458656,-20.775232
1048576,1048640,2097280,0.106,222311,32,80,13108,13,25,33.741526,0.192539805332,-55.945932,-22.204406,-20.319642
1048576,1048640,2097280,0.106,222311,32,80,13108,13,26,36.118297,0.192539805332,-58.183758,-22.065461,-19.943169
1048576,1048640,2097280,0.106,222311,32,80,13108,13,27,38.492705,0.21340807009,-60.421583,-21.928878,-19.618371
1048576,1048640,2097280,0.106,222311,32,80,13108,13,28,40.721018,0.21340807009,-62.659406,-21.938388,-19.355018
1048576,1048640,2097280,0.106,222311,32,80,13108,13,29,42.949332,0.21340807009,-64.897229,-21.947897,-19.133754
1048576,1048640,2097280,0.106,222311,32,80,13108,13,30,45.082856,0.236538124161,-67.135050,-22.052194,-18.954535
1048576,1048640,2097280,0.106,222311,32,80,13108,13,31,47.162711,0.236538124161,-69.372869,-22.210158,-18.810877
1048576,1048640,2097280,0.106,222311,32,80,13108,13,32,49.228921,0.262175109676,-71.610687,-22.381766,-18.694312
1048576,1048640,2097280,0.106,222311,32,80,13108,13,33,51.160318,0.262175109676,-73.848504,-22.688185,-18.606488
1048576,1048640,2097280,0.106,222311,32,80,13108,13,34,53.091716,0.262175109676,-76.086318,-22.994602,-18.539183
1048576,1048640,2097280,0.106,222311,32,80,13108,13,35,54.970255,0.290590738289,-78.324131,-23.353876,-18.488809
1048576,1048640,2097280,0.106,222311,32,80,13108,13,36,56.753194,0.290590738289,-80.561941,-23.808747,-18.453136
1048576,1048640,2097280,0.106,222311,32,80,13108,13,37,58.536134,0.290590738289,-82.799749,-24.263615,-18.427656
1048576,1048640,2097280,0.106,222311,32,80,13108,13,38,60.319073,0.290590738289,-85.037554,-24.718481,-18.409346
1048576,1048640,2097280,0.106,222311,32,80,13108,13,39,62.075170,0.322086170895,-87.275356,-25.200186,-18.396375
1048576,1048640,2097280,0.106,222311,32,80,13108,13,40,63.709651,0.322086170895,-89.513155,-25.803504,-18.387900
1048576,1048640,2097280,0.106,222311,32,80,13108,13,41,65.344133,0.322086170895,-91.750951,-26.406818,-18.382349
1048576,1048640,2097280,0.106,222311,32,80,13108,13,42,66.978614,0.322086170895,-93.988742,-27.010128,-18.378706
1048576,1048640,2097280,0.106,222311,32,80,13108,13,43,68.613095,0.322086170895,-96.226529,-27.613434,-18.376314
1048576,1048640,2097280,0.106,222311,32,80,13108,13,44,70.247577,0.322086170895,-98.464311,-28.216734,-18.374741
1048576,1048640,2097280,0.106,222311,32,80,13108,13,45,71.882058,0.322086170895,-100.702087,-28.820029,-18.373706
1048576,1048640,2097280,0.106,222311,32,80,13108,13,46,73.516539,0.322086170895,-102.939857,-29.423318,-18.373026
1048576,1048640,2097280,0.106,222311,32,80,13108,13,47,75.151021,0.322086170895,-105.177620,-30.026600,-18.372578
1048576,1048640,2097280,0.106,222311,32,80,13108,13,48,76.785502,0.322086170895,-107.415376,-30.629873,-18.372284
1048576,1048640,2097280,0.106,222311,32,80,13108,13,49,78.419984,0.322086170895,-109.653122,-31.233139,-18.372090
1048576,1048640,2097280,0.106,222311,32,80,13108,13,50,80.054465,0.322086170895,-111.890859,-31.836394,-18.371962
1048576,1048640,2097280,0.106,222311,32,80,13108,13,51,81.688946,0.322086170895,-114.128584,-32.439638,-18.371878
1048576,1048640,2097280,0.106,222311,32,80,13108,13,52,83.323428,0.322086170895,-116.366297,-33.042869,-18.371823
1048576,1048640,2097280,0.106,222311,32,80,13108,13,53,84.957909,0.322086170895,-118.603995,-33.646086,-18.371786
1048576,1048640,2097280,0.106,222311,32,80,13108,13,54,86.592390,0.322086170895,-120.841678,-34.249288,-18.371762
1048576,1048640,2097280,0.106,222311,32,80,13108,13,55,88.226872,0.322086170895,-123.079343,-34.852471,-18.371746
1048576,1048640,2097280,0.106,222311,32,80,13108,13,56,89.861353,0.322086170895,-125.316987,-35.455634,-18.371736
1048576,1048640,2097280,0.106,222311,32,80,13108,13,57,91.495835,0.322086170895,-127.554609,-36.058774,-18.371729
1048576,1048640,2097280,0.106,222311,32,80,13108,13,58,93.130316,0.322086170895,-129.792205,-36.661889,-18.371725
1048576,1048640,2097280,0.106,222311,32,80,13108,13,59,94.764797,0.322086170895,-132.029772,-37.264975,-18.371722
1048576,1048640,2097280,0.106,222311,32,80,13108,13,60,96.399279,0.322086170895,-134.267306,-37.868028,-18.371720
1048576,1048640,2097280,0.106,222311,32,80,13108,13,61,98.033760,0.322086170895,-136.504804,-38.471044,-18.371719
1048576,1048640,2097280,0.106,222311,32,80,13108,13,62,99.668241,0.322086170895,-138.742260,-39.074019,-18.371718
1048576,1048640,2097280,0.106,222311,32,80,13108,13,63,101.302723,0.322086170895,-140.979669,-39.676947,-18.371717
1048576,1048640,2097280,0.106,222311,32,80,13108,13,64,102.937204,0.322086170895,-143.217026,-40.279822,-18.371717
1048576,1048640,2097280,0.106,222311,32,80,13108,13,65,104.571686,0.322086170895,-145.454324,-40.882638,-18.371717
1048576,1048640,2097280,0.106,222311,32,80,13108,13,66,106.206167,0.322086170895,-147.691555,-41.485388,-18.371716
1048576,1048640,2097280,0.106,222311,32,80,13108,13,67,107.840648,0.322086170895,-149.928710,-42.088062,-18.371716
1048576,1048640,2097280,0.106,222311,32,80,13108,13,68,109.475130,0.322086170895,-152.165781,-42.690652,-18.371716
1048576,1048640,2097280,0.106,222311,32,80,13108,13,69,111.109611,0.322086170895,-154.402757,-43.293146,-18.371716
1048576,1048640,2097280,0.106,222311,32,80,13108,13,70,112.744092,0.322086170895,-156.639626,-43.895533,-18.371716
1048576,1048640,2097280,0.106,222311,32,80,13108,13,71,114.378574,0.322086170895,-158.876374,-44.497800,-18.371716
1048576,1048640,2097280,0.106,222311,32,80,13108,13,72,116.013055,0.322086170895,-161.112986,-45.099931,-18.371716
1048576,1048640,2097280,0.106,222311,32,80,13108,13,73,117.647537,0.322086170895,-163.349447,-45.701910,-18.371716
1048576,1048640,2097280,0.106,222311,32,80,13108,13,74,119.282018,0.322086170895,-165.585736,-46.303718,-18.371716
1048576,1048640,2097280,0.106,222311,32,80,13108,13,75,120.916499,0.322086170895,-167.821833,-46.905334,-18.371716
1048576,1048640,2097280,0.106,222311,32,80,13108,13,76,122.550981,0.322086170895,-170.057715,-47.506734,-18.371716
1048576,1048640,2097280,0.106,222311,32,80,13108,13,77,124.185462,0.322086170895,-172.293355,-48.107893,-18.371716
1048576,1048640,2097280,0.106,222311,32,80,13108,13,78,125.819944,0.322086170895,-174.528724,-48.708780,-18.371716
1048576,1048640,2097280,0.106,222311,32,80,13108,13,79,127.454425,0.322086170895,-176.763788,-49.309363,-18.371716
1048576,1048640,2097280,0.106,222311,32,80,13108,13,80,129.088906,0.322086170895,-178.998512,-49.909606,-18.371716
1048576,1048640,2097280,0.106,222311,32,80,13108,13,81,130.723388,0.322086170895,-181.232855,-50.509468,-18.371716
1048576,1048640,2097280,0.106,222311,32,80,13108,13,82,132.357869,0.322086170895,-183.466772,-51.108903,-18.371716
1048576,1048640,2097280,0.106,222311,32,80,13108,13,83,133.992350,0.322086170895,-185.700212,-51.707862,-18.371716
1048576,1048640,2097280,0.106,222311,32,80,13108,13,84,135.626832,0.322086170895,-187.933121,-52.306289,-18.371716
1048576,1048640,2097280,0.106,222311,32,80,13108,13,85,137.261313,0.322086170895,-190.165436,-52.904123,-18.371716
1048576,1048640,2097280,0.106,222311,32,80,13108,13,86,138.895795,0.322086170895,-192.397090,-53.501295,-18.371716
1048576,1048640,2097280,0.106,222311,32,80,13108,13,87,140.530276,0.322086170895,-194.628006,-54.097730,-18.371716
1048576,1048640,2097280,0.106,222311,32,80,13108,13,88,142.164757,0.322086170895,-196.858104,-54.693347,-18.371716
1048576,1048640,2097280,0.106,222311,32,80,13108,13,89,143.799239,0.322086170895,-199.087293,-55.288054,-18.371716
1048576,1048640,2097280,0.106,222311,32,80,13108,13,90,145.433720,0.322086170895,-201.315473,-55.881753,-18.371716
1048576,1048640,2097280,0.106,222311,32,80,13108,13,91,147.068201,0.322086170895,-203.542536,-56.474334,-18.371716
1048576,1048640,2097280,0.106,222311,32,80,13108,13,92,148.702683,0.322086170895,-205.768365,-57.065682,-18.371716
1048576,1048640,2097280,0.106,222311,32,80,13108,13,93,150.337164,0.322086170895,-207.992832,-57.655668,-18.371716
1048576,1048640,2097280,0.106,222311,32,80,13108,13,94,151.971646,0.322086170895,-210.215800,-58.244155,-18.371716
1048576,1048640,2097280,0.106,222311,32,80,13108,13,95,153.606127,0.322086170895,-212.437121,-58.830994,-18.371716
1048576,1048640,2097280,0.106,222311,32,80,13108,13,96,155.240608,0.322086170895,-214.656639,-59.416030,-18.371716
1048576,1048640,2097280,0.106,222311,32,80,13108,13,97,156.875090,0.322086170895,-216.874183,-59.999093,-18.371716
1048576,1048640,2097280,0.106,222311,32,80,13108,13,98,158.509571,0.322086170895,-219.089579,-60.580008,-18.371716
1048576,1048640,2097280,0.106,222311,32,80,13108,13,99,160.144052,0.322086170895,-221.302639,-61.158587,-18.371716
1048576,1048640,2097280,0.106,222311,32,80,13108,13,100,161.778534,0.322086170895,-223.513174,-61.734640,-18.371716
1048576,1048640,2097280,0.106,222311,32,80,13108,13,101,163.413015,0.322086170895,-225.720982,-62.307966,-18.371716
1048576,1048640,2097280,0.106,222311,32,80,13108,13,102,165.047497,0.322086170895,-227.925862,-62.878366,-18.371716
1048576,1048640,2097280,0.106,222311,32,80,13108,13,103,166.681978,0.322086170895,-230.127608,-63.445630,-18.371716
1048576,1048640,2097280,0.106,222311,32,80,13108,13,104,168.316459,0.322086170895,-232.326017,-64.009558,-18.371716
1048576,1048640,2097280,0.106,222311,32,80,13108,13,105,169.950941,0.322086170895,-234.520892,-64.569951,-18.371716
1048576,1048640,2097280,0.106,222311,32,80,13108,13,106,171.585422,0.322086170895,-236.712034,-65.126612,-18.371716
1048576,1048640,2097280,0.106,222311,32,80,13108,13,107,173.219903,0.322086170895,-238.899265,-65.679361,-18.371716
1048576,1048640,2097280,0.106,222311,32,80,13108,13,108,174.854385,0.322086170895,-241.082416,-66.228031,-18.371716
1048576,1048640,2097280,0.106,222311,32,80,13108,13,109,176.488866,0.322086170895,-243.261334,-66.772468,-18.371716
1048576,1048640,2097280,0.106,222311,32,80,13108,13,110,178.123348,0.322086170895,-245.435890,-67.312542,-18.371716
1048576,1048640,2097280,0.106,222311,32,80,13108,13,111,179.757829,0.322086170895,-247.605979,-67.848150,-18.371716
1048576,1048640,2097280,0.106,222311,32,80,13108,13,112,181.392310,0.322086170895,-249.771519,-68.379208,-18.371716
1048576,1048640,2097280,0.106,222311,32,80,13108,13,113,183.026792,0.322086170895,-251.932459,-68.905667,-18.371716
1048576,1048640,2097280,0.106,222311,32,80,13108,13,114,184.661273,0.322086170895,-254.088781,-69.427507,-18.371716
1048576,1048640,2097280,0.106,222311,32,80,13108,13,115,186.295754,0.322086170895,-256.240489,-69.944735,-18.371716
1048576,1048640,2097280,0.106,222311,32,80,13108,13,116,187.930236,0.322086170895,-258.387626,-70.457390,-18.371716
1048576,1048640,2097280,0.106,222311,32,80,13108,13,117,189.564717,0.322086170895,-260.530262,-70.965545,-18.371716
1048576,1048640,2097280,0.106,222311,32,80,13108,13,118,191.199199,0.322086170895,-262.668490,-71.469292,-18.371716
1048576,1048640,2097280,0.106,222311,32,80,13108,13,119,192.833680,0.322086170895,-264.802434,-71.968754,-18.371716
1048576,1048640,2097280,0.106,222311,32,80,13108,13,120,194.468161,0.322086170895,-266.932240,-72.464079,-18.371716
1048576,1048640,2097280,0.106,222311,32,80,13108,13,121,196.102643,0.322086170895,-269.058068,-72.955425,-18.371716
1048576,1048640,2097280,0.106,222311,32,80,13108,13,122,197.737124,0.322086170895,-271.180098,-73.442974,-18.371716
1048576,1048640,2097280,0.106,222311,32,80,13108,13,123,199.371605,0.322086170895,-273.298525,-73.926919,-18.371716
1048576,1048640,2097280,0.106,222311,32,80,13108,13,124,201.006087,0.322086170895,-275.413544,-74.407458,-18.371716
1048576,1048640,2097280,0.106,222311,32,80,13108,13,125,202.640568,0.322086170895,-277.525364,-74.884796,-18.371716
1048576,1048640,2097280,0.106,222311,32,80,13108,13,126,204.275050,0.322086170895,-279.634192,-75.359143,-18.371716
1048576,1048640,2097280,0.106,222311,32,80,13108,13,127,205.909531,0.322086170895,-281.740235,-75.830704,-18.371716
1048576,1048640,2097280,0.106,222311,32,80,13108,13,128,207.544012,0.322086170895,-283.843696,-76.299683,-18.371716
1048576,1048640,2097280,0.106,222311,32,80,13108,13,129,209.178494,0.322086170895,-285.944776,-76.766282,-18.371716
1048576,1048640,2097280,0.106,222311,32,80,13108,13,130,210.812975,0.322086170895,-288.043665,-77.230690,-18.371716
1048576,1048640,2097280,0.106,222311,32,80,13108,13,131,212.447456,0.322086170895,-290.140548,-77.693092,-18.371716
1048576,1048640,2097280,0.106,222311,32,80,13108,13,132,214.081938,0.322086170895,-292.235603,-78.153665,-18.371716
1048576,1048640,2097280,0.106,222311,32,80,13108,13,133,215.716419,0.322086170895,-294.328991,-78.612572,-18.371716
1048576,1048640,2097280,0.106,222311,32,80,13108,13,134,217.350901,0.322086170895,-296.420869,-79.069969,-18.371716
1048576,1048640,2097280,0.106,222311,32,80,13108,13,135,218.985382,0.322086170895,-298.511384,-79.526002,-18.371716
1048576,1048640,2097280,0.106,222311,32,80,13108,13,136,220.619863,0.322086170895,-300.600669,-79.980805,-18.371716
1048576,1048640,2097280,0.106,222311,32,80,13108,13,137,222.254345,0.322086170895,-302.688848,-80.434504,-18.371716
1048576,1048640,2097280,0.106,222311,32,80,13108,13,138,223.888826,0.322086170895,-304.776039,-80.887213,-18.371716
1048576,1048640,2097280,0.106,222311,32,80,13108,13,139,225.523307,0.322086170895,-306.862344,-81.339037,-18.371716
1048576,1048640,2097280,0.106,222311,32,80,13108,13,140,227.157789,0.322086170895,-308.947862,-81.790073,-18.371716
1048576,1048640,2097280,0.106,222311,32,80,13108,13,141,228.792270,0.322086170895,-311.032682,-82.240411,-18.371716
1048576,1048640,2097280,0.106,222311,32,80,13108,13,142,230.426752,0.322086170895,-313.116882,-82.690130,-18.371716
1048576,1048640,2097280,0.106,222311,32,80,13108,13,143,232.061233,0.322086170895,-315.200536,-83.139303,-18.371716
1048576,1048640,2097280,0.106,222311,32,80,13108,13,144,233.695714,0.322086170895,-317.283711,-83.587997,-18.371716
1048576,1048640,2097280,0.106,222311,32,80,13108,13,145,235.330196,0.322086170895,-319.366466,-84.036271,-18.371716
1048576,1048640,2097280,0.106,222311,32,80,13108,13,146,236.964677,0.322086170895,-321.448856,-84.484179,-18.371716
1048576,1048640,2097280,0.106,222311,32,80,13108,13,147,238.599158,0.322086170895,-323.530929,-84.931771,-18.371716
1048576,1048640,2097280,0.106,222311,32,80,13108,13,148,240.233640,0.322086170895,-325.612729,-85.379089,-18.371716
1048576,1048640,2097280,0.106,222311,32,80,13108,13,149,241.868121,0.322086170895,-327.694296,-85.826175,-18.371716
1048576,1048640,2097280,0.106,222311,32,80,13108,13,150,243.502603,0.322086170895,-329.775665,-86.273063,-18.371716
1048576,1048640,2097280,0.106,222311,32,80,13108,13,151,245.137084,0.322086170895,-331.856868,-86.719784,-18.371716
1048576,1048640,2097280,0.106,222311,32,80,13108,13,152,246.771565,0.322086170895,-333.937933,-87.166368,-18.371716
1048576,1048640,2097280,0.106,222311,32,80,13108,13,153,248.406047,0.322086170895,-336.018886,-87.612840,-18.371716
1048576,1048640,2097280,0.106,222311,32,80,13108,13,154,250.040528,0.322086170895,-338.099750,-88.059222,-18.371716
1048576,1048640,2097280,0.106,222311,32,80,13108,13,155,251.675009,0.322086170895,-340.180545,-88.505535,-18.371716
1048576,1048640,2097280,0.106,222311,32,80,13108,13,156,253.309491,0.322086170895,-342.261288,-88.951798,-18.371716
1048576,1048640,2097280,0.106,222311,32,80,13108,13,157,254.943972,0.322086170895,-344.341998,-89.398025,-18.371716
1048576,1048640,2097280,0.106,222311,32,80,13108,13,158,256.578454,0.322086170895,-346.422686,-89.844233,-18.371716
1048576,1048640,2097280,0.106,222311,32,80,13108,13,159,258.212935,0.322086170895,-348.503367,-90.290432,-18.371716
1048576,1048640,2097280,0.106,222311,32,80,13108,13,160,259.847416,0.322086170895,-350.584052,-90.736635,-18.371716
1048576,1048640,2097280,0.106,222311,32,80,13108,14,1,-inf,,-2.237846,-inf,-inf
1048576,1048640,2097280,0.106,222311,32,80,13108,14,2,-inf,,-4.475692,-inf,-inf
1048576,1048640,2097280,0.106,222311,32,80,13108,14,3,-inf,,-6.713537,-inf,-inf
1048576,1048640,2097280,0.106,222311,32,80,13108,14,4,-inf,,-8.951381,-inf,-inf
1048576,1048640,2097280,0.106,222311,32,80,13108,14,5,-inf,,-11.189224,-inf,-inf
1048576,1048640,2097280,0.106,222311,32,80,13108,14,6,-inf,,-13.427067,-inf,-inf
1048576,1048640,2097280,0.106,222311,32,80,13108,14,7,-inf,,-15.664909,-inf,-inf
1048576,1048640,2097280,0.106,222311,32,80,13108,14,8,-inf,,-17.902750,-inf,-inf
1048576,1048640,2097280,0.106,222311,32,80,13108,14,9,-inf,,-20.140591,-inf,-inf
1048576,1048640,2097280,0.106,222311,32,80,13108,14,10,-inf,,-22.378431,-inf,-inf
1048576,1048640,2097280,0.106,222311,32,80,13108,14,11,-inf,,-24.616270,-inf,-inf
1048576,1048640,2097280,0.106,222311,32,80,13108,14,12,-inf,,-26.854108,-inf,-inf
1048576,1048640,2097280,0.106,222311,32,80,13108,14,13,-inf,,-29.091945,-inf,-inf
1048576,1048640,2097280,0.106,222311,32,80,13108,14,14,3.188195,0.141400061521,-31.329782,-28.141587,-28.141587
1048576,1048640,2097280,0.106,222311,32,80,13108,14,15,6.010340,0.141400061521,-33.567618,-27.557278,-26.820051
1048576,1048640,2097280,0.106,222311,32,80,13108,14,16,8.832486,0.141400061521,-35.805453,-26.972968,-25.894484
1048576,1048640,2097280,0.106,222311,32,80,13108,14,17,11.654631,0.141400061521,-38.043288,-26.388657,-25.120514
1048576,1048640,2097280,0.106,222311,32,80,13108,14,18,14.476776,0.141400061521,-40.281121,-25.804345,-24.422287
1048576,1048640,2097280,0.106,222311,32,80,13108,14,19,17.298922,0.141400061521,-42.518954,-25.220033,-23.766709
1048576,1048640,2097280,0.106,222311,32,80,13108,14,20,20.121067,0.141400061521,-44.756786,-24.635719,-23.136748
1048576,1048640,2097280,0.106,222311,32,80,13108,14,21,22.943212,0.141400061521,-46.994617,-24.051405,-22.522774
1048576,1048640,2097280,0.106,222311,32,80,13108,14,22,25.765358,0.141400061521,-49.232447,-23.467090,-21.919010
1048576,1048640,2097280,0.106,222311,32,80,13108,14,23,28.587503,0.141400061521,-51.470276,-22.882773,-21.321867
1048576,1048640,2097280,0.106,222311,32,80,13108,14,24,31.243666,0.173712159159,-53.708104,-22.464438,-20.782880
1048576,1048640,2097280,0.106,222311,32,80,13108,14,25,33.739721,0.192539805332,-55.945932,-22.206210,-20.325706
1048576,1048640,2097280,0.106,222311,32,80,13108,14,26,36.116493,0.192539805332,-58.183758,-22.067265,-19.948253
1048576,1048640,2097280,0.106,222311,32,80,13108,14,27,38.492270,0.21340807009,-60.421583,-21.929312,-19.622517
1048576,1048640,2097280,0.106,222311,32,80,13108,14,28,40.720583,0.21340807009,-62.659406,-21.938823,-19.358544
1048576,1048640,2097280,0.106,222311,32,80,13108,14,29,42.948897,0.21340807009,-64.897229,-21.948332,-19.136840
1048576,1048640,2097280,0.106,222311,32,80,13108,14,30,45.082775,0.236538124161,-67.135050,-22.052275,-18.957270
1048576,1048640,2097280,0.106,222311,32,80,13108,14,31,47.162630,0.236538124161,-69.372869,-22.210239,-18.813360
1048576,1048640,2097280,0.106,222311,32,80,13108,14,32,49.228909,0.262175109676,-71.610687,-22.381778,-18.696603
1048576,1048640,2097280,0.106,222311,32,80,13108,14,33,51.160307,0.262175109676,-73.848504,-22.688197,-18.608644
1048576,1048640,2097280,0.106,222311,32,80,13108,14,34,53.091704,0.262175109676,-76.086318,-22.994614,-18.541241
1048576,1048640,2097280,0.106,222311,32,80,13108,14,35,54.970254,0.290590738289,-78.324131,-23.353877,-18.490797
1048576,1048640,2097280,0.106,222311,32,80,13108,14,36,56.753193,0.290590738289,-80.561941,-23.808748,-18.455076
1048576,1048640,2097280,0.106,222311,32,80,13108,14,37,58.536132,0.290590738289,-82.799749,-24.263616,-18.429561
1048576,1048640,2097280,0.106,222311,32,80,13108,14,38,60.319072,0.290590738289,-85.037554,-24.718482,-18.411227
1048576,1048640,2097280,0.106,222311,32,80,13108,14,39,62.075170,0.322086170895,-87.275356,-25.200186,-18.398239
1048576,1048640,2097280,0.106,222311,32,80,13108,14,40,63.709651,0.322086170895,-89.513155,-25.803504,-18.389754
1048576,1048640,2097280,0.106,222311,32,80,13108,14,41,65.344132,0.322086170895,-91.750951,-26.406818,-18.384195
1048576,1048640,2097280,0.106,222311,32,80,13108,14,42,66.978614,0.322086170895,-93.988742,-27.010128,-18.380548
1048576,1048640,2097280,0.106,222311,32,80,13108,14,43,68.613095,0.322086170895,-96.226529,-27.613434,-18.378152
1048576,1048640,2097280,0.106,222311,32,80,13108,14,44,70.247577,0.322086170895,-98.464311,-28.216734,-18.376577
1048576,1048640,2097280,0.106,222311,32,80,13108,14,45,71.882058,0.322086170895,-100.702087,-28.820029,-18.375542
1048576,1048640,2097280,0.106,222311,32,80,13108,14,46,73.516539,0.322086170895,-102.939857,-29.423318,-18.374860
1048576,1048640,2097280,0.106,222311,32,80,13108,14,47,75.151021,0.322086170895,-105.177620,-30.026600,-18.374412
1048576,1048640,2097280,0.106,222311,32,80,13108,14,48,76.785502,0.322086170895,-107.415376,-30.629874,-18.374117
1048576,1048640,2097280,0.106,222311,32,80,13108,14,49,78.419983,0.322086170895,-109.653122,-31.233139,-18.373923
1048576,1048640,2097280,0.106,222311,32,80,13108,14,50,80.054465,0.322086170895,-111.890859,-31.836394,-18.373795
1048576,1048640,2097280,0.106,222311,32,80,13108,14,51,81.688946,0.322086170895,-114.128584,-32.439638,-18.373711
1048576,1048640,2097280,0.106,222311,32,80,13108,14,52,83.323428,0.322086170895,-116.366297,-33.042869,-18.373655
1048576,1048640,2097280,0.106,222311,32,80,13108,14,53,84.957909,0.322086170895,-118.603995,-33.646086,-18.373619
1048576,1048640,2097280,0.106,222311,32,80,13108,14,54,86.592390,0.322086170895,-120.841678,-34.249288,-18.373595
1048576,1048640,2097280,0.106,222311,32,80,13108,14,55,88.226872,0.322086170895,-123.079343,-34.852471,-18.373579
1048576,1048640,2097280,0.106,222311,32,80,13108,14,56,89.861353,0.322086170895,-125.316987,-35.455634,-18.373569
1048576,1048640,2097280,0.106,222311,32,80,13108,14,57,91.495834,0.322086170895,-127.554609,-36.058774,-18.373562
1048576,1048640,2097280,0.106,222311,32,80,13108,14,58,93.130316,0.322086170895,-129.792205,-36.661889,-18.373558
1048576,1048640,2097280,0.106,222311,32,80,13108,14,59,94.764797,0.322086170895,-132.029772,-37.264975,-18.373555
1048576,1048640,2097280,0.106,222311,32,80,13108,14,60,96.399279,0.322086170895,-134.267306,-37.868028,-18.373553
1048576,1048640,2097280,0.106,222311,32,80,13108,14,61,98.033760,0.322086170895,-136.504804,-38.471044,-18.373551
1048576,1048640,2097280,0.106,222311,32,80,13108,14,62,99.668241,0.322086170895,-138.742260,-39.074019,-18.373550
1048576,1048640,2097280,0.106,222311,32,80,13108,14,63,101.302723,0.322086170895,-140.979669,-39.676947,-18.373550
1048576,1048640,2097280,0.106,222311,32,80,13108,14,64,102.937204,0.322086170895,-143.217026,-40.279822,-18.373550
1048576,1048640,2097280,0.106,222311,32,80,13108,14,65,104.571685,0.322086170895,-145.454324,-40.882638,-18.373549
1048576,1048640,2097280,0.106,222311,32,80,13108,14,66,106.206167,0.322086170895,-147.691555,-41.485388,-18.373549
1048576,1048640,2097280,0.106,222311,32,80,13108,14,67,107.840648,0.322086170895,-149.928710,-42.088062,-18.373549
1048576,1048640,2097280,0.106,222311,32,80,13108,14,68,109.475130,0.322086170895,-152.165781,-42.690652,-18.373549
1048576,1048640,2097280,0.106,222311,32,80,13108,14,69,111.109611,0.322086170895,-154.402757,-43.293146,-18.373549
1048576,1048640,2097280,0.106,222311,32,80,13108,14,70,112.744092,0.322086170895,-156.639626,-43.895533,-18.373549
1048576,1048640,2097280,0.106,222311,32,80,13108,14,71,114.378574,0.322086170895,-158.876374,-44.497800,-18.373549
1048576,1048640,2097280,0.106,222311,32,80,13108,14,72,116.013055,0.322086170895,-161.112986,-45.099931,-18.373549
1048576,1048640,2097280,0.106,222311,32,80,13108,14,73,117.647537,0.322086170895,-163.349447,-45.701910,-18.373549
1048576,1048640,2097280,0.106,222311,32,80,13108,14,74,119.282018,0.322086170895,-165.585736,-46.303718,-18.373549
1048576,1048640,2097280,0.106,222311,32,80,13108,14,75,120.916499,0.322086170895,-167.821833,-46.905334,-18.373549
1048576,1048640,2097280,0.106,222311,32,80,13108,14,76,122.550981,0.322086170895,-170.057715,-47.506735,-18.373549
1048576,1048640,2097280,0.106,222311,32,80,13108,14,77,124.185462,0.322086170895,-172.293355,-48.107893,-18.373549
1048576,1048640,2097280,0.106,222311,32,80,13108,14,78,125.819943,0.322086170895,-174.528724,-48.708780,-18.373549
1048576,1048640,2097280,0.106,222311,32,80,13108,14,79,127.454425,0.322086170895,-176.763788,-49.309363,-18.373549
1048576,1048640,2097280,0.106,222311,32,80,13108,14,80,129.088906,0.322086170895,-178.998512,-49.909606,-18.373549
1048576,1048640,2097280,0.106,222311,32,80,13108,14,81,130.723388,0.322086170895,-181.232855,-50.509468,-18.373549
1048576,1048640,2097280,0.106,222311,32,80,13108,14,82,132.357869,0.322086170895,-183.466772,-51.108903,-18.373549
1048576,1048640,2097280,0.106,222311,32,80,13108,14,83,133.992350,0.322086170895,-185.700212,-51.707862,-18.373549
1048576,1048640,2097280,0.106,222311,32,80,13108,14,84,135.626832,0.322086170895,-187.933121,-52.306290,-18.373549
1048576,1048640,2097280,0.106,222311,32,80,13108,14,85,137.261313,0.322086170895,-190.165436,-52.904123,-18.373549
1048576,1048640,2097280,0.106,222311,32,80,13108,14,86,138.895794,0.322086170895,-192.397090,-53.501295,-18.373549
1048576,1048640,2097280,0.106,222311,32,80,13108,14,87,140.530276,0.322086170895,-194.628006,-54.097730,-18.373549
1048576,1048640,2097280,0.106,222311,32,80,13108,14,88,142.164757,0.322086170895,-196.858104,-54.693347,-18.373549
1048576,1048640,2097280,0.106,222311,32,80,13108,14,89,143.799239,0.322086170895,-199.087293,-55.288054,-18.373549
1048576,1048640,2097280,0.106,222311,32,80,13108,14,90,145.433720,0.322086170895,-201.315473,-55.881753,-18.373549
1048576,1048640,2097280,0.106,222311,32,80,13108,14,91,147.068201,0.322086170895,-203.542536,-56.474334,-18.373549
1048576,1048640,2097280,0.106,222311,32,80,13108,14,92,148.702683,0.322086170895,-205.768365,-57.065682,-18.373549
1048576,1048640,2097280,0.106,222311,32,80,13108,14,93,150.337164,0.322086170895,-207.992832,-57.655668,-18.373549
1048576,1048640,2097280,0.106,222311,32,80,13108,14,94,151.971645,0.322086170895,-210.215800,-58.244155,-18.373549
1048576,1048640,2097280,0.106,222311,32,80,13108,14,95,153.606127,0.322086170895,-212.437121,-58.830994,-18.373549
1048576,1048640,2097280,0.106,222311,32,80,13108,14,96,155.240608,0.322086170895,-214.656639,-59.416030,-18.373549
1048576,1048640,2097280,0.106,222311,32,80,13108,14,97,156.875090,0.322086170895,-216.874183,-59.999093,-18.373549
1048576,1048640,2097280,0.106,222311,32,80,13108,14,98,158.509571,0.322086170895,-219.089579,-60.580008,-18.373549
1048576,1048640,2097280,0.106,222311,32,80,13108,14,99,160.144052,0.322086170895,-221.302639,-61.158587,-18.373549
1048576,1048640,2097280,0.106,222311,32,80,13108,14,100,161.778534,0.322086170895,-223.513174,-61.734640,-18.373549
1048576,1048640,2097280,0.106,222311,32,80,13108,14,101,163.413015,0.322086170895,-225.720982,-62.307967,-18.373549
1048576,1048640,2097280,0.106,222311,32,80,13108,14,102,165.047496,0.322086170895,-227.925862,-62.878366,-18.373549
1048576,1048640,2097280,0.106,222311,32,80,13108,14,103,166.681978,0.322086170895,-230.127608,-63.445631,-18.373549
1048576,1048640,2097280,0.106,222311,32,80,13108,14,104,168.316459,0.322086170895,-232.326017,-64.009558,-18.373549
1048576,1048640,2097280,0.106,222311,32,80,13108,14,105,169.950941,0.322086170895,-234.520892,-64.569951,-18.373549
1048576,1048640,2097280,0.106,222311,32,80,13108,14,106,171.585422,0.322086170895,-236.712034,-65.126612,-18.373549
1048576,1048640,2097280,0.106,222311,32,80,13108,14,107,173.219903,0.322086170895,-238.899265,-65.679361,-18.373549
1048576,1048640,2097280,0.106,222311,32,80,13108,14,108,174.854385,0.322086170895,-241.082416,-66.228032,-18.373549
1048576,1048640,2097280,0.106,222311,32,80,13108,14,109,176.488866,0.322086170895,-243.261334,-66.772468,-18.373549
1048576,1048640,2097280,0.106,222311,32,80,13108,14,110,178.123347,0.322086170895,-245.435890,-67.312542,-18.373549
1048576,1048640,2097280,0.106,222311,32,80,13108,14,111,179.757829,0.322086170895,-247.605979,-67.848150,-18.373549
1048576,1048640,2097280,0.106,222311,32,80,13108,14,112,181.392310,0.322086170895,-249.771519,-68.379209,-18.373549
1048576,1048640,2097280,0.106,222311,32,80,13108,14,113,183.026792,0.322086170895,-251.932459,-68.905667,-18.373549
1048576,1048640,2097280,0.106,222311,32,80,13108,14,114,184.661273,0.322086170895,-254.088781,-69.427508,-18.373549
1048576,1048640,2097280,0.106,222311,32,80,13108,14,115,186.295754,0.322086170895,-256.240489,-69.944735,-18.373549
1048576,1048640,2097280,0.106,222311,32,80,13108,14,116,187.930236,0.322086170895,-258.387626,-70.457390,-18.373549
1048576,1048640,2097280,0.106,222311,32,80,13108,14,117,189.564717,0.322086170895,-260.530262,-70.965545,-18.373549
1048576,1048640,2097280,0.106,222311,32,80,13108,14,118,191.199198,0.322086170895,-262.668490,-71.469292,-18.373549
1048576,1048640,2097280,0.106,222311,32,80,13108,14,119,192.833680,0.322086170895,-264.802434,-71.968755,-18.373549
1048576,1048640,2097280,0.106,222311,32,80,13108,14,120,194.468161,0.322086170895,-266.932240,-72.464079,-18.373549
1048576,1048640,2097280,0.106,222311,32,80,13108,14,121,196.102643,0.322086170895,-269.058068,-72.955425,-18.373549
1048576,1048640,2097280,0.106,222311,32,80,13108,14,122,197.737124,0.322086170895,-271.180098,-73.442974,-18.373549
1048576,1048640,2097280,0.106,222311,32,80,13108,14,123,199.371605,0.322086170895,-273.298525,-73.926919,-18.373549
1048576,1048640,2097280,0.106,222311,32,80,13108,14,124,201.006087,0.322086170895,-275.413544,-74.407458,-18.373549
1048576,1048640,2097280,0.106,222311,32,80,13108,14,125,202.640568,0.322086170895,-277.525364,-74.884796,-18.373549
1048576,1048640,2097280,0.106,222311,32,80,13108,14,126,204.275049,0.322086170895,-279.634192,-75.359143,-18.373549
1048576,1048640,2097280,0.106,222311,32,80,13108,14,127,205.909531,0.322086170895,-281.740235,-75.830704,-18.373549
1048576,1048640,2097280,0.106,222311,32,80,13108,14,128,207.544012,0.322086170895,-283.843696,-76.299683,-18.373549
1048576,1048640,2097280,0.106,222311,32,80,13108,14,129,209.178494,0.322086170895,-285.944776,-76.766282,-18.373549
1048576,1048640,2097280,0.106,222311,32,80,13108,14,130,210.812975,0.322086170895,-288.043665,-77.230690,-18.373549
1048576,1048640,2097280,0.106,222311,32,80,13108,14,131,212.447456,0.322086170895,-290.140548,-77.693092,-18.373549
1048576,1048640,2097280,0.106,222311,32,80,13108,14,132,214.081938,0.322086170895,-292.235603,-78.153665,-18.373549
1048576,1048640,2097280,0.106,222311,32,80,13108,14,133,215.716419,0.322086170895,-294.328991,-78.612572,-18.373549
1048576,1048640,2097280,0.106,222311,32,80,13108,14,134,217.350900,0.322086170895,-296.420869,-79.069969,-18.373549
1048576,1048640,2097280,0.106,222311,32,80,13108,14,135,218.985382,0.322086170895,-298.511384,-79.526002,-18.373549
1048576,1048640,2097280,0.106,222311,32,80,13108,14,136,220.619863,0.322086170895,-300.600669,-79.980806,-18.373549
1048576,1048640,2097280,0.106,222311,32,80,13108,14,137,222.254345,0.322086170895,-302.688848,-80.434504,-18.373549
1048576,1048640,2097280,0.106,222311,32,80,13108,14,138,223.888826,0.322086170895,-304.776039,-80.887213,-18.373549
1048576,1048640,2097280,0.106,222311,32,80,13108,14,139,225.523307,0.322086170895,-306.862344,-81.339037,-18.373549
1048576,1048640,2097280,0.106,222311,32,80,13108,14,140,227.157789,0.322086170895,-308.947862,-81.790074,-18.373549
1048576,1048640,2097280,0.106,222311,32,80,13108,14,141,228.792270,0.322086170895,-311.032682,-82.240411,-18.373549
1048576,1048640,2097280,0.106,222311,32,80,13108,14,142,230.426751,0.322086170895,-313.116882,-82.690130,-18.373549
1048576,1048640,2097280,0.106,222311,32,80,13108,14,143,232.061233,0.322086170895,-315.200536,-83.139303,-18.373549
1048576,1048640,2097280,0.106,222311,32,80,13108,14,144,233.695714,0.322086170895,-317.283711,-83.587997,-18.373549
1048576,1048640,2097280,0.106,222311,32,80,13108,14,145,235.330196,0.322086170895,-319.366466,-84.036271,-18.373549
1048576,1048640,2097280,0.106,222311,32,80,13108,14,146,236.964677,0.322086170895,-321.448856,-84.484179,-18.373549
1048576,1048640,2097280,0.106,222311,32,80,13108,14,147,238.599158,0.322086170895,-323.530929,-84.931771,-18.373549
1048576,1048640,2097280,0.106,222311,32,80,13108,14,148,240.233640,0.322086170895,-325.612729,-85.379090,-18.373549
1048576,1048640,2097280,0.106,222311,32,80,13108,14,149,241.868121,0.322086170895,-327.694296,-85.826175,-18.373549
1048576,1048640,2097280,0.106,222311,32,80,13108,14,150,243.502602,0.322086170895,-329.775665,-86.273063,-18.373549
1048576,1048640,2097280,0.106,222311,32,80,13108,14,151,245.137084,0.322086170895,-331.856868,-86.719784,-18.373549
1048576,1048640,2097280,0.106,222311,32,80,13108,14,152,246.771565,0.322086170895,-333.937933,-87.166368,-18.373549
1048576,1048640,2097280,0.106,222311,32,80,13108,14,153,248.406047,0.322086170895,-336.018886,-87.612840,-18.373549
1048576,1048640,2097280,0.106,222311,32,80,13108,14,154,250.040528,0.322086170895,-338.099750,-88.059222,-18.373549
1048576,1048640,2097280,0.106,222311,32,80,13108,14,155,251.675009,0.322086170895,-340.180545,-88.505535,-18.373549
1048576,1048640,2097280,0.106,222311,32,80,13108,14,156,253.309491,0.322086170895,-342.261288,-88.951798,-18.373549
1048576,1048640,2097280,0.106,222311,32,80,13108,14,157,254.943972,0.322086170895,-344.341998,-89.398025,-18.373549
1048576,1048640,2097280,0.106,222311,32,80,13108,14,158,256.578454,0.322086170895,-346.422686,-89.844233,-18.373549
1048576,1048640,2097280,0.106,222311,32,80,13108,14,159,258.212935,0.322086170895,-348.503367,-90.290432,-18.373549
1048576,1048640,2097280,0.106,222311,32,80,13108,14,160,259.847416,0.322086170895,-350.584052,-90.736636,-18.373549
1048576,1048640,2097280,0.106,222311,32,80,13108,15,1,-inf,,-2.237846,-inf,-inf
1048576,1048640,2097280,0.106,222311,32,80,13108,15,2,-inf,,-4.475692,-inf,-inf
1048576,1048640,2097280,0.106,222311,32,80,13108,15,3,-inf,,-6.713537,-inf,-inf
1048576,1048640,2097280,0.106,222311,32,80,13108,15,4,-inf,,-8.951381,-inf,-inf
1048576,1048640,2097280,0.106,222311,32,80,13108,15,5,-inf,,-11.189224,-inf,-inf
1048576,1048640,2097280,0.106,222311,32,80,13108,15,6,-inf,,-13.427067,-inf,-inf
1048576,1048640,2097280,0.106,222311,32,80,13108,15,7,-inf,,-15.664909,-inf,-inf
1048576,1048640,2097280,0.106,222311,32,80,13108,15,8,-inf,,-17.902750,-inf,-inf
1048576,1048640,2097280,0.106,222311,32,80,13108,15,9,-inf,,-20.140591,-inf,-inf
1048576,1048640,2097280,0.106,222311,32,80,13108,15,10,-inf,,-22.378431,-inf,-inf
1048576,1048640,2097280,0.106,222311,32,80,13108,15,11,-inf,,-24.616270,-inf,-inf
1048576,1048640,2097280,0.106,222311,32,80,13108,15,12,-inf,,-26.854108,-inf,-inf
1048576,1048640,2097280,0.106,222311,32,80,13108,15,13,-inf,,-29.091945,-inf,-inf
1048576,1048640,2097280,0.106,222311,32,80,13108,15,14,-inf,,-31.329782,-inf,-inf
1048576,1048640,2097280,0.106,222311,32,80,13108,15,15,6.010340,0.141400061521,-33.567618,-27.557278,-27.557278
1048576,1048640,2097280,0.106,222311,32,80,13108,15,16,8.832486,0.141400061521,-35.805453,-26.972968,-26.235741
1048576,1048640,2097280,0.106,222311,32,80,13108,15,17,11.654631,0.141400061521,-38.043288,-26.388657,-25.310174
1048576,1048640,2097280,0.106,222311,32,80,13108,15,18,14.476776,0.141400061521,-40.281121,-25.804345,-24.536204
1048576,1048640,2097280,0.106,222311,32,80,13108,15,19,17.298922,0.141400061521,-42.518954,-25.220033,-23.837975
1048576,1048640,2097280,0.106,222311,32,80,13108,15,20,20.121067,0.141400061521,-44.756786,-24.635719,-23.182396
1048576,1048640,2097280,0.106,222311,32,80,13108,15,21,22.943212,0.141400061521,-46.994617,-24.051405,-22.552435
1048576,1048640,2097280,0.106,222311,32,80,13108,15,22,25.765358,0.141400061521,-49.232447,-23.467090,-21.938460
1048576,1048640,2097280,0.106,222311,32,80,13108,15,23,28.587503,0.141400061521,-51.470276,-22.882773,-21.334695
1048576,1048640,2097280,0.106,222311,32,80,13108,15,24,31.232032,0.173712159159,-53.708104,-22.476073,-20.795336
1048576,1048640,2097280,0.106,222311,32,80,13108,15,25,33.736106,0.192539805332,-55.945932,-22.209825,-20.335755
1048576,1048640,2097280,0.106,222311,32,80,13108,15,26,36.112877,0.192539805332,-58.183758,-22.070880,-19.956819
1048576,1048640,2097280,0.106,222311,32,80,13108,15,27,38.489649,0.192539805332,-60.421583,-21.931934,-19.629879
1048576,1048640,2097280,0.106,222311,32,80,13108,15,28,40.719601,0.21340807009,-62.659406,-21.939805,-19.364837
1048576,1048640,2097280,0.106,222311,32,80,13108,15,29,42.947914,0.21340807009,-64.897229,-21.949314,-19.142376
1048576,1048640,2097280,0.106,222311,32,80,13108,15,30,45.082574,0.236538124161,-67.135050,-22.052476,-18.962181
1048576,1048640,2097280,0.106,222311,32,80,13108,15,31,47.162429,0.236538124161,-69.372869,-22.210440,-18.817822
1048576,1048640,2097280,0.106,222311,32,80,13108,15,32,49.228878,0.262175109676,-71.610687,-22.381810,-18.700721
1048576,1048640,2097280,0.106,222311,32,80,13108,15,33,51.160275,0.262175109676,-73.848504,-22.688229,-18.612520
1048576,1048640,2097280,0.106,222311,32,80,13108,15,34,53.091672,0.262175109676,-76.086318,-22.994646,-18.544941
1048576,1048640,2097280,0.106,222311,32,80,13108,15,35,54.970250,0.290590738289,-78.324131,-23.353881,-18.494370
1048576,1048640,2097280,0.106,222311,32,80,13108,15,36,56.753189,0.290590738289,-80.561941,-23.808752,-18.458561
1048576,1048640,2097280,0.106,222311,32,80,13108,15,37,58.536129,0.290590738289,-82.799749,-24.263620,-18.432986
1048576,1048640,2097280,0.106,222311,32,80,13108,15,38,60.319068,0.290590738289,-85.037554,-24.718486,-18.414608
1048576,1048640,2097280,0.106,222311,32,80,13108,15,39,62.075169,0.322086170895,-87.275356,-25.200187,-18.401590
1048576,1048640,2097280,0.106,222311,32,80,13108,15,40,63.709651,0.322086170895,-89.513155,-25.803504,-18.393085
1048576,1048640,2097280,0.106,222311,32,80,13108,15,41,65.344132,0.322086170895,-91.750951,-26.406819,-18.387513
1048576,1048640,2097280,0.106,222311,32,80,13108,15,42,66.978613,0.322086170895,-93.988742,-27.010129,-18.383858
1048576,1048640,2097280,0.106,222311,32,80,13108,15,43,68.613095,0.322086170895,-96.226529,-27.613434,-18.381457
1048576,1048640,2097280,0.106,222311,32,80,13108,15,44,70.247576,0.322086170895,-98.464311,-28.216735,-18.379878
1048576,1048640,2097280,0.106,222311,32,80,13108,15,45,71.882058,0.322086170895,-100.702087,-28.820030,-18.378840
1048576,1048640,2097280,0.106,222311,32,80,13108,15,46,73.516539,0.322086170895,-102.939857,-29.423318,-18.378157
1048576,1048640,2097280,0.106,222311,32,80,13108,15,47,75.151020,0.322086170895,-105.177620,-30.026600,-18.377708
1048576,1048640,2097280,0.106,222311,32,80,13108,15,48,76.785502,0.322086170895,-107.415376,-30.629874,-18.377412
1048576,1048640,2097280,0.106,222311,32,80,13108,15,49,78.419983,0.322086170895,-109.653122,-31.233139,-18.377218
1048576,1048640,2097280,0.106,222311,32,80,13108,15,50,80.054464,0.322086170895,-111.890859,-31.836394,-18.377090
1048576,1048640,2097280,0.106,222311,32,80,13108,15,51,81.688946,0.322086170895,-114.128584,-32.439638,-18.377005
1048576,1048640,2097280,0.106,222311,32,80,13108,15,52,83.323427,0.322086170895,-116.366297,-33.042869,-18.376950
1048576,1048640,2097280,0.106,222311,32,80,13108,15,53,84.957909,0.322086170895,-118.603995,-33.646087,-18.376913
1048576,1048640,2097280,0.106,222311,32,80,13108,15,54,86.592390,0.322086170895,-120.841678,-34.249288,-18.376889
1048576,1048640,2097280,0.106,222311,32,80,13108,15,55,88.226871,0.322086170895,-123.079343,-34.852471,-18.376873
1048576,1048640,2097280,0.106,222311,32,80,13108,15,56,89.861353,0.322086170895,-125.316987,-35.455635,-18.376863
1048576,1048640,2097280,0.106,222311,32,80,13108,15,57,91.495834,0.322086170895,-127.554609,-36.058775,-18.376856
1048576,1048640,2097280,0.106,222311,32,80,13108,15,58,93.130315,0.322086170895,-129.792205,-36.661889,-18.376851
1048576,1048640,2097280,0.106,222311,32,80,13108,15,59,94.764797,0.322086170895,-132.029772,-37.264975,-18.376849
1048576,1048640,2097280,0.106,222311,32,80,13108,15,60,96.399278,0.322086170895,-134.267306,-37.868028,-18.376847
1048576,1048640,2097280,0.106,222311,32,80,13108,15,61,98.033760,0.322086170895,-136.504804,-38.471044,-18.376845
1048576,1048640,2097280,0.106,222311,32,80,13108,15,62,99.668241,0.322086170895,-138.742260,-39.074019,-18.376844
1048576,1048640,2097280,0.106,222311,32,80,13108,15,63,101.302722,0.322086170895,-140.979669,-39.676947,-18.376844
1048576,1048640,2097280,0.106,222311,32,80,13108,15,64,102.937204,0.322086170895,-143.217026,-40.279823,-18.376843
1048576,1048640,2097280,0.106,222311,32,80,13108,15,65,104.571685,0.322086170895,-145.454324,-40.882639,-18.376843
1048576,1048640,2097280,0.106,222311,32,80,13108,15,66,106.206166,0.322086170895,-147.691555,-41.485388,-18.376843
1048576,1048640,2097280,0.106,222311,32,80,13108,15,67,107.840648,0.322086170895,-149.928710,-42.088062,-18.376843
1048576,1048640,2097280,0.106,222311,32,80,13108,15,68,109.475129,0.322086170895,-152.165781,-42.690652,-18.376843
1048576,1048640,2097280,0.106,222311,32,80,13108,15,69,111.109611,0.322086170895,-154.402757,-43.293146,-18.376843
1048576,1048640,2097280,0.106,222311,32,80,13108,15,70,112.744092,0.322086170895,-156.639626,-43.895534,-18.376843
1048576,1048640,2097280,0.106,222311,32,80,13108,15,71,114.378573,0.322086170895,-158.876374,-44.497800,-18.376843
1048576,1048640,2097280,0.106,222311,32,80,13108,15,72,116.013055,0.322086170895,-161.112986,-45.099932,-18.376843
1048576,1048640,2097280,0.106,222311,32,80,13108,15,73,117.647536,0.322086170895,-163.349447,-45.701911,-18.376843
1048576,1048640,2097280,0.106,222311,32,80,13108,15,74,119.282017,0.322086170895,-165.585736,-46.303719,-18.376843
1048576,1048640,2097280,0.106,222311,32,80,13108,15,75,120.916499,0.322086170895,-167.821833,-46.905334,-18.376843
1048576,1048640,2097280,0.106,222311,32,80,13108,15,76,122.550980,0.322086170895,-170.057715,-47.506735,-18.376843
1048576,1048640,2097280,0.106,222311,32,80,13108,15,77,124.185462,0.322086170895,-172.293355,-48.107893,-18.376843
1048576,1048640,2097280,0.106,222311,32,80,13108,15,78,125.819943,0.322086170895,-174.528724,-48.708781,-18.376843
1048576,1048640,2097280,0.106,222311,32,80,13108,15,79,127.454424,0.322086170895,-176.763788,-49.309364,-18.376843
1048576,1048640,2097280,0.106,222311,32,80,13108,15,80,129.088906,0.322086170895,-178.998512,-49.909607,-18.376843
1048576,1048640,2097280,0.106,222311,32,80,13108,15,81,130.723387,0.322086170895,-181.232855,-50.509468,-18.376843
1048576,1048640,2097280,0.106,222311,32,80,13108,15,82,132.357869,0.322086170895,-183.466772,-51.108904,-18.376843
1048576,1048640,2097280,0.106,222311,32,80,13108,15,83,133.992350,0.322086170895,-185.700212,-51.707863,-18.376843
1048576,1048640,2097280,0.106,222311,32,80,13108,15,84,135.626831,0.322086170895,-187.933121,-52.306290,-18.376843
1048576,1048640,2097280,0.106,222311,32,80,13108,15,85,137.261313,0.322086170895,-190.165436,-52.904123,-18.376843
1048576,1048640,2097280,0.106,222311,32,80,13108,15,86,138.895794,0.322086170895,-192.397090,-53.501296,-18.376843
1048576,1048640,2097280,0.106,222311,32,80,13108,15,87,140.530275,0.322086170895,-194.628006,-54.097731,-18.376843
1048576,1048640,2097280,0.106,222311,32,80,13108,15,88,142.164757,0.322086170895,-196.858104,-54.693348,-18.376843
1048576,1048640,2097280,0.106,222311,32,80,13108,15,89,143.799238,0.322086170895,-199.087293,-55.288054,-18.376843
1048576,1048640,2097280,0.106,222311,32,80,13108,15,90,145.433720,0.322086170895,-201.315473,-55.881753,-18.376843
1048576,1048640,2097280,0.106,222311,32,80,13108,15,91,147.068201,0.322086170895,-203.542536,-56.474335,-18.376843
1048576,1048640,2097280,0.106,222311,32,80,13108,15,92,148.702682,0.322086170895,-205.768365,-57.065683,-18.376843
1048576,1048640,2097280,0.106,222311,32,80,13108,15,93,150.337164,0.322086170895,-207.992832,-57.655668,-18.376843
1048576,1048640,2097280,0.106,222311,32,80,13108,15,94,151.971645,0.322086170895,-210.215800,-58.244155,-18.376843
1048576,1048640,2097280,0.106,222311,32,80,13108,15,95,153.606126,0.322086170895,-212.437121,-58.830995,-18.376843
1048576,1048640,2097280,0.106,222311,32,80,13108,15,96,155.240608,0.322086170895,-214.656639,-59.416031,-18.376843
1048576,1048640,2097280,0.106,222311,32,80,13108,15,97,156.875089,0.322086170895,-216.874183,-59.999093,-18.376843
1048576,1048640,2097280,0.106,222311,32,80,13108,15,98,158.509571,0.322086170895,-219.089579,-60.580008,-18.376843
1048576,1048640,2097280,0.106,222311,32,80,13108,15,99,160.144052,0.322086170895,-221.302639,-61.158588,-18.376843
1048576,1048640,2097280,0.106,222311,32,80,13108,15,100,161.778533,0.322086170895,-223.513174,-61.734641,-18.376843
1048576,1048640,2097280,0.106,222311,32,80,13108,15,101,163.413015,0.322086170895,-225.720982,-62.307967,-18.376843
1048576,1048640,2097280,0.106,222311,32,80,13108,15,102,165.047496,0.322086170895,-227.925862,-62.878366,-18.376843
1048576,1048640,2097280,0.106,222311,32,80,13108,15,103,166.681977,0.322086170895,-230.127608,-63.445631,-18.376843
1048576,1048640,2097280,0.106,222311,32,80,13108,15,104,168.316459,0.322086170895,-232.326017,-64.009559,-18.376843
1048576,1048640,2097280,0.106,222311,32,80,13108,15,105,169.950940,0.322086170895,-234.520892,-64.569952,-18.376843
1048576,1048640,2097280,0.106,222311,32,80,13108,15,106,171.585422,0.322086170895,-236.712034,-65.126613,-18.376843
1048576,1048640,2097280,0.106,222311,32,80,13108,15,107,173.219903,0.322086170895,-238.899265,-65.679362,-18.376843
1048576,1048640,2097280,0.106,222311,32,80,13108,15,108,174.854384,0.322086170895,-241.082416,-66.228032,-18.376843
1048576,1048640,2097280,0.106,222311,32,80,13108,15,109,176.488866,0.322086170895,-243.261334,-66.772468,-18.376843
1048576,1048640,2097280,0.106,222311,32,80,13108,15,110,178.123347,0.322086170895,-245.435890,-67.312543,-18.376843
1048576,1048640,2097280,0.106,222311,32,80,13108,15,111,179.757828,0.322086170895,-247.605979,-67.848151,-18.376843
1048576,1048640,2097280,0.106,222311,32,80,13108,15,112,181.392310,0.322086170895,-249.771519,-68.379209,-18.376843
1048576,1048640,2097280,0.106,222311,32,80,13108,15,113,183.026791,0.322086170895,-251.932459,-68.905668,-18.376843
1048576,1048640,2097280,0.106,222311,32,80,13108,15,114,184.661273,0.322086170895,-254.088781,-69.427508,-18.376843
1048576,1048640,2097280,0.106,222311,32,80,13108,15,115,186.295754,0.322086170895,-256.240489,-69.944735,-18.376843
1048576,1048640,2097280,0.106,222311,32,80,13108,15,116,187.930235,0.322086170895,-258.387626,-70.457391,-18.376843
1048576,1048640,2097280,0.106,222311,32,80,13108,15,117,189.564717,0.322086170895,-260.530262,-70.965546,-18.376843
1048576,1048640,2097280,0.106,222311,32,80,13108,15,118,191.199198,0.322086170895,-262.668490,-71.469292,-18.376843
1048576,1048640,2097280,0.106,222311,32,80,13108,15,119,192.833679,0.322086170895,-264.802434,-71.968755,-18.376843
1048576,1048640,2097280,0.106,222311,32,80,13108,15,120,194.468161,0.322086170895,-266.932240,-72.464079,-18.376843
1048576,1048640,2097280,0.106,222311,32,80,13108,15,121,196.102642,0.322086170895,-269.058068,-72.955426,-18.376843
1048576,1048640,2097280,0.106,222311,32,80,13108,15,122,197.737124,0.322086170895,-271.180098,-73.442975,-18.376843
1048576,1048640,2097280,0.106,222311,32,80,13108,15,123,199.371605,0.322086170895,-273.298525,-73.926920,-18.376843
1048576,1048640,2097280,0.106,222311,32,80,13108,15,124,201.006086,0.322086170895,-275.413544,-74.407458,-18.376843
1048576,1048640,2097280,0.106,222311,32,80,13108,15,125,202.640568,0.322086170895,-277.525364,-74.884796,-18.376843
1048576,1048640,2097280,0.106,222311,32,80,13108,15,126,204.275049,0.322086170895,-279.634192,-75.359143,-18.376843
1048576,1048640,2097280,0.106,222311,32,80,13108,15,127,205.909530,0.322086170895,-281.740235,-75.830704,-18.376843
1048576,1048640,2097280,0.106,222311,32,80,13108,15,128,207.544012,0.322086170895,-283.843696,-76.299684,-18.376843
1048576,1048640,2097280,0.106,222311,32,80,13108,15,129,209.178493,0.322086170895,-285.944776,-76.766282,-18.376843
1048576,1048640,2097280,0.106,222311,32,80,13108,15,130,210.812975,0.322086170895,-288.043665,-77.230690,-18.376843
1048576,1048640,2097280,0.106,222311,32,80,13108,15,131,212.447456,0.322086170895,-290.140548,-77.693093,-18.376843
1048576,1048640,2097280,0.106,222311,32,80,13108,15,132,214.081937,0.322086170895,-292.235603,-78.153665,-18.376843
1048576,1048640,2097280,0.106,222311,32,80,13108,15,133,215.716419,0.322086170895,-294.328991,-78.612572,-18.376843
1048576,1048640,2097280,0.106,222311,32,80,13108,15,134,217.350900,0.322086170895,-296.420869,-79.069969,-18.376843
1048576,1048640,2097280,0.106,222311,32,80,13108,15,135,218.985381,0.322086170895,-298.511384,-79.526003,-18.376843
1048576,1048640,2097280,0.106,222311,32,80,13108,15,136,220.619863,0.322086170895,-300.600669,-79.980806,-18.376843
1048576,1048640,2097280,0.106,222311,32,80,13108,15,137,222.254344,0.322086170895,-302.688848,-80.434504,-18.376843
1048576,1048640,2097280,0.106,222311,32,80,13108,15,138,223.888826,0.322086170895,-304.776039,-80.887213,-18.376843
1048576,1048640,2097280,0.106,222311,32,80,13108,15,139,225.523307,0.322086170895,-306.862344,-81.339037,-18.376843
1048576,1048640,2097280,0.106,222311,32,80,13108,15,140,227.157788,0.322086170895,-308.947862,-81.790074,-18.376843
1048576,1048640,2097280,0.106,222311,32,80,13108,15,141,228.792270,0.322086170895,-311.032682,-82.240412,-18.376843
1048576,1048640,2097280,0.106,222311,32,80,13108,15,142,230.426751,0.322086170895,-313.116882,-82.690131,-18.376843
1048576,1048640,2097280,0.106,222311,32,80,13108,15,143,232.061232,0.322086170895,-315.200536,-83.139304,-18.376843
1048576,1048640,2097280,0.106,222311,32,80,13108,15,144,233.695714,0.322086170895,-317.283711,-83.587997,-18.376843
1048576,1048640,2097280,0.106,222311,32,80,13108,15,145,235.330195,0.322086170895,-319.366466,-84.036271,-18.376843
1048576,1048640,2097280,0.106,222311,32,80,13108,15,146,236.964677,0.322086170895,-321.448856,-84.484179,-18.376843
1048576,1048640,2097280,0.106,222311,32,80,13108,15,147,238.599158,0.322086170895,-323.530929,-84.931771,-18.376843
1048576,1048640,2097280,0.106,222311,32,80,13108,15,148,240.233639,0.322086170895,-325.612729,-85.379090,-18.376843
1048576,1048640,2097280,0.106,222311,32,80,13108,15,149,241.868121,0.322086170895,-327.694296,-85.826175,-18.376843
1048576,1048640,2097280,0.106,222311,32,80,13108,15,150,243.502602,0.322086170895,-329.775665,-86.273063,-18.376843
1048576,1048640,2097280,0.106,222311,32,80,13108,15,151,245.137083,0.322086170895,-331.856868,-86.719784,-18.376843
1048576,1048640,2097280,0.106,222311,32,80,13108,15,152,246.771565,0.322086170895,-333.937933,-87.166368,-18.376843
1048576,1048640,2097280,0.106,222311,32,80,13108,15,153,248.406046,0.322086170895,-336.018886,-87.612840,-18.376843
1048576,1048640,2097280,0.106,222311,32,80,13108,15,154,250.040528,0.322086170895,-338.099750,-88.059222,-18.376843
1048576,1048640,2097280,0.106,222311,32,80,13108,15,155,251.675009,0.322086170895,-340.180545,-88.505536,-18.376843
1048576,1048640,2097280,0.106,222311,32,80,13108,15,156,253.309490,0.322086170895,-342.261288,-88.951798,-18.376843
1048576,1048640,2097280,0.106,222311,32,80,13108,15,157,254.943972,0.322086170895,-344.341998,-89.398026,-18.376843
1048576,1048640,2097280,0.106,222311,32,80,13108,15,158,256.578453,0.322086170895,-346.422686,-89.844233,-18.376843
1048576,1048640,2097280,0.106,222311,32,80,13108,15,159,258.212934,0.322086170895,-348.503367,-90.290433,-18.376843
1048576,1048640,2097280,0.106,222311,32,80,13108,15,160,259.847416,0.322086170895,-350.584052,-90.736636,-18.376843
1048576,1048640,2097280,0.106,222311,32,80,13108,16,1,-inf,,-2.237846,-inf,-inf
1048576,1048640,2097280,0.106,222311,32,80,13108,16,2,-inf,,-4.475692,-inf,-inf
1048576,1048640,2097280,0.106,222311,32,80,13108,16,3,-inf,,-6.713537,-inf,-inf
1048576,1048640,2097280,0.106,222311,32,80,13108,16,4,-inf,,-8.951381,-inf,-inf
1048576,1048640,2097280,0.106,222311,32,80,13108,16,5,-inf,,-11.189224,-inf,-inf
1048576,1048640,2097280,0.106,222311,32,80,13108,16,6,-inf,,-13.427067,-inf,-inf
1048576,1048640,2097280,0.106,222311,32,80,13108,16,7,-inf,,-15.664909,-inf,-inf
1048576,1048640,2097280,0.106,222311,32,80,13108,16,8,-inf,,-17.902750,-inf,-inf
1048576,1048640,2097280,0.106,222311,32,80,13108,16,9,-inf,,-20.140591,-inf,-inf
1048576,1048640,2097280,0.106,222311,32,80,13108,16,10,-inf,,-22.378431,-inf,-inf
1048576,1048640,2097280,0.106,222311,32,80,13108,16,11,-inf,,-24.616270,-inf,-inf
1048576,1048640,2097280,0.106,222311,32,80,13108,16,12,-inf,,-26.854108,-inf,-inf
1048576,1048640,2097280,0.106,222311,32,80,13108,16,13,-inf,,-29.091945,-inf,-inf
1048576,1048640,2097280,0.106,222311,32,80,13108,16,14,-inf,,-31.329782,-inf,-inf
1048576,1048640,2097280,0.106,222311,32,80,13108,16,15,-inf,,-33.567618,-inf,-inf
1048576,1048640,2097280,0.106,222311,32,80,13108,16,16,8.832486,0.141400061521,-35.805453,-26.972968,-26.972968
1048576,1048640,2097280,0.106,222311,32,80,13108,16,17,11.654631,0.141400061521,-38.043288,-26.388657,-25.651431
1048576,1048640,2097280,0.106,222311,32,80,13108,16,18,14.476776,0.141400061521,-40.281121,-25.804345,-24.725863
1048576,1048640,2097280,0.106,222311,32,80,13108,16,19,17.298922,0.141400061521,-42.518954,-25.220033,-23.951892
1048576,1048640,2097280,0.106,222311,32,80,13108,16,20,20.121067,0.141400061521,-44.756786,-24.635719,-23.253663
1048576,1048640,2097280,0.106,222311,32,80,13108,16,21,22.943212,0.141400061521,-46.994617,-24.051405,-22.598083
1048576,1048640,2097280,0.106,222311,32,80,13108,16,22,25.765358,0.141400061521,-49.232447,-23.467090,-21.968122
1048576,1048640,2097280,0.106,222311,32,80,13108,16,23,28.587503,0.141400061521,-51.470276,-22.882773,-21.354145
1048576,1048640,2097280,0.106,222311,32,80,13108,16,24,31.211442,0.173712159159,-53.708104,-22.496662,-20.815141
1048576,1048640,2097280,0.106,222311,32,80,13108,16,25,33.729076,0.192539805332,-55.945932,-22.216856,-20.352064
1048576,1048640,2097280,0.106,222311,32,80,13108,16,26,36.105847,0.192539805332,-58.183758,-22.077911,-19.970979
1048576,1048640,2097280,0.106,222311,32,80,13108,16,27,38.482618,0.192539805332,-60.421583,-21.938964,-19.642591
1048576,1048640,2097280,0.106,222311,32,80,13108,16,28,40.717563,0.21340807009,-62.659406,-21.941843,-19.375752
1048576,1048640,2097280,0.106,222311,32,80,13108,16,29,42.945877,0.21340807009,-64.897229,-21.951352,-19.152019
1048576,1048640,2097280,0.106,222311,32,80,13108,16,30,45.082110,0.236538124161,-67.135050,-22.052939,-18.970743
1048576,1048640,2097280,0.106,222311,32,80,13108,16,31,47.161966,0.236538124161,-69.372869,-22.210904,-18.825611
1048576,1048640,2097280,0.106,222311,32,80,13108,16,32,49.228796,0.262175109676,-71.610687,-22.381891,-18.707907
1048576,1048640,2097280,0.106,222311,32,80,13108,16,33,51.160194,0.262175109676,-73.848504,-22.688310,-18.619284
1048576,1048640,2097280,0.106,222311,32,80,13108,16,34,53.091591,0.262175109676,-76.086318,-22.994727,-18.551399
1048576,1048640,2097280,0.106,222311,32,80,13108,16,35,54.970239,0.290590738289,-78.324131,-23.353892,-18.500605
1048576,1048640,2097280,0.106,222311,32,80,13108,16,36,56.753178,0.290590738289,-80.561941,-23.808762,-18.464643
1048576,1048640,2097280,0.106,222311,32,80,13108,16,37,58.536118,0.290590738289,-82.799749,-24.263631,-18.438961
1048576,1048640,2097280,0.106,222311,32,80,13108,16,38,60.319057,0.290590738289,-85.037554,-24.718497,-18.420508
1048576,1048640,2097280,0.106,222311,32,80,13108,16,39,62.075168,0.322086170895,-87.275356,-25.200188,-18.407437
1048576,1048640,2097280,0.106,222311,32,80,13108,16,40,63.709649,0.322086170895,-89.513155,-25.803506,-18.398897
1048576,1048640,2097280,0.106,222311,32,80,13108,16,41,65.344131,0.322086170895,-91.750951,-26.406820,-18.393303
1048576,1048640,2097280,0.106,222311,32,80,13108,16,42,66.978612,0.322086170895,-93.988742,-27.010130,-18.389633
1048576,1048640,2097280,0.106,222311,32,80,13108,16,43,68.613094,0.322086170895,-96.226529,-27.613435,-18.387222
1048576,1048640,2097280,0.106,222311,32,80,13108,16,44,70.247575,0.322086170895,-98.464311,-28.216736,-18.385637
1048576,1048640,2097280,0.106,222311,32,80,13108,16,45,71.882056,0.322086170895,-100.702087,-28.820031,-18.384595
1048576,1048640,2097280,0.106,222311,32,80,13108,16,46,73.516538,0.322086170895,-102.939857,-29.423320,-18.383910
1048576,1048640,2097280,0.106,222311,32,80,13108,16,47,75.151019,0.322086170895,-105.177620,-30.026601,-18.383458
1048576,1048640,2097280,0.106,222311,32,80,13108,16,48,76.785500,0.322086170895,-107.415376,-30.629875,-18.383162
1048576,1048640,2097280,0.106,222311,32,80,13108,16,49,78.419982,0.322086170895,-109.653122,-31.233140,-18.382966
1048576,1048640,2097280,0.106,222311,32,80,13108,16,50,80.054463,0.322086170895,-111.890859,-31.836395,-18.382838
1048576,1048640,2097280,0.106,222311,32,80,13108,16,51,81.688945,0.322086170895,-114.128584,-32.439639,-18.382753
1048576,1048640,2097280,0.106,222311,32,80,13108,16,52,83.323426,0.322086170895,-116.366297,-33.042871,-18.382697
1048576,1048640,2097280,0.106,222311,32,80,13108,16,53,84.957907,0.322086170895,-118.603995,-33.646088,-18.382660
1048576,1048640,2097280,0.106,222311,32,80,13108,16,54,86.592389,0.322086170895,-120.841678,-34.249289,-18.382636
1048576,1048640,2097280,0.106,222311,32,80,13108,16,55,88.226870,0.322086170895,-123.079343,-34.852473,-18.382620
1048576,1048640,2097280,0.106,222311,32,80,13108,16,56,89.861351,0.322086170895,-125.316987,-35.455636,-18.382610
1048576,1048640,2097280,0.106,222311,32,80,13108,16,57,91.495833,0.322086170895,-127.554609,-36.058776,-18.382603
1048576,1048640,2097280,0.106,222311,32,80,13108,16,58,93.130314,0.322086170895,-129.792205,-36.661891,-18.382599
1048576,1048640,2097280,0.106,222311,32,80,13108,16,59,94.764796,0.322086170895,-132.029772,-37.264976,-18.382596
1048576,1048640,2097280,0.106,222311,32,80,13108,16,60,96.399277,0.322086170895,-134.267306,-37.868029,-18.382594
1048576,1048640,2097280,0.106,222311,32,80,13108,16,61,98.033758,0.322086170895,-136.504804,-38.471046,-18.382592
1048576,1048640,2097280,0.106,222311,32,80,13108,16,62,99.668240,0.322086170895,-138.742260,-39.074020,-18.382591
1048576,1048640,2097280,0.106,222311,32,80,13108,16,63,101.302721,0.322086170895,-140.979669,-39.676948,-18.382591
1048576,1048640,2097280,0.106,222311,32,80,13108,16,64,102.937203,0.322086170895,-143.217026,-40.279824,-18.382591
1048576,1048640,2097280,0.106,222311,32,80,13108,16,65,104.571684,0.322086170895,-145.454324,-40.882640,-18.382590
1048576,1048640,2097280,0.106,222311,32,80,13108,16,66,106.206165,0.322086170895,-147.691555,-41.485389,-18.382590
1048576,1048640,2097280,0.106,222311,32,80,13108,16,67,107.840647,0.322086170895,-149.928710,-42.088064,-18.382590
1048576,1048640,2097280,0.106,222311,32,80,13108,16,68,109.475128,0.322086170895,-152.165781,-42.690653,-18.382590
1048576,1048640,2097280,0.106,222311,32,80,13108,16,69,111.109609,0.322086170895,-154.402757,-43.293147,-18.382590
1048576,1048640,2097280,0.106,222311,32,80,13108,16,70,112.744091,0.322086170895,-156.639626,-43.895535,-18.382590
1048576,1048640,2097280,0.106,222311,32,80,13108,16,71,114.378572,0.322086170895,-158.876374,-44.497801,-18.382590
1048576,1048640,2097280,0.106,222311,32,80,13108,16,72,116.013054,0.322086170895,-161.112986,-45.099933,-18.382590
1048576,1048640,2097280,0.106,222311,32,80,13108,16,73,117.647535,0.322086170895,-163.349447,-45.701912,-18.382590
1048576,1048640,2097280,0.106,222311,32,80,13108,16,74,119.282016,0.322086170895,-165.585736,-46.303720,-18.382590
1048576,1048640,2097280,0.106,222311,32,80,13108,16,75,120.916498,0.322086170895,-167.821833,-46.905336,-18.382590
1048576,1048640,2097280,0.106,222311,32,80,13108,16,76,122.550979,0.322086170895,-170.057715,-47.506736,-18.382590
1048576,1048640,2097280,0.106,222311,32,80,13108,16,77,124.185460,0.322086170895,-172.293355,-48.107894,-18.382590
1048576,1048640,2097280,0.106,222311,32,80,13108,16,78,125.819942,0.322086170895,-174.528724,-48.708782,-18.382590
1048576,1048640,2097280,0.106,222311,32,80,13108,16,79,127.454423,0.322086170895,-176.763788,-49.309365,-18.382590
1048576,1048640,2097280,0.106,222311,32,80,13108,16,80,129.088905,0.322086170895,-178.998512,-49.909608,-18.382590
1048576,1048640,2097280,0.106,222311,32,80,13108,16,81,130.723386,0.322086170895,-181.232855,-50.509469,-18.382590
1048576,1048640,2097280,0.106,222311,32,80,13108,16,82,132.357867,0.322086170895,-183.466772,-51.108905,-18.382590
1048576,1048640,2097280,0.106,222311,32,80,13108,16,83,133.992349,0.322086170895,-185.700212,-51.707864,-18.382590
1048576,1048640,2097280,0.106,222311,32,80,13108,16,84,135.626830,0.322086170895,-187.933121,-52.306291,-18.382590
1048576,1048640,2097280,0.106,222311,32,80,13108,16,85,137.261311,0.322086170895,-190.165436,-52.904124,-18.382590
1048576,1048640,2097280,0.106,222311,32,80,13108,16,86,138.895793,0.322086170895,-192.397090,-53.501297,-18.382590
1048576,1048640,2097280,0.106,222311,32,80,13108,16,87,140.530274,0.322086170895,-194.628006,-54.097732,-18.382590
1048576,1048640,2097280,0.106,222311,32,80,13108,16,88,142.164756,0.322086170895,-196.858104,-54.693349,-18.382590
1048576,1048640,2097280,0.106,222311,32,80,13108,16,89,143.799237,0.322086170895,-199.087293,-55.288056,-18.382590
1048576,1048640,2097280,0.106,222311,32,80,13108,16,90,145.433718,0.322086170895,-201.315473,-55.881755,-18.382590
1048576,1048640,2097280,0.106,222311,32,80,13108,16,91,147.068200,0.322086170895,-203.542536,-56.474336,-18.382590
1048576,1048640,2097280,0.106,222311,32,80,13108,16,92,148.702681,0.322086170895,-205.768365,-57.065684,-18.382590
1048576,1048640,2097280,0.106,222311,32,80,13108,16,93,150.337162,0.322086170895,-207.992832,-57.655669,-18.382590
1048576,1048640,2097280,0.106,222311,32,80,13108,16,94,151.971644,0.322086170895,-210.215800,-58.244157,-18.382590
1048576,1048640,2097280,0.106,222311,32,80,13108,16,95,153.606125,0.322086170895,-212.437121,-58.830996,-18.382590
1048576,1048640,2097280,0.106,222311,32,80,13108,16,96,155.240607,0.322086170895,-214.656639,-59.416032,-18.382590
1048576,1048640,2097280,0.106,222311,32,80,13108,16,97,156.875088,0.322086170895,-216.874183,-59.999095,-18.382590
1048576,1048640,2097280,0.106,222311,32,80,13108,16,98,158.509569,0.322086170895,-219.089579,-60.580010,-18.382590
1048576,1048640,2097280,0.106,222311,32,80,13108,16,99,160.144051,0.322086170895,-221.302639,-61.158589,-18.382590
1048576,1048640,2097280,0.106,222311,32,80,13108,16,100,161.778532,0.322086170895,-223.513174,-61.734642,-18.382590
1048576,1048640,2097280,0.106,222311,32,80,13108,16,101,163.413013,0.322086170895,-225.720982,-62.307968,-18.382590
1048576,1048640,2097280,0.106,222311,32,80,13108,16,102,165.047495,0.322086170895,-227.925862,-62.878368,-18.382590
1048576,1048640,2097280,0.106,222311,32,80,13108,16,103,166.681976,0.322086170895,-230.127608,-63.445632,-18.382590
1048576,1048640,2097280,0.106,222311,32,80,13108,16,104,168.316458,0.322086170895,-232.326017,-64.009560,-18.382590
1048576,1048640,2097280,0.106,222311,32,80,13108,16,105,169.950939,0.322086170895,-234.520892,-64.569953,-18.382590
1048576,1048640,2097280,0.106,222311,32,80,13108,16,106,171.585420,0.322086170895,-236.712034,-65.126614,-18.382590
1048576,1048640,2097280,0.106,222311,32,80,13108,16,107,173.219902,0.322086170895,-238.899265,-65.679363,-18.382590
1048576,1048640,2097280,0.106,222311,32,80,13108,16,108,174.854383,0.322086170895,-241.082416,-66.228033,-18.382590
1048576,1048640,2097280,0.106,222311,32,80,13108,16,109,176.488864,0.322086170895,-243.261334,-66.772470,-18.382590
1048576,1048640,2097280,0.106,222311,32,80,13108,16,110,178.123346,0.322086170895,-245.435890,-67.312544,-18.382590
1048576,1048640,2097280,0.106,222311,32,80,13108,16,111,179.757827,0.322086170895,-247.605979,-67.848152,-18.382590
1048576,1048640,2097280,0.106,222311,32,80,13108,16,112,181.392309,0.322086170895,-249.771519,-68.379210,-18.382590
1048576,1048640,2097280,0.106,222311,32,80,13108,16,113,183.026790,0.322086170895,-251.932459,-68.905669,-18.382590
1048576,1048640,2097280,0.106,222311,32,80,13108,16,114,184.661271,0.322086170895,-254.088781,-69.427509,-18.382590
1048576,1048640,2097280,0.106,222311,32,80,13108,16,115,186.295753,0.322086170895,-256.240489,-69.944736,-18.382590
1048576,1048640,2097280,0.106,222311,32,80,13108,16,116,187.930234,0.322086170895,-258.387626,-70.457392,-18.382590
1048576,1048640,2097280,0.106,222311,32,80,13108,16,117,189.564715,0.322086170895,-260.530262,-70.965547,-18.382590
1048576,1048640,2097280,0.106,222311,32,80,13108,16,118,191.199197,0.322086170895,-262.668490,-71.469294,-18.382590
1048576,1048640,2097280,0.106,222311,32,80,13108,16,119,192.833678,0.322086170895,-264.802434,-71.968756,-18.382590
1048576,1048640,2097280,0.106,222311,32,80,13108,16,120,194.468160,0.322086170895,-266.932240,-72.464080,-18.382590
1048576,1048640,2097280,0.106,222311,32,80,13108,16,121,196.102641,0.322086170895,-269.058068,-72.955427,-18.382590
1048576,1048640,2097280,0.106,222311,32,80,13108,16,122,197.737122,0.322086170895,-271.180098,-73.442976,-18.382590
1048576,1048640,2097280,0.106,222311,32,80,13108,16,123,199.371604,0.322086170895,-273.298525,-73.926921,-18.382590
1048576,1048640,2097280,0.106,222311,32,80,13108,16,124,201.006085,0.322086170895,-275.413544,-74.407459,-18.382590
1048576,1048640,2097280,0.106,222311,32,80,13108,16,125,202.640566,0.322086170895,-277.525364,-74.884797,-18.382590
1048576,1048640,2097280,0.106,222311,32,80,13108,16,126,204.275048,0.322086170895,-279.634192,-75.359145,-18.382590
1048576,1048640,2097280,0.106,222311,32,80,13108,16,127,205.909529,0.322086170895,-281.740235,-75.830705,-18.382590
1048576,1048640,2097280,0.106,222311,32,80,13108,16,128,207.544011,0.322086170895,-283.843696,-76.299685,-18.382590
1048576,1048640,2097280,0.106,222311,32,80,13108,16,129,209.178492,0.322086170895,-285.944776,-76.766284,-18.382590
1048576,1048640,2097280,0.106,222311,32,80,13108,16,130,210.812973,0.322086170895,-288.043665,-77.230692,-18.382590
1048576,1048640,2097280,0.106,222311,32,80,13108,16,131,212.447455,0.322086170895,-290.140548,-77.693094,-18.382590
1048576,1048640,2097280,0.106,222311,32,80,13108,16,132,214.081936,0.322086170895,-292.235603,-78.153666,-18.382590
1048576,1048640,2097280,0.106,222311,32,80,13108,16,133,215.716417,0.322086170895,-294.328991,-78.612573,-18.382590
1048576,1048640,2097280,0.106,222311,32,80,13108,16,134,217.350899,0.322086170895,-296.420869,-79.069971,-18.382590
1048576,1048640,2097280,0.106,222311,32,80,13108,16,135,218.985380,0.322086170895,-298.511384,-79.526004,-18.382590
1048576,1048640,2097280,0.106,222311,32,80,13108,16,136,220.619862,0.322086170895,-300.600669,-79.980807,-18.382590
1048576,1048640,2097280,0.106,222311,32,80,13108,16,137,222.254343,0.322086170895,-302.688848,-80.434505,-18.382590
1048576,1048640,2097280,0.106,222311,32,80,13108,16,138,223.888824,0.322086170895,-304.776039,-80.887214,-18.382590
1048576,1048640,2097280,0.106,222311,32,80,13108,16,139,225.523306,0.322086170895,-306.862344,-81.339038,-18.382590
1048576,1048640,2097280,0.106,222311,32,80,13108,16,140,227.157787,0.322086170895,-308.947862,-81.790075,-18.382590
1048576,1048640,2097280,0.106,222311,32,80,13108,16,141,228.792268,0.322086170895,-311.032682,-82.240413,-18.382590
1048576,1048640,2097280,0.106,222311,32,80,13108,16,142,230.426750,0.322086170895,-313.116882,-82.690132,-18.382590
1048576,1048640,2097280,0.106,222311,32,80,13108,16,143,232.061231,0.322086170895,-315.200536,-83.139305,-18.382590
1048576,1048640,2097280,0.106,222311,32,80,13108,16,144,233.695713,0.322086170895,-317.283711,-83.587999,-18.382590
1048576,1048640,2097280,0.106,222311,32,80,13108,16,145,235.330194,0.322086170895,-319.366466,-84.036272,-18.382590
1048576,1048640,2097280,0.106,222311,32,80,13108,16,146,236.964675,0.322086170895,-321.448856,-84.484181,-18.382590
1048576,1048640,2097280,0.106,222311,32,80,13108,16,147,238.599157,0.322086170895,-323.530929,-84.931772,-18.382590
1048576,1048640,2097280,0.106,222311,32,80,13108,16,148,240.233638,0.322086170895,-325.612729,-85.379091,-18.382590
1048576,1048640,2097280,0.106,222311,32,80,13108,16,149,241.868120,0.322086170895,-327.694296,-85.826177,-18.382590
1048576,1048640,2097280,0.106,222311,32,80,13108,16,150,243.502601,0.322086170895,-329.775665,-86.273064,-18.382590
1048576,1048640,2097280,0.106,222311,32,80,13108,16,151,245.137082,0.322086170895,-331.856868,-86.719786,-18.382590
1048576,1048640,2097280,0.106,222311,32,80,13108,16,152,246.771564,0.322086170895,-333.937933,-87.166370,-18.382590
1048576,1048640,2097280,0.106,222311,32,80,13108,16,153,248.406045,0.322086170895,-336.018886,-87.612841,-18.382590
1048576,1048640,2097280,0.106,222311,32,80,13108,16,154,250.040526,0.322086170895,-338.099750,-88.059224,-18.382590
1048576,1048640,2097280,0.106,222311,32,80,13108,16,155,251.675008,0.322086170895,-340.180545,-88.505537,-18.382590
1048576,1048640,2097280,0.106,222311,32,80,13108,16,156,253.309489,0.322086170895,-342.261288,-88.951799,-18.382590
1048576,1048640,2097280,0.106,222311,32,80,13108,16,157,254.943971,0.322086170895,-344.341998,-89.398027,-18.382590
1048576,1048640,2097280,0.106,222311,32,80,13108,16,158,256.578452,0.322086170895,-346.422686,-89.844234,-18.382590
1048576,1048640,2097280,0.106,222311,32,80,13108,16,159,258.212933,0.322086170895,-348.503367,-90.290434,-18.382590
1048576,1048640,2097280,0.106,222311,32,80,13108,16,160,259.847415,0.322086170895,-350.584052,-90.736637,-18.382590
1048576,1048640,2097280,0.106,222311,32,80,13108,17,1,-inf,,-2.237846,-inf,-inf
1048576,1048640,2097280,0.106,222311,32,80,13108,17,2,-inf,,-4.475692,-inf,-inf
1048576,1048640,2097280,0.106,222311,32,80,13108,17,3,-inf,,-6.713537,-inf,-inf
1048576,1048640,2097280,0.106,222311,32,80,13108,17,4,-inf,,-8.951381,-inf,-inf
1048576,1048640,2097280,0.106,222311,32,80,13108,17,5,-inf,,-11.189224,-inf,-inf
1048576,1048640,2097280,0.106,222311,32,80,13108,17,6,-inf,,-13.427067,-inf,-inf
1048576,1048640,2097280,0.106,222311,32,80,13108,17,7,-inf,,-15.664909,-inf,-inf
1048576,1048640,2097280,0.106,222311,32,80,13108,17,8,-inf,,-17.902750,-inf,-inf
1048576,1048640,2097280,0.106,222311,32,80,13108,17,9,-inf,,-20.140591,-inf,-inf
1048576,1048640,2097280,0.106,222311,32,80,13108,17,10,-inf,,-22.378431,-inf,-inf
1048576,1048640,2097280,0.106,222311,32,80,13108,17,11,-inf,,-24.616270,-inf,-inf
1048576,1048640,2097280,0.106,222311,32,80,13108,17,12,-inf,,-26.854108,-inf,-inf
1048576,1048640,2097280,0.106,222311,32,80,13108,17,13,-inf,,-29.091945,-inf,-inf
1048576,1048640,2097280,0.106,222311,32,80,13108,17,14,-inf,,-31.329782,-inf,-inf
1048576,1048640,2097280,0.106,222311,32,80,13108,17,15,-inf,,-33.567618,-inf,-inf
1048576,1048640,2097280,0.106,222311,32,80,13108,17,16,-inf,,-35.805453,-inf,-inf
1048576,1048640,2097280,0.106,222311,32,80,13108,17,17,11.654631,0.141400061521,-38.043288,-26.388657,-26.388657
1048576,1048640,2097280,0.106,222311,32,80,13108,17,18,14.476776,0.141400061521,-40.281121,-25.804345,-25.067119
1048576,1048640,2097280,0.106,222311,32,80,13108,17,19,17.298922,0.141400061521,-42.518954,-25.220033,-24.141551
1048576,1048640,2097280,0.106,222311,32,80,13108,17,20,20.121067,0.141400061521,-44.756786,-24.635719,-23.367579
1048576,1048640,2097280,0.106,222311,32,80,13108,17,21,22.943212,0.141400061521,-46.994617,-24.051405,-22.669350
1048576,1048640,2097280,0.106,222311,32,80,13108,17,22,25.765358,0.141400061521,-49.232447,-23.467090,-22.013769
1048576,1048640,2097280,0.106,222311,32,80,13108,17,23,28.530521,0.156725588185,-51.470276,-22.939755,-21.403711
1048576,1048640,2097280,0.106,222311,32,80,13108,17,24,31.181510,0.173712159159,-53.708104,-22.526595,-20.858558
1048576,1048640,2097280,0.106,222311,32,80,13108,17,25,33.706739,0.173712159159,-55.945932,-22.239192,-20.389662
1048576,1048640,2097280,0.106,222311,32,80,13108,17,26,36.093518,0.192539805332,-58.183758,-22.090239,-20.002671
1048576,1048640,2097280,0.106,222311,32,80,13108,17,27,38.470290,0.192539805332,-60.421583,-21.951293,-19.670320
1048576,1048640,2097280,0.106,222311,32,80,13108,17,28,40.713621,0.21340807009,-62.659406,-21.945786,-19.399437
1048576,1048640,2097280,0.106,222311,32,80,13108,17,29,42.941934,0.21340807009,-64.897229,-21.955295,-19.172851
1048576,1048640,2097280,0.106,222311,32,80,13108,17,30,45.081117,0.236538124161,-67.135050,-22.053933,-18.989218
1048576,1048640,2097280,0.106,222311,32,80,13108,17,31,47.160972,0.236538124161,-69.372869,-22.211897,-18.842405
1048576,1048640,2097280,0.106,222311,32,80,13108,17,32,49.228603,0.262175109676,-71.610687,-22.382084,-18.723393
1048576,1048640,2097280,0.106,222311,32,80,13108,17,33,51.160000,0.262175109676,-73.848504,-22.688503,-18.633854
1048576,1048640,2097280,0.106,222311,32,80,13108,17,34,53.091398,0.262175109676,-76.086318,-22.994920,-18.565305
1048576,1048640,2097280,0.106,222311,32,80,13108,17,35,54.970211,0.290590738289,-78.324131,-23.353920,-18.514029
1048576,1048640,2097280,0.106,222311,32,80,13108,17,36,56.753150,0.290590738289,-80.561941,-23.808791,-18.477736
1048576,1048640,2097280,0.106,222311,32,80,13108,17,37,58.536089,0.290590738289,-82.799749,-24.263659,-18.451822
1048576,1048640,2097280,0.106,222311,32,80,13108,17,38,60.319029,0.290590738289,-85.037554,-24.718525,-18.433205
1048576,1048640,2097280,0.106,222311,32,80,13108,17,39,62.075165,0.322086170895,-87.275356,-25.200192,-18.420019
1048576,1048640,2097280,0.106,222311,32,80,13108,17,40,63.709646,0.322086170895,-89.513155,-25.803509,-18.411405
1048576,1048640,2097280,0.106,222311,32,80,13108,17,41,65.344127,0.322086170895,-91.750951,-26.406823,-18.405762
1048576,1048640,2097280,0.106,222311,32,80,13108,17,42,66.978609,0.322086170895,-93.988742,-27.010133,-18.402060
1048576,1048640,2097280,0.106,222311,32,80,13108,17,43,68.613090,0.322086170895,-96.226529,-27.613439,-18.399629
1048576,1048640,2097280,0.106,222311,32,80,13108,17,44,70.247571,0.322086170895,-98.464311,-28.216739,-18.398030
1048576,1048640,2097280,0.106,222311,32,80,13108,17,45,71.882053,0.322086170895,-100.702087,-28.820034,-18.396979
1048576,1048640,2097280,0.106,222311,32,80,13108,17,46,73.516534,0.322086170895,-102.939857,-29.423323,-18.396287
1048576,1048640,2097280,0.106,222311,32,80,13108,17,47,75.151016,0.322086170895,-105.177620,-30.026605,-18.395832
1048576,1048640,2097280,0.106,222311,32,80,13108,17,48,76.785497,0.322086170895,-107.415376,-30.629879,-18.395533
1048576,1048640,2097280,0.106,222311,32,80,13108,17,49,78.419978,0.322086170895,-109.653122,-31.233144,-18.395336
1048576,1048640,2097280,0.106,222311,32,80,13108,17,50,80.054460,0.322086170895,-111.890859,-31.836399,-18.395206
1048576,1048640,2097280,0.106,222311,32,80,13108,17,51,81.688941,0.322086170895,-114.128584,-32.439643,-18.395121
1048576,1048640,2097280,0.106,222311,32,80,13108,17,52,83.323422,0.322086170895,-116.366297,-33.042874,-18.395065
1048576,1048640,2097280,0.106,222311,32,80,13108,17,53,84.957904,0.322086170895,-118.603995,-33.646091,-18.395028
1048576,1048640,2097280,0.106,222311,32,80,13108,17,54,86.592385,0.322086170895,-120.841678,-34.249293,-18.395003
1048576,1048640,2097280,0.106,222311,32,80,13108,17,55,88.226867,0.322086170895,-123.079343,-34.852476,-18.394987
1048576,1048640,2097280,0.106,222311,32,80,13108,17,56,89.861348,0.322086170895,-125.316987,-35.455639,-18.394977
1048576,1048640,2097280,0.106,222311,32,80,13108,17,57,91.495829,0.322086170895,-127.554609,-36.058780,-18.394970
1048576,1048640,2097280,0.106,222311,32,80,13108,17,58,93.130311,0.322086170895,-129.792205,-36.661894,-18.394965
1048576,1048640,2097280,0.106,222311,32,80,13108,17,59,94.764792,0.322086170895,-132.029772,-37.264980,-18.394962
1048576,1048640,2097280,0.106,222311,32,80,13108,17,60,96.399273,0.322086170895,-134.267306,-37.868033,-18.394960
1048576,1048640,2097280,0.106,222311,32,80,13108,17,61,98.033755,0.322086170895,-136.504804,-38.471049,-18.394959
1048576,1048640,2097280,0.106,222311,32,80,13108,17,62,99.668236,0.322086170895,-138.742260,-39.074024,-18.394958
1048576,1048640,2097280,0.106,222311,32,80,13108,17,63,101.302718,0.322086170895,-140.979669,-39.676952,-18.394957
1048576,1048640,2097280,0.106,222311,32,80,13108,17,64,102.937199,0.322086170895,-143.217026,-40.279827,-18.394957
1048576,1048640,2097280,0.106,222311,32,80,13108,17,65,104.571680,0.322086170895,-145.454324,-40.882643,-18.394957
1048576,1048640,2097280,0.106,222311,32,80,13108,17,66,106.206162,0.322086170895,-147.691555,-41.485393,-18.394957
1048576,1048640,2097280,0.106,222311,32,80,13108,17,67,107.840643,0.322086170895,-149.928710,-42.088067,-18.394957
1048576,1048640,2097280,0.106,222311,32,80,13108,17,68,109.475124,0.322086170895,-152.165781,-42.690657,-18.394956
1048576,1048640,2097280,0.106,222311,32,80,13108,17,69,111.109606,0.322086170895,-154.402757,-43.293151,-18.394956
1048576,1048640,2097280,0.106,222311,32,80,13108,17,70,112.744087,0.322086170895,-156.639626,-43.895538,-18.394956
1048576,1048640,2097280,0.106,222311,32,80,13108,17,71,114.378569,0.322086170895,-158.876374,-44.497805,-18.394956
1048576,1048640,2097280,0.106,222311,32,80,13108,17,72,116.013050,0.322086170895,-161.112986,-45.099936,-18.394956
1048576,1048640,2097280,0.106,222311,32,80,13108,17,73,117.647531,0.322086170895,-163.349447,-45.701915,-18.394956
1048576,1048640,2097280,0.106,222311,32,80,13108,17,74,119.282013,0.322086170895,-165.585736,-46.303723,-18.394956
1048576,1048640,2097280,0.106,222311,32,80,13108,17,75,120.916494,0.322086170895,-167.821833,-46.905339,-18.394956
1048576,1048640,2097280,0.106,222311,32,80,13108,17,76,122.550975,0.322086170895,-170.057715,-47.506740,-18.394956
1048576,1048640,2097280,0.106,222311,32,80,13108,17,77,124.185457,0.322086170895,-172.293355,-48.107898,-18.394956
1048576,1048640,2097280,0.106,222311,32,80,13108,17,78,125.819938,0.322086170895,-174.528724,-48.708785,-18.394956
1048576,1048640,2097280,0.106,222311,32,80,13108,17,79,127.454420,0.322086170895,-176.763788,-49.309368,-18.394956
1048576,1048640,2097280,0.106,222311,32,80,13108,17,80,129.088901,0.322086170895,-178.998512,-49.909611,-18.394956
1048576,1048640,2097280,0.106,222311,32,80,13108,17,81,130.723382,0.322086170895,-181.232855,-50.509473,-18.394956
1048576,1048640,2097280,0.106,222311,32,80,13108,17,82,132.357864,0.322086170895,-183.466772,-51.108909,-18.394956
1048576,1048640,2097280,0.106,222311,32,80,13108,17,83,133.992345,0.322086170895,-185.700212,-51.707867,-18.394956
1048576,1048640,2097280,0.106,222311,32,80,13108,17,84,135.626826,0.322086170895,-187.933121,-52.306295,-18.394956
1048576,1048640,2097280,0.106,222311,32,80,13108,17,85,137.261308,0.322086170895,-190.165436,-52.904128,-18.394956
1048576,1048640,2097280,0.106,222311,32,80,13108,17,86,138.895789,0.322086170895,-192.397090,-53.501300,-18.394956
1048576,1048640,2097280,0.106,222311,32,80,13108,17,87,140.530271,0.322086170895,-194.628006,-54.097736,-18.394956
1048576,1048640,2097280,0.106,222311,32,80,13108,17,88,142.164752,0.322086170895,-196.858104,-54.693353,-18.394956
1048576,1048640,2097280,0.106,222311,32,80,13108,17,89,143.799233,0.322086170895,-199.087293,-55.288059,-18.394956
1048576,1048640,2097280,0.106,222311,32,80,13108,17,90,145.433715,0.322086170895,-201.315473,-55.881758,-18.394956
1048576,1048640,2097280,0.106,222311,32,80,13108,17,91,147.068196,0.322086170895,-203.542536,-56.474340,-18.394956
1048576,1048640,2097280,0.106,222311,32,80,13108,17,92,148.702677,0.322086170895,-205.768365,-57.065688,-18.394956
1048576,1048640,2097280,0.106,222311,32,80,13108,17,93,150.337159,0.322086170895,-207.992832,-57.655673,-18.394956
1048576,1048640,2097280,0.106,222311,32,80,13108,17,94,151.971640,0.322086170895,-210.215800,-58.244160,-18.394956
1048576,1048640,2097280,0.106,222311,32,80,13108,17,95,153.606122,0.322086170895,-212.437121,-58.831000,-18.394956
1048576,1048640,2097280,0.106,222311,32,80,13108,17,96,155.240603,0.322086170895,-214.656639,-59.416036,-18.394956
1048576,1048640,2097280,0.106,222311,32,80,13108,17,97,156.875084,0.322086170895,-216.874183,-59.999098,-18.394956
1048576,1048640,2097280,0.106,222311,32,80,13108,17,98,158.509566,0.322086170895,-219.089579,-60.580013,-18.394956
1048576,1048640,2097280,0.106,222311,32,80,13108,17,99,160.144047,0.322086170895,-221.302639,-61.158592,-18.394956
1048576,1048640,2097280,0.106,222311,32,80,13108,17,100,161.778528,0.322086170895,-223.513174,-61.734646,-18.394956
1048576,1048640,2097280,0.106,222311,32,80,13108,17,101,163.413010,0.322086170895,-225.720982,-62.307972,-18.394956
1048576,1048640,2097280,0.106,222311,32,80,13108,17,102,165.047491,0.322086170895,-227.925862,-62.878371,-18.394956
1048576,1048640,2097280,0.106,222311,32,80,13108,17,103,166.681973,0.322086170895,-230.127608,-63.445636,-18.394956
1048576,1048640,2097280,0.106,222311,32,80,13108,17,104,168.316454,0.322086170895,-232.326017,-64.009563,-18.394956
1048576,1048640,2097280,0.106,222311,32,80,13108,17,105,169.950935,0.322086170895,-234.520892,-64.569956,-18.394956
1048576,1048640,2097280,0.106,222311,32,80,13108,17,106,171.585417,0.322086170895,-236.712034,-65.126618,-18.394956
1048576,1048640,2097280,0.106,222311,32,80,13108,17,107,173.219898,0.322086170895,-238.899265,-65.679367,-18.394956
1048576,1048640,2097280,0.106,222311,32,80,13108,17,108,174.854380,0.322086170895,-241.082416,-66.228037,-18.394956
1048576,1048640,2097280,0.106,222311,32,80,13108,17,109,176.488861,0.322086170895,-243.261334,-66.772473,-18.394956
1048576,1048640,2097280,0.106,222311,32,80,13108,17,110,178.123342,0.322086170895,-245.435890,-67.312548,-18.394956
1048576,1048640,2097280,0.106,222311,32,80,13108,17,111,179.757824,0.322086170895,-247.605979,-67.848156,-18.394956
1048576,1048640,2097280,0.106,222311,32,80,13108,17,112,181.392305,0.322086170895,-249.771519,-68.379214,-18.394956
1048576,1048640,2097280,0.106,222311,32,80,13108,17,113,183.026786,0.322086170895,-251.932459,-68.905673,-18.394956
1048576,1048640,2097280,0.106,222311,32,80,13108,17,114,184.661268,0.322086170895,-254.088781,-69.427513,-18.394956
1048576,1048640,2097280,0.106,222311,32,80,13108,17,115,186.295749,0.322086170895,-256.240489,-69.944740,-18.394956
1048576,1048640,2097280,0.106,222311,32,80,13108,17,116,187.930231,0.322086170895,-258.387626,-70.457396,-18.394956
1048576,1048640,2097280,0.106,222311,32,80,13108,17,117,189.564712,0.322086170895,-260.530262,-70.965550,-18.394956
1048576,1048640,2097280,0.106,222311,32,80,13108,17,118,191.199193,0.322086170895,-262.668490,-71.469297,-18.394956
1048576,1048640,2097280,0.106,222311,32,80,13108,17,119,192.833675,0.322086170895,-264.802434,-71.968760,-18.394956
1048576,1048640,2097280,0.106,222311,32,80,13108,17,120,194.468156,0.322086170895,-266.932240,-72.464084,-18.394956
1048576,1048640,2097280,0.106,222311,32,80,13108,17,121,196.102637,0.322086170895,-269.058068,-72.955430,-18.394956
1048576,1048640,2097280,0.106,222311,32,80,13108,17,122,197.737119,0.322086170895,-271.180098,-73.442980,-18.394956
1048576,1048640,2097280,0.106,222311,32,80,13108,17,123,199.371600,0.322086170895,-273.298525,-73.926925,-18.394956
1048576,1048640,2097280,0.106,222311,32,80,13108,17,124,201.006082,0.322086170895,-275.413544,-74.407463,-18.394956
1048576,1048640,2097280,0.106,222311,32,80,13108,17,125,202.640563,0.322086170895,-277.525364,-74.884801,-18.394956
1048576,1048640,2097280,0.106,222311,32,80,13108,17,126,204.275044,0.322086170895,-279.634192,-75.359148,-18.394956
1048576,1048640,2097280,0.106,222311,32,80,13108,17,127,205.909526,0.322086170895,-281.740235,-75.830709,-18.394956
1048576,1048640,2097280,0.106,222311,32,80,13108,17,128,207.544007,0.322086170895,-283.843696,-76.299689,-18.394956
1048576,1048640,2097280,0.106,222311,32,80,13108,17,129,209.178488,0.322086170895,-285.944776,-76.766287,-18.394956
1048576,1048640,2097280,0.106,222311,32,80,13108,17,130,210.812970,0.322086170895,-288.043665,-77.230695,-18.394956
1048576,1048640,2097280,0.106,222311,32,80,13108,17,131,212.447451,0.322086170895,-290.140548,-77.693097,-18.394956
1048576,1048640,2097280,0.106,222311,32,80,13108,17,132,214.081933,0.322086170895,-292.235603,-78.153670,-18.394956
1048576,1048640,2097280,0.106,222311,32,80,13108,17,133,215.716414,0.322086170895,-294.328991,-78.612577,-18.394956
1048576,1048640,2097280,0.106,222311,32,80,13108,17,134,217.350895,0.322086170895,-296.420869,-79.069974,-18.394956
1048576,1048640,2097280,0.106,222311,32,80,13108,17,135,218.985377,0.322086170895,-298.511384,-79.526008,-18.394956
1048576,1048640,2097280,0.106,222311,32,80,13108,17,136,220.619858,0.322086170895,-300.600669,-79.980811,-18.394956
1048576,1048640,2097280,0.106,222311,32,80,13108,17,137,222.254339,0.322086170895,-302.688848,-80.434509,-18.394956
1048576,1048640,2097280,0.106,222311,32,80,13108,17,138,223.888821,0.322086170895,-304.776039,-80.887218,-18.394956
1048576,1048640,2097280,0.106,222311,32,80,13108,17,139,225.523302,0.322086170895,-306.862344,-81.339042,-18.394956
1048576,1048640,2097280,0.106,222311,32,80,13108,17,140,227.157784,0.322086170895,-308.947862,-81.790079,-18.394956
1048576,1048640,2097280,0.106,222311,32,80,13108,17,141,228.792265,0.322086170895,-311.032682,-82.240417,-18.394956
1048576,1048640,2097280,0.106,222311,32,80,13108,17,142,230.426746,0.322086170895,-313.116882,-82.690135,-18.394956
1048576,1048640,2097280,0.106,222311,32,80,13108,17,143,232.061228,0.322086170895,-315.200536,-83.139308,-18.394956
1048576,1048640,2097280,0.106,222311,32,80,13108,17,144,233.695709,0.322086170895,-317.283711,-83.588002,-18.394956
1048576,1048640,2097280,0.106,222311,32,80,13108,17,145,235.330190,0.322086170895,-319.366466,-84.036276,-18.394956
1048576,1048640,2097280,0.106,222311,32,80,13108,17,146,236.964672,0.322086170895,-321.448856,-84.484184,-18.394956
1048576,1048640,2097280,0.106,222311,32,80,13108,17,147,238.599153,0.322086170895,-323.530929,-84.931776,-18.394956
1048576,1048640,2097280,0.106,222311,32,80,13108,17,148,240.233635,0.322086170895,-325.612729,-85.379095,-18.394956
1048576,1048640,2097280,0.106,222311,32,80,13108,17,149,241.868116,0.322086170895,-327.694296,-85.826180,-18.394956
1048576,1048640,2097280,0.106,222311,32,80,13108,17,150,243.502597,0.322086170895,-329.775665,-86.273068,-18.394956
1048576,1048640,2097280,0.106,222311,32,80,13108,17,151,245.137079,0.322086170895,-331.856868,-86.719789,-18.394956
1048576,1048640,2097280,0.106,222311,32,80,13108,17,152,246.771560,0.322086170895,-333.937933,-87.166373,-18.394956
1048576,1048640,2097280,0.106,222311,32,80,13108,17,153,248.406041,0.322086170895,-336.018886,-87.612845,-18.394956
1048576,1048640,2097280,0.106,222311,32,80,13108,17,154,250.040523,0.322086170895,-338.099750,-88.059227,-18.394956
1048576,1048640,2097280,0.106,222311,32,80,13108,17,155,251.675004,0.322086170895,-340.180545,-88.505541,-18.394956
1048576,1048640,2097280,0.106,222311,32,80,13108,17,156,253.309486,0.322086170895,-342.261288,-88.951803,-18.394956
1048576,1048640,2097280,0.106,222311,32,80,13108,17,157,254.943967,0.322086170895,-344.341998,-89.398031,-18.394956
1048576,1048640,2097280,0.106,222311,32,80,13108,17,158,256.578448,0.322086170895,-346.422686,-89.844238,-18.394956
1048576,1048640,2097280,0.106,222311,32,80,13108,17,159,258.212930,0.322086170895,-348.503367,-90.290437,-18.394956
1048576,1048640,2097280,0.106,222311,32,80,13108,17,160,259.847411,0.322086170895,-350.584052,-90.736641,-18.394956
1048576,1048640,2097280,0.106,222311,32,80,13108,18,1,-inf,,-2.237846,-inf,-inf
1048576,1048640,2097280,0.106,222311,32,80,13108,18,2,-inf,,-4.475692,-inf,-inf
1048576,1048640,2097280,0.106,222311,32,80,13108,18,3,-inf,,-6.713537,-inf,-inf
1048576,1048640,2097280,0.106,222311,32,80,13108,18,4,-inf,,-8.951381,-inf,-inf
1048576,1048640,2097280,0.106,222311,32,80,13108,18,5,-inf,,-11.189224,-inf,-inf
1048576,1048640,2097280,0.106,222311,32,80,13108,18,6,-inf,,-13.427067,-inf,-inf
1048576,1048640,2097280,0.106,222311,32,80,13108,18,7,-inf,,-15.664909,-inf,-inf
1048576,1048640,2097280,0.106,222311,32,80,13108,18,8,-inf,,-17.902750,-inf,-inf
1048576,1048640,2097280,0.106,222311,32,80,13108,18,9,-inf,,-20.140591,-inf,-inf
1048576,1048640,2097280,0.106,222311,32,80,13108,18,10,-inf,,-22.378431,-inf,-inf
1048576,1048640,2097280,0.106,222311,32,80,13108,18,11,-inf,,-24.616270,-inf,-inf
1048576,1048640,2097280,0.106,222311,32,80,13108,18,12,-inf,,-26.854108,-inf,-inf
1048576,1048640,2097280,0.106,222311,32,80,13108,18,13,-inf,,-29.091945,-inf,-inf
1048576,1048640,2097280,0.106,222311,32,80,13108,18,14,-inf,,-31.329782,-inf,-inf
1048576,1048640,2097280,0.106,222311,32,80,13108,18,15,-inf,,-33.567618,-inf,-inf
1048576,1048640,2097280,0.106,222311,32,80,13108,18,16,-inf,,-35.805453,-inf,-inf
1048576,1048640,2097280,0.106,222311,32,80,13108,18,17,-inf,,-38.043288,-inf,-inf
1048576,1048640,2097280,0.106,222311,32,80,13108,18,18,14.476776,0.141400061521,-40.281121,-25.804345,-25.804345
1048576,1048640,2097280,0.106,222311,32,80,13108,18,19,17.298922,0.141400061521,-42.518954,-25.220033,-24.482807
1048576,1048640,2097280,0.106,222311,32,80,13108,18,20,20.121067,0.141400061521,-44.756786,-24.635719,-23.557238
1048576,1048640,2097280,0.106,222311,32,80,13108,18,21,22.943212,0.141400061521,-46.994617,-24.051405,-22.783266
1048576,1048640,2097280,0.106,222311,32,80,13108,18,22,25.747209,0.156725588185,-49.232447,-23.485238,-22.091972
1048576,1048640,2097280,0.106,222311,32,80,13108,18,23,28.420897,0.156725588185,-51.470276,-23.049380,-21.492672
1048576,1048640,2097280,0.106,222311,32,80,13108,18,24,31.094584,0.156725588185,-53.708104,-22.613521,-20.946878
1048576,1048640,2097280,0.106,222311,32,80,13108,18,25,33.660643,0.173712159159,-55.945932,-22.285289,-20.466141
1048576,1048640,2097280,0.106,222311,32,80,13108,18,26,36.073198,0.192539805332,-58.183758,-22.110559,-20.065740
1048576,1048640,2097280,0.106,222311,32,80,13108,18,27,38.449970,0.192539805332,-60.421583,-21.971613,-19.724488
1048576,1048640,2097280,0.106,222311,32,80,13108,18,28,40.706468,0.21340807009,-62.659406,-21.952938,-19.445448
1048576,1048640,2097280,0.106,222311,32,80,13108,18,29,42.934782,0.21340807009,-64.897229,-21.962447,-19.213148
1048576,1048640,2097280,0.106,222311,32,80,13108,18,30,45.079124,0.236538124161,-67.135050,-22.055926,-19.024883
1048576,1048640,2097280,0.106,222311,32,80,13108,18,31,47.158979,0.236538124161,-69.372869,-22.213890,-18.874777
1048576,1048640,2097280,0.106,222311,32,80,13108,18,32,49.228174,0.262175109676,-71.610687,-22.382514,-18.753211
1048576,1048640,2097280,0.106,222311,32,80,13108,18,33,51.159571,0.262175109676,-73.848504,-22.688933,-18.661886
1048576,1048640,2097280,0.106,222311,32,80,13108,18,34,53.090968,0.262175109676,-76.086318,-22.995350,-18.592044
1048576,1048640,2097280,0.106,222311,32,80,13108,18,35,54.970140,0.290590738289,-78.324131,-23.353990,-18.539828
1048576,1048640,2097280,0.106,222311,32,80,13108,18,36,56.753080,0.290590738289,-80.561941,-23.808861,-18.502891
1048576,1048640,2097280,0.106,222311,32,80,13108,18,37,58.536019,0.290590738289,-82.799749,-24.263730,-18.476527
1048576,1048640,2097280,0.106,222311,32,80,13108,18,38,60.318958,0.290590738289,-85.037554,-24.718596,-18.457591
1048576,1048640,2097280,0.106,222311,32,80,13108,18,39,62.075155,0.322086170895,-87.275356,-25.200201,-18.444181
1048576,1048640,2097280,0.106,222311,32,80,13108,18,40,63.709636,0.322086170895,-89.513155,-25.803519,-18.435422
1048576,1048640,2097280,0.106,222311,32,80,13108,18,41,65.344118,0.322086170895,-91.750951,-26.406833,-18.429685
1048576,1048640,2097280,0.106,222311,32,80,13108,18,42,66.978599,0.322086170895,-93.988742,-27.010143,-18.425921
1048576,1048640,2097280,0.106,222311,32,80,13108,18,43,68.613080,0.322086170895,-96.226529,-27.613449,-18.423449
1048576,1048640,2097280,0.106,222311,32,80,13108,18,44,70.247562,0.322086170895,-98.464311,-28.216749,-18.421824
1048576,1048640,2097280,0.106,222311,32,80,13108,18,45,71.882043,0.322086170895,-100.702087,-28.820044,-18.420756
1048576,1048640,2097280,0.106,222311,32,80,13108,18,46,73.516524,0.322086170895,-102.939857,-29.423333,-18.420052
1048576,1048640,2097280,0.106,222311,32,80,13108,18,47,75.151006,0.322086170895,-105.177620,-30.026615,-18.419590
1048576,1048640,2097280,0.106,222311,32,80,13108,18,48,76.785487,0.322086170895,-107.415376,-30.629888,-18.419286
1048576,1048640,2097280,0.106,222311,32,80,13108,18,49,78.419969,0.322086170895,-109.653122,-31.233154,-18.419085
1048576,1048640,2097280,0.106,222311,32,80,13108,18,50,80.054450,0.322086170895,-111.890859,-31.836409,-18.418953
1048576,1048640,2097280,0.106,222311,32,80,13108,18,51,81.688931,0.322086170895,-114.128584,-32.439653,-18.418866
1048576,1048640,2097280,0.106,222311,32,80,13108,18,52,83.323413,0.322086170895,-116.366297,-33.042884,-18.418809
1048576,1048640,2097280,0.106,222311,32,80,13108,18,53,84.957894,0.322086170895,-118.603995,-33.646101,-18.418772
1048576,1048640,2097280,0.106,222311,32,80,13108,18,54,86.592375,0.322086170895,-120.841678,-34.249303,-18.418747
1048576,1048640,2097280,0.106,222311,32,80,13108,18,55,88.226857,0.322086170895,-123.079343,-34.852486,-18.418731
1048576,1048640,2097280,0.106,222311,32,80,13108,18,56,89.861338,0.322086170895,-125.316987,-35.455649,-18.418720
1048576,1048640,2097280,0.106,222311,32,80,13108,18,57,91.495820,0.322086170895,-127.554609,-36.058789,-18.418713
1048576,1048640,2097280,0.106,222311,32,80,13108,18,58,93.130301,0.322086170895,-129.792205,-36.661904,-18.418708
1048576,1048640,2097280,0.106,222311,32,80,13108,18,59,94.764782,0.322086170895,-132.029772,-37.264990,-18.418705
1048576,1048640,2097280,0.106,222311,32,80,13108,18,60,96.399264,0.322086170895,-134.267306,-37.868043,-18.418703
1048576,1048640,2097280,0.106,222311,32,80,13108,18,61,98.033745,0.322086170895,-136.504804,-38.471059,-18.418702
1048576,1048640,2097280,0.106,222311,32,80,13108,18,62,99.668226,0.322086170895,-138.742260,-39.074034,-18.418701
1048576,1048640,2097280,0.106,222311,32,80,13108,18,63,101.302708,0.322086170895,-140.979669,-39.676962,-18.418700
1048576,1048640,2097280,0.106,222311,32,80,13108,18,64,102.937189,0.322086170895,-143.217026,-40.279837,-18.418700
1048576,1048640,2097280,0.106,222311,32,80,13108,18,65,104.571671,0.322086170895,-145.454324,-40.882653,-18.418700
1048576,1048640,2097280,0.106,222311,32,80,13108,18,66,106.206152,0.322086170895,-147.691555,-41.485403,-18.418700
1048576,1048640,2097280,0.106,222311,32,80,13108,18,67,107.840633,0.322086170895,-149.928710,-42.088077,-18.418699
1048576,1048640,2097280,0.106,222311,32,80,13108,18,68,109.475115,0.322086170895,-152.165781,-42.690667,-18.418699
1048576,1048640,2097280,0.106,222311,32,80,13108,18,69,111.109596,0.322086170895,-154.402757,-43.293161,-18.418699
1048576,1048640,2097280,0.106,222311,32,80,13108,18,70,112.744077,0.322086170895,-156.639626,-43.895548,-18.418699
1048576,1048640,2097280,0.106,222311,32,80,13108,18,71,114.378559,0.322086170895,-158.876374,-44.497815,-18.418699
1048576,1048640,2097280,0.106,222311,32,80,13108,18,72,116.013040,0.322086170895,-161.112986,-45.099946,-18.418699
1048576,1048640,2097280,0.106,222311,32,80,13108,18,73,117.647522,0.322086170895,-163.349447,-45.701925,-18.418699
1048576,1048640,2097280,0.106,222311,32,80,13108,18,74,119.282003,0.322086170895,-165.585736,-46.303733,-18.418699
1048576,1048640,2097280,0.106,222311,32,80,13108,18,75,120.916484,0.322086170895,-167.821833,-46.905349,-18.418699
1048576,1048640,2097280,0.106,222311,32,80,13108,18,76,122.550966,0.322086170895,-170.057715,-47.506749,-18.418699
1048576,1048640,2097280,0.106,222311,32,80,13108,18,77,124.185447,0.322086170895,-172.293355,-48.107908,-18.418699
1048576,1048640,2097280,0.106,222311,32,80,13108,18,78,125.819928,0.322086170895,-174.528724,-48.708795,-18.418699
1048576,1048640,2097280,0.106,222311,32,80,13108,18,79,127.454410,0.322086170895,-176.763788,-49.309378,-18.418699
1048576,1048640,2097280,0.106,222311,32,80,13108,18,80,129.088891,0.322086170895,-178.998512,-49.909621,-18.418699
1048576,1048640,2097280,0.106,222311,32,80,13108,18,81,130.723373,0.322086170895,-181.232855,-50.509483,-18.418699
1048576,1048640,2097280,0.106,222311,32,80,13108,18,82,132.357854,0.322086170895,-183.466772,-51.108918,-18.418699
1048576,1048640,2097280,0.106,222311,32,80,13108,18,83,133.992335,0.322086170895,-185.700212,-51.707877,-18.418699
1048576,1048640,2097280,0.106,222311,32,80,13108,18,84,135.626817,0.322086170895,-187.933121,-52.306304,-18.418699
1048576,1048640,2097280,0.106,222311,32,80,13108,18,85,137.261298,0.322086170895,-190.165436,-52.904138,-18.418699
1048576,1048640,2097280,0.106,222311,32,80,13108,18,86,138.895780,0.322086170895,-192.397090,-53.501310,-18.418699
1048576,1048640,2097280,0.106,222311,32,80,13108,18,87,140.530261,0.322086170895,-194.628006,-54.097745,-18.418699
1048576,1048640,2097280,0.106,222311,32,80,13108,18,88,142.164742,0.322086170895,-196.858104,-54.693362,-18.418699
1048576,1048640,2097280,0.106,222311,32,80,13108,18,89,143.799224,0.322086170895,-199.087293,-55.288069,-18.418699
1048576,1048640,2097280,0.106,222311,32,80,13108,18,90,145.433705,0.322086170895,-201.315473,-55.881768,-18.418699
1048576,1048640,2097280,0.106,222311,32,80,13108,18,91,147.068186,0.322086170895,-203.542536,-56.474349,-18.418699
1048576,1048640,2097280,0.106,222311,32,80,13108,18,92,148.702668,0.322086170895,-205.768365,-57.065697,-18.418699
1048576,1048640,2097280,0.106,222311,32,80,13108,18,93,150.337149,0.322086170895,-207.992832,-57.655683,-18.418699
1048576,1048640,2097280,0.106,222311,32,80,13108,18,94,151.971631,0.322086170895,-210.215800,-58.244170,-18.418699
1048576,1048640,2097280,0.106,222311,32,80,13108,18,95,153.606112,0.322086170895,-212.437121,-58.831009,-18.418699
1048576,1048640,2097280,0.106,222311,32,80,13108,18,96,155.240593,0.322086170895,-214.656639,-59.416045,-18.418699
1048576,1048640,2097280,0.106,222311,32,80,13108,18,97,156.875075,0.322086170895,-216.874183,-59.999108,-18.418699
1048576,1048640,2097280,0.106,222311,32,80,13108,18,98,158.509556,0.322086170895,-219.089579,-60.580023,-18.418699
1048576,1048640,2097280,0.106,222311,32,80,13108,18,99,160.144037,0.322086170895,-221.302639,-61.158602,-18.418699
1048576,1048640,2097280,0.106,222311,32,80,13108,18,100,161.778519,0.322086170895,-223.513174,-61.734655,-18.418699
1048576,1048640,2097280,0.106,222311,32,80,13108,18,101,163.413000,0.322086170895,-225.720982,-62.307981,-18.418699
1048576,1048640,2097280,0.106,222311,32,80,13108,18,102,165.047482,0.322086170895,-227.925862,-62.878381,-18.418699
1048576,1048640,2097280,0.106,222311,32,80,13108,18,103,166.681963,0.322086170895,-230.127608,-63.445645,-18.418699
1048576,1048640,2097280,0.106,222311,32,80,13108,18,104,168.316444,0.322086170895,-232.326017,-64.009573,-18.418699
1048576,1048640,2097280,0.106,222311,32,80,13108,18,105,169.950926,0.322086170895,-234.520892,-64.569966,-18.418699
1048576,1048640,2097280,0.106,222311,32,80,13108,18,106,171.585407,0.322086170895,-236.712034,-65.126627,-18.418699
1048576,1048640,2097280,0.106,222311,32,80,13108,18,107,173.219888,0.322086170895,-238.899265,-65.679376,-18.418699
1048576,1048640,2097280,0.106,222311,32,80,13108,18,108,174.854370,0.322086170895,-241.082416,-66.228047,-18.418699
1048576,1048640,2097280,0.106,222311,32,80,13108,18,109,176.488851,0.322086170895,-243.261334,-66.772483,-18.418699
1048576,1048640,2097280,0.106,222311,32,80,13108,18,110,178.123333,0.322086170895,-245.435890,-67.312557,-18.418699
1048576,1048640,2097280,0.106,222311,32,80,13108,18,111,179.757814,0.322086170895,-247.605979,-67.848165,-18.418699
1048576,1048640,2097280,0.106,222311,32,80,13108,18,112,181.392295,0.322086170895,-249.771519,-68.379223,-18.418699
1048576,1048640,2097280,0.106,222311,32,80,13108,18,113,183.026777,0.322086170895,-251.932459,-68.905682,-18.418699
1048576,1048640,2097280,0.106,222311,32,80,13108,18,114,184.661258,0.322086170895,-254.088781,-69.427522,-18.418699
1048576,1048640,2097280,0.106,222311,32,80,13108,18,115,186.295739,0.322086170895,-256.240489,-69.944750,-18.418699
1048576,1048640,2097280,0.106,222311,32,80,13108,18,116,187.930221,0.322086170895,-258.387626,-70.457405,-18.418699
1048576,1048640,2097280,0.106,222311,32,80,13108,18,117,189.564702,0.322086170895,-260.530262,-70.965560,-18.418699
1048576,1048640,2097280,0.106,222311,32,80,13108,18,118,191.199184,0.322086170895,-262.668490,-71.469307,-18.418699
1048576,1048640,2097280,0.106,222311,32,80,13108,18,119,192.833665,0.322086170895,-264.802434,-71.968769,-18.418699
1048576,1048640,2097280,0.106,222311,32,80,13108,18,120,194.468146,0.322086170895,-266.932240,-72.464094,-18.418699
1048576,1048640,2097280,0.106,222311,32,80,13108,18,121,196.102628,0.322086170895,-269.058068,-72.955440,-18.418699
1048576,1048640,2097280,0.106,222311,32,80,13108,18,122,197.737109,0.322086170895,-271.180098,-73.442989,-18.418699
1048576,1048640,2097280,0.106,222311,32,80,13108,18,123,199.371590,0.322086170895,-273.298525,-73.926934,-18.418699
1048576,1048640,2097280,0.106,222311,32,80,13108,18,124,201.006072,0.322086170895,-275.413544,-74.407473,-18.418699
1048576,1048640,2097280,0.106,222311,32,80,13108,18,125,202.640553,0.322086170895,-277.525364,-74.884811,-18.418699
1048576,1048640,2097280,0.106,222311,32,80,13108,18,126,204.275035,0.322086170895,-279.634192,-75.359158,-18.418699
1048576,1048640,2097280,0.106,222311,32,80,13108,18,127,205.909516,0.322086170895,-281.740235,-75.830719,-18.418699
1048576,1048640,2097280,0.106,222311,32,80,13108,18,128,207.543997,0.322086170895,-283.843696,-76.299698,-18.418699
1048576,1048640,2097280,0.106,222311,32,80,13108,18,129,209.178479,0.322086170895,-285.944776,-76.766297,-18.418699
1048576,1048640,2097280,0.106,222311,32,80,13108,18,130,210.812960,0.322086170895,-288.043665,-77.230705,-18.418699
1048576,1048640,2097280,0.106,222311,32,80,13108,18,131,212.447441,0.322086170895,-290.140548,-77.693107,-18.418699
1048576,1048640,2097280,0.106,222311,32,80,13108,18,132,214.081923,0.322086170895,-292.235603,-78.153680,-18.418699
1048576,1048640,2097280,0.106,222311,32,80,13108,18,133,215.716404,0.322086170895,-294.328991,-78.612587,-18.418699
1048576,1048640,2097280,0.106,222311,32,80,13108,18,134,217.350886,0.322086170895,-296.420869,-79.069984,-18.418699
1048576,1048640,2097280,0.106,222311,32,80,13108,18,135,218.985367,0.322086170895,-298.511384,-79.526017,-18.418699
1048576,1048640,2097280,0.106,222311,32,80,13108,18,136,220.619848,0.322086170895,-300.600669,-79.980820,-18.418699
1048576,1048640,2097280,0.106,222311,32,80,13108,18,137,222.254330,0.322086170895,-302.688848,-80.434519,-18.418699
1048576,1048640,2097280,0.106,222311,32,80,13108,18,138,223.888811,0.322086170895,-304.776039,-80.887228,-18.418699
1048576,1048640,2097280,0.106,222311,32,80,13108,18,139,225.523292,0.322086170895,-306.862344,-81.339052,-18.418699
1048576,1048640,2097280,0.106,222311,32,80,13108,18,140,227.157774,0.322086170895,-308.947862,-81.790088,-18.418699
1048576,1048640,2097280,0.106,222311,32,80,13108,18,141,228.792255,0.322086170895,-311.032682,-82.240426,-18.418699
1048576,1048640,2097280,0.106,222311,32,80,13108,18,142,230.426737,0.322086170895,-313.116882,-82.690145,-18.418699
1048576,1048640,2097280,0.106,222311,32,80,13108,18,143,232.061218,0.322086170895,-315.200536,-83.139318,-18.418699
1048576,1048640,2097280,0.106,222311,32,80,13108,18,144,233.695699,0.322086170895,-317.283711,-83.588012,-18.418699
1048576,1048640,2097280,0.106,222311,32,80,13108,18,145,235.330181,0.322086170895,-319.366466,-84.036286,-18.418699
1048576,1048640,2097280,0.106,222311,32,80,13108,18,146,236.964662,0.322086170895,-321.448856,-84.484194,-18.418699
1048576,1048640,2097280,0.106,222311,32,80,13108,18,147,238.599143,0.322086170895,-323.530929,-84.931786,-18.418699
1048576,1048640,2097280,0.106,222311,32,80,13108,18,148,240.233625,0.322086170895,-325.612729,-85.379104,-18.418699
1048576,1048640,2097280,0.106,222311,32,80,13108,18,149,241.868106,0.322086170895,-327.694296,-85.826190,-18.418699
1048576,1048640,2097280,0.106,222311,32,80,13108,18,150,243.502588,0.322086170895,-329.775665,-86.273078,-18.418699
1048576,1048640,2097280,0.106,222311,32,80,13108,18,151,245.137069,0.322086170895,-331.856868,-86.719799,-18.418699
1048576,1048640,2097280,0.106,222311,32,80,13108,18,152,246.771550,0.322086170895,-333.937933,-87.166383,-18.418699
1048576,1048640,2097280,0.106,222311,32,80,13108,18,153,248.406032,0.322086170895,-336.018886,-87.612855,-18.418699
1048576,1048640,2097280,0.106,222311,32,80,13108,18,154,250.040513,0.322086170895,-338.099750,-88.059237,-18.418699
1048576,1048640,2097280,0.106,222311,32,80,13108,18,155,251.674994,0.322086170895,-340.180545,-88.505550,-18.418699
1048576,1048640,2097280,0.106,222311,32,80,13108,18,156,253.309476,0.322086170895,-342.261288,-88.951813,-18.418699
1048576,1048640,2097280,0.106,222311,32,80,13108,18,157,254.943957,0.322086170895,-344.341998,-89.398040,-18.418699
1048576,1048640,2097280,0.106,222311,32,80,13108,18,158,256.578439,0.322086170895,-346.422686,-89.844248,-18.418699
1048576,1048640,2097280,0.106,222311,32,80,13108,18,159,258.212920,0.322086170895,-348.503367,-90.290447,-18.418699
1048576,1048640,2097280,0.106,222311,32,80,13108,18,160,259.847401,0.322086170895,-350.584052,-90.736650,-18.418699
1048576,1048640,2097280,0.106,222311,32,80,13108,19,1,-inf,,-2.237846,-inf,-inf
1048576,1048640,2097280,0.106,222311,32,80,13108,19,2,-inf,,-4.475692,-inf,-inf
1048576,1048640,2097280,0.106,222311,32,80,13108,19,3,-inf,,-6.713537,-inf,-inf
1048576,1048640,2097280,0.106,222311,32,80,13108,19,4,-inf,,-8.951381,-inf,-inf
1048576,1048640,2097280,0.106,222311,32,80,13108,19,5,-inf,,-11.189224,-inf,-inf
1048576,1048640,2097280,0.106,222311,32,80,13108,19,6,-inf,,-13.427067,-inf,-inf
1048576,1048640,2097280,0.106,222311,32,80,13108,19,7,-inf,,-15.664909,-inf,-inf
1048576,1048640,2097280,0.106,222311,32,80,13108,19,8,-inf,,-17.902750,-inf,-inf
1048576,1048640,2097280,0.106,222311,32,80,13108,19,9,-inf,,-20.140591,-inf,-inf
1048576,1048640,2097280,0.106,222311,32,80,13108,19,10,-inf,,-22.378431,-inf,-inf
1048576,1048640,2097280,0.106,222311,32,80,13108,19,11,-inf,,-24.616270,-inf,-inf
1048576,1048640,2097280,0.106,222311,32,80,13108,19,12,-inf,,-26.854108,-inf,-inf
1048576,1048640,2097280,0.106,222311,32,80,13108,19,13,-inf,,-29.091945,-inf,-inf
1048576,1048640,2097280,0.106,222311,32,80,13108,19,14,-inf,,-31.329782,-inf,-inf
1048576,1048640,2097280,0.106,222311,32,80,13108,19,15,-inf,,-33.567618,-inf,-inf
1048576,1048640,2097280,0.106,222311,32,80,13108,19,16,-inf,,-35.805453,-inf,-inf
1048576,1048640,2097280,0.106,222311,32,80,13108,19,17,-inf,,-38.043288,-inf,-inf
1048576,1048640,2097280,0.106,222311,32,80,13108,19,18,-inf,,-40.281121,-inf,-inf
1048576,1048640,2097280,0.106,222311,32,80,13108,19,19,16.883884,0.141400061521,-42.518954,-25.635070,-25.635070
1048576,1048640,2097280,0.106,222311,32,80,13108,19,20,19.706029,0.141400061521,-44.756786,-25.050757,-24.313531
1048576,1048640,2097280,0.106,222311,32,80,13108,19,21,22.528175,0.141400061521,-46.994617,-24.466442,-23.387962
1048576,1048640,2097280,0.106,222311,32,80,13108,19,22,25.350320,0.141400061521,-49.232447,-23.882127,-22.613989
1048576,1048640,2097280,0.106,222311,32,80,13108,19,23,28.172465,0.141400061521,-51.470276,-23.297811,-21.915758
1048576,1048640,2097280,0.106,222311,32,80,13108,19,24,30.975939,0.156725588185,-53.708104,-22.732165,-21.266966
1048576,1048640,2097280,0.106,222311,32,80,13108,19,25,33.593529,0.173712159159,-55.945932,-22.352403,-20.709924
1048576,1048640,2097280,0.106,222311,32,80,13108,19,26,36.041458,0.192539805332,-58.183758,-22.142299,-20.255200
1048576,1048640,2097280,0.106,222311,32,80,13108,19,27,38.418230,0.192539805332,-60.421583,-22.003353,-19.879263
1048576,1048640,2097280,0.106,222311,32,80,13108,19,28,40.694259,0.21340807009,-62.659406,-21.965148,-19.574107
1048576,1048640,2097280,0.106,222311,32,80,13108,19,29,42.922572,0.21340807009,-64.897229,-21.974657,-19.323883
1048576,1048640,2097280,0.106,222311,32,80,13108,19,30,45.075370,0.236538124161,-67.135050,-22.059679,-19.122096
1048576,1048640,2097280,0.106,222311,32,80,13108,19,31,47.155226,0.236538124161,-69.372869,-22.217644,-18.962480
1048576,1048640,2097280,0.106,222311,32,80,13108,19,32,49.227279,0.262175109676,-71.610687,-22.383408,-18.833701
1048576,1048640,2097280,0.106,222311,32,80,13108,19,33,51.158677,0.262175109676,-73.848504,-22.689827,-18.737366
1048576,1048640,2097280,0.106,222311,32,80,13108,19,34,53.090074,0.262175109676,-76.086318,-22.996244,-18.663911
1048576,1048640,2097280,0.106,222311,32,80,13108,19,35,54.969978,0.290590738289,-78.324131,-23.354152,-18.609084
1048576,1048640,2097280,0.106,222311,32,80,13108,19,36,56.752918,0.290590738289,-80.561941,-23.809023,-18.570359
1048576,1048640,2097280,0.106,222311,32,80,13108,19,37,58.535857,0.290590738289,-82.799749,-24.263892,-18.542748
1048576,1048640,2097280,0.106,222311,32,80,13108,19,38,60.318796,0.290590738289,-85.037554,-24.718758,-18.522931
1048576,1048640,2097280,0.106,222311,32,80,13108,19,39,62.075130,0.322086170895,-87.275356,-25.200226,-18.508903
1048576,1048640,2097280,0.106,222311,32,80,13108,19,40,63.709611,0.322086170895,-89.513155,-25.803544,-18.499744
1048576,1048640,2097280,0.106,222311,32,80,13108,19,41,65.344093,0.322086170895,-91.750951,-26.406858,-18.493746
1048576,1048640,2097280,0.106,222311,32,80,13108,19,42,66.978574,0.322086170895,-93.988742,-27.010168,-18.489811
1048576,1048640,2097280,0.106,222311,32,80,13108,19,43,68.613055,0.322086170895,-96.226529,-27.613473,-18.487227
1048576,1048640,2097280,0.106,222311,32,80,13108,19,44,70.247537,0.322086170895,-98.464311,-28.216774,-18.485529
1048576,1048640,2097280,0.106,222311,32,80,13108,19,45,71.882018,0.322086170895,-100.702087,-28.820069,-18.484412
1048576,1048640,2097280,0.106,222311,32,80,13108,19,46,73.516500,0.322086170895,-102.939857,-29.423358,-18.483677
1048576,1048640,2097280,0.106,222311,32,80,13108,19,47,75.150981,0.322086170895,-105.177620,-30.026639,-18.483194
1048576,1048640,2097280,0.106,222311,32,80,13108,19,48,76.785462,0.322086170895,-107.415376,-30.629913,-18.482876
1048576,1048640,2097280,0.106,222311,32,80,13108,19,49,78.419944,0.322086170895,-109.653122,-31.233178,-18.482666
1048576,1048640,2097280,0.106,222311,32,80,13108,19,50,80.054425,0.322086170895,-111.890859,-31.836434,-18.482529
1048576,1048640,2097280,0.106,222311,32,80,13108,19,51,81.688906,0.322086170895,-114.128584,-32.439677,-18.482438
1048576,1048640,2097280,0.106,222311,32,80,13108,19,52,83.323388,0.322086170895,-116.366297,-33.042909,-18.482378
1048576,1048640,2097280,0.106,222311,32,80,13108,19,53,84.957869,0.322086170895,-118.603995,-33.646126,-18.482339
1048576,1048640,2097280,0.106,222311,32,80,13108,19,54,86.592351,0.322086170895,-120.841678,-34.249327,-18.482313
1048576,1048640,2097280,0.106,222311,32,80,13108,19,55,88.226832,0.322086170895,-123.079343,-34.852511,-18.482296
1048576,1048640,2097280,0.106,222311,32,80,13108,19,56,89.861313,0.322086170895,-125.316987,-35.455674,-18.482285
1048576,1048640,2097280,0.106,222311,32,80,13108,19,57,91.495795,0.322086170895,-127.554609,-36.058814,-18.482277
1048576,1048640,2097280,0.106,222311,32,80,13108,19,58,93.130276,0.322086170895,-129.792205,-36.661929,-18.482273
1048576,1048640,2097280,0.106,222311,32,80,13108,19,59,94.764757,0.322086170895,-132.029772,-37.265014,-18.482269
1048576,1048640,2097280,0.106,222311,32,80,13108,19,60,96.399239,0.322086170895,-134.267306,-37.868068,-18.482267
1048576,1048640,2097280,0.106,222311,32,80,13108,19,61,98.033720,0.322086170895,-136.504804,-38.471084,-18.482266
1048576,1048640,2097280,0.106,222311,32,80,13108,19,62,99.668202,0.322086170895,-138.742260,-39.074059,-18.482265
1048576,1048640,2097280,0.106,222311,32,80,13108,19,63,101.302683,0.322086170895,-140.979669,-39.676987,-18.482264
1048576,1048640,2097280,0.106,222311,32,80,13108,19,64,102.937164,0.322086170895,-143.217026,-40.279862,-18.482264
1048576,1048640,2097280,0.106,222311,32,80,13108,19,65,104.571646,0.322086170895,-145.454324,-40.882678,-18.482264
1048576,1048640,2097280,0.106,222311,32,80,13108,19,66,106.206127,0.322086170895,-147.691555,-41.485428,-18.482264
1048576,1048640,2097280,0.106,222311,32,80,13108,19,67,107.840608,0.322086170895,-149.928710,-42.088102,-18.482263
1048576,1048640,2097280,0.106,222311,32,80,13108,19,68,109.475090,0.322086170895,-152.165781,-42.690691,-18.482263
1048576,1048640,2097280,0.106,222311,32,80,13108,19,69,111.109571,0.322086170895,-154.402757,-43.293186,-18.482263
1048576,1048640,2097280,0.106,222311,32,80,13108,19,70,112.744053,0.322086170895,-156.639626,-43.895573,-18.482263
1048576,1048640,2097280,0.106,222311,32,80,13108,19,71,114.378534,0.322086170895,-158.876374,-44.497840,-18.482263
1048576,1048640,2097280,0.106,222311,32,80,13108,19,72,116.013015,0.322086170895,-161.112986,-45.099971,-18.482263
1048576,1048640,2097280,0.106,222311,32,80,13108,19,73,117.647497,0.322086170895,-163.349447,-45.701950,-18.482263
1048576,1048640,2097280,0.106,222311,32,80,13108,19,74,119.281978,0.322086170895,-165.585736,-46.303758,-18.482263
1048576,1048640,2097280,0.106,222311,32,80,13108,19,75,120.916460,0.322086170895,-167.821833,-46.905374,-18.482263
1048576,1048640,2097280,0.106,222311,32,80,13108,19,76,122.550941,0.322086170895,-170.057715,-47.506774,-18.482263
1048576,1048640,2097280,0.106,222311,32,80,13108,19,77,124.185422,0.322086170895,-172.293355,-48.107933,-18.482263
1048576,1048640,2097280,0.106,222311,32,80,13108,19,78,125.819904,0.322086170895,-174.528724,-48.708820,-18.482263
1048576,1048640,2097280,0.106,222311,32,80,13108,19,79,127.454385,0.322086170895,-176.763788,-49.309403,-18.482263
1048576,1048640,2097280,0.106,222311,32,80,13108,19,80,129.088866,0.322086170895,-178.998512,-49.909646,-18.482263
1048576,1048640,2097280,0.106,222311,32,80,13108,19,81,130.723348,0.322086170895,-181.232855,-50.509507,-18.482263
1048576,1048640,2097280,0.106,222311,32,80,13108,19,82,132.357829,0.322086170895,-183.466772,-51.108943,-18.482263
1048576,1048640,2097280,0.106,222311,32,80,13108,19,83,133.992311,0.322086170895,-185.700212,-51.707902,-18.482263
1048576,1048640,2097280,0.106,222311,32,80,13108,19,84,135.626792,0.322086170895,-187.933121,-52.306329,-18.482263
1048576,1048640,2097280,0.106,222311,32,80,13108,19,85,137.261273,0.322086170895,-190.165436,-52.904163,-18.482263
1048576,1048640,2097280,0.106,222311,32,80,13108,19,86,138.895755,0.322086170895,-192.397090,-53.501335,-18.482263
1048576,1048640,2097280,0.106,222311,32,80,13108,19,87,140.530236,0.322086170895,-194.628006,-54.097770,-18.482263
1048576,1048640,2097280,0.106,222311,32,80,13108,19,88,142.164717,0.322086170895,-196.858104,-54.693387,-18.482263
1048576,1048640,2097280,0.106,222311,32,80,13108,19,89,143.799199,0.322086170895,-199.087293,-55.288094,-18.482263
1048576,1048640,2097280,0.106,222311,32,80,13108,19,90,145.433680,0.322086170895,-201.315473,-55.881793,-18.482263
1048576,1048640,2097280,0.106,222311,32,80,13108,19,91,147.068162,0.322086170895,-203.542536,-56.474374,-18.482263
1048576,1048640,2097280,0.106,222311,32,80,13108,19,92,148.702643,0.322086170895,-205.768365,-57.065722,-18.482263
1048576,1048640,2097280,0.106,222311,32,80,13108,19,93,150.337124,0.322086170895,-207.992832,-57.655708,-18.482263
1048576,1048640,2097280,0.106,222311,32,80,13108,19,94,151.971606,0.322086170895,-210.215800,-58.244195,-18.482263
1048576,1048640,2097280,0.106,222311,32,80,13108,19,95,153.606087,0.322086170895,-212.437121,-58.831034,-18.482263
1048576,1048640,2097280,0.106,222311,32,80,13108,19,96,155.240568,0.322086170895,-214.656639,-59.416070,-18.482263
1048576,1048640,2097280,0.106,222311,32,80,13108,19,97,156.875050,0.322086170895,-216.874183,-59.999133,-18.482263
1048576,1048640,2097280,0.106,222311,32,80,13108,19,98,158.509531,0.322086170895,-219.089579,-60.580048,-18.482263
1048576,1048640,2097280,0.106,222311,32,80,13108,19,99,160.144013,0.322086170895,-221.302639,-61.158627,-18.482263
1048576,1048640,2097280,0.106,222311,32,80,13108,19,100,161.778494,0.322086170895,-223.513174,-61.734680,-18.482263
1048576,1048640,2097280,0.106,222311,32,80,13108,19,101,163.412975,0.322086170895,-225.720982,-62.308006,-18.482263
1048576,1048640,2097280,0.106,222311,32,80,13108,19,102,165.047457,0.322086170895,-227.925862,-62.878406,-18.482263
1048576,1048640,2097280,0.106,222311,32,80,13108,19,103,166.681938,0.322086170895,-230.127608,-63.445670,-18.482263
1048576,1048640,2097280,0.106,222311,32,80,13108,19,104,168.316419,0.322086170895,-232.326017,-64.009598,-18.482263
1048576,1048640,2097280,0.106,222311,32,80,13108,19,105,169.950901,0.322086170895,-234.520892,-64.569991,-18.482263
1048576,1048640,2097280,0.106,222311,32,80,13108,19,106,171.585382,0.322086170895,-236.712034,-65.126652,-18.482263
1048576,1048640,2097280,0.106,222311,32,80,13108,19,107,173.219864,0.322086170895,-238.899265,-65.679401,-18.482263
1048576,1048640,2097280,0.106,222311,32,80,13108,19,108,174.854345,0.322086170895,-241.082416,-66.228071,-18.482263
1048576,1048640,2097280,0.106,222311,32,80,13108,19,109,176.488826,0.322086170895,-243.261334,-66.772508,-18.482263
1048576,1048640,2097280,0.106,222311,32,80,13108,19,110,178.123308,0.322086170895,-245.435890,-67.312582,-18.482263
1048576,1048640,2097280,0.106,222311,32,80,13108,19,111,179.757789,0.322086170895,-247.605979,-67.848190,-18.482263
1048576,1048640,2097280,0.106,222311,32,80,13108,19,112,181.392270,0.322086170895,-249.771519,-68.379248,-18.482263
1048576,1048640,2097280,0.106,222311,32,80,13108,19,113,183.026752,0.322086170895,-251.932459,-68.905707,-18.482263
1048576,1048640,2097280,0.106,222311,32,80,13108,19,114,184.661233,0.322086170895,-254.088781,-69.427547,-18.482263
1048576,1048640,2097280,0.106,222311,32,80,13108,19,115,186.295715,0.322086170895,-256.240489,-69.944775,-18.482263
1048576,1048640,2097280,0.106,222311,32,80,13108,19,116,187.930196,0.322086170895,-258.387626,-70.457430,-18.482263
1048576,1048640,2097280,0.106,222311,32,80,13108,19,117,189.564677,0.322086170895,-260.530262,-70.965585,-18.482263
1048576,1048640,2097280,0.106,222311,32,80,13108,19,118,191.199159,0.322086170895,-262.668490,-71.469332,-18.482263
1048576,1048640,2097280,0.106,222311,32,80,13108,19,119,192.833640,0.322086170895,-264.802434,-71.968794,-18.482263
1048576,1048640,2097280,0.106,222311,32,80,13108,19,120,194.468121,0.322086170895,-266.932240,-72.464119,-18.482263
1048576,1048640,2097280,0.106,222311,32,80,13108,19,121,196.102603,0.322086170895,-269.058068,-72.955465,-18.482263
1048576,1048640,2097280,0.106,222311,32,80,13108,19,122,197.737084,0.322086170895,-271.180098,-73.443014,-18.482263
1048576,1048640,2097280,0.106,222311,32,80,13108,19,123,199.371566,0.322086170895,-273.298525,-73.926959,-18.482263
1048576,1048640,2097280,0.106,222311,32,80,13108,19,124,201.006047,0.322086170895,-275.413544,-74.407497,-18.482263
1048576,1048640,2097280,0.106,222311,32,80,13108,19,125,202.640528,0.322086170895,-277.525364,-74.884836,-18.482263
1048576,1048640,2097280,0.106,222311,32,80,13108,19,126,204.275010,0.322086170895,-279.634192,-75.359183,-18.482263
1048576,1048640,2097280,0.106,222311,32,80,13108,19,127,205.909491,0.322086170895,-281.740235,-75.830744,-18.482263
1048576,1048640,2097280,0.106,222311,32,80,13108,19,128,207.543972,0.322086170895,-283.843696,-76.299723,-18.482263
1048576,1048640,2097280,0.106,222311,32,80,13108,19,129,209.178454,0.322086170895,-285.944776,-76.766322,-18.482263
1048576,1048640,2097280,0.106,222311,32,80,13108,19,130,210.812935,0.322086170895,-288.043665,-77.230730,-18.482263
1048576,1048640,2097280,0.106,222311,32,80,13108,19,131,212.447417,0.322086170895,-290.140548,-77.693132,-18.482263
1048576,1048640,2097280,0.106,222311,32,80,13108,19,132,214.081898,0.322086170895,-292.235603,-78.153705,-18.482263
1048576,1048640,2097280,0.106,222311,32,80,13108,19,133,215.716379,0.322086170895,-294.328991,-78.612611,-18.482263
1048576,1048640,2097280,0.106,222311,32,80,13108,19,134,217.350861,0.322086170895,-296.420869,-79.070009,-18.482263
1048576,1048640,2097280,0.106,222311,32,80,13108,19,135,218.985342,0.322086170895,-298.511384,-79.526042,-18.482263
1048576,1048640,2097280,0.106,222311,32,80,13108,19,136,220.619823,0.322086170895,-300.600669,-79.980845,-18.482263
1048576,1048640,2097280,0.106,222311,32,80,13108,19,137,222.254305,0.322086170895,-302.688848,-80.434544,-18.482263
1048576,1048640,2097280,0.106,222311,32,80,13108,19,138,223.888786,0.322086170895,-304.776039,-80.887252,-18.482263
1048576,1048640,2097280,0.106,222311,32,80,13108,19,139,225.523268,0.322086170895,-306.862344,-81.339077,-18.482263
1048576,1048640,2097280,0.106,222311,32,80,13108,19,140,227.157749,0.322086170895,-308.947862,-81.790113,-18.482263
1048576,1048640,2097280,0.106,222311,32,80,13108,19,141,228.792230,0.322086170895,-311.032682,-82.240451,-18.482263
1048576,1048640,2097280,0.106,222311,32,80,13108,19,142,230.426712,0.322086170895,-313.116882,-82.690170,-18.482263
1048576,1048640,2097280,0.106,222311,32,80,13108,19,143,232.061193,0.322086170895,-315.200536,-83.139343,-18.482263
1048576,1048640,2097280,0.106,222311,32,80,13108,19,144,233.695674,0.322086170895,-317.283711,-83.588037,-18.482263
1048576,1048640,2097280,0.106,222311,32,80,13108,19,145,235.330156,0.322086170895,-319.366466,-84.036310,-18.482263
1048576,1048640,2097280,0.106,222311,32,80,13108,19,146,236.964637,0.322086170895,-321.448856,-84.484219,-18.482263
1048576,1048640,2097280,0.106,222311,32,80,13108,19,147,238.599119,0.322086170895,-323.530929,-84.931811,-18.482263
1048576,1048640,2097280,0.106,222311,32,80,13108,19,148,240.233600,0.322086170895,-325.612729,-85.379129,-18.482263
1048576,1048640,2097280,0.106,222311,32,80,13108,19,149,241.868081,0.322086170895,-327.694296,-85.826215,-18.482263
1048576,1048640,2097280,0.106,222311,32,80,13108,19,150,243.502563,0.322086170895,-329.775665,-86.273102,-18.482263
1048576,1048640,2097280,0.106,222311,32,80,13108,19,151,245.137044,0.322086170895,-331.856868,-86.719824,-18.482263
1048576,1048640,2097280,0.106,222311,32,80,13108,19,152,246.771525,0.322086170895,-333.937933,-87.166408,-18.482263
1048576,1048640,2097280,0.106,222311,32,80,13108,19,153,248.406007,0.322086170895,-336.018886,-87.612880,-18.482263
1048576,1048640,2097280,0.106,222311,32,80,13108,19,154,250.040488,0.322086170895,-338.099750,-88.059262,-18.482263
1048576,1048640,2097280,0.106,222311,32,80,13108,19,155,251.674970,0.322086170895,-340.180545,-88.505575,-18.482263
1048576,1048640,2097280,0.106,222311,32,80,13108,19,156,253.309451,0.322086170895,-342.261288,-88.951837,-18.482263
1048576,1048640,2097280,0.106,222311,32,80,13108,19,157,254.943932,0.322086170895,-344.341998,-89.398065,-18.482263
1048576,1048640,2097280,0.106,222311,32,80,13108,19,158,256.578414,0.322086170895,-346.422686,-89.844272,-18.482263
1048576,1048640,2097280,0.106,222311,32,80,13108,19,159,258.212895,0.322086170895,-348.503367,-90.290472,-18.482263
1048576,1048640,2097280,0.106,222311,32,80,13108,19,160,259.847377,0.322086170895,-350.584052,-90.736675,-18.482263
1048576,1048640,2097280,0.106,222311,32,80,13108,20,1,-inf,,-2.237846,-inf,-inf
1048576,1048640,2097280,0.106,222311,32,80,13108,20,2,-inf,,-4.475692,-inf,-inf
1048576,1048640,2097280,0.106,222311,32,80,13108,20,3,-inf,,-6.713537,-inf,-inf
1048576,1048640,2097280,0.106,222311,32,80,13108,20,4,-inf,,-8.951381,-inf,-inf
1048576,1048640,2097280,0.106,222311,32,80,13108,20,5,-inf,,-11.189224,-inf,-inf
1048576,1048640,2097280,0.106,222311,32,80,13108,20,6,-inf,,-13.427067,-inf,-inf
1048576,1048640,2097280,0.106,222311,32,80,13108,20,7,-inf,,-15.664909,-inf,-inf
1048576,1048640,2097280,0.106,222311,32,80,13108,20,8,-inf,,-17.902750,-inf,-inf
1048576,1048640,2097280,0.106,222311,32,80,13108,20,9,-inf,,-20.140591,-inf,-inf
1048576,1048640,2097280,0.106,222311,32,80,13108,20,10,-inf,,-22.378431,-inf,-inf
1048576,1048640,2097280,0.106,222311,32,80,13108,20,11,-inf,,-24.616270,-inf,-inf
1048576,1048640,2097280,0.106,222311,32,80,13108,20,12,-inf,,-26.854108,-inf,-inf
1048576,1048640,2097280,0.106,222311,32,80,13108,20,13,-inf,,-29.091945,-inf,-inf
1048576,1048640,2097280,0.106,222311,32,80,13108,20,14,-inf,,-31.329782,-inf,-inf
1048576,1048640,2097280,0.106,222311,32,80,13108,20,15,-inf,,-33.567618,-inf,-inf
1048576,1048640,2097280,0.106,222311,32,80,13108,20,16,-inf,,-35.805453,-inf,-inf
1048576,1048640,2097280,0.106,222311,32,80,13108,20,17,-inf,,-38.043288,-inf,-inf
1048576,1048640,2097280,0.106,222311,32,80,13108,20,18,-inf,,-40.281121,-inf,-inf
1048576,1048640,2097280,0.106,222311,32,80,13108,20,19,-inf,,-42.518954,-inf,-inf
1048576,1048640,2097280,0.106,222311,32,80,13108,20,20,19.121067,0.141400061521,-44.756786,-25.635719,-25.635719
1048576,1048640,2097280,0.106,222311,32,80,13108,20,21,21.943212,0.141400061521,-46.994617,-25.051405,-24.314180
1048576,1048640,2097280,0.106,222311,32,80,13108,20,22,24.765358,0.141400061521,-49.232447,-24.467090,-23.388610
1048576,1048640,2097280,0.106,222311,32,80,13108,20,23,27.587503,0.141400061521,-51.470276,-23.882773,-22.614636
1048576,1048640,2097280,0.106,222311,32,80,13108,20,24,30.409648,0.141400061521,-53.708104,-23.298456,-21.916405
1048576,1048640,2097280,0.106,222311,32,80,13108,20,25,33.231794,0.141400061521,-55.945932,-22.714138,-21.260822
1048576,1048640,2097280,0.106,222311,32,80,13108,20,26,35.994588,0.192539805332,-58.183758,-22.189169,-20.651577
1048576,1048640,2097280,0.106,222311,32,80,13108,20,27,38.371360,0.192539805332,-60.421583,-22.050223,-20.187657
1048576,1048640,2097280,0.106,222311,32,80,13108,20,28,40.674575,0.21340807009,-62.659406,-21.984831,-19.822818
1048576,1048640,2097280,0.106,222311,32,80,13108,20,29,42.902888,0.21340807009,-64.897229,-21.994340,-19.533602
1048576,1048640,2097280,0.106,222311,32,80,13108,20,30,45.068711,0.236538124161,-67.135050,-22.066339,-19.303632
1048576,1048640,2097280,0.106,222311,32,80,13108,20,31,47.148566,0.236538124161,-69.372869,-22.224303,-19.124674
1048576,1048640,2097280,0.106,222311,32,80,13108,20,32,49.225525,0.262175109676,-71.610687,-22.385162,-18.981476
1048576,1048640,2097280,0.106,222311,32,80,13108,20,33,51.156922,0.262175109676,-73.848504,-22.691581,-18.875249
1048576,1048640,2097280,0.106,222311,32,80,13108,20,34,53.088320,0.262175109676,-76.086318,-22.997998,-18.794724
1048576,1048640,2097280,0.106,222311,32,80,13108,20,35,54.969626,0.290590738289,-78.324131,-23.354505,-18.734815
1048576,1048640,2097280,0.106,222311,32,80,13108,20,36,56.752565,0.290590738289,-80.561941,-23.809376,-18.692625
1048576,1048640,2097280,0.106,222311,32,80,13108,20,37,58.535505,0.290590738289,-82.799749,-24.264244,-18.662604
1048576,1048640,2097280,0.106,222311,32,80,13108,20,38,60.318444,0.290590738289,-85.037554,-24.719110,-18.641089
1048576,1048640,2097280,0.106,222311,32,80,13108,20,39,62.075070,0.322086170895,-87.275356,-25.200286,-18.625870
1048576,1048640,2097280,0.106,222311,32,80,13108,20,40,63.709551,0.322086170895,-89.513155,-25.803604,-18.615940
1048576,1048640,2097280,0.106,222311,32,80,13108,20,41,65.344033,0.322086170895,-91.750951,-26.406918,-18.609440
1048576,1048640,2097280,0.106,222311,32,80,13108,20,42,66.978514,0.322086170895,-93.988742,-27.010228,-18.605178
1048576,1048640,2097280,0.106,222311,32,80,13108,20,43,68.612996,0.322086170895,-96.226529,-27.613533,-18.602379
1048576,1048640,2097280,0.106,222311,32,80,13108,20,44,70.247477,0.322086170895,-98.464311,-28.216834,-18.600540
1048576,1048640,2097280,0.106,222311,32,80,13108,20,45,71.881958,0.322086170895,-100.702087,-28.820129,-18.599331
1048576,1048640,2097280,0.106,222311,32,80,13108,20,46,73.516440,0.322086170895,-102.939857,-29.423418,-18.598535
1048576,1048640,2097280,0.106,222311,32,80,13108,20,47,75.150921,0.322086170895,-105.177620,-30.026699,-18.598012
1048576,1048640,2097280,0.106,222311,32,80,13108,20,48,76.785402,0.322086170895,-107.415376,-30.629973,-18.597667
1048576,1048640,2097280,0.106,222311,32,80,13108,20,49,78.419884,0.322086170895,-109.653122,-31.233238,-18.597440
1048576,1048640,2097280,0.106,222311,32,80,13108,20,50,80.054365,0.322086170895,-111.890859,-31.836493,-18.597291
1048576,1048640,2097280,0.106,222311,32,80,13108,20,51,81.688847,0.322086170895,-114.128584,-32.439737,-18.597193
1048576,1048640,2097280,0.106,222311,32,80,13108,20,52,83.323328,0.322086170895,-116.366297,-33.042969,-18.597128
1048576,1048640,2097280,0.106,222311,32,80,13108,20,53,84.957809,0.322086170895,-118.603995,-33.646186,-18.597086
1048576,1048640,2097280,0.106,222311,32,80,13108,20,54,86.592291,0.322086170895,-120.841678,-34.249387,-18.597058
1048576,1048640,2097280,0.106,222311,32,80,13108,20,55,88.226772,0.322086170895,-123.079343,-34.852571,-18.597039
1048576,1048640,2097280,0.106,222311,32,80,13108,20,56,89.861253,0.322086170895,-125.316987,-35.455734,-18.597027
1048576,1048640,2097280,0.106,222311,32,80,13108,20,57,91.495735,0.322086170895,-127.554609,-36.058874,-18.597019
1048576,1048640,2097280,0.106,222311,32,80,13108,20,58,93.130216,0.322086170895,-129.792205,-36.661989,-18.597014
1048576,1048640,2097280,0.106,222311,32,80,13108,20,59,94.764698,0.322086170895,-132.029772,-37.265074,-18.597010
1048576,1048640,2097280,0.106,222311,32,80,13108,20,60,96.399179,0.322086170895,-134.267306,-37.868127,-18.597008
1048576,1048640,2097280,0.106,222311,32,80,13108,20,61,98.033660,0.322086170895,-136.504804,-38.471144,-18.597007
1048576,1048640,2097280,0.106,222311,32,80,13108,20,62,99.668142,0.322086170895,-138.742260,-39.074118,-18.597006
1048576,1048640,2097280,0.106,222311,32,80,13108,20,63,101.302623,0.322086170895,-140.979669,-39.677046,-18.597005
1048576,1048640,2097280,0.106,222311,32,80,13108,20,64,102.937105,0.322086170895,-143.217026,-40.279922,-18.597005
1048576,1048640,2097280,0.106,222311,32,80,13108,20,65,104.571586,0.322086170895,-145.454324,-40.882738,-18.597004
1048576,1048640,2097280,0.106,222311,32,80,13108,20,66,106.206067,0.322086170895,-147.691555,-41.485487,-18.597004
1048576,1048640,2097280,0.106,222311,32,80,13108,20,67,107.840549,0.322086170895,-149.928710,-42.088162,-18.597004
1048576,1048640,2097280,0.106,222311,32,80,13108,20,68,109.475030,0.322086170895,-152.165781,-42.690751,-18.597004
1048576,1048640,2097280,0.106,222311,32,80,13108,20,69,111.109511,0.322086170895,-154.402757,-43.293245,-18.597004
1048576,1048640,2097280,0.106,222311,32,80,13108,20,70,112.743993,0.322086170895,-156.639626,-43.895633,-18.597004
1048576,1048640,2097280,0.106,222311,32,80,13108,20,71,114.378474,0.322086170895,-158.876374,-44.497899,-18.597004
1048576,1048640,2097280,0.106,222311,32,80,13108,20,72,116.012956,0.322086170895,-161.112986,-45.100031,-18.597004
1048576,1048640,2097280,0.106,222311,32,80,13108,20,73,117.647437,0.322086170895,-163.349447,-45.702010,-18.597004
1048576,1048640,2097280,0.106,222311,32,80,13108,20,74,119.281918,0.322086170895,-165.585736,-46.303818,-18.597004
1048576,1048640,2097280,0.106,222311,32,80,13108,20,75,120.916400,0.322086170895,-167.821833,-46.905434,-18.597004
1048576,1048640,2097280,0.106,222311,32,80,13108,20,76,122.550881,0.322086170895,-170.057715,-47.506834,-18.597004
1048576,1048640,2097280,0.106,222311,32,80,13108,20,77,124.185362,0.322086170895,-172.293355,-48.107992,-18.597004
1048576,1048640,2097280,0.106,222311,32,80,13108,20,78,125.819844,0.322086170895,-174.528724,-48.708880,-18.597004
1048576,1048640,2097280,0.106,222311,32,80,13108,20,79,127.454325,0.322086170895,-176.763788,-49.309463,-18.597004
1048576,1048640,2097280,0.106,222311,32,80,13108,20,80,129.088807,0.322086170895,-178.998512,-49.909706,-18.597004
1048576,1048640,2097280,0.106,222311,32,80,13108,20,81,130.723288,0.322086170895,-181.232855,-50.509567,-18.597004
1048576,1048640,2097280,0.106,222311,32,80,13108,20,82,132.357769,0.322086170895,-183.466772,-51.109003,-18.597004
1048576,1048640,2097280,0.106,222311,32,80,13108,20,83,133.992251,0.322086170895,-185.700212,-51.707962,-18.597004
1048576,1048640,2097280,0.106,222311,32,80,13108,20,84,135.626732,0.322086170895,-187.933121,-52.306389,-18.597004
1048576,1048640,2097280,0.106,222311,32,80,13108,20,85,137.261213,0.322086170895,-190.165436,-52.904222,-18.597004
1048576,1048640,2097280,0.106,222311,32,80,13108,20,86,138.895695,0.322086170895,-192.397090,-53.501395,-18.597004
1048576,1048640,2097280,0.106,222311,32,80,13108,20,87,140.530176,0.322086170895,-194.628006,-54.097830,-18.597004
1048576,1048640,2097280,0.106,222311,32,80,13108,20,88,142.164658,0.322086170895,-196.858104,-54.693447,-18.597004
1048576,1048640,2097280,0.106,222311,32,80,13108,20,89,143.799139,0.322086170895,-199.087293,-55.288154,-18.597004
1048576,1048640,2097280,0.106,222311,32,80,13108,20,90,145.433620,0.322086170895,-201.315473,-55.881853,-18.597004
1048576,1048640,2097280,0.106,222311,32,80,13108,20,91,147.068102,0.322086170895,-203.542536,-56.474434,-18.597004
1048576,1048640,2097280,0.106,222311,32,80,13108,20,92,148.702583,0.322086170895,-205.768365,-57.065782,-18.597004
1048576,1048640,2097280,0.106,222311,32,80,13108,20,93,150.337064,0.322086170895,-207.992832,-57.655767,-18.597004
1048576,1048640,2097280,0.106,222311,32,80,13108,20,94,151.971546,0.322086170895,-210.215800,-58.244255,-18.597004
1048576,1048640,2097280,0.106,222311,32,80,13108,20,95,153.606027,0.322086170895,-212.437121,-58.831094,-18.597004
1048576,1048640,2097280,0.106,222311,32,80,13108,20,96,155.240509,0.322086170895,-214.656639,-59.416130,-18.597004
1048576,1048640,2097280,0.106,222311,32,80,13108,20,97,156.874990,0.322086170895,-216.874183,-59.999193,-18.597004
1048576,1048640,2097280,0.106,222311,32,80,13108,20,98,158.509471,0.322086170895,-219.089579,-60.580108,-18.597004
1048576,1048640,2097280,0.106,222311,32,80,13108,20,99,160.143953,0.322086170895,-221.302639,-61.158687,-18.597004
1048576,1048640,2097280,0.106,222311,32,80,13108,20,100,161.778434,0.322086170895,-223.513174,-61.734740,-18.597004
1048576,1048640,2097280,0.106,222311,32,80,13108,20,101,163.412915,0.322086170895,-225.720982,-62.308066,-18.597004
1048576,1048640,2097280,0.106,222311,32,80,13108,20,102,165.047397,0.322086170895,-227.925862,-62.878466,-18.597004
1048576,1048640,2097280,0.106,222311,32,80,13108,20,103,166.681878,0.322086170895,-230.127608,-63.445730,-18.597004
1048576,1048640,2097280,0.106,222311,32,80,13108,20,104,168.316360,0.322086170895,-232.326017,-64.009658,-18.597004
1048576,1048640,2097280,0.106,222311,32,80,13108,20,105,169.950841,0.322086170895,-234.520892,-64.570051,-18.597004
1048576,1048640,2097280,0.106,222311,32,80,13108,20,106,171.585322,0.322086170895,-236.712034,-65.126712,-18.597004
1048576,1048640,2097280,0.106,222311,32,80,13108,20,107,173.219804,0.322086170895,-238.899265,-65.679461,-18.597004
1048576,1048640,2097280,0.106,222311,32,80,13108,20,108,174.854285,0.322086170895,-241.082416,-66.228131,-18.597004
1048576,1048640,2097280,0.106,222311,32,80,13108,20,109,176.488766,0.322086170895,-243.261334,-66.772568,-18.597004
1048576,1048640,2097280,0.106,222311,32,80,13108,20,110,178.123248,0.322086170895,-245.435890,-67.312642,-18.597004
1048576,1048640,2097280,0.106,222311,32,80,13108,20,111,179.757729,0.322086170895,-247.605979,-67.848250,-18.597004
1048576,1048640,2097280,0.106,222311,32,80,13108,20,112,181.392211,0.322086170895,-249.771519,-68.379308,-18.597004
1048576,1048640,2097280,0.106,222311,32,80,13108,20,113,183.026692,0.322086170895,-251.932459,-68.905767,-18.597004
1048576,1048640,2097280,0.106,222311,32,80,13108,20,114,184.661173,0.322086170895,-254.088781,-69.427607,-18.597004
1048576,1048640,2097280,0.106,222311,32,80,13108,20,115,186.295655,0.322086170895,-256.240489,-69.944834,-18.597004
1048576,1048640,2097280,0.106,222311,32,80,13108,20,116,187.930136,0.322086170895,-258.387626,-70.457490,-18.597004
1048576,1048640,2097280,0.106,222311,32,80,13108,20,117,189.564617,0.322086170895,-260.530262,-70.965645,-18.597004
1048576,1048640,2097280,0.106,222311,32,80,13108,20,118,191.199099,0.322086170895,-262.668490,-71.469392,-18.597004
1048576,1048640,2097280,0.106,222311,32,80,13108,20,119,192.833580,0.322086170895,-264.802434,-71.968854,-18.597004
1048576,1048640,2097280,0.106,222311,32,80,13108,20,120,194.468062,0.322086170895,-266.932240,-72.464178,-18.597004
1048576,1048640,2097280,0.106,222311,32,80,13108,20,121,196.102543,0.322086170895,-269.058068,-72.955525,-18.597004
1048576,1048640,2097280,0.106,222311,32,80,13108,20,122,197.737024,0.322086170895,-271.180098,-73.443074,-18.597004
1048576,1048640,2097280,0.106,222311,32,80,13108,20,123,199.371506,0.322086170895,-273.298525,-73.927019,-18.597004
1048576,1048640,2097280,0.106,222311,32,80,13108,20,124,201.005987,0.322086170895,-275.413544,-74.407557,-18.597004
1048576,1048640,2097280,0.106,222311,32,80,13108,20,125,202.640468,0.322086170895,-277.525364,-74.884895,-18.597004
1048576,1048640,2097280,0.106,222311,32,80,13108,20,126,204.274950,0.322086170895,-279.634192,-75.359243,-18.597004
1048576,1048640,2097280,0.106,222311,32,80,13108,20,127,205.909431,0.322086170895,-281.740235,-75.830803,-18.597004
1048576,1048640,2097280,0.106,222311,32,80,13108,20,128,207.543913,0.322086170895,-283.843696,-76.299783,-18.597004
1048576,1048640,2097280,0.106,222311,32,80,13108,20,129,209.178394,0.322086170895,-285.944776,-76.766382,-18.597004
1048576,1048640,2097280,0.106,222311,32,80,13108,20,130,210.812875,0.322086170895,-288.043665,-77.230790,-18.597004
1048576,1048640,2097280,0.106,222311,32,80,13108,20,131,212.447357,0.322086170895,-290.140548,-77.693192,-18.597004
1048576,1048640,2097280,0.106,222311,32,80,13108,20,132,214.081838,0.322086170895,-292.235603,-78.153764,-18.597004
1048576,1048640,2097280,0.106,222311,32,80,13108,20,133,215.716319,0.322086170895,-294.328991,-78.612671,-18.597004
1048576,1048640,2097280,0.106,222311,32,80,13108,20,134,217.350801,0.322086170895,-296.420869,-79.070069,-18.597004
1048576,1048640,2097280,0.106,222311,32,80,13108,20,135,218.985282,0.322086170895,-298.511384,-79.526102,-18.597004
1048576,1048640,2097280,0.106,222311,32,80,13108,20,136,220.619764,0.322086170895,-300.600669,-79.980905,-18.597004
1048576,1048640,2097280,0.106,222311,32,80,13108,20,137,222.254245,0.322086170895,-302.688848,-80.434603,-18.597004
1048576,1048640,2097280,0.106,222311,32,80,13108,20,138,223.888726,0.322086170895,-304.776039,-80.887312,-18.597004
1048576,1048640,2097280,0.106,222311,32,80,13108,20,139,225.523208,0.322086170895,-306.862344,-81.339136,-18.597004
1048576,1048640,2097280,0.106,222311,32,80,13108,20,140,227.157689,0.322086170895,-308.947862,-81.790173,-18.597004
1048576,1048640,2097280,0.106,222311,32,80,13108,20,141,228.792170,0.322086170895,-311.032682,-82.240511,-18.597004
1048576,1048640,2097280,0.106,222311,32,80,13108,20,142,230.426652,0.322086170895,-313.116882,-82.690230,-18.597004
1048576,1048640,2097280,0.106,222311,32,80,13108,20,143,232.061133,0.322086170895,-315.200536,-83.139403,-18.597004
1048576,1048640,2097280,0.106,222311,32,80,13108,20,144,233.695615,0.322086170895,-317.283711,-83.588097,-18.597004
1048576,1048640,2097280,0.106,222311,32,80,13108,20,145,235.330096,0.322086170895,-319.366466,-84.036370,-18.597004
1048576,1048640,2097280,0.106,222311,32,80,13108,20,146,236.964577,0.322086170895,-321.448856,-84.484279,-18.597004
1048576,1048640,2097280,0.106,222311,32,80,13108,20,147,238.599059,0.322086170895,-323.530929,-84.931870,-18.597004
1048576,1048640,2097280,0.106,222311,32,80,13108,20,148,240.233540,0.322086170895,-325.612729,-85.379189,-18.597004
1048576,1048640,2097280,0.106,222311,32,80,13108,20,149,241.868022,0.322086170895,-327.694296,-85.826275,-18.597004
1048576,1048640,2097280,0.106,222311,32,80,13108,20,150,243.502503,0.322086170895,-329.775665,-86.273162,-18.597004
1048576,1048640,2097280,0.106,222311,32,80,13108,20,151,245.136984,0.322086170895,-331.856868,-86.719884,-18.597004
1048576,1048640,2097280,0.106,222311,32,80,13108,20,152,246.771466,0.322086170895,-333.937933,-87.166468,-18.597004
1048576,1048640,2097280,0.106,222311,32,80,13108,20,153,248.405947,0.322086170895,-336.018886,-87.612939,-18.597004
1048576,1048640,2097280,0.106,222311,32,80,13108,20,154,250.040428,0.322086170895,-338.099750,-88.059322,-18.597004
1048576,1048640,2097280,0.106,222311,32,80,13108,20,155,251.674910,0.322086170895,-340.180545,-88.505635,-18.597004
1048576,1048640,2097280,0.106,222311,32,80,13108,20,156,253.309391,0.322086170895,-342.261288,-88.951897,-18.597004
1048576,1048640,2097280,0.106,222311,32,80,13108,20,157,254.943873,0.322086170895,-344.341998,-89.398125,-18.597004
1048576,1048640,2097280,0.106,222311,32,80,13108,20,158,256.578354,0.322086170895,-346.422686,-89.844332,-18.597004
1048576,1048640,2097280,0.106,222311,32,80,13108,20,159,258.212835,0.322086170895,-348.503367,-90.290532,-18.597004
1048576,1048640,2097280,0.106,222311,32,80,13108,20,160,259.847317,0.322086170895,-350.584052,-90.736735,-18.597004
1048576,1048640,2097280,0.106,222311,32,80,13108,21,1,-inf,,-2.237846,-inf,-inf
1048576,1048640,2097280,0.106,222311,32,80,13108,21,2,-inf,,-4.475692,-inf,-inf
1048576,1048640,2097280,0.106,222311,32,80,13108,21,3,-inf,,-6.713537,-inf,-inf
1048576,1048640,2097280,0.106,222311,32,80,13108,21,4,-inf,,-8.951381,-inf,-inf
1048576,1048640,2097280,0.106,222311,32,80,13108,21,5,-inf,,-11.189224,-inf,-inf
1048576,1048640,2097280,0.106,222311,32,80,13108,21,6,-inf,,-13.427067,-inf,-inf
1048576,1048640,2097280,0.106,222311,32,80,13108,21,7,-inf,,-15.664909,-inf,-inf
1048576,1048640,2097280,0.106,222311,32,80,13108,21,8,-inf,,-17.902750,-inf,-inf
1048576,1048640,2097280,0.106,222311,32,80,13108,21,9,-inf,,-20.140591,-inf,-inf
1048576,1048640,2097280,0.106,222311,32,80,13108,21,10,-inf,,-22.378431,-inf,-inf
1048576,1048640,2097280,0.106,222311,32,80,13108,21,11,-inf,,-24.616270,-inf,-inf
1048576,1048640,2097280,0.106,222311,32,80,13108,21,12,-inf,,-26.854108,-inf,-inf
1048576,1048640,2097280,0.106,222311,32,80,13108,21,13,-inf,,-29.091945,-inf,-inf
1048576,1048640,2097280,0.106,222311,32,80,13108,21,14,-inf,,-31.329782,-inf,-inf
1048576,1048640,2097280,0.106,222311,32,80,13108,21,15,-inf,,-33.567618,-inf,-inf
1048576,1048640,2097280,0.106,222311,32,80,13108,21,16,-inf,,-35.805453,-inf,-inf
1048576,1048640,2097280,0.106,222311,32,80,13108,21,17,-inf,,-38.043288,-inf,-inf
1048576,1048640,2097280,0.106,222311,32,80,13108,21,18,-inf,,-40.281121,-inf,-inf
1048576,1048640,2097280,0.106,222311,32,80,13108,21,19,-inf,,-42.518954,-inf,-inf
1048576,1048640,2097280,0.106,222311,32,80,13108,21,20,-inf,,-44.756786,-inf,-inf
1048576,1048640,2097280,0.106,222311,32,80,13108,21,21,20.943212,0.141400061521,-46.994617,-26.051405,-26.051405
1048576,1048640,2097280,0.106,222311,32,80,13108,21,22,23.765358,0.141400061521,-49.232447,-25.467090,-24.729865
1048576,1048640,2097280,0.106,222311,32,80,13108,21,23,26.587503,0.141400061521,-51.470276,-24.882773,-23.804294
1048576,1048640,2097280,0.106,222311,32,80,13108,21,24,29.409648,0.141400061521,-53.708104,-24.298456,-23.030320
1048576,1048640,2097280,0.106,222311,32,80,13108,21,25,32.231794,0.141400061521,-55.945932,-23.714138,-22.332088
1048576,1048640,2097280,0.106,222311,32,80,13108,21,26,35.053939,0.141400061521,-58.183758,-23.129819,-21.676504
1048576,1048640,2097280,0.106,222311,32,80,13108,21,27,37.876084,0.141400061521,-60.421583,-22.545498,-21.046538
1048576,1048640,2097280,0.106,222311,32,80,13108,21,28,40.644434,0.21340807009,-62.659406,-22.014973,-20.450977
1048576,1048640,2097280,0.106,222311,32,80,13108,21,29,42.872747,0.21340807009,-64.897229,-22.024482,-20.033066
1048576,1048640,2097280,0.106,222311,32,80,13108,21,30,45.057538,0.236538124161,-67.135050,-22.077511,-19.719918
1048576,1048640,2097280,0.106,222311,32,80,13108,21,31,47.137394,0.236538124161,-69.372869,-22.235476,-19.487404
1048576,1048640,2097280,0.106,222311,32,80,13108,21,32,49.217249,0.236538124161,-71.610687,-22.393438,-19.306731
1048576,1048640,2097280,0.106,222311,32,80,13108,21,33,51.153674,0.262175109676,-73.848504,-22.694829,-19.175119
1048576,1048640,2097280,0.106,222311,32,80,13108,21,34,53.085072,0.262175109676,-76.086318,-23.001247,-19.076827
1048576,1048640,2097280,0.106,222311,32,80,13108,21,35,54.968904,0.290590738289,-78.324131,-23.355226,-19.004335
1048576,1048640,2097280,0.106,222311,32,80,13108,21,36,56.751844,0.290590738289,-80.561941,-23.810097,-18.953654
1048576,1048640,2097280,0.106,222311,32,80,13108,21,37,58.534783,0.290590738289,-82.799749,-24.264966,-18.917770
1048576,1048640,2097280,0.106,222311,32,80,13108,21,38,60.317722,0.290590738289,-85.037554,-24.719832,-18.892142
1048576,1048640,2097280,0.106,222311,32,80,13108,21,39,62.074934,0.322086170895,-87.275356,-25.200422,-18.874051
1048576,1048640,2097280,0.106,222311,32,80,13108,21,40,63.709416,0.322086170895,-89.513155,-25.803740,-18.862265
1048576,1048640,2097280,0.106,222311,32,80,13108,21,41,65.343897,0.322086170895,-91.750951,-26.407054,-18.854560
1048576,1048640,2097280,0.106,222311,32,80,13108,21,42,66.978378,0.322086170895,-93.988742,-27.010364,-18.849510
1048576,1048640,2097280,0.106,222311,32,80,13108,21,43,68.612860,0.322086170895,-96.226529,-27.613669,-18.846196
1048576,1048640,2097280,0.106,222311,32,80,13108,21,44,70.247341,0.322086170895,-98.464311,-28.216970,-18.844018
1048576,1048640,2097280,0.106,222311,32,80,13108,21,45,71.881822,0.322086170895,-100.702087,-28.820265,-18.842587
1048576,1048640,2097280,0.106,222311,32,80,13108,21,46,73.516304,0.322086170895,-102.939857,-29.423554,-18.841645
1048576,1048640,2097280,0.106,222311,32,80,13108,21,47,75.150785,0.322086170895,-105.177620,-30.026835,-18.841026
1048576,1048640,2097280,0.106,222311,32,80,13108,21,48,76.785267,0.322086170895,-107.415376,-30.630109,-18.840618
1048576,1048640,2097280,0.106,222311,32,80,13108,21,49,78.419748,0.322086170895,-109.653122,-31.233374,-18.840350
1048576,1048640,2097280,0.106,222311,32,80,13108,21,50,80.054229,0.322086170895,-111.890859,-31.836629,-18.840173
1048576,1048640,2097280,0.106,222311,32,80,13108,21,51,81.688711,0.322086170895,-114.128584,-32.439873,-18.840057
1048576,1048640,2097280,0.106,222311,32,80,13108,21,52,83.323192,0.322086170895,-116.366297,-33.043105,-18.839980
1048576,1048640,2097280,0.106,222311,32,80,13108,21,53,84.957673,0.322086170895,-118.603995,-33.646322,-18.839930
1048576,1048640,2097280,0.106,222311,32,80,13108,21,54,86.592155,0.322086170895,-120.841678,-34.249523,-18.839897
1048576,1048640,2097280,0.106,222311,32,80,13108,21,55,88.226636,0.322086170895,-123.079343,-34.852706,-18.839875
1048576,1048640,2097280,0.106,222311,32,80,13108,21,56,89.861118,0.322086170895,-125.316987,-35.455870,-18.839861
1048576,1048640,2097280,0.106,222311,32,80,13108,21,57,91.495599,0.322086170895,-127.554609,-36.059010,-18.839851
1048576,1048640,2097280,0.106,222311,32,80,13108,21,58,93.130080,0.322086170895,-129.792205,-36.662125,-18.839845
1048576,1048640,2097280,0.106,222311,32,80,13108,21,59,94.764562,0.322086170895,-132.029772,-37.265210,-18.839841
1048576,1048640,2097280,0.106,222311,32,80,13108,21,60,96.399043,0.322086170895,-134.267306,-37.868263,-18.839838
1048576,1048640,2097280,0.106,222311,32,80,13108,21,61,98.033524,0.322086170895,-136.504804,-38.471279,-18.839837
1048576,1048640,2097280,0.106,222311,32,80,13108,21,62,99.668006,0.322086170895,-138.742260,-39.074254,-18.839835
1048576,1048640,2097280,0.106,222311,32,80,13108,21,63,101.302487,0.322086170895,-140.979669,-39.677182,-18.839835
1048576,1048640,2097280,0.106,222311,32,80,13108,21,64,102.936969,0.322086170895,-143.217026,-40.280058,-18.839834
1048576,1048640,2097280,0.106,222311,32,80,13108,21,65,104.571450,0.322086170895,-145.454324,-40.882874,-18.839834
1048576,1048640,2097280,0.106,222311,32,80,13108,21,66,106.205931,0.322086170895,-147.691555,-41.485623,-18.839834
1048576,1048640,2097280,0.106,222311,32,80,13108,21,67,107.840413,0.322086170895,-149.928710,-42.088297,-18.839833
1048576,1048640,2097280,0.106,222311,32,80,13108,21,68,109.474894,0.322086170895,-152.165781,-42.690887,-18.839833
1048576,1048640,2097280,0.106,222311,32,80,13108,21,69,111.109375,0.322086170895,-154.402757,-43.293381,-18.839833
1048576,1048640,2097280,0.106,222311,32,80,13108,21,70,112.743857,0.322086170895,-156.639626,-43.895769,-18.839833
1048576,1048640,2097280,0.106,222311,32,80,13108,21,71,114.378338,0.322086170895,-158.876374,-44.498035,-18.839833
1048576,1048640,2097280,0.106,222311,32,80,13108,21,72,116.012820,0.322086170895,-161.112986,-45.100167,-18.839833
1048576,1048640,2097280,0.106,222311,32,80,13108,21,73,117.647301,0.322086170895,-163.349447,-45.702146,-18.839833
1048576,1048640,2097280,0.106,222311,32,80,13108,21,74,119.281782,0.322086170895,-165.585736,-46.303954,-18.839833
1048576,1048640,2097280,0.106,222311,32,80,13108,21,75,120.916264,0.322086170895,-167.821833,-46.905570,-18.839833
1048576,1048640,2097280,0.106,222311,32,80,13108,21,76,122.550745,0.322086170895,-170.057715,-47.506970,-18.839833
1048576,1048640,2097280,0.106,222311,32,80,13108,21,77,124.185226,0.322086170895,-172.293355,-48.108128,-18.839833
1048576,1048640,2097280,0.106,222311,32,80,13108,21,78,125.819708,0.322086170895,-174.528724,-48.709016,-18.839833
1048576,1048640,2097280,0.106,222311,32,80,13108,21,79,127.454189,0.322086170895,-176.763788,-49.309599,-18.839833
1048576,1048640,2097280,0.106,222311,32,80,13108,21,80,129.088671,0.322086170895,-178.998512,-49.909842,-18.839833
1048576,1048640,2097280,0.106,222311,32,80,13108,21,81,130.723152,0.322086170895,-181.232855,-50.509703,-18.839833
1048576,1048640,2097280,0.106,222311,32,80,13108,21,82,132.357633,0.322086170895,-183.466772,-51.109139,-18.839833
1048576,1048640,2097280,0.106,222311,32,80,13108,21,83,133.992115,0.322086170895,-185.700212,-51.708098,-18.839833
1048576,1048640,2097280,0.106,222311,32,80,13108,21,84,135.626596,0.322086170895,-187.933121,-52.306525,-18.839833
1048576,1048640,2097280,0.106,222311,32,80,13108,21,85,137.261077,0.322086170895,-190.165436,-52.904358,-18.839833
1048576,1048640,2097280,0.106,222311,32,80,13108,21,86,138.895559,0.322086170895,-192.397090,-53.501531,-18.839833
1048576,1048640,2097280,0.106,222311,32,80,13108,21,87,140.530040,0.322086170895,-194.628006,-54.097966,-18.839833
1048576,1048640,2097280,0.106,222311,32,80,13108,21,88,142.164522,0.322086170895,-196.858104,-54.693583,-18.839833
1048576,1048640,2097280,0.106,222311,32,80,13108,21,89,143.799003,0.322086170895,-199.087293,-55.288290,-18.839833
1048576,1048640,2097280,0.106,222311,32,80,13108,21,90,145.433484,0.322086170895,-201.315473,-55.881989,-18.839833
1048576,1048640,2097280,0.106,222311,32,80,13108,21,91,147.067966,0.322086170895,-203.542536,-56.474570,-18.839833
1048576,1048640,2097280,0.106,222311,32,80,13108,21,92,148.702447,0.322086170895,-205.768365,-57.065918,-18.839833
1048576,1048640,2097280,0.106,222311,32,80,13108,21,93,150.336928,0.322086170895,-207.992832,-57.655903,-18.839833
1048576,1048640,2097280,0.106,222311,32,80,13108,21,94,151.971410,0.322086170895,-210.215800,-58.244391,-18.839833
1048576,1048640,2097280,0.106,222311,32,80,13108,21,95,153.605891,0.322086170895,-212.437121,-58.831230,-18.839833
1048576,1048640,2097280,0.106,222311,32,80,13108,21,96,155.240373,0.322086170895,-214.656639,-59.416266,-18.839833
1048576,1048640,2097280,0.106,222311,32,80,13108,21,97,156.874854,0.322086170895,-216.874183,-59.999329,-18.839833
1048576,1048640,2097280,0.106,222311,32,80,13108,21,98,158.509335,0.322086170895,-219.089579,-60.580243,-18.839833
1048576,1048640,2097280,0.106,222311,32,80,13108,21,99,160.143817,0.322086170895,-221.302639,-61.158823,-18.839833
1048576,1048640,2097280,0.106,222311,32,80,13108,21,100,161.778298,0.322086170895,-223.513174,-61.734876,-18.839833
1048576,1048640,2097280,0.106,222311,32,80,13108,21,101,163.412780,0.322086170895,-225.720982,-62.308202,-18.839833
1048576,1048640,2097280,0.106,222311,32,80,13108,21,102,165.047261,0.322086170895,-227.925862,-62.878602,-18.839833
1048576,1048640,2097280,0.106,222311,32,80,13108,21,103,166.681742,0.322086170895,-230.127608,-63.445866,-18.839833
1048576,1048640,2097280,0.106,222311,32,80,13108,21,104,168.316224,0.322086170895,-232.326017,-64.009794,-18.839833
1048576,1048640,2097280,0.106,222311,32,80,13108,21,105,169.950705,0.322086170895,-234.520892,-64.570187,-18.839833
1048576,1048640,2097280,0.106,222311,32,80,13108,21,106,171.585186,0.322086170895,-236.712034,-65.126848,-18.839833
1048576,1048640,2097280,0.106,222311,32,80,13108,21,107,173.219668,0.322086170895,-238.899265,-65.679597,-18.839833
1048576,1048640,2097280,0.106,222311,32,80,13108,21,108,174.854149,0.322086170895,-241.082416,-66.228267,-18.839833
1048576,1048640,2097280,0.106,222311,32,80,13108,21,109,176.488631,0.322086170895,-243.261334,-66.772704,-18.839833
1048576,1048640,2097280,0.106,222311,32,80,13108,21,110,178.123112,0.322086170895,-245.435890,-67.312778,-18.839833
1048576,1048640,2097280,0.106,222311,32,80,13108,21,111,179.757593,0.322086170895,-247.605979,-67.848386,-18.839833
1048576,1048640,2097280,0.106,222311,32,80,13108,21,112,181.392075,0.322086170895,-249.771519,-68.379444,-18.839833
1048576,1048640,2097280,0.106,222311,32,80,13108,21,113,183.026556,0.322086170895,-251.932459,-68.905903,-18.839833
1048576,1048640,2097280,0.106,222311,32,80,13108,21,114,184.661037,0.322086170895,-254.088781,-69.427743,-18.839833
1048576,1048640,2097280,0.106,222311,32,80,13108,21,115,186.295519,0.322086170895,-256.240489,-69.944970,-18.839833
1048576,1048640,2097280,0.106,222311,32,80,13108,21,116,187.930000,0.322086170895,-258.387626,-70.457626,-18.839833
1048576,1048640,2097280,0.106,222311,32,80,13108,21,117,189.564482,0.322086170895,-260.530262,-70.965781,-18.839833
1048576,1048640,2097280,0.106,222311,32,80,13108,21,118,191.198963,0.322086170895,-262.668490,-71.469528,-18.839833
1048576,1048640,2097280,0.106,222311,32,80,13108,21,119,192.833444,0.322086170895,-264.802434,-71.968990,-18.839833
1048576,1048640,2097280,0.106,222311,32,80,13108,21,120,194.467926,0.322086170895,-266.932240,-72.464314,-18.839833
1048576,1048640,2097280,0.106,222311,32,80,13108,21,121,196.102407,0.322086170895,-269.058068,-72.955661,-18.839833
1048576,1048640,2097280,0.106,222311,32,80,13108,21,122,197.736888,0.322086170895,-271.180098,-73.443210,-18.839833
1048576,1048640,2097280,0.106,222311,32,80,13108,21,123,199.371370,0.322086170895,-273.298525,-73.927155,-18.839833
1048576,1048640,2097280,0.106,222311,32,80,13108,21,124,201.005851,0.322086170895,-275.413544,-74.407693,-18.839833
1048576,1048640,2097280,0.106,222311,32,80,13108,21,125,202.640333,0.322086170895,-277.525364,-74.885031,-18.839833
1048576,1048640,2097280,0.106,222311,32,80,13108,21,126,204.274814,0.322086170895,-279.634192,-75.359379,-18.839833
1048576,1048640,2097280,0.106,222311,32,80,13108,21,127,205.909295,0.322086170895,-281.740235,-75.830939,-18.839833
1048576,1048640,2097280,0.106,222311,32,80,13108,21,128,207.543777,0.322086170895,-283.843696,-76.299919,-18.839833
1048576,1048640,2097280,0.106,222311,32,80,13108,21,129,209.178258,0.322086170895,-285.944776,-76.766518,-18.839833
1048576,1048640,2097280,0.106,222311,32,80,13108,21,130,210.812739,0.322086170895,-288.043665,-77.230925,-18.839833
1048576,1048640,2097280,0.106,222311,32,80,13108,21,131,212.447221,0.322086170895,-290.140548,-77.693328,-18.839833
1048576,1048640,2097280,0.106,222311,32,80,13108,21,132,214.081702,0.322086170895,-292.235603,-78.153900,-18.839833
1048576,1048640,2097280,0.106,222311,32,80,13108,21,133,215.716184,0.322086170895,-294.328991,-78.612807,-18.839833
1048576,1048640,2097280,0.106,222311,32,80,13108,21,134,217.350665,0.322086170895,-296.420869,-79.070205,-18.839833
1048576,1048640,2097280,0.106,222311,32,80,13108,21,135,218.985146,0.322086170895,-298.511384,-79.526238,-18.839833
1048576,1048640,2097280,0.106,222311,32,80,13108,21,136,220.619628,0.322086170895,-300.600669,-79.981041,-18.839833
1048576,1048640,2097280,0.106,222311,32,80,13108,21,137,222.254109,0.322086170895,-302.688848,-80.434739,-18.839833
1048576,1048640,2097280,0.106,222311,32,80,13108,21,138,223.888590,0.322086170895,-304.776039,-80.887448,-18.839833
1048576,1048640,2097280,0.106,222311,32,80,13108,21,139,225.523072,0.322086170895,-306.862344,-81.339272,-18.839833
1048576,1048640,2097280,0.106,222311,32,80,13108,21,140,227.157553,0.322086170895,-308.947862,-81.790309,-18.839833
1048576,1048640,2097280,0.106,222311,32,80,13108,21,141,228.792035,0.322086170895,-311.032682,-82.240647,-18.839833
1048576,1048640,2097280,0.106,222311,32,80,13108,21,142,230.426516,0.322086170895,-313.116882,-82.690366,-18.839833
1048576,1048640,2097280,0.106,222311,32,80,13108,21,143,232.060997,0.322086170895,-315.200536,-83.139539,-18.839833
1048576,1048640,2097280,0.106,222311,32,80,13108,21,144,233.695479,0.322086170895,-317.283711,-83.588232,-18.839833
1048576,1048640,2097280,0.106,222311,32,80,13108,21,145,235.329960,0.322086170895,-319.366466,-84.036506,-18.839833
1048576,1048640,2097280,0.106,222311,32,80,13108,21,146,236.964441,0.322086170895,-321.448856,-84.484415,-18.839833
1048576,1048640,2097280,0.106,222311,32,80,13108,21,147,238.598923,0.322086170895,-323.530929,-84.932006,-18.839833
1048576,1048640,2097280,0.106,222311,32,80,13108,21,148,240.233404,0.322086170895,-325.612729,-85.379325,-18.839833
1048576,1048640,2097280,0.106,222311,32,80,13108,21,149,241.867886,0.322086170895,-327.694296,-85.826410,-18.839833
1048576,1048640,2097280,0.106,222311,32,80,13108,21,150,243.502367,0.322086170895,-329.775665,-86.273298,-18.839833
1048576,1048640,2097280,0.106,222311,32,80,13108,21,151,245.136848,0.322086170895,-331.856868,-86.720020,-18.839833
1048576,1048640,2097280,0.106,222311,32,80,13108,21,152,246.771330,0.322086170895,-333.937933,-87.166603,-18.839833
1048576,1048640,2097280,0.106,222311,32,80,13108,21,153,248.405811,0.322086170895,-336.018886,-87.613075,-18.839833
1048576,1048640,2097280,0.106,222311,32,80,13108,21,154,250.040292,0.322086170895,-338.099750,-88.059458,-18.839833
1048576,1048640,2097280,0.106,222311,32,80,13108,21,155,251.674774,0.322086170895,-340.180545,-88.505771,-18.839833
1048576,1048640,2097280,0.106,222311,32,80,13108,21,156,253.309255,0.322086170895,-342.261288,-88.952033,-18.839833
1048576,1048640,2097280,0.106,222311,32,80,13108,21,157,254.943737,0.322086170895,-344.341998,-89.398261,-18.839833
1048576,1048640,2097280,0.106,222311,32,80,13108,21,158,256.578218,0.322086170895,-346.422686,-89.844468,-18.839833
1048576,1048640,2097280,0.106,222311,32,80,13108,21,159,258.212699,0.322086170895,-348.503367,-90.290668,-18.839833
1048576,1048640,2097280,0.106,222311,32,80,13108,21,160,259.847181,0.322086170895,-350.584052,-90.736871,-18.839833
1048576,1048640,2097280,0.106,222311,32,80,13108,22,1,-inf,,-2.237846,-inf,-inf
1048576,1048640,2097280,0.106,222311,32,80,13108,22,2,-inf,,-4.475692,-inf,-inf
1048576,1048640,2097280,0.106,222311,32,80,13108,22,3,-inf,,-6.713537,-inf,-inf
1048576,1048640,2097280,0.106,222311,32,80,13108,22,4,-inf,,-8.951381,-inf,-inf
1048576,1048640,2097280,0.106,222311,32,80,13108,22,5,-inf,,-11.189224,-inf,-inf
1048576,1048640,2097280,0.106,222311,32,80,13108,22,6,-inf,,-13.427067,-inf,-inf
1048576,1048640,2097280,0.106,222311,32,80,13108,22,7,-inf,,-15.664909,-inf,-inf
1048576,1048640,2097280,0.106,222311,32,80,13108,22,8,-inf,,-17.902750,-inf,-inf
1048576,1048640,2097280,0.106,222311,32,80,13108,22,9,-inf,,-20.140591,-inf,-inf
1048576,1048640,2097280,0.106,222311,32,80,13108,22,10,-inf,,-22.378431,-inf,-inf
1048576,1048640,2097280,0.106,222311,32,80,13108,22,11,-inf,,-24.616270,-inf,-inf
1048576,1048640,2097280,0.106,222311,32,80,13108,22,12,-inf,,-26.854108,-inf,-inf
1048576,1048640,2097280,0.106,222311,32,80,13108,22,13,-inf,,-29.091945,-inf,-inf
1048576,1048640,2097280,0.106,222311,32,80,13108,22,14,-inf,,-31.329782,-inf,-inf
1048576,1048640,2097280,0.106,222311,32,80,13108,22,15,-inf,,-33.567618,-inf,-inf
1048576,1048640,2097280,0.106,222311,32,80,13108,22,16,-inf,,-35.805453,-inf,-inf
1048576,1048640,2097280,0.106,222311,32,80,13108,22,17,-inf,,-38.043288,-inf,-inf
1048576,1048640,2097280,0.106,222311,32,80,13108,22,18,-inf,,-40.281121,-inf,-inf
1048576,1048640,2097280,0.106,222311,32,80,13108,22,19,-inf,,-42.518954,-inf,-inf
1048576,1048640,2097280,0.106,222311,32,80,13108,22,20,-inf,,-44.756786,-inf,-inf
1048576,1048640,2097280,0.106,222311,32,80,13108,22,21,-inf,,-46.994617,-inf,-inf
1048576,1048640,2097280,0.106,222311,32,80,13108,22,22,25.022844,0.156725588185,-49.232447,-24.209604,-24.209604
1048576,1048640,2097280,0.106,222311,32,80,13108,22,23,27.696531,0.156725588185,-51.470276,-23.773745,-22.975277
1048576,1048640,2097280,0.106,222311,32,80,13108,22,24,30.370218,0.156725588185,-53.708104,-23.337886,-22.145219
1048576,1048640,2097280,0.106,222311,32,80,13108,22,25,33.043906,0.156725588185,-55.945932,-22.902026,-21.474556
1048576,1048640,2097280,0.106,222311,32,80,13108,22,26,35.717593,0.156725588185,-58.183758,-22.466165,-20.886791
1048576,1048640,2097280,0.106,222311,32,80,13108,22,27,38.215942,0.192539805332,-60.421583,-22.205641,-20.400484
1048576,1048640,2097280,0.106,222311,32,80,13108,22,28,40.592713,0.192539805332,-62.659406,-22.066693,-20.005333
1048576,1048640,2097280,0.106,222311,32,80,13108,22,29,42.828754,0.21340807009,-64.897229,-22.068474,-19.695814
1048576,1048640,2097280,0.106,222311,32,80,13108,22,30,45.039742,0.236538124161,-67.135050,-22.095308,-19.445421
1048576,1048640,2097280,0.106,222311,32,80,13108,22,31,47.119597,0.236538124161,-69.372869,-22.253272,-19.252838
1048576,1048640,2097280,0.106,222311,32,80,13108,22,32,49.199453,0.236538124161,-71.610687,-22.411235,-19.099678
1048576,1048640,2097280,0.106,222311,32,80,13108,22,33,51.147979,0.262175109676,-73.848504,-22.700524,-18.985416
1048576,1048640,2097280,0.106,222311,32,80,13108,22,34,53.079377,0.262175109676,-76.086318,-23.006941,-18.899211
1048576,1048640,2097280,0.106,222311,32,80,13108,22,35,54.967505,0.290590738289,-78.324131,-23.356626,-18.834993
1048576,1048640,2097280,0.106,222311,32,80,13108,22,36,56.750444,0.290590738289,-80.561941,-23.811497,-18.789881
1048576,1048640,2097280,0.106,222311,32,80,13108,22,37,58.533384,0.290590738289,-82.799749,-24.266365,-18.757836
1048576,1048640,2097280,0.106,222311,32,80,13108,22,38,60.316323,0.290590738289,-85.037554,-24.721231,-18.734898
1048576,1048640,2097280,0.106,222311,32,80,13108,22,39,62.074642,0.322086170895,-87.275356,-25.200714,-18.718668
1048576,1048640,2097280,0.106,222311,32,80,13108,22,40,63.709124,0.322086170895,-89.513155,-25.804032,-18.708083
1048576,1048640,2097280,0.106,222311,32,80,13108,22,41,65.343605,0.322086170895,-91.750951,-26.407346,-18.701158
1048576,1048640,2097280,0.106,222311,32,80,13108,22,42,66.978086,0.322086170895,-93.988742,-27.010656,-18.696618
1048576,1048640,2097280,0.106,222311,32,80,13108,22,43,68.612568,0.322086170895,-96.226529,-27.613961,-18.693637
1048576,1048640,2097280,0.106,222311,32,80,13108,22,44,70.247049,0.322086170895,-98.464311,-28.217262,-18.691678
1048576,1048640,2097280,0.106,222311,32,80,13108,22,45,71.881531,0.322086170895,-100.702087,-28.820557,-18.690391
1048576,1048640,2097280,0.106,222311,32,80,13108,22,46,73.516012,0.322086170895,-102.939857,-29.423845,-18.689543
1048576,1048640,2097280,0.106,222311,32,80,13108,22,47,75.150493,0.322086170895,-105.177620,-30.027127,-18.688986
1048576,1048640,2097280,0.106,222311,32,80,13108,22,48,76.784975,0.322086170895,-107.415376,-30.630401,-18.688619
1048576,1048640,2097280,0.106,222311,32,80,13108,22,49,78.419456,0.322086170895,-109.653122,-31.233666,-18.688378
1048576,1048640,2097280,0.106,222311,32,80,13108,22,50,80.053937,0.322086170895,-111.890859,-31.836921,-18.688219
1048576,1048640,2097280,0.106,222311,32,80,13108,22,51,81.688419,0.322086170895,-114.128584,-32.440165,-18.688114
1048576,1048640,2097280,0.106,222311,32,80,13108,22,52,83.322900,0.322086170895,-116.366297,-33.043397,-18.688046
1048576,1048640,2097280,0.106,222311,32,80,13108,22,53,84.957382,0.322086170895,-118.603995,-33.646614,-18.688000
1048576,1048640,2097280,0.106,222311,32,80,13108,22,54,86.591863,0.322086170895,-120.841678,-34.249815,-18.687970
1048576,1048640,2097280,0.106,222311,32,80,13108,22,55,88.226344,0.322086170895,-123.079343,-34.852998,-18.687951
1048576,1048640,2097280,0.106,222311,32,80,13108,22,56,89.860826,0.322086170895,-125.316987,-35.456162,-18.687938
1048576,1048640,2097280,0.106,222311,32,80,13108,22,57,91.495307,0.322086170895,-127.554609,-36.059302,-18.687929
1048576,1048640,2097280,0.106,222311,32,80,13108,22,58,93.129788,0.322086170895,-129.792205,-36.662417,-18.687924
1048576,1048640,2097280,0.106,222311,32,80,13108,22,59,94.764270,0.322086170895,-132.029772,-37.265502,-18.687920
1048576,1048640,2097280,0.106,222311,32,80,13108,22,60,96.398751,0.322086170895,-134.267306,-37.868555,-18.687918
1048576,1048640,2097280,0.106,222311,32,80,13108,22,61,98.033233,0.322086170895,-136.504804,-38.471571,-18.687916
1048576,1048640,2097280,0.106,222311,32,80,13108,22,62,99.667714,0.322086170895,-138.742260,-39.074546,-18.687915
1048576,1048640,2097280,0.106,222311,32,80,13108,22,63,101.302195,0.322086170895,-140.979669,-39.677474,-18.687914
1048576,1048640,2097280,0.106,222311,32,80,13108,22,64,102.936677,0.322086170895,-143.217026,-40.280350,-18.687914
1048576,1048640,2097280,0.106,222311,32,80,13108,22,65,104.571158,0.322086170895,-145.454324,-40.883166,-18.687914
1048576,1048640,2097280,0.106,222311,32,80,13108,22,66,106.205639,0.322086170895,-147.691555,-41.485915,-18.687913
1048576,1048640,2097280,0.106,222311,32,80,13108,22,67,107.840121,0.322086170895,-149.928710,-42.088589,-18.687913
1048576,1048640,2097280,0.106,222311,32,80,13108,22,68,109.474602,0.322086170895,-152.165781,-42.691179,-18.687913
1048576,1048640,2097280,0.106,222311,32,80,13108,22,69,111.109084,0.322086170895,-154.402757,-43.293673,-18.687913
1048576,1048640,2097280,0.106,222311,32,80,13108,22,70,112.743565,0.322086170895,-156.639626,-43.896061,-18.687913
1048576,1048640,2097280,0.106,222311,32,80,13108,22,71,114.378046,0.322086170895,-158.876374,-44.498327,-18.687913
1048576,1048640,2097280,0.106,222311,32,80,13108,22,72,116.012528,0.322086170895,-161.112986,-45.100459,-18.687913
1048576,1048640,2097280,0.106,222311,32,80,13108,22,73,117.647009,0.322086170895,-163.349447,-45.702438,-18.687913
1048576,1048640,2097280,0.106,222311,32,80,13108,22,74,119.281490,0.322086170895,-165.585736,-46.304246,-18.687913
1048576,1048640,2097280,0.106,222311,32,80,13108,22,75,120.915972,0.322086170895,-167.821833,-46.905861,-18.687913
1048576,1048640,2097280,0.106,222311,32,80,13108,22,76,122.550453,0.322086170895,-170.057715,-47.507262,-18.687913
1048576,1048640,2097280,0.106,222311,32,80,13108,22,77,124.184935,0.322086170895,-172.293355,-48.108420,-18.687913
1048576,1048640,2097280,0.106,222311,32,80,13108,22,78,125.819416,0.322086170895,-174.528724,-48.709308,-18.687913
1048576,1048640,2097280,0.106,222311,32,80,13108,22,79,127.453897,0.322086170895,-176.763788,-49.309891,-18.687913
1048576,1048640,2097280,0.106,222311,32,80,13108,22,80,129.088379,0.322086170895,-178.998512,-49.910134,-18.687913
1048576,1048640,2097280,0.106,222311,32,80,13108,22,81,130.722860,0.322086170895,-181.232855,-50.509995,-18.687913
1048576,1048640,2097280,0.106,222311,32,80,13108,22,82,132.357341,0.322086170895,-183.466772,-51.109431,-18.687913
1048576,1048640,2097280,0.106,222311,32,80,13108,22,83,133.991823,0.322086170895,-185.700212,-51.708390,-18.687913
1048576,1048640,2097280,0.106,222311,32,80,13108,22,84,135.626304,0.322086170895,-187.933121,-52.306817,-18.687913
1048576,1048640,2097280,0.106,222311,32,80,13108,22,85,137.260786,0.322086170895,-190.165436,-52.904650,-18.687913
1048576,1048640,2097280,0.106,222311,32,80,13108,22,86,138.895267,0.322086170895,-192.397090,-53.501823,-18.687913
1048576,1048640,2097280,0.106,222311,32,80,13108,22,87,140.529748,0.322086170895,-194.628006,-54.098258,-18.687913
1048576,1048640,2097280,0.106,222311,32,80,13108,22,88,142.164230,0.322086170895,-196.858104,-54.693875,-18.687913
1048576,1048640,2097280,0.106,222311,32,80,13108,22,89,143.798711,0.322086170895,-199.087293,-55.288582,-18.687913
1048576,1048640,2097280,0.106,222311,32,80,13108,22,90,145.433192,0.322086170895,-201.315473,-55.882280,-18.687913
1048576,1048640,2097280,0.106,222311,32,80,13108,22,91,147.067674,0.322086170895,-203.542536,-56.474862,-18.687913
1048576,1048640,2097280,0.106,222311,32,80,13108,22,92,148.702155,0.322086170895,-205.768365,-57.066210,-18.687913
1048576,1048640,2097280,0.106,222311,32,80,13108,22,93,150.336637,0.322086170895,-207.992832,-57.656195,-18.687913
1048576,1048640,2097280,0.106,222311,32,80,13108,22,94,151.971118,0.322086170895,-210.215800,-58.244682,-18.687913
1048576,1048640,2097280,0.106,222311,32,80,13108,22,95,153.605599,0.322086170895,-212.437121,-58.831522,-18.687913
1048576,1048640,2097280,0.106,222311,32,80,13108,22,96,155.240081,0.322086170895,-214.656639,-59.416558,-18.687913
1048576,1048640,2097280,0.106,222311,32,80,13108,22,97,156.874562,0.322086170895,-216.874183,-59.999621,-18.687913
1048576,1048640,2097280,0.106,222311,32,80,13108,22,98,158.509043,0.322086170895,-219.089579,-60.580535,-18.687913
1048576,1048640,2097280,0.106,222311,32,80,13108,22,99,160.143525,0.322086170895,-221.302639,-61.159115,-18.687913
1048576,1048640,2097280,0.106,222311,32,80,13108,22,100,161.778006,0.322086170895,-223.513174,-61.735168,-18.687913
1048576,1048640,2097280,0.106,222311,32,80,13108,22,101,163.412488,0.322086170895,-225.720982,-62.308494,-18.687913
1048576,1048640,2097280,0.106,222311,32,80,13108,22,102,165.046969,0.322086170895,-227.925862,-62.878893,-18.687913
1048576,1048640,2097280,0.106,222311,32,80,13108,22,103,166.681450,0.322086170895,-230.127608,-63.446158,-18.687913
1048576,1048640,2097280,0.106,222311,32,80,13108,22,104,168.315932,0.322086170895,-232.326017,-64.010086,-18.687913
1048576,1048640,2097280,0.106,222311,32,80,13108,22,105,169.950413,0.322086170895,-234.520892,-64.570479,-18.687913
1048576,1048640,2097280,0.106,222311,32,80,13108,22,106,171.584894,0.322086170895,-236.712034,-65.127140,-18.687913
1048576,1048640,2097280,0.106,222311,32,80,13108,22,107,173.219376,0.322086170895,-238.899265,-65.679889,-18.687913
1048576,1048640,2097280,0.106,222311,32,80,13108,22,108,174.853857,0.322086170895,-241.082416,-66.228559,-18.687913
1048576,1048640,2097280,0.106,222311,32,80,13108,22,109,176.488339,0.322086170895,-243.261334,-66.772996,-18.687913
1048576,1048640,2097280,0.106,222311,32,80,13108,22,110,178.122820,0.322086170895,-245.435890,-67.313070,-18.687913
1048576,1048640,2097280,0.106,222311,32,80,13108,22,111,179.757301,0.322086170895,-247.605979,-67.848678,-18.687913
1048576,1048640,2097280,0.106,222311,32,80,13108,22,112,181.391783,0.322086170895,-249.771519,-68.379736,-18.687913
1048576,1048640,2097280,0.106,222311,32,80,13108,22,113,183.026264,0.322086170895,-251.932459,-68.906195,-18.687913
1048576,1048640,2097280,0.106,222311,32,80,13108,22,114,184.660745,0.322086170895,-254.088781,-69.428035,-18.687913
1048576,1048640,2097280,0.106,222311,32,80,13108,22,115,186.295227,0.322086170895,-256.240489,-69.945262,-18.687913
1048576,1048640,2097280,0.106,222311,32,80,13108,22,116,187.929708,0.322086170895,-258.387626,-70.457918,-18.687913
1048576,1048640,2097280,0.106,222311,32,80,13108,22,117,189.564190,0.322086170895,-260.530262,-70.966073,-18.687913
1048576,1048640,2097280,0.106,222311,32,80,13108,22,118,191.198671,0.322086170895,-262.668490,-71.469819,-18.687913
1048576,1048640,2097280,0.106,222311,32,80,13108,22,119,192.833152,0.322086170895,-264.802434,-71.969282,-18.687913
1048576,1048640,2097280,0.106,222311,32,80,13108,22,120,194.467634,0.322086170895,-266.932240,-72.464606,-18.687913
1048576,1048640,2097280,0.106,222311,32,80,13108,22,121,196.102115,0.322086170895,-269.058068,-72.955953,-18.687913
1048576,1048640,2097280,0.106,222311,32,80,13108,22,122,197.736597,0.322086170895,-271.180098,-73.443502,-18.687913
1048576,1048640,2097280,0.106,222311,32,80,13108,22,123,199.371078,0.322086170895,-273.298525,-73.927447,-18.687913
1048576,1048640,2097280,0.106,222311,32,80,13108,22,124,201.005559,0.322086170895,-275.413544,-74.407985,-18.687913
1048576,1048640,2097280,0.106,222311,32,80,13108,22,125,202.640041,0.322086170895,-277.525364,-74.885323,-18.687913
1048576,1048640,2097280,0.106,222311,32,80,13108,22,126,204.274522,0.322086170895,-279.634192,-75.359670,-18.687913
1048576,1048640,2097280,0.106,222311,32,80,13108,22,127,205.909003,0.322086170895,-281.740235,-75.831231,-18.687913
1048576,1048640,2097280,0.106,222311,32,80,13108,22,128,207.543485,0.322086170895,-283.843696,-76.300211,-18.687913
1048576,1048640,2097280,0.106,222311,32,80,13108,22,129,209.177966,0.322086170895,-285.944776,-76.766810,-18.687913
1048576,1048640,2097280,0.106,222311,32,80,13108,22,130,210.812448,0.322086170895,-288.043665,-77.231217,-18.687913
1048576,1048640,2097280,0.106,222311,32,80,13108,22,131,212.446929,0.322086170895,-290.140548,-77.693620,-18.687913
1048576,1048640,2097280,0.106,222311,32,80,13108,22,132,214.081410,0.322086170895,-292.235603,-78.154192,-18.687913
1048576,1048640,2097280,0.106,222311,32,80,13108,22,133,215.715892,0.322086170895,-294.328991,-78.613099,-18.687913
1048576,1048640,2097280,0.106,222311,32,80,13108,22,134,217.350373,0.322086170895,-296.420869,-79.070496,-18.687913
1048576,1048640,2097280,0.106,222311,32,80,13108,22,135,218.984854,0.322086170895,-298.511384,-79.526530,-18.687913
1048576,1048640,2097280,0.106,222311,32,80,13108,22,136,220.619336,0.322086170895,-300.600669,-79.981333,-18.687913
1048576,1048640,2097280,0.106,222311,32,80,13108,22,137,222.253817,0.322086170895,-302.688848,-80.435031,-18.687913
1048576,1048640,2097280,0.106,222311,32,80,13108,22,138,223.888299,0.322086170895,-304.776039,-80.887740,-18.687913
1048576,1048640,2097280,0.106,222311,32,80,13108,22,139,225.522780,0.322086170895,-306.862344,-81.339564,-18.687913
1048576,1048640,2097280,0.106,222311,32,80,13108,22,140,227.157261,0.322086170895,-308.947862,-81.790601,-18.687913
1048576,1048640,2097280,0.106,222311,32,80,13108,22,141,228.791743,0.322086170895,-311.032682,-82.240939,-18.687913
1048576,1048640,2097280,0.106,222311,32,80,13108,22,142,230.426224,0.322086170895,-313.116882,-82.690658,-18.687913
1048576,1048640,2097280,0.106,222311,32,80,13108,22,143,232.060705,0.322086170895,-315.200536,-83.139831,-18.687913
1048576,1048640,2097280,0.106,222311,32,80,13108,22,144,233.695187,0.322086170895,-317.283711,-83.588524,-18.687913
1048576,1048640,2097280,0.106,222311,32,80,13108,22,145,235.329668,0.322086170895,-319.366466,-84.036798,-18.687913
1048576,1048640,2097280,0.106,222311,32,80,13108,22,146,236.964150,0.322086170895,-321.448856,-84.484706,-18.687913
1048576,1048640,2097280,0.106,222311,32,80,13108,22,147,238.598631,0.322086170895,-323.530929,-84.932298,-18.687913
1048576,1048640,2097280,0.106,222311,32,80,13108,22,148,240.233112,0.322086170895,-325.612729,-85.379617,-18.687913
1048576,1048640,2097280,0.106,222311,32,80,13108,22,149,241.867594,0.322086170895,-327.694296,-85.826702,-18.687913
1048576,1048640,2097280,0.106,222311,32,80,13108,22,150,243.502075,0.322086170895,-329.775665,-86.273590,-18.687913
1048576,1048640,2097280,0.106,222311,32,80,13108,22,151,245.136556,0.322086170895,-331.856868,-86.720312,-18.687913
1048576,1048640,2097280,0.106,222311,32,80,13108,22,152,246.771038,0.322086170895,-333.937933,-87.166895,-18.687913
1048576,1048640,2097280,0.106,222311,32,80,13108,22,153,248.405519,0.322086170895,-336.018886,-87.613367,-18.687913
1048576,1048640,2097280,0.106,222311,32,80,13108,22,154,250.040001,0.322086170895,-338.099750,-88.059750,-18.687913
1048576,1048640,2097280,0.106,222311,32,80,13108,22,155,251.674482,0.322086170895,-340.180545,-88.506063,-18.687913
1048576,1048640,2097280,0.106,222311,32,80,13108,22,156,253.308963,0.322086170895,-342.261288,-88.952325,-18.687913
1048576,1048640,2097280,0.106,222311,32,80,13108,22,157,254.943445,0.322086170895,-344.341998,-89.398553,-18.687913
1048576,1048640,2097280,0.106,222311,32,80,13108,22,158,256.577926,0.322086170895,-346.422686,-89.844760,-18.687913
1048576,1048640,2097280,0.106,222311,32,80,13108,22,159,258.212407,0.322086170895,-348.503367,-90.290960,-18.687913
1048576,1048640,2097280,0.106,222311,32,80,13108,22,160,259.846889,0.322086170895,-350.584052,-90.737163,-18.687913
1048576,1048640,2097280,0.106,222311,32,80,13108,23,1,-inf,,-2.237846,-inf,-inf
1048576,1048640,2097280,0.106,222311,32,80,13108,23,2,-inf,,-4.475692,-inf,-inf
1048576,1048640,2097280,0.106,222311,32,80,13108,23,3,-inf,,-6.713537,-inf,-inf
1048576,1048640,2097280,0.106,222311,32,80,13108,23,4,-inf,,-8.951381,-inf,-inf
1048576,1048640,2097280,0.106,222311,32,80,13108,23,5,-inf,,-11.189224,-inf,-inf
1048576,1048640,2097280,0.106,222311,32,80,13108,23,6,-inf,,-13.427067,-inf,-inf
1048576,1048640,2097280,0.106,222311,32,80,13108,23,7,-inf,,-15.664909,-inf,-inf
1048576,1048640,2097280,0.106,222311,32,80,13108,23,8,-inf,,-17.902750,-inf,-inf
1048576,1048640,2097280,0.106,222311,32,80,13108,23,9,-inf,,-20.140591,-inf,-inf
1048576,1048640,2097280,0.106,222311,32,80,13108,23,10,-inf,,-22.378431,-inf,-inf
1048576,1048640,2097280,0.106,222311,32,80,13108,23,11,-inf,,-24.616270,-inf,-inf
1048576,1048640,2097280,0.106,222311,32,80,13108,23,12,-inf,,-26.854108,-inf,-inf
1048576,1048640,2097280,0.106,222311,32,80,13108,23,13,-inf,,-29.091945,-inf,-inf
1048576,1048640,2097280,0.106,222311,32,80,13108,23,14,-inf,,-31.329782,-inf,-inf
1048576,1048640,2097280,0.106,222311,32,80,13108,23,15,-inf,,-33.567618,-inf,-inf
1048576,1048640,2097280,0.106,222311,32,80,13108,23,16,-inf,,-35.805453,-inf,-inf
1048576,1048640,2097280,0.106,222311,32,80,13108,23,17,-inf,,-38.043288,-inf,-inf
1048576,1048640,2097280,0.106,222311,32,80,13108,23,18,-inf,,-40.281121,-inf,-inf
1048576,1048640,2097280,0.106,222311,32,80,13108,23,19,-inf,,-42.518954,-inf,-inf
1048576,1048640,2097280,0.106,222311,32,80,13108,23,20,-inf,,-44.756786,-inf,-inf
1048576,1048640,2097280,0.106,222311,32,80,13108,23,21,-inf,,-46.994617,-inf,-inf
1048576,1048640,2097280,0.106,222311,32,80,13108,23,22,-inf,,-49.232447,-inf,-inf
1048576,1048640,2097280,0.106,222311,32,80,13108,23,23,27.420897,0.156725588185,-51.470276,-24.049380,-24.049380
1048576,1048640,2097280,0.106,222311,32,80,13108,23,24,30.094584,0.156725588185,-53.708104,-23.613521,-22.815052
1048576,1048640,2097280,0.106,222311,32,80,13108,23,25,32.768271,0.156725588185,-55.945932,-23.177660,-21.984994
1048576,1048640,2097280,0.106,222311,32,80,13108,23,26,35.441959,0.156725588185,-58.183758,-22.741799,-21.314330
1048576,1048640,2097280,0.106,222311,32,80,13108,23,27,38.078521,0.173712159159,-60.421583,-22.343061,-20.738881
1048576,1048640,2097280,0.106,222311,32,80,13108,23,28,40.475686,0.192539805332,-62.659406,-22.183721,-20.287517
1048576,1048640,2097280,0.106,222311,32,80,13108,23,29,42.767235,0.21340807009,-64.897229,-22.129993,-19.932678
1048576,1048640,2097280,0.106,222311,32,80,13108,23,30,44.995549,0.21340807009,-67.135050,-22.139501,-19.649810
1048576,1048640,2097280,0.106,222311,32,80,13108,23,31,47.092585,0.236538124161,-69.372869,-22.280285,-19.433832
1048576,1048640,2097280,0.106,222311,32,80,13108,23,32,49.172440,0.236538124161,-71.610687,-22.438247,-19.264397
1048576,1048640,2097280,0.106,222311,32,80,13108,23,33,51.138496,0.262175109676,-73.848504,-22.710007,-19.137709
1048576,1048640,2097280,0.106,222311,32,80,13108,23,34,53.069894,0.262175109676,-76.086318,-23.016424,-19.042823
1048576,1048640,2097280,0.106,222311,32,80,13108,23,35,54.964932,0.290590738289,-78.324131,-23.359198,-18.972169
1048576,1048640,2097280,0.106,222311,32,80,13108,23,36,56.747871,0.290590738289,-80.561941,-23.814069,-18.922720
1048576,1048640,2097280,0.106,222311,32,80,13108,23,37,58.530811,0.290590738289,-82.799749,-24.268938,-18.887684
1048576,1048640,2097280,0.106,222311,32,80,13108,23,38,60.313750,0.290590738289,-85.037554,-24.723804,-18.862648
1048576,1048640,2097280,0.106,222311,32,80,13108,23,39,62.074048,0.322086170895,-87.275356,-25.201308,-18.844932
1048576,1048640,2097280,0.106,222311,32,80,13108,23,40,63.708529,0.322086170895,-89.513155,-25.804626,-18.833388
1048576,1048640,2097280,0.106,222311,32,80,13108,23,41,65.343011,0.322086170895,-91.750951,-26.407940,-18.825839
1048576,1048640,2097280,0.106,222311,32,80,13108,23,42,66.977492,0.322086170895,-93.988742,-27.011250,-18.820892
1048576,1048640,2097280,0.106,222311,32,80,13108,23,43,68.611974,0.322086170895,-96.226529,-27.614555,-18.817644
1048576,1048640,2097280,0.106,222311,32,80,13108,23,44,70.246455,0.322086170895,-98.464311,-28.217856,-18.815511
1048576,1048640,2097280,0.106,222311,32,80,13108,23,45,71.880936,0.322086170895,-100.702087,-28.821151,-18.814108
1048576,1048640,2097280,0.106,222311,32,80,13108,23,46,73.515418,0.322086170895,-102.939857,-29.424440,-18.813186
1048576,1048640,2097280,0.106,222311,32,80,13108,23,47,75.149899,0.322086170895,-105.177620,-30.027721,-18.812579
1048576,1048640,2097280,0.106,222311,32,80,13108,23,48,76.784380,0.322086170895,-107.415376,-30.630995,-18.812179
1048576,1048640,2097280,0.106,222311,32,80,13108,23,49,78.418862,0.322086170895,-109.653122,-31.234260,-18.811916
1048576,1048640,2097280,0.106,222311,32,80,13108,23,50,80.053343,0.322086170895,-111.890859,-31.837515,-18.811743
1048576,1048640,2097280,0.106,222311,32,80,13108,23,51,81.687825,0.322086170895,-114.128584,-32.440759,-18.811629
1048576,1048640,2097280,0.106,222311,32,80,13108,23,52,83.322306,0.322086170895,-116.366297,-33.043991,-18.811554
1048576,1048640,2097280,0.106,222311,32,80,13108,23,53,84.956787,0.322086170895,-118.603995,-33.647208,-18.811505
1048576,1048640,2097280,0.106,222311,32,80,13108,23,54,86.591269,0.322086170895,-120.841678,-34.250409,-18.811473
1048576,1048640,2097280,0.106,222311,32,80,13108,23,55,88.225750,0.322086170895,-123.079343,-34.853593,-18.811451
1048576,1048640,2097280,0.106,222311,32,80,13108,23,56,89.860231,0.322086170895,-125.316987,-35.456756,-18.811437
1048576,1048640,2097280,0.106,222311,32,80,13108,23,57,91.494713,0.322086170895,-127.554609,-36.059896,-18.811428
1048576,1048640,2097280,0.106,222311,32,80,13108,23,58,93.129194,0.322086170895,-129.792205,-36.663011,-18.811422
1048576,1048640,2097280,0.106,222311,32,80,13108,23,59,94.763676,0.322086170895,-132.029772,-37.266096,-18.811418
1048576,1048640,2097280,0.106,222311,32,80,13108,23,60,96.398157,0.322086170895,-134.267306,-37.869149,-18.811415
1048576,1048640,2097280,0.106,222311,32,80,13108,23,61,98.032638,0.322086170895,-136.504804,-38.472166,-18.811413
1048576,1048640,2097280,0.106,222311,32,80,13108,23,62,99.667120,0.322086170895,-138.742260,-39.075140,-18.811412
1048576,1048640,2097280,0.106,222311,32,80,13108,23,63,101.301601,0.322086170895,-140.979669,-39.678068,-18.811412
1048576,1048640,2097280,0.106,222311,32,80,13108,23,64,102.936083,0.322086170895,-143.217026,-40.280944,-18.811411
1048576,1048640,2097280,0.106,222311,32,80,13108,23,65,104.570564,0.322086170895,-145.454324,-40.883760,-18.811411
1048576,1048640,2097280,0.106,222311,32,80,13108,23,66,106.205045,0.322086170895,-147.691555,-41.486509,-18.811410
1048576,1048640,2097280,0.106,222311,32,80,13108,23,67,107.839527,0.322086170895,-149.928710,-42.089184,-18.811410
1048576,1048640,2097280,0.106,222311,32,80,13108,23,68,109.474008,0.322086170895,-152.165781,-42.691773,-18.811410
1048576,1048640,2097280,0.106,222311,32,80,13108,23,69,111.108489,0.322086170895,-154.402757,-43.294267,-18.811410
1048576,1048640,2097280,0.106,222311,32,80,13108,23,70,112.742971,0.322086170895,-156.639626,-43.896655,-18.811410
1048576,1048640,2097280,0.106,222311,32,80,13108,23,71,114.377452,0.322086170895,-158.876374,-44.498921,-18.811410
1048576,1048640,2097280,0.106,222311,32,80,13108,23,72,116.011934,0.322086170895,-161.112986,-45.101053,-18.811410
1048576,1048640,2097280,0.106,222311,32,80,13108,23,73,117.646415,0.322086170895,-163.349447,-45.703032,-18.811410
1048576,1048640,2097280,0.106,222311,32,80,13108,23,74,119.280896,0.322086170895,-165.585736,-46.304840,-18.811410
1048576,1048640,2097280,0.106,222311,32,80,13108,23,75,120.915378,0.322086170895,-167.821833,-46.906456,-18.811410
1048576,1048640,2097280,0.106,222311,32,80,13108,23,76,122.549859,0.322086170895,-170.057715,-47.507856,-18.811410
1048576,1048640,2097280,0.106,222311,32,80,13108,23,77,124.184340,0.322086170895,-172.293355,-48.109014,-18.811410
1048576,1048640,2097280,0.106,222311,32,80,13108,23,78,125.818822,0.322086170895,-174.528724,-48.709902,-18.811410
1048576,1048640,2097280,0.106,222311,32,80,13108,23,79,127.453303,0.322086170895,-176.763788,-49.310485,-18.811410
1048576,1048640,2097280,0.106,222311,32,80,13108,23,80,129.087785,0.322086170895,-178.998512,-49.910728,-18.811410
1048576,1048640,2097280,0.106,222311,32,80,13108,23,81,130.722266,0.322086170895,-181.232855,-50.510589,-18.811410
1048576,1048640,2097280,0.106,222311,32,80,13108,23,82,132.356747,0.322086170895,-183.466772,-51.110025,-18.811410
1048576,1048640,2097280,0.106,222311,32,80,13108,23,83,133.991229,0.322086170895,-185.700212,-51.708984,-18.811410
1048576,1048640,2097280,0.106,222311,32,80,13108,23,84,135.625710,0.322086170895,-187.933121,-52.307411,-18.811410
1048576,1048640,2097280,0.106,222311,32,80,13108,23,85,137.260191,0.322086170895,-190.165436,-52.905244,-18.811410
1048576,1048640,2097280,0.106,222311,32,80,13108,23,86,138.894673,0.322086170895,-192.397090,-53.502417,-18.811410
1048576,1048640,2097280,0.106,222311,32,80,13108,23,87,140.529154,0.322086170895,-194.628006,-54.098852,-18.811410
1048576,1048640,2097280,0.106,222311,32,80,13108,23,88,142.163636,0.322086170895,-196.858104,-54.694469,-18.811410
1048576,1048640,2097280,0.106,222311,32,80,13108,23,89,143.798117,0.322086170895,-199.087293,-55.289176,-18.811410
1048576,1048640,2097280,0.106,222311,32,80,13108,23,90,145.432598,0.322086170895,-201.315473,-55.882875,-18.811410
1048576,1048640,2097280,0.106,222311,32,80,13108,23,91,147.067080,0.322086170895,-203.542536,-56.475456,-18.811410
1048576,1048640,2097280,0.106,222311,32,80,13108,23,92,148.701561,0.322086170895,-205.768365,-57.066804,-18.811410
1048576,1048640,2097280,0.106,222311,32,80,13108,23,93,150.336042,0.322086170895,-207.992832,-57.656789,-18.811410
1048576,1048640,2097280,0.106,222311,32,80,13108,23,94,151.970524,0.322086170895,-210.215800,-58.245277,-18.811410
1048576,1048640,2097280,0.106,222311,32,80,13108,23,95,153.605005,0.322086170895,-212.437121,-58.832116,-18.811410
1048576,1048640,2097280,0.106,222311,32,80,13108,23,96,155.239487,0.322086170895,-214.656639,-59.417152,-18.811410
1048576,1048640,2097280,0.106,222311,32,80,13108,23,97,156.873968,0.322086170895,-216.874183,-60.000215,-18.811410
1048576,1048640,2097280,0.106,222311,32,80,13108,23,98,158.508449,0.322086170895,-219.089579,-60.581130,-18.811410
1048576,1048640,2097280,0.106,222311,32,80,13108,23,99,160.142931,0.322086170895,-221.302639,-61.159709,-18.811410
1048576,1048640,2097280,0.106,222311,32,80,13108,23,100,161.777412,0.322086170895,-223.513174,-61.735762,-18.811410
1048576,1048640,2097280,0.106,222311,32,80,13108,23,101,163.411893,0.322086170895,-225.720982,-62.309088,-18.811410
1048576,1048640,2097280,0.106,222311,32,80,13108,23,102,165.046375,0.322086170895,-227.925862,-62.879488,-18.811410
1048576,1048640,2097280,0.106,222311,32,80,13108,23,103,166.680856,0.322086170895,-230.127608,-63.446752,-18.811410
1048576,1048640,2097280,0.106,222311,32,80,13108,23,104,168.315338,0.322086170895,-232.326017,-64.010680,-18.811410
1048576,1048640,2097280,0.106,222311,32,80,13108,23,105,169.949819,0.322086170895,-234.520892,-64.571073,-18.811410
1048576,1048640,2097280,0.106,222311,32,80,13108,23,106,171.584300,0.322086170895,-236.712034,-65.127734,-18.811410
1048576,1048640,2097280,0.106,222311,32,80,13108,23,107,173.218782,0.322086170895,-238.899265,-65.680483,-18.811410
1048576,1048640,2097280,0.106,222311,32,80,13108,23,108,174.853263,0.322086170895,-241.082416,-66.229153,-18.811410
1048576,1048640,2097280,0.106,222311,32,80,13108,23,109,176.487744,0.322086170895,-243.261334,-66.773590,-18.811410
1048576,1048640,2097280,0.106,222311,32,80,13108,23,110,178.122226,0.322086170895,-245.435890,-67.313664,-18.811410
1048576,1048640,2097280,0.106,222311,32,80,13108,23,111,179.756707,0.322086170895,-247.605979,-67.849272,-18.811410
1048576,1048640,2097280,0.106,222311,32,80,13108,23,112,181.391189,0.322086170895,-249.771519,-68.380330,-18.811410
1048576,1048640,2097280,0.106,222311,32,80,13108,23,113,183.025670,0.322086170895,-251.932459,-68.906789,-18.811410
1048576,1048640,2097280,0.106,222311,32,80,13108,23,114,184.660151,0.322086170895,-254.088781,-69.428629,-18.811410
1048576,1048640,2097280,0.106,222311,32,80,13108,23,115,186.294633,0.322086170895,-256.240489,-69.945856,-18.811410
1048576,1048640,2097280,0.106,222311,32,80,13108,23,116,187.929114,0.322086170895,-258.387626,-70.458512,-18.811410
1048576,1048640,2097280,0.106,222311,32,80,13108,23,117,189.563595,0.322086170895,-260.530262,-70.966667,-18.811410
1048576,1048640,2097280,0.106,222311,32,80,13108,23,118,191.198077,0.322086170895,-262.668490,-71.470414,-18.811410
1048576,1048640,2097280,0.106,222311,32,80,13108,23,119,192.832558,0.322086170895,-264.802434,-71.969876,-18.811410
1048576,1048640,2097280,0.106,222311,32,80,13108,23,120,194.467040,0.322086170895,-266.932240,-72.465200,-18.811410
1048576,1048640,2097280,0.106,222311,32,80,13108,23,121,196.101521,0.322086170895,-269.058068,-72.956547,-18.811410
1048576,1048640,2097280,0.106,222311,32,80,13108,23,122,197.736002,0.322086170895,-271.180098,-73.444096,-18.811410
1048576,1048640,2097280,0.106,222311,32,80,13108,23,123,199.370484,0.322086170895,-273.298525,-73.928041,-18.811410
1048576,1048640,2097280,0.106,222311,32,80,13108,23,124,201.004965,0.322086170895,-275.413544,-74.408579,-18.811410
1048576,1048640,2097280,0.106,222311,32,80,13108,23,125,202.639446,0.322086170895,-277.525364,-74.885917,-18.811410
1048576,1048640,2097280,0.106,222311,32,80,13108,23,126,204.273928,0.322086170895,-279.634192,-75.360265,-18.811410
1048576,1048640,2097280,0.106,222311,32,80,13108,23,127,205.908409,0.322086170895,-281.740235,-75.831825,-18.811410
1048576,1048640,2097280,0.106,222311,32,80,13108,23,128,207.542891,0.322086170895,-283.843696,-76.300805,-18.811410
1048576,1048640,2097280,0.106,222311,32,80,13108,23,129,209.177372,0.322086170895,-285.944776,-76.767404,-18.811410
1048576,1048640,2097280,0.106,222311,32,80,13108,23,130,210.811853,0.322086170895,-288.043665,-77.231812,-18.811410
1048576,1048640,2097280,0.106,222311,32,80,13108,23,131,212.446335,0.322086170895,-290.140548,-77.694214,-18.811410
1048576,1048640,2097280,0.106,222311,32,80,13108,23,132,214.080816,0.322086170895,-292.235603,-78.154786,-18.811410
1048576,1048640,2097280,0.106,222311,32,80,13108,23,133,215.715297,0.322086170895,-294.328991,-78.613693,-18.811410
1048576,1048640,2097280,0.106,222311,32,80,13108,23,134,217.349779,0.322086170895,-296.420869,-79.071091,-18.811410
1048576,1048640,2097280,0.106,222311,32,80,13108,23,135,218.984260,0.322086170895,-298.511384,-79.527124,-18.811410
1048576,1048640,2097280,0.106,222311,32,80,13108,23,136,220.618742,0.322086170895,-300.600669,-79.981927,-18.811410
1048576,1048640,2097280,0.106,222311,32,80,13108,23,137,222.253223,0.322086170895,-302.688848,-80.435625,-18.811410
1048576,1048640,2097280,0.106,222311,32,80,13108,23,138,223.887704,0.322086170895,-304.776039,-80.888334,-18.811410
1048576,1048640,2097280,0.106,222311,32,80,13108,23,139,225.522186,0.322086170895,-306.862344,-81.340158,-18.811410
1048576,1048640,2097280,0.106,222311,32,80,13108,23,140,227.156667,0.322086170895,-308.947862,-81.791195,-18.811410
1048576,1048640,2097280,0.106,222311,32,80,13108,23,141,228.791148,0.322086170895,-311.032682,-82.241533,-18.811410
1048576,1048640,2097280,0.106,222311,32,80,13108,23,142,230.425630,0.322086170895,-313.116882,-82.691252,-18.811410
1048576,1048640,2097280,0.106,222311,32,80,13108,23,143,232.060111,0.322086170895,-315.200536,-83.140425,-18.811410
1048576,1048640,2097280,0.106,222311,32,80,13108,23,144,233.694593,0.322086170895,-317.283711,-83.589119,-18.811410
1048576,1048640,2097280,0.106,222311,32,80,13108,23,145,235.329074,0.322086170895,-319.366466,-84.037392,-18.811410
1048576,1048640,2097280,0.106,222311,32,80,13108,23,146,236.963555,0.322086170895,-321.448856,-84.485301,-18.811410
1048576,1048640,2097280,0.106,222311,32,80,13108,23,147,238.598037,0.322086170895,-323.530929,-84.932892,-18.811410
1048576,1048640,2097280,0.106,222311,32,80,13108,23,148,240.232518,0.322086170895,-325.612729,-85.380211,-18.811410
1048576,1048640,2097280,0.106,222311,32,80,13108,23,149,241.867000,0.322086170895,-327.694296,-85.827297,-18.811410
1048576,1048640,2097280,0.106,222311,32,80,13108,23,150,243.501481,0.322086170895,-329.775665,-86.274184,-18.811410
1048576,1048640,2097280,0.106,222311,32,80,13108,23,151,245.135962,0.322086170895,-331.856868,-86.720906,-18.811410
1048576,1048640,2097280,0.106,222311,32,80,13108,23,152,246.770444,0.322086170895,-333.937933,-87.167490,-18.811410
1048576,1048640,2097280,0.106,222311,32,80,13108,23,153,248.404925,0.322086170895,-336.018886,-87.613961,-18.811410
1048576,1048640,2097280,0.106,222311,32,80,13108,23,154,250.039406,0.322086170895,-338.099750,-88.060344,-18.811410
1048576,1048640,2097280,0.106,222311,32,80,13108,23,155,251.673888,0.322086170895,-340.180545,-88.506657,-18.811410
1048576,1048640,2097280,0.106,222311,32,80,13108,23,156,253.308369,0.322086170895,-342.261288,-88.952919,-18.811410
1048576,1048640,2097280,0.106,222311,32,80,13108,23,157,254.942851,0.322086170895,-344.341998,-89.399147,-18.811410
1048576,1048640,2097280,0.106,222311,32,80,13108,23,158,256.577332,0.322086170895,-346.422686,-89.845354,-18.811410
1048576,1048640,2097280,0.106,222311,32,80,13108,23,159,258.211813,0.322086170895,-348.503367,-90.291554,-18.811410
1048576,1048640,2097280,0.106,222311,32,80,13108,23,160,259.846295,0.322086170895,-350.584052,-90.737757,-18.811410
1048576,1048640,2097280,0.106,222311,32,80,13108,24,1,-inf,,-2.237846,-inf,-inf
1048576,1048640,2097280,0.106,222311,32,80,13108,24,2,-inf,,-4.475692,-inf,-inf
1048576,1048640,2097280,0.106,222311,32,80,13108,24,3,-inf,,-6.713537,-inf,-inf
1048576,1048640,2097280,0.106,222311,32,80,13108,24,4,-inf,,-8.951381,-inf,-inf
1048576,1048640,2097280,0.106,222311,32,80,13108,24,5,-inf,,-11.189224,-inf,-inf
1048576,1048640,2097280,0.106,222311,32,80,13108,24,6,-inf,,-13.427067,-inf,-inf
1048576,1048640,2097280,0.106,222311,32,80,13108,24,7,-inf,,-15.664909,-inf,-inf
1048576,1048640,2097280,0.106,222311,32,80,13108,24,8,-inf,,-17.902750,-inf,-inf
1048576,1048640,2097280,0.106,222311,32,80,13108,24,9,-inf,,-20.140591,-inf,-inf
1048576,1048640,2097280,0.106,222311,32,80,13108,24,10,-inf,,-22.378431,-inf,-inf
1048576,1048640,2097280,0.106,222311,32,80,13108,24,11,-inf,,-24.616270,-inf,-inf
1048576,1048640,2097280,0.106,222311,32,80,13108,24,12,-inf,,-26.854108,-inf,-inf
1048576,1048640,2097280,0.106,222311,32,80,13108,24,13,-inf,,-29.091945,-inf,-inf
1048576,1048640,2097280,0.106,222311,32,80,13108,24,14,-inf,,-31.329782,-inf,-inf
1048576,1048640,2097280,0.106,222311,32,80,13108,24,15,-inf,,-33.567618,-inf,-inf
1048576,1048640,2097280,0.106,222311,32,80,13108,24,16,-inf,,-35.805453,-inf,-inf
1048576,1048640,2097280,0.106,222311,32,80,13108,24,17,-inf,,-38.043288,-inf,-inf
1048576,1048640,2097280,0.106,222311,32,80,13108,24,18,-inf,,-40.281121,-inf,-inf
1048576,1048640,2097280,0.106,222311,32,80,13108,24,19,-inf,,-42.518954,-inf,-inf
1048576,1048640,2097280,0.106,222311,32,80,13108,24,20,-inf,,-44.756786,-inf,-inf
1048576,1048640,2097280,0.106,222311,32,80,13108,24,21,-inf,,-46.994617,-inf,-inf
1048576,1048640,2097280,0.106,222311,32,80,13108,24,22,-inf,,-49.232447,-inf,-inf
1048576,1048640,2097280,0.106,222311,32,80,13108,24,23,-inf,,-51.470276,-inf,-inf
1048576,1048640,2097280,0.106,222311,32,80,13108,24,24,29.753547,0.156725588185,-53.708104,-23.954557,-23.954557
1048576,1048640,2097280,0.106,222311,32,80,13108,24,25,32.427234,0.156725588185,-55.945932,-23.518697,-22.720230
1048576,1048640,2097280,0.106,222311,32,80,13108,24,26,35.100922,0.156725588185,-58.183758,-23.082836,-21.890170
1048576,1048640,2097280,0.106,222311,32,80,13108,24,27,37.774609,0.156725588185,-60.421583,-22.646974,-21.219506
1048576,1048640,2097280,0.106,222311,32,80,13108,24,28,40.327763,0.192539805332,-62.659406,-22.331643,-20.670962
1048576,1048640,2097280,0.106,222311,32,80,13108,24,29,42.684419,0.21340807009,-64.897229,-22.212810,-20.245025
1048576,1048640,2097280,0.106,222311,32,80,13108,24,30,44.912732,0.21340807009,-67.135050,-22.222317,-19.918526
1048576,1048640,2097280,0.106,222311,32,80,13108,24,31,47.053357,0.236538124161,-69.372869,-22.319512,-19.668371
1048576,1048640,2097280,0.106,222311,32,80,13108,24,32,49.133213,0.236538124161,-71.610687,-22.477475,-19.475944
1048576,1048640,2097280,0.106,222311,32,80,13108,24,33,51.123452,0.262175109676,-73.848504,-22.725052,-19.331667
1048576,1048640,2097280,0.106,222311,32,80,13108,24,34,53.054849,0.262175109676,-76.086318,-23.031469,-19.224706
1048576,1048640,2097280,0.106,222311,32,80,13108,24,35,54.960436,0.290590738289,-78.324131,-23.363695,-19.145059
1048576,1048640,2097280,0.106,222311,32,80,13108,24,36,56.743375,0.290590738289,-80.561941,-23.818566,-19.089604
1048576,1048640,2097280,0.106,222311,32,80,13108,24,37,58.526314,0.290590738289,-82.799749,-24.273434,-19.050450
1048576,1048640,2097280,0.106,222311,32,80,13108,24,38,60.309254,0.290590738289,-85.037554,-24.728300,-19.022540
1048576,1048640,2097280,0.106,222311,32,80,13108,24,39,62.072899,0.322086170895,-87.275356,-25.202457,-19.002777
1048576,1048640,2097280,0.106,222311,32,80,13108,24,40,63.707381,0.322086170895,-89.513155,-25.805774,-18.989914
1048576,1048640,2097280,0.106,222311,32,80,13108,24,41,65.341862,0.322086170895,-91.750951,-26.409088,-18.981509
1048576,1048640,2097280,0.106,222311,32,80,13108,24,42,66.976343,0.322086170895,-93.988742,-27.012399,-18.976004
1048576,1048640,2097280,0.106,222311,32,80,13108,24,43,68.610825,0.322086170895,-96.226529,-27.615704,-18.972391
1048576,1048640,2097280,0.106,222311,32,80,13108,24,44,70.245306,0.322086170895,-98.464311,-28.219005,-18.970018
1048576,1048640,2097280,0.106,222311,32,80,13108,24,45,71.879788,0.322086170895,-100.702087,-28.822300,-18.968458
1048576,1048640,2097280,0.106,222311,32,80,13108,24,46,73.514269,0.322086170895,-102.939857,-29.425588,-18.967432
1048576,1048640,2097280,0.106,222311,32,80,13108,24,47,75.148750,0.322086170895,-105.177620,-30.028870,-18.966757
1048576,1048640,2097280,0.106,222311,32,80,13108,24,48,76.783232,0.322086170895,-107.415376,-30.632144,-18.966313
1048576,1048640,2097280,0.106,222311,32,80,13108,24,49,78.417713,0.322086170895,-109.653122,-31.235409,-18.966021
1048576,1048640,2097280,0.106,222311,32,80,13108,24,50,80.052194,0.322086170895,-111.890859,-31.838664,-18.965829
1048576,1048640,2097280,0.106,222311,32,80,13108,24,51,81.686676,0.322086170895,-114.128584,-32.441908,-18.965702
1048576,1048640,2097280,0.106,222311,32,80,13108,24,52,83.321157,0.322086170895,-116.366297,-33.045139,-18.965619
1048576,1048640,2097280,0.106,222311,32,80,13108,24,53,84.955639,0.322086170895,-118.603995,-33.648357,-18.965564
1048576,1048640,2097280,0.106,222311,32,80,13108,24,54,86.590120,0.322086170895,-120.841678,-34.251558,-18.965528
1048576,1048640,2097280,0.106,222311,32,80,13108,24,55,88.224601,0.322086170895,-123.079343,-34.854741,-18.965504
1048576,1048640,2097280,0.106,222311,32,80,13108,24,56,89.859083,0.322086170895,-125.316987,-35.457905,-18.965488
1048576,1048640,2097280,0.106,222311,32,80,13108,24,57,91.493564,0.322086170895,-127.554609,-36.061045,-18.965478
1048576,1048640,2097280,0.106,222311,32,80,13108,24,58,93.128045,0.322086170895,-129.792205,-36.664159,-18.965471
1048576,1048640,2097280,0.106,222311,32,80,13108,24,59,94.762527,0.322086170895,-132.029772,-37.267245,-18.965467
1048576,1048640,2097280,0.106,222311,32,80,13108,24,60,96.397008,0.322086170895,-134.267306,-37.870298,-18.965464
1048576,1048640,2097280,0.106,222311,32,80,13108,24,61,98.031490,0.322086170895,-136.504804,-38.473314,-18.965462
1048576,1048640,2097280,0.106,222311,32,80,13108,24,62,99.665971,0.322086170895,-138.742260,-39.076289,-18.965461
1048576,1048640,2097280,0.106,222311,32,80,13108,24,63,101.300452,0.322086170895,-140.979669,-39.679217,-18.965460
1048576,1048640,2097280,0.106,222311,32,80,13108,24,64,102.934934,0.322086170895,-143.217026,-40.282093,-18.965459
1048576,1048640,2097280,0.106,222311,32,80,13108,24,65,104.569415,0.322086170895,-145.454324,-40.884909,-18.965459
1048576,1048640,2097280,0.106,222311,32,80,13108,24,66,106.203896,0.322086170895,-147.691555,-41.487658,-18.965459
1048576,1048640,2097280,0.106,222311,32,80,13108,24,67,107.838378,0.322086170895,-149.928710,-42.090332,-18.965459
1048576,1048640,2097280,0.106,222311,32,80,13108,24,68,109.472859,0.322086170895,-152.165781,-42.692922,-18.965458
1048576,1048640,2097280,0.106,222311,32,80,13108,24,69,111.107341,0.322086170895,-154.402757,-43.295416,-18.965458
1048576,1048640,2097280,0.106,222311,32,80,13108,24,70,112.741822,0.322086170895,-156.639626,-43.897804,-18.965458
1048576,1048640,2097280,0.106,222311,32,80,13108,24,71,114.376303,0.322086170895,-158.876374,-44.500070,-18.965458
1048576,1048640,2097280,0.106,222311,32,80,13108,24,72,116.010785,0.322086170895,-161.112986,-45.102202,-18.965458
1048576,1048640,2097280,0.106,222311,32,80,13108,24,73,117.645266,0.322086170895,-163.349447,-45.704181,-18.965458
1048576,1048640,2097280,0.106,222311,32,80,13108,24,74,119.279748,0.322086170895,-165.585736,-46.305989,-18.965458
1048576,1048640,2097280,0.106,222311,32,80,13108,24,75,120.914229,0.322086170895,-167.821833,-46.907604,-18.965458
1048576,1048640,2097280,0.106,222311,32,80,13108,24,76,122.548710,0.322086170895,-170.057715,-47.509005,-18.965458
1048576,1048640,2097280,0.106,222311,32,80,13108,24,77,124.183192,0.322086170895,-172.293355,-48.110163,-18.965458
1048576,1048640,2097280,0.106,222311,32,80,13108,24,78,125.817673,0.322086170895,-174.528724,-48.711051,-18.965458
1048576,1048640,2097280,0.106,222311,32,80,13108,24,79,127.452154,0.322086170895,-176.763788,-49.311634,-18.965458
1048576,1048640,2097280,0.106,222311,32,80,13108,24,80,129.086636,0.322086170895,-178.998512,-49.911877,-18.965458
1048576,1048640,2097280,0.106,222311,32,80,13108,24,81,130.721117,0.322086170895,-181.232855,-50.511738,-18.965458
1048576,1048640,2097280,0.106,222311,32,80,13108,24,82,132.355599,0.322086170895,-183.466772,-51.111174,-18.965458
1048576,1048640,2097280,0.106,222311,32,80,13108,24,83,133.990080,0.322086170895,-185.700212,-51.710133,-18.965458
1048576,1048640,2097280,0.106,222311,32,80,13108,24,84,135.624561,0.322086170895,-187.933121,-52.308560,-18.965458
1048576,1048640,2097280,0.106,222311,32,80,13108,24,85,137.259043,0.322086170895,-190.165436,-52.906393,-18.965458
1048576,1048640,2097280,0.106,222311,32,80,13108,24,86,138.893524,0.322086170895,-192.397090,-53.503566,-18.965458
1048576,1048640,2097280,0.106,222311,32,80,13108,24,87,140.528005,0.322086170895,-194.628006,-54.100001,-18.965458
1048576,1048640,2097280,0.106,222311,32,80,13108,24,88,142.162487,0.322086170895,-196.858104,-54.695618,-18.965458
1048576,1048640,2097280,0.106,222311,32,80,13108,24,89,143.796968,0.322086170895,-199.087293,-55.290324,-18.965458
1048576,1048640,2097280,0.106,222311,32,80,13108,24,90,145.431450,0.322086170895,-201.315473,-55.884023,-18.965458
1048576,1048640,2097280,0.106,222311,32,80,13108,24,91,147.065931,0.322086170895,-203.542536,-56.476605,-18.965458
1048576,1048640,2097280,0.106,222311,32,80,13108,24,92,148.700412,0.322086170895,-205.768365,-57.067953,-18.965458
1048576,1048640,2097280,0.106,222311,32,80,13108,24,93,150.334894,0.322086170895,-207.992832,-57.657938,-18.965458
1048576,1048640,2097280,0.106,222311,32,80,13108,24,94,151.969375,0.322086170895,-210.215800,-58.246425,-18.965458
1048576,1048640,2097280,0.106,222311,32,80,13108,24,95,153.603856,0.322086170895,-212.437121,-58.833265,-18.965458
1048576,1048640,2097280,0.106,222311,32,80,13108,24,96,155.238338,0.322086170895,-214.656639,-59.418301,-18.965458
1048576,1048640,2097280,0.106,222311,32,80,13108,24,97,156.872819,0.322086170895,-216.874183,-60.001363,-18.965458
1048576,1048640,2097280,0.106,222311,32,80,13108,24,98,158.507301,0.322086170895,-219.089579,-60.582278,-18.965458
1048576,1048640,2097280,0.106,222311,32,80,13108,24,99,160.141782,0.322086170895,-221.302639,-61.160858,-18.965458
1048576,1048640,2097280,0.106,222311,32,80,13108,24,100,161.776263,0.322086170895,-223.513174,-61.736911,-18.965458
1048576,1048640,2097280,0.106,222311,32,80,13108,24,101,163.410745,0.322086170895,-225.720982,-62.310237,-18.965458
1048576,1048640,2097280,0.106,222311,32,80,13108,24,102,165.045226,0.322086170895,-227.925862,-62.880636,-18.965458
1048576,1048640,2097280,0.106,222311,32,80,13108,24,103,166.679707,0.322086170895,-230.127608,-63.447901,-18.965458
1048576,1048640,2097280,0.106,222311,32,80,13108,24,104,168.314189,0.322086170895,-232.326017,-64.011829,-18.965458
1048576,1048640,2097280,0.106,222311,32,80,13108,24,105,169.948670,0.322086170895,-234.520892,-64.572221,-18.965458
1048576,1048640,2097280,0.106,222311,32,80,13108,24,106,171.583152,0.322086170895,-236.712034,-65.128883,-18.965458
1048576,1048640,2097280,0.106,222311,32,80,13108,24,107,173.217633,0.322086170895,-238.899265,-65.681632,-18.965458
1048576,1048640,2097280,0.106,222311,32,80,13108,24,108,174.852114,0.322086170895,-241.082416,-66.230302,-18.965458
1048576,1048640,2097280,0.106,222311,32,80,13108,24,109,176.486596,0.322086170895,-243.261334,-66.774738,-18.965458
1048576,1048640,2097280,0.106,222311,32,80,13108,24,110,178.121077,0.322086170895,-245.435890,-67.314813,-18.965458
1048576,1048640,2097280,0.106,222311,32,80,13108,24,111,179.755558,0.322086170895,-247.605979,-67.850421,-18.965458
1048576,1048640,2097280,0.106,222311,32,80,13108,24,112,181.390040,0.322086170895,-249.771519,-68.381479,-18.965458
1048576,1048640,2097280,0.106,222311,32,80,13108,24,113,183.024521,0.322086170895,-251.932459,-68.907938,-18.965458
1048576,1048640,2097280,0.106,222311,32,80,13108,24,114,184.659003,0.322086170895,-254.088781,-69.429778,-18.965458
1048576,1048640,2097280,0.106,222311,32,80,13108,24,115,186.293484,0.322086170895,-256.240489,-69.947005,-18.965458
1048576,1048640,2097280,0.106,222311,32,80,13108,24,116,187.927965,0.322086170895,-258.387626,-70.459661,-18.965458
1048576,1048640,2097280,0.106,222311,32,80,13108,24,117,189.562447,0.322086170895,-260.530262,-70.967815,-18.965458
1048576,1048640,2097280,0.106,222311,32,80,13108,24,118,191.196928,0.322086170895,-262.668490,-71.471562,-18.965458
1048576,1048640,2097280,0.106,222311,32,80,13108,24,119,192.831409,0.322086170895,-264.802434,-71.971025,-18.965458
1048576,1048640,2097280,0.106,222311,32,80,13108,24,120,194.465891,0.322086170895,-266.932240,-72.466349,-18.965458
1048576,1048640,2097280,0.106,222311,32,80,13108,24,121,196.100372,0.322086170895,-269.058068,-72.957696,-18.965458
1048576,1048640,2097280,0.106,222311,32,80,13108,24,122,197.734854,0.322086170895,-271.180098,-73.445245,-18.965458
1048576,1048640,2097280,0.106,222311,32,80,13108,24,123,199.369335,0.322086170895,-273.298525,-73.929190,-18.965458
1048576,1048640,2097280,0.106,222311,32,80,13108,24,124,201.003816,0.322086170895,-275.413544,-74.409728,-18.965458
1048576,1048640,2097280,0.106,222311,32,80,13108,24,125,202.638298,0.322086170895,-277.525364,-74.887066,-18.965458
1048576,1048640,2097280,0.106,222311,32,80,13108,24,126,204.272779,0.322086170895,-279.634192,-75.361413,-18.965458
1048576,1048640,2097280,0.106,222311,32,80,13108,24,127,205.907260,0.322086170895,-281.740235,-75.832974,-18.965458
1048576,1048640,2097280,0.106,222311,32,80,13108,24,128,207.541742,0.322086170895,-283.843696,-76.301954,-18.965458
1048576,1048640,2097280,0.106,222311,32,80,13108,24,129,209.176223,0.322086170895,-285.944776,-76.768552,-18.965458
1048576,1048640,2097280,0.106,222311,32,80,13108,24,130,210.810705,0.322086170895,-288.043665,-77.232960,-18.965458
1048576,1048640,2097280,0.106,222311,32,80,13108,24,131,212.445186,0.322086170895,-290.140548,-77.695363,-18.965458
1048576,1048640,2097280,0.106,222311,32,80,13108,24,132,214.079667,0.322086170895,-292.235603,-78.155935,-18.965458
1048576,1048640,2097280,0.106,222311,32,80,13108,24,133,215.714149,0.322086170895,-294.328991,-78.614842,-18.965458
1048576,1048640,2097280,0.106,222311,32,80,13108,24,134,217.348630,0.322086170895,-296.420869,-79.072239,-18.965458
1048576,1048640,2097280,0.106,222311,32,80,13108,24,135,218.983111,0.322086170895,-298.511384,-79.528273,-18.965458
1048576,1048640,2097280,0.106,222311,32,80,13108,24,136,220.617593,0.322086170895,-300.600669,-79.983076,-18.965458
1048576,1048640,2097280,0.106,222311,32,80,13108,24,137,222.252074,0.322086170895,-302.688848,-80.436774,-18.965458
1048576,1048640,2097280,0.106,222311,32,80,13108,24,138,223.886556,0.322086170895,-304.776039,-80.889483,-18.965458
1048576,1048640,2097280,0.106,222311,32,80,13108,24,139,225.521037,0.322086170895,-306.862344,-81.341307,-18.965458
1048576,1048640,2097280,0.106,222311,32,80,13108,24,140,227.155518,0.322086170895,-308.947862,-81.792344,-18.965458
1048576,1048640,2097280,0.106,222311,32,80,13108,24,141,228.790000,0.322086170895,-311.032682,-82.242682,-18.965458
1048576,1048640,2097280,0.106,222311,32,80,13108,24,142,230.424481,0.322086170895,-313.116882,-82.692401,-18.965458
1048576,1048640,2097280,0.106,222311,32,80,13108,24,143,232.058962,0.322086170895,-315.200536,-83.141574,-18.965458
1048576,1048640,2097280,0.106,222311,32,80,13108,24,144,233.693444,0.322086170895,-317.283711,-83.590267,-18.965458
1048576,1048640,2097280,0.106,222311,32,80,13108,24,145,235.327925,0.322086170895,-319.366466,-84.038541,-18.965458
1048576,1048640,2097280,0.106,222311,32,80,13108,24,146,236.962407,0.322086170895,-321.448856,-84.486449,-18.965458
1048576,1048640,2097280,0.106,222311,32,80,13108,24,147,238.596888,0.322086170895,-323.530929,-84.934041,-18.965458
1048576,1048640,2097280,0.106,222311,32,80,13108,24,148,240.231369,0.322086170895,-325.612729,-85.381360,-18.965458
1048576,1048640,2097280,0.106,222311,32,80,13108,24,149,241.865851,0.322086170895,-327.694296,-85.828445,-18.965458
1048576,1048640,2097280,0.106,222311,32,80,13108,24,150,243.500332,0.322086170895,-329.775665,-86.275333,-18.965458
1048576,1048640,2097280,0.106,222311,32,80,13108,24,151,245.134813,0.322086170895,-331.856868,-86.722054,-18.965458
1048576,1048640,2097280,0.106,222311,32,80,13108,24,152,246.769295,0.322086170895,-333.937933,-87.168638,-18.965458
1048576,1048640,2097280,0.106,222311,32,80,13108,24,153,248.403776,0.322086170895,-336.018886,-87.615110,-18.965458
1048576,1048640,2097280,0.106,222311,32,80,13108,24,154,250.038258,0.322086170895,-338.099750,-88.061492,-18.965458
1048576,1048640,2097280,0.106,222311,32,80,13108,24,155,251.672739,0.322086170895,-340.180545,-88.507806,-18.965458
1048576,1048640,2097280,0.106,222311,32,80,13108,24,156,253.307220,0.322086170895,-342.261288,-88.954068,-18.965458
1048576,1048640,2097280,0.106,222311,32,80,13108,24,157,254.941702,0.322086170895,-344.341998,-89.400296,-18.965458
1048576,1048640,2097280,0.106,222311,32,80,13108,24,158,256.576183,0.322086170895,-346.422686,-89.846503,-18.965458
1048576,1048640,2097280,0.106,222311,32,80,13108,24,159,258.210665,0.322086170895,-348.503367,-90.292703,-18.965458
1048576,1048640,2097280,0.106,222311,32,80,13108,24,160,259.845146,0.322086170895,-350.584052,-90.738906,-18.965458
1048576,1048640,2097280,0.106,222311,32,80,13108,25,1,-inf,,-2.237846,-inf,-inf
1048576,1048640,2097280,0.106,222311,32,80,13108,25,2,-inf,,-4.475692,-inf,-inf
1048576,1048640,2097280,0.106,222311,32,80,13108,25,3,-inf,,-6.713537,-inf,-inf
1048576,1048640,2097280,0.106,222311,32,80,13108,25,4,-inf,,-8.951381,-inf,-inf
1048576,1048640,2097280,0.106,222311,32,80,13108,25,5,-inf,,-11.189224,-inf,-inf
1048576,1048640,2097280,0.106,222311,32,80,13108,25,6,-inf,,-13.427067,-inf,-inf
1048576,1048640,2097280,0.106,222311,32,80,13108,25,7,-inf,,-15.664909,-inf,-inf
1048576,1048640,2097280,0.106,222311,32,80,13108,25,8,-inf,,-17.902750,-inf,-inf
1048576,1048640,2097280,0.106,222311,32,80,13108,25,9,-inf,,-20.140591,-inf,-inf
1048576,1048640,2097280,0.106,222311,32,80,13108,25,10,-inf,,-22.378431,-inf,-inf
1048576,1048640,2097280,0.106,222311,32,80,13108,25,11,-inf,,-24.616270,-inf,-inf
1048576,1048640,2097280,0.106,222311,32,80,13108,25,12,-inf,,-26.854108,-inf,-inf
1048576,1048640,2097280,0.106,222311,32,80,13108,25,13,-inf,,-29.091945,-inf,-inf
1048576,1048640,2097280,0.106,222311,32,80,13108,25,14,-inf,,-31.329782,-inf,-inf
1048576,1048640,2097280,0.106,222311,32,80,13108,25,15,-inf,,-33.567618,-inf,-inf
1048576,1048640,2097280,0.106,222311,32,80,13108,25,16,-inf,,-35.805453,-inf,-inf
1048576,1048640,2097280,0.106,222311,32,80,13108,25,17,-inf,,-38.043288,-inf,-inf
1048576,1048640,2097280,0.106,222311,32,80,13108,25,18,-inf,,-40.281121,-inf,-inf
1048576,1048640,2097280,0.106,222311,32,80,13108,25,19,-inf,,-42.518954,-inf,-inf
1048576,1048640,2097280,0.106,222311,32,80,13108,25,20,-inf,,-44.756786,-inf,-inf
1048576,1048640,2097280,0.106,222311,32,80,13108,25,21,-inf,,-46.994617,-inf,-inf
1048576,1048640,2097280,0.106,222311,32,80,13108,25,22,-inf,,-49.232447,-inf,-inf
1048576,1048640,2097280,0.106,222311,32,80,13108,25,23,-inf,,-51.470276,-inf,-inf
1048576,1048640,2097280,0.106,222311,32,80,13108,25,24,-inf,,-53.708104,-inf,-inf
1048576,1048640,2097280,0.106,222311,32,80,13108,25,25,31.979775,0.156725588185,-55.945932,-23.966156,-23.966156
1048576,1048640,2097280,0.106,222311,32,80,13108,25,26,34.653463,0.156725588185,-58.183758,-23.530295,-22.731828
1048576,1048640,2097280,0.106,222311,32,80,13108,25,27,37.327150,0.156725588185,-60.421583,-23.094432,-21.901768
1048576,1048640,2097280,0.106,222311,32,80,13108,25,28,40.000837,0.156725588185,-62.659406,-22.658569,-21.231102
1048576,1048640,2097280,0.106,222311,32,80,13108,25,29,42.522274,0.192539805332,-64.897229,-22.374954,-20.692515
1048576,1048640,2097280,0.106,222311,32,80,13108,25,30,44.804976,0.21340807009,-67.135050,-22.330074,-20.290448
1048576,1048640,2097280,0.106,222311,32,80,13108,25,31,46.998640,0.236538124161,-69.372869,-22.374230,-19.984891
1048576,1048640,2097280,0.106,222311,32,80,13108,25,32,49.078495,0.236538124161,-71.610687,-22.532192,-19.757058
1048576,1048640,2097280,0.106,222311,32,80,13108,25,33,51.100639,0.262175109676,-73.848504,-22.747865,-19.586109
1048576,1048640,2097280,0.106,222311,32,80,13108,25,34,53.032036,0.262175109676,-76.086318,-23.054282,-19.461304
1048576,1048640,2097280,0.106,222311,32,80,13108,25,35,54.952946,0.290590738289,-78.324131,-23.371185,-19.368382
1048576,1048640,2097280,0.106,222311,32,80,13108,25,36,56.735885,0.290590738289,-80.561941,-23.826056,-19.304175
1048576,1048640,2097280,0.106,222311,32,80,13108,25,37,58.518825,0.290590738289,-82.799749,-24.280924,-19.259071
1048576,1048640,2097280,0.106,222311,32,80,13108,25,38,60.301764,0.290590738289,-85.037554,-24.735790,-19.227031
1048576,1048640,2097280,0.106,222311,32,80,13108,25,39,62.070785,0.322086170895,-87.275356,-25.204571,-19.204315
1048576,1048640,2097280,0.106,222311,32,80,13108,25,40,63.705267,0.322086170895,-89.513155,-25.807888,-19.189555
1048576,1048640,2097280,0.106,222311,32,80,13108,25,41,65.339748,0.322086170895,-91.750951,-26.411202,-19.179922
1048576,1048640,2097280,0.106,222311,32,80,13108,25,42,66.974230,0.322086170895,-93.988742,-27.014512,-19.173615
1048576,1048640,2097280,0.106,222311,32,80,13108,25,43,68.608711,0.322086170895,-96.226529,-27.617818,-19.169479
1048576,1048640,2097280,0.106,222311,32,80,13108,25,44,70.243192,0.322086170895,-98.464311,-28.221119,-19.166763
1048576,1048640,2097280,0.106,222311,32,80,13108,25,45,71.877674,0.322086170895,-100.702087,-28.824414,-19.164978
1048576,1048640,2097280,0.106,222311,32,80,13108,25,46,73.512155,0.322086170895,-102.939857,-29.427702,-19.163804
1048576,1048640,2097280,0.106,222311,32,80,13108,25,47,75.146636,0.322086170895,-105.177620,-30.030984,-19.163032
1048576,1048640,2097280,0.106,222311,32,80,13108,25,48,76.781118,0.322086170895,-107.415376,-30.634258,-19.162524
1048576,1048640,2097280,0.106,222311,32,80,13108,25,49,78.415599,0.322086170895,-109.653122,-31.237523,-19.162190
1048576,1048640,2097280,0.106,222311,32,80,13108,25,50,80.050081,0.322086170895,-111.890859,-31.840778,-19.161970
1048576,1048640,2097280,0.106,222311,32,80,13108,25,51,81.684562,0.322086170895,-114.128584,-32.444022,-19.161825
1048576,1048640,2097280,0.106,222311,32,80,13108,25,52,83.319043,0.322086170895,-116.366297,-33.047253,-19.161729
1048576,1048640,2097280,0.106,222311,32,80,13108,25,53,84.953525,0.322086170895,-118.603995,-33.650471,-19.161667
1048576,1048640,2097280,0.106,222311,32,80,13108,25,54,86.588006,0.322086170895,-120.841678,-34.253672,-19.161625
1048576,1048640,2097280,0.106,222311,32,80,13108,25,55,88.222487,0.322086170895,-123.079343,-34.856855,-19.161598
1048576,1048640,2097280,0.106,222311,32,80,13108,25,56,89.856969,0.322086170895,-125.316987,-35.460018,-19.161580
1048576,1048640,2097280,0.106,222311,32,80,13108,25,57,91.491450,0.322086170895,-127.554609,-36.063159,-19.161568
1048576,1048640,2097280,0.106,222311,32,80,13108,25,58,93.125932,0.322086170895,-129.792205,-36.666273,-19.161561
1048576,1048640,2097280,0.106,222311,32,80,13108,25,59,94.760413,0.322086170895,-132.029772,-37.269359,-19.161556
1048576,1048640,2097280,0.106,222311,32,80,13108,25,60,96.394894,0.322086170895,-134.267306,-37.872412,-19.161552
1048576,1048640,2097280,0.106,222311,32,80,13108,25,61,98.029376,0.322086170895,-136.504804,-38.475428,-19.161550
1048576,1048640,2097280,0.106,222311,32,80,13108,25,62,99.663857,0.322086170895,-138.742260,-39.078403,-19.161549
1048576,1048640,2097280,0.106,222311,32,80,13108,25,63,101.298338,0.322086170895,-140.979669,-39.681331,-19.161548
1048576,1048640,2097280,0.106,222311,32,80,13108,25,64,102.932820,0.322086170895,-143.217026,-40.284207,-19.161547
1048576,1048640,2097280,0.106,222311,32,80,13108,25,65,104.567301,0.322086170895,-145.454324,-40.887023,-19.161547
1048576,1048640,2097280,0.106,222311,32,80,13108,25,66,106.201783,0.322086170895,-147.691555,-41.489772,-19.161546
1048576,1048640,2097280,0.106,222311,32,80,13108,25,67,107.836264,0.322086170895,-149.928710,-42.092446,-19.161546
1048576,1048640,2097280,0.106,222311,32,80,13108,25,68,109.470745,0.322086170895,-152.165781,-42.695036,-19.161546
1048576,1048640,2097280,0.106,222311,32,80,13108,25,69,111.105227,0.322086170895,-154.402757,-43.297530,-19.161546
1048576,1048640,2097280,0.106,222311,32,80,13108,25,70,112.739708,0.322086170895,-156.639626,-43.899918,-19.161546
1048576,1048640,2097280,0.106,222311,32,80,13108,25,71,114.374189,0.322086170895,-158.876374,-44.502184,-19.161546
1048576,1048640,2097280,0.106,222311,32,80,13108,25,72,116.008671,0.322086170895,-161.112986,-45.104316,-19.161546
1048576,1048640,2097280,0.106,222311,32,80,13108,25,73,117.643152,0.322086170895,-163.349447,-45.706294,-19.161546
1048576,1048640,2097280,0.106,222311,32,80,13108,25,74,119.277634,0.322086170895,-165.585736,-46.308103,-19.161546
1048576,1048640,2097280,0.106,222311,32,80,13108,25,75,120.912115,0.322086170895,-167.821833,-46.909718,-19.161546
1048576,1048640,2097280,0.106,222311,32,80,13108,25,76,122.546596,0.322086170895,-170.057715,-47.511119,-19.161546
1048576,1048640,2097280,0.106,222311,32,80,13108,25,77,124.181078,0.322086170895,-172.293355,-48.112277,-19.161546
1048576,1048640,2097280,0.106,222311,32,80,13108,25,78,125.815559,0.322086170895,-174.528724,-48.713165,-19.161546
1048576,1048640,2097280,0.106,222311,32,80,13108,25,79,127.450040,0.322086170895,-176.763788,-49.313748,-19.161546
1048576,1048640,2097280,0.106,222311,32,80,13108,25,80,129.084522,0.322086170895,-178.998512,-49.913991,-19.161546
1048576,1048640,2097280,0.106,222311,32,80,13108,25,81,130.719003,0.322086170895,-181.232855,-50.513852,-19.161546
1048576,1048640,2097280,0.106,222311,32,80,13108,25,82,132.353485,0.322086170895,-183.466772,-51.113288,-19.161546
1048576,1048640,2097280,0.106,222311,32,80,13108,25,83,133.987966,0.322086170895,-185.700212,-51.712246,-19.161546
1048576,1048640,2097280,0.106,222311,32,80,13108,25,84,135.622447,0.322086170895,-187.933121,-52.310674,-19.161546
1048576,1048640,2097280,0.106,222311,32,80,13108,25,85,137.256929,0.322086170895,-190.165436,-52.908507,-19.161546
1048576,1048640,2097280,0.106,222311,32,80,13108,25,86,138.891410,0.322086170895,-192.397090,-53.505679,-19.161546
1048576,1048640,2097280,0.106,222311,32,80,13108,25,87,140.525891,0.322086170895,-194.628006,-54.102115,-19.161546
1048576,1048640,2097280,0.106,222311,32,80,13108,25,88,142.160373,0.322086170895,-196.858104,-54.697732,-19.161546
1048576,1048640,2097280,0.106,222311,32,80,13108,25,89,143.794854,0.322086170895,-199.087293,-55.292438,-19.161546
1048576,1048640,2097280,0.106,222311,32,80,13108,25,90,145.429336,0.322086170895,-201.315473,-55.886137,-19.161546
1048576,1048640,2097280,0.106,222311,32,80,13108,25,91,147.063817,0.322086170895,-203.542536,-56.478719,-19.161546
1048576,1048640,2097280,0.106,222311,32,80,13108,25,92,148.698298,0.322086170895,-205.768365,-57.070067,-19.161546
1048576,1048640,2097280,0.106,222311,32,80,13108,25,93,150.332780,0.322086170895,-207.992832,-57.660052,-19.161546
1048576,1048640,2097280,0.106,222311,32,80,13108,25,94,151.967261,0.322086170895,-210.215800,-58.248539,-19.161546
1048576,1048640,2097280,0.106,222311,32,80,13108,25,95,153.601743,0.322086170895,-212.437121,-58.835379,-19.161546
1048576,1048640,2097280,0.106,222311,32,80,13108,25,96,155.236224,0.322086170895,-214.656639,-59.420415,-19.161546
1048576,1048640,2097280,0.106,222311,32,80,13108,25,97,156.870705,0.322086170895,-216.874183,-60.003477,-19.161546
1048576,1048640,2097280,0.106,222311,32,80,13108,25,98,158.505187,0.322086170895,-219.089579,-60.584392,-19.161546
1048576,1048640,2097280,0.106,222311,32,80,13108,25,99,160.139668,0.322086170895,-221.302639,-61.162971,-19.161546
1048576,1048640,2097280,0.106,222311,32,80,13108,25,100,161.774149,0.322086170895,-223.513174,-61.739025,-19.161546
1048576,1048640,2097280,0.106,222311,32,80,13108,25,101,163.408631,0.322086170895,-225.720982,-62.312351,-19.161546
1048576,1048640,2097280,0.106,222311,32,80,13108,25,102,165.043112,0.322086170895,-227.925862,-62.882750,-19.161546
1048576,1048640,2097280,0.106,222311,32,80,13108,25,103,166.677594,0.322086170895,-230.127608,-63.450015,-19.161546
1048576,1048640,2097280,0.106,222311,32,80,13108,25,104,168.312075,0.322086170895,-232.326017,-64.013943,-19.161546
1048576,1048640,2097280,0.106,222311,32,80,13108,25,105,169.946556,0.322086170895,-234.520892,-64.574335,-19.161546
1048576,1048640,2097280,0.106,222311,32,80,13108,25,106,171.581038,0.322086170895,-236.712034,-65.130997,-19.161546
1048576,1048640,2097280,0.106,222311,32,80,13108,25,107,173.215519,0.322086170895,-238.899265,-65.683746,-19.161546
1048576,1048640,2097280,0.106,222311,32,80,13108,25,108,174.850000,0.322086170895,-241.082416,-66.232416,-19.161546
1048576,1048640,2097280,0.106,222311,32,80,13108,25,109,176.484482,0.322086170895,-243.261334,-66.776852,-19.161546
1048576,1048640,2097280,0.106,222311,32,80,13108,25,110,178.118963,0.322086170895,-245.435890,-67.316927,-19.161546
1048576,1048640,2097280,0.106,222311,32,80,13108,25,111,179.753445,0.322086170895,-247.605979,-67.852535,-19.161546
1048576,1048640,2097280,0.106,222311,32,80,13108,25,112,181.387926,0.322086170895,-249.771519,-68.383593,-19.161546
1048576,1048640,2097280,0.106,222311,32,80,13108,25,113,183.022407,0.322086170895,-251.932459,-68.910052,-19.161546
1048576,1048640,2097280,0.106,222311,32,80,13108,25,114,184.656889,0.322086170895,-254.088781,-69.431892,-19.161546
1048576,1048640,2097280,0.106,222311,32,80,13108,25,115,186.291370,0.322086170895,-256.240489,-69.949119,-19.161546
1048576,1048640,2097280,0.106,222311,32,80,13108,25,116,187.925851,0.322086170895,-258.387626,-70.461775,-19.161546
1048576,1048640,2097280,0.106,222311,32,80,13108,25,117,189.560333,0.322086170895,-260.530262,-70.969929,-19.161546
1048576,1048640,2097280,0.106,222311,32,80,13108,25,118,191.194814,0.322086170895,-262.668490,-71.473676,-19.161546
1048576,1048640,2097280,0.106,222311,32,80,13108,25,119,192.829296,0.322086170895,-264.802434,-71.973139,-19.161546
1048576,1048640,2097280,0.106,222311,32,80,13108,25,120,194.463777,0.322086170895,-266.932240,-72.468463,-19.161546
1048576,1048640,2097280,0.106,222311,32,80,13108,25,121,196.098258,0.322086170895,-269.058068,-72.959810,-19.161546
1048576,1048640,2097280,0.106,222311,32,80,13108,25,122,197.732740,0.322086170895,-271.180098,-73.447359,-19.161546
1048576,1048640,2097280,0.106,222311,32,80,13108,25,123,199.367221,0.322086170895,-273.298525,-73.931304,-19.161546
1048576,1048640,2097280,0.106,222311,32,80,13108,25,124,201.001702,0.322086170895,-275.413544,-74.411842,-19.161546
1048576,1048640,2097280,0.106,222311,32,80,13108,25,125,202.636184,0.322086170895,-277.525364,-74.889180,-19.161546
1048576,1048640,2097280,0.106,222311,32,80,13108,25,126,204.270665,0.322086170895,-279.634192,-75.363527,-19.161546
1048576,1048640,2097280,0.106,222311,32,80,13108,25,127,205.905147,0.322086170895,-281.740235,-75.835088,-19.161546
1048576,1048640,2097280,0.106,222311,32,80,13108,25,128,207.539628,0.322086170895,-283.843696,-76.304068,-19.161546
1048576,1048640,2097280,0.106,222311,32,80,13108,25,129,209.174109,0.322086170895,-285.944776,-76.770666,-19.161546
1048576,1048640,2097280,0.106,222311,32,80,13108,25,130,210.808591,0.322086170895,-288.043665,-77.235074,-19.161546
1048576,1048640,2097280,0.106,222311,32,80,13108,25,131,212.443072,0.322086170895,-290.140548,-77.697476,-19.161546
1048576,1048640,2097280,0.106,222311,32,80,13108,25,132,214.077553,0.322086170895,-292.235603,-78.158049,-19.161546
1048576,1048640,2097280,0.106,222311,32,80,13108,25,133,215.712035,0.322086170895,-294.328991,-78.616956,-19.161546
1048576,1048640,2097280,0.106,222311,32,80,13108,25,134,217.346516,0.322086170895,-296.420869,-79.074353,-19.161546
1048576,1048640,2097280,0.106,222311,32,80,13108,25,135,218.980998,0.322086170895,-298.511384,-79.530387,-19.161546
1048576,1048640,2097280,0.106,222311,32,80,13108,25,136,220.615479,0.322086170895,-300.600669,-79.985190,-19.161546
1048576,1048640,2097280,0.106,222311,32,80,13108,25,137,222.249960,0.322086170895,-302.688848,-80.438888,-19.161546
1048576,1048640,2097280,0.106,222311,32,80,13108,25,138,223.884442,0.322086170895,-304.776039,-80.891597,-19.161546
1048576,1048640,2097280,0.106,222311,32,80,13108,25,139,225.518923,0.322086170895,-306.862344,-81.343421,-19.161546
1048576,1048640,2097280,0.106,222311,32,80,13108,25,140,227.153404,0.322086170895,-308.947862,-81.794458,-19.161546
1048576,1048640,2097280,0.106,222311,32,80,13108,25,141,228.787886,0.322086170895,-311.032682,-82.244796,-19.161546
1048576,1048640,2097280,0.106,222311,32,80,13108,25,142,230.422367,0.322086170895,-313.116882,-82.694514,-19.161546
1048576,1048640,2097280,0.106,222311,32,80,13108,25,143,232.056849,0.322086170895,-315.200536,-83.143687,-19.161546
1048576,1048640,2097280,0.106,222311,32,80,13108,25,144,233.691330,0.322086170895,-317.283711,-83.592381,-19.161546
1048576,1048640,2097280,0.106,222311,32,80,13108,25,145,235.325811,0.322086170895,-319.366466,-84.040655,-19.161546
1048576,1048640,2097280,0.106,222311,32,80,13108,25,146,236.960293,0.322086170895,-321.448856,-84.488563,-19.161546
1048576,1048640,2097280,0.106,222311,32,80,13108,25,147,238.594774,0.322086170895,-323.530929,-84.936155,-19.161546
1048576,1048640,2097280,0.106,222311,32,80,13108,25,148,240.229255,0.322086170895,-325.612729,-85.383474,-19.161546
1048576,1048640,2097280,0.106,222311,32,80,13108,25,149,241.863737,0.322086170895,-327.694296,-85.830559,-19.161546
1048576,1048640,2097280,0.106,222311,32,80,13108,25,150,243.498218,0.322086170895,-329.775665,-86.277447,-19.161546
1048576,1048640,2097280,0.106,222311,32,80,13108,25,151,245.132700,0.322086170895,-331.856868,-86.724168,-19.161546
1048576,1048640,2097280,0.106,222311,32,80,13108,25,152,246.767181,0.322086170895,-333.937933,-87.170752,-19.161546
1048576,1048640,2097280,0.106,222311,32,80,13108,25,153,248.401662,0.322086170895,-336.018886,-87.617224,-19.161546
1048576,1048640,2097280,0.106,222311,32,80,13108,25,154,250.036144,0.322086170895,-338.099750,-88.063606,-19.161546
1048576,1048640,2097280,0.106,222311,32,80,13108,25,155,251.670625,0.322086170895,-340.180545,-88.509920,-19.161546
1048576,1048640,2097280,0.106,222311,32,80,13108,25,156,253.305106,0.322086170895,-342.261288,-88.956182,-19.161546
1048576,1048640,2097280,0.106,222311,32,80,13108,25,157,254.939588,0.322086170895,-344.341998,-89.402410,-19.161546
1048576,1048640,2097280,0.106,222311,32,80,13108,25,158,256.574069,0.322086170895,-346.422686,-89.848617,-19.161546
1048576,1048640,2097280,0.106,222311,32,80,13108,25,159,258.208551,0.322086170895,-348.503367,-90.294817,-19.161546
1048576,1048640,2097280,0.106,222311,32,80,13108,25,160,259.843032,0.322086170895,-350.584052,-90.741020,-19.161546
1048576,1048640,2097280,0.106,222311,32,80,13108,26,1,-inf,,-2.237846,-inf,-inf
1048576,1048640,2097280,0.106,222311,32,80,13108,26,2,-inf,,-4.475692,-inf,-inf
1048576,1048640,2097280,0.106,222311,32,80,13108,26,3,-inf,,-6.713537,-inf,-inf
1048576,1048640,2097280,0.106,222311,32,80,13108,26,4,-inf,,-8.951381,-inf,-inf
1048576,1048640,2097280,0.106,222311,32,80,13108,26,5,-inf,,-11.189224,-inf,-inf
1048576,1048640,2097280,0.106,222311,32,80,13108,26,6,-inf,,-13.427067,-inf,-inf
1048576,1048640,2097280,0.106,222311,32,80,13108,26,7,-inf,,-15.664909,-inf,-inf
1048576,1048640,2097280,0.106,222311,32,80,13108,26,8,-inf,,-17.902750,-inf,-inf
1048576,1048640,2097280,0.106,222311,32,80,13108,26,9,-inf,,-20.140591,-inf,-inf
1048576,1048640,2097280,0.106,222311,32,80,13108,26,10,-inf,,-22.378431,-inf,-inf
1048576,1048640,2097280,0.106,222311,32,80,13108,26,11,-inf,,-24.616270,-inf,-inf
1048576,1048640,2097280,0.106,222311,32,80,13108,26,12,-inf,,-26.854108,-inf,-inf
1048576,1048640,2097280,0.106,222311,32,80,13108,26,13,-inf,,-29.091945,-inf,-inf
1048576,1048640,2097280,0.106,222311,32,80,13108,26,14,-inf,,-31.329782,-inf,-inf
1048576,1048640,2097280,0.106,222311,32,80,13108,26,15,-inf,,-33.567618,-inf,-inf
1048576,1048640,2097280,0.106,222311,32,80,13108,26,16,-inf,,-35.805453,-inf,-inf
1048576,1048640,2097280,0.106,222311,32,80,13108,26,17,-inf,,-38.043288,-inf,-inf
1048576,1048640,2097280,0.106,222311,32,80,13108,26,18,-inf,,-40.281121,-inf,-inf
1048576,1048640,2097280,0.106,222311,32,80,13108,26,19,-inf,,-42.518954,-inf,-inf
1048576,1048640,2097280,0.106,222311,32,80,13108,26,20,-inf,,-44.756786,-inf,-inf
1048576,1048640,2097280,0.106,222311,32,80,13108,26,21,-inf,,-46.994617,-inf,-inf
1048576,1048640,2097280,0.106,222311,32,80,13108,26,22,-inf,,-49.232447,-inf,-inf
1048576,1048640,2097280,0.106,222311,32,80,13108,26,23,-inf,,-51.470276,-inf,-inf
1048576,1048640,2097280,0.106,222311,32,80,13108,26,24,-inf,,-53.708104,-inf,-inf
1048576,1048640,2097280,0.106,222311,32,80,13108,26,25,-inf,,-55.945932,-inf,-inf
1048576,1048640,2097280,0.106,222311,32,80,13108,26,26,34.194031,0.156725588185,-58.183758,-23.989727,-23.989727
1048576,1048640,2097280,0.106,222311,32,80,13108,26,27,36.867718,0.156725588185,-60.421583,-23.553864,-22.755397
1048576,1048640,2097280,0.106,222311,32,80,13108,26,28,39.541406,0.156725588185,-62.659406,-23.118000,-21.925337
1048576,1048640,2097280,0.106,222311,32,80,13108,26,29,42.215093,0.156725588185,-64.897229,-22.682136,-21.254670
1048576,1048640,2097280,0.106,222311,32,80,13108,26,30,44.668850,0.21340807009,-67.135050,-22.466200,-20.736830
1048576,1048640,2097280,0.106,222311,32,80,13108,26,31,46.897163,0.21340807009,-69.372869,-22.475706,-20.358759
1048576,1048640,2097280,0.106,222311,32,80,13108,26,32,49.004888,0.236538124161,-71.610687,-22.605799,-20.082970
1048576,1048640,2097280,0.106,222311,32,80,13108,26,33,51.067466,0.262175109676,-73.848504,-22.781038,-19.876203
1048576,1048640,2097280,0.106,222311,32,80,13108,26,34,52.998863,0.262175109676,-76.086318,-23.087455,-19.728280
1048576,1048640,2097280,0.106,222311,32,80,13108,26,35,54.930260,0.262175109676,-78.324131,-23.393870,-19.618847
1048576,1048640,2097280,0.106,222311,32,80,13108,26,36,56.723966,0.290590738289,-80.561941,-23.837975,-19.543393
1048576,1048640,2097280,0.106,222311,32,80,13108,26,37,58.506905,0.290590738289,-82.799749,-24.292843,-19.490731
1048576,1048640,2097280,0.106,222311,32,80,13108,26,38,60.289845,0.290590738289,-85.037554,-24.747709,-19.453487
1048576,1048640,2097280,0.106,222311,32,80,13108,26,39,62.067076,0.322086170895,-87.275356,-25.208280,-19.427013
1048576,1048640,2097280,0.106,222311,32,80,13108,26,40,63.701557,0.322086170895,-89.513155,-25.811598,-19.409849
1048576,1048640,2097280,0.106,222311,32,80,13108,26,41,65.336039,0.322086170895,-91.750951,-26.414912,-19.398661
1048576,1048640,2097280,0.106,222311,32,80,13108,26,42,66.970520,0.322086170895,-93.988742,-27.018222,-19.391343
1048576,1048640,2097280,0.106,222311,32,80,13108,26,43,68.605001,0.322086170895,-96.226529,-27.621528,-19.386547
1048576,1048640,2097280,0.106,222311,32,80,13108,26,44,70.239483,0.322086170895,-98.464311,-28.224828,-19.383398
1048576,1048640,2097280,0.106,222311,32,80,13108,26,45,71.873964,0.322086170895,-100.702087,-28.828123,-19.381329
1048576,1048640,2097280,0.106,222311,32,80,13108,26,46,73.508445,0.322086170895,-102.939857,-29.431412,-19.379969
1048576,1048640,2097280,0.106,222311,32,80,13108,26,47,75.142927,0.322086170895,-105.177620,-30.034694,-19.379075
1048576,1048640,2097280,0.106,222311,32,80,13108,26,48,76.777408,0.322086170895,-107.415376,-30.637967,-19.378486
1048576,1048640,2097280,0.106,222311,32,80,13108,26,49,78.411890,0.322086170895,-109.653122,-31.241233,-19.378099
1048576,1048640,2097280,0.106,222311,32,80,13108,26,50,80.046371,0.322086170895,-111.890859,-31.844488,-19.377844
1048576,1048640,2097280,0.106,222311,32,80,13108,26,51,81.680852,0.322086170895,-114.128584,-32.447732,-19.377676
1048576,1048640,2097280,0.106,222311,32,80,13108,26,52,83.315334,0.322086170895,-116.366297,-33.050963,-19.377566
1048576,1048640,2097280,0.106,222311,32,80,13108,26,53,84.949815,0.322086170895,-118.603995,-33.654180,-19.377493
1048576,1048640,2097280,0.106,222311,32,80,13108,26,54,86.584296,0.322086170895,-120.841678,-34.257382,-19.377445
1048576,1048640,2097280,0.106,222311,32,80,13108,26,55,88.218778,0.322086170895,-123.079343,-34.860565,-19.377414
1048576,1048640,2097280,0.106,222311,32,80,13108,26,56,89.853259,0.322086170895,-125.316987,-35.463728,-19.377393
1048576,1048640,2097280,0.106,222311,32,80,13108,26,57,91.487741,0.322086170895,-127.554609,-36.066868,-19.377379
1048576,1048640,2097280,0.106,222311,32,80,13108,26,58,93.122222,0.322086170895,-129.792205,-36.669983,-19.377370
1048576,1048640,2097280,0.106,222311,32,80,13108,26,59,94.756703,0.322086170895,-132.029772,-37.273069,-19.377364
1048576,1048640,2097280,0.106,222311,32,80,13108,26,60,96.391185,0.322086170895,-134.267306,-37.876122,-19.377360
1048576,1048640,2097280,0.106,222311,32,80,13108,26,61,98.025666,0.322086170895,-136.504804,-38.479138,-19.377358
1048576,1048640,2097280,0.106,222311,32,80,13108,26,62,99.660148,0.322086170895,-138.742260,-39.082113,-19.377356
1048576,1048640,2097280,0.106,222311,32,80,13108,26,63,101.294629,0.322086170895,-140.979669,-39.685041,-19.377355
1048576,1048640,2097280,0.106,222311,32,80,13108,26,64,102.929110,0.322086170895,-143.217026,-40.287916,-19.377354
1048576,1048640,2097280,0.106,222311,32,80,13108,26,65,104.563592,0.322086170895,-145.454324,-40.890732,-19.377354
1048576,1048640,2097280,0.106,222311,32,80,13108,26,66,106.198073,0.322086170895,-147.691555,-41.493482,-19.377354
1048576,1048640,2097280,0.106,222311,32,80,13108,26,67,107.832554,0.322086170895,-149.928710,-42.096156,-19.377353
1048576,1048640,2097280,0.106,222311,32,80,13108,26,68,109.467036,0.322086170895,-152.165781,-42.698745,-19.377353
1048576,1048640,2097280,0.106,222311,32,80,13108,26,69,111.101517,0.322086170895,-154.402757,-43.301240,-19.377353
1048576,1048640,2097280,0.106,222311,32,80,13108,26,70,112.735999,0.322086170895,-156.639626,-43.903627,-19.377353
1048576,1048640,2097280,0.106,222311,32,80,13108,26,71,114.370480,0.322086170895,-158.876374,-44.505894,-19.377353
1048576,1048640,2097280,0.106,222311,32,80,13108,26,72,116.004961,0.322086170895,-161.112986,-45.108025,-19.377353
1048576,1048640,2097280,0.106,222311,32,80,13108,26,73,117.639443,0.322086170895,-163.349447,-45.710004,-19.377353
1048576,1048640,2097280,0.106,222311,32,80,13108,26,74,119.273924,0.322086170895,-165.585736,-46.311812,-19.377353
1048576,1048640,2097280,0.106,222311,32,80,13108,26,75,120.908405,0.322086170895,-167.821833,-46.913428,-19.377353
1048576,1048640,2097280,0.106,222311,32,80,13108,26,76,122.542887,0.322086170895,-170.057715,-47.514828,-19.377353
1048576,1048640,2097280,0.106,222311,32,80,13108,26,77,124.177368,0.322086170895,-172.293355,-48.115987,-19.377353
1048576,1048640,2097280,0.106,222311,32,80,13108,26,78,125.811850,0.322086170895,-174.528724,-48.716874,-19.377353
1048576,1048640,2097280,0.106,222311,32,80,13108,26,79,127.446331,0.322086170895,-176.763788,-49.317457,-19.377353
1048576,1048640,2097280,0.106,222311,32,80,13108,26,80,129.080812,0.322086170895,-178.998512,-49.917700,-19.377353
1048576,1048640,2097280,0.106,222311,32,80,13108,26,81,130.715294,0.322086170895,-181.232855,-50.517562,-19.377353
1048576,1048640,2097280,0.106,222311,32,80,13108,26,82,132.349775,0.322086170895,-183.466772,-51.116997,-19.377353
1048576,1048640,2097280,0.106,222311,32,80,13108,26,83,133.984256,0.322086170895,-185.700212,-51.715956,-19.377353
1048576,1048640,2097280,0.106,222311,32,80,13108,26,84,135.618738,0.322086170895,-187.933121,-52.314383,-19.377353
1048576,1048640,2097280,0.106,222311,32,80,13108,26,85,137.253219,0.322086170895,-190.165436,-52.912217,-19.377353
1048576,1048640,2097280,0.106,222311,32,80,13108,26,86,138.887701,0.322086170895,-192.397090,-53.509389,-19.377353
1048576,1048640,2097280,0.106,222311,32,80,13108,26,87,140.522182,0.322086170895,-194.628006,-54.105824,-19.377353
1048576,1048640,2097280,0.106,222311,32,80,13108,26,88,142.156663,0.322086170895,-196.858104,-54.701441,-19.377353
1048576,1048640,2097280,0.106,222311,32,80,13108,26,89,143.791145,0.322086170895,-199.087293,-55.296148,-19.377353
1048576,1048640,2097280,0.106,222311,32,80,13108,26,90,145.425626,0.322086170895,-201.315473,-55.889847,-19.377353
1048576,1048640,2097280,0.106,222311,32,80,13108,26,91,147.060107,0.322086170895,-203.542536,-56.482428,-19.377353
1048576,1048640,2097280,0.106,222311,32,80,13108,26,92,148.694589,0.322086170895,-205.768365,-57.073776,-19.377353
1048576,1048640,2097280,0.106,222311,32,80,13108,26,93,150.329070,0.322086170895,-207.992832,-57.663762,-19.377353
1048576,1048640,2097280,0.106,222311,32,80,13108,26,94,151.963552,0.322086170895,-210.215800,-58.252249,-19.377353
1048576,1048640,2097280,0.106,222311,32,80,13108,26,95,153.598033,0.322086170895,-212.437121,-58.839088,-19.377353
1048576,1048640,2097280,0.106,222311,32,80,13108,26,96,155.232514,0.322086170895,-214.656639,-59.424124,-19.377353
1048576,1048640,2097280,0.106,222311,32,80,13108,26,97,156.866996,0.322086170895,-216.874183,-60.007187,-19.377353
1048576,1048640,2097280,0.106,222311,32,80,13108,26,98,158.501477,0.322086170895,-219.089579,-60.588102,-19.377353
1048576,1048640,2097280,0.106,222311,32,80,13108,26,99,160.135958,0.322086170895,-221.302639,-61.166681,-19.377353
1048576,1048640,2097280,0.106,222311,32,80,13108,26,100,161.770440,0.322086170895,-223.513174,-61.742734,-19.377353
1048576,1048640,2097280,0.106,222311,32,80,13108,26,101,163.404921,0.322086170895,-225.720982,-62.316060,-19.377353
1048576,1048640,2097280,0.106,222311,32,80,13108,26,102,165.039403,0.322086170895,-227.925862,-62.886460,-19.377353
1048576,1048640,2097280,0.106,222311,32,80,13108,26,103,166.673884,0.322086170895,-230.127608,-63.453724,-19.377353
1048576,1048640,2097280,0.106,222311,32,80,13108,26,104,168.308365,0.322086170895,-232.326017,-64.017652,-19.377353
1048576,1048640,2097280,0.106,222311,32,80,13108,26,105,169.942847,0.322086170895,-234.520892,-64.578045,-19.377353
1048576,1048640,2097280,0.106,222311,32,80,13108,26,106,171.577328,0.322086170895,-236.712034,-65.134706,-19.377353
1048576,1048640,2097280,0.106,222311,32,80,13108,26,107,173.211809,0.322086170895,-238.899265,-65.687455,-19.377353
1048576,1048640,2097280,0.106,222311,32,80,13108,26,108,174.846291,0.322086170895,-241.082416,-66.236125,-19.377353
1048576,1048640,2097280,0.106,222311,32,80,13108,26,109,176.480772,0.322086170895,-243.261334,-66.780562,-19.377353
1048576,1048640,2097280,0.106,222311,32,80,13108,26,110,178.115254,0.322086170895,-245.435890,-67.320636,-19.377353
1048576,1048640,2097280,0.106,222311,32,80,13108,26,111,179.749735,0.322086170895,-247.605979,-67.856244,-19.377353
1048576,1048640,2097280,0.106,222311,32,80,13108,26,112,181.384216,0.322086170895,-249.771519,-68.387302,-19.377353
1048576,1048640,2097280,0.106,222311,32,80,13108,26,113,183.018698,0.322086170895,-251.932459,-68.913761,-19.377353
1048576,1048640,2097280,0.106,222311,32,80,13108,26,114,184.653179,0.322086170895,-254.088781,-69.435601,-19.377353
1048576,1048640,2097280,0.106,222311,32,80,13108,26,115,186.287660,0.322086170895,-256.240489,-69.952829,-19.377353
1048576,1048640,2097280,0.106,222311,32,80,13108,26,116,187.922142,0.322086170895,-258.387626,-70.465484,-19.377353
1048576,1048640,2097280,0.106,222311,32,80,13108,26,117,189.556623,0.322086170895,-260.530262,-70.973639,-19.377353
1048576,1048640,2097280,0.106,222311,32,80,13108,26,118,191.191105,0.322086170895,-262.668490,-71.477386,-19.377353
1048576,1048640,2097280,0.106,222311,32,80,13108,26,119,192.825586,0.322086170895,-264.802434,-71.976848,-19.377353
1048576,1048640,2097280,0.106,222311,32,80,13108,26,120,194.460067,0.322086170895,-266.932240,-72.472173,-19.377353
1048576,1048640,2097280,0.106,222311,32,80,13108,26,121,196.094549,0.322086170895,-269.058068,-72.963519,-19.377353
1048576,1048640,2097280,0.106,222311,32,80,13108,26,122,197.729030,0.322086170895,-271.180098,-73.451068,-19.377353
1048576,1048640,2097280,0.106,222311,32,80,13108,26,123,199.363511,0.322086170895,-273.298525,-73.935013,-19.377353
1048576,1048640,2097280,0.106,222311,32,80,13108,26,124,200.997993,0.322086170895,-275.413544,-74.415552,-19.377353
1048576,1048640,2097280,0.106,222311,32,80,13108,26,125,202.632474,0.322086170895,-277.525364,-74.892890,-19.377353
1048576,1048640,2097280,0.106,222311,32,80,13108,26,126,204.266956,0.322086170895,-279.634192,-75.367237,-19.377353
1048576,1048640,2097280,0.106,222311,32,80,13108,26,127,205.901437,0.322086170895,-281.740235,-75.838798,-19.377353
1048576,1048640,2097280,0.106,222311,32,80,13108,26,128,207.535918,0.322086170895,-283.843696,-76.307777,-19.377353
1048576,1048640,2097280,0.106,222311,32,80,13108,26,129,209.170400,0.322086170895,-285.944776,-76.774376,-19.377353
1048576,1048640,2097280,0.106,222311,32,80,13108,26,130,210.804881,0.322086170895,-288.043665,-77.238784,-19.377353
1048576,1048640,2097280,0.106,222311,32,80,13108,26,131,212.439362,0.322086170895,-290.140548,-77.701186,-19.377353
1048576,1048640,2097280,0.106,222311,32,80,13108,26,132,214.073844,0.322086170895,-292.235603,-78.161759,-19.377353
1048576,1048640,2097280,0.106,222311,32,80,13108,26,133,215.708325,0.322086170895,-294.328991,-78.620666,-19.377353
1048576,1048640,2097280,0.106,222311,32,80,13108,26,134,217.342807,0.322086170895,-296.420869,-79.078063,-19.377353
1048576,1048640,2097280,0.106,222311,32,80,13108,26,135,218.977288,0.322086170895,-298.511384,-79.534096,-19.377353
1048576,1048640,2097280,0.106,222311,32,80,13108,26,136,220.611769,0.322086170895,-300.600669,-79.988899,-19.377353
1048576,1048640,2097280,0.106,222311,32,80,13108,26,137,222.246251,0.322086170895,-302.688848,-80.442598,-19.377353
1048576,1048640,2097280,0.106,222311,32,80,13108,26,138,223.880732,0.322086170895,-304.776039,-80.895307,-19.377353
1048576,1048640,2097280,0.106,222311,32,80,13108,26,139,225.515213,0.322086170895,-306.862344,-81.347131,-19.377353
1048576,1048640,2097280,0.106,222311,32,80,13108,26,140,227.149695,0.322086170895,-308.947862,-81.798167,-19.377353
1048576,1048640,2097280,0.106,222311,32,80,13108,26,141,228.784176,0.322086170895,-311.032682,-82.248505,-19.377353
1048576,1048640,2097280,0.106,222311,32,80,13108,26,142,230.418658,0.322086170895,-313.116882,-82.698224,-19.377353
1048576,1048640,2097280,0.106,222311,32,80,13108,26,143,232.053139,0.322086170895,-315.200536,-83.147397,-19.377353
1048576,1048640,2097280,0.106,222311,32,80,13108,26,144,233.687620,0.322086170895,-317.283711,-83.596091,-19.377353
1048576,1048640,2097280,0.106,222311,32,80,13108,26,145,235.322102,0.322086170895,-319.366466,-84.044365,-19.377353
1048576,1048640,2097280,0.106,222311,32,80,13108,26,146,236.956583,0.322086170895,-321.448856,-84.492273,-19.377353
1048576,1048640,2097280,0.106,222311,32,80,13108,26,147,238.591065,0.322086170895,-323.530929,-84.939865,-19.377353
1048576,1048640,2097280,0.106,222311,32,80,13108,26,148,240.225546,0.322086170895,-325.612729,-85.387183,-19.377353
1048576,1048640,2097280,0.106,222311,32,80,13108,26,149,241.860027,0.322086170895,-327.694296,-85.834269,-19.377353
1048576,1048640,2097280,0.106,222311,32,80,13108,26,150,243.494509,0.322086170895,-329.775665,-86.281157,-19.377353
1048576,1048640,2097280,0.106,222311,32,80,13108,26,151,245.128990,0.322086170895,-331.856868,-86.727878,-19.377353
1048576,1048640,2097280,0.106,222311,32,80,13108,26,152,246.763471,0.322086170895,-333.937933,-87.174462,-19.377353
1048576,1048640,2097280,0.106,222311,32,80,13108,26,153,248.397953,0.322086170895,-336.018886,-87.620934,-19.377353
1048576,1048640,2097280,0.106,222311,32,80,13108,26,154,250.032434,0.322086170895,-338.099750,-88.067316,-19.377353
1048576,1048640,2097280,0.106,222311,32,80,13108,26,155,251.666916,0.322086170895,-340.180545,-88.513629,-19.377353
1048576,1048640,2097280,0.106,222311,32,80,13108,26,156,253.301397,0.322086170895,-342.261288,-88.959892,-19.377353
1048576,1048640,2097280,0.106,222311,32,80,13108,26,157,254.935878,0.322086170895,-344.341998,-89.406119,-19.377353
1048576,1048640,2097280,0.106,222311,32,80,13108,26,158,256.570360,0.322086170895,-346.422686,-89.852327,-19.377353
1048576,1048640,2097280,0.106,222311,32,80,13108,26,159,258.204841,0.322086170895,-348.503367,-90.298526,-19.377353
1048576,1048640,2097280,0.106,222311,32,80,13108,26,160,259.839322,0.322086170895,-350.584052,-90.744729,-19.377353
1048576,1048640,2097280,0.106,222311,32,80,13108,27,1,-inf,,-2.237846,-inf,-inf
1048576,1048640,2097280,0.106,222311,32,80,13108,27,2,-inf,,-4.475692,-inf,-inf
1048576,1048640,2097280,0.106,222311,32,80,13108,27,3,-inf,,-6.713537,-inf,-inf
1048576,1048640,2097280,0.106,222311,32,80,13108,27,4,-inf,,-8.951381,-inf,-inf
1048576,1048640,2097280,0.106,222311,32,80,13108,27,5,-inf,,-11.189224,-inf,-inf
1048576,1048640,2097280,0.106,222311,32,80,13108,27,6,-inf,,-13.427067,-inf,-inf
1048576,1048640,2097280,0.106,222311,32,80,13108,27,7,-inf,,-15.664909,-inf,-inf
1048576,1048640,2097280,0.106,222311,32,80,13108,27,8,-inf,,-17.902750,-inf,-inf
1048576,1048640,2097280,0.106,222311,32,80,13108,27,9,-inf,,-20.140591,-inf,-inf
1048576,1048640,2097280,0.106,222311,32,80,13108,27,10,-inf,,-22.378431,-inf,-inf
1048576,1048640,2097280,0.106,222311,32,80,13108,27,11,-inf,,-24.616270,-inf,-inf
1048576,1048640,2097280,0.106,222311,32,80,13108,27,12,-inf,,-26.854108,-inf,-inf
1048576,1048640,2097280,0.106,222311,32,80,13108,27,13,-inf,,-29.091945,-inf,-inf
1048576,1048640,2097280,0.106,222311,32,80,13108,27,14,-inf,,-31.329782,-inf,-inf
1048576,1048640,2097280,0.106,222311,32,80,13108,27,15,-inf,,-33.567618,-inf,-inf
1048576,1048640,2097280,0.106,222311,32,80,13108,27,16,-inf,,-35.805453,-inf,-inf
1048576,1048640,2097280,0.106,222311,32,80,13108,27,17,-inf,,-38.043288,-inf,-inf
1048576,1048640,2097280,0.106,222311,32,80,13108,27,18,-inf,,-40.281121,-inf,-inf
1048576,1048640,2097280,0.106,222311,32,80,13108,27,19,-inf,,-42.518954,-inf,-inf
1048576,1048640,2097280,0.106,222311,32,80,13108,27,20,-inf,,-44.756786,-inf,-inf
1048576,1048640,2097280,0.106,222311,32,80,13108,27,21,-inf,,-46.994617,-inf,-inf
1048576,1048640,2097280,0.106,222311,32,80,13108,27,22,-inf,,-49.232447,-inf,-inf
1048576,1048640,2097280,0.106,222311,32,80,13108,27,23,-inf,,-51.470276,-inf,-inf
1048576,1048640,2097280,0.106,222311,32,80,13108,27,24,-inf,,-53.708104,-inf,-inf
1048576,1048640,2097280,0.106,222311,32,80,13108,27,25,-inf,,-55.945932,-inf,-inf
1048576,1048640,2097280,0.106,222311,32,80,13108,27,26,-inf,,-58.183758,-inf,-inf
1048576,1048640,2097280,0.106,222311,32,80,13108,27,27,36.189647,0.156725588185,-60.421583,-24.231936,-24.231936
1048576,1048640,2097280,0.106,222311,32,80,13108,27,28,38.863334,0.156725588185,-62.659406,-23.796072,-22.997606
1048576,1048640,2097280,0.106,222311,32,80,13108,27,29,41.537021,0.156725588185,-64.897229,-23.360207,-22.167545
1048576,1048640,2097280,0.106,222311,32,80,13108,27,30,44.210709,0.156725588185,-67.135050,-22.924341,-21.496878
1048576,1048640,2097280,0.106,222311,32,80,13108,27,31,46.729617,0.21340807009,-69.372869,-22.643253,-20.959076
1048576,1048640,2097280,0.106,222311,32,80,13108,27,32,48.909024,0.236538124161,-71.610687,-22.701664,-20.581860
1048576,1048640,2097280,0.106,222311,32,80,13108,27,33,50.988879,0.236538124161,-73.848504,-22.859625,-20.311370
1048576,1048640,2097280,0.106,222311,32,80,13108,27,34,52.952443,0.262175109676,-76.086318,-23.133875,-20.120610
1048576,1048640,2097280,0.106,222311,32,80,13108,27,35,54.883840,0.262175109676,-78.324131,-23.440290,-19.982902
1048576,1048640,2097280,0.106,222311,32,80,13108,27,36,56.705794,0.290590738289,-80.561941,-23.856147,-19.887667
1048576,1048640,2097280,0.106,222311,32,80,13108,27,37,58.488734,0.290590738289,-82.799749,-24.311015,-19.821949
1048576,1048640,2097280,0.106,222311,32,80,13108,27,38,60.271673,0.290590738289,-85.037554,-24.765881,-19.775823
1048576,1048640,2097280,0.106,222311,32,80,13108,27,39,62.054612,0.290590738289,-87.275356,-25.220744,-19.743078
1048576,1048640,2097280,0.106,222311,32,80,13108,27,40,63.695337,0.322086170895,-89.513155,-25.817818,-19.721831
1048576,1048640,2097280,0.106,222311,32,80,13108,27,41,65.329819,0.322086170895,-91.750951,-26.421132,-19.708014
1048576,1048640,2097280,0.106,222311,32,80,13108,27,42,66.964300,0.322086170895,-93.988742,-27.024442,-19.698991
1048576,1048640,2097280,0.106,222311,32,80,13108,27,43,68.598781,0.322086170895,-96.226529,-27.627748,-19.693082
1048576,1048640,2097280,0.106,222311,32,80,13108,27,44,70.233263,0.322086170895,-98.464311,-28.231048,-19.689206
1048576,1048640,2097280,0.106,222311,32,80,13108,27,45,71.867744,0.322086170895,-100.702087,-28.834343,-19.686660
1048576,1048640,2097280,0.106,222311,32,80,13108,27,46,73.502225,0.322086170895,-102.939857,-29.437632,-19.684987
1048576,1048640,2097280,0.106,222311,32,80,13108,27,47,75.136707,0.322086170895,-105.177620,-30.040914,-19.683887
1048576,1048640,2097280,0.106,222311,32,80,13108,27,48,76.771188,0.322086170895,-107.415376,-30.644188,-19.683163
1048576,1048640,2097280,0.106,222311,32,80,13108,27,49,78.405670,0.322086170895,-109.653122,-31.247453,-19.682686
1048576,1048640,2097280,0.106,222311,32,80,13108,27,50,80.040151,0.322086170895,-111.890859,-31.850708,-19.682373
1048576,1048640,2097280,0.106,222311,32,80,13108,27,51,81.674632,0.322086170895,-114.128584,-32.453952,-19.682167
1048576,1048640,2097280,0.106,222311,32,80,13108,27,52,83.309114,0.322086170895,-116.366297,-33.057183,-19.682031
1048576,1048640,2097280,0.106,222311,32,80,13108,27,53,84.943595,0.322086170895,-118.603995,-33.660400,-19.681941
1048576,1048640,2097280,0.106,222311,32,80,13108,27,54,86.578076,0.322086170895,-120.841678,-34.263602,-19.681883
1048576,1048640,2097280,0.106,222311,32,80,13108,27,55,88.212558,0.322086170895,-123.079343,-34.866785,-19.681844
1048576,1048640,2097280,0.106,222311,32,80,13108,27,56,89.847039,0.322086170895,-125.316987,-35.469948,-19.681818
1048576,1048640,2097280,0.106,222311,32,80,13108,27,57,91.481521,0.322086170895,-127.554609,-36.073088,-19.681802
1048576,1048640,2097280,0.106,222311,32,80,13108,27,58,93.116002,0.322086170895,-129.792205,-36.676203,-19.681791
1048576,1048640,2097280,0.106,222311,32,80,13108,27,59,94.750483,0.322086170895,-132.029772,-37.279289,-19.681783
1048576,1048640,2097280,0.106,222311,32,80,13108,27,60,96.384965,0.322086170895,-134.267306,-37.882342,-19.681778
1048576,1048640,2097280,0.106,222311,32,80,13108,27,61,98.019446,0.322086170895,-136.504804,-38.485358,-19.681775
1048576,1048640,2097280,0.106,222311,32,80,13108,27,62,99.653927,0.322086170895,-138.742260,-39.088333,-19.681773
1048576,1048640,2097280,0.106,222311,32,80,13108,27,63,101.288409,0.322086170895,-140.979669,-39.691261,-19.681772
1048576,1048640,2097280,0.106,222311,32,80,13108,27,64,102.922890,0.322086170895,-143.217026,-40.294136,-19.681771
1048576,1048640,2097280,0.106,222311,32,80,13108,27,65,104.557372,0.322086170895,-145.454324,-40.896952,-19.681770
1048576,1048640,2097280,0.106,222311,32,80,13108,27,66,106.191853,0.322086170895,-147.691555,-41.499702,-19.681770
1048576,1048640,2097280,0.106,222311,32,80,13108,27,67,107.826334,0.322086170895,-149.928710,-42.102376,-19.681770
1048576,1048640,2097280,0.106,222311,32,80,13108,27,68,109.460816,0.322086170895,-152.165781,-42.704966,-19.681770
1048576,1048640,2097280,0.106,222311,32,80,13108,27,69,111.095297,0.322086170895,-154.402757,-43.307460,-19.681769
1048576,1048640,2097280,0.106,222311,32,80,13108,27,70,112.729778,0.322086170895,-156.639626,-43.909847,-19.681769
1048576,1048640,2097280,0.106,222311,32,80,13108,27,71,114.364260,0.322086170895,-158.876374,-44.512114,-19.681769
1048576,1048640,2097280,0.106,222311,32,80,13108,27,72,115.998741,0.322086170895,-161.112986,-45.114245,-19.681769
1048576,1048640,2097280,0.106,222311,32,80,13108,27,73,117.633223,0.322086170895,-163.349447,-45.716224,-19.681769
1048576,1048640,2097280,0.106,222311,32,80,13108,27,74,119.267704,0.322086170895,-165.585736,-46.318032,-19.681769
1048576,1048640,2097280,0.106,222311,32,80,13108,27,75,120.902185,0.322086170895,-167.821833,-46.919648,-19.681769
1048576,1048640,2097280,0.106,222311,32,80,13108,27,76,122.536667,0.322086170895,-170.057715,-47.521049,-19.681769
1048576,1048640,2097280,0.106,222311,32,80,13108,27,77,124.171148,0.322086170895,-172.293355,-48.122207,-19.681769
1048576,1048640,2097280,0.106,222311,32,80,13108,27,78,125.805629,0.322086170895,-174.528724,-48.723094,-19.681769
1048576,1048640,2097280,0.106,222311,32,80,13108,27,79,127.440111,0.322086170895,-176.763788,-49.323677,-19.681769
1048576,1048640,2097280,0.106,222311,32,80,13108,27,80,129.074592,0.322086170895,-178.998512,-49.923920,-19.681769
1048576,1048640,2097280,0.106,222311,32,80,13108,27,81,130.709074,0.322086170895,-181.232855,-50.523782,-19.681769
1048576,1048640,2097280,0.106,222311,32,80,13108,27,82,132.343555,0.322086170895,-183.466772,-51.123217,-19.681769
1048576,1048640,2097280,0.106,222311,32,80,13108,27,83,133.978036,0.322086170895,-185.700212,-51.722176,-19.681769
1048576,1048640,2097280,0.106,222311,32,80,13108,27,84,135.612518,0.322086170895,-187.933121,-52.320603,-19.681769
1048576,1048640,2097280,0.106,222311,32,80,13108,27,85,137.246999,0.322086170895,-190.165436,-52.918437,-19.681769
1048576,1048640,2097280,0.106,222311,32,80,13108,27,86,138.881480,0.322086170895,-192.397090,-53.515609,-19.681769
1048576,1048640,2097280,0.106,222311,32,80,13108,27,87,140.515962,0.322086170895,-194.628006,-54.112044,-19.681769
1048576,1048640,2097280,0.106,222311,32,80,13108,27,88,142.150443,0.322086170895,-196.858104,-54.707661,-19.681769
1048576,1048640,2097280,0.106,222311,32,80,13108,27,89,143.784925,0.322086170895,-199.087293,-55.302368,-19.681769
1048576,1048640,2097280,0.106,222311,32,80,13108,27,90,145.419406,0.322086170895,-201.315473,-55.896067,-19.681769
1048576,1048640,2097280,0.106,222311,32,80,13108,27,91,147.053887,0.322086170895,-203.542536,-56.488648,-19.681769
1048576,1048640,2097280,0.106,222311,32,80,13108,27,92,148.688369,0.322086170895,-205.768365,-57.079996,-19.681769
1048576,1048640,2097280,0.106,222311,32,80,13108,27,93,150.322850,0.322086170895,-207.992832,-57.669982,-19.681769
1048576,1048640,2097280,0.106,222311,32,80,13108,27,94,151.957331,0.322086170895,-210.215800,-58.258469,-19.681769
1048576,1048640,2097280,0.106,222311,32,80,13108,27,95,153.591813,0.322086170895,-212.437121,-58.845308,-19.681769
1048576,1048640,2097280,0.106,222311,32,80,13108,27,96,155.226294,0.322086170895,-214.656639,-59.430344,-19.681769
1048576,1048640,2097280,0.106,222311,32,80,13108,27,97,156.860776,0.322086170895,-216.874183,-60.013407,-19.681769
1048576,1048640,2097280,0.106,222311,32,80,13108,27,98,158.495257,0.322086170895,-219.089579,-60.594322,-19.681769
1048576,1048640,2097280,0.106,222311,32,80,13108,27,99,160.129738,0.322086170895,-221.302639,-61.172901,-19.681769
1048576,1048640,2097280,0.106,222311,32,80,13108,27,100,161.764220,0.322086170895,-223.513174,-61.748954,-19.681769
1048576,1048640,2097280,0.106,222311,32,80,13108,27,101,163.398701,0.322086170895,-225.720982,-62.322281,-19.681769
1048576,1048640,2097280,0.106,222311,32,80,13108,27,102,165.033182,0.322086170895,-227.925862,-62.892680,-19.681769
1048576,1048640,2097280,0.106,222311,32,80,13108,27,103,166.667664,0.322086170895,-230.127608,-63.459944,-19.681769
1048576,1048640,2097280,0.106,222311,32,80,13108,27,104,168.302145,0.322086170895,-232.326017,-64.023872,-19.681769
1048576,1048640,2097280,0.106,222311,32,80,13108,27,105,169.936627,0.322086170895,-234.520892,-64.584265,-19.681769
1048576,1048640,2097280,0.106,222311,32,80,13108,27,106,171.571108,0.322086170895,-236.712034,-65.140926,-19.681769
1048576,1048640,2097280,0.106,222311,32,80,13108,27,107,173.205589,0.322086170895,-238.899265,-65.693675,-19.681769
1048576,1048640,2097280,0.106,222311,32,80,13108,27,108,174.840071,0.322086170895,-241.082416,-66.242346,-19.681769
1048576,1048640,2097280,0.106,222311,32,80,13108,27,109,176.474552,0.322086170895,-243.261334,-66.786782,-19.681769
1048576,1048640,2097280,0.106,222311,32,80,13108,27,110,178.109033,0.322086170895,-245.435890,-67.326856,-19.681769
1048576,1048640,2097280,0.106,222311,32,80,13108,27,111,179.743515,0.322086170895,-247.605979,-67.862464,-19.681769
1048576,1048640,2097280,0.106,222311,32,80,13108,27,112,181.377996,0.322086170895,-249.771519,-68.393522,-19.681769
1048576,1048640,2097280,0.106,222311,32,80,13108,27,113,183.012478,0.322086170895,-251.932459,-68.919981,-19.681769
1048576,1048640,2097280,0.106,222311,32,80,13108,27,114,184.646959,0.322086170895,-254.088781,-69.441822,-19.681769
1048576,1048640,2097280,0.106,222311,32,80,13108,27,115,186.281440,0.322086170895,-256.240489,-69.959049,-19.681769
1048576,1048640,2097280,0.106,222311,32,80,13108,27,116,187.915922,0.322086170895,-258.387626,-70.471704,-19.681769
1048576,1048640,2097280,0.106,222311,32,80,13108,27,117,189.550403,0.322086170895,-260.530262,-70.979859,-19.681769
1048576,1048640,2097280,0.106,222311,32,80,13108,27,118,191.184885,0.322086170895,-262.668490,-71.483606,-19.681769
1048576,1048640,2097280,0.106,222311,32,80,13108,27,119,192.819366,0.322086170895,-264.802434,-71.983069,-19.681769
1048576,1048640,2097280,0.106,222311,32,80,13108,27,120,194.453847,0.322086170895,-266.932240,-72.478393,-19.681769
1048576,1048640,2097280,0.106,222311,32,80,13108,27,121,196.088329,0.322086170895,-269.058068,-72.969739,-19.681769
1048576,1048640,2097280,0.106,222311,32,80,13108,27,122,197.722810,0.322086170895,-271.180098,-73.457288,-19.681769
1048576,1048640,2097280,0.106,222311,32,80,13108,27,123,199.357291,0.322086170895,-273.298525,-73.941233,-19.681769
1048576,1048640,2097280,0.106,222311,32,80,13108,27,124,200.991773,0.322086170895,-275.413544,-74.421772,-19.681769
1048576,1048640,2097280,0.106,222311,32,80,13108,27,125,202.626254,0.322086170895,-277.525364,-74.899110,-19.681769
1048576,1048640,2097280,0.106,222311,32,80,13108,27,126,204.260736,0.322086170895,-279.634192,-75.373457,-19.681769
1048576,1048640,2097280,0.106,222311,32,80,13108,27,127,205.895217,0.322086170895,-281.740235,-75.845018,-19.681769
1048576,1048640,2097280,0.106,222311,32,80,13108,27,128,207.529698,0.322086170895,-283.843696,-76.313997,-19.681769
1048576,1048640,2097280,0.106,222311,32,80,13108,27,129,209.164180,0.322086170895,-285.944776,-76.780596,-19.681769
1048576,1048640,2097280,0.106,222311,32,80,13108,27,130,210.798661,0.322086170895,-288.043665,-77.245004,-19.681769
1048576,1048640,2097280,0.106,222311,32,80,13108,27,131,212.433142,0.322086170895,-290.140548,-77.707406,-19.681769
1048576,1048640,2097280,0.106,222311,32,80,13108,27,132,214.067624,0.322086170895,-292.235603,-78.167979,-19.681769
1048576,1048640,2097280,0.106,222311,32,80,13108,27,133,215.702105,0.322086170895,-294.328991,-78.626886,-19.681769
1048576,1048640,2097280,0.106,222311,32,80,13108,27,134,217.336587,0.322086170895,-296.420869,-79.084283,-19.681769
1048576,1048640,2097280,0.106,222311,32,80,13108,27,135,218.971068,0.322086170895,-298.511384,-79.540316,-19.681769
1048576,1048640,2097280,0.106,222311,32,80,13108,27,136,220.605549,0.322086170895,-300.600669,-79.995119,-19.681769
1048576,1048640,2097280,0.106,222311,32,80,13108,27,137,222.240031,0.322086170895,-302.688848,-80.448818,-19.681769
1048576,1048640,2097280,0.106,222311,32,80,13108,27,138,223.874512,0.322086170895,-304.776039,-80.901527,-19.681769
1048576,1048640,2097280,0.106,222311,32,80,13108,27,139,225.508993,0.322086170895,-306.862344,-81.353351,-19.681769
1048576,1048640,2097280,0.106,222311,32,80,13108,27,140,227.143475,0.322086170895,-308.947862,-81.804387,-19.681769
1048576,1048640,2097280,0.106,222311,32,80,13108,27,141,228.777956,0.322086170895,-311.032682,-82.254725,-19.681769
1048576,1048640,2097280,0.106,222311,32,80,13108,27,142,230.412438,0.322086170895,-313.116882,-82.704444,-19.681769
1048576,1048640,2097280,0.106,222311,32,80,13108,27,143,232.046919,0.322086170895,-315.200536,-83.153617,-19.681769
1048576,1048640,2097280,0.106,222311,32,80,13108,27,144,233.681400,0.322086170895,-317.283711,-83.602311,-19.681769
1048576,1048640,2097280,0.106,222311,32,80,13108,27,145,235.315882,0.322086170895,-319.366466,-84.050585,-19.681769
1048576,1048640,2097280,0.106,222311,32,80,13108,27,146,236.950363,0.322086170895,-321.448856,-84.498493,-19.681769
1048576,1048640,2097280,0.106,222311,32,80,13108,27,147,238.584844,0.322086170895,-323.530929,-84.946085,-19.681769
1048576,1048640,2097280,0.106,222311,32,80,13108,27,148,240.219326,0.322086170895,-325.612729,-85.393404,-19.681769
1048576,1048640,2097280,0.106,222311,32,80,13108,27,149,241.853807,0.322086170895,-327.694296,-85.840489,-19.681769
1048576,1048640,2097280,0.106,222311,32,80,13108,27,150,243.488289,0.322086170895,-329.775665,-86.287377,-19.681769
1048576,1048640,2097280,0.106,222311,32,80,13108,27,151,245.122770,0.322086170895,-331.856868,-86.734098,-19.681769
1048576,1048640,2097280,0.106,222311,32,80,13108,27,152,246.757251,0.322086170895,-333.937933,-87.180682,-19.681769
1048576,1048640,2097280,0.106,222311,32,80,13108,27,153,248.391733,0.322086170895,-336.018886,-87.627154,-19.681769
1048576,1048640,2097280,0.106,222311,32,80,13108,27,154,250.026214,0.322086170895,-338.099750,-88.073536,-19.681769
1048576,1048640,2097280,0.106,222311,32,80,13108,27,155,251.660695,0.322086170895,-340.180545,-88.519849,-19.681769
1048576,1048640,2097280,0.106,222311,32,80,13108,27,156,253.295177,0.322086170895,-342.261288,-88.966112,-19.681769
1048576,1048640,2097280,0.106,222311,32,80,13108,27,157,254.929658,0.322086170895,-344.341998,-89.412339,-19.681769
1048576,1048640,2097280,0.106,222311,32,80,13108,27,158,256.564140,0.322086170895,-346.422686,-89.858547,-19.681769
1048576,1048640,2097280,0.106,222311,32,80,13108,27,159,258.198621,0.322086170895,-348.503367,-90.304746,-19.681769
1048576,1048640,2097280,0.106,222311,32,80,13108,27,160,259.833102,0.322086170895,-350.584052,-90.750949,-19.681769
1048576,1048640,2097280,0.106,222311,32,80,13108,28,1,-inf,,-2.237846,-inf,-inf
1048576,1048640,2097280,0.106,222311,32,80,13108,28,2,-inf,,-4.475692,-inf,-inf
1048576,1048640,2097280,0.106,222311,32,80,13108,28,3,-inf,,-6.713537,-inf,-inf
1048576,1048640,2097280,0.106,222311,32,80,13108,28,4,-inf,,-8.951381,-inf,-inf
1048576,1048640,2097280,0.106,222311,32,80,13108,28,5,-inf,,-11.189224,-inf,-inf
1048576,1048640,2097280,0.106,222311,32,80,13108,28,6,-inf,,-13.427067,-inf,-inf
1048576,1048640,2097280,0.106,222311,32,80,13108,28,7,-inf,,-15.664909,-inf,-inf
1048576,1048640,2097280,0.106,222311,32,80,13108,28,8,-inf,,-17.902750,-inf,-inf
1048576,1048640,2097280,0.106,222311,32,80,13108,28,9,-inf,,-20.140591,-inf,-inf
1048576,1048640,2097280,0.106,222311,32,80,13108,28,10,-inf,,-22.378431,-inf,-inf
1048576,1048640,2097280,0.106,222311,32,80,13108,28,11,-inf,,-24.616270,-inf,-inf
1048576,1048640,2097280,0.106,222311,32,80,13108,28,12,-inf,,-26.854108,-inf,-inf
1048576,1048640,2097280,0.106,222311,32,80,13108,28,13,-inf,,-29.091945,-inf,-inf
1048576,1048640,2097280,0.106,222311,32,80,13108,28,14,-inf,,-31.329782,-inf,-inf
1048576,1048640,2097280,0.106,222311,32,80,13108,28,15,-inf,,-33.567618,-inf,-inf
1048576,1048640,2097280,0.106,222311,32,80,13108,28,16,-inf,,-35.805453,-inf,-inf
1048576,1048640,2097280,0.106,222311,32,80,13108,28,17,-inf,,-38.043288,-inf,-inf
1048576,1048640,2097280,0.106,222311,32,80,13108,28,18,-inf,,-40.281121,-inf,-inf
1048576,1048640,2097280,0.106,222311,32,80,13108,28,19,-inf,,-42.518954,-inf,-inf
1048576,1048640,2097280,0.106,222311,32,80,13108,28,20,-inf,,-44.756786,-inf,-inf
1048576,1048640,2097280,0.106,222311,32,80,13108,28,21,-inf,,-46.994617,-inf,-inf
1048576,1048640,2097280,0.106,222311,32,80,13108,28,22,-inf,,-49.232447,-inf,-inf
1048576,1048640,2097280,0.106,222311,32,80,13108,28,23,-inf,,-51.470276,-inf,-inf
1048576,1048640,2097280,0.106,222311,32,80,13108,28,24,-inf,,-53.708104,-inf,-inf
1048576,1048640,2097280,0.106,222311,32,80,13108,28,25,-inf,,-55.945932,-inf,-inf
1048576,1048640,2097280,0.106,222311,32,80,13108,28,26,-inf,,-58.183758,-inf,-inf
1048576,1048640,2097280,0.106,222311,32,80,13108,28,27,-inf,,-60.421583,-inf,-inf
1048576,1048640,2097280,0.106,222311,32,80,13108,28,28,38.126368,0.156725588185,-62.659406,-24.533038,-24.533038
1048576,1048640,2097280,0.106,222311,32,80,13108,28,29,40.800056,0.156725588185,-64.897229,-24.097173,-23.298707
1048576,1048640,2097280,0.106,222311,32,80,13108,28,30,43.473743,0.156725588185,-67.135050,-23.661307,-22.468645
1048576,1048640,2097280,0.106,222311,32,80,13108,28,31,46.147430,0.156725588185,-69.372869,-23.225439,-21.797977
1048576,1048640,2097280,0.106,222311,32,80,13108,28,32,48.756322,0.21340807009,-71.610687,-22.854366,-21.231567
1048576,1048640,2097280,0.106,222311,32,80,13108,28,33,50.867557,0.236538124161,-73.848504,-22.980947,-20.855911
1048576,1048640,2097280,0.106,222311,32,80,13108,28,34,52.889716,0.262175109676,-76.086318,-23.196602,-20.595987
1048576,1048640,2097280,0.106,222311,32,80,13108,28,35,54.821114,0.262175109676,-78.324131,-23.503017,-20.415431
1048576,1048640,2097280,0.106,222311,32,80,13108,28,36,56.679180,0.290590738289,-80.561941,-23.882761,-20.290556
1048576,1048640,2097280,0.106,222311,32,80,13108,28,37,58.462119,0.290590738289,-82.799749,-24.337629,-20.205820
1048576,1048640,2097280,0.106,222311,32,80,13108,28,38,60.245059,0.290590738289,-85.037554,-24.792495,-20.146995
1048576,1048640,2097280,0.106,222311,32,80,13108,28,39,62.027998,0.290590738289,-87.275356,-25.247358,-20.105542
1048576,1048640,2097280,0.106,222311,32,80,13108,28,40,63.685352,0.322086170895,-89.513155,-25.827803,-20.078470
1048576,1048640,2097280,0.106,222311,32,80,13108,28,41,65.319833,0.322086170895,-91.750951,-26.431118,-20.060923
1048576,1048640,2097280,0.106,222311,32,80,13108,28,42,66.954314,0.322086170895,-93.988742,-27.034428,-20.049489
1048576,1048640,2097280,0.106,222311,32,80,13108,28,43,68.588796,0.322086170895,-96.226529,-27.637733,-20.042011
1048576,1048640,2097280,0.106,222311,32,80,13108,28,44,70.223277,0.322086170895,-98.464311,-28.241034,-20.037110
1048576,1048640,2097280,0.106,222311,32,80,13108,28,45,71.857759,0.322086170895,-100.702087,-28.844329,-20.033893
1048576,1048640,2097280,0.106,222311,32,80,13108,28,46,73.492240,0.322086170895,-102.939857,-29.447617,-20.031780
1048576,1048640,2097280,0.106,222311,32,80,13108,28,47,75.126721,0.322086170895,-105.177620,-30.050899,-20.030390
1048576,1048640,2097280,0.106,222311,32,80,13108,28,48,76.761203,0.322086170895,-107.415376,-30.654173,-20.029476
1048576,1048640,2097280,0.106,222311,32,80,13108,28,49,78.395684,0.322086170895,-109.653122,-31.257438,-20.028875
1048576,1048640,2097280,0.106,222311,32,80,13108,28,50,80.030165,0.322086170895,-111.890859,-31.860693,-20.028479
1048576,1048640,2097280,0.106,222311,32,80,13108,28,51,81.664647,0.322086170895,-114.128584,-32.463937,-20.028218
1048576,1048640,2097280,0.106,222311,32,80,13108,28,52,83.299128,0.322086170895,-116.366297,-33.067169,-20.028047
1048576,1048640,2097280,0.106,222311,32,80,13108,28,53,84.933610,0.322086170895,-118.603995,-33.670386,-20.027934
1048576,1048640,2097280,0.106,222311,32,80,13108,28,54,86.568091,0.322086170895,-120.841678,-34.273587,-20.027860
1048576,1048640,2097280,0.106,222311,32,80,13108,28,55,88.202572,0.322086170895,-123.079343,-34.876770,-20.027811
1048576,1048640,2097280,0.106,222311,32,80,13108,28,56,89.837054,0.322086170895,-125.316987,-35.479934,-20.027779
1048576,1048640,2097280,0.106,222311,32,80,13108,28,57,91.471535,0.322086170895,-127.554609,-36.083074,-20.027758
1048576,1048640,2097280,0.106,222311,32,80,13108,28,58,93.106016,0.322086170895,-129.792205,-36.686189,-20.027744
1048576,1048640,2097280,0.106,222311,32,80,13108,28,59,94.740498,0.322086170895,-132.029772,-37.289274,-20.027735
1048576,1048640,2097280,0.106,222311,32,80,13108,28,60,96.374979,0.322086170895,-134.267306,-37.892327,-20.027728
1048576,1048640,2097280,0.106,222311,32,80,13108,28,61,98.009461,0.322086170895,-136.504804,-38.495343,-20.027724
1048576,1048640,2097280,0.106,222311,32,80,13108,28,62,99.643942,0.322086170895,-138.742260,-39.098318,-20.027722
1048576,1048640,2097280,0.106,222311,32,80,13108,28,63,101.278423,0.322086170895,-140.979669,-39.701246,-20.027720
1048576,1048640,2097280,0.106,222311,32,80,13108,28,64,102.912905,0.322086170895,-143.217026,-40.304122,-20.027719
1048576,1048640,2097280,0.106,222311,32,80,13108,28,65,104.547386,0.322086170895,-145.454324,-40.906938,-20.027718
1048576,1048640,2097280,0.106,222311,32,80,13108,28,66,106.181867,0.322086170895,-147.691555,-41.509687,-20.027718
1048576,1048640,2097280,0.106,222311,32,80,13108,28,67,107.816349,0.322086170895,-149.928710,-42.112361,-20.027717
1048576,1048640,2097280,0.106,222311,32,80,13108,28,68,109.450830,0.322086170895,-152.165781,-42.714951,-20.027717
1048576,1048640,2097280,0.106,222311,32,80,13108,28,69,111.085312,0.322086170895,-154.402757,-43.317445,-20.027717
1048576,1048640,2097280,0.106,222311,32,80,13108,28,70,112.719793,0.322086170895,-156.639626,-43.919833,-20.027717
1048576,1048640,2097280,0.106,222311,32,80,13108,28,71,114.354274,0.322086170895,-158.876374,-44.522099,-20.027717
1048576,1048640,2097280,0.106,222311,32,80,13108,28,72,115.988756,0.322086170895,-161.112986,-45.124231,-20.027717
1048576,1048640,2097280,0.106,222311,32,80,13108,28,73,117.623237,0.322086170895,-163.349447,-45.726210,-20.027717
1048576,1048640,2097280,0.106,222311,32,80,13108,28,74,119.257718,0.322086170895,-165.585736,-46.328018,-20.027717
1048576,1048640,2097280,0.106,222311,32,80,13108,28,75,120.892200,0.322086170895,-167.821833,-46.929633,-20.027717
1048576,1048640,2097280,0.106,222311,32,80,13108,28,76,122.526681,0.322086170895,-170.057715,-47.531034,-20.027717
1048576,1048640,2097280,0.106,222311,32,80,13108,28,77,124.161163,0.322086170895,-172.293355,-48.132192,-20.027717
1048576,1048640,2097280,0.106,222311,32,80,13108,28,78,125.795644,0.322086170895,-174.528724,-48.733080,-20.027717
1048576,1048640,2097280,0.106,222311,32,80,13108,28,79,127.430125,0.322086170895,-176.763788,-49.333663,-20.027717
1048576,1048640,2097280,0.106,222311,32,80,13108,28,80,129.064607,0.322086170895,-178.998512,-49.933906,-20.027717
1048576,1048640,2097280,0.106,222311,32,80,13108,28,81,130.699088,0.322086170895,-181.232855,-50.533767,-20.027717
1048576,1048640,2097280,0.106,222311,32,80,13108,28,82,132.333569,0.322086170895,-183.466772,-51.133203,-20.027717
1048576,1048640,2097280,0.106,222311,32,80,13108,28,83,133.968051,0.322086170895,-185.700212,-51.732162,-20.027717
1048576,1048640,2097280,0.106,222311,32,80,13108,28,84,135.602532,0.322086170895,-187.933121,-52.330589,-20.027717
1048576,1048640,2097280,0.106,222311,32,80,13108,28,85,137.237014,0.322086170895,-190.165436,-52.928422,-20.027717
1048576,1048640,2097280,0.106,222311,32,80,13108,28,86,138.871495,0.322086170895,-192.397090,-53.525595,-20.027717
1048576,1048640,2097280,0.106,222311,32,80,13108,28,87,140.505976,0.322086170895,-194.628006,-54.122030,-20.027717
1048576,1048640,2097280,0.106,222311,32,80,13108,28,88,142.140458,0.322086170895,-196.858104,-54.717647,-20.027717
1048576,1048640,2097280,0.106,222311,32,80,13108,28,89,143.774939,0.322086170895,-199.087293,-55.312353,-20.027717
1048576,1048640,2097280,0.106,222311,32,80,13108,28,90,145.409420,0.322086170895,-201.315473,-55.906052,-20.027717
1048576,1048640,2097280,0.106,222311,32,80,13108,28,91,147.043902,0.322086170895,-203.542536,-56.498634,-20.027717
1048576,1048640,2097280,0.106,222311,32,80,13108,28,92,148.678383,0.322086170895,-205.768365,-57.089982,-20.027717
1048576,1048640,2097280,0.106,222311,32,80,13108,28,93,150.312865,0.322086170895,-207.992832,-57.679967,-20.027717
1048576,1048640,2097280,0.106,222311,32,80,13108,28,94,151.947346,0.322086170895,-210.215800,-58.268454,-20.027717
1048576,1048640,2097280,0.106,222311,32,80,13108,28,95,153.581827,0.322086170895,-212.437121,-58.855294,-20.027717
1048576,1048640,2097280,0.106,222311,32,80,13108,28,96,155.216309,0.322086170895,-214.656639,-59.440330,-20.027717
1048576,1048640,2097280,0.106,222311,32,80,13108,28,97,156.850790,0.322086170895,-216.874183,-60.023393,-20.027717
1048576,1048640,2097280,0.106,222311,32,80,13108,28,98,158.485271,0.322086170895,-219.089579,-60.604307,-20.027717
1048576,1048640,2097280,0.106,222311,32,80,13108,28,99,160.119753,0.322086170895,-221.302639,-61.182887,-20.027717
1048576,1048640,2097280,0.106,222311,32,80,13108,28,100,161.754234,0.322086170895,-223.513174,-61.758940,-20.027717
1048576,1048640,2097280,0.106,222311,32,80,13108,28,101,163.388716,0.322086170895,-225.720982,-62.332266,-20.027717
1048576,1048640,2097280,0.106,222311,32,80,13108,28,102,165.023197,0.322086170895,-227.925862,-62.902665,-20.027717
1048576,1048640,2097280,0.106,222311,32,80,13108,28,103,166.657678,0.322086170895,-230.127608,-63.469930,-20.027717
1048576,1048640,2097280,0.106,222311,32,80,13108,28,104,168.292160,0.322086170895,-232.326017,-64.033858,-20.027717
1048576,1048640,2097280,0.106,222311,32,80,13108,28,105,169.926641,0.322086170895,-234.520892,-64.594251,-20.027717
1048576,1048640,2097280,0.106,222311,32,80,13108,28,106,171.561123,0.322086170895,-236.712034,-65.150912,-20.027717
1048576,1048640,2097280,0.106,222311,32,80,13108,28,107,173.195604,0.322086170895,-238.899265,-65.703661,-20.027717
1048576,1048640,2097280,0.106,222311,32,80,13108,28,108,174.830085,0.322086170895,-241.082416,-66.252331,-20.027717
1048576,1048640,2097280,0.106,222311,32,80,13108,28,109,176.464567,0.322086170895,-243.261334,-66.796767,-20.027717
1048576,1048640,2097280,0.106,222311,32,80,13108,28,110,178.099048,0.322086170895,-245.435890,-67.336842,-20.027717
1048576,1048640,2097280,0.106,222311,32,80,13108,28,111,179.733529,0.322086170895,-247.605979,-67.872450,-20.027717
1048576,1048640,2097280,0.106,222311,32,80,13108,28,112,181.368011,0.322086170895,-249.771519,-68.403508,-20.027717
1048576,1048640,2097280,0.106,222311,32,80,13108,28,113,183.002492,0.322086170895,-251.932459,-68.929967,-20.027717
1048576,1048640,2097280,0.106,222311,32,80,13108,28,114,184.636974,0.322086170895,-254.088781,-69.451807,-20.027717
1048576,1048640,2097280,0.106,222311,32,80,13108,28,115,186.271455,0.322086170895,-256.240489,-69.969034,-20.027717
1048576,1048640,2097280,0.106,222311,32,80,13108,28,116,187.905936,0.322086170895,-258.387626,-70.481690,-20.027717
1048576,1048640,2097280,0.106,222311,32,80,13108,28,117,189.540418,0.322086170895,-260.530262,-70.989845,-20.027717
1048576,1048640,2097280,0.106,222311,32,80,13108,28,118,191.174899,0.322086170895,-262.668490,-71.493591,-20.027717
1048576,1048640,2097280,0.106,222311,32,80,13108,28,119,192.809380,0.322086170895,-264.802434,-71.993054,-20.027717
1048576,1048640,2097280,0.106,222311,32,80,13108,28,120,194.443862,0.322086170895,-266.932240,-72.488378,-20.027717
1048576,1048640,2097280,0.106,222311,32,80,13108,28,121,196.078343,0.322086170895,-269.058068,-72.979725,-20.027717
1048576,1048640,2097280,0.106,222311,32,80,13108,28,122,197.712825,0.322086170895,-271.180098,-73.467274,-20.027717
1048576,1048640,2097280,0.106,222311,32,80,13108,28,123,199.347306,0.322086170895,-273.298525,-73.951219,-20.027717
1048576,1048640,2097280,0.106,222311,32,80,13108,28,124,200.981787,0.322086170895,-275.413544,-74.431757,-20.027717
1048576,1048640,2097280,0.106,222311,32,80,13108,28,125,202.616269,0.322086170895,-277.525364,-74.909095,-20.027717
1048576,1048640,2097280,0.106,222311,32,80,13108,28,126,204.250750,0.322086170895,-279.634192,-75.383442,-20.027717
1048576,1048640,2097280,0.106,222311,32,80,13108,28,127,205.885231,0.322086170895,-281.740235,-75.855003,-20.027717
1048576,1048640,2097280,0.106,222311,32,80,13108,28,128,207.519713,0.322086170895,-283.843696,-76.323983,-20.027717
1048576,1048640,2097280,0.106,222311,32,80,13108,28,129,209.154194,0.322086170895,-285.944776,-76.790581,-20.027717
1048576,1048640,2097280,0.106,222311,32,80,13108,28,130,210.788676,0.322086170895,-288.043665,-77.254989,-20.027717
1048576,1048640,2097280,0.106,222311,32,80,13108,28,131,212.423157,0.322086170895,-290.140548,-77.717392,-20.027717
1048576,1048640,2097280,0.106,222311,32,80,13108,28,132,214.057638,0.322086170895,-292.235603,-78.177964,-20.027717
1048576,1048640,2097280,0.106,222311,32,80,13108,28,133,215.692120,0.322086170895,-294.328991,-78.636871,-20.027717
1048576,1048640,2097280,0.106,222311,32,80,13108,28,134,217.326601,0.322086170895,-296.420869,-79.094268,-20.027717
1048576,1048640,2097280,0.106,222311,32,80,13108,28,135,218.961082,0.322086170895,-298.511384,-79.550302,-20.027717
1048576,1048640,2097280,0.106,222311,32,80,13108,28,136,220.595564,0.322086170895,-300.600669,-80.005105,-20.027717
1048576,1048640,2097280,0.106,222311,32,80,13108,28,137,222.230045,0.322086170895,-302.688848,-80.458803,-20.027717
1048576,1048640,2097280,0.106,222311,32,80,13108,28,138,223.864527,0.322086170895,-304.776039,-80.911512,-20.027717
1048576,1048640,2097280,0.106,222311,32,80,13108,28,139,225.499008,0.322086170895,-306.862344,-81.363336,-20.027717
1048576,1048640,2097280,0.106,222311,32,80,13108,28,140,227.133489,0.322086170895,-308.947862,-81.814373,-20.027717
1048576,1048640,2097280,0.106,222311,32,80,13108,28,141,228.767971,0.322086170895,-311.032682,-82.264711,-20.027717
1048576,1048640,2097280,0.106,222311,32,80,13108,28,142,230.402452,0.322086170895,-313.116882,-82.714430,-20.027717
1048576,1048640,2097280,0.106,222311,32,80,13108,28,143,232.036933,0.322086170895,-315.200536,-83.163603,-20.027717
1048576,1048640,2097280,0.106,222311,32,80,13108,28,144,233.671415,0.322086170895,-317.283711,-83.612296,-20.027717
1048576,1048640,2097280,0.106,222311,32,80,13108,28,145,235.305896,0.322086170895,-319.366466,-84.060570,-20.027717
1048576,1048640,2097280,0.106,222311,32,80,13108,28,146,236.940378,0.322086170895,-321.448856,-84.508478,-20.027717
1048576,1048640,2097280,0.106,222311,32,80,13108,28,147,238.574859,0.322086170895,-323.530929,-84.956070,-20.027717
1048576,1048640,2097280,0.106,222311,32,80,13108,28,148,240.209340,0.322086170895,-325.612729,-85.403389,-20.027717
1048576,1048640,2097280,0.106,222311,32,80,13108,28,149,241.843822,0.322086170895,-327.694296,-85.850474,-20.027717
1048576,1048640,2097280,0.106,222311,32,80,13108,28,150,243.478303,0.322086170895,-329.775665,-86.297362,-20.027717
1048576,1048640,2097280,0.106,222311,32,80,13108,28,151,245.112784,0.322086170895,-331.856868,-86.744084,-20.027717
1048576,1048640,2097280,0.106,222311,32,80,13108,28,152,246.747266,0.322086170895,-333.937933,-87.190667,-20.027717
1048576,1048640,2097280,0.106,222311,32,80,13108,28,153,248.381747,0.322086170895,-336.018886,-87.637139,-20.027717
1048576,1048640,2097280,0.106,222311,32,80,13108,28,154,250.016229,0.322086170895,-338.099750,-88.083522,-20.027717
1048576,1048640,2097280,0.106,222311,32,80,13108,28,155,251.650710,0.322086170895,-340.180545,-88.529835,-20.027717
1048576,1048640,2097280,0.106,222311,32,80,13108,28,156,253.285191,0.322086170895,-342.261288,-88.976097,-20.027717
1048576,1048640,2097280,0.106,222311,32,80,13108,28,157,254.919673,0.322086170895,-344.341998,-89.422325,-20.027717
1048576,1048640,2097280,0.106,222311,32,80,13108,28,158,256.554154,0.322086170895,-346.422686,-89.868532,-20.027717
1048576,1048640,2097280,0.106,222311,32,80,13108,28,159,258.188635,0.322086170895,-348.503367,-90.314732,-20.027717
1048576,1048640,2097280,0.106,222311,32,80,13108,28,160,259.823117,0.322086170895,-350.584052,-90.760935,-20.027717
1048576,1048640,2097280,0.106,222311,32,80,13108,29,1,-inf,,-2.237846,-inf,-inf
1048576,1048640,2097280,0.106,222311,32,80,13108,29,2,-inf,,-4.475692,-inf,-inf
1048576,1048640,2097280,0.106,222311,32,80,13108,29,3,-inf,,-6.713537,-inf,-inf
1048576,1048640,2097280,0.106,222311,32,80,13108,29,4,-inf,,-8.951381,-inf,-inf
1048576,1048640,2097280,0.106,222311,32,80,13108,29,5,-inf,,-11.189224,-inf,-inf
1048576,1048640,2097280,0.106,222311,32,80,13108,29,6,-inf,,-13.427067,-inf,-inf
1048576,1048640,2097280,0.106,222311,32,80,13108,29,7,-inf,,-15.664909,-inf,-inf
1048576,1048640,2097280,0.106,222311,32,80,13108,29,8,-inf,,-17.902750,-inf,-inf
1048576,1048640,2097280,0.106,222311,32,80,13108,29,9,-inf,,-20.140591,-inf,-inf
1048576,1048640,2097280,0.106,222311,32,80,13108,29,10,-inf,,-22.378431,-inf,-inf
1048576,1048640,2097280,0.106,222311,32,80,13108,29,11,-inf,,-24.616270,-inf,-inf
1048576,1048640,2097280,0.106,222311,32,80,13108,29,12,-inf,,-26.854108,-inf,-inf
1048576,1048640,2097280,0.106,222311,32,80,13108,29,13,-inf,,-29.091945,-inf,-inf
1048576,1048640,2097280,0.106,222311,32,80,13108,29,14,-inf,,-31.329782,-inf,-inf
1048576,1048640,2097280,0.106,222311,32,80,13108,29,15,-inf,,-33.567618,-inf,-inf
1048576,1048640,2097280,0.106,222311,32,80,13108,29,16,-inf,,-35.805453,-inf,-inf
1048576,1048640,2097280,0.106,222311,32,80,13108,29,17,-inf,,-38.043288,-inf,-inf
1048576,1048640,2097280,0.106,222311,32,80,13108,29,18,-inf,,-40.281121,-inf,-inf
1048576,1048640,2097280,0.106,222311,32,80,13108,29,19,-inf,,-42.518954,-inf,-inf
1048576,1048640,2097280,0.106,222311,32,80,13108,29,20,-inf,,-44.756786,-inf,-inf
1048576,1048640,2097280,0.106,222311,32,80,13108,29,21,-inf,,-46.994617,-inf,-inf
1048576,1048640,2097280,0.106,222311,32,80,13108,29,22,-inf,,-49.232447,-inf,-inf
1048576,1048640,2097280,0.106,222311,32,80,13108,29,23,-inf,,-51.470276,-inf,-inf
1048576,1048640,2097280,0.106,222311,32,80,13108,29,24,-inf,,-53.708104,-inf,-inf
1048576,1048640,2097280,0.106,222311,32,80,13108,29,25,-inf,,-55.945932,-inf,-inf
1048576,1048640,2097280,0.106,222311,32,80,13108,29,26,-inf,,-58.183758,-inf,-inf
1048576,1048640,2097280,0.106,222311,32,80,13108,29,27,-inf,,-60.421583,-inf,-inf
1048576,1048640,2097280,0.106,222311,32,80,13108,29,28,-inf,,-62.659406,-inf,-inf
1048576,1048640,2097280,0.106,222311,32,80,13108,29,29,40.215093,0.156725588185,-64.897229,-24.682136,-24.682136
1048576,1048640,2097280,0.106,222311,32,80,13108,29,30,42.888780,0.156725588185,-67.135050,-24.246269,-23.447804
1048576,1048640,2097280,0.106,222311,32,80,13108,29,31,45.562468,0.156725588185,-69.372869,-23.810401,-22.617741
1048576,1048640,2097280,0.106,222311,32,80,13108,29,32,48.236155,0.156725588185,-71.610687,-23.374532,-21.947072
1048576,1048640,2097280,0.106,222311,32,80,13108,29,33,50.717842,0.236538124161,-73.848504,-23.130661,-21.420748
1048576,1048640,2097280,0.106,222311,32,80,13108,29,34,52.797698,0.236538124161,-76.086318,-23.288620,-21.071408
1048576,1048640,2097280,0.106,222311,32,80,13108,29,35,54.738982,0.262175109676,-78.324131,-23.585149,-20.838624
1048576,1048640,2097280,0.106,222311,32,80,13108,29,36,56.641623,0.290590738289,-80.561941,-23.920318,-20.677551
1048576,1048640,2097280,0.106,222311,32,80,13108,29,37,58.424562,0.290590738289,-82.799749,-24.375187,-20.570435
1048576,1048640,2097280,0.106,222311,32,80,13108,29,38,60.207501,0.290590738289,-85.037554,-24.830052,-20.497017
1048576,1048640,2097280,0.106,222311,32,80,13108,29,39,61.990441,0.290590738289,-87.275356,-25.284915,-20.445715
1048576,1048640,2097280,0.106,222311,32,80,13108,29,40,63.669972,0.322086170895,-89.513155,-25.843183,-20.411888
1048576,1048640,2097280,0.106,222311,32,80,13108,29,41,65.304453,0.322086170895,-91.750951,-26.446497,-20.390046
1048576,1048640,2097280,0.106,222311,32,80,13108,29,42,66.938935,0.322086170895,-93.988742,-27.049807,-20.375847
1048576,1048640,2097280,0.106,222311,32,80,13108,29,43,68.573416,0.322086170895,-96.226529,-27.653113,-20.366577
1048576,1048640,2097280,0.106,222311,32,80,13108,29,44,70.207897,0.322086170895,-98.464311,-28.256413,-20.360507
1048576,1048640,2097280,0.106,222311,32,80,13108,29,45,71.842379,0.322086170895,-100.702087,-28.859708,-20.356525
1048576,1048640,2097280,0.106,222311,32,80,13108,29,46,73.476860,0.322086170895,-102.939857,-29.462997,-20.353910
1048576,1048640,2097280,0.106,222311,32,80,13108,29,47,75.111341,0.322086170895,-105.177620,-30.066279,-20.352192
1048576,1048640,2097280,0.106,222311,32,80,13108,29,48,76.745823,0.322086170895,-107.415376,-30.669553,-20.351061
1048576,1048640,2097280,0.106,222311,32,80,13108,29,49,78.380304,0.322086170895,-109.653122,-31.272818,-20.350318
1048576,1048640,2097280,0.106,222311,32,80,13108,29,50,80.014786,0.322086170895,-111.890859,-31.876073,-20.349829
1048576,1048640,2097280,0.106,222311,32,80,13108,29,51,81.649267,0.322086170895,-114.128584,-32.479317,-20.349507
1048576,1048640,2097280,0.106,222311,32,80,13108,29,52,83.283748,0.322086170895,-116.366297,-33.082548,-20.349295
1048576,1048640,2097280,0.106,222311,32,80,13108,29,53,84.918230,0.322086170895,-118.603995,-33.685766,-20.349155
1048576,1048640,2097280,0.106,222311,32,80,13108,29,54,86.552711,0.322086170895,-120.841678,-34.288967,-20.349064
1048576,1048640,2097280,0.106,222311,32,80,13108,29,55,88.187192,0.322086170895,-123.079343,-34.892150,-20.349003
1048576,1048640,2097280,0.106,222311,32,80,13108,29,56,89.821674,0.322086170895,-125.316987,-35.495313,-20.348963
1048576,1048640,2097280,0.106,222311,32,80,13108,29,57,91.456155,0.322086170895,-127.554609,-36.098454,-20.348937
1048576,1048640,2097280,0.106,222311,32,80,13108,29,58,93.090637,0.322086170895,-129.792205,-36.701568,-20.348920
1048576,1048640,2097280,0.106,222311,32,80,13108,29,59,94.725118,0.322086170895,-132.029772,-37.304654,-20.348909
1048576,1048640,2097280,0.106,222311,32,80,13108,29,60,96.359599,0.322086170895,-134.267306,-37.907707,-20.348901
1048576,1048640,2097280,0.106,222311,32,80,13108,29,61,97.994081,0.322086170895,-136.504804,-38.510723,-20.348896
1048576,1048640,2097280,0.106,222311,32,80,13108,29,62,99.628562,0.322086170895,-138.742260,-39.113698,-20.348893
1048576,1048640,2097280,0.106,222311,32,80,13108,29,63,101.263043,0.322086170895,-140.979669,-39.716626,-20.348891
1048576,1048640,2097280,0.106,222311,32,80,13108,29,64,102.897525,0.322086170895,-143.217026,-40.319502,-20.348889
1048576,1048640,2097280,0.106,222311,32,80,13108,29,65,104.532006,0.322086170895,-145.454324,-40.922318,-20.348888
1048576,1048640,2097280,0.106,222311,32,80,13108,29,66,106.166488,0.322086170895,-147.691555,-41.525067,-20.348888
1048576,1048640,2097280,0.106,222311,32,80,13108,29,67,107.800969,0.322086170895,-149.928710,-42.127741,-20.348887
1048576,1048640,2097280,0.106,222311,32,80,13108,29,68,109.435450,0.322086170895,-152.165781,-42.730331,-20.348887
1048576,1048640,2097280,0.106,222311,32,80,13108,29,69,111.069932,0.322086170895,-154.402757,-43.332825,-20.348887
1048576,1048640,2097280,0.106,222311,32,80,13108,29,70,112.704413,0.322086170895,-156.639626,-43.935212,-20.348887
1048576,1048640,2097280,0.106,222311,32,80,13108,29,71,114.338895,0.322086170895,-158.876374,-44.537479,-20.348887
1048576,1048640,2097280,0.106,222311,32,80,13108,29,72,115.973376,0.322086170895,-161.112986,-45.139611,-20.348887
1048576,1048640,2097280,0.106,222311,32,80,13108,29,73,117.607857,0.322086170895,-163.349447,-45.741589,-20.348887
1048576,1048640,2097280,0.106,222311,32,80,13108,29,74,119.242339,0.322086170895,-165.585736,-46.343398,-20.348887
1048576,1048640,2097280,0.106,222311,32,80,13108,29,75,120.876820,0.322086170895,-167.821833,-46.945013,-20.348887
1048576,1048640,2097280,0.106,222311,32,80,13108,29,76,122.511301,0.322086170895,-170.057715,-47.546414,-20.348887
1048576,1048640,2097280,0.106,222311,32,80,13108,29,77,124.145783,0.322086170895,-172.293355,-48.147572,-20.348887
1048576,1048640,2097280,0.106,222311,32,80,13108,29,78,125.780264,0.322086170895,-174.528724,-48.748459,-20.348887
1048576,1048640,2097280,0.106,222311,32,80,13108,29,79,127.414746,0.322086170895,-176.763788,-49.349042,-20.348887
1048576,1048640,2097280,0.106,222311,32,80,13108,29,80,129.049227,0.322086170895,-178.998512,-49.949285,-20.348887
1048576,1048640,2097280,0.106,222311,32,80,13108,29,81,130.683708,0.322086170895,-181.232855,-50.549147,-20.348887
1048576,1048640,2097280,0.106,222311,32,80,13108,29,82,132.318190,0.322086170895,-183.466772,-51.148583,-20.348887
1048576,1048640,2097280,0.106,222311,32,80,13108,29,83,133.952671,0.322086170895,-185.700212,-51.747541,-20.348887
1048576,1048640,2097280,0.106,222311,32,80,13108,29,84,135.587152,0.322086170895,-187.933121,-52.345969,-20.348887
1048576,1048640,2097280,0.106,222311,32,80,13108,29,85,137.221634,0.322086170895,-190.165436,-52.943802,-20.348887
1048576,1048640,2097280,0.106,222311,32,80,13108,29,86,138.856115,0.322086170895,-192.397090,-53.540974,-20.348887
1048576,1048640,2097280,0.106,222311,32,80,13108,29,87,140.490597,0.322086170895,-194.628006,-54.137410,-20.348887
1048576,1048640,2097280,0.106,222311,32,80,13108,29,88,142.125078,0.322086170895,-196.858104,-54.733027,-20.348887
1048576,1048640,2097280,0.106,222311,32,80,13108,29,89,143.759559,0.322086170895,-199.087293,-55.327733,-20.348887
1048576,1048640,2097280,0.106,222311,32,80,13108,29,90,145.394041,0.322086170895,-201.315473,-55.921432,-20.348887
1048576,1048640,2097280,0.106,222311,32,80,13108,29,91,147.028522,0.322086170895,-203.542536,-56.514014,-20.348887
1048576,1048640,2097280,0.106,222311,32,80,13108,29,92,148.663003,0.322086170895,-205.768365,-57.105362,-20.348887
1048576,1048640,2097280,0.106,222311,32,80,13108,29,93,150.297485,0.322086170895,-207.992832,-57.695347,-20.348887
1048576,1048640,2097280,0.106,222311,32,80,13108,29,94,151.931966,0.322086170895,-210.215800,-58.283834,-20.348887
1048576,1048640,2097280,0.106,222311,32,80,13108,29,95,153.566448,0.322086170895,-212.437121,-58.870674,-20.348887
1048576,1048640,2097280,0.106,222311,32,80,13108,29,96,155.200929,0.322086170895,-214.656639,-59.455710,-20.348887
1048576,1048640,2097280,0.106,222311,32,80,13108,29,97,156.835410,0.322086170895,-216.874183,-60.038772,-20.348887
1048576,1048640,2097280,0.106,222311,32,80,13108,29,98,158.469892,0.322086170895,-219.089579,-60.619687,-20.348887
1048576,1048640,2097280,0.106,222311,32,80,13108,29,99,160.104373,0.322086170895,-221.302639,-61.198266,-20.348887
1048576,1048640,2097280,0.106,222311,32,80,13108,29,100,161.738854,0.322086170895,-223.513174,-61.774320,-20.348887
1048576,1048640,2097280,0.106,222311,32,80,13108,29,101,163.373336,0.322086170895,-225.720982,-62.347646,-20.348887
1048576,1048640,2097280,0.106,222311,32,80,13108,29,102,165.007817,0.322086170895,-227.925862,-62.918045,-20.348887
1048576,1048640,2097280,0.106,222311,32,80,13108,29,103,166.642299,0.322086170895,-230.127608,-63.485310,-20.348887
1048576,1048640,2097280,0.106,222311,32,80,13108,29,104,168.276780,0.322086170895,-232.326017,-64.049238,-20.348887
1048576,1048640,2097280,0.106,222311,32,80,13108,29,105,169.911261,0.322086170895,-234.520892,-64.609630,-20.348887
1048576,1048640,2097280,0.106,222311,32,80,13108,29,106,171.545743,0.322086170895,-236.712034,-65.166292,-20.348887
1048576,1048640,2097280,0.106,222311,32,80,13108,29,107,173.180224,0.322086170895,-238.899265,-65.719041,-20.348887
1048576,1048640,2097280,0.106,222311,32,80,13108,29,108,174.814705,0.322086170895,-241.082416,-66.267711,-20.348887
1048576,1048640,2097280,0.106,222311,32,80,13108,29,109,176.449187,0.322086170895,-243.261334,-66.812147,-20.348887
1048576,1048640,2097280,0.106,222311,32,80,13108,29,110,178.083668,0.322086170895,-245.435890,-67.352222,-20.348887
1048576,1048640,2097280,0.106,222311,32,80,13108,29,111,179.718150,0.322086170895,-247.605979,-67.887830,-20.348887
1048576,1048640,2097280,0.106,222311,32,80,13108,29,112,181.352631,0.322086170895,-249.771519,-68.418888,-20.348887
1048576,1048640,2097280,0.106,222311,32,80,13108,29,113,182.987112,0.322086170895,-251.932459,-68.945347,-20.348887
1048576,1048640,2097280,0.106,222311,32,80,13108,29,114,184.621594,0.322086170895,-254.088781,-69.467187,-20.348887
1048576,1048640,2097280,0.106,222311,32,80,13108,29,115,186.256075,0.322086170895,-256.240489,-69.984414,-20.348887
1048576,1048640,2097280,0.106,222311,32,80,13108,29,116,187.890556,0.322086170895,-258.387626,-70.497070,-20.348887
1048576,1048640,2097280,0.106,222311,32,80,13108,29,117,189.525038,0.322086170895,-260.530262,-71.005224,-20.348887
1048576,1048640,2097280,0.106,222311,32,80,13108,29,118,191.159519,0.322086170895,-262.668490,-71.508971,-20.348887
1048576,1048640,2097280,0.106,222311,32,80,13108,29,119,192.794001,0.322086170895,-264.802434,-72.008434,-20.348887
1048576,1048640,2097280,0.106,222311,32,80,13108,29,120,194.428482,0.322086170895,-266.932240,-72.503758,-20.348887
1048576,1048640,2097280,0.106,222311,32,80,13108,29,121,196.062963,0.322086170895,-269.058068,-72.995104,-20.348887
1048576,1048640,2097280,0.106,222311,32,80,13108,29,122,197.697445,0.322086170895,-271.180098,-73.482654,-20.348887
1048576,1048640,2097280,0.106,222311,32,80,13108,29,123,199.331926,0.322086170895,-273.298525,-73.966599,-20.348887
1048576,1048640,2097280,0.106,222311,32,80,13108,29,124,200.966407,0.322086170895,-275.413544,-74.447137,-20.348887
1048576,1048640,2097280,0.106,222311,32,80,13108,29,125,202.600889,0.322086170895,-277.525364,-74.924475,-20.348887
1048576,1048640,2097280,0.106,222311,32,80,13108,29,126,204.235370,0.322086170895,-279.634192,-75.398822,-20.348887
1048576,1048640,2097280,0.106,222311,32,80,13108,29,127,205.869852,0.322086170895,-281.740235,-75.870383,-20.348887
1048576,1048640,2097280,0.106,222311,32,80,13108,29,128,207.504333,0.322086170895,-283.843696,-76.339363,-20.348887
1048576,1048640,2097280,0.106,222311,32,80,13108,29,129,209.138814,0.322086170895,-285.944776,-76.805961,-20.348887
1048576,1048640,2097280,0.106,222311,32,80,13108,29,130,210.773296,0.322086170895,-288.043665,-77.270369,-20.348887
1048576,1048640,2097280,0.106,222311,32,80,13108,29,131,212.407777,0.322086170895,-290.140548,-77.732771,-20.348887
1048576,1048640,2097280,0.106,222311,32,80,13108,29,132,214.042258,0.322086170895,-292.235603,-78.193344,-20.348887
1048576,1048640,2097280,0.106,222311,32,80,13108,29,133,215.676740,0.322086170895,-294.328991,-78.652251,-20.348887
1048576,1048640,2097280,0.106,222311,32,80,13108,29,134,217.311221,0.322086170895,-296.420869,-79.109648,-20.348887
1048576,1048640,2097280,0.106,222311,32,80,13108,29,135,218.945703,0.322086170895,-298.511384,-79.565682,-20.348887
1048576,1048640,2097280,0.106,222311,32,80,13108,29,136,220.580184,0.322086170895,-300.600669,-80.020485,-20.348887
1048576,1048640,2097280,0.106,222311,32,80,13108,29,137,222.214665,0.322086170895,-302.688848,-80.474183,-20.348887
1048576,1048640,2097280,0.106,222311,32,80,13108,29,138,223.849147,0.322086170895,-304.776039,-80.926892,-20.348887
1048576,1048640,2097280,0.106,222311,32,80,13108,29,139,225.483628,0.322086170895,-306.862344,-81.378716,-20.348887
1048576,1048640,2097280,0.106,222311,32,80,13108,29,140,227.118109,0.322086170895,-308.947862,-81.829753,-20.348887
1048576,1048640,2097280,0.106,222311,32,80,13108,29,141,228.752591,0.322086170895,-311.032682,-82.280091,-20.348887
1048576,1048640,2097280,0.106,222311,32,80,13108,29,142,230.387072,0.322086170895,-313.116882,-82.729809,-20.348887
1048576,1048640,2097280,0.106,222311,32,80,13108,29,143,232.021554,0.322086170895,-315.200536,-83.178982,-20.348887
1048576,1048640,2097280,0.106,222311,32,80,13108,29,144,233.656035,0.322086170895,-317.283711,-83.627676,-20.348887
1048576,1048640,2097280,0.106,222311,32,80,13108,29,145,235.290516,0.322086170895,-319.366466,-84.075950,-20.348887
1048576,1048640,2097280,0.106,222311,32,80,13108,29,146,236.924998,0.322086170895,-321.448856,-84.523858,-20.348887
1048576,1048640,2097280,0.106,222311,32,80,13108,29,147,238.559479,0.322086170895,-323.530929,-84.971450,-20.348887
1048576,1048640,2097280,0.106,222311,32,80,13108,29,148,240.193960,0.322086170895,-325.612729,-85.418769,-20.348887
1048576,1048640,2097280,0.106,222311,32,80,13108,29,149,241.828442,0.322086170895,-327.694296,-85.865854,-20.348887
1048576,1048640,2097280,0.106,222311,32,80,13108,29,150,243.462923,0.322086170895,-329.775665,-86.312742,-20.348887
1048576,1048640,2097280,0.106,222311,32,80,13108,29,151,245.097405,0.322086170895,-331.856868,-86.759463,-20.348887
1048576,1048640,2097280,0.106,222311,32,80,13108,29,152,246.731886,0.322086170895,-333.937933,-87.206047,-20.348887
1048576,1048640,2097280,0.106,222311,32,80,13108,29,153,248.366367,0.322086170895,-336.018886,-87.652519,-20.348887
1048576,1048640,2097280,0.106,222311,32,80,13108,29,154,250.000849,0.322086170895,-338.099750,-88.098901,-20.348887
1048576,1048640,2097280,0.106,222311,32,80,13108,29,155,251.635330,0.322086170895,-340.180545,-88.545215,-20.348887
1048576,1048640,2097280,0.106,222311,32,80,13108,29,156,253.269812,0.322086170895,-342.261288,-88.991477,-20.348887
1048576,1048640,2097280,0.106,222311,32,80,13108,29,157,254.904293,0.322086170895,-344.341998,-89.437705,-20.348887
1048576,1048640,2097280,0.106,222311,32,80,13108,29,158,256.538774,0.322086170895,-346.422686,-89.883912,-20.348887
1048576,1048640,2097280,0.106,222311,32,80,13108,29,159,258.173256,0.322086170895,-348.503367,-90.330112,-20.348887
1048576,1048640,2097280,0.106,222311,32,80,13108,29,160,259.807737,0.322086170895,-350.584052,-90.776315,-20.348887
1048576,1048640,2097280,0.106,222311,32,80,13108,30,1,-inf,,-2.237846,-inf,-inf
1048576,1048640,2097280,0.106,222311,32,80,13108,30,2,-inf,,-4.475692,-inf,-inf
1048576,1048640,2097280,0.106,222311,32,80,13108,30,3,-inf,,-6.713537,-inf,-inf
1048576,1048640,2097280,0.106,222311,32,80,13108,30,4,-inf,,-8.951381,-inf,-inf
1048576,1048640,2097280,0.106,222311,32,80,13108,30,5,-inf,,-11.189224,-inf,-inf
1048576,1048640,2097280,0.106,222311,32,80,13108,30,6,-inf,,-13.427067,-inf,-inf
1048576,1048640,2097280,0.106,222311,32,80,13108,30,7,-inf,,-15.664909,-inf,-inf
1048576,1048640,2097280,0.106,222311,32,80,13108,30,8,-inf,,-17.902750,-inf,-inf
1048576,1048640,2097280,0.106,222311,32,80,13108,30,9,-inf,,-20.140591,-inf,-inf
1048576,1048640,2097280,0.106,222311,32,80,13108,30,10,-inf,,-22.378431,-inf,-inf
1048576,1048640,2097280,0.106,222311,32,80,13108,30,11,-inf,,-24.616270,-inf,-inf
1048576,1048640,2097280,0.106,222311,32,80,13108,30,12,-inf,,-26.854108,-inf,-inf
1048576,1048640,2097280,0.106,222311,32,80,13108,30,13,-inf,,-29.091945,-inf,-inf
1048576,1048640,2097280,0.106,222311,32,80,13108,30,14,-inf,,-31.329782,-inf,-inf
1048576,1048640,2097280,0.106,222311,32,80,13108,30,15,-inf,,-33.567618,-inf,-inf
1048576,1048640,2097280,0.106,222311,32,80,13108,30,16,-inf,,-35.805453,-inf,-inf
1048576,1048640,2097280,0.106,222311,32,80,13108,30,17,-inf,,-38.043288,-inf,-inf
1048576,1048640,2097280,0.106,222311,32,80,13108,30,18,-inf,,-40.281121,-inf,-inf
1048576,1048640,2097280,0.106,222311,32,80,13108,30,19,-inf,,-42.518954,-inf,-inf
1048576,1048640,2097280,0.106,222311,32,80,13108,30,20,-inf,,-44.756786,-inf,-inf
1048576,1048640,2097280,0.106,222311,32,80,13108,30,21,-inf,,-46.994617,-inf,-inf
1048576,1048640,2097280,0.106,222311,32,80,13108,30,22,-inf,,-49.232447,-inf,-inf
1048576,1048640,2097280,0.106,222311,32,80,13108,30,23,-inf,,-51.470276,-inf,-inf
1048576,1048640,2097280,0.106,222311,32,80,13108,30,24,-inf,,-53.708104,-inf,-inf
1048576,1048640,2097280,0.106,222311,32,80,13108,30,25,-inf,,-55.945932,-inf,-inf
1048576,1048640,2097280,0.106,222311,32,80,13108,30,26,-inf,,-58.183758,-inf,-inf
1048576,1048640,2097280,0.106,222311,32,80,13108,30,27,-inf,,-60.421583,-inf,-inf
1048576,1048640,2097280,0.106,222311,32,80,13108,30,28,-inf,,-62.659406,-inf,-inf
1048576,1048640,2097280,0.106,222311,32,80,13108,30,29,-inf,,-64.897229,-inf,-inf
1048576,1048640,2097280,0.106,222311,32,80,13108,30,30,41.888780,0.156725588185,-67.135050,-25.246269,-25.246269
1048576,1048640,2097280,0.106,222311,32,80,13108,30,31,44.562468,0.156725588185,-69.372869,-24.810401,-24.011937
1048576,1048640,2097280,0.106,222311,32,80,13108,30,32,47.236155,0.156725588185,-71.610687,-24.374532,-23.181873
1048576,1048640,2097280,0.106,222311,32,80,13108,30,33,49.909843,0.156725588185,-73.848504,-23.938661,-22.511203
1048576,1048640,2097280,0.106,222311,32,80,13108,30,34,52.583530,0.156725588185,-76.086318,-23.502788,-21.923430
1048576,1048640,2097280,0.106,222311,32,80,13108,30,35,54.634428,0.262175109676,-78.324131,-23.689702,-21.551629
1048576,1048640,2097280,0.106,222311,32,80,13108,30,36,56.565826,0.262175109676,-80.561941,-23.996115,-21.308311
1048576,1048640,2097280,0.106,222311,32,80,13108,30,37,58.373343,0.290590738289,-82.799749,-24.426406,-21.151041
1048576,1048640,2097280,0.106,222311,32,80,13108,30,38,60.156283,0.290590738289,-85.037554,-24.881271,-21.046233
1048576,1048640,2097280,0.106,222311,32,80,13108,30,39,61.939222,0.290590738289,-87.275356,-25.336134,-20.974302
1048576,1048640,2097280,0.106,222311,32,80,13108,30,40,63.647195,0.322086170895,-89.513155,-25.865960,-20.926503
1048576,1048640,2097280,0.106,222311,32,80,13108,30,41,65.281676,0.322086170895,-91.750951,-26.469274,-20.895882
1048576,1048640,2097280,0.106,222311,32,80,13108,30,42,66.916158,0.322086170895,-93.988742,-27.072584,-20.876075
1048576,1048640,2097280,0.106,222311,32,80,13108,30,43,68.550639,0.322086170895,-96.226529,-27.675890,-20.863184
1048576,1048640,2097280,0.106,222311,32,80,13108,30,44,70.185120,0.322086170895,-98.464311,-28.279191,-20.854761
1048576,1048640,2097280,0.106,222311,32,80,13108,30,45,71.819602,0.322086170895,-100.702087,-28.882486,-20.849243
1048576,1048640,2097280,0.106,222311,32,80,13108,30,46,73.454083,0.322086170895,-102.939857,-29.485774,-20.845623
1048576,1048640,2097280,0.106,222311,32,80,13108,30,47,75.088564,0.322086170895,-105.177620,-30.089056,-20.843245
1048576,1048640,2097280,0.106,222311,32,80,13108,30,48,76.723046,0.322086170895,-107.415376,-30.692330,-20.841681
1048576,1048640,2097280,0.106,222311,32,80,13108,30,49,78.357527,0.322086170895,-109.653122,-31.295595,-20.840653
1048576,1048640,2097280,0.106,222311,32,80,13108,30,50,79.992009,0.322086170895,-111.890859,-31.898850,-20.839976
1048576,1048640,2097280,0.106,222311,32,80,13108,30,51,81.626490,0.322086170895,-114.128584,-32.502094,-20.839531
1048576,1048640,2097280,0.106,222311,32,80,13108,30,52,83.260971,0.322086170895,-116.366297,-33.105325,-20.839238
1048576,1048640,2097280,0.106,222311,32,80,13108,30,53,84.895453,0.322086170895,-118.603995,-33.708543,-20.839046
1048576,1048640,2097280,0.106,222311,32,80,13108,30,54,86.529934,0.322086170895,-120.841678,-34.311744,-20.838919
1048576,1048640,2097280,0.106,222311,32,80,13108,30,55,88.164415,0.322086170895,-123.079343,-34.914927,-20.838835
1048576,1048640,2097280,0.106,222311,32,80,13108,30,56,89.798897,0.322086170895,-125.316987,-35.518090,-20.838780
1048576,1048640,2097280,0.106,222311,32,80,13108,30,57,91.433378,0.322086170895,-127.554609,-36.121231,-20.838744
1048576,1048640,2097280,0.106,222311,32,80,13108,30,58,93.067860,0.322086170895,-129.792205,-36.724345,-20.838720
1048576,1048640,2097280,0.106,222311,32,80,13108,30,59,94.702341,0.322086170895,-132.029772,-37.327431,-20.838705
1048576,1048640,2097280,0.106,222311,32,80,13108,30,60,96.336822,0.322086170895,-134.267306,-37.930484,-20.838694
1048576,1048640,2097280,0.106,222311,32,80,13108,30,61,97.971304,0.322086170895,-136.504804,-38.533500,-20.838687
1048576,1048640,2097280,0.106,222311,32,80,13108,30,62,99.605785,0.322086170895,-138.742260,-39.136475,-20.838683
1048576,1048640,2097280,0.106,222311,32,80,13108,30,63,101.240266,0.322086170895,-140.979669,-39.739403,-20.838680
1048576,1048640,2097280,0.106,222311,32,80,13108,30,64,102.874748,0.322086170895,-143.217026,-40.342279,-20.838678
1048576,1048640,2097280,0.106,222311,32,80,13108,30,65,104.509229,0.322086170895,-145.454324,-40.945095,-20.838677
1048576,1048640,2097280,0.106,222311,32,80,13108,30,66,106.143711,0.322086170895,-147.691555,-41.547844,-20.838676
1048576,1048640,2097280,0.106,222311,32,80,13108,30,67,107.778192,0.322086170895,-149.928710,-42.150518,-20.838675
1048576,1048640,2097280,0.106,222311,32,80,13108,30,68,109.412673,0.322086170895,-152.165781,-42.753108,-20.838675
1048576,1048640,2097280,0.106,222311,32,80,13108,30,69,111.047155,0.322086170895,-154.402757,-43.355602,-20.838675
1048576,1048640,2097280,0.106,222311,32,80,13108,30,70,112.681636,0.322086170895,-156.639626,-43.957990,-20.838675
1048576,1048640,2097280,0.106,222311,32,80,13108,30,71,114.316117,0.322086170895,-158.876374,-44.560256,-20.838674
1048576,1048640,2097280,0.106,222311,32,80,13108,30,72,115.950599,0.322086170895,-161.112986,-45.162388,-20.838674
1048576,1048640,2097280,0.106,222311,32,80,13108,30,73,117.585080,0.322086170895,-163.349447,-45.764366,-20.838674
1048576,1048640,2097280,0.106,222311,32,80,13108,30,74,119.219562,0.322086170895,-165.585736,-46.366175,-20.838674
1048576,1048640,2097280,0.106,222311,32,80,13108,30,75,120.854043,0.322086170895,-167.821833,-46.967790,-20.838674
1048576,1048640,2097280,0.106,222311,32,80,13108,30,76,122.488524,0.322086170895,-170.057715,-47.569191,-20.838674
1048576,1048640,2097280,0.106,222311,32,80,13108,30,77,124.123006,0.322086170895,-172.293355,-48.170349,-20.838674
1048576,1048640,2097280,0.106,222311,32,80,13108,30,78,125.757487,0.322086170895,-174.528724,-48.771237,-20.838674
1048576,1048640,2097280,0.106,222311,32,80,13108,30,79,127.391968,0.322086170895,-176.763788,-49.371820,-20.838674
1048576,1048640,2097280,0.106,222311,32,80,13108,30,80,129.026450,0.322086170895,-178.998512,-49.972063,-20.838674
1048576,1048640,2097280,0.106,222311,32,80,13108,30,81,130.660931,0.322086170895,-181.232855,-50.571924,-20.838674
1048576,1048640,2097280,0.106,222311,32,80,13108,30,82,132.295413,0.322086170895,-183.466772,-51.171360,-20.838674
1048576,1048640,2097280,0.106,222311,32,80,13108,30,83,133.929894,0.322086170895,-185.700212,-51.770318,-20.838674
1048576,1048640,2097280,0.106,222311,32,80,13108,30,84,135.564375,0.322086170895,-187.933121,-52.368746,-20.838674
1048576,1048640,2097280,0.106,222311,32,80,13108,30,85,137.198857,0.322086170895,-190.165436,-52.966579,-20.838674
1048576,1048640,2097280,0.106,222311,32,80,13108,30,86,138.833338,0.322086170895,-192.397090,-53.563751,-20.838674
1048576,1048640,2097280,0.106,222311,32,80,13108,30,87,140.467819,0.322086170895,-194.628006,-54.160187,-20.838674
1048576,1048640,2097280,0.106,222311,32,80,13108,30,88,142.102301,0.322086170895,-196.858104,-54.755804,-20.838674
1048576,1048640,2097280,0.106,222311,32,80,13108,30,89,143.736782,0.322086170895,-199.087293,-55.350510,-20.838674
1048576,1048640,2097280,0.106,222311,32,80,13108,30,90,145.371264,0.322086170895,-201.315473,-55.944209,-20.838674
1048576,1048640,2097280,0.106,222311,32,80,13108,30,91,147.005745,0.322086170895,-203.542536,-56.536791,-20.838674
1048576,1048640,2097280,0.106,222311,32,80,13108,30,92,148.640226,0.322086170895,-205.768365,-57.128139,-20.838674
1048576,1048640,2097280,0.106,222311,32,80,13108,30,93,150.274708,0.322086170895,-207.992832,-57.718124,-20.838674
1048576,1048640,2097280,0.106,222311,32,80,13108,30,94,151.909189,0.322086170895,-210.215800,-58.306611,-20.838674
1048576,1048640,2097280,0.106,222311,32,80,13108,30,95,153.543670,0.322086170895,-212.437121,-58.893451,-20.838674
1048576,1048640,2097280,0.106,222311,32,80,13108,30,96,155.178152,0.322086170895,-214.656639,-59.478487,-20.838674
1048576,1048640,2097280,0.106,222311,32,80,13108,30,97,156.812633,0.322086170895,-216.874183,-60.061549,-20.838674
1048576,1048640,2097280,0.106,222311,32,80,13108,30,98,158.447115,0.322086170895,-219.089579,-60.642464,-20.838674
1048576,1048640,2097280,0.106,222311,32,80,13108,30,99,160.081596,0.322086170895,-221.302639,-61.221043,-20.838674
1048576,1048640,2097280,0.106,222311,32,80,13108,30,100,161.716077,0.322086170895,-223.513174,-61.797097,-20.838674
1048576,1048640,2097280,0.106,222311,32,80,13108,30,101,163.350559,0.322086170895,-225.720982,-62.370423,-20.838674
1048576,1048640,2097280,0.106,222311,32,80,13108,30,102,164.985040,0.322086170895,-227.925862,-62.940822,-20.838674
1048576,1048640,2097280,0.106,222311,32,80,13108,30,103,166.619521,0.322086170895,-230.127608,-63.508087,-20.838674
1048576,1048640,2097280,0.106,222311,32,80,13108,30,104,168.254003,0.322086170895,-232.326017,-64.072015,-20.838674
1048576,1048640,2097280,0.106,222311,32,80,13108,30,105,169.888484,0.322086170895,-234.520892,-64.632407,-20.838674
1048576,1048640,2097280,0.106,222311,32,80,13108,30,106,171.522966,0.322086170895,-236.712034,-65.189069,-20.838674
1048576,1048640,2097280,0.106,222311,32,80,13108,30,107,173.157447,0.322086170895,-238.899265,-65.741818,-20.838674
1048576,1048640,2097280,0.106,222311,32,80,13108,30,108,174.791928,0.322086170895,-241.082416,-66.290488,-20.838674
1048576,1048640,2097280,0.106,222311,32,80,13108,30,109,176.426410,0.322086170895,-243.261334,-66.834924,-20.838674
1048576,1048640,2097280,0.106,222311,32,80,13108,30,110,178.060891,0.322086170895,-245.435890,-67.374999,-20.838674
1048576,1048640,2097280,0.106,222311,32,80,13108,30,111,179.695372,0.322086170895,-247.605979,-67.910607,-20.838674
1048576,1048640,2097280,0.106,222311,32,80,13108,30,112,181.329854,0.322086170895,-249.771519,-68.441665,-20.838674
1048576,1048640,2097280,0.106,222311,32,80,13108,30,113,182.964335,0.322086170895,-251.932459,-68.968124,-20.838674
1048576,1048640,2097280,0.106,222311,32,80,13108,30,114,184.598817,0.322086170895,-254.088781,-69.489964,-20.838674
1048576,1048640,2097280,0.106,222311,32,80,13108,30,115,186.233298,0.322086170895,-256.240489,-70.007191,-20.838674
1048576,1048640,2097280,0.106,222311,32,80,13108,30,116,187.867779,0.322086170895,-258.387626,-70.519847,-20.838674
1048576,1048640,2097280,0.106,222311,32,80,13108,30,117,189.502261,0.322086170895,-260.530262,-71.028001,-20.838674
1048576,1048640,2097280,0.106,222311,32,80,13108,30,118,191.136742,0.322086170895,-262.668490,-71.531748,-20.838674
1048576,1048640,2097280,0.106,222311,32,80,13108,30,119,192.771224,0.322086170895,-264.802434,-72.031211,-20.838674
1048576,1048640,2097280,0.106,222311,32,80,13108,30,120,194.405705,0.322086170895,-266.932240,-72.526535,-20.838674
1048576,1048640,2097280,0.106,222311,32,80,13108,30,121,196.040186,0.322086170895,-269.058068,-73.017882,-20.838674
1048576,1048640,2097280,0.106,222311,32,80,13108,30,122,197.674668,0.322086170895,-271.180098,-73.505431,-20.838674
1048576,1048640,2097280,0.106,222311,32,80,13108,30,123,199.309149,0.322086170895,-273.298525,-73.989376,-20.838674
1048576,1048640,2097280,0.106,222311,32,80,13108,30,124,200.943630,0.322086170895,-275.413544,-74.469914,-20.838674
1048576,1048640,2097280,0.106,222311,32,80,13108,30,125,202.578112,0.322086170895,-277.525364,-74.947252,-20.838674
1048576,1048640,2097280,0.106,222311,32,80,13108,30,126,204.212593,0.322086170895,-279.634192,-75.421599,-20.838674
1048576,1048640,2097280,0.106,222311,32,80,13108,30,127,205.847075,0.322086170895,-281.740235,-75.893160,-20.838674
1048576,1048640,2097280,0.106,222311,32,80,13108,30,128,207.481556,0.322086170895,-283.843696,-76.362140,-20.838674
1048576,1048640,2097280,0.106,222311,32,80,13108,30,129,209.116037,0.322086170895,-285.944776,-76.828738,-20.838674
1048576,1048640,2097280,0.106,222311,32,80,13108,30,130,210.750519,0.322086170895,-288.043665,-77.293146,-20.838674
1048576,1048640,2097280,0.106,222311,32,80,13108,30,131,212.385000,0.322086170895,-290.140548,-77.755548,-20.838674
1048576,1048640,2097280,0.106,222311,32,80,13108,30,132,214.019481,0.322086170895,-292.235603,-78.216121,-20.838674
1048576,1048640,2097280,0.106,222311,32,80,13108,30,133,215.653963,0.322086170895,-294.328991,-78.675028,-20.838674
1048576,1048640,2097280,0.106,222311,32,80,13108,30,134,217.288444,0.322086170895,-296.420869,-79.132425,-20.838674
1048576,1048640,2097280,0.106,222311,32,80,13108,30,135,218.922926,0.322086170895,-298.511384,-79.588459,-20.838674
1048576,1048640,2097280,0.106,222311,32,80,13108,30,136,220.557407,0.322086170895,-300.600669,-80.043262,-20.838674
1048576,1048640,2097280,0.106,222311,32,80,13108,30,137,222.191888,0.322086170895,-302.688848,-80.496960,-20.838674
1048576,1048640,2097280,0.106,222311,32,80,13108,30,138,223.826370,0.322086170895,-304.776039,-80.949669,-20.838674
1048576,1048640,2097280,0.106,222311,32,80,13108,30,139,225.460851,0.322086170895,-306.862344,-81.401493,-20.838674
1048576,1048640,2097280,0.106,222311,32,80,13108,30,140,227.095332,0.322086170895,-308.947862,-81.852530,-20.838674
1048576,1048640,2097280,0.106,222311,32,80,13108,30,141,228.729814,0.322086170895,-311.032682,-82.302868,-20.838674
1048576,1048640,2097280,0.106,222311,32,80,13108,30,142,230.364295,0.322086170895,-313.116882,-82.752587,-20.838674
1048576,1048640,2097280,0.106,222311,32,80,13108,30,143,231.998777,0.322086170895,-315.200536,-83.201759,-20.838674
1048576,1048640,2097280,0.106,222311,32,80,13108,30,144,233.633258,0.322086170895,-317.283711,-83.650453,-20.838674
1048576,1048640,2097280,0.106,222311,32,80,13108,30,145,235.267739,0.322086170895,-319.366466,-84.098727,-20.838674
1048576,1048640,2097280,0.106,222311,32,80,13108,30,146,236.902221,0.322086170895,-321.448856,-84.546635,-20.838674
1048576,1048640,2097280,0.106,222311,32,80,13108,30,147,238.536702,0.322086170895,-323.530929,-84.994227,-20.838674
1048576,1048640,2097280,0.106,222311,32,80,13108,30,148,240.171183,0.322086170895,-325.612729,-85.441546,-20.838674
1048576,1048640,2097280,0.106,222311,32,80,13108,30,149,241.805665,0.322086170895,-327.694296,-85.888631,-20.838674
1048576,1048640,2097280,0.106,222311,32,80,13108,30,150,243.440146,0.322086170895,-329.775665,-86.335519,-20.838674
1048576,1048640,2097280,0.106,222311,32,80,13108,30,151,245.074628,0.322086170895,-331.856868,-86.782240,-20.838674
1048576,1048640,2097280,0.106,222311,32,80,13108,30,152,246.709109,0.322086170895,-333.937933,-87.228824,-20.838674
1048576,1048640,2097280,0.106,222311,32,80,13108,30,153,248.343590,0.322086170895,-336.018886,-87.675296,-20.838674
1048576,1048640,2097280,0.106,222311,32,80,13108,30,154,249.978072,0.322086170895,-338.099750,-88.121678,-20.838674
1048576,1048640,2097280,0.106,222311,32,80,13108,30,155,251.612553,0.322086170895,-340.180545,-88.567992,-20.838674
1048576,1048640,2097280,0.106,222311,32,80,13108,30,156,253.247034,0.322086170895,-342.261288,-89.014254,-20.838674
1048576,1048640,2097280,0.106,222311,32,80,13108,30,157,254.881516,0.322086170895,-344.341998,-89.460482,-20.838674
1048576,1048640,2097280,0.106,222311,32,80,13108,30,158,256.515997,0.322086170895,-346.422686,-89.906689,-20.838674
1048576,1048640,2097280,0.106,222311,32,80,13108,30,159,258.150479,0.322086170895,-348.503367,-90.352889,-20.838674
1048576,1048640,2097280,0.106,222311,32,80,13108,30,160,259.784960,0.322086170895,-350.584052,-90.799092,-20.838674
1048576,1048640,2097280,0.106,222311,32,80,13108,31,1,-inf,,-2.237846,-inf,-inf
1048576,1048640,2097280,0.106,222311,32,80,13108,31,2,-inf,,-4.475692,-inf,-inf
1048576,1048640,2097280,0.106,222311,32,80,13108,31,3,-inf,,-6.713537,-inf,-inf
1048576,1048640,2097280,0.106,222311,32,80,13108,31,4,-inf,,-8.951381,-inf,-inf
1048576,1048640,2097280,0.106,222311,32,80,13108,31,5,-inf,,-11.189224,-inf,-inf
1048576,1048640,2097280,0.106,222311,32,80,13108,31,6,-inf,,-13.427067,-inf,-inf
1048576,1048640,2097280,0.106,222311,32,80,13108,31,7,-inf,,-15.664909,-inf,-inf
1048576,1048640,2097280,0.106,222311,32,80,13108,31,8,-inf,,-17.902750,-inf,-inf
1048576,1048640,2097280,0.106,222311,32,80,13108,31,9,-inf,,-20.140591,-inf,-inf
1048576,1048640,2097280,0.106,222311,32,80,13108,31,10,-inf,,-22.378431,-inf,-inf
1048576,1048640,2097280,0.106,222311,32,80,13108,31,11,-inf,,-24.616270,-inf,-inf
1048576,1048640,2097280,0.106,222311,32,80,13108,31,12,-inf,,-26.854108,-inf,-inf
1048576,1048640,2097280,0.106,222311,32,80,13108,31,13,-inf,,-29.091945,-inf,-inf
1048576,1048640,2097280,0.106,222311,32,80,13108,31,14,-inf,,-31.329782,-inf,-inf
1048576,1048640,2097280,0.106,222311,32,80,13108,31,15,-inf,,-33.567618,-inf,-inf
1048576,1048640,2097280,0.106,222311,32,80,13108,31,16,-inf,,-35.805453,-inf,-inf
1048576,1048640,2097280,0.106,222311,32,80,13108,31,17,-inf,,-38.043288,-inf,-inf
1048576,1048640,2097280,0.106,222311,32,80,13108,31,18,-inf,,-40.281121,-inf,-inf
1048576,1048640,2097280,0.106,222311,32,80,13108,31,19,-inf,,-42.518954,-inf,-inf
1048576,1048640,2097280,0.106,222311,32,80,13108,31,20,-inf,,-44.756786,-inf,-inf
1048576,1048640,2097280,0.106,222311,32,80,13108,31,21,-inf,,-46.994617,-inf,-inf
1048576,1048640,2097280,0.106,222311,32,80,13108,31,22,-inf,,-49.232447,-inf,-inf
1048576,1048640,2097280,0.106,222311,32,80,13108,31,23,-inf,,-51.470276,-inf,-inf
1048576,1048640,2097280,0.106,222311,32,80,13108,31,24,-inf,,-53.708104,-inf,-inf
1048576,1048640,2097280,0.106,222311,32,80,13108,31,25,-inf,,-55.945932,-inf,-inf
1048576,1048640,2097280,0.106,222311,32,80,13108,31,26,-inf,,-58.183758,-inf,-inf
1048576,1048640,2097280,0.106,222311,32,80,13108,31,27,-inf,,-60.421583,-inf,-inf
1048576,1048640,2097280,0.106,222311,32,80,13108,31,28,-inf,,-62.659406,-inf,-inf
1048576,1048640,2097280,0.106,222311,32,80,13108,31,29,-inf,,-64.897229,-inf,-inf
1048576,1048640,2097280,0.106,222311,32,80,13108,31,30,-inf,,-67.135050,-inf,-inf
1048576,1048640,2097280,0.106,222311,32,80,13108,31,31,45.047733,0.173712159159,-69.372869,-24.325137,-24.325137
1048576,1048640,2097280,0.106,222311,32,80,13108,31,32,47.572962,0.173712159159,-71.610687,-24.037725,-23.174285
1048576,1048640,2097280,0.106,222311,32,80,13108,31,33,50.090325,0.192539805332,-73.848504,-23.758178,-22.436892
1048576,1048640,2097280,0.106,222311,32,80,13108,31,34,52.383237,0.21340807009,-76.086318,-23.703081,-21.935319
1048576,1048640,2097280,0.106,222311,32,80,13108,31,35,54.482885,0.236538124161,-78.324131,-23.841246,-21.594079
1048576,1048640,2097280,0.106,222311,32,80,13108,31,36,56.436018,0.262175109676,-80.561941,-24.125922,-21.363977
1048576,1048640,2097280,0.106,222311,32,80,13108,31,37,58.305633,0.290590738289,-82.799749,-24.494116,-21.207946
1048576,1048640,2097280,0.106,222311,32,80,13108,31,38,60.088572,0.290590738289,-85.037554,-24.948982,-21.103893
1048576,1048640,2097280,0.106,222311,32,80,13108,31,39,61.871512,0.290590738289,-87.275356,-25.403845,-21.032449
1048576,1048640,2097280,0.106,222311,32,80,13108,31,40,63.614685,0.322086170895,-89.513155,-25.898470,-20.983807
1048576,1048640,2097280,0.106,222311,32,80,13108,31,41,65.249166,0.322086170895,-91.750951,-26.501784,-20.952661
1048576,1048640,2097280,0.106,222311,32,80,13108,31,42,66.883648,0.322086170895,-93.988742,-27.105094,-20.932520
1048576,1048640,2097280,0.106,222311,32,80,13108,31,43,68.518129,0.322086170895,-96.226529,-27.708400,-20.919415
1048576,1048640,2097280,0.106,222311,32,80,13108,31,44,70.152610,0.322086170895,-98.464311,-28.311701,-20.910853
1048576,1048640,2097280,0.106,222311,32,80,13108,31,45,71.787092,0.322086170895,-100.702087,-28.914996,-20.905244
1048576,1048640,2097280,0.106,222311,32,80,13108,31,46,73.421573,0.322086170895,-102.939857,-29.518284,-20.901564
1048576,1048640,2097280,0.106,222311,32,80,13108,31,47,75.056054,0.322086170895,-105.177620,-30.121566,-20.899147
1048576,1048640,2097280,0.106,222311,32,80,13108,31,48,76.690536,0.322086170895,-107.415376,-30.724840,-20.897558
1048576,1048640,2097280,0.106,222311,32,80,13108,31,49,78.325017,0.322086170895,-109.653122,-31.328105,-20.896513
1048576,1048640,2097280,0.106,222311,32,80,13108,31,50,79.959499,0.322086170895,-111.890859,-31.931360,-20.895826
1048576,1048640,2097280,0.106,222311,32,80,13108,31,51,81.593980,0.322086170895,-114.128584,-32.534604,-20.895373
1048576,1048640,2097280,0.106,222311,32,80,13108,31,52,83.228461,0.322086170895,-116.366297,-33.137835,-20.895076
1048576,1048640,2097280,0.106,222311,32,80,13108,31,53,84.862943,0.322086170895,-118.603995,-33.741053,-20.894880
1048576,1048640,2097280,0.106,222311,32,80,13108,31,54,86.497424,0.322086170895,-120.841678,-34.344254,-20.894751
1048576,1048640,2097280,0.106,222311,32,80,13108,31,55,88.131905,0.322086170895,-123.079343,-34.947437,-20.894666
1048576,1048640,2097280,0.106,222311,32,80,13108,31,56,89.766387,0.322086170895,-125.316987,-35.550600,-20.894610
1048576,1048640,2097280,0.106,222311,32,80,13108,31,57,91.400868,0.322086170895,-127.554609,-36.153741,-20.894573
1048576,1048640,2097280,0.106,222311,32,80,13108,31,58,93.035350,0.322086170895,-129.792205,-36.756855,-20.894549
1048576,1048640,2097280,0.106,222311,32,80,13108,31,59,94.669831,0.322086170895,-132.029772,-37.359941,-20.894533
1048576,1048640,2097280,0.106,222311,32,80,13108,31,60,96.304312,0.322086170895,-134.267306,-37.962994,-20.894522
1048576,1048640,2097280,0.106,222311,32,80,13108,31,61,97.938794,0.322086170895,-136.504804,-38.566010,-20.894516
1048576,1048640,2097280,0.106,222311,32,80,13108,31,62,99.573275,0.322086170895,-138.742260,-39.168985,-20.894511
1048576,1048640,2097280,0.106,222311,32,80,13108,31,63,101.207756,0.322086170895,-140.979669,-39.771913,-20.894508
1048576,1048640,2097280,0.106,222311,32,80,13108,31,64,102.842238,0.322086170895,-143.217026,-40.374789,-20.894506
1048576,1048640,2097280,0.106,222311,32,80,13108,31,65,104.476719,0.322086170895,-145.454324,-40.977605,-20.894505
1048576,1048640,2097280,0.106,222311,32,80,13108,31,66,106.111201,0.322086170895,-147.691555,-41.580354,-20.894504
1048576,1048640,2097280,0.106,222311,32,80,13108,31,67,107.745682,0.322086170895,-149.928710,-42.183028,-20.894503
1048576,1048640,2097280,0.106,222311,32,80,13108,31,68,109.380163,0.322086170895,-152.165781,-42.785618,-20.894503
1048576,1048640,2097280,0.106,222311,32,80,13108,31,69,111.014645,0.322086170895,-154.402757,-43.388112,-20.894503
1048576,1048640,2097280,0.106,222311,32,80,13108,31,70,112.649126,0.322086170895,-156.639626,-43.990500,-20.894503
1048576,1048640,2097280,0.106,222311,32,80,13108,31,71,114.283607,0.322086170895,-158.876374,-44.592766,-20.894502
1048576,1048640,2097280,0.106,222311,32,80,13108,31,72,115.918089,0.322086170895,-161.112986,-45.194898,-20.894502
1048576,1048640,2097280,0.106,222311,32,80,13108,31,73,117.552570,0.322086170895,-163.349447,-45.796876,-20.894502
1048576,1048640,2097280,0.106,222311,32,80,13108,31,74,119.187052,0.322086170895,-165.585736,-46.398685,-20.894502
1048576,1048640,2097280,0.106,222311,32,80,13108,31,75,120.821533,0.322086170895,-167.821833,-47.000300,-20.894502
1048576,1048640,2097280,0.106,222311,32,80,13108,31,76,122.456014,0.322086170895,-170.057715,-47.601701,-20.894502
1048576,1048640,2097280,0.106,222311,32,80,13108,31,77,124.090496,0.322086170895,-172.293355,-48.202859,-20.894502
1048576,1048640,2097280,0.106,222311,32,80,13108,31,78,125.724977,0.322086170895,-174.528724,-48.803747,-20.894502
1048576,1048640,2097280,0.106,222311,32,80,13108,31,79,127.359458,0.322086170895,-176.763788,-49.404330,-20.894502
1048576,1048640,2097280,0.106,222311,32,80,13108,31,80,128.993940,0.322086170895,-178.998512,-50.004573,-20.894502
1048576,1048640,2097280,0.106,222311,32,80,13108,31,81,130.628421,0.322086170895,-181.232855,-50.604434,-20.894502
1048576,1048640,2097280,0.106,222311,32,80,13108,31,82,132.262903,0.322086170895,-183.466772,-51.203870,-20.894502
1048576,1048640,2097280,0.106,222311,32,80,13108,31,83,133.897384,0.322086170895,-185.700212,-51.802828,-20.894502
1048576,1048640,2097280,0.106,222311,32,80,13108,31,84,135.531865,0.322086170895,-187.933121,-52.401256,-20.894502
1048576,1048640,2097280,0.106,222311,32,80,13108,31,85,137.166347,0.322086170895,-190.165436,-52.999089,-20.894502
1048576,1048640,2097280,0.106,222311,32,80,13108,31,86,138.800828,0.322086170895,-192.397090,-53.596261,-20.894502
1048576,1048640,2097280,0.106,222311,32,80,13108,31,87,140.435309,0.322086170895,-194.628006,-54.192697,-20.894502
1048576,1048640,2097280,0.106,222311,32,80,13108,31,88,142.069791,0.322086170895,-196.858104,-54.788314,-20.894502
1048576,1048640,2097280,0.106,222311,32,80,13108,31,89,143.704272,0.322086170895,-199.087293,-55.383020,-20.894502
1048576,1048640,2097280,0.106,222311,32,80,13108,31,90,145.338754,0.322086170895,-201.315473,-55.976719,-20.894502
1048576,1048640,2097280,0.106,222311,32,80,13108,31,91,146.973235,0.322086170895,-203.542536,-56.569301,-20.894502
1048576,1048640,2097280,0.106,222311,32,80,13108,31,92,148.607716,0.322086170895,-205.768365,-57.160649,-20.894502
1048576,1048640,2097280,0.106,222311,32,80,13108,31,93,150.242198,0.322086170895,-207.992832,-57.750634,-20.894502
1048576,1048640,2097280,0.106,222311,32,80,13108,31,94,151.876679,0.322086170895,-210.215800,-58.339121,-20.894502
1048576,1048640,2097280,0.106,222311,32,80,13108,31,95,153.511160,0.322086170895,-212.437121,-58.925961,-20.894502
1048576,1048640,2097280,0.106,222311,32,80,13108,31,96,155.145642,0.322086170895,-214.656639,-59.510997,-20.894502
1048576,1048640,2097280,0.106,222311,32,80,13108,31,97,156.780123,0.322086170895,-216.874183,-60.094059,-20.894502
1048576,1048640,2097280,0.106,222311,32,80,13108,31,98,158.414605,0.322086170895,-219.089579,-60.674974,-20.894502
1048576,1048640,2097280,0.106,222311,32,80,13108,31,99,160.049086,0.322086170895,-221.302639,-61.253553,-20.894502
1048576,1048640,2097280,0.106,222311,32,80,13108,31,100,161.683567,0.322086170895,-223.513174,-61.829607,-20.894502
1048576,1048640,2097280,0.106,222311,32,80,13108,31,101,163.318049,0.322086170895,-225.720982,-62.402933,-20.894502
1048576,1048640,2097280,0.106,222311,32,80,13108,31,102,164.952530,0.322086170895,-227.925862,-62.973332,-20.894502
1048576,1048640,2097280,0.106,222311,32,80,13108,31,103,166.587011,0.322086170895,-230.127608,-63.540597,-20.894502
1048576,1048640,2097280,0.106,222311,32,80,13108,31,104,168.221493,0.322086170895,-232.326017,-64.104525,-20.894502
1048576,1048640,2097280,0.106,222311,32,80,13108,31,105,169.855974,0.322086170895,-234.520892,-64.664917,-20.894502
1048576,1048640,2097280,0.106,222311,32,80,13108,31,106,171.490456,0.322086170895,-236.712034,-65.221579,-20.894502
1048576,1048640,2097280,0.106,222311,32,80,13108,31,107,173.124937,0.322086170895,-238.899265,-65.774328,-20.894502
1048576,1048640,2097280,0.106,222311,32,80,13108,31,108,174.759418,0.322086170895,-241.082416,-66.322998,-20.894502
1048576,1048640,2097280,0.106,222311,32,80,13108,31,109,176.393900,0.322086170895,-243.261334,-66.867434,-20.894502
1048576,1048640,2097280,0.106,222311,32,80,13108,31,110,178.028381,0.322086170895,-245.435890,-67.407509,-20.894502
1048576,1048640,2097280,0.106,222311,32,80,13108,31,111,179.662863,0.322086170895,-247.605979,-67.943117,-20.894502
1048576,1048640,2097280,0.106,222311,32,80,13108,31,112,181.297344,0.322086170895,-249.771519,-68.474175,-20.894502
1048576,1048640,2097280,0.106,222311,32,80,13108,31,113,182.931825,0.322086170895,-251.932459,-69.000634,-20.894502
1048576,1048640,2097280,0.106,222311,32,80,13108,31,114,184.566307,0.322086170895,-254.088781,-69.522474,-20.894502
1048576,1048640,2097280,0.106,222311,32,80,13108,31,115,186.200788,0.322086170895,-256.240489,-70.039701,-20.894502
1048576,1048640,2097280,0.106,222311,32,80,13108,31,116,187.835269,0.322086170895,-258.387626,-70.552357,-20.894502
1048576,1048640,2097280,0.106,222311,32,80,13108,31,117,189.469751,0.322086170895,-260.530262,-71.060511,-20.894502
1048576,1048640,2097280,0.106,222311,32,80,13108,31,118,191.104232,0.322086170895,-262.668490,-71.564258,-20.894502
1048576,1048640,2097280,0.106,222311,32,80,13108,31,119,192.738714,0.322086170895,-264.802434,-72.063721,-20.894502
1048576,1048640,2097280,0.106,222311,32,80,13108,31,120,194.373195,0.322086170895,-266.932240,-72.559045,-20.894502
1048576,1048640,2097280,0.106,222311,32,80,13108,31,121,196.007676,0.322086170895,-269.058068,-73.050392,-20.894502
1048576,1048640,2097280,0.106,222311,32,80,13108,31,122,197.642158,0.322086170895,-271.180098,-73.537941,-20.894502
1048576,1048640,2097280,0.106,222311,32,80,13108,31,123,199.276639,0.322086170895,-273.298525,-74.021886,-20.894502
1048576,1048640,2097280,0.106,222311,32,80,13108,31,124,200.911120,0.322086170895,-275.413544,-74.502424,-20.894502
1048576,1048640,2097280,0.106,222311,32,80,13108,31,125,202.545602,0.322086170895,-277.525364,-74.979762,-20.894502
1048576,1048640,2097280,0.106,222311,32,80,13108,31,126,204.180083,0.322086170895,-279.634192,-75.454109,-20.894502
1048576,1048640,2097280,0.106,222311,32,80,13108,31,127,205.814565,0.322086170895,-281.740235,-75.925670,-20.894502
1048576,1048640,2097280,0.106,222311,32,80,13108,31,128,207.449046,0.322086170895,-283.843696,-76.394650,-20.894502
1048576,1048640,2097280,0.106,222311,32,80,13108,31,129,209.083527,0.322086170895,-285.944776,-76.861248,-20.894502
1048576,1048640,2097280,0.106,222311,32,80,13108,31,130,210.718009,0.322086170895,-288.043665,-77.325656,-20.894502
1048576,1048640,2097280,0.106,222311,32,80,13108,31,131,212.352490,0.322086170895,-290.140548,-77.788058,-20.894502
1048576,1048640,2097280,0.106,222311,32,80,13108,31,132,213.986971,0.322086170895,-292.235603,-78.248631,-20.894502
1048576,1048640,2097280,0.106,222311,32,80,13108,31,133,215.621453,0.322086170895,-294.328991,-78.707538,-20.894502
1048576,1048640,2097280,0.106,222311,32,80,13108,31,134,217.255934,0.322086170895,-296.420869,-79.164935,-20.894502
1048576,1048640,2097280,0.106,222311,32,80,13108,31,135,218.890416,0.322086170895,-298.511384,-79.620969,-20.894502
1048576,1048640,2097280,0.106,222311,32,80,13108,31,136,220.524897,0.322086170895,-300.600669,-80.075772,-20.894502
1048576,1048640,2097280,0.106,222311,32,80,13108,31,137,222.159378,0.322086170895,-302.688848,-80.529470,-20.894502
1048576,1048640,2097280,0.106,222311,32,80,13108,31,138,223.793860,0.322086170895,-304.776039,-80.982179,-20.894502
1048576,1048640,2097280,0.106,222311,32,80,13108,31,139,225.428341,0.322086170895,-306.862344,-81.434003,-20.894502
1048576,1048640,2097280,0.106,222311,32,80,13108,31,140,227.062822,0.322086170895,-308.947862,-81.885040,-20.894502
1048576,1048640,2097280,0.106,222311,32,80,13108,31,141,228.697304,0.322086170895,-311.032682,-82.335378,-20.894502
1048576,1048640,2097280,0.106,222311,32,80,13108,31,142,230.331785,0.322086170895,-313.116882,-82.785096,-20.894502
1048576,1048640,2097280,0.106,222311,32,80,13108,31,143,231.966267,0.322086170895,-315.200536,-83.234269,-20.894502
1048576,1048640,2097280,0.106,222311,32,80,13108,31,144,233.600748,0.322086170895,-317.283711,-83.682963,-20.894502
1048576,1048640,2097280,0.106,222311,32,80,13108,31,145,235.235229,0.322086170895,-319.366466,-84.131237,-20.894502
1048576,1048640,2097280,0.106,222311,32,80,13108,31,146,236.869711,0.322086170895,-321.448856,-84.579145,-20.894502
1048576,1048640,2097280,0.106,222311,32,80,13108,31,147,238.504192,0.322086170895,-323.530929,-85.026737,-20.894502
1048576,1048640,2097280,0.106,222311,32,80,13108,31,148,240.138673,0.322086170895,-325.612729,-85.474056,-20.894502
1048576,1048640,2097280,0.106,222311,32,80,13108,31,149,241.773155,0.322086170895,-327.694296,-85.921141,-20.894502
1048576,1048640,2097280,0.106,222311,32,80,13108,31,150,243.407636,0.322086170895,-329.775665,-86.368029,-20.894502
1048576,1048640,2097280,0.106,222311,32,80,13108,31,151,245.042118,0.322086170895,-331.856868,-86.814750,-20.894502
1048576,1048640,2097280,0.106,222311,32,80,13108,31,152,246.676599,0.322086170895,-333.937933,-87.261334,-20.894502
1048576,1048640,2097280,0.106,222311,32,80,13108,31,153,248.311080,0.322086170895,-336.018886,-87.707806,-20.894502
1048576,1048640,2097280,0.106,222311,32,80,13108,31,154,249.945562,0.322086170895,-338.099750,-88.154188,-20.894502
1048576,1048640,2097280,0.106,222311,32,80,13108,31,155,251.580043,0.322086170895,-340.180545,-88.600502,-20.894502
1048576,1048640,2097280,0.106,222311,32,80,13108,31,156,253.214524,0.322086170895,-342.261288,-89.046764,-20.894502
1048576,1048640,2097280,0.106,222311,32,80,13108,31,157,254.849006,0.322086170895,-344.341998,-89.492992,-20.894502
1048576,1048640,2097280,0.106,222311,32,80,13108,31,158,256.483487,0.322086170895,-346.422686,-89.939199,-20.894502
1048576,1048640,2097280,0.106,222311,32,80,13108,31,159,258.117969,0.322086170895,-348.503367,-90.385399,-20.894502
1048576,1048640,2097280,0.106,222311,32,80,13108,31,160,259.752450,0.322086170895,-350.584052,-90.831602,-20.894502
1048576,1048640,2097280,0.106,222311,32,80,13108,32,1,-inf,,-2.237846,-inf,-inf
1048576,1048640,2097280,0.106,222311,32,80,13108,32,2,-inf,,-4.475692,-inf,-inf
1048576,1048640,2097280,0.106,222311,32,80,13108,32,3,-inf,,-6.713537,-inf,-inf
1048576,1048640,2097280,0.106,222311,32,80,13108,32,4,-inf,,-8.951381,-inf,-inf
1048576,1048640,2097280,0.106,222311,32,80,13108,32,5,-inf,,-11.189224,-inf,-inf
1048576,1048640,2097280,0.106,222311,32,80,13108,32,6,-inf,,-13.427067,-inf,-inf
1048576,1048640,2097280,0.106,222311,32,80,13108,32,7,-inf,,-15.664909,-inf,-inf
1048576,1048640,2097280,0.106,222311,32,80,13108,32,8,-inf,,-17.902750,-inf,-inf
1048576,1048640,2097280,0.106,222311,32,80,13108,32,9,-inf,,-20.140591,-inf,-inf
1048576,1048640,2097280,0.106,222311,32,80,13108,32,10,-inf,,-22.378431,-inf,-inf
1048576,1048640,2097280,0.106,222311,32,80,13108,32,11,-inf,,-24.616270,-inf,-inf
1048576,1048640,2097280,0.106,222311,32,80,13108,32,12,-inf,,-26.854108,-inf,-inf
1048576,1048640,2097280,0.106,222311,32,80,13108,32,13,-inf,,-29.091945,-inf,-inf
1048576,1048640,2097280,0.106,222311,32,80,13108,32,14,-inf,,-31.329782,-inf,-inf
1048576,1048640,2097280,0.106,222311,32,80,13108,32,15,-inf,,-33.567618,-inf,-inf
1048576,1048640,2097280,0.106,222311,32,80,13108,32,16,-inf,,-35.805453,-inf,-inf
1048576,1048640,2097280,0.106,222311,32,80,13108,32,17,-inf,,-38.043288,-inf,-inf
1048576,1048640,2097280,0.106,222311,32,80,13108,32,18,-inf,,-40.281121,-inf,-inf
1048576,1048640,2097280,0.106,222311,32,80,13108,32,19,-inf,,-42.518954,-inf,-inf
1048576,1048640,2097280,0.106,222311,32,80,13108,32,20,-inf,,-44.756786,-inf,-inf
1048576,1048640,2097280,0.106,222311,32,80,13108,32,21,-inf,,-46.994617,-inf,-inf
1048576,1048640,2097280,0.106,222311,32,80,13108,32,22,-inf,,-49.232447,-inf,-inf
1048576,1048640,2097280,0.106,222311,32,80,13108,32,23,-inf,,-51.470276,-inf,-inf
1048576,1048640,2097280,0.106,222311,32,80,13108,32,24,-inf,,-53.708104,-inf,-inf
1048576,1048640,2097280,0.106,222311,32,80,13108,32,25,-inf,,-55.945932,-inf,-inf
1048576,1048640,2097280,0.106,222311,32,80,13108,32,26,-inf,,-58.183758,-inf,-inf
1048576,1048640,2097280,0.106,222311,32,80,13108,32,27,-inf,,-60.421583,-inf,-inf
1048576,1048640,2097280,0.106,222311,32,80,13108,32,28,-inf,,-62.659406,-inf,-inf
1048576,1048640,2097280,0.106,222311,32,80,13108,32,29,-inf,,-64.897229,-inf,-inf
1048576,1048640,2097280,0.106,222311,32,80,13108,32,30,-inf,,-67.135050,-inf,-inf
1048576,1048640,2097280,0.106,222311,32,80,13108,32,31,-inf,,-69.372869,-inf,-inf
1048576,1048640,2097280,0.106,222311,32,80,13108,32,32,46.944931,0.173712159159,-71.610687,-24.665756,-24.665756
1048576,1048640,2097280,0.106,222311,32,80,13108,32,33,49.470160,0.173712159159,-73.848504,-24.378343,-23.514904
1048576,1048640,2097280,0.106,222311,32,80,13108,32,34,51.990223,0.192539805332,-76.086318,-24.096095,-22.776429
1048576,1048640,2097280,0.106,222311,32,80,13108,32,35,54.233790,0.236538124161,-78.324131,-24.090340,-22.288707
1048576,1048640,2097280,0.106,222311,32,80,13108,32,36,56.278380,0.262175109676,-80.561941,-24.283561,-21.965748
1048576,1048640,2097280,0.106,222311,32,80,13108,32,37,58.209777,0.262175109676,-82.799749,-24.589971,-21.748899
1048576,1048640,2097280,0.106,222311,32,80,13108,32,38,60.001542,0.290590738289,-85.037554,-25.036012,-21.608196
1048576,1048640,2097280,0.106,222311,32,80,13108,32,39,61.784482,0.290590738289,-87.275356,-25.490875,-21.513561
1048576,1048640,2097280,0.106,222311,32,80,13108,32,40,63.567421,0.290590738289,-89.513155,-25.945734,-21.448235
1048576,1048640,2097280,0.106,222311,32,80,13108,32,41,65.204337,0.322086170895,-91.750951,-26.546614,-21.406726
1048576,1048640,2097280,0.106,222311,32,80,13108,32,42,66.838818,0.322086170895,-93.988742,-27.149924,-21.380040
1048576,1048640,2097280,0.106,222311,32,80,13108,32,43,68.473299,0.322086170895,-96.226529,-27.753230,-21.362740
1048576,1048640,2097280,0.106,222311,32,80,13108,32,44,70.107781,0.322086170895,-98.464311,-28.356530,-21.351465
1048576,1048640,2097280,0.106,222311,32,80,13108,32,45,71.742262,0.322086170895,-100.702087,-28.959825,-21.344090
1048576,1048640,2097280,0.106,222311,32,80,13108,32,46,73.376743,0.322086170895,-102.939857,-29.563114,-21.339257
1048576,1048640,2097280,0.106,222311,32,80,13108,32,47,75.011225,0.322086170895,-105.177620,-30.166396,-21.336084
1048576,1048640,2097280,0.106,222311,32,80,13108,32,48,76.645706,0.322086170895,-107.415376,-30.769670,-21.333999
1048576,1048640,2097280,0.106,222311,32,80,13108,32,49,78.280188,0.322086170895,-109.653122,-31.372935,-21.332628
1048576,1048640,2097280,0.106,222311,32,80,13108,32,50,79.914669,0.322086170895,-111.890859,-31.976190,-21.331727
1048576,1048640,2097280,0.106,222311,32,80,13108,32,51,81.549150,0.322086170895,-114.128584,-32.579434,-21.331133
1048576,1048640,2097280,0.106,222311,32,80,13108,32,52,83.183632,0.322086170895,-116.366297,-33.182665,-21.330743
1048576,1048640,2097280,0.106,222311,32,80,13108,32,53,84.818113,0.322086170895,-118.603995,-33.785882,-21.330486
1048576,1048640,2097280,0.106,222311,32,80,13108,32,54,86.452594,0.322086170895,-120.841678,-34.389084,-21.330317
1048576,1048640,2097280,0.106,222311,32,80,13108,32,55,88.087076,0.322086170895,-123.079343,-34.992267,-21.330206
1048576,1048640,2097280,0.106,222311,32,80,13108,32,56,89.721557,0.322086170895,-125.316987,-35.595430,-21.330132
1048576,1048640,2097280,0.106,222311,32,80,13108,32,57,91.356039,0.322086170895,-127.554609,-36.198570,-21.330084
1048576,1048640,2097280,0.106,222311,32,80,13108,32,58,92.990520,0.322086170895,-129.792205,-36.801685,-21.330052
1048576,1048640,2097280,0.106,222311,32,80,13108,32,59,94.625001,0.322086170895,-132.029772,-37.404771,-21.330032
1048576,1048640,2097280,0.106,222311,32,80,13108,32,60,96.259483,0.322086170895,-134.267306,-38.007824,-21.330018
1048576,1048640,2097280,0.106,222311,32,80,13108,32,61,97.893964,0.322086170895,-136.504804,-38.610840,-21.330009
1048576,1048640,2097280,0.106,222311,32,80,13108,32,62,99.528445,0.322086170895,-138.742260,-39.213815,-21.330003
1048576,1048640,2097280,0.106,222311,32,80,13108,32,63,101.162927,0.322086170895,-140.979669,-39.816743,-21.329999
1048576,1048640,2097280,0.106,222311,32,80,13108,32,64,102.797408,0.322086170895,-143.217026,-40.419618,-21.329996
1048576,1048640,2097280,0.106,222311,32,80,13108,32,65,104.431890,0.322086170895,-145.454324,-41.022434,-21.329995
1048576,1048640,2097280,0.106,222311,32,80,13108,32,66,106.066371,0.322086170895,-147.691555,-41.625184,-21.329993
1048576,1048640,2097280,0.106,222311,32,80,13108,32,67,107.700852,0.322086170895,-149.928710,-42.227858,-21.329993
1048576,1048640,2097280,0.106,222311,32,80,13108,32,68,109.335334,0.322086170895,-152.165781,-42.830448,-21.329992
1048576,1048640,2097280,0.106,222311,32,80,13108,32,69,110.969815,0.322086170895,-154.402757,-43.432942,-21.329992
1048576,1048640,2097280,0.106,222311,32,80,13108,32,70,112.604296,0.322086170895,-156.639626,-44.035329,-21.329992
1048576,1048640,2097280,0.106,222311,32,80,13108,32,71,114.238778,0.322086170895,-158.876374,-44.637596,-21.329992
1048576,1048640,2097280,0.106,222311,32,80,13108,32,72,115.873259,0.322086170895,-161.112986,-45.239727,-21.329991
1048576,1048640,2097280,0.106,222311,32,80,13108,32,73,117.507741,0.322086170895,-163.349447,-45.841706,-21.329991
1048576,1048640,2097280,0.106,222311,32,80,13108,32,74,119.142222,0.322086170895,-165.585736,-46.443514,-21.329991
1048576,1048640,2097280,0.106,222311,32,80,13108,32,75,120.776703,0.322086170895,-167.821833,-47.045130,-21.329991
1048576,1048640,2097280,0.106,222311,32,80,13108,32,76,122.411185,0.322086170895,-170.057715,-47.646531,-21.329991
1048576,1048640,2097280,0.106,222311,32,80,13108,32,77,124.045666,0.322086170895,-172.293355,-48.247689,-21.329991
1048576,1048640,2097280,0.106,222311,32,80,13108,32,78,125.680147,0.322086170895,-174.528724,-48.848576,-21.329991
1048576,1048640,2097280,0.106,222311,32,80,13108,32,79,127.314629,0.322086170895,-176.763788,-49.449159,-21.329991
1048576,1048640,2097280,0.106,222311,32,80,13108,32,80,128.949110,0.322086170895,-178.998512,-50.049402,-21.329991
1048576,1048640,2097280,0.106,222311,32,80,13108,32,81,130.583592,0.322086170895,-181.232855,-50.649264,-21.329991
1048576,1048640,2097280,0.106,222311,32,80,13108,32,82,132.218073,0.322086170895,-183.466772,-51.248699,-21.329991
1048576,1048640,2097280,0.106,222311,32,80,13108,32,83,133.852554,0.322086170895,-185.700212,-51.847658,-21.329991
1048576,1048640,2097280,0.106,222311,32,80,13108,32,84,135.487036,0.322086170895,-187.933121,-52.446085,-21.329991
1048576,1048640,2097280,0.106,222311,32,80,13108,32,85,137.121517,0.322086170895,-190.165436,-53.043919,-21.329991
1048576,1048640,2097280,0.106,222311,32,80,13108,32,86,138.755998,0.322086170895,-192.397090,-53.641091,-21.329991
1048576,1048640,2097280,0.106,222311,32,80,13108,32,87,140.390480,0.322086170895,-194.628006,-54.237526,-21.329991
1048576,1048640,2097280,0.106,222311,32,80,13108,32,88,142.024961,0.322086170895,-196.858104,-54.833143,-21.329991
1048576,1048640,2097280,0.106,222311,32,80,13108,32,89,143.659443,0.322086170895,-199.087293,-55.427850,-21.329991
1048576,1048640,2097280,0.106,222311,32,80,13108,32,90,145.293924,0.322086170895,-201.315473,-56.021549,-21.329991
1048576,1048640,2097280,0.106,222311,32,80,13108,32,91,146.928405,0.322086170895,-203.542536,-56.614130,-21.329991
1048576,1048640,2097280,0.106,222311,32,80,13108,32,92,148.562887,0.322086170895,-205.768365,-57.205478,-21.329991
1048576,1048640,2097280,0.106,222311,32,80,13108,32,93,150.197368,0.322086170895,-207.992832,-57.795464,-21.329991
1048576,1048640,2097280,0.106,222311,32,80,13108,32,94,151.831849,0.322086170895,-210.215800,-58.383951,-21.329991
1048576,1048640,2097280,0.106,222311,32,80,13108,32,95,153.466331,0.322086170895,-212.437121,-58.970790,-21.329991
1048576,1048640,2097280,0.106,222311,32,80,13108,32,96,155.100812,0.322086170895,-214.656639,-59.555826,-21.329991
1048576,1048640,2097280,0.106,222311,32,80,13108,32,97,156.735294,0.322086170895,-216.874183,-60.138889,-21.329991
1048576,1048640,2097280,0.106,222311,32,80,13108,32,98,158.369775,0.322086170895,-219.089579,-60.719804,-21.329991
1048576,1048640,2097280,0.106,222311,32,80,13108,32,99,160.004256,0.322086170895,-221.302639,-61.298383,-21.329991
1048576,1048640,2097280,0.106,222311,32,80,13108,32,100,161.638738,0.322086170895,-223.513174,-61.874436,-21.329991
1048576,1048640,2097280,0.106,222311,32,80,13108,32,101,163.273219,0.322086170895,-225.720982,-62.447763,-21.329991
1048576,1048640,2097280,0.106,222311,32,80,13108,32,102,164.907700,0.322086170895,-227.925862,-63.018162,-21.329991
1048576,1048640,2097280,0.106,222311,32,80,13108,32,103,166.542182,0.322086170895,-230.127608,-63.585427,-21.329991
1048576,1048640,2097280,0.106,222311,32,80,13108,32,104,168.176663,0.322086170895,-232.326017,-64.149354,-21.329991
1048576,1048640,2097280,0.106,222311,32,80,13108,32,105,169.811145,0.322086170895,-234.520892,-64.709747,-21.329991
1048576,1048640,2097280,0.106,222311,32,80,13108,32,106,171.445626,0.322086170895,-236.712034,-65.266408,-21.329991
1048576,1048640,2097280,0.106,222311,32,80,13108,32,107,173.080107,0.322086170895,-238.899265,-65.819157,-21.329991
1048576,1048640,2097280,0.106,222311,32,80,13108,32,108,174.714589,0.322086170895,-241.082416,-66.367828,-21.329991
1048576,1048640,2097280,0.106,222311,32,80,13108,32,109,176.349070,0.322086170895,-243.261334,-66.912264,-21.329991
1048576,1048640,2097280,0.106,222311,32,80,13108,32,110,177.983551,0.322086170895,-245.435890,-67.452338,-21.329991
1048576,1048640,2097280,0.106,222311,32,80,13108,32,111,179.618033,0.322086170895,-247.605979,-67.987946,-21.329991
1048576,1048640,2097280,0.106,222311,32,80,13108,32,112,181.252514,0.322086170895,-249.771519,-68.519004,-21.329991
1048576,1048640,2097280,0.106,222311,32,80,13108,32,113,182.886996,0.322086170895,-251.932459,-69.045463,-21.329991
1048576,1048640,2097280,0.106,222311,32,80,13108,32,114,184.521477,0.322086170895,-254.088781,-69.567304,-21.329991
1048576,1048640,2097280,0.106,222311,32,80,13108,32,115,186.155958,0.322086170895,-256.240489,-70.084531,-21.329991
1048576,1048640,2097280,0.106,222311,32,80,13108,32,116,187.790440,0.322086170895,-258.387626,-70.597186,-21.329991
1048576,1048640,2097280,0.106,222311,32,80,13108,32,117,189.424921,0.322086170895,-260.530262,-71.105341,-21.329991
1048576,1048640,2097280,0.106,222311,32,80,13108,32,118,191.059402,0.322086170895,-262.668490,-71.609088,-21.329991
1048576,1048640,2097280,0.106,222311,32,80,13108,32,119,192.693884,0.322086170895,-264.802434,-72.108551,-21.329991
1048576,1048640,2097280,0.106,222311,32,80,13108,32,120,194.328365,0.322086170895,-266.932240,-72.603875,-21.329991
1048576,1048640,2097280,0.106,222311,32,80,13108,32,121,195.962847,0.322086170895,-269.058068,-73.095221,-21.329991
1048576,1048640,2097280,0.106,222311,32,80,13108,32,122,197.597328,0.322086170895,-271.180098,-73.582770,-21.329991
1048576,1048640,2097280,0.106,222311,32,80,13108,32,123,199.231809,0.322086170895,-273.298525,-74.066715,-21.329991
1048576,1048640,2097280,0.106,222311,32,80,13108,32,124,200.866291,0.322086170895,-275.413544,-74.547254,-21.329991
1048576,1048640,2097280,0.106,222311,32,80,13108,32,125,202.500772,0.322086170895,-277.525364,-75.024592,-21.329991
1048576,1048640,2097280,0.106,222311,32,80,13108,32,126,204.135254,0.322086170895,-279.634192,-75.498939,-21.329991
1048576,1048640,2097280,0.106,222311,32,80,13108,32,127,205.769735,0.322086170895,-281.740235,-75.970500,-21.329991
1048576,1048640,2097280,0.106,222311,32,80,13108,32,128,207.404216,0.322086170895,-283.843696,-76.439479,-21.329991
1048576,1048640,2097280,0.106,222311,32,80,13108,32,129,209.038698,0.322086170895,-285.944776,-76.906078,-21.329991
1048576,1048640,2097280,0.106,222311,32,80,13108,32,130,210.673179,0.322086170895,-288.043665,-77.370486,-21.329991
1048576,1048640,2097280,0.106,222311,32,80,13108,32,131,212.307660,0.322086170895,-290.140548,-77.832888,-21.329991
1048576,1048640,2097280,0.106,222311,32,80,13108,32,132,213.942142,0.322086170895,-292.235603,-78.293461,-21.329991
1048576,1048640,2097280,0.106,222311,32,80,13108,32,133,215.576623,0.322086170895,-294.328991,-78.752368,-21.329991
1048576,1048640,2097280,0.106,222311,32,80,13108,32,134,217.211105,0.322086170895,-296.420869,-79.209765,-21.329991
1048576,1048640,2097280,0.106,222311,32,80,13108,32,135,218.845586,0.322086170895,-298.511384,-79.665798,-21.329991
1048576,1048640,2097280,0.106,222311,32,80,13108,32,136,220.480067,0.322086170895,-300.600669,-80.120601,-21.329991
1048576,1048640,2097280,0.106,222311,32,80,13108,32,137,222.114549,0.322086170895,-302.688848,-80.574300,-21.329991
1048576,1048640,2097280,0.106,222311,32,80,13108,32,138,223.749030,0.322086170895,-304.776039,-81.027009,-21.329991
1048576,1048640,2097280,0.106,222311,32,80,13108,32,139,225.383511,0.322086170895,-306.862344,-81.478833,-21.329991
1048576,1048640,2097280,0.106,222311,32,80,13108,32,140,227.017993,0.322086170895,-308.947862,-81.929869,-21.329991
1048576,1048640,2097280,0.106,222311,32,80,13108,32,141,228.652474,0.322086170895,-311.032682,-82.380207,-21.329991
1048576,1048640,2097280,0.106,222311,32,80,13108,32,142,230.286956,0.322086170895,-313.116882,-82.829926,-21.329991
1048576,1048640,2097280,0.106,222311,32,80,13108,32,143,231.921437,0.322086170895,-315.200536,-83.279099,-21.329991
1048576,1048640,2097280,0.106,222311,32,80,13108,32,144,233.555918,0.322086170895,-317.283711,-83.727793,-21.329991
1048576,1048640,2097280,0.106,222311,32,80,13108,32,145,235.190400,0.322086170895,-319.366466,-84.176067,-21.329991
1048576,1048640,2097280,0.106,222311,32,80,13108,32,146,236.824881,0.322086170895,-321.448856,-84.623975,-21.329991
1048576,1048640,2097280,0.106,222311,32,80,13108,32,147,238.459362,0.322086170895,-323.530929,-85.071567,-21.329991
1048576,1048640,2097280,0.106,222311,32,80,13108,32,148,240.093844,0.322086170895,-325.612729,-85.518886,-21.329991
1048576,1048640,2097280,0.106,222311,32,80,13108,32,149,241.728325,0.322086170895,-327.694296,-85.965971,-21.329991
1048576,1048640,2097280,0.106,222311,32,80,13108,32,150,243.362807,0.322086170895,-329.775665,-86.412859,-21.329991
1048576,1048640,2097280,0.106,222311,32,80,13108,32,151,244.997288,0.322086170895,-331.856868,-86.859580,-21.329991
1048576,1048640,2097280,0.106,222311,32,80,13108,32,152,246.631769,0.322086170895,-333.937933,-87.306164,-21.329991
1048576,1048640,2097280,0.106,222311,32,80,13108,32,153,248.266251,0.322086170895,-336.018886,-87.752636,-21.329991
1048576,1048640,2097280,0.106,222311,32,80,13108,32,154,249.900732,0.322086170895,-338.099750,-88.199018,-21.329991
1048576,1048640,2097280,0.106,222311,32,80,13108,32,155,251.535213,0.322086170895,-340.180545,-88.645331,-21.329991
1048576,1048640,2097280,0.106,222311,32,80,13108,32,156,253.169695,0.322086170895,-342.261288,-89.091594,-21.329991
1048576,1048640,2097280,0.106,222311,32,80,13108,32,157,254.804176,0.322086170895,-344.341998,-89.537821,-21.329991
1048576,1048640,2097280,0.106,222311,32,80,13108,32,158,256.438658,0.322086170895,-346.422686,-89.984029,-21.329991
1048576,1048640,2097280,0.106,222311,32,80,13108,32,159,258.073139,0.322086170895,-348.503367,-90.430228,-21.329991
1048576,1048640,2097280,0.106,222311,32,80,13108,32,160,259.707620,0.322086170895,-350.584052,-90.876431,-21.329991
1048576,1048640,2097280,0.106,222311,32,80,13108,33,1,-inf,,-2.237846,-inf,-inf
1048576,1048640,2097280,0.106,222311,32,80,13108,33,2,-inf,,-4.475692,-inf,-inf
1048576,1048640,2097280,0.106,222311,32,80,13108,33,3,-inf,,-6.713537,-inf,-inf
1048576,1048640,2097280,0.106,222311,32,80,13108,33,4,-inf,,-8.951381,-inf,-inf
1048576,1048640,2097280,0.106,222311,32,80,13108,33,5,-inf,,-11.189224,-inf,-inf
1048576,1048640,2097280,0.106,222311,32,80,13108,33,6,-inf,,-13.427067,-inf,-inf
1048576,1048640,2097280,0.106,222311,32,80,13108,33,7,-inf,,-15.664909,-inf,-inf
1048576,1048640,2097280,0.106,222311,32,80,13108,33,8,-inf,,-17.902750,-inf,-inf
1048576,1048640,2097280,0.106,222311,32,80,13108,33,9,-inf,,-20.140591,-inf,-inf
1048576,1048640,2097280,0.106,222311,32,80,13108,33,10,-inf,,-22.378431,-inf,-inf
1048576,1048640,2097280,0.106,222311,32,80,13108,33,11,-inf,,-24.616270,-inf,-inf
1048576,1048640,2097280,0.106,222311,32,80,13108,33,12,-inf,,-26.854108,-inf,-inf
1048576,1048640,2097280,0.106,222311,32,80,13108,33,13,-inf,,-29.091945,-inf,-inf
1048576,1048640,2097280,0.106,222311,32,80,13108,33,14,-inf,,-31.329782,-inf,-inf
1048576,1048640,2097280,0.106,222311,32,80,13108,33,15,-inf,,-33.567618,-inf,-inf
1048576,1048640,2097280,0.106,222311,32,80,13108,33,16,-inf,,-35.805453,-inf,-inf
1048576,1048640,2097280,0.106,222311,32,80,13108,33,17,-inf,,-38.043288,-inf,-inf
1048576,1048640,2097280,0.106,222311,32,80,13108,33,18,-inf,,-40.281121,-inf,-inf
1048576,1048640,2097280,0.106,222311,32,80,13108,33,19,-inf,,-42.518954,-inf,-inf
1048576,1048640,2097280,0.106,222311,32,80,13108,33,20,-inf,,-44.756786,-inf,-inf
1048576,1048640,2097280,0.106,222311,32,80,13108,33,21,-inf,,-46.994617,-inf,-inf
1048576,1048640,2097280,0.106,222311,32,80,13108,33,22,-inf,,-49.232447,-inf,-inf
1048576,1048640,2097280,0.106,222311,32,80,13108,33,23,-inf,,-51.470276,-inf,-inf
1048576,1048640,2097280,0.106,222311,32,80,13108,33,24,-inf,,-53.708104,-inf,-inf
1048576,1048640,2097280,0.106,222311,32,80,13108,33,25,-inf,,-55.945932,-inf,-inf
1048576,1048640,2097280,0.106,222311,32,80,13108,33,26,-inf,,-58.183758,-inf,-inf
1048576,1048640,2097280,0.106,222311,32,80,13108,33,27,-inf,,-60.421583,-inf,-inf
1048576,1048640,2097280,0.106,222311,32,80,13108,33,28,-inf,,-62.659406,-inf,-inf
1048576,1048640,2097280,0.106,222311,32,80,13108,33,29,-inf,,-64.897229,-inf,-inf
1048576,1048640,2097280,0.106,222311,32,80,13108,33,30,-inf,,-67.135050,-inf,-inf
1048576,1048640,2097280,0.106,222311,32,80,13108,33,31,-inf,,-69.372869,-inf,-inf
1048576,1048640,2097280,0.106,222311,32,80,13108,33,32,-inf,,-71.610687,-inf,-inf
1048576,1048640,2097280,0.106,222311,32,80,13108,33,33,48.818084,0.173712159159,-73.848504,-25.030420,-25.030420
1048576,1048640,2097280,0.106,222311,32,80,13108,33,34,51.343313,0.173712159159,-76.086318,-24.743005,-23.879567
1048576,1048640,2097280,0.106,222311,32,80,13108,33,35,53.845297,0.192539805332,-78.324131,-24.478834,-23.148306
1048576,1048640,2097280,0.106,222311,32,80,13108,33,36,56.027861,0.236538124161,-80.561941,-24.534080,-22.680834
1048576,1048640,2097280,0.106,222311,32,80,13108,33,37,58.022025,0.262175109676,-82.799749,-24.777723,-22.377771
1048576,1048640,2097280,0.106,222311,32,80,13108,33,38,59.892465,0.290590738289,-85.037554,-25.145089,-22.180060
1048576,1048640,2097280,0.106,222311,32,80,13108,33,39,61.675404,0.290590738289,-87.275356,-25.599952,-22.051192
1048576,1048640,2097280,0.106,222311,32,80,13108,33,40,63.458343,0.290590738289,-89.513155,-26.054812,-21.963942
1048576,1048640,2097280,0.106,222311,32,80,13108,33,41,65.144462,0.322086170895,-91.750951,-26.606488,-21.907308
1048576,1048640,2097280,0.106,222311,32,80,13108,33,42,66.778944,0.322086170895,-93.988742,-27.209798,-21.871207
1048576,1048640,2097280,0.106,222311,32,80,13108,33,43,68.413425,0.322086170895,-96.226529,-27.813104,-21.847927
1048576,1048640,2097280,0.106,222311,32,80,13108,33,44,70.047906,0.322086170895,-98.464311,-28.416404,-21.832806
1048576,1048640,2097280,0.106,222311,32,80,13108,33,45,71.682388,0.322086170895,-100.702087,-29.019699,-21.822938
1048576,1048640,2097280,0.106,222311,32,80,13108,33,46,73.316869,0.322086170895,-102.939857,-29.622988,-21.816479
1048576,1048640,2097280,0.106,222311,32,80,13108,33,47,74.951351,0.322086170895,-105.177620,-30.226270,-21.812244
1048576,1048640,2097280,0.106,222311,32,80,13108,33,48,76.585832,0.322086170895,-107.415376,-30.829544,-21.809462
1048576,1048640,2097280,0.106,222311,32,80,13108,33,49,78.220313,0.322086170895,-109.653122,-31.432809,-21.807634
1048576,1048640,2097280,0.106,222311,32,80,13108,33,50,79.854795,0.322086170895,-111.890859,-32.036064,-21.806432
1048576,1048640,2097280,0.106,222311,32,80,13108,33,51,81.489276,0.322086170895,-114.128584,-32.639308,-21.805641
1048576,1048640,2097280,0.106,222311,32,80,13108,33,52,83.123758,0.322086170895,-116.366297,-33.242539,-21.805121
1048576,1048640,2097280,0.106,222311,32,80,13108,33,53,84.758239,0.322086170895,-118.603995,-33.845756,-21.804779
1048576,1048640,2097280,0.106,222311,32,80,13108,33,54,86.392720,0.322086170895,-120.841678,-34.448958,-21.804553
1048576,1048640,2097280,0.106,222311,32,80,13108,33,55,88.027202,0.322086170895,-123.079343,-35.052141,-21.804405
1048576,1048640,2097280,0.106,222311,32,80,13108,33,56,89.661683,0.322086170895,-125.316987,-35.655304,-21.804307
1048576,1048640,2097280,0.106,222311,32,80,13108,33,57,91.296164,0.322086170895,-127.554609,-36.258444,-21.804243
1048576,1048640,2097280,0.106,222311,32,80,13108,33,58,92.930646,0.322086170895,-129.792205,-36.861559,-21.804201
1048576,1048640,2097280,0.106,222311,32,80,13108,33,59,94.565127,0.322086170895,-132.029772,-37.464645,-21.804173
1048576,1048640,2097280,0.106,222311,32,80,13108,33,60,96.199609,0.322086170895,-134.267306,-38.067698,-21.804155
1048576,1048640,2097280,0.106,222311,32,80,13108,33,61,97.834090,0.322086170895,-136.504804,-38.670714,-21.804142
1048576,1048640,2097280,0.106,222311,32,80,13108,33,62,99.468571,0.322086170895,-138.742260,-39.273689,-21.804135
1048576,1048640,2097280,0.106,222311,32,80,13108,33,63,101.103053,0.322086170895,-140.979669,-39.876617,-21.804129
1048576,1048640,2097280,0.106,222311,32,80,13108,33,64,102.737534,0.322086170895,-143.217026,-40.479492,-21.804126
1048576,1048640,2097280,0.106,222311,32,80,13108,33,65,104.372015,0.322086170895,-145.454324,-41.082308,-21.804124
1048576,1048640,2097280,0.106,222311,32,80,13108,33,66,106.006497,0.322086170895,-147.691555,-41.685058,-21.804122
1048576,1048640,2097280,0.106,222311,32,80,13108,33,67,107.640978,0.322086170895,-149.928710,-42.287732,-21.804121
1048576,1048640,2097280,0.106,222311,32,80,13108,33,68,109.275460,0.322086170895,-152.165781,-42.890322,-21.804120
1048576,1048640,2097280,0.106,222311,32,80,13108,33,69,110.909941,0.322086170895,-154.402757,-43.492816,-21.804120
1048576,1048640,2097280,0.106,222311,32,80,13108,33,70,112.544422,0.322086170895,-156.639626,-44.095203,-21.804120
1048576,1048640,2097280,0.106,222311,32,80,13108,33,71,114.178904,0.322086170895,-158.876374,-44.697470,-21.804120
1048576,1048640,2097280,0.106,222311,32,80,13108,33,72,115.813385,0.322086170895,-161.112986,-45.299601,-21.804119
1048576,1048640,2097280,0.106,222311,32,80,13108,33,73,117.447866,0.322086170895,-163.349447,-45.901580,-21.804119
1048576,1048640,2097280,0.106,222311,32,80,13108,33,74,119.082348,0.322086170895,-165.585736,-46.503388,-21.804119
1048576,1048640,2097280,0.106,222311,32,80,13108,33,75,120.716829,0.322086170895,-167.821833,-47.105004,-21.804119
1048576,1048640,2097280,0.106,222311,32,80,13108,33,76,122.351311,0.322086170895,-170.057715,-47.706405,-21.804119
1048576,1048640,2097280,0.106,222311,32,80,13108,33,77,123.985792,0.322086170895,-172.293355,-48.307563,-21.804119
1048576,1048640,2097280,0.106,222311,32,80,13108,33,78,125.620273,0.322086170895,-174.528724,-48.908450,-21.804119
1048576,1048640,2097280,0.106,222311,32,80,13108,33,79,127.254755,0.322086170895,-176.763788,-49.509033,-21.804119
1048576,1048640,2097280,0.106,222311,32,80,13108,33,80,128.889236,0.322086170895,-178.998512,-50.109276,-21.804119
1048576,1048640,2097280,0.106,222311,32,80,13108,33,81,130.523717,0.322086170895,-181.232855,-50.709138,-21.804119
1048576,1048640,2097280,0.106,222311,32,80,13108,33,82,132.158199,0.322086170895,-183.466772,-51.308573,-21.804119
1048576,1048640,2097280,0.106,222311,32,80,13108,33,83,133.792680,0.322086170895,-185.700212,-51.907532,-21.804119
1048576,1048640,2097280,0.106,222311,32,80,13108,33,84,135.427162,0.322086170895,-187.933121,-52.505960,-21.804119
1048576,1048640,2097280,0.106,222311,32,80,13108,33,85,137.061643,0.322086170895,-190.165436,-53.103793,-21.804119
1048576,1048640,2097280,0.106,222311,32,80,13108,33,86,138.696124,0.322086170895,-192.397090,-53.700965,-21.804119
1048576,1048640,2097280,0.106,222311,32,80,13108,33,87,140.330606,0.322086170895,-194.628006,-54.297400,-21.804119
1048576,1048640,2097280,0.106,222311,32,80,13108,33,88,141.965087,0.322086170895,-196.858104,-54.893017,-21.804119
1048576,1048640,2097280,0.106,222311,32,80,13108,33,89,143.599568,0.322086170895,-199.087293,-55.487724,-21.804119
1048576,1048640,2097280,0.106,222311,32,80,13108,33,90,145.234050,0.322086170895,-201.315473,-56.081423,-21.804119
1048576,1048640,2097280,0.106,222311,32,80,13108,33,91,146.868531,0.322086170895,-203.542536,-56.674005,-21.804119
1048576,1048640,2097280,0.106,222311,32,80,13108,33,92,148.503013,0.322086170895,-205.768365,-57.265353,-21.804119
1048576,1048640,2097280,0.106,222311,32,80,13108,33,93,150.137494,0.322086170895,-207.992832,-57.855338,-21.804119
1048576,1048640,2097280,0.106,222311,32,80,13108,33,94,151.771975,0.322086170895,-210.215800,-58.443825,-21.804119
1048576,1048640,2097280,0.106,222311,32,80,13108,33,95,153.406457,0.322086170895,-212.437121,-59.030665,-21.804119
1048576,1048640,2097280,0.106,222311,32,80,13108,33,96,155.040938,0.322086170895,-214.656639,-59.615700,-21.804119
1048576,1048640,2097280,0.106,222311,32,80,13108,33,97,156.675419,0.322086170895,-216.874183,-60.198763,-21.804119
1048576,1048640,2097280,0.106,222311,32,80,13108,33,98,158.309901,0.322086170895,-219.089579,-60.779678,-21.804119
1048576,1048640,2097280,0.106,222311,32,80,13108,33,99,159.944382,0.322086170895,-221.302639,-61.358257,-21.804119
1048576,1048640,2097280,0.106,222311,32,80,13108,33,100,161.578864,0.322086170895,-223.513174,-61.934310,-21.804119
1048576,1048640,2097280,0.106,222311,32,80,13108,33,101,163.213345,0.322086170895,-225.720982,-62.507637,-21.804119
1048576,1048640,2097280,0.106,222311,32,80,13108,33,102,164.847826,0.322086170895,-227.925862,-63.078036,-21.804119
1048576,1048640,2097280,0.106,222311,32,80,13108,33,103,166.482308,0.322086170895,-230.127608,-63.645301,-21.804119
1048576,1048640,2097280,0.106,222311,32,80,13108,33,104,168.116789,0.322086170895,-232.326017,-64.209228,-21.804119
1048576,1048640,2097280,0.106,222311,32,80,13108,33,105,169.751270,0.322086170895,-234.520892,-64.769621,-21.804119
1048576,1048640,2097280,0.106,222311,32,80,13108,33,106,171.385752,0.322086170895,-236.712034,-65.326283,-21.804119
1048576,1048640,2097280,0.106,222311,32,80,13108,33,107,173.020233,0.322086170895,-238.899265,-65.879032,-21.804119
1048576,1048640,2097280,0.106,222311,32,80,13108,33,108,174.654715,0.322086170895,-241.082416,-66.427702,-21.804119
1048576,1048640,2097280,0.106,222311,32,80,13108,33,109,176.289196,0.322086170895,-243.261334,-66.972138,-21.804119
1048576,1048640,2097280,0.106,222311,32,80,13108,33,110,177.923677,0.322086170895,-245.435890,-67.512213,-21.804119
1048576,1048640,2097280,0.106,222311,32,80,13108,33,111,179.558159,0.322086170895,-247.605979,-68.047821,-21.804119
1048576,1048640,2097280,0.106,222311,32,80,13108,33,112,181.192640,0.322086170895,-249.771519,-68.578879,-21.804119
1048576,1048640,2097280,0.106,222311,32,80,13108,33,113,182.827121,0.322086170895,-251.932459,-69.105337,-21.804119
1048576,1048640,2097280,0.106,222311,32,80,13108,33,114,184.461603,0.322086170895,-254.088781,-69.627178,-21.804119
1048576,1048640,2097280,0.106,222311,32,80,13108,33,115,186.096084,0.322086170895,-256.240489,-70.144405,-21.804119
1048576,1048640,2097280,0.106,222311,32,80,13108,33,116,187.730566,0.322086170895,-258.387626,-70.657061,-21.804119
1048576,1048640,2097280,0.106,222311,32,80,13108,33,117,189.365047,0.322086170895,-260.530262,-71.165215,-21.804119
1048576,1048640,2097280,0.106,222311,32,80,13108,33,118,190.999528,0.322086170895,-262.668490,-71.668962,-21.804119
1048576,1048640,2097280,0.106,222311,32,80,13108,33,119,192.634010,0.322086170895,-264.802434,-72.168425,-21.804119
1048576,1048640,2097280,0.106,222311,32,80,13108,33,120,194.268491,0.322086170895,-266.932240,-72.663749,-21.804119
1048576,1048640,2097280,0.106,222311,32,80,13108,33,121,195.902972,0.322086170895,-269.058068,-73.155095,-21.804119
1048576,1048640,2097280,0.106,222311,32,80,13108,33,122,197.537454,0.322086170895,-271.180098,-73.642645,-21.804119
1048576,1048640,2097280,0.106,222311,32,80,13108,33,123,199.171935,0.322086170895,-273.298525,-74.126590,-21.804119
1048576,1048640,2097280,0.106,222311,32,80,13108,33,124,200.806417,0.322086170895,-275.413544,-74.607128,-21.804119
1048576,1048640,2097280,0.106,222311,32,80,13108,33,125,202.440898,0.322086170895,-277.525364,-75.084466,-21.804119
1048576,1048640,2097280,0.106,222311,32,80,13108,33,126,204.075379,0.322086170895,-279.634192,-75.558813,-21.804119
1048576,1048640,2097280,0.106,222311,32,80,13108,33,127,205.709861,0.322086170895,-281.740235,-76.030374,-21.804119
1048576,1048640,2097280,0.106,222311,32,80,13108,33,128,207.344342,0.322086170895,-283.843696,-76.499354,-21.804119
1048576,1048640,2097280,0.106,222311,32,80,13108,33,129,208.978823,0.322086170895,-285.944776,-76.965952,-21.804119
1048576,1048640,2097280,0.106,222311,32,80,13108,33,130,210.613305,0.322086170895,-288.043665,-77.430360,-21.804119
1048576,1048640,2097280,0.106,222311,32,80,13108,33,131,212.247786,0.322086170895,-290.140548,-77.892762,-21.804119
1048576,1048640,2097280,0.106,222311,32,80,13108,33,132,213.882268,0.322086170895,-292.235603,-78.353335,-21.804119
1048576,1048640,2097280,0.106,222311,32,80,13108,33,133,215.516749,0.322086170895,-294.328991,-78.812242,-21.804119
1048576,1048640,2097280,0.106,222311,32,80,13108,33,134,217.151230,0.322086170895,-296.420869,-79.269639,-21.804119
1048576,1048640,2097280,0.106,222311,32,80,13108,33,135,218.785712,0.322086170895,-298.511384,-79.725673,-21.804119
1048576,1048640,2097280,0.106,222311,32,80,13108,33,136,220.420193,0.322086170895,-300.600669,-80.180476,-21.804119
1048576,1048640,2097280,0.106,222311,32,80,13108,33,137,222.054675,0.322086170895,-302.688848,-80.634174,-21.804119
1048576,1048640,2097280,0.106,222311,32,80,13108,33,138,223.689156,0.322086170895,-304.776039,-81.086883,-21.804119
1048576,1048640,2097280,0.106,222311,32,80,13108,33,139,225.323637,0.322086170895,-306.862344,-81.538707,-21.804119
1048576,1048640,2097280,0.106,222311,32,80,13108,33,140,226.958119,0.322086170895,-308.947862,-81.989744,-21.804119
1048576,1048640,2097280,0.106,222311,32,80,13108,33,141,228.592600,0.322086170895,-311.032682,-82.440082,-21.804119
1048576,1048640,2097280,0.106,222311,32,80,13108,33,142,230.227081,0.322086170895,-313.116882,-82.889800,-21.804119
1048576,1048640,2097280,0.106,222311,32,80,13108,33,143,231.861563,0.322086170895,-315.200536,-83.338973,-21.804119
1048576,1048640,2097280,0.106,222311,32,80,13108,33,144,233.496044,0.322086170895,-317.283711,-83.787667,-21.804119
1048576,1048640,2097280,0.106,222311,32,80,13108,33,145,235.130526,0.322086170895,-319.366466,-84.235941,-21.804119
1048576,1048640,2097280,0.106,222311,32,80,13108,33,146,236.765007,0.322086170895,-321.448856,-84.683849,-21.804119
1048576,1048640,2097280,0.106,222311,32,80,13108,33,147,238.399488,0.322086170895,-323.530929,-85.131441,-21.804119
1048576,1048640,2097280,0.106,222311,32,80,13108,33,148,240.033970,0.322086170895,-325.612729,-85.578760,-21.804119
1048576,1048640,2097280,0.106,222311,32,80,13108,33,149,241.668451,0.322086170895,-327.694296,-86.025845,-21.804119
1048576,1048640,2097280,0.106,222311,32,80,13108,33,150,243.302932,0.322086170895,-329.775665,-86.472733,-21.804119
1048576,1048640,2097280,0.106,222311,32,80,13108,33,151,244.937414,0.322086170895,-331.856868,-86.919454,-21.804119
1048576,1048640,2097280,0.106,222311,32,80,13108,33,152,246.571895,0.322086170895,-333.937933,-87.366038,-21.804119
1048576,1048640,2097280,0.106,222311,32,80,13108,33,153,248.206377,0.322086170895,-336.018886,-87.812510,-21.804119
1048576,1048640,2097280,0.106,222311,32,80,13108,33,154,249.840858,0.322086170895,-338.099750,-88.258892,-21.804119
1048576,1048640,2097280,0.106,222311,32,80,13108,33,155,251.475339,0.322086170895,-340.180545,-88.705205,-21.804119
1048576,1048640,2097280,0.106,222311,32,80,13108,33,156,253.109821,0.322086170895,-342.261288,-89.151468,-21.804119
1048576,1048640,2097280,0.106,222311,32,80,13108,33,157,254.744302,0.322086170895,-344.341998,-89.597696,-21.804119
1048576,1048640,2097280,0.106,222311,32,80,13108,33,158,256.378783,0.322086170895,-346.422686,-90.043903,-21.804119
1048576,1048640,2097280,0.106,222311,32,80,13108,33,159,258.013265,0.322086170895,-348.503367,-90.490102,-21.804119
1048576,1048640,2097280,0.106,222311,32,80,13108,33,160,259.647746,0.322086170895,-350.584052,-90.936306,-21.804119
1048576,1048640,2097280,0.106,222311,32,80,13108,34,1,-inf,,-2.237846,-inf,-inf
1048576,1048640,2097280,0.106,222311,32,80,13108,34,2,-inf,,-4.475692,-inf,-inf
1048576,1048640,2097280,0.106,222311,32,80,13108,34,3,-inf,,-6.713537,-inf,-inf
1048576,1048640,2097280,0.106,222311,32,80,13108,34,4,-inf,,-8.951381,-inf,-inf
1048576,1048640,2097280,0.106,222311,32,80,13108,34,5,-inf,,-11.189224,-inf,-inf
1048576,1048640,2097280,0.106,222311,32,80,13108,34,6,-inf,,-13.427067,-inf,-inf
1048576,1048640,2097280,0.106,222311,32,80,13108,34,7,-inf,,-15.664909,-inf,-inf
1048576,1048640,2097280,0.106,222311,32,80,13108,34,8,-inf,,-17.902750,-inf,-inf
1048576,1048640,2097280,0.106,222311,32,80,13108,34,9,-inf,,-20.140591,-inf,-inf
1048576,1048640,2097280,0.106,222311,32,80,13108,34,10,-inf,,-22.378431,-inf,-inf
1048576,1048640,2097280,0.106,222311,32,80,13108,34,11,-inf,,-24.616270,-inf,-inf
1048576,1048640,2097280,0.106,222311,32,80,13108,34,12,-inf,,-26.854108,-inf,-inf
1048576,1048640,2097280,0.106,222311,32,80,13108,34,13,-inf,,-29.091945,-inf,-inf
1048576,1048640,2097280,0.106,222311,32,80,13108,34,14,-inf,,-31.329782,-inf,-inf
1048576,1048640,2097280,0.106,222311,32,80,13108,34,15,-inf,,-33.567618,-inf,-inf
1048576,1048640,2097280,0.106,222311,32,80,13108,34,16,-inf,,-35.805453,-inf,-inf
1048576,1048640,2097280,0.106,222311,32,80,13108,34,17,-inf,,-38.043288,-inf,-inf
1048576,1048640,2097280,0.106,222311,32,80,13108,34,18,-inf,,-40.281121,-inf,-inf
1048576,1048640,2097280,0.106,222311,32,80,13108,34,19,-inf,,-42.518954,-inf,-inf
1048576,1048640,2097280,0.106,222311,32,80,13108,34,20,-inf,,-44.756786,-inf,-inf
1048576,1048640,2097280,0.106,222311,32,80,13108,34,21,-inf,,-46.994617,-inf,-inf
1048576,1048640,2097280,0.106,222311,32,80,13108,34,22,-inf,,-49.232447,-inf,-inf
1048576,1048640,2097280,0.106,222311,32,80,13108,34,23,-inf,,-51.470276,-inf,-inf
1048576,1048640,2097280,0.106,222311,32,80,13108,34,24,-inf,,-53.708104,-inf,-inf
1048576,1048640,2097280,0.106,222311,32,80,13108,34,25,-inf,,-55.945932,-inf,-inf
1048576,1048640,2097280,0.106,222311,32,80,13108,34,26,-inf,,-58.183758,-inf,-inf
1048576,1048640,2097280,0.106,222311,32,80,13108,34,27,-inf,,-60.421583,-inf,-inf
1048576,1048640,2097280,0.106,222311,32,80,13108,34,28,-inf,,-62.659406,-inf,-inf
1048576,1048640,2097280,0.106,222311,32,80,13108,34,29,-inf,,-64.897229,-inf,-inf
1048576,1048640,2097280,0.106,222311,32,80,13108,34,30,-inf,,-67.135050,-inf,-inf
1048576,1048640,2097280,0.106,222311,32,80,13108,34,31,-inf,,-69.372869,-inf,-inf
1048576,1048640,2097280,0.106,222311,32,80,13108,34,32,-inf,,-71.610687,-inf,-inf
1048576,1048640,2097280,0.106,222311,32,80,13108,34,33,-inf,,-73.848504,-inf,-inf
1048576,1048640,2097280,0.106,222311,32,80,13108,34,34,50.535958,0.173712159159,-76.086318,-25.550360,-25.550360
1048576,1048640,2097280,0.106,222311,32,80,13108,34,35,53.061187,0.173712159159,-78.324131,-25.262943,-24.399506
1048576,1048640,2097280,0.106,222311,32,80,13108,34,36,55.586417,0.173712159159,-80.561941,-24.975524,-23.658956
1048576,1048640,2097280,0.106,222311,32,80,13108,34,37,57.783990,0.236538124161,-82.799749,-25.015759,-23.183408
1048576,1048640,2097280,0.106,222311,32,80,13108,34,38,59.733586,0.262175109676,-85.037554,-25.303968,-22.884799
1048576,1048640,2097280,0.106,222311,32,80,13108,34,39,61.541731,0.290590738289,-87.275356,-25.733625,-22.697273
1048576,1048640,2097280,0.106,222311,32,80,13108,34,40,63.324671,0.290590738289,-89.513155,-26.188484,-22.574364
1048576,1048640,2097280,0.106,222311,32,80,13108,34,41,65.066809,0.322086170895,-91.750951,-26.684141,-22.493133
1048576,1048640,2097280,0.106,222311,32,80,13108,34,42,66.701290,0.322086170895,-93.988742,-27.287451,-22.442055
1048576,1048640,2097280,0.106,222311,32,80,13108,34,43,68.335772,0.322086170895,-96.226529,-27.890757,-22.409394
1048576,1048640,2097280,0.106,222311,32,80,13108,34,44,69.970253,0.322086170895,-98.464311,-28.494058,-22.388292
1048576,1048640,2097280,0.106,222311,32,80,13108,34,45,71.604735,0.322086170895,-100.702087,-29.097353,-22.374568
1048576,1048640,2097280,0.106,222311,32,80,13108,34,46,73.239216,0.322086170895,-102.939857,-29.700641,-22.365605
1048576,1048640,2097280,0.106,222311,32,80,13108,34,47,74.873697,0.322086170895,-105.177620,-30.303923,-22.359735
1048576,1048640,2097280,0.106,222311,32,80,13108,34,48,76.508179,0.322086170895,-107.415376,-30.907197,-22.355884
1048576,1048640,2097280,0.106,222311,32,80,13108,34,49,78.142660,0.322086170895,-109.653122,-31.510462,-22.353355
1048576,1048640,2097280,0.106,222311,32,80,13108,34,50,79.777141,0.322086170895,-111.890859,-32.113717,-22.351693
1048576,1048640,2097280,0.106,222311,32,80,13108,34,51,81.411623,0.322086170895,-114.128584,-32.716961,-22.350599
1048576,1048640,2097280,0.106,222311,32,80,13108,34,52,83.046104,0.322086170895,-116.366297,-33.320192,-22.349880
1048576,1048640,2097280,0.106,222311,32,80,13108,34,53,84.680586,0.322086170895,-118.603995,-33.923410,-22.349407
1048576,1048640,2097280,0.106,222311,32,80,13108,34,54,86.315067,0.322086170895,-120.841678,-34.526611,-22.349095
1048576,1048640,2097280,0.106,222311,32,80,13108,34,55,87.949548,0.322086170895,-123.079343,-35.129794,-22.348890
1048576,1048640,2097280,0.106,222311,32,80,13108,34,56,89.584030,0.322086170895,-125.316987,-35.732957,-22.348755
1048576,1048640,2097280,0.106,222311,32,80,13108,34,57,91.218511,0.322086170895,-127.554609,-36.336098,-22.348667
1048576,1048640,2097280,0.106,222311,32,80,13108,34,58,92.852992,0.322086170895,-129.792205,-36.939212,-22.348608
1048576,1048640,2097280,0.106,222311,32,80,13108,34,59,94.487474,0.322086170895,-132.029772,-37.542298,-22.348570
1048576,1048640,2097280,0.106,222311,32,80,13108,34,60,96.121955,0.322086170895,-134.267306,-38.145351,-22.348544
1048576,1048640,2097280,0.106,222311,32,80,13108,34,61,97.756437,0.322086170895,-136.504804,-38.748367,-22.348528
1048576,1048640,2097280,0.106,222311,32,80,13108,34,62,99.390918,0.322086170895,-138.742260,-39.351342,-22.348517
1048576,1048640,2097280,0.106,222311,32,80,13108,34,63,101.025399,0.322086170895,-140.979669,-39.954270,-22.348509
1048576,1048640,2097280,0.106,222311,32,80,13108,34,64,102.659881,0.322086170895,-143.217026,-40.557146,-22.348505
1048576,1048640,2097280,0.106,222311,32,80,13108,34,65,104.294362,0.322086170895,-145.454324,-41.159962,-22.348501
1048576,1048640,2097280,0.106,222311,32,80,13108,34,66,105.928844,0.322086170895,-147.691555,-41.762711,-22.348499
1048576,1048640,2097280,0.106,222311,32,80,13108,34,67,107.563325,0.322086170895,-149.928710,-42.365385,-22.348498
1048576,1048640,2097280,0.106,222311,32,80,13108,34,68,109.197806,0.322086170895,-152.165781,-42.967975,-22.348497
1048576,1048640,2097280,0.106,222311,32,80,13108,34,69,110.832288,0.322086170895,-154.402757,-43.570469,-22.348497
1048576,1048640,2097280,0.106,222311,32,80,13108,34,70,112.466769,0.322086170895,-156.639626,-44.172857,-22.348496
1048576,1048640,2097280,0.106,222311,32,80,13108,34,71,114.101250,0.322086170895,-158.876374,-44.775123,-22.348496
1048576,1048640,2097280,0.106,222311,32,80,13108,34,72,115.735732,0.322086170895,-161.112986,-45.377255,-22.348496
1048576,1048640,2097280,0.106,222311,32,80,13108,34,73,117.370213,0.322086170895,-163.349447,-45.979234,-22.348496
1048576,1048640,2097280,0.106,222311,32,80,13108,34,74,119.004695,0.322086170895,-165.585736,-46.581042,-22.348496
1048576,1048640,2097280,0.106,222311,32,80,13108,34,75,120.639176,0.322086170895,-167.821833,-47.182657,-22.348495
1048576,1048640,2097280,0.106,222311,32,80,13108,34,76,122.273657,0.322086170895,-170.057715,-47.784058,-22.348495
1048576,1048640,2097280,0.106,222311,32,80,13108,34,77,123.908139,0.322086170895,-172.293355,-48.385216,-22.348495
1048576,1048640,2097280,0.106,222311,32,80,13108,34,78,125.542620,0.322086170895,-174.528724,-48.986104,-22.348495
1048576,1048640,2097280,0.106,222311,32,80,13108,34,79,127.177101,0.322086170895,-176.763788,-49.586687,-22.348495
1048576,1048640,2097280,0.106,222311,32,80,13108,34,80,128.811583,0.322086170895,-178.998512,-50.186930,-22.348495
1048576,1048640,2097280,0.106,222311,32,80,13108,34,81,130.446064,0.322086170895,-181.232855,-50.786791,-22.348495
1048576,1048640,2097280,0.106,222311,32,80,13108,34,82,132.080546,0.322086170895,-183.466772,-51.386227,-22.348495
1048576,1048640,2097280,0.106,222311,32,80,13108,34,83,133.715027,0.322086170895,-185.700212,-51.985186,-22.348495
1048576,1048640,2097280,0.106,222311,32,80,13108,34,84,135.349508,0.322086170895,-187.933121,-52.583613,-22.348495
1048576,1048640,2097280,0.106,222311,32,80,13108,34,85,136.983990,0.322086170895,-190.165436,-53.181446,-22.348495
1048576,1048640,2097280,0.106,222311,32,80,13108,34,86,138.618471,0.322086170895,-192.397090,-53.778618,-22.348495
1048576,1048640,2097280,0.106,222311,32,80,13108,34,87,140.252952,0.322086170895,-194.628006,-54.375054,-22.348495
1048576,1048640,2097280,0.106,222311,32,80,13108,34,88,141.887434,0.322086170895,-196.858104,-54.970671,-22.348495
1048576,1048640,2097280,0.106,222311,32,80,13108,34,89,143.521915,0.322086170895,-199.087293,-55.565377,-22.348495
1048576,1048640,2097280,0.106,222311,32,80,13108,34,90,145.156397,0.322086170895,-201.315473,-56.159076,-22.348495
1048576,1048640,2097280,0.106,222311,32,80,13108,34,91,146.790878,0.322086170895,-203.542536,-56.751658,-22.348495
1048576,1048640,2097280,0.106,222311,32,80,13108,34,92,148.425359,0.322086170895,-205.768365,-57.343006,-22.348495
1048576,1048640,2097280,0.106,222311,32,80,13108,34,93,150.059841,0.322086170895,-207.992832,-57.932991,-22.348495
1048576,1048640,2097280,0.106,222311,32,80,13108,34,94,151.694322,0.322086170895,-210.215800,-58.521478,-22.348495
1048576,1048640,2097280,0.106,222311,32,80,13108,34,95,153.328803,0.322086170895,-212.437121,-59.108318,-22.348495
1048576,1048640,2097280,0.106,222311,32,80,13108,34,96,154.963285,0.322086170895,-214.656639,-59.693354,-22.348495
1048576,1048640,2097280,0.106,222311,32,80,13108,34,97,156.597766,0.322086170895,-216.874183,-60.276416,-22.348495
1048576,1048640,2097280,0.106,222311,32,80,13108,34,98,158.232248,0.322086170895,-219.089579,-60.857331,-22.348495
1048576,1048640,2097280,0.106,222311,32,80,13108,34,99,159.866729,0.322086170895,-221.302639,-61.435911,-22.348495
1048576,1048640,2097280,0.106,222311,32,80,13108,34,100,161.501210,0.322086170895,-223.513174,-62.011964,-22.348495
1048576,1048640,2097280,0.106,222311,32,80,13108,34,101,163.135692,0.322086170895,-225.720982,-62.585290,-22.348495
1048576,1048640,2097280,0.106,222311,32,80,13108,34,102,164.770173,0.322086170895,-227.925862,-63.155689,-22.348495
1048576,1048640,2097280,0.106,222311,32,80,13108,34,103,166.404654,0.322086170895,-230.127608,-63.722954,-22.348495
1048576,1048640,2097280,0.106,222311,32,80,13108,34,104,168.039136,0.322086170895,-232.326017,-64.286882,-22.348495
1048576,1048640,2097280,0.106,222311,32,80,13108,34,105,169.673617,0.322086170895,-234.520892,-64.847274,-22.348495
1048576,1048640,2097280,0.106,222311,32,80,13108,34,106,171.308099,0.322086170895,-236.712034,-65.403936,-22.348495
1048576,1048640,2097280,0.106,222311,32,80,13108,34,107,172.942580,0.322086170895,-238.899265,-65.956685,-22.348495
1048576,1048640,2097280,0.106,222311,32,80,13108,34,108,174.577061,0.322086170895,-241.082416,-66.505355,-22.348495
1048576,1048640,2097280,0.106,222311,32,80,13108,34,109,176.211543,0.322086170895,-243.261334,-67.049791,-22.348495
1048576,1048640,2097280,0.106,222311,32,80,13108,34,110,177.846024,0.322086170895,-245.435890,-67.589866,-22.348495
1048576,1048640,2097280,0.106,222311,32,80,13108,34,111,179.480505,0.322086170895,-247.605979,-68.125474,-22.348495
1048576,1048640,2097280,0.106,222311,32,80,13108,34,112,181.114987,0.322086170895,-249.771519,-68.656532,-22.348495
1048576,1048640,2097280,0.106,222311,32,80,13108,34,113,182.749468,0.322086170895,-251.932459,-69.182991,-22.348495
1048576,1048640,2097280,0.106,222311,32,80,13108,34,114,184.383950,0.322086170895,-254.088781,-69.704831,-22.348495
1048576,1048640,2097280,0.106,222311,32,80,13108,34,115,186.018431,0.322086170895,-256.240489,-70.222058,-22.348495
1048576,1048640,2097280,0.106,222311,32,80,13108,34,116,187.652912,0.322086170895,-258.387626,-70.734714,-22.348495
1048576,1048640,2097280,0.106,222311,32,80,13108,34,117,189.287394,0.322086170895,-260.530262,-71.242868,-22.348495
1048576,1048640,2097280,0.106,222311,32,80,13108,34,118,190.921875,0.322086170895,-262.668490,-71.746615,-22.348495
1048576,1048640,2097280,0.106,222311,32,80,13108,34,119,192.556356,0.322086170895,-264.802434,-72.246078,-22.348495
1048576,1048640,2097280,0.106,222311,32,80,13108,34,120,194.190838,0.322086170895,-266.932240,-72.741402,-22.348495
1048576,1048640,2097280,0.106,222311,32,80,13108,34,121,195.825319,0.322086170895,-269.058068,-73.232749,-22.348495
1048576,1048640,2097280,0.106,222311,32,80,13108,34,122,197.459801,0.322086170895,-271.180098,-73.720298,-22.348495
1048576,1048640,2097280,0.106,222311,32,80,13108,34,123,199.094282,0.322086170895,-273.298525,-74.204243,-22.348495
1048576,1048640,2097280,0.106,222311,32,80,13108,34,124,200.728763,0.322086170895,-275.413544,-74.684781,-22.348495
1048576,1048640,2097280,0.106,222311,32,80,13108,34,125,202.363245,0.322086170895,-277.525364,-75.162119,-22.348495
1048576,1048640,2097280,0.106,222311,32,80,13108,34,126,203.997726,0.322086170895,-279.634192,-75.636466,-22.348495
1048576,1048640,2097280,0.106,222311,32,80,13108,34,127,205.632207,0.322086170895,-281.740235,-76.108027,-22.348495
1048576,1048640,2097280,0.106,222311,32,80,13108,34,128,207.266689,0.322086170895,-283.843696,-76.577007,-22.348495
1048576,1048640,2097280,0.106,222311,32,80,13108,34,129,208.901170,0.322086170895,-285.944776,-77.043605,-22.348495
1048576,1048640,2097280,0.106,222311,32,80,13108,34,130,210.535652,0.322086170895,-288.043665,-77.508013,-22.348495
1048576,1048640,2097280,0.106,222311,32,80,13108,34,131,212.170133,0.322086170895,-290.140548,-77.970416,-22.348495
1048576,1048640,2097280,0.106,222311,32,80,13108,34,132,213.804614,0.322086170895,-292.235603,-78.430988,-22.348495
1048576,1048640,2097280,0.106,222311,32,80,13108,34,133,215.439096,0.322086170895,-294.328991,-78.889895,-22.348495
1048576,1048640,2097280,0.106,222311,32,80,13108,34,134,217.073577,0.322086170895,-296.420869,-79.347292,-22.348495
1048576,1048640,2097280,0.106,222311,32,80,13108,34,135,218.708058,0.322086170895,-298.511384,-79.803326,-22.348495
1048576,1048640,2097280,0.106,222311,32,80,13108,34,136,220.342540,0.322086170895,-300.600669,-80.258129,-22.348495
1048576,1048640,2097280,0.106,222311,32,80,13108,34,137,221.977021,0.322086170895,-302.688848,-80.711827,-22.348495
1048576,1048640,2097280,0.106,222311,32,80,13108,34,138,223.611503,0.322086170895,-304.776039,-81.164536,-22.348495
1048576,1048640,2097280,0.106,222311,32,80,13108,34,139,225.245984,0.322086170895,-306.862344,-81.616360,-22.348495
1048576,1048640,2097280,0.106,222311,32,80,13108,34,140,226.880465,0.322086170895,-308.947862,-82.067397,-22.348495
1048576,1048640,2097280,0.106,222311,32,80,13108,34,141,228.514947,0.322086170895,-311.032682,-82.517735,-22.348495
1048576,1048640,2097280,0.106,222311,32,80,13108,34,142,230.149428,0.322086170895,-313.116882,-82.967454,-22.348495
1048576,1048640,2097280,0.106,222311,32,80,13108,34,143,231.783909,0.322086170895,-315.200536,-83.416626,-22.348495
1048576,1048640,2097280,0.106,222311,32,80,13108,34,144,233.418391,0.322086170895,-317.283711,-83.865320,-22.348495
1048576,1048640,2097280,0.106,222311,32,80,13108,34,145,235.052872,0.322086170895,-319.366466,-84.313594,-22.348495
1048576,1048640,2097280,0.106,222311,32,80,13108,34,146,236.687354,0.322086170895,-321.448856,-84.761502,-22.348495
1048576,1048640,2097280,0.106,222311,32,80,13108,34,147,238.321835,0.322086170895,-323.530929,-85.209094,-22.348495
1048576,1048640,2097280,0.106,222311,32,80,13108,34,148,239.956316,0.322086170895,-325.612729,-85.656413,-22.348495
1048576,1048640,2097280,0.106,222311,32,80,13108,34,149,241.590798,0.322086170895,-327.694296,-86.103498,-22.348495
1048576,1048640,2097280,0.106,222311,32,80,13108,34,150,243.225279,0.322086170895,-329.775665,-86.550386,-22.348495
1048576,1048640,2097280,0.106,222311,32,80,13108,34,151,244.859761,0.322086170895,-331.856868,-86.997107,-22.348495
1048576,1048640,2097280,0.106,222311,32,80,13108,34,152,246.494242,0.322086170895,-333.937933,-87.443691,-22.348495
1048576,1048640,2097280,0.106,222311,32,80,13108,34,153,248.128723,0.322086170895,-336.018886,-87.890163,-22.348495
1048576,1048640,2097280,0.106,222311,32,80,13108,34,154,249.763205,0.322086170895,-338.099750,-88.336545,-22.348495
1048576,1048640,2097280,0.106,222311,32,80,13108,34,155,251.397686,0.322086170895,-340.180545,-88.782859,-22.348495
1048576,1048640,2097280,0.106,222311,32,80,13108,34,156,253.032167,0.322086170895,-342.261288,-89.229121,-22.348495
1048576,1048640,2097280,0.106,222311,32,80,13108,34,157,254.666649,0.322086170895,-344.341998,-89.675349,-22.348495
1048576,1048640,2097280,0.106,222311,32,80,13108,34,158,256.301130,0.322086170895,-346.422686,-90.121556,-22.348495
1048576,1048640,2097280,0.106,222311,32,80,13108,34,159,257.935612,0.322086170895,-348.503367,-90.567756,-22.348495
1048576,1048640,2097280,0.106,222311,32,80,13108,34,160,259.570093,0.322086170895,-350.584052,-91.013959,-22.348495
1048576,1048640,2097280,0.106,222311,32,80,13108,35,1,-inf,,-2.237846,-inf,-inf
1048576,1048640,2097280,0.106,222311,32,80,13108,35,2,-inf,,-4.475692,-inf,-inf
1048576,1048640,2097280,0.106,222311,32,80,13108,35,3,-inf,,-6.713537,-inf,-inf
1048576,1048640,2097280,0.106,222311,32,80,13108,35,4,-inf,,-8.951381,-inf,-inf
1048576,1048640,2097280,0.106,222311,32,80,13108,35,5,-inf,,-11.189224,-inf,-inf
1048576,1048640,2097280,0.106,222311,32,80,13108,35,6,-inf,,-13.427067,-inf,-inf
1048576,1048640,2097280,0.106,222311,32,80,13108,35,7,-inf,,-15.664909,-inf,-inf
1048576,1048640,2097280,0.106,222311,32,80,13108,35,8,-inf,,-17.902750,-inf,-inf
1048576,1048640,2097280,0.106,222311,32,80,13108,35,9,-inf,,-20.140591,-inf,-inf
1048576,1048640,2097280,0.106,222311,32,80,13108,35,10,-inf,,-22.378431,-inf,-inf
1048576,1048640,2097280,0.106,222311,32,80,13108,35,11,-inf,,-24.616270,-inf,-inf
1048576,1048640,2097280,0.106,222311,32,80,13108,35,12,-inf,,-26.854108,-inf,-inf
1048576,1048640,2097280,0.106,222311,32,80,13108,35,13,-inf,,-29.091945,-inf,-inf
1048576,1048640,2097280,0.106,222311,32,80,13108,35,14,-inf,,-31.329782,-inf,-inf
1048576,1048640,2097280,0.106,222311,32,80,13108,35,15,-inf,,-33.567618,-inf,-inf
1048576,1048640,2097280,0.106,222311,32,80,13108,35,16,-inf,,-35.805453,-inf,-inf
1048576,1048640,2097280,0.106,222311,32,80,13108,35,17,-inf,,-38.043288,-inf,-inf
1048576,1048640,2097280,0.106,222311,32,80,13108,35,18,-inf,,-40.281121,-inf,-inf
1048576,1048640,2097280,0.106,222311,32,80,13108,35,19,-inf,,-42.518954,-inf,-inf
1048576,1048640,2097280,0.106,222311,32,80,13108,35,20,-inf,,-44.756786,-inf,-inf
1048576,1048640,2097280,0.106,222311,32,80,13108,35,21,-inf,,-46.994617,-inf,-inf
1048576,1048640,2097280,0.106,222311,32,80,13108,35,22,-inf,,-49.232447,-inf,-inf
1048576,1048640,2097280,0.106,222311,32,80,13108,35,23,-inf,,-51.470276,-inf,-inf
1048576,1048640,2097280,0.106,222311,32,80,13108,35,24,-inf,,-53.708104,-inf,-inf
1048576,1048640,2097280,0.106,222311,32,80,13108,35,25,-inf,,-55.945932,-inf,-inf
1048576,1048640,2097280,0.106,222311,32,80,13108,35,26,-inf,,-58.183758,-inf,-inf
1048576,1048640,2097280,0.106,222311,32,80,13108,35,27,-inf,,-60.421583,-inf,-inf
1048576,1048640,2097280,0.106,222311,32,80,13108,35,28,-inf,,-62.659406,-inf,-inf
1048576,1048640,2097280,0.106,222311,32,80,13108,35,29,-inf,,-64.897229,-inf,-inf
1048576,1048640,2097280,0.106,222311,32,80,13108,35,30,-inf,,-67.135050,-inf,-inf
1048576,1048640,2097280,0.106,222311,32,80,13108,35,31,-inf,,-69.372869,-inf,-inf
1048576,1048640,2097280,0.106,222311,32,80,13108,35,32,-inf,,-71.610687,-inf,-inf
1048576,1048640,2097280,0.106,222311,32,80,13108,35,33,-inf,,-73.848504,-inf,-inf
1048576,1048640,2097280,0.106,222311,32,80,13108,35,34,-inf,,-76.086318,-inf,-inf
1048576,1048640,2097280,0.106,222311,32,80,13108,35,35,52.061187,0.173712159159,-78.324131,-26.262943,-26.262943
1048576,1048640,2097280,0.106,222311,32,80,13108,35,36,54.586417,0.173712159159,-80.561941,-25.975524,-25.112088
1048576,1048640,2097280,0.106,222311,32,80,13108,35,37,57.111646,0.173712159159,-82.799749,-25.688103,-24.371537
1048576,1048640,2097280,0.106,222311,32,80,13108,35,38,59.479997,0.262175109676,-85.037554,-25.557557,-23.845955
1048576,1048640,2097280,0.106,222311,32,80,13108,35,39,61.381149,0.290590738289,-87.275356,-25.894207,-23.533549
1048576,1048640,2097280,0.106,222311,32,80,13108,35,40,63.164088,0.290590738289,-89.513155,-26.349067,-23.341922
1048576,1048640,2097280,0.106,222311,32,80,13108,35,41,64.947028,0.290590738289,-91.750951,-26.803923,-23.216605
1048576,1048640,2097280,0.106,222311,32,80,13108,35,42,66.603239,0.322086170895,-93.988742,-27.385503,-23.138549
1048576,1048640,2097280,0.106,222311,32,80,13108,35,43,68.237720,0.322086170895,-96.226529,-27.988809,-23.089381
1048576,1048640,2097280,0.106,222311,32,80,13108,35,44,69.872201,0.322086170895,-98.464311,-28.592109,-23.057908
1048576,1048640,2097280,0.106,222311,32,80,13108,35,45,71.506683,0.322086170895,-100.702087,-29.195404,-23.037559
1048576,1048640,2097280,0.106,222311,32,80,13108,35,46,73.141164,0.322086170895,-102.939857,-29.798693,-23.024319
1048576,1048640,2097280,0.106,222311,32,80,13108,35,47,74.775646,0.322086170895,-105.177620,-30.401975,-23.015670
1048576,1048640,2097280,0.106,222311,32,80,13108,35,48,76.410127,0.322086170895,-107.415376,-31.005249,-23.010005
1048576,1048640,2097280,0.106,222311,32,80,13108,35,49,78.044608,0.322086170895,-109.653122,-31.608514,-23.006288
1048576,1048640,2097280,0.106,222311,32,80,13108,35,50,79.679090,0.322086170895,-111.890859,-32.211769,-23.003846
1048576,1048640,2097280,0.106,222311,32,80,13108,35,51,81.313571,0.322086170895,-114.128584,-32.815013,-23.002241
1048576,1048640,2097280,0.106,222311,32,80,13108,35,52,82.948052,0.322086170895,-116.366297,-33.418244,-23.001185
1048576,1048640,2097280,0.106,222311,32,80,13108,35,53,84.582534,0.322086170895,-118.603995,-34.021461,-23.000491
1048576,1048640,2097280,0.106,222311,32,80,13108,35,54,86.217015,0.322086170895,-120.841678,-34.624663,-23.000034
1048576,1048640,2097280,0.106,222311,32,80,13108,35,55,87.851497,0.322086170895,-123.079343,-35.227846,-22.999733
1048576,1048640,2097280,0.106,222311,32,80,13108,35,56,89.485978,0.322086170895,-125.316987,-35.831009,-22.999535
1048576,1048640,2097280,0.106,222311,32,80,13108,35,57,91.120459,0.322086170895,-127.554609,-36.434150,-22.999405
1048576,1048640,2097280,0.106,222311,32,80,13108,35,58,92.754941,0.322086170895,-129.792205,-37.037264,-22.999319
1048576,1048640,2097280,0.106,222311,32,80,13108,35,59,94.389422,0.322086170895,-132.029772,-37.640350,-22.999263
1048576,1048640,2097280,0.106,222311,32,80,13108,35,60,96.023903,0.322086170895,-134.267306,-38.243403,-22.999226
1048576,1048640,2097280,0.106,222311,32,80,13108,35,61,97.658385,0.322086170895,-136.504804,-38.846419,-22.999201
1048576,1048640,2097280,0.106,222311,32,80,13108,35,62,99.292866,0.322086170895,-138.742260,-39.449394,-22.999185
1048576,1048640,2097280,0.106,222311,32,80,13108,35,63,100.927348,0.322086170895,-140.979669,-40.052322,-22.999174
1048576,1048640,2097280,0.106,222311,32,80,13108,35,64,102.561829,0.322086170895,-143.217026,-40.655197,-22.999167
1048576,1048640,2097280,0.106,222311,32,80,13108,35,65,104.196310,0.322086170895,-145.454324,-41.258013,-22.999163
1048576,1048640,2097280,0.106,222311,32,80,13108,35,66,105.830792,0.322086170895,-147.691555,-41.860763,-22.999160
1048576,1048640,2097280,0.106,222311,32,80,13108,35,67,107.465273,0.322086170895,-149.928710,-42.463437,-22.999158
1048576,1048640,2097280,0.106,222311,32,80,13108,35,68,109.099754,0.322086170895,-152.165781,-43.066027,-22.999157
1048576,1048640,2097280,0.106,222311,32,80,13108,35,69,110.734236,0.322086170895,-154.402757,-43.668521,-22.999156
1048576,1048640,2097280,0.106,222311,32,80,13108,35,70,112.368717,0.322086170895,-156.639626,-44.270908,-22.999155
1048576,1048640,2097280,0.106,222311,32,80,13108,35,71,114.003199,0.322086170895,-158.876374,-44.873175,-22.999155
1048576,1048640,2097280,0.106,222311,32,80,13108,35,72,115.637680,0.322086170895,-161.112986,-45.475306,-22.999154
1048576,1048640,2097280,0.106,222311,32,80,13108,35,73,117.272161,0.322086170895,-163.349447,-46.077285,-22.999154
1048576,1048640,2097280,0.106,222311,32,80,13108,35,74,118.906643,0.322086170895,-165.585736,-46.679093,-22.999154
1048576,1048640,2097280,0.106,222311,32,80,13108,35,75,120.541124,0.322086170895,-167.821833,-47.280709,-22.999154
1048576,1048640,2097280,0.106,222311,32,80,13108,35,76,122.175605,0.322086170895,-170.057715,-47.882110,-22.999154
1048576,1048640,2097280,0.106,222311,32,80,13108,35,77,123.810087,0.322086170895,-172.293355,-48.483268,-22.999154
1048576,1048640,2097280,0.106,222311,32,80,13108,35,78,125.444568,0.322086170895,-174.528724,-49.084155,-22.999154
1048576,1048640,2097280,0.106,222311,32,80,13108,35,79,127.079050,0.322086170895,-176.763788,-49.684738,-22.999154
1048576,1048640,2097280,0.106,222311,32,80,13108,35,80,128.713531,0.322086170895,-178.998512,-50.284981,-22.999154
1048576,1048640,2097280,0.106,222311,32,80,13108,35,81,130.348012,0.322086170895,-181.232855,-50.884843,-22.999154
1048576,1048640,2097280,0.106,222311,32,80,13108,35,82,131.982494,0.322086170895,-183.466772,-51.484279,-22.999154
1048576,1048640,2097280,0.106,222311,32,80,13108,35,83,133.616975,0.322086170895,-185.700212,-52.083237,-22.999154
1048576,1048640,2097280,0.106,222311,32,80,13108,35,84,135.251457,0.322086170895,-187.933121,-52.681665,-22.999154
1048576,1048640,2097280,0.106,222311,32,80,13108,35,85,136.885938,0.322086170895,-190.165436,-53.279498,-22.999154
1048576,1048640,2097280,0.106,222311,32,80,13108,35,86,138.520419,0.322086170895,-192.397090,-53.876670,-22.999154
1048576,1048640,2097280,0.106,222311,32,80,13108,35,87,140.154901,0.322086170895,-194.628006,-54.473105,-22.999154
1048576,1048640,2097280,0.106,222311,32,80,13108,35,88,141.789382,0.322086170895,-196.858104,-55.068722,-22.999154
1048576,1048640,2097280,0.106,222311,32,80,13108,35,89,143.423863,0.322086170895,-199.087293,-55.663429,-22.999154
1048576,1048640,2097280,0.106,222311,32,80,13108,35,90,145.058345,0.322086170895,-201.315473,-56.257128,-22.999154
1048576,1048640,2097280,0.106,222311,32,80,13108,35,91,146.692826,0.322086170895,-203.542536,-56.849710,-22.999154
1048576,1048640,2097280,0.106,222311,32,80,13108,35,92,148.327308,0.322086170895,-205.768365,-57.441058,-22.999154
1048576,1048640,2097280,0.106,222311,32,80,13108,35,93,149.961789,0.322086170895,-207.992832,-58.031043,-22.999154
1048576,1048640,2097280,0.106,222311,32,80,13108,35,94,151.596270,0.322086170895,-210.215800,-58.619530,-22.999154
1048576,1048640,2097280,0.106,222311,32,80,13108,35,95,153.230752,0.322086170895,-212.437121,-59.206370,-22.999154
1048576,1048640,2097280,0.106,222311,32,80,13108,35,96,154.865233,0.322086170895,-214.656639,-59.791406,-22.999154
1048576,1048640,2097280,0.106,222311,32,80,13108,35,97,156.499714,0.322086170895,-216.874183,-60.374468,-22.999154
1048576,1048640,2097280,0.106,222311,32,80,13108,35,98,158.134196,0.322086170895,-219.089579,-60.955383,-22.999154
1048576,1048640,2097280,0.106,222311,32,80,13108,35,99,159.768677,0.322086170895,-221.302639,-61.533962,-22.999154
1048576,1048640,2097280,0.106,222311,32,80,13108,35,100,161.403159,0.322086170895,-223.513174,-62.110016,-22.999154
1048576,1048640,2097280,0.106,222311,32,80,13108,35,101,163.037640,0.322086170895,-225.720982,-62.683342,-22.999154
1048576,1048640,2097280,0.106,222311,32,80,13108,35,102,164.672121,0.322086170895,-227.925862,-63.253741,-22.999154
1048576,1048640,2097280,0.106,222311,32,80,13108,35,103,166.306603,0.322086170895,-230.127608,-63.821006,-22.999154
1048576,1048640,2097280,0.106,222311,32,80,13108,35,104,167.941084,0.322086170895,-232.326017,-64.384933,-22.999154
1048576,1048640,2097280,0.106,222311,32,80,13108,35,105,169.575565,0.322086170895,-234.520892,-64.945326,-22.999154
1048576,1048640,2097280,0.106,222311,32,80,13108,35,106,171.210047,0.322086170895,-236.712034,-65.501988,-22.999154
1048576,1048640,2097280,0.106,222311,32,80,13108,35,107,172.844528,0.322086170895,-238.899265,-66.054737,-22.999154
1048576,1048640,2097280,0.106,222311,32,80,13108,35,108,174.479010,0.322086170895,-241.082416,-66.603407,-22.999154
1048576,1048640,2097280,0.106,222311,32,80,13108,35,109,176.113491,0.322086170895,-243.261334,-67.147843,-22.999154
1048576,1048640,2097280,0.106,222311,32,80,13108,35,110,177.747972,0.322086170895,-245.435890,-67.687918,-22.999154
1048576,1048640,2097280,0.106,222311,32,80,13108,35,111,179.382454,0.322086170895,-247.605979,-68.223526,-22.999154
1048576,1048640,2097280,0.106,222311,32,80,13108,35,112,181.016935,0.322086170895,-249.771519,-68.754584,-22.999154
1048576,1048640,2097280,0.106,222311,32,80,13108,35,113,182.651416,0.322086170895,-251.932459,-69.281042,-22.999154
1048576,1048640,2097280,0.106,222311,32,80,13108,35,114,184.285898,0.322086170895,-254.088781,-69.802883,-22.999154
1048576,1048640,2097280,0.106,222311,32,80,13108,35,115,185.920379,0.322086170895,-256.240489,-70.320110,-22.999154
1048576,1048640,2097280,0.106,222311,32,80,13108,35,116,187.554861,0.322086170895,-258.387626,-70.832766,-22.999154
1048576,1048640,2097280,0.106,222311,32,80,13108,35,117,189.189342,0.322086170895,-260.530262,-71.340920,-22.999154
1048576,1048640,2097280,0.106,222311,32,80,13108,35,118,190.823823,0.322086170895,-262.668490,-71.844667,-22.999154
1048576,1048640,2097280,0.106,222311,32,80,13108,35,119,192.458305,0.322086170895,-264.802434,-72.344130,-22.999154
1048576,1048640,2097280,0.106,222311,32,80,13108,35,120,194.092786,0.322086170895,-266.932240,-72.839454,-22.999154
1048576,1048640,2097280,0.106,222311,32,80,13108,35,121,195.727267,0.322086170895,-269.058068,-73.330800,-22.999154
1048576,1048640,2097280,0.106,222311,32,80,13108,35,122,197.361749,0.322086170895,-271.180098,-73.818350,-22.999154
1048576,1048640,2097280,0.106,222311,32,80,13108,35,123,198.996230,0.322086170895,-273.298525,-74.302295,-22.999154
1048576,1048640,2097280,0.106,222311,32,80,13108,35,124,200.630712,0.322086170895,-275.413544,-74.782833,-22.999154
1048576,1048640,2097280,0.106,222311,32,80,13108,35,125,202.265193,0.322086170895,-277.525364,-75.260171,-22.999154
1048576,1048640,2097280,0.106,222311,32,80,13108,35,126,203.899674,0.322086170895,-279.634192,-75.734518,-22.999154
1048576,1048640,2097280,0.106,222311,32,80,13108,35,127,205.534156,0.322086170895,-281.740235,-76.206079,-22.999154
1048576,1048640,2097280,0.106,222311,32,80,13108,35,128,207.168637,0.322086170895,-283.843696,-76.675059,-22.999154
1048576,1048640,2097280,0.106,222311,32,80,13108,35,129,208.803118,0.322086170895,-285.944776,-77.141657,-22.999154
1048576,1048640,2097280,0.106,222311,32,80,13108,35,130,210.437600,0.322086170895,-288.043665,-77.606065,-22.999154
1048576,1048640,2097280,0.106,222311,32,80,13108,35,131,212.072081,0.322086170895,-290.140548,-78.068467,-22.999154
1048576,1048640,2097280,0.106,222311,32,80,13108,35,132,213.706563,0.322086170895,-292.235603,-78.529040,-22.999154
1048576,1048640,2097280,0.106,222311,32,80,13108,35,133,215.341044,0.322086170895,-294.328991,-78.987947,-22.999154
1048576,1048640,2097280,0.106,222311,32,80,13108,35,134,216.975525,0.322086170895,-296.420869,-79.445344,-22.999154
1048576,1048640,2097280,0.106,222311,32,80,13108,35,135,218.610007,0.322086170895,-298.511384,-79.901378,-22.999154
1048576,1048640,2097280,0.106,222311,32,80,13108,35,136,220.244488,0.322086170895,-300.600669,-80.356181,-22.999154
1048576,1048640,2097280,0.106,222311,32,80,13108,35,137,221.878969,0.322086170895,-302.688848,-80.809879,-22.999154
1048576,1048640,2097280,0.106,222311,32,80,13108,35,138,223.513451,0.322086170895,-304.776039,-81.262588,-22.999154
1048576,1048640,2097280,0.106,222311,32,80,13108,35,139,225.147932,0.322086170895,-306.862344,-81.714412,-22.999154
1048576,1048640,2097280,0.106,222311,32,80,13108,35,140,226.782414,0.322086170895,-308.947862,-82.165449,-22.999154
1048576,1048640,2097280,0.106,222311,32,80,13108,35,141,228.416895,0.322086170895,-311.032682,-82.615787,-22.999154
1048576,1048640,2097280,0.106,222311,32,80,13108,35,142,230.051376,0.322086170895,-313.116882,-83.065505,-22.999154
1048576,1048640,2097280,0.106,222311,32,80,13108,35,143,231.685858,0.322086170895,-315.200536,-83.514678,-22.999154
1048576,1048640,2097280,0.106,222311,32,80,13108,35,144,233.320339,0.322086170895,-317.283711,-83.963372,-22.999154
1048576,1048640,2097280,0.106,222311,32,80,13108,35,145,234.954820,0.322086170895,-319.366466,-84.411646,-22.999154
1048576,1048640,2097280,0.106,222311,32,80,13108,35,146,236.589302,0.322086170895,-321.448856,-84.859554,-22.999154
1048576,1048640,2097280,0.106,222311,32,80,13108,35,147,238.223783,0.322086170895,-323.530929,-85.307146,-22.999154
1048576,1048640,2097280,0.106,222311,32,80,13108,35,148,239.858265,0.322086170895,-325.612729,-85.754465,-22.999154
1048576,1048640,2097280,0.106,222311,32,80,13108,35,149,241.492746,0.322086170895,-327.694296,-86.201550,-22.999154
1048576,1048640,2097280,0.106,222311,32,80,13108,35,150,243.127227,0.322086170895,-329.775665,-86.648438,-22.999154
1048576,1048640,2097280,0.106,222311,32,80,13108,35,151,244.761709,0.322086170895,-331.856868,-87.095159,-22.999154
1048576,1048640,2097280,0.106,222311,32,80,13108,35,152,246.396190,0.322086170895,-333.937933,-87.541743,-22.999154
1048576,1048640,2097280,0.106,222311,32,80,13108,35,153,248.030671,0.322086170895,-336.018886,-87.988215,-22.999154
1048576,1048640,2097280,0.106,222311,32,80,13108,35,154,249.665153,0.322086170895,-338.099750,-88.434597,-22.999154
1048576,1048640,2097280,0.106,222311,32,80,13108,35,155,251.299634,0.322086170895,-340.180545,-88.880911,-22.999154
1048576,1048640,2097280,0.106,222311,32,80,13108,35,156,252.934116,0.322086170895,-342.261288,-89.327173,-22.999154
1048576,1048640,2097280,0.106,222311,32,80,13108,35,157,254.568597,0.322086170895,-344.341998,-89.773401,-22.999154
1048576,1048640,2097280,0.106,222311,32,80,13108,35,158,256.203078,0.322086170895,-346.422686,-90.219608,-22.999154
1048576,1048640,2097280,0.106,222311,32,80,13108,35,159,257.837560,0.322086170895,-348.503367,-90.665807,-22.999154
1048576,1048640,2097280,0.106,222311,32,80,13108,35,160,259.472041,0.322086170895,-350.584052,-91.112011,-22.999154
1048576,1048640,2097280,0.106,222311,32,80,13108,36,1,-inf,,-2.237846,-inf,-inf
1048576,1048640,2097280,0.106,222311,32,80,13108,36,2,-inf,,-4.475692,-inf,-inf
1048576,1048640,2097280,0.106,222311,32,80,13108,36,3,-inf,,-6.713537,-inf,-inf
1048576,1048640,2097280,0.106,222311,32,80,13108,36,4,-inf,,-8.951381,-inf,-inf
1048576,1048640,2097280,0.106,222311,32,80,13108,36,5,-inf,,-11.189224,-inf,-inf
1048576,1048640,2097280,0.106,222311,32,80,13108,36,6,-inf,,-13.427067,-inf,-inf
1048576,1048640,2097280,0.106,222311,32,80,13108,36,7,-inf,,-15.664909,-inf,-inf
1048576,1048640,2097280,0.106,222311,32,80,13108,36,8,-inf,,-17.902750,-inf,-inf
1048576,1048640,2097280,0.106,222311,32,80,13108,36,9,-inf,,-20.140591,-inf,-inf
1048576,1048640,2097280,0.106,222311,32,80,13108,36,10,-inf,,-22.378431,-inf,-inf
1048576,1048640,2097280,0.106,222311,32,80,13108,36,11,-inf,,-24.616270,-inf,-inf
1048576,1048640,2097280,0.106,222311,32,80,13108,36,12,-inf,,-26.854108,-inf,-inf
1048576,1048640,2097280,0.106,222311,32,80,13108,36,13,-inf,,-29.091945,-inf,-inf
1048576,1048640,2097280,0.106,222311,32,80,13108,36,14,-inf,,-31.329782,-inf,-inf
1048576,1048640,2097280,0.106,222311,32,80,13108,36,15,-inf,,-33.567618,-inf,-inf
1048576,1048640,2097280,0.106,222311,32,80,13108,36,16,-inf,,-35.805453,-inf,-inf
1048576,1048640,2097280,0.106,222311,32,80,13108,36,17,-inf,,-38.043288,-inf,-inf
1048576,1048640,2097280,0.106,222311,32,80,13108,36,18,-inf,,-40.281121,-inf,-inf
1048576,1048640,2097280,0.106,222311,32,80,13108,36,19,-inf,,-42.518954,-inf,-inf
1048576,1048640,2097280,0.106,222311,32,80,13108,36,20,-inf,,-44.756786,-inf,-inf
1048576,1048640,2097280,0.106,222311,32,80,13108,36,21,-inf,,-46.994617,-inf,-inf
1048576,1048640,2097280,0.106,222311,32,80,13108,36,22,-inf,,-49.232447,-inf,-inf
1048576,1048640,2097280,0.106,222311,32,80,13108,36,23,-inf,,-51.470276,-inf,-inf
1048576,1048640,2097280,0.106,222311,32,80,13108,36,24,-inf,,-53.708104,-inf,-inf
1048576,1048640,2097280,0.106,222311,32,80,13108,36,25,-inf,,-55.945932,-inf,-inf
1048576,1048640,2097280,0.106,222311,32,80,13108,36,26,-inf,,-58.183758,-inf,-inf
1048576,1048640,2097280,0.106,222311,32,80,13108,36,27,-inf,,-60.421583,-inf,-inf
1048576,1048640,2097280,0.106,222311,32,80,13108,36,28,-inf,,-62.659406,-inf,-inf
1048576,1048640,2097280,0.106,222311,32,80,13108,36,29,-inf,,-64.897229,-inf,-inf
1048576,1048640,2097280,0.106,222311,32,80,13108,36,30,-inf,,-67.135050,-inf,-inf
1048576,1048640,2097280,0.106,222311,32,80,13108,36,31,-inf,,-69.372869,-inf,-inf
1048576,1048640,2097280,0.106,222311,32,80,13108,36,32,-inf,,-71.610687,-inf,-inf
1048576,1048640,2097280,0.106,222311,32,80,13108,36,33,-inf,,-73.848504,-inf,-inf
1048576,1048640,2097280,0.106,222311,32,80,13108,36,34,-inf,,-76.086318,-inf,-inf
1048576,1048640,2097280,0.106,222311,32,80,13108,36,35,-inf,,-78.324131,-inf,-inf
1048576,1048640,2097280,0.106,222311,32,80,13108,36,36,53.586417,0.173712159159,-80.561941,-26.975524,-26.975524
1048576,1048640,2097280,0.106,222311,32,80,13108,36,37,56.111646,0.173712159159,-82.799749,-26.688103,-25.824667
1048576,1048640,2097280,0.106,222311,32,80,13108,36,38,58.636875,0.173712159159,-85.037554,-26.400678,-25.084115
1048576,1048640,2097280,0.106,222311,32,80,13108,36,39,61.122672,0.262175109676,-87.275356,-26.152684,-24.521648
1048576,1048640,2097280,0.106,222311,32,80,13108,36,40,62.974544,0.290590738289,-89.513155,-26.538611,-24.203097
1048576,1048640,2097280,0.106,222311,32,80,13108,36,41,64.757483,0.290590738289,-91.750951,-26.993467,-24.008318
1048576,1048640,2097280,0.106,222311,32,80,13108,36,42,66.482389,0.322086170895,-93.988742,-27.506353,-23.885965
1048576,1048640,2097280,0.106,222311,32,80,13108,36,43,68.116870,0.322086170895,-96.226529,-28.109659,-23.810743
1048576,1048640,2097280,0.106,222311,32,80,13108,36,44,69.751351,0.322086170895,-98.464311,-28.712960,-23.763286
1048576,1048640,2097280,0.106,222311,32,80,13108,36,45,71.385833,0.322086170895,-100.702087,-29.316255,-23.732879
1048576,1048640,2097280,0.106,222311,32,80,13108,36,46,73.020314,0.322086170895,-102.939857,-29.919543,-23.713207
1048576,1048640,2097280,0.106,222311,32,80,13108,36,47,74.654795,0.322086170895,-105.177620,-30.522825,-23.700403
1048576,1048640,2097280,0.106,222311,32,80,13108,36,48,76.289277,0.322086170895,-107.415376,-31.126099,-23.692036
1048576,1048640,2097280,0.106,222311,32,80,13108,36,49,77.923758,0.322086170895,-109.653122,-31.729364,-23.686555
1048576,1048640,2097280,0.106,222311,32,80,13108,36,50,79.558240,0.322086170895,-111.890859,-32.332619,-23.682958
1048576,1048640,2097280,0.106,222311,32,80,13108,36,51,81.192721,0.322086170895,-114.128584,-32.935863,-23.680596
1048576,1048640,2097280,0.106,222311,32,80,13108,36,52,82.827202,0.322086170895,-116.366297,-33.539094,-23.679042
1048576,1048640,2097280,0.106,222311,32,80,13108,36,53,84.461684,0.322086170895,-118.603995,-34.142312,-23.678021
1048576,1048640,2097280,0.106,222311,32,80,13108,36,54,86.096165,0.322086170895,-120.841678,-34.745513,-23.677349
1048576,1048640,2097280,0.106,222311,32,80,13108,36,55,87.730646,0.322086170895,-123.079343,-35.348696,-23.676907
1048576,1048640,2097280,0.106,222311,32,80,13108,36,56,89.365128,0.322086170895,-125.316987,-35.951859,-23.676615
1048576,1048640,2097280,0.106,222311,32,80,13108,36,57,90.999609,0.322086170895,-127.554609,-36.555000,-23.676424
1048576,1048640,2097280,0.106,222311,32,80,13108,36,58,92.634091,0.322086170895,-129.792205,-37.158114,-23.676298
1048576,1048640,2097280,0.106,222311,32,80,13108,36,59,94.268572,0.322086170895,-132.029772,-37.761200,-23.676215
1048576,1048640,2097280,0.106,222311,32,80,13108,36,60,95.903053,0.322086170895,-134.267306,-38.364253,-23.676160
1048576,1048640,2097280,0.106,222311,32,80,13108,36,61,97.537535,0.322086170895,-136.504804,-38.967269,-23.676124
1048576,1048640,2097280,0.106,222311,32,80,13108,36,62,99.172016,0.322086170895,-138.742260,-39.570244,-23.676100
1048576,1048640,2097280,0.106,222311,32,80,13108,36,63,100.806497,0.322086170895,-140.979669,-40.173172,-23.676085
1048576,1048640,2097280,0.106,222311,32,80,13108,36,64,102.440979,0.322086170895,-143.217026,-40.776048,-23.676075
1048576,1048640,2097280,0.106,222311,32,80,13108,36,65,104.075460,0.322086170895,-145.454324,-41.378864,-23.676068
1048576,1048640,2097280,0.106,222311,32,80,13108,36,66,105.709942,0.322086170895,-147.691555,-41.981613,-23.676063
1048576,1048640,2097280,0.106,222311,32,80,13108,36,67,107.344423,0.322086170895,-149.928710,-42.584287,-23.676060
1048576,1048640,2097280,0.106,222311,32,80,13108,36,68,108.978904,0.322086170895,-152.165781,-43.186877,-23.676059
1048576,1048640,2097280,0.106,222311,32,80,13108,36,69,110.613386,0.322086170895,-154.402757,-43.789371,-23.676057
1048576,1048640,2097280,0.106,222311,32,80,13108,36,70,112.247867,0.322086170895,-156.639626,-44.391759,-23.676056
1048576,1048640,2097280,0.106,222311,32,80,13108,36,71,113.882348,0.322086170895,-158.876374,-44.994025,-23.676056
1048576,1048640,2097280,0.106,222311,32,80,13108,36,72,115.516830,0.322086170895,-161.112986,-45.596157,-23.676055
1048576,1048640,2097280,0.106,222311,32,80,13108,36,73,117.151311,0.322086170895,-163.349447,-46.198135,-23.676055
1048576,1048640,2097280,0.106,222311,32,80,13108,36,74,118.785793,0.322086170895,-165.585736,-46.799944,-23.676055
1048576,1048640,2097280,0.106,222311,32,80,13108,36,75,120.420274,0.322086170895,-167.821833,-47.401559,-23.676055
1048576,1048640,2097280,0.106,222311,32,80,13108,36,76,122.054755,0.322086170895,-170.057715,-48.002960,-23.676055
1048576,1048640,2097280,0.106,222311,32,80,13108,36,77,123.689237,0.322086170895,-172.293355,-48.604118,-23.676055
1048576,1048640,2097280,0.106,222311,32,80,13108,36,78,125.323718,0.322086170895,-174.528724,-49.205006,-23.676055
1048576,1048640,2097280,0.106,222311,32,80,13108,36,79,126.958199,0.322086170895,-176.763788,-49.805589,-23.676055
1048576,1048640,2097280,0.106,222311,32,80,13108,36,80,128.592681,0.322086170895,-178.998512,-50.405832,-23.676055
1048576,1048640,2097280,0.106,222311,32,80,13108,36,81,130.227162,0.322086170895,-181.232855,-51.005693,-23.676055
1048576,1048640,2097280,0.106,222311,32,80,13108,36,82,131.861644,0.322086170895,-183.466772,-51.605129,-23.676055
1048576,1048640,2097280,0.106,222311,32,80,13108,36,83,133.496125,0.322086170895,-185.700212,-52.204087,-23.676055
1048576,1048640,2097280,0.106,222311,32,80,13108,36,84,135.130606,0.322086170895,-187.933121,-52.802515,-23.676055
1048576,1048640,2097280,0.106,222311,32,80,13108,36,85,136.765088,0.322086170895,-190.165436,-53.400348,-23.676055
1048576,1048640,2097280,0.106,222311,32,80,13108,36,86,138.399569,0.322086170895,-192.397090,-53.997520,-23.676055
1048576,1048640,2097280,0.106,222311,32,80,13108,36,87,140.034050,0.322086170895,-194.628006,-54.593956,-23.676055
1048576,1048640,2097280,0.106,222311,32,80,13108,36,88,141.668532,0.322086170895,-196.858104,-55.189573,-23.676055
1048576,1048640,2097280,0.106,222311,32,80,13108,36,89,143.303013,0.322086170895,-199.087293,-55.784279,-23.676055
1048576,1048640,2097280,0.106,222311,32,80,13108,36,90,144.937495,0.322086170895,-201.315473,-56.377978,-23.676055
1048576,1048640,2097280,0.106,222311,32,80,13108,36,91,146.571976,0.322086170895,-203.542536,-56.970560,-23.676055
1048576,1048640,2097280,0.106,222311,32,80,13108,36,92,148.206457,0.322086170895,-205.768365,-57.561908,-23.676055
1048576,1048640,2097280,0.106,222311,32,80,13108,36,93,149.840939,0.322086170895,-207.992832,-58.151893,-23.676055
1048576,1048640,2097280,0.106,222311,32,80,13108,36,94,151.475420,0.322086170895,-210.215800,-58.740380,-23.676055
1048576,1048640,2097280,0.106,222311,32,80,13108,36,95,153.109901,0.322086170895,-212.437121,-59.327220,-23.676055
1048576,1048640,2097280,0.106,222311,32,80,13108,36,96,154.744383,0.322086170895,-214.656639,-59.912256,-23.676055
1048576,1048640,2097280,0.106,222311,32,80,13108,36,97,156.378864,0.322086170895,-216.874183,-60.495318,-23.676055
1048576,1048640,2097280,0.106,222311,32,80,13108,36,98,158.013346,0.322086170895,-219.089579,-61.076233,-23.676055
1048576,1048640,2097280,0.106,222311,32,80,13108,36,99,159.647827,0.322086170895,-221.302639,-61.654813,-23.676055
1048576,1048640,2097280,0.106,222311,32,80,13108,36,100,161.282308,0.322086170895,-223.513174,-62.230866,-23.676055
1048576,1048640,2097280,0.106,222311,32,80,13108,36,101,162.916790,0.322086170895,-225.720982,-62.804192,-23.676055
1048576,1048640,2097280,0.106,222311,32,80,13108,36,102,164.551271,0.322086170895,-227.925862,-63.374591,-23.676055
1048576,1048640,2097280,0.106,222311,32,80,13108,36,103,166.185752,0.322086170895,-230.127608,-63.941856,-23.676055
1048576,1048640,2097280,0.106,222311,32,80,13108,36,104,167.820234,0.322086170895,-232.326017,-64.505784,-23.676055
1048576,1048640,2097280,0.106,222311,32,80,13108,36,105,169.454715,0.322086170895,-234.520892,-65.066176,-23.676055
1048576,1048640,2097280,0.106,222311,32,80,13108,36,106,171.089197,0.322086170895,-236.712034,-65.622838,-23.676055
1048576,1048640,2097280,0.106,222311,32,80,13108,36,107,172.723678,0.322086170895,-238.899265,-66.175587,-23.676055
1048576,1048640,2097280,0.106,222311,32,80,13108,36,108,174.358159,0.322086170895,-241.082416,-66.724257,-23.676055
1048576,1048640,2097280,0.106,222311,32,80,13108,36,109,175.992641,0.322086170895,-243.261334,-67.268693,-23.676055
1048576,1048640,2097280,0.106,222311,32,80,13108,36,110,177.627122,0.322086170895,-245.435890,-67.808768,-23.676055
1048576,1048640,2097280,0.106,222311,32,80,13108,36,111,179.261603,0.322086170895,-247.605979,-68.344376,-23.676055
1048576,1048640,2097280,0.106,222311,32,80,13108,36,112,180.896085,0.322086170895,-249.771519,-68.875434,-23.676055
1048576,1048640,2097280,0.106,222311,32,80,13108,36,113,182.530566,0.322086170895,-251.932459,-69.401893,-23.676055
1048576,1048640,2097280,0.106,222311,32,80,13108,36,114,184.165048,0.322086170895,-254.088781,-69.923733,-23.676055
1048576,1048640,2097280,0.106,222311,32,80,13108,36,115,185.799529,0.322086170895,-256.240489,-70.440960,-23.676055
1048576,1048640,2097280,0.106,222311,32,80,13108,36,116,187.434010,0.322086170895,-258.387626,-70.953616,-23.676055
1048576,1048640,2097280,0.106,222311,32,80,13108,36,117,189.068492,0.322086170895,-260.530262,-71.461770,-23.676055
1048576,1048640,2097280,0.106,222311,32,80,13108,36,118,190.702973,0.322086170895,-262.668490,-71.965517,-23.676055
1048576,1048640,2097280,0.106,222311,32,80,13108,36,119,192.337454,0.322086170895,-264.802434,-72.464980,-23.676055
1048576,1048640,2097280,0.106,222311,32,80,13108,36,120,193.971936,0.322086170895,-266.932240,-72.960304,-23.676055
1048576,1048640,2097280,0.106,222311,32,80,13108,36,121,195.606417,0.322086170895,-269.058068,-73.451651,-23.676055
1048576,1048640,2097280,0.106,222311,32,80,13108,36,122,197.240899,0.322086170895,-271.180098,-73.939200,-23.676055
1048576,1048640,2097280,0.106,222311,32,80,13108,36,123,198.875380,0.322086170895,-273.298525,-74.423145,-23.676055
1048576,1048640,2097280,0.106,222311,32,80,13108,36,124,200.509861,0.322086170895,-275.413544,-74.903683,-23.676055
1048576,1048640,2097280,0.106,222311,32,80,13108,36,125,202.144343,0.322086170895,-277.525364,-75.381021,-23.676055
1048576,1048640,2097280,0.106,222311,32,80,13108,36,126,203.778824,0.322086170895,-279.634192,-75.855368,-23.676055
1048576,1048640,2097280,0.106,222311,32,80,13108,36,127,205.413306,0.322086170895,-281.740235,-76.326929,-23.676055
1048576,1048640,2097280,0.106,222311,32,80,13108,36,128,207.047787,0.322086170895,-283.843696,-76.795909,-23.676055
1048576,1048640,2097280,0.106,222311,32,80,13108,36,129,208.682268,0.322086170895,-285.944776,-77.262507,-23.676055
1048576,1048640,2097280,0.106,222311,32,80,13108,36,130,210.316750,0.322086170895,-288.043665,-77.726915,-23.676055
1048576,1048640,2097280,0.106,222311,32,80,13108,36,131,211.951231,0.322086170895,-290.140548,-78.189317,-23.676055
1048576,1048640,2097280,0.106,222311,32,80,13108,36,132,213.585712,0.322086170895,-292.235603,-78.649890,-23.676055
1048576,1048640,2097280,0.106,222311,32,80,13108,36,133,215.220194,0.322086170895,-294.328991,-79.108797,-23.676055
1048576,1048640,2097280,0.106,222311,32,80,13108,36,134,216.854675,0.322086170895,-296.420869,-79.566194,-23.676055
1048576,1048640,2097280,0.106,222311,32,80,13108,36,135,218.489157,0.322086170895,-298.511384,-80.022228,-23.676055
1048576,1048640,2097280,0.106,222311,32,80,13108,36,136,220.123638,0.322086170895,-300.600669,-80.477031,-23.676055
1048576,1048640,2097280,0.106,222311,32,80,13108,36,137,221.758119,0.322086170895,-302.688848,-80.930729,-23.676055
1048576,1048640,2097280,0.106,222311,32,80,13108,36,138,223.392601,0.322086170895,-304.776039,-81.383438,-23.676055
1048576,1048640,2097280,0.106,222311,32,80,13108,36,139,225.027082,0.322086170895,-306.862344,-81.835262,-23.676055
1048576,1048640,2097280,0.106,222311,32,80,13108,36,140,226.661563,0.322086170895,-308.947862,-82.286299,-23.676055
1048576,1048640,2097280,0.106,222311,32,80,13108,36,141,228.296045,0.322086170895,-311.032682,-82.736637,-23.676055
1048576,1048640,2097280,0.106,222311,32,80,13108,36,142,229.930526,0.322086170895,-313.116882,-83.186356,-23.676055
1048576,1048640,2097280,0.106,222311,32,80,13108,36,143,231.565008,0.322086170895,-315.200536,-83.635528,-23.676055
1048576,1048640,2097280,0.106,222311,32,80,13108,36,144,233.199489,0.322086170895,-317.283711,-84.084222,-23.676055
1048576,1048640,2097280,0.106,222311,32,80,13108,36,145,234.833970,0.322086170895,-319.366466,-84.532496,-23.676055
1048576,1048640,2097280,0.106,222311,32,80,13108,36,146,236.468452,0.322086170895,-321.448856,-84.980404,-23.676055
1048576,1048640,2097280,0.106,222311,32,80,13108,36,147,238.102933,0.322086170895,-323.530929,-85.427996,-23.676055
1048576,1048640,2097280,0.106,222311,32,80,13108,36,148,239.737414,0.322086170895,-325.612729,-85.875315,-23.676055
1048576,1048640,2097280,0.106,222311,32,80,13108,36,149,241.371896,0.322086170895,-327.694296,-86.322400,-23.676055
1048576,1048640,2097280,0.106,222311,32,80,13108,36,150,243.006377,0.322086170895,-329.775665,-86.769288,-23.676055
1048576,1048640,2097280,0.106,222311,32,80,13108,36,151,244.640859,0.322086170895,-331.856868,-87.216009,-23.676055
1048576,1048640,2097280,0.106,222311,32,80,13108,36,152,246.275340,0.322086170895,-333.937933,-87.662593,-23.676055
1048576,1048640,2097280,0.106,222311,32,80,13108,36,153,247.909821,0.322086170895,-336.018886,-88.109065,-23.676055
1048576,1048640,2097280,0.106,222311,32,80,13108,36,154,249.544303,0.322086170895,-338.099750,-88.555447,-23.676055
1048576,1048640,2097280,0.106,222311,32,80,13108,36,155,251.178784,0.322086170895,-340.180545,-89.001761,-23.676055
1048576,1048640,2097280,0.106,222311,32,80,13108,36,156,252.813265,0.322086170895,-342.261288,-89.448023,-23.676055
1048576,1048640,2097280,0.106,222311,32,80,13108,36,157,254.447747,0.322086170895,-344.341998,-89.894251,-23.676055
1048576,1048640,2097280,0.106,222311,32,80,13108,36,158,256.082228,0.322086170895,-346.422686,-90.340458,-23.676055
1048576,1048640,2097280,0.106,222311,32,80,13108,36,159,257.716710,0.322086170895,-348.503367,-90.786658,-23.676055
1048576,1048640,2097280,0.106,222311,32,80,13108,36,160,259.351191,0.322086170895,-350.584052,-91.232861,-23.676055
1048576,1048640,2097280,0.106,222311,32,80,13108,37,1,-inf,,-2.237846,-inf,-inf
1048576,1048640,2097280,0.106,222311,32,80,13108,37,2,-inf,,-4.475692,-inf,-inf
1048576,1048640,2097280,0.106,222311,32,80,13108,37,3,-inf,,-6.713537,-inf,-inf
1048576,1048640,2097280,0.106,222311,32,80,13108,37,4,-inf,,-8.951381,-inf,-inf
1048576,1048640,2097280,0.106,222311,32,80,13108,37,5,-inf,,-11.189224,-inf,-inf
1048576,1048640,2097280,0.106,222311,32,80,13108,37,6,-inf,,-13.427067,-inf,-inf
1048576,1048640,2097280,0.106,222311,32,80,13108,37,7,-inf,,-15.664909,-inf,-inf
1048576,1048640,2097280,0.106,222311,32,80,13108,37,8,-inf,,-17.902750,-inf,-inf
1048576,1048640,2097280,0.106,222311,32,80,13108,37,9,-inf,,-20.140591,-inf,-inf
1048576,1048640,2097280,0.106,222311,32,80,13108,37,10,-inf,,-22.378431,-inf,-inf
1048576,1048640,2097280,0.106,222311,32,80,13108,37,11,-inf,,-24.616270,-inf,-inf
1048576,1048640,2097280,0.106,222311,32,80,13108,37,12,-inf,,-26.854108,-inf,-inf
1048576,1048640,2097280,0.106,222311,32,80,13108,37,13,-inf,,-29.091945,-inf,-inf
1048576,1048640,2097280,0.106,222311,32,80,13108,37,14,-inf,,-31.329782,-inf,-inf
1048576,1048640,2097280,0.106,222311,32,80,13108,37,15,-inf,,-33.567618,-inf,-inf
1048576,1048640,2097280,0.106,222311,32,80,13108,37,16,-inf,,-35.805453,-inf,-inf
1048576,1048640,2097280,0.106,222311,32,80,13108,37,17,-inf,,-38.043288,-inf,-inf
1048576,1048640,2097280,0.106,222311,32,80,13108,37,18,-inf,,-40.281121,-inf,-inf
1048576,1048640,2097280,0.106,222311,32,80,13108,37,19,-inf,,-42.518954,-inf,-inf
1048576,1048640,2097280,0.106,222311,32,80,13108,37,20,-inf,,-44.756786,-inf,-inf
1048576,1048640,2097280,0.106,222311,32,80,13108,37,21,-inf,,-46.994617,-inf,-inf
1048576,1048640,2097280,0.106,222311,32,80,13108,37,22,-inf,,-49.232447,-inf,-inf
1048576,1048640,2097280,0.106,222311,32,80,13108,37,23,-inf,,-51.470276,-inf,-inf
1048576,1048640,2097280,0.106,222311,32,80,13108,37,24,-inf,,-53.708104,-inf,-inf
1048576,1048640,2097280,0.106,222311,32,80,13108,37,25,-inf,,-55.945932,-inf,-inf
1048576,1048640,2097280,0.106,222311,32,80,13108,37,26,-inf,,-58.183758,-inf,-inf
1048576,1048640,2097280,0.106,222311,32,80,13108,37,27,-inf,,-60.421583,-inf,-inf
1048576,1048640,2097280,0.106,222311,32,80,13108,37,28,-inf,,-62.659406,-inf,-inf
1048576,1048640,2097280,0.106,222311,32,80,13108,37,29,-inf,,-64.897229,-inf,-inf
1048576,1048640,2097280,0.106,222311,32,80,13108,37,30,-inf,,-67.135050,-inf,-inf
1048576,1048640,2097280,0.106,222311,32,80,13108,37,31,-inf,,-69.372869,-inf,-inf
1048576,1048640,2097280,0.106,222311,32,80,13108,37,32,-inf,,-71.610687,-inf,-inf
1048576,1048640,2097280,0.106,222311,32,80,13108,37,33,-inf,,-73.848504,-inf,-inf
1048576,1048640,2097280,0.106,222311,32,80,13108,37,34,-inf,,-76.086318,-inf,-inf
1048576,1048640,2097280,0.106,222311,32,80,13108,37,35,-inf,,-78.324131,-inf,-inf
1048576,1048640,2097280,0.106,222311,32,80,13108,37,36,-inf,,-80.561941,-inf,-inf
1048576,1048640,2097280,0.106,222311,32,80,13108,37,37,55.111646,0.173712159159,-82.799749,-27.688103,-27.688103
1048576,1048640,2097280,0.106,222311,32,80,13108,37,38,57.636875,0.173712159159,-85.037554,-27.400678,-26.537245
1048576,1048640,2097280,0.106,222311,32,80,13108,37,39,60.162105,0.173712159159,-87.275356,-27.113251,-25.796690
1048576,1048640,2097280,0.106,222311,32,80,13108,37,40,62.687334,0.173712159159,-89.513155,-26.825821,-25.221373
1048576,1048640,2097280,0.106,222311,32,80,13108,37,41,64.537197,0.290590738289,-91.750951,-27.213754,-24.897918
1048576,1048640,2097280,0.106,222311,32,80,13108,37,42,66.320136,0.290590738289,-93.988742,-27.668606,-24.700638
1048576,1048640,2097280,0.106,222311,32,80,13108,37,43,67.971112,0.322086170895,-96.226529,-28.255417,-24.582816
1048576,1048640,2097280,0.106,222311,32,80,13108,37,44,69.605593,0.322086170895,-98.464311,-28.858718,-24.510202
1048576,1048640,2097280,0.106,222311,32,80,13108,37,45,71.240075,0.322086170895,-100.702087,-29.462013,-24.464323
1048576,1048640,2097280,0.106,222311,32,80,13108,37,46,72.874556,0.322086170895,-102.939857,-30.065301,-24.434901
1048576,1048640,2097280,0.106,222311,32,80,13108,37,47,74.509037,0.322086170895,-105.177620,-30.668583,-24.415856
1048576,1048640,2097280,0.106,222311,32,80,13108,37,48,76.143519,0.322086170895,-107.415376,-31.271857,-24.403455
1048576,1048640,2097280,0.106,222311,32,80,13108,37,49,77.778000,0.322086170895,-109.653122,-31.875122,-24.395350
1048576,1048640,2097280,0.106,222311,32,80,13108,37,50,79.412482,0.322086170895,-111.890859,-32.478377,-24.390040
1048576,1048640,2097280,0.106,222311,32,80,13108,37,51,81.046963,0.322086170895,-114.128584,-33.081621,-24.386555
1048576,1048640,2097280,0.106,222311,32,80,13108,37,52,82.681444,0.322086170895,-116.366297,-33.684852,-24.384265
1048576,1048640,2097280,0.106,222311,32,80,13108,37,53,84.315926,0.322086170895,-118.603995,-34.288070,-24.382760
1048576,1048640,2097280,0.106,222311,32,80,13108,37,54,85.950407,0.322086170895,-120.841678,-34.891271,-24.381770
1048576,1048640,2097280,0.106,222311,32,80,13108,37,55,87.584888,0.322086170895,-123.079343,-35.494454,-24.381118
1048576,1048640,2097280,0.106,222311,32,80,13108,37,56,89.219370,0.322086170895,-125.316987,-36.097617,-24.380690
1048576,1048640,2097280,0.106,222311,32,80,13108,37,57,90.853851,0.322086170895,-127.554609,-36.700758,-24.380408
1048576,1048640,2097280,0.106,222311,32,80,13108,37,58,92.488333,0.322086170895,-129.792205,-37.303872,-24.380222
1048576,1048640,2097280,0.106,222311,32,80,13108,37,59,94.122814,0.322086170895,-132.029772,-37.906958,-24.380100
1048576,1048640,2097280,0.106,222311,32,80,13108,37,60,95.757295,0.322086170895,-134.267306,-38.510011,-24.380019
1048576,1048640,2097280,0.106,222311,32,80,13108,37,61,97.391777,0.322086170895,-136.504804,-39.113027,-24.379966
1048576,1048640,2097280,0.106,222311,32,80,13108,37,62,99.026258,0.322086170895,-138.742260,-39.716002,-24.379931
1048576,1048640,2097280,0.106,222311,32,80,13108,37,63,100.660739,0.322086170895,-140.979669,-40.318930,-24.379908
1048576,1048640,2097280,0.106,222311,32,80,13108,37,64,102.295221,0.322086170895,-143.217026,-40.921806,-24.379893
1048576,1048640,2097280,0.106,222311,32,80,13108,37,65,103.929702,0.322086170895,-145.454324,-41.524622,-24.379883
1048576,1048640,2097280,0.106,222311,32,80,13108,37,66,105.564184,0.322086170895,-147.691555,-42.127371,-24.379877
1048576,1048640,2097280,0.106,222311,32,80,13108,37,67,107.198665,0.322086170895,-149.928710,-42.730045,-24.379872
1048576,1048640,2097280,0.106,222311,32,80,13108,37,68,108.833146,0.322086170895,-152.165781,-43.332635,-24.379870
1048576,1048640,2097280,0.106,222311,32,80,13108,37,69,110.467628,0.322086170895,-154.402757,-43.935129,-24.379868
1048576,1048640,2097280,0.106,222311,32,80,13108,37,70,112.102109,0.322086170895,-156.639626,-44.537517,-24.379867
1048576,1048640,2097280,0.106,222311,32,80,13108,37,71,113.736590,0.322086170895,-158.876374,-45.139783,-24.379866
1048576,1048640,2097280,0.106,222311,32,80,13108,37,72,115.371072,0.322086170895,-161.112986,-45.741915,-24.379865
1048576,1048640,2097280,0.106,222311,32,80,13108,37,73,117.005553,0.322086170895,-163.349447,-46.343893,-24.379865
1048576,1048640,2097280,0.106,222311,32,80,13108,37,74,118.640035,0.322086170895,-165.585736,-46.945702,-24.379865
1048576,1048640,2097280,0.106,222311,32,80,13108,37,75,120.274516,0.322086170895,-167.821833,-47.547317,-24.379864
1048576,1048640,2097280,0.106,222311,32,80,13108,37,76,121.908997,0.322086170895,-170.057715,-48.148718,-24.379864
1048576,1048640,2097280,0.106,222311,32,80,13108,37,77,123.543479,0.322086170895,-172.293355,-48.749876,-24.379864
1048576,1048640,2097280,0.106,222311,32,80,13108,37,78,125.177960,0.322086170895,-174.528724,-49.350764,-24.379864
1048576,1048640,2097280,0.106,222311,32,80,13108,37,79,126.812441,0.322086170895,-176.763788,-49.951347,-24.379864
1048576,1048640,2097280,0.106,222311,32,80,13108,37,80,128.446923,0.322086170895,-178.998512,-50.551590,-24.379864
1048576,1048640,2097280,0.106,222311,32,80,13108,37,81,130.081404,0.322086170895,-181.232855,-51.151451,-24.379864
1048576,1048640,2097280,0.106,222311,32,80,13108,37,82,131.715886,0.322086170895,-183.466772,-51.750887,-24.379864
1048576,1048640,2097280,0.106,222311,32,80,13108,37,83,133.350367,0.322086170895,-185.700212,-52.349845,-24.379864
1048576,1048640,2097280,0.106,222311,32,80,13108,37,84,134.984848,0.322086170895,-187.933121,-52.948273,-24.379864
1048576,1048640,2097280,0.106,222311,32,80,13108,37,85,136.619330,0.322086170895,-190.165436,-53.546106,-24.379864
1048576,1048640,2097280,0.106,222311,32,80,13108,37,86,138.253811,0.322086170895,-192.397090,-54.143278,-24.379864
1048576,1048640,2097280,0.106,222311,32,80,13108,37,87,139.888292,0.322086170895,-194.628006,-54.739714,-24.379864
1048576,1048640,2097280,0.106,222311,32,80,13108,37,88,141.522774,0.322086170895,-196.858104,-55.335331,-24.379864
1048576,1048640,2097280,0.106,222311,32,80,13108,37,89,143.157255,0.322086170895,-199.087293,-55.930037,-24.379864
1048576,1048640,2097280,0.106,222311,32,80,13108,37,90,144.791737,0.322086170895,-201.315473,-56.523736,-24.379864
1048576,1048640,2097280,0.106,222311,32,80,13108,37,91,146.426218,0.322086170895,-203.542536,-57.116318,-24.379864
1048576,1048640,2097280,0.106,222311,32,80,13108,37,92,148.060699,0.322086170895,-205.768365,-57.707666,-24.379864
1048576,1048640,2097280,0.106,222311,32,80,13108,37,93,149.695181,0.322086170895,-207.992832,-58.297651,-24.379864
1048576,1048640,2097280,0.106,222311,32,80,13108,37,94,151.329662,0.322086170895,-210.215800,-58.886138,-24.379864
1048576,1048640,2097280,0.106,222311,32,80,13108,37,95,152.964143,0.322086170895,-212.437121,-59.472978,-24.379864
1048576,1048640,2097280,0.106,222311,32,80,13108,37,96,154.598625,0.322086170895,-214.656639,-60.058014,-24.379864
1048576,1048640,2097280,0.106,222311,32,80,13108,37,97,156.233106,0.322086170895,-216.874183,-60.641076,-24.379864
1048576,1048640,2097280,0.106,222311,32,80,13108,37,98,157.867588,0.322086170895,-219.089579,-61.221991,-24.379864
1048576,1048640,2097280,0.106,222311,32,80,13108,37,99,159.502069,0.322086170895,-221.302639,-61.800571,-24.379864
1048576,1048640,2097280,0.106,222311,32,80,13108,37,100,161.136550,0.322086170895,-223.513174,-62.376624,-24.379864
1048576,1048640,2097280,0.106,222311,32,80,13108,37,101,162.771032,0.322086170895,-225.720982,-62.949950,-24.379864
1048576,1048640,2097280,0.106,222311,32,80,13108,37,102,164.405513,0.322086170895,-227.925862,-63.520349,-24.379864
1048576,1048640,2097280,0.106,222311,32,80,13108,37,103,166.039994,0.322086170895,-230.127608,-64.087614,-24.379864
1048576,1048640,2097280,0.106,222311,32,80,13108,37,104,167.674476,0.322086170895,-232.326017,-64.651542,-24.379864
1048576,1048640,2097280,0.106,222311,32,80,13108,37,105,169.308957,0.322086170895,-234.520892,-65.211934,-24.379864
1048576,1048640,2097280,0.106,222311,32,80,13108,37,106,170.943439,0.322086170895,-236.712034,-65.768596,-24.379864
1048576,1048640,2097280,0.106,222311,32,80,13108,37,107,172.577920,0.322086170895,-238.899265,-66.321345,-24.379864
1048576,1048640,2097280,0.106,222311,32,80,13108,37,108,174.212401,0.322086170895,-241.082416,-66.870015,-24.379864
1048576,1048640,2097280,0.106,222311,32,80,13108,37,109,175.846883,0.322086170895,-243.261334,-67.414451,-24.379864
1048576,1048640,2097280,0.106,222311,32,80,13108,37,110,177.481364,0.322086170895,-245.435890,-67.954526,-24.379864
1048576,1048640,2097280,0.106,222311,32,80,13108,37,111,179.115845,0.322086170895,-247.605979,-68.490134,-24.379864
1048576,1048640,2097280,0.106,222311,32,80,13108,37,112,180.750327,0.322086170895,-249.771519,-69.021192,-24.379864
1048576,1048640,2097280,0.106,222311,32,80,13108,37,113,182.384808,0.322086170895,-251.932459,-69.547651,-24.379864
1048576,1048640,2097280,0.106,222311,32,80,13108,37,114,184.019290,0.322086170895,-254.088781,-70.069491,-24.379864
1048576,1048640,2097280,0.106,222311,32,80,13108,37,115,185.653771,0.322086170895,-256.240489,-70.586718,-24.379864
1048576,1048640,2097280,0.106,222311,32,80,13108,37,116,187.288252,0.322086170895,-258.387626,-71.099374,-24.379864
1048576,1048640,2097280,0.106,222311,32,80,13108,37,117,188.922734,0.322086170895,-260.530262,-71.607528,-24.379864
1048576,1048640,2097280,0.106,222311,32,80,13108,37,118,190.557215,0.322086170895,-262.668490,-72.111275,-24.379864
1048576,1048640,2097280,0.106,222311,32,80,13108,37,119,192.191696,0.322086170895,-264.802434,-72.610738,-24.379864
1048576,1048640,2097280,0.106,222311,32,80,13108,37,120,193.826178,0.322086170895,-266.932240,-73.106062,-24.379864
1048576,1048640,2097280,0.106,222311,32,80,13108,37,121,195.460659,0.322086170895,-269.058068,-73.597409,-24.379864
1048576,1048640,2097280,0.106,222311,32,80,13108,37,122,197.095141,0.322086170895,-271.180098,-74.084958,-24.379864
1048576,1048640,2097280,0.106,222311,32,80,13108,37,123,198.729622,0.322086170895,-273.298525,-74.568903,-24.379864
1048576,1048640,2097280,0.106,222311,32,80,13108,37,124,200.364103,0.322086170895,-275.413544,-75.049441,-24.379864
1048576,1048640,2097280,0.106,222311,32,80,13108,37,125,201.998585,0.322086170895,-277.525364,-75.526779,-24.379864
1048576,1048640,2097280,0.106,222311,32,80,13108,37,126,203.633066,0.322086170895,-279.634192,-76.001126,-24.379864
1048576,1048640,2097280,0.106,222311,32,80,13108,37,127,205.267547,0.322086170895,-281.740235,-76.472687,-24.379864
1048576,1048640,2097280,0.106,222311,32,80,13108,37,128,206.902029,0.322086170895,-283.843696,-76.941667,-24.379864
1048576,1048640,2097280,0.106,222311,32,80,13108,37,129,208.536510,0.322086170895,-285.944776,-77.408265,-24.379864
1048576,1048640,2097280,0.106,222311,32,80,13108,37,130,210.170992,0.322086170895,-288.043665,-77.872673,-24.379864
1048576,1048640,2097280,0.106,222311,32,80,13108,37,131,211.805473,0.322086170895,-290.140548,-78.335075,-24.379864
1048576,1048640,2097280,0.106,222311,32,80,13108,37,132,213.439954,0.322086170895,-292.235603,-78.795648,-24.379864
1048576,1048640,2097280,0.106,222311,32,80,13108,37,133,215.074436,0.322086170895,-294.328991,-79.254555,-24.379864
1048576,1048640,2097280,0.106,222311,32,80,13108,37,134,216.708917,0.322086170895,-296.420869,-79.711952,-24.379864
1048576,1048640,2097280,0.106,222311,32,80,13108,37,135,218.343399,0.322086170895,-298.511384,-80.167986,-24.379864
1048576,1048640,2097280,0.106,222311,32,80,13108,37,136,219.977880,0.322086170895,-300.600669,-80.622789,-24.379864
1048576,1048640,2097280,0.106,222311,32,80,13108,37,137,221.612361,0.322086170895,-302.688848,-81.076487,-24.379864
1048576,1048640,2097280,0.106,222311,32,80,13108,37,138,223.246843,0.322086170895,-304.776039,-81.529196,-24.379864
1048576,1048640,2097280,0.106,222311,32,80,13108,37,139,224.881324,0.322086170895,-306.862344,-81.981020,-24.379864
1048576,1048640,2097280,0.106,222311,32,80,13108,37,140,226.515805,0.322086170895,-308.947862,-82.432057,-24.379864
1048576,1048640,2097280,0.106,222311,32,80,13108,37,141,228.150287,0.322086170895,-311.032682,-82.882395,-24.379864
1048576,1048640,2097280,0.106,222311,32,80,13108,37,142,229.784768,0.322086170895,-313.116882,-83.332114,-24.379864
1048576,1048640,2097280,0.106,222311,32,80,13108,37,143,231.419250,0.322086170895,-315.200536,-83.781286,-24.379864
1048576,1048640,2097280,0.106,222311,32,80,13108,37,144,233.053731,0.322086170895,-317.283711,-84.229980,-24.379864
1048576,1048640,2097280,0.106,222311,32,80,13108,37,145,234.688212,0.322086170895,-319.366466,-84.678254,-24.379864
1048576,1048640,2097280,0.106,222311,32,80,13108,37,146,236.322694,0.322086170895,-321.448856,-85.126162,-24.379864
1048576,1048640,2097280,0.106,222311,32,80,13108,37,147,237.957175,0.322086170895,-323.530929,-85.573754,-24.379864
1048576,1048640,2097280,0.106,222311,32,80,13108,37,148,239.591656,0.322086170895,-325.612729,-86.021073,-24.379864
1048576,1048640,2097280,0.106,222311,32,80,13108,37,149,241.226138,0.322086170895,-327.694296,-86.468158,-24.379864
1048576,1048640,2097280,0.106,222311,32,80,13108,37,150,242.860619,0.322086170895,-329.775665,-86.915046,-24.379864
1048576,1048640,2097280,0.106,222311,32,80,13108,37,151,244.495101,0.322086170895,-331.856868,-87.361767,-24.379864
1048576,1048640,2097280,0.106,222311,32,80,13108,37,152,246.129582,0.322086170895,-333.937933,-87.808351,-24.379864
1048576,1048640,2097280,0.106,222311,32,80,13108,37,153,247.764063,0.322086170895,-336.018886,-88.254823,-24.379864
1048576,1048640,2097280,0.106,222311,32,80,13108,37,154,249.398545,0.322086170895,-338.099750,-88.701205,-24.379864
1048576,1048640,2097280,0.106,222311,32,80,13108,37,155,251.033026,0.322086170895,-340.180545,-89.147519,-24.379864
1048576,1048640,2097280,0.106,222311,32,80,13108,37,156,252.667507,0.322086170895,-342.261288,-89.593781,-24.379864
1048576,1048640,2097280,0.106,222311,32,80,13108,37,157,254.301989,0.322086170895,-344.341998,-90.040009,-24.379864
1048576,1048640,2097280,0.106,222311,32,80,13108,37,158,255.936470,0.322086170895,-346.422686,-90.486216,-24.379864
1048576,1048640,2097280,0.106,222311,32,80,13108,37,159,257.570952,0.322086170895,-348.503367,-90.932416,-24.379864
1048576,1048640,2097280,0.106,222311,32,80,13108,37,160,259.205433,0.322086170895,-350.584052,-91.378619,-24.379864
1048576,1048640,2097280,0.106,222311,32,80,13108,38,1,-inf,,-2.237846,-inf,-inf
1048576,1048640,2097280,0.106,222311,32,80,13108,38,2,-inf,,-4.475692,-inf,-inf
1048576,1048640,2097280,0.106,222311,32,80,13108,38,3,-inf,,-6.713537,-inf,-inf
1048576,1048640,2097280,0.106,222311,32,80,13108,38,4,-inf,,-8.951381,-inf,-inf
1048576,1048640,2097280,0.106,222311,32,80,13108,38,5,-inf,,-11.189224,-inf,-inf
1048576,1048640,2097280,0.106,222311,32,80,13108,38,6,-inf,,-13.427067,-inf,-inf
1048576,1048640,2097280,0.106,222311,32,80,13108,38,7,-inf,,-15.664909,-inf,-inf
1048576,1048640,2097280,0.106,222311,32,80,13108,38,8,-inf,,-17.902750,-inf,-inf
1048576,1048640,2097280,0.106,222311,32,80,13108,38,9,-inf,,-20.140591,-inf,-inf
1048576,1048640,2097280,0.106,222311,32,80,13108,38,10,-inf,,-22.378431,-inf,-inf
1048576,1048640,2097280,0.106,222311,32,80,13108,38,11,-inf,,-24.616270,-inf,-inf
1048576,1048640,2097280,0.106,222311,32,80,13108,38,12,-inf,,-26.854108,-inf,-inf
1048576,1048640,2097280,0.106,222311,32,80,13108,38,13,-inf,,-29.091945,-inf,-inf
1048576,1048640,2097280,0.106,222311,32,80,13108,38,14,-inf,,-31.329782,-inf,-inf
1048576,1048640,2097280,0.106,222311,32,80,13108,38,15,-inf,,-33.567618,-inf,-inf
1048576,1048640,2097280,0.106,222311,32,80,13108,38,16,-inf,,-35.805453,-inf,-inf
1048576,1048640,2097280,0.106,222311,32,80,13108,38,17,-inf,,-38.043288,-inf,-inf
1048576,1048640,2097280,0.106,222311,32,80,13108,38,18,-inf,,-40.281121,-inf,-inf
1048576,1048640,2097280,0.106,222311,32,80,13108,38,19,-inf,,-42.518954,-inf,-inf
1048576,1048640,2097280,0.106,222311,32,80,13108,38,20,-inf,,-44.756786,-inf,-inf
1048576,1048640,2097280,0.106,222311,32,80,13108,38,21,-inf,,-46.994617,-inf,-inf
1048576,1048640,2097280,0.106,222311,32,80,13108,38,22,-inf,,-49.232447,-inf,-inf
1048576,1048640,2097280,0.106,222311,32,80,13108,38,23,-inf,,-51.470276,-inf,-inf
1048576,1048640,2097280,0.106,222311,32,80,13108,38,24,-inf,,-53.708104,-inf,-inf
1048576,1048640,2097280,0.106,222311,32,80,13108,38,25,-inf,,-55.945932,-inf,-inf
1048576,1048640,2097280,0.106,222311,32,80,13108,38,26,-inf,,-58.183758,-inf,-inf
1048576,1048640,2097280,0.106,222311,32,80,13108,38,27,-inf,,-60.421583,-inf,-inf
1048576,1048640,2097280,0.106,222311,32,80,13108,38,28,-inf,,-62.659406,-inf,-inf
1048576,1048640,2097280,0.106,222311,32,80,13108,38,29,-inf,,-64.897229,-inf,-inf
1048576,1048640,2097280,0.106,222311,32,80,13108,38,30,-inf,,-67.135050,-inf,-inf
1048576,1048640,2097280,0.106,222311,32,80,13108,38,31,-inf,,-69.372869,-inf,-inf
1048576,1048640,2097280,0.106,222311,32,80,13108,38,32,-inf,,-71.610687,-inf,-inf
1048576,1048640,2097280,0.106,222311,32,80,13108,38,33,-inf,,-73.848504,-inf,-inf
1048576,1048640,2097280,0.106,222311,32,80,13108,38,34,-inf,,-76.086318,-inf,-inf
1048576,1048640,2097280,0.106,222311,32,80,13108,38,35,-inf,,-78.324131,-inf,-inf
1048576,1048640,2097280,0.106,222311,32,80,13108,38,36,-inf,,-80.561941,-inf,-inf
1048576,1048640,2097280,0.106,222311,32,80,13108,38,37,-inf,,-82.799749,-inf,-inf
1048576,1048640,2097280,0.106,222311,32,80,13108,38,38,57.667897,0.192539805332,-85.037554,-27.369657,-27.369657
1048576,1048640,2097280,0.106,222311,32,80,13108,38,39,60.044668,0.192539805332,-87.275356,-27.230688,-26.298500
1048576,1048640,2097280,0.106,222311,32,80,13108,38,40,62.332983,0.236538124161,-89.513155,-27.180172,-25.673007
1048576,1048640,2097280,0.106,222311,32,80,13108,38,41,64.284651,0.290590738289,-91.750951,-27.466299,-25.307300
1048576,1048640,2097280,0.106,222311,32,80,13108,38,42,66.067590,0.290590738289,-93.988742,-27.921151,-25.088999
1048576,1048640,2097280,0.106,222311,32,80,13108,38,43,67.798659,0.322086170895,-96.226529,-28.427870,-24.953028
1048576,1048640,2097280,0.106,222311,32,80,13108,38,44,69.433141,0.322086170895,-98.464311,-29.031170,-24.870046
1048576,1048640,2097280,0.106,222311,32,80,13108,38,45,71.067622,0.322086170895,-100.702087,-29.634465,-24.817918
1048576,1048640,2097280,0.106,222311,32,80,13108,38,46,72.702103,0.322086170895,-102.939857,-30.237754,-24.784605
1048576,1048640,2097280,0.106,222311,32,80,13108,38,47,74.336585,0.322086170895,-105.177620,-30.841036,-24.763089
1048576,1048640,2097280,0.106,222311,32,80,13108,38,48,75.971066,0.322086170895,-107.415376,-31.444310,-24.749099
1048576,1048640,2097280,0.106,222311,32,80,13108,38,49,77.605547,0.322086170895,-109.653122,-32.047575,-24.739963
1048576,1048640,2097280,0.106,222311,32,80,13108,38,50,79.240029,0.322086170895,-111.890859,-32.650830,-24.733981
1048576,1048640,2097280,0.106,222311,32,80,13108,38,51,80.874510,0.322086170895,-114.128584,-33.254074,-24.730056
1048576,1048640,2097280,0.106,222311,32,80,13108,38,52,82.508992,0.322086170895,-116.366297,-33.857305,-24.727479
1048576,1048640,2097280,0.106,222311,32,80,13108,38,53,84.143473,0.322086170895,-118.603995,-34.460522,-24.725784
1048576,1048640,2097280,0.106,222311,32,80,13108,38,54,85.777954,0.322086170895,-120.841678,-35.063724,-24.724670
1048576,1048640,2097280,0.106,222311,32,80,13108,38,55,87.412436,0.322086170895,-123.079343,-35.666907,-24.723937
1048576,1048640,2097280,0.106,222311,32,80,13108,38,56,89.046917,0.322086170895,-125.316987,-36.270070,-24.723455
1048576,1048640,2097280,0.106,222311,32,80,13108,38,57,90.681398,0.322086170895,-127.554609,-36.873210,-24.723137
1048576,1048640,2097280,0.106,222311,32,80,13108,38,58,92.315880,0.322086170895,-129.792205,-37.476325,-24.722928
1048576,1048640,2097280,0.106,222311,32,80,13108,38,59,93.950361,0.322086170895,-132.029772,-38.079411,-24.722791
1048576,1048640,2097280,0.106,222311,32,80,13108,38,60,95.584843,0.322086170895,-134.267306,-38.682464,-24.722700
1048576,1048640,2097280,0.106,222311,32,80,13108,38,61,97.219324,0.322086170895,-136.504804,-39.285480,-24.722641
1048576,1048640,2097280,0.106,222311,32,80,13108,38,62,98.853805,0.322086170895,-138.742260,-39.888455,-24.722601
1048576,1048640,2097280,0.106,222311,32,80,13108,38,63,100.488287,0.322086170895,-140.979669,-40.491383,-24.722576
1048576,1048640,2097280,0.106,222311,32,80,13108,38,64,102.122768,0.322086170895,-143.217026,-41.094258,-24.722559
1048576,1048640,2097280,0.106,222311,32,80,13108,38,65,103.757249,0.322086170895,-145.454324,-41.697074,-24.722547
1048576,1048640,2097280,0.106,222311,32,80,13108,38,66,105.391731,0.322086170895,-147.691555,-42.299824,-24.722540
1048576,1048640,2097280,0.106,222311,32,80,13108,38,67,107.026212,0.322086170895,-149.928710,-42.902498,-24.722535
1048576,1048640,2097280,0.106,222311,32,80,13108,38,68,108.660694,0.322086170895,-152.165781,-43.505088,-24.722532
1048576,1048640,2097280,0.106,222311,32,80,13108,38,69,110.295175,0.322086170895,-154.402757,-44.107582,-24.722530
1048576,1048640,2097280,0.106,222311,32,80,13108,38,70,111.929656,0.322086170895,-156.639626,-44.709969,-24.722528
1048576,1048640,2097280,0.106,222311,32,80,13108,38,71,113.564138,0.322086170895,-158.876374,-45.312236,-24.722528
1048576,1048640,2097280,0.106,222311,32,80,13108,38,72,115.198619,0.322086170895,-161.112986,-45.914367,-24.722527
1048576,1048640,2097280,0.106,222311,32,80,13108,38,73,116.833100,0.322086170895,-163.349447,-46.516346,-24.722527
1048576,1048640,2097280,0.106,222311,32,80,13108,38,74,118.467582,0.322086170895,-165.585736,-47.118154,-24.722526
1048576,1048640,2097280,0.106,222311,32,80,13108,38,75,120.102063,0.322086170895,-167.821833,-47.719770,-24.722526
1048576,1048640,2097280,0.106,222311,32,80,13108,38,76,121.736545,0.322086170895,-170.057715,-48.321171,-24.722526
1048576,1048640,2097280,0.106,222311,32,80,13108,38,77,123.371026,0.322086170895,-172.293355,-48.922329,-24.722526
1048576,1048640,2097280,0.106,222311,32,80,13108,38,78,125.005507,0.322086170895,-174.528724,-49.523216,-24.722526
1048576,1048640,2097280,0.106,222311,32,80,13108,38,79,126.639989,0.322086170895,-176.763788,-50.123799,-24.722526
1048576,1048640,2097280,0.106,222311,32,80,13108,38,80,128.274470,0.322086170895,-178.998512,-50.724042,-24.722526
1048576,1048640,2097280,0.106,222311,32,80,13108,38,81,129.908952,0.322086170895,-181.232855,-51.323904,-24.722526
1048576,1048640,2097280,0.106,222311,32,80,13108,38,82,131.543433,0.322086170895,-183.466772,-51.923339,-24.722526
1048576,1048640,2097280,0.106,222311,32,80,13108,38,83,133.177914,0.322086170895,-185.700212,-52.522298,-24.722526
1048576,1048640,2097280,0.106,222311,32,80,13108,38,84,134.812396,0.322086170895,-187.933121,-53.120726,-24.722526
1048576,1048640,2097280,0.106,222311,32,80,13108,38,85,136.446877,0.322086170895,-190.165436,-53.718559,-24.722526
1048576,1048640,2097280,0.106,222311,32,80,13108,38,86,138.081358,0.322086170895,-192.397090,-54.315731,-24.722526
1048576,1048640,2097280,0.106,222311,32,80,13108,38,87,139.715840,0.322086170895,-194.628006,-54.912166,-24.722526
1048576,1048640,2097280,0.106,222311,32,80,13108,38,88,141.350321,0.322086170895,-196.858104,-55.507783,-24.722526
1048576,1048640,2097280,0.106,222311,32,80,13108,38,89,142.984803,0.322086170895,-199.087293,-56.102490,-24.722526
1048576,1048640,2097280,0.106,222311,32,80,13108,38,90,144.619284,0.322086170895,-201.315473,-56.696189,-24.722526
1048576,1048640,2097280,0.106,222311,32,80,13108,38,91,146.253765,0.322086170895,-203.542536,-57.288770,-24.722526
1048576,1048640,2097280,0.106,222311,32,80,13108,38,92,147.888247,0.322086170895,-205.768365,-57.880118,-24.722526
1048576,1048640,2097280,0.106,222311,32,80,13108,38,93,149.522728,0.322086170895,-207.992832,-58.470104,-24.722526
1048576,1048640,2097280,0.106,222311,32,80,13108,38,94,151.157209,0.322086170895,-210.215800,-59.058591,-24.722526
1048576,1048640,2097280,0.106,222311,32,80,13108,38,95,152.791691,0.322086170895,-212.437121,-59.645430,-24.722526
1048576,1048640,2097280,0.106,222311,32,80,13108,38,96,154.426172,0.322086170895,-214.656639,-60.230466,-24.722526
1048576,1048640,2097280,0.106,222311,32,80,13108,38,97,156.060654,0.322086170895,-216.874183,-60.813529,-24.722526
1048576,1048640,2097280,0.106,222311,32,80,13108,38,98,157.695135,0.322086170895,-219.089579,-61.394444,-24.722526
1048576,1048640,2097280,0.106,222311,32,80,13108,38,99,159.329616,0.322086170895,-221.302639,-61.973023,-24.722526
1048576,1048640,2097280,0.106,222311,32,80,13108,38,100,160.964098,0.322086170895,-223.513174,-62.549076,-24.722526
1048576,1048640,2097280,0.106,222311,32,80,13108,38,101,162.598579,0.322086170895,-225.720982,-63.122403,-24.722526
1048576,1048640,2097280,0.106,222311,32,80,13108,38,102,164.233060,0.322086170895,-227.925862,-63.692802,-24.722526
1048576,1048640,2097280,0.106,222311,32,80,13108,38,103,165.867542,0.322086170895,-230.127608,-64.260067,-24.722526
1048576,1048640,2097280,0.106,222311,32,80,13108,38,104,167.502023,0.322086170895,-232.326017,-64.823994,-24.722526
1048576,1048640,2097280,0.106,222311,32,80,13108,38,105,169.136505,0.322086170895,-234.520892,-65.384387,-24.722526
1048576,1048640,2097280,0.106,222311,32,80,13108,38,106,170.770986,0.322086170895,-236.712034,-65.941048,-24.722526
1048576,1048640,2097280,0.106,222311,32,80,13108,38,107,172.405467,0.322086170895,-238.899265,-66.493797,-24.722526
1048576,1048640,2097280,0.106,222311,32,80,13108,38,108,174.039949,0.322086170895,-241.082416,-67.042468,-24.722526
1048576,1048640,2097280,0.106,222311,32,80,13108,38,109,175.674430,0.322086170895,-243.261334,-67.586904,-24.722526
1048576,1048640,2097280,0.106,222311,32,80,13108,38,110,177.308911,0.322086170895,-245.435890,-68.126978,-24.722526
1048576,1048640,2097280,0.106,222311,32,80,13108,38,111,178.943393,0.322086170895,-247.605979,-68.662586,-24.722526
1048576,1048640,2097280,0.106,222311,32,80,13108,38,112,180.577874,0.322086170895,-249.771519,-69.193645,-24.722526
1048576,1048640,2097280,0.106,222311,32,80,13108,38,113,182.212356,0.322086170895,-251.932459,-69.720103,-24.722526
1048576,1048640,2097280,0.106,222311,32,80,13108,38,114,183.846837,0.322086170895,-254.088781,-70.241944,-24.722526
1048576,1048640,2097280,0.106,222311,32,80,13108,38,115,185.481318,0.322086170895,-256.240489,-70.759171,-24.722526
1048576,1048640,2097280,0.106,222311,32,80,13108,38,116,187.115800,0.322086170895,-258.387626,-71.271826,-24.722526
1048576,1048640,2097280,0.106,222311,32,80,13108,38,117,188.750281,0.322086170895,-260.530262,-71.779981,-24.722526
1048576,1048640,2097280,0.106,222311,32,80,13108,38,118,190.384762,0.322086170895,-262.668490,-72.283728,-24.722526
1048576,1048640,2097280,0.106,222311,32,80,13108,38,119,192.019244,0.322086170895,-264.802434,-72.783191,-24.722526
1048576,1048640,2097280,0.106,222311,32,80,13108,38,120,193.653725,0.322086170895,-266.932240,-73.278515,-24.722526
1048576,1048640,2097280,0.106,222311,32,80,13108,38,121,195.288207,0.322086170895,-269.058068,-73.769861,-24.722526
1048576,1048640,2097280,0.106,222311,32,80,13108,38,122,196.922688,0.322086170895,-271.180098,-74.257410,-24.722526
1048576,1048640,2097280,0.106,222311,32,80,13108,38,123,198.557169,0.322086170895,-273.298525,-74.741355,-24.722526
1048576,1048640,2097280,0.106,222311,32,80,13108,38,124,200.191651,0.322086170895,-275.413544,-75.221894,-24.722526
1048576,1048640,2097280,0.106,222311,32,80,13108,38,125,201.826132,0.322086170895,-277.525364,-75.699232,-24.722526
1048576,1048640,2097280,0.106,222311,32,80,13108,38,126,203.460613,0.322086170895,-279.634192,-76.173579,-24.722526
1048576,1048640,2097280,0.106,222311,32,80,13108,38,127,205.095095,0.322086170895,-281.740235,-76.645140,-24.722526
1048576,1048640,2097280,0.106,222311,32,80,13108,38,128,206.729576,0.322086170895,-283.843696,-77.114119,-24.722526
1048576,1048640,2097280,0.106,222311,32,80,13108,38,129,208.364058,0.322086170895,-285.944776,-77.580718,-24.722526
1048576,1048640,2097280,0.106,222311,32,80,13108,38,130,209.998539,0.322086170895,-288.043665,-78.045126,-24.722526
1048576,1048640,2097280,0.106,222311,32,80,13108,38,131,211.633020,0.322086170895,-290.140548,-78.507528,-24.722526
1048576,1048640,2097280,0.106,222311,32,80,13108,38,132,213.267502,0.322086170895,-292.235603,-78.968101,-24.722526
1048576,1048640,2097280,0.106,222311,32,80,13108,38,133,214.901983,0.322086170895,-294.328991,-79.427008,-24.722526
1048576,1048640,2097280,0.106,222311,32,80,13108,38,134,216.536464,0.322086170895,-296.420869,-79.884405,-24.722526
1048576,1048640,2097280,0.106,222311,32,80,13108,38,135,218.170946,0.322086170895,-298.511384,-80.340438,-24.722526
1048576,1048640,2097280,0.106,222311,32,80,13108,38,136,219.805427,0.322086170895,-300.600669,-80.795242,-24.722526
1048576,1048640,2097280,0.106,222311,32,80,13108,38,137,221.439909,0.322086170895,-302.688848,-81.248940,-24.722526
1048576,1048640,2097280,0.106,222311,32,80,13108,38,138,223.074390,0.322086170895,-304.776039,-81.701649,-24.722526
1048576,1048640,2097280,0.106,222311,32,80,13108,38,139,224.708871,0.322086170895,-306.862344,-82.153473,-24.722526
1048576,1048640,2097280,0.106,222311,32,80,13108,38,140,226.343353,0.322086170895,-308.947862,-82.604510,-24.722526
1048576,1048640,2097280,0.106,222311,32,80,13108,38,141,227.977834,0.322086170895,-311.032682,-83.054847,-24.722526
1048576,1048640,2097280,0.106,222311,32,80,13108,38,142,229.612315,0.322086170895,-313.116882,-83.504566,-24.722526
1048576,1048640,2097280,0.106,222311,32,80,13108,38,143,231.246797,0.322086170895,-315.200536,-83.953739,-24.722526
1048576,1048640,2097280,0.106,222311,32,80,13108,38,144,232.881278,0.322086170895,-317.283711,-84.402433,-24.722526
1048576,1048640,2097280,0.106,222311,32,80,13108,38,145,234.515760,0.322086170895,-319.366466,-84.850707,-24.722526
1048576,1048640,2097280,0.106,222311,32,80,13108,38,146,236.150241,0.322086170895,-321.448856,-85.298615,-24.722526
1048576,1048640,2097280,0.106,222311,32,80,13108,38,147,237.784722,0.322086170895,-323.530929,-85.746207,-24.722526
1048576,1048640,2097280,0.106,222311,32,80,13108,38,148,239.419204,0.322086170895,-325.612729,-86.193526,-24.722526
1048576,1048640,2097280,0.106,222311,32,80,13108,38,149,241.053685,0.322086170895,-327.694296,-86.640611,-24.722526
1048576,1048640,2097280,0.106,222311,32,80,13108,38,150,242.688166,0.322086170895,-329.775665,-87.087499,-24.722526
1048576,1048640,2097280,0.106,222311,32,80,13108,38,151,244.322648,0.322086170895,-331.856868,-87.534220,-24.722526
1048576,1048640,2097280,0.106,222311,32,80,13108,38,152,245.957129,0.322086170895,-333.937933,-87.980804,-24.722526
1048576,1048640,2097280,0.106,222311,32,80,13108,38,153,247.591611,0.322086170895,-336.018886,-88.427276,-24.722526
1048576,1048640,2097280,0.106,222311,32,80,13108,38,154,249.094798,0.356995209458,-338.099750,-89.004952,-24.722526
1048576,1048640,2097280,0.106,222311,32,80,13108,38,155,250.580821,0.356995209458,-340.180545,-89.599723,-24.722526
1048576,1048640,2097280,0.106,222311,32,80,13108,38,156,252.066845,0.356995209458,-342.261288,-90.194444,-24.722526
1048576,1048640,2097280,0.106,222311,32,80,13108,38,157,253.552868,0.356995209458,-344.341998,-90.789129,-24.722526
1048576,1048640,2097280,0.106,222311,32,80,13108,38,158,255.038892,0.356995209458,-346.422686,-91.383795,-24.722526
1048576,1048640,2097280,0.106,222311,32,80,13108,38,159,256.524915,0.356995209458,-348.503367,-91.978452,-24.722526
1048576,1048640,2097280,0.106,222311,32,80,13108,38,160,258.010938,0.356995209458,-350.584052,-92.573113,-24.722526
1048576,1048640,2097280,0.106,222311,32,80,13108,39,1,-inf,,-2.237846,-inf,-inf
1048576,1048640,2097280,0.106,222311,32,80,13108,39,2,-inf,,-4.475692,-inf,-inf
1048576,1048640,2097280,0.106,222311,32,80,13108,39,3,-inf,,-6.713537,-inf,-inf
1048576,1048640,2097280,0.106,222311,32,80,13108,39,4,-inf,,-8.951381,-inf,-inf
1048576,1048640,2097280,0.106,222311,32,80,13108,39,5,-inf,,-11.189224,-inf,-inf
1048576,1048640,2097280,0.106,222311,32,80,13108,39,6,-inf,,-13.427067,-inf,-inf
1048576,1048640,2097280,0.106,222311,32,80,13108,39,7,-inf,,-15.664909,-inf,-inf
1048576,1048640,2097280,0.106,222311,32,80,13108,39,8,-inf,,-17.902750,-inf,-inf
1048576,1048640,2097280,0.106,222311,32,80,13108,39,9,-inf,,-20.140591,-inf,-inf
1048576,1048640,2097280,0.106,222311,32,80,13108,39,10,-inf,,-22.378431,-inf,-inf
1048576,1048640,2097280,0.106,222311,32,80,13108,39,11,-inf,,-24.616270,-inf,-inf
1048576,1048640,2097280,0.106,222311,32,80,13108,39,12,-inf,,-26.854108,-inf,-inf
1048576,1048640,2097280,0.106,222311,32,80,13108,39,13,-inf,,-29.091945,-inf,-inf
1048576,1048640,2097280,0.106,222311,32,80,13108,39,14,-inf,,-31.329782,-inf,-inf
1048576,1048640,2097280,0.106,222311,32,80,13108,39,15,-inf,,-33.567618,-inf,-inf
1048576,1048640,2097280,0.106,222311,32,80,13108,39,16,-inf,,-35.805453,-inf,-inf
1048576,1048640,2097280,0.106,222311,32,80,13108,39,17,-inf,,-38.043288,-inf,-inf
1048576,1048640,2097280,0.106,222311,32,80,13108,39,18,-inf,,-40.281121,-inf,-inf
1048576,1048640,2097280,0.106,222311,32,80,13108,39,19,-inf,,-42.518954,-inf,-inf
1048576,1048640,2097280,0.106,222311,32,80,13108,39,20,-inf,,-44.756786,-inf,-inf
1048576,1048640,2097280,0.106,222311,32,80,13108,39,21,-inf,,-46.994617,-inf,-inf
1048576,1048640,2097280,0.106,222311,32,80,13108,39,22,-inf,,-49.232447,-inf,-inf
1048576,1048640,2097280,0.106,222311,32,80,13108,39,23,-inf,,-51.470276,-inf,-inf
1048576,1048640,2097280,0.106,222311,32,80,13108,39,24,-inf,,-53.708104,-inf,-inf
1048576,1048640,2097280,0.106,222311,32,80,13108,39,25,-inf,,-55.945932,-inf,-inf
1048576,1048640,2097280,0.106,222311,32,80,13108,39,26,-inf,,-58.183758,-inf,-inf
1048576,1048640,2097280,0.106,222311,32,80,13108,39,27,-inf,,-60.421583,-inf,-inf
1048576,1048640,2097280,0.106,222311,32,80,13108,39,28,-inf,,-62.659406,-inf,-inf
1048576,1048640,2097280,0.106,222311,32,80,13108,39,29,-inf,,-64.897229,-inf,-inf
1048576,1048640,2097280,0.106,222311,32,80,13108,39,30,-inf,,-67.135050,-inf,-inf
1048576,1048640,2097280,0.106,222311,32,80,13108,39,31,-inf,,-69.372869,-inf,-inf
1048576,1048640,2097280,0.106,222311,32,80,13108,39,32,-inf,,-71.610687,-inf,-inf
1048576,1048640,2097280,0.106,222311,32,80,13108,39,33,-inf,,-73.848504,-inf,-inf
1048576,1048640,2097280,0.106,222311,32,80,13108,39,34,-inf,,-76.086318,-inf,-inf
1048576,1048640,2097280,0.106,222311,32,80,13108,39,35,-inf,,-78.324131,-inf,-inf
1048576,1048640,2097280,0.106,222311,32,80,13108,39,36,-inf,,-80.561941,-inf,-inf
1048576,1048640,2097280,0.106,222311,32,80,13108,39,37,-inf,,-82.799749,-inf,-inf
1048576,1048640,2097280,0.106,222311,32,80,13108,39,38,-inf,,-85.037554,-inf,-inf
1048576,1048640,2097280,0.106,222311,32,80,13108,39,39,59.230224,0.192539805332,-87.275356,-28.045132,-28.045132
1048576,1048640,2097280,0.106,222311,32,80,13108,39,40,61.606995,0.192539805332,-89.513155,-27.906160,-26.973973
1048576,1048640,2097280,0.106,222311,32,80,13108,39,41,63.888891,0.236538124161,-91.750951,-27.862059,-26.350733
1048576,1048640,2097280,0.106,222311,32,80,13108,39,42,65.781517,0.290590738289,-93.988742,-28.207225,-25.998939
1048576,1048640,2097280,0.106,222311,32,80,13108,39,43,67.564456,0.290590738289,-96.226529,-28.662073,-25.787458
1048576,1048640,2097280,0.106,222311,32,80,13108,39,44,69.232524,0.322086170895,-98.464311,-29.231787,-25.660662
1048576,1048640,2097280,0.106,222311,32,80,13108,39,45,70.867005,0.322086170895,-100.702087,-29.835082,-25.582896
1048576,1048640,2097280,0.106,222311,32,80,13108,39,46,72.501486,0.322086170895,-102.939857,-30.438371,-25.533903
1048576,1048640,2097280,0.106,222311,32,80,13108,39,47,74.135968,0.322086170895,-105.177620,-31.041653,-25.502538
1048576,1048640,2097280,0.106,222311,32,80,13108,39,48,75.770449,0.322086170895,-107.415376,-31.644926,-25.482257
1048576,1048640,2097280,0.106,222311,32,80,13108,39,49,77.404931,0.322086170895,-109.653122,-32.248191,-25.469061
1048576,1048640,2097280,0.106,222311,32,80,13108,39,50,79.039412,0.322086170895,-111.890859,-32.851447,-25.460441
1048576,1048640,2097280,0.106,222311,32,80,13108,39,51,80.673893,0.322086170895,-114.128584,-33.454691,-25.454794
1048576,1048640,2097280,0.106,222311,32,80,13108,39,52,82.308375,0.322086170895,-116.366297,-34.057922,-25.451088
1048576,1048640,2097280,0.106,222311,32,80,13108,39,53,83.942856,0.322086170895,-118.603995,-34.661139,-25.448654
1048576,1048640,2097280,0.106,222311,32,80,13108,39,54,85.577337,0.322086170895,-120.841678,-35.264341,-25.447054
1048576,1048640,2097280,0.106,222311,32,80,13108,39,55,87.211819,0.322086170895,-123.079343,-35.867524,-25.446002
1048576,1048640,2097280,0.106,222311,32,80,13108,39,56,88.846300,0.322086170895,-125.316987,-36.470687,-25.445310
1048576,1048640,2097280,0.106,222311,32,80,13108,39,57,90.480782,0.322086170895,-127.554609,-37.073827,-25.444854
1048576,1048640,2097280,0.106,222311,32,80,13108,39,58,92.115263,0.322086170895,-129.792205,-37.676942,-25.444554
1048576,1048640,2097280,0.106,222311,32,80,13108,39,59,93.749744,0.322086170895,-132.029772,-38.280028,-25.444357
1048576,1048640,2097280,0.106,222311,32,80,13108,39,60,95.384226,0.322086170895,-134.267306,-38.883081,-25.444227
1048576,1048640,2097280,0.106,222311,32,80,13108,39,61,97.018707,0.322086170895,-136.504804,-39.486097,-25.444141
1048576,1048640,2097280,0.106,222311,32,80,13108,39,62,98.653189,0.322086170895,-138.742260,-40.089072,-25.444085
1048576,1048640,2097280,0.106,222311,32,80,13108,39,63,100.287670,0.322086170895,-140.979669,-40.692000,-25.444048
1048576,1048640,2097280,0.106,222311,32,80,13108,39,64,101.922151,0.322086170895,-143.217026,-41.294875,-25.444024
1048576,1048640,2097280,0.106,222311,32,80,13108,39,65,103.556633,0.322086170895,-145.454324,-41.897691,-25.444008
1048576,1048640,2097280,0.106,222311,32,80,13108,39,66,105.191114,0.322086170895,-147.691555,-42.500441,-25.443997
1048576,1048640,2097280,0.106,222311,32,80,13108,39,67,106.825595,0.322086170895,-149.928710,-43.103115,-25.443990
1048576,1048640,2097280,0.106,222311,32,80,13108,39,68,108.460077,0.322086170895,-152.165781,-43.705704,-25.443985
1048576,1048640,2097280,0.106,222311,32,80,13108,39,69,110.094558,0.322086170895,-154.402757,-44.308199,-25.443982
1048576,1048640,2097280,0.106,222311,32,80,13108,39,70,111.729040,0.322086170895,-156.639626,-44.910586,-25.443980
1048576,1048640,2097280,0.106,222311,32,80,13108,39,71,113.363521,0.322086170895,-158.876374,-45.512853,-25.443979
1048576,1048640,2097280,0.106,222311,32,80,13108,39,72,114.998002,0.322086170895,-161.112986,-46.114984,-25.443978
1048576,1048640,2097280,0.106,222311,32,80,13108,39,73,116.632484,0.322086170895,-163.349447,-46.716963,-25.443978
1048576,1048640,2097280,0.106,222311,32,80,13108,39,74,118.266965,0.322086170895,-165.585736,-47.318771,-25.443977
1048576,1048640,2097280,0.106,222311,32,80,13108,39,75,119.901446,0.322086170895,-167.821833,-47.920387,-25.443977
1048576,1048640,2097280,0.106,222311,32,80,13108,39,76,121.535928,0.322086170895,-170.057715,-48.521787,-25.443977
1048576,1048640,2097280,0.106,222311,32,80,13108,39,77,123.170409,0.322086170895,-172.293355,-49.122946,-25.443977
1048576,1048640,2097280,0.106,222311,32,80,13108,39,78,124.804891,0.322086170895,-174.528724,-49.723833,-25.443977
1048576,1048640,2097280,0.106,222311,32,80,13108,39,79,126.439372,0.322086170895,-176.763788,-50.324416,-25.443977
1048576,1048640,2097280,0.106,222311,32,80,13108,39,80,128.073853,0.322086170895,-178.998512,-50.924659,-25.443977
1048576,1048640,2097280,0.106,222311,32,80,13108,39,81,129.708335,0.322086170895,-181.232855,-51.524521,-25.443977
1048576,1048640,2097280,0.106,222311,32,80,13108,39,82,131.342816,0.322086170895,-183.466772,-52.123956,-25.443977
1048576,1048640,2097280,0.106,222311,32,80,13108,39,83,132.977297,0.322086170895,-185.700212,-52.722915,-25.443977
1048576,1048640,2097280,0.106,222311,32,80,13108,39,84,134.611779,0.322086170895,-187.933121,-53.321342,-25.443977
1048576,1048640,2097280,0.106,222311,32,80,13108,39,85,136.246260,0.322086170895,-190.165436,-53.919176,-25.443977
1048576,1048640,2097280,0.106,222311,32,80,13108,39,86,137.880742,0.322086170895,-192.397090,-54.516348,-25.443977
1048576,1048640,2097280,0.106,222311,32,80,13108,39,87,139.515223,0.322086170895,-194.628006,-55.112783,-25.443977
1048576,1048640,2097280,0.106,222311,32,80,13108,39,88,141.149704,0.322086170895,-196.858104,-55.708400,-25.443977
1048576,1048640,2097280,0.106,222311,32,80,13108,39,89,142.784186,0.322086170895,-199.087293,-56.303107,-25.443977
1048576,1048640,2097280,0.106,222311,32,80,13108,39,90,144.418667,0.322086170895,-201.315473,-56.896806,-25.443977
1048576,1048640,2097280,0.106,222311,32,80,13108,39,91,146.053148,0.322086170895,-203.542536,-57.489387,-25.443977
1048576,1048640,2097280,0.106,222311,32,80,13108,39,92,147.687630,0.322086170895,-205.768365,-58.080735,-25.443977
1048576,1048640,2097280,0.106,222311,32,80,13108,39,93,149.322111,0.322086170895,-207.992832,-58.670721,-25.443977
1048576,1048640,2097280,0.106,222311,32,80,13108,39,94,150.956593,0.322086170895,-210.215800,-59.259208,-25.443977
1048576,1048640,2097280,0.106,222311,32,80,13108,39,95,152.591074,0.322086170895,-212.437121,-59.846047,-25.443977
1048576,1048640,2097280,0.106,222311,32,80,13108,39,96,154.225555,0.322086170895,-214.656639,-60.431083,-25.443977
1048576,1048640,2097280,0.106,222311,32,80,13108,39,97,155.860037,0.322086170895,-216.874183,-61.014146,-25.443977
1048576,1048640,2097280,0.106,222311,32,80,13108,39,98,157.494518,0.322086170895,-219.089579,-61.595061,-25.443977
1048576,1048640,2097280,0.106,222311,32,80,13108,39,99,159.128999,0.322086170895,-221.302639,-62.173640,-25.443977
1048576,1048640,2097280,0.106,222311,32,80,13108,39,100,160.763481,0.322086170895,-223.513174,-62.749693,-25.443977
1048576,1048640,2097280,0.106,222311,32,80,13108,39,101,162.397962,0.322086170895,-225.720982,-63.323019,-25.443977
1048576,1048640,2097280,0.106,222311,32,80,13108,39,102,164.032444,0.322086170895,-227.925862,-63.893419,-25.443977
1048576,1048640,2097280,0.106,222311,32,80,13108,39,103,165.666925,0.322086170895,-230.127608,-64.460683,-25.443977
1048576,1048640,2097280,0.106,222311,32,80,13108,39,104,167.301406,0.322086170895,-232.326017,-65.024611,-25.443977
1048576,1048640,2097280,0.106,222311,32,80,13108,39,105,168.935888,0.322086170895,-234.520892,-65.585004,-25.443977
1048576,1048640,2097280,0.106,222311,32,80,13108,39,106,170.570369,0.322086170895,-236.712034,-66.141665,-25.443977
1048576,1048640,2097280,0.106,222311,32,80,13108,39,107,172.204850,0.322086170895,-238.899265,-66.694414,-25.443977
1048576,1048640,2097280,0.106,222311,32,80,13108,39,108,173.839332,0.322086170895,-241.082416,-67.243084,-25.443977
1048576,1048640,2097280,0.106,222311,32,80,13108,39,109,175.473813,0.322086170895,-243.261334,-67.787521,-25.443977
1048576,1048640,2097280,0.106,222311,32,80,13108,39,110,177.108295,0.322086170895,-245.435890,-68.327595,-25.443977
1048576,1048640,2097280,0.106,222311,32,80,13108,39,111,178.742776,0.322086170895,-247.605979,-68.863203,-25.443977
1048576,1048640,2097280,0.106,222311,32,80,13108,39,112,180.377257,0.322086170895,-249.771519,-69.394261,-25.443977
1048576,1048640,2097280,0.106,222311,32,80,13108,39,113,182.011739,0.322086170895,-251.932459,-69.920720,-25.443977
1048576,1048640,2097280,0.106,222311,32,80,13108,39,114,183.646220,0.322086170895,-254.088781,-70.442560,-25.443977
1048576,1048640,2097280,0.106,222311,32,80,13108,39,115,185.280701,0.322086170895,-256.240489,-70.959788,-25.443977
1048576,1048640,2097280,0.106,222311,32,80,13108,39,116,186.915183,0.322086170895,-258.387626,-71.472443,-25.443977
1048576,1048640,2097280,0.106,222311,32,80,13108,39,117,188.549664,0.322086170895,-260.530262,-71.980598,-25.443977
1048576,1048640,2097280,0.106,222311,32,80,13108,39,118,190.184146,0.322086170895,-262.668490,-72.484345,-25.443977
1048576,1048640,2097280,0.106,222311,32,80,13108,39,119,191.818627,0.322086170895,-264.802434,-72.983807,-25.443977
1048576,1048640,2097280,0.106,222311,32,80,13108,39,120,193.453108,0.322086170895,-266.932240,-73.479132,-25.443977
1048576,1048640,2097280,0.106,222311,32,80,13108,39,121,195.087590,0.322086170895,-269.058068,-73.970478,-25.443977
1048576,1048640,2097280,0.106,222311,32,80,13108,39,122,196.722071,0.322086170895,-271.180098,-74.458027,-25.443977
1048576,1048640,2097280,0.106,222311,32,80,13108,39,123,198.356552,0.322086170895,-273.298525,-74.941972,-25.443977
1048576,1048640,2097280,0.106,222311,32,80,13108,39,124,199.991034,0.322086170895,-275.413544,-75.422511,-25.443977
1048576,1048640,2097280,0.106,222311,32,80,13108,39,125,201.625515,0.322086170895,-277.525364,-75.899849,-25.443977
1048576,1048640,2097280,0.106,222311,32,80,13108,39,126,203.259997,0.322086170895,-279.634192,-76.374196,-25.443977
1048576,1048640,2097280,0.106,222311,32,80,13108,39,127,204.894478,0.322086170895,-281.740235,-76.845757,-25.443977
1048576,1048640,2097280,0.106,222311,32,80,13108,39,128,206.528959,0.322086170895,-283.843696,-77.314736,-25.443977
1048576,1048640,2097280,0.106,222311,32,80,13108,39,129,208.163441,0.322086170895,-285.944776,-77.781335,-25.443977
1048576,1048640,2097280,0.106,222311,32,80,13108,39,130,209.797922,0.322086170895,-288.043665,-78.245743,-25.443977
1048576,1048640,2097280,0.106,222311,32,80,13108,39,131,211.432403,0.322086170895,-290.140548,-78.708145,-25.443977
1048576,1048640,2097280,0.106,222311,32,80,13108,39,132,213.066885,0.322086170895,-292.235603,-79.168718,-25.443977
1048576,1048640,2097280,0.106,222311,32,80,13108,39,133,214.701366,0.322086170895,-294.328991,-79.627625,-25.443977
1048576,1048640,2097280,0.106,222311,32,80,13108,39,134,216.335848,0.322086170895,-296.420869,-80.085022,-25.443977
1048576,1048640,2097280,0.106,222311,32,80,13108,39,135,217.970329,0.322086170895,-298.511384,-80.541055,-25.443977
1048576,1048640,2097280,0.106,222311,32,80,13108,39,136,219.604810,0.322086170895,-300.600669,-80.995858,-25.443977
1048576,1048640,2097280,0.106,222311,32,80,13108,39,137,221.239292,0.322086170895,-302.688848,-81.449557,-25.443977
1048576,1048640,2097280,0.106,222311,32,80,13108,39,138,222.873773,0.322086170895,-304.776039,-81.902266,-25.443977
1048576,1048640,2097280,0.106,222311,32,80,13108,39,139,224.508254,0.322086170895,-306.862344,-82.354090,-25.443977
1048576,1048640,2097280,0.106,222311,32,80,13108,39,140,226.142736,0.322086170895,-308.947862,-82.805126,-25.443977
1048576,1048640,2097280,0.106,222311,32,80,13108,39,141,227.777217,0.322086170895,-311.032682,-83.255464,-25.443977
1048576,1048640,2097280,0.106,222311,32,80,13108,39,142,229.411699,0.322086170895,-313.116882,-83.705183,-25.443977
1048576,1048640,2097280,0.106,222311,32,80,13108,39,143,231.046180,0.322086170895,-315.200536,-84.154356,-25.443977
1048576,1048640,2097280,0.106,222311,32,80,13108,39,144,232.680661,0.322086170895,-317.283711,-84.603050,-25.443977
1048576,1048640,2097280,0.106,222311,32,80,13108,39,145,234.290275,0.356995209458,-319.366466,-85.076191,-25.443977
1048576,1048640,2097280,0.106,222311,32,80,13108,39,146,235.776299,0.356995209458,-321.448856,-85.672557,-25.443977
1048576,1048640,2097280,0.106,222311,32,80,13108,39,147,237.262322,0.356995209458,-323.530929,-86.268607,-25.443977
1048576,1048640,2097280,0.106,222311,32,80,13108,39,148,238.748346,0.356995209458,-325.612729,-86.864384,-25.443977
1048576,1048640,2097280,0.106,222311,32,80,13108,39,149,240.234369,0.356995209458,-327.694296,-87.459927,-25.443977
1048576,1048640,2097280,0.106,222311,32,80,13108,39,150,241.720392,0.356995209458,-329.775665,-88.055273,-25.443977
1048576,1048640,2097280,0.106,222311,32,80,13108,39,151,243.206416,0.356995209458,-331.856868,-88.650452,-25.443977
1048576,1048640,2097280,0.106,222311,32,80,13108,39,152,244.692439,0.356995209458,-333.937933,-89.245494,-25.443977
1048576,1048640,2097280,0.106,222311,32,80,13108,39,153,246.178462,0.356995209458,-336.018886,-89.840424,-25.443977
1048576,1048640,2097280,0.106,222311,32,80,13108,39,154,247.664486,0.356995209458,-338.099750,-90.435264,-25.443977
1048576,1048640,2097280,0.106,222311,32,80,13108,39,155,249.150509,0.356995209458,-340.180545,-91.030036,-25.443977
1048576,1048640,2097280,0.106,222311,32,80,13108,39,156,250.636533,0.356995209458,-342.261288,-91.624756,-25.443977
1048576,1048640,2097280,0.106,222311,32,80,13108,39,157,252.122556,0.356995209458,-344.341998,-92.219442,-25.443977
1048576,1048640,2097280,0.106,222311,32,80,13108,39,158,253.608579,0.356995209458,-346.422686,-92.814107,-25.443977
1048576,1048640,2097280,0.106,222311,32,80,13108,39,159,255.094603,0.356995209458,-348.503367,-93.408764,-25.443977
1048576,1048640,2097280,0.106,222311,32,80,13108,39,160,256.580626,0.356995209458,-350.584052,-94.003426,-25.443977
1048576,1048640,2097280,0.106,222311,32,80,13108,40,1,-inf,,-2.237846,-inf,-inf
1048576,1048640,2097280,0.106,222311,32,80,13108,40,2,-inf,,-4.475692,-inf,-inf
1048576,1048640,2097280,0.106,222311,32,80,13108,40,3,-inf,,-6.713537,-inf,-inf
1048576,1048640,2097280,0.106,222311,32,80,13108,40,4,-inf,,-8.951381,-inf,-inf
1048576,1048640,2097280,0.106,222311,32,80,13108,40,5,-inf,,-11.189224,-inf,-inf
1048576,1048640,2097280,0.106,222311,32,80,13108,40,6,-inf,,-13.427067,-inf,-inf
1048576,1048640,2097280,0.106,222311,32,80,13108,40,7,-inf,,-15.664909,-inf,-inf
1048576,1048640,2097280,0.106,222311,32,80,13108,40,8,-inf,,-17.902750,-inf,-inf
1048576,1048640,2097280,0.106,222311,32,80,13108,40,9,-inf,,-20.140591,-inf,-inf
1048576,1048640,2097280,0.106,222311,32,80,13108,40,10,-inf,,-22.378431,-inf,-inf
1048576,1048640,2097280,0.106,222311,32,80,13108,40,11,-inf,,-24.616270,-inf,-inf
1048576,1048640,2097280,0.106,222311,32,80,13108,40,12,-inf,,-26.854108,-inf,-inf
1048576,1048640,2097280,0.106,222311,32,80,13108,40,13,-inf,,-29.091945,-inf,-inf
1048576,1048640,2097280,0.106,222311,32,80,13108,40,14,-inf,,-31.329782,-inf,-inf
1048576,1048640,2097280,0.106,222311,32,80,13108,40,15,-inf,,-33.567618,-inf,-inf
1048576,1048640,2097280,0.106,222311,32,80,13108,40,16,-inf,,-35.805453,-inf,-inf
1048576,1048640,2097280,0.106,222311,32,80,13108,40,17,-inf,,-38.043288,-inf,-inf
1048576,1048640,2097280,0.106,222311,32,80,13108,40,18,-inf,,-40.281121,-inf,-inf
1048576,1048640,2097280,0.106,222311,32,80,13108,40,19,-inf,,-42.518954,-inf,-inf
1048576,1048640,2097280,0.106,222311,32,80,13108,40,20,-inf,,-44.756786,-inf,-inf
1048576,1048640,2097280,0.106,222311,32,80,13108,40,21,-inf,,-46.994617,-inf,-inf
1048576,1048640,2097280,0.106,222311,32,80,13108,40,22,-inf,,-49.232447,-inf,-inf
1048576,1048640,2097280,0.106,222311,32,80,13108,40,23,-inf,,-51.470276,-inf,-inf
1048576,1048640,2097280,0.106,222311,32,80,13108,40,24,-inf,,-53.708104,-inf,-inf
1048576,1048640,2097280,0.106,222311,32,80,13108,40,25,-inf,,-55.945932,-inf,-inf
1048576,1048640,2097280,0.106,222311,32,80,13108,40,26,-inf,,-58.183758,-inf,-inf
1048576,1048640,2097280,0.106,222311,32,80,13108,40,27,-inf,,-60.421583,-inf,-inf
1048576,1048640,2097280,0.106,222311,32,80,13108,40,28,-inf,,-62.659406,-inf,-inf
1048576,1048640,2097280,0.106,222311,32,80,13108,40,29,-inf,,-64.897229,-inf,-inf
1048576,1048640,2097280,0.106,222311,32,80,13108,40,30,-inf,,-67.135050,-inf,-inf
1048576,1048640,2097280,0.106,222311,32,80,13108,40,31,-inf,,-69.372869,-inf,-inf
1048576,1048640,2097280,0.106,222311,32,80,13108,40,32,-inf,,-71.610687,-inf,-inf
1048576,1048640,2097280,0.106,222311,32,80,13108,40,33,-inf,,-73.848504,-inf,-inf
1048576,1048640,2097280,0.106,222311,32,80,13108,40,34,-inf,,-76.086318,-inf,-inf
1048576,1048640,2097280,0.106,222311,32,80,13108,40,35,-inf,,-78.324131,-inf,-inf
1048576,1048640,2097280,0.106,222311,32,80,13108,40,36,-inf,,-80.561941,-inf,-inf
1048576,1048640,2097280,0.106,222311,32,80,13108,40,37,-inf,,-82.799749,-inf,-inf
1048576,1048640,2097280,0.106,222311,32,80,13108,40,38,-inf,,-85.037554,-inf,-inf
1048576,1048640,2097280,0.106,222311,32,80,13108,40,39,-inf,,-87.275356,-inf,-inf
1048576,1048640,2097280,0.106,222311,32,80,13108,40,40,60.749014,0.192539805332,-89.513155,-28.764141,-28.764141
1048576,1048640,2097280,0.106,222311,32,80,13108,40,41,63.125786,0.192539805332,-91.750951,-28.625165,-27.692980
1048576,1048640,2097280,0.106,222311,32,80,13108,40,42,65.391476,0.262175109676,-93.988742,-28.597266,-27.075402
1048576,1048640,2097280,0.106,222311,32,80,13108,40,43,67.243809,0.290590738289,-96.226529,-28.982720,-26.734455
1048576,1048640,2097280,0.106,222311,32,80,13108,40,44,69.002556,0.322086170895,-98.464311,-29.461755,-26.531557
1048576,1048640,2097280,0.106,222311,32,80,13108,40,45,70.637037,0.322086170895,-100.702087,-30.065050,-26.412055
1048576,1048640,2097280,0.106,222311,32,80,13108,40,46,72.271518,0.322086170895,-102.939857,-30.668339,-26.338471
1048576,1048640,2097280,0.106,222311,32,80,13108,40,47,73.906000,0.322086170895,-105.177620,-31.271621,-26.292005
1048576,1048640,2097280,0.106,222311,32,80,13108,40,48,75.540481,0.322086170895,-107.415376,-31.874895,-26.262215
1048576,1048640,2097280,0.106,222311,32,80,13108,40,49,77.174962,0.322086170895,-109.653122,-32.478160,-26.242936
1048576,1048640,2097280,0.106,222311,32,80,13108,40,50,78.809444,0.322086170895,-111.890859,-33.081415,-26.230385
1048576,1048640,2097280,0.106,222311,32,80,13108,40,51,80.443925,0.322086170895,-114.128584,-33.684659,-26.222181
1048576,1048640,2097280,0.106,222311,32,80,13108,40,52,82.078407,0.322086170895,-116.366297,-34.287890,-26.216807
1048576,1048640,2097280,0.106,222311,32,80,13108,40,53,83.712888,0.322086170895,-118.603995,-34.891107,-26.213280
1048576,1048640,2097280,0.106,222311,32,80,13108,40,54,85.347369,0.322086170895,-120.841678,-35.494309,-26.210963
1048576,1048640,2097280,0.106,222311,32,80,13108,40,55,86.981851,0.322086170895,-123.079343,-36.097492,-26.209439
1048576,1048640,2097280,0.106,222311,32,80,13108,40,56,88.616332,0.322086170895,-125.316987,-36.700655,-26.208437
1048576,1048640,2097280,0.106,222311,32,80,13108,40,57,90.250813,0.322086170895,-127.554609,-37.303795,-26.207778
1048576,1048640,2097280,0.106,222311,32,80,13108,40,58,91.885295,0.322086170895,-129.792205,-37.906910,-26.207344
1048576,1048640,2097280,0.106,222311,32,80,13108,40,59,93.519776,0.322086170895,-132.029772,-38.509996,-26.207059
1048576,1048640,2097280,0.106,222311,32,80,13108,40,60,95.154258,0.322086170895,-134.267306,-39.113049,-26.206871
1048576,1048640,2097280,0.106,222311,32,80,13108,40,61,96.788739,0.322086170895,-136.504804,-39.716065,-26.206747
1048576,1048640,2097280,0.106,222311,32,80,13108,40,62,98.423220,0.322086170895,-138.742260,-40.319040,-26.206665
1048576,1048640,2097280,0.106,222311,32,80,13108,40,63,100.057702,0.322086170895,-140.979669,-40.921968,-26.206612
1048576,1048640,2097280,0.106,222311,32,80,13108,40,64,101.692183,0.322086170895,-143.217026,-41.524843,-26.206577
1048576,1048640,2097280,0.106,222311,32,80,13108,40,65,103.326664,0.322086170895,-145.454324,-42.127659,-26.206553
1048576,1048640,2097280,0.106,222311,32,80,13108,40,66,104.961146,0.322086170895,-147.691555,-42.730409,-26.206538
1048576,1048640,2097280,0.106,222311,32,80,13108,40,67,106.595627,0.322086170895,-149.928710,-43.333083,-26.206528
1048576,1048640,2097280,0.106,222311,32,80,13108,40,68,108.230109,0.322086170895,-152.165781,-43.935673,-26.206521
1048576,1048640,2097280,0.106,222311,32,80,13108,40,69,109.864590,0.322086170895,-154.402757,-44.538167,-26.206517
1048576,1048640,2097280,0.106,222311,32,80,13108,40,70,111.499071,0.322086170895,-156.639626,-45.140554,-26.206514
1048576,1048640,2097280,0.106,222311,32,80,13108,40,71,113.133553,0.322086170895,-158.876374,-45.742821,-26.206512
1048576,1048640,2097280,0.106,222311,32,80,13108,40,72,114.768034,0.322086170895,-161.112986,-46.344952,-26.206511
1048576,1048640,2097280,0.106,222311,32,80,13108,40,73,116.402515,0.322086170895,-163.349447,-46.946931,-26.206510
1048576,1048640,2097280,0.106,222311,32,80,13108,40,74,118.036997,0.322086170895,-165.585736,-47.548739,-26.206509
1048576,1048640,2097280,0.106,222311,32,80,13108,40,75,119.671478,0.322086170895,-167.821833,-48.150355,-26.206509
1048576,1048640,2097280,0.106,222311,32,80,13108,40,76,121.305960,0.322086170895,-170.057715,-48.751756,-26.206509
1048576,1048640,2097280,0.106,222311,32,80,13108,40,77,122.940441,0.322086170895,-172.293355,-49.352914,-26.206509
1048576,1048640,2097280,0.106,222311,32,80,13108,40,78,124.574922,0.322086170895,-174.528724,-49.953801,-26.206509
1048576,1048640,2097280,0.106,222311,32,80,13108,40,79,126.209404,0.322086170895,-176.763788,-50.554384,-26.206509
1048576,1048640,2097280,0.106,222311,32,80,13108,40,80,127.843885,0.322086170895,-178.998512,-51.154627,-26.206509
1048576,1048640,2097280,0.106,222311,32,80,13108,40,81,129.478366,0.322086170895,-181.232855,-51.754489,-26.206508
1048576,1048640,2097280,0.106,222311,32,80,13108,40,82,131.112848,0.322086170895,-183.466772,-52.353924,-26.206508
1048576,1048640,2097280,0.106,222311,32,80,13108,40,83,132.747329,0.322086170895,-185.700212,-52.952883,-26.206508
1048576,1048640,2097280,0.106,222311,32,80,13108,40,84,134.381811,0.322086170895,-187.933121,-53.551311,-26.206508
1048576,1048640,2097280,0.106,222311,32,80,13108,40,85,136.016292,0.322086170895,-190.165436,-54.149144,-26.206508
1048576,1048640,2097280,0.106,222311,32,80,13108,40,86,137.650773,0.322086170895,-192.397090,-54.746316,-26.206508
1048576,1048640,2097280,0.106,222311,32,80,13108,40,87,139.285255,0.322086170895,-194.628006,-55.342751,-26.206508
1048576,1048640,2097280,0.106,222311,32,80,13108,40,88,140.919736,0.322086170895,-196.858104,-55.938368,-26.206508
1048576,1048640,2097280,0.106,222311,32,80,13108,40,89,142.554218,0.322086170895,-199.087293,-56.533075,-26.206508
1048576,1048640,2097280,0.106,222311,32,80,13108,40,90,144.188699,0.322086170895,-201.315473,-57.126774,-26.206508
1048576,1048640,2097280,0.106,222311,32,80,13108,40,91,145.823180,0.322086170895,-203.542536,-57.719355,-26.206508
1048576,1048640,2097280,0.106,222311,32,80,13108,40,92,147.457662,0.322086170895,-205.768365,-58.310703,-26.206508
1048576,1048640,2097280,0.106,222311,32,80,13108,40,93,149.092143,0.322086170895,-207.992832,-58.900689,-26.206508
1048576,1048640,2097280,0.106,222311,32,80,13108,40,94,150.726624,0.322086170895,-210.215800,-59.489176,-26.206508
1048576,1048640,2097280,0.106,222311,32,80,13108,40,95,152.361106,0.322086170895,-212.437121,-60.076015,-26.206508
1048576,1048640,2097280,0.106,222311,32,80,13108,40,96,153.995587,0.322086170895,-214.656639,-60.661051,-26.206508
1048576,1048640,2097280,0.106,222311,32,80,13108,40,97,155.630069,0.322086170895,-216.874183,-61.244114,-26.206508
1048576,1048640,2097280,0.106,222311,32,80,13108,40,98,157.264550,0.322086170895,-219.089579,-61.825029,-26.206508
1048576,1048640,2097280,0.106,222311,32,80,13108,40,99,158.899031,0.322086170895,-221.302639,-62.403608,-26.206508
1048576,1048640,2097280,0.106,222311,32,80,13108,40,100,160.533513,0.322086170895,-223.513174,-62.979661,-26.206508
1048576,1048640,2097280,0.106,222311,32,80,13108,40,101,162.167994,0.322086170895,-225.720982,-63.552988,-26.206508
1048576,1048640,2097280,0.106,222311,32,80,13108,40,102,163.802475,0.322086170895,-227.925862,-64.123387,-26.206508
1048576,1048640,2097280,0.106,222311,32,80,13108,40,103,165.436957,0.322086170895,-230.127608,-64.690652,-26.206508
1048576,1048640,2097280,0.106,222311,32,80,13108,40,104,167.071438,0.322086170895,-232.326017,-65.254579,-26.206508
1048576,1048640,2097280,0.106,222311,32,80,13108,40,105,168.705920,0.322086170895,-234.520892,-65.814972,-26.206508
1048576,1048640,2097280,0.106,222311,32,80,13108,40,106,170.340401,0.322086170895,-236.712034,-66.371633,-26.206508
1048576,1048640,2097280,0.106,222311,32,80,13108,40,107,171.974882,0.322086170895,-238.899265,-66.924382,-26.206508
1048576,1048640,2097280,0.106,222311,32,80,13108,40,108,173.609364,0.322086170895,-241.082416,-67.473053,-26.206508
1048576,1048640,2097280,0.106,222311,32,80,13108,40,109,175.243845,0.322086170895,-243.261334,-68.017489,-26.206508
1048576,1048640,2097280,0.106,222311,32,80,13108,40,110,176.878326,0.322086170895,-245.435890,-68.557563,-26.206508
1048576,1048640,2097280,0.106,222311,32,80,13108,40,111,178.512808,0.322086170895,-247.605979,-69.093171,-26.206508
1048576,1048640,2097280,0.106,222311,32,80,13108,40,112,180.147289,0.322086170895,-249.771519,-69.624230,-26.206508
1048576,1048640,2097280,0.106,222311,32,80,13108,40,113,181.781771,0.322086170895,-251.932459,-70.150688,-26.206508
1048576,1048640,2097280,0.106,222311,32,80,13108,40,114,183.416252,0.322086170895,-254.088781,-70.672529,-26.206508
1048576,1048640,2097280,0.106,222311,32,80,13108,40,115,185.050733,0.322086170895,-256.240489,-71.189756,-26.206508
1048576,1048640,2097280,0.106,222311,32,80,13108,40,116,186.685215,0.322086170895,-258.387626,-71.702411,-26.206508
1048576,1048640,2097280,0.106,222311,32,80,13108,40,117,188.319696,0.322086170895,-260.530262,-72.210566,-26.206508
1048576,1048640,2097280,0.106,222311,32,80,13108,40,118,189.954177,0.322086170895,-262.668490,-72.714313,-26.206508
1048576,1048640,2097280,0.106,222311,32,80,13108,40,119,191.588659,0.322086170895,-264.802434,-73.213776,-26.206508
1048576,1048640,2097280,0.106,222311,32,80,13108,40,120,193.223140,0.322086170895,-266.932240,-73.709100,-26.206508
1048576,1048640,2097280,0.106,222311,32,80,13108,40,121,194.857622,0.322086170895,-269.058068,-74.200446,-26.206508
1048576,1048640,2097280,0.106,222311,32,80,13108,40,122,196.492103,0.322086170895,-271.180098,-74.687995,-26.206508
1048576,1048640,2097280,0.106,222311,32,80,13108,40,123,198.126584,0.322086170895,-273.298525,-75.171940,-26.206508
1048576,1048640,2097280,0.106,222311,32,80,13108,40,124,199.761066,0.322086170895,-275.413544,-75.652479,-26.206508
1048576,1048640,2097280,0.106,222311,32,80,13108,40,125,201.395547,0.322086170895,-277.525364,-76.129817,-26.206508
1048576,1048640,2097280,0.106,222311,32,80,13108,40,126,203.030028,0.322086170895,-279.634192,-76.604164,-26.206508
1048576,1048640,2097280,0.106,222311,32,80,13108,40,127,204.664510,0.322086170895,-281.740235,-77.075725,-26.206508
1048576,1048640,2097280,0.106,222311,32,80,13108,40,128,206.298991,0.322086170895,-283.843696,-77.544704,-26.206508
1048576,1048640,2097280,0.106,222311,32,80,13108,40,129,207.933473,0.322086170895,-285.944776,-78.011303,-26.206508
1048576,1048640,2097280,0.106,222311,32,80,13108,40,130,209.567954,0.322086170895,-288.043665,-78.475711,-26.206508
1048576,1048640,2097280,0.106,222311,32,80,13108,40,131,211.202435,0.322086170895,-290.140548,-78.938113,-26.206508
1048576,1048640,2097280,0.106,222311,32,80,13108,40,132,212.836917,0.322086170895,-292.235603,-79.398686,-26.206508
1048576,1048640,2097280,0.106,222311,32,80,13108,40,133,214.471398,0.322086170895,-294.328991,-79.857593,-26.206508
1048576,1048640,2097280,0.106,222311,32,80,13108,40,134,216.105879,0.322086170895,-296.420869,-80.314990,-26.206508
1048576,1048640,2097280,0.106,222311,32,80,13108,40,135,217.740361,0.322086170895,-298.511384,-80.771023,-26.206508
1048576,1048640,2097280,0.106,222311,32,80,13108,40,136,219.318626,0.356995209458,-300.600669,-81.282043,-26.206508
1048576,1048640,2097280,0.106,222311,32,80,13108,40,137,220.804649,0.356995209458,-302.688848,-81.884199,-26.206508
1048576,1048640,2097280,0.106,222311,32,80,13108,40,138,222.290673,0.356995209458,-304.776039,-82.485366,-26.206508
1048576,1048640,2097280,0.106,222311,32,80,13108,40,139,223.776696,0.356995209458,-306.862344,-83.085648,-26.206508
1048576,1048640,2097280,0.106,222311,32,80,13108,40,140,225.262719,0.356995209458,-308.947862,-83.685143,-26.206508
1048576,1048640,2097280,0.106,222311,32,80,13108,40,141,226.748743,0.356995209458,-311.032682,-84.283939,-26.206508
1048576,1048640,2097280,0.106,222311,32,80,13108,40,142,228.234766,0.356995209458,-313.116882,-84.882116,-26.206508
1048576,1048640,2097280,0.106,222311,32,80,13108,40,143,229.720789,0.356995209458,-315.200536,-85.479746,-26.206508
1048576,1048640,2097280,0.106,222311,32,80,13108,40,144,231.206813,0.356995209458,-317.283711,-86.076898,-26.206508
1048576,1048640,2097280,0.106,222311,32,80,13108,40,145,232.692836,0.356995209458,-319.366466,-86.673630,-26.206508
1048576,1048640,2097280,0.106,222311,32,80,13108,40,146,234.178860,0.356995209458,-321.448856,-87.269996,-26.206508
1048576,1048640,2097280,0.106,222311,32,80,13108,40,147,235.664883,0.356995209458,-323.530929,-87.866046,-26.206508
1048576,1048640,2097280,0.106,222311,32,80,13108,40,148,237.150906,0.356995209458,-325.612729,-88.461823,-26.206508
1048576,1048640,2097280,0.106,222311,32,80,13108,40,149,238.636930,0.356995209458,-327.694296,-89.057366,-26.206508
1048576,1048640,2097280,0.106,222311,32,80,13108,40,150,240.122953,0.356995209458,-329.775665,-89.652712,-26.206508
1048576,1048640,2097280,0.106,222311,32,80,13108,40,151,241.608977,0.356995209458,-331.856868,-90.247891,-26.206508
1048576,1048640,2097280,0.106,222311,32,80,13108,40,152,243.095000,0.356995209458,-333.937933,-90.842933,-26.206508
1048576,1048640,2097280,0.106,222311,32,80,13108,40,153,244.581023,0.356995209458,-336.018886,-91.437863,-26.206508
1048576,1048640,2097280,0.106,222311,32,80,13108,40,154,246.067047,0.356995209458,-338.099750,-92.032703,-26.206508
1048576,1048640,2097280,0.106,222311,32,80,13108,40,155,247.553070,0.356995209458,-340.180545,-92.627475,-26.206508
1048576,1048640,2097280,0.106,222311,32,80,13108,40,156,249.039093,0.356995209458,-342.261288,-93.222195,-26.206508
1048576,1048640,2097280,0.106,222311,32,80,13108,40,157,250.525117,0.356995209458,-344.341998,-93.816881,-26.206508
1048576,1048640,2097280,0.106,222311,32,80,13108,40,158,252.011140,0.356995209458,-346.422686,-94.411546,-26.206508
1048576,1048640,2097280,0.106,222311,32,80,13108,40,159,253.497164,0.356995209458,-348.503367,-95.006204,-26.206508
1048576,1048640,2097280,0.106,222311,32,80,13108,40,160,254.983187,0.356995209458,-350.584052,-95.600865,-26.206508
