k,k_eff,N,delta,d,sigma,block_bits,blocks,d0,h,outer_log2,outer_z,inner_log2,term_log2,cum_log2
1048576,1048640,2097280,0.106,222311,32,80,13108,41,1,-inf,,-2.237846,-inf,-inf
1048576,1048640,2097280,0.106,222311,32,80,13108,41,2,-inf,,-4.475692,-inf,-inf
1048576,1048640,2097280,0.106,222311,32,80,13108,41,3,-inf,,-6.713537,-inf,-inf
1048576,1048640,2097280,0.106,222311,32,80,13108,41,4,-inf,,-8.951381,-inf,-inf
1048576,1048640,2097280,0.106,222311,32,80,13108,41,5,-inf,,-11.189224,-inf,-inf
1048576,1048640,2097280,0.106,222311,32,80,13108,41,6,-inf,,-13.427067,-inf,-inf
1048576,1048640,2097280,0.106,222311,32,80,13108,41,7,-inf,,-15.664909,-inf,-inf
1048576,1048640,2097280,0.106,222311,32,80,13108,41,8,-inf,,-17.902750,-inf,-inf
1048576,1048640,2097280,0.106,222311,32,80,13108,41,9,-inf,,-20.140591,-inf,-inf
1048576,1048640,2097280,0.106,222311,32,80,13108,41,10,-inf,,-22.378431,-inf,-inf
1048576,1048640,2097280,0.106,222311,32,80,13108,41,11,-inf,,-24.616270,-inf,-inf
1048576,1048640,2097280,0.106,222311,32,80,13108,41,12,-inf,,-26.854108,-inf,-inf
1048576,1048640,2097280,0.106,222311,32,80,13108,41,13,-inf,,-29.091945,-inf,-inf
1048576,1048640,2097280,0.106,222311,32,80,13108,41,14,-inf,,-31.329782,-inf,-inf
1048576,1048640,2097280,0.106,222311,32,80,13108,41,15,-inf,,-33.567618,-inf,-inf
1048576,1048640,2097280,0.106,222311,32,80,13108,41,16,-inf,,-35.805453,-inf,-inf
1048576,1048640,2097280,0.106,222311,32,80,13108,41,17,-inf,,-38.043288,-inf,-inf
1048576,1048640,2097280,0.106,222311,32,80,13108,41,18,-inf,,-40.281121,-inf,-inf
1048576,1048640,2097280,0.106,222311,32,80,13108,41,19,-inf,,-42.518954,-inf,-inf
1048576,1048640,2097280,0.106,222311,32,80,13108,41,20,-inf,,-44.756786,-inf,-inf
1048576,1048640,2097280,0.106,222311,32,80,13108,41,21,-inf,,-46.994617,-inf,-inf
1048576,1048640,2097280,0.106,222311,32,80,13108,41,22,-inf,,-49.232447,-inf,-inf
1048576,1048640,2097280,0.106,222311,32,80,13108,41,23,-inf,,-51.470276,-inf,-inf
1048576,1048640,2097280,0.106,222311,32,80,13108,41,24,-inf,,-53.708104,-inf,-inf
1048576,1048640,2097280,0.106,222311,32,80,13108,41,25,-inf,,-55.945932,-inf,-inf
1048576,1048640,2097280,0.106,222311,32,80,13108,41,26,-inf,,-58.183758,-inf,-inf
1048576,1048640,2097280,0.106,222311,32,80,13108,41,27,-inf,,-60.421583,-inf,-inf
1048576,1048640,2097280,0.106,222311,32,80,13108,41,28,-inf,,-62.659406,-inf,-inf
1048576,1048640,2097280,0.106,222311,32,80,13108,41,29,-inf,,-64.897229,-inf,-inf
1048576,1048640,2097280,0.106,222311,32,80,13108,41,30,-inf,,-67.135050,-inf,-inf
1048576,1048640,2097280,0.106,222311,32,80,13108,41,31,-inf,,-69.372869,-inf,-inf
1048576,1048640,2097280,0.106,222311,32,80,13108,41,32,-inf,,-71.610687,-inf,-inf
1048576,1048640,2097280,0.106,222311,32,80,13108,41,33,-inf,,-73.848504,-inf,-inf
1048576,1048640,2097280,0.106,222311,32,80,13108,41,34,-inf,,-76.086318,-inf,-inf
1048576,1048640,2097280,0.106,222311,32,80,13108,41,35,-inf,,-78.324131,-inf,-inf
1048576,1048640,2097280,0.106,222311,32,80,13108,41,36,-inf,,-80.561941,-inf,-inf
1048576,1048640,2097280,0.106,222311,32,80,13108,41,37,-inf,,-82.799749,-inf,-inf
1048576,1048640,2097280,0.106,222311,32,80,13108,41,38,-inf,,-85.037554,-inf,-inf
1048576,1048640,2097280,0.106,222311,32,80,13108,41,39,-inf,,-87.275356,-inf,-inf
1048576,1048640,2097280,0.106,222311,32,80,13108,41,40,-inf,,-89.513155,-inf,-inf
1048576,1048640,2097280,0.106,222311,32,80,13108,41,41,62.125786,0.192539805332,-91.750951,-29.625165,-29.625165
1048576,1048640,2097280,0.106,222311,32,80,13108,41,42,64.502557,0.192539805332,-93.988742,-29.486185,-28.554002
1048576,1048640,2097280,0.106,222311,32,80,13108,41,43,66.845799,0.262175109676,-96.226529,-29.380730,-27.908940
1048576,1048640,2097280,0.106,222311,32,80,13108,41,44,68.670678,0.290590738289,-98.464311,-29.793633,-27.563201
1048576,1048640,2097280,0.106,222311,32,80,13108,41,45,70.376759,0.322086170895,-100.702087,-30.325328,-27.364825
1048576,1048640,2097280,0.106,222311,32,80,13108,41,46,72.011240,0.322086170895,-102.939857,-30.928617,-27.247708
1048576,1048640,2097280,0.106,222311,32,80,13108,41,47,73.645722,0.322086170895,-105.177620,-31.531899,-27.175499
1048576,1048640,2097280,0.106,222311,32,80,13108,41,48,75.280203,0.322086170895,-107.415376,-32.135173,-27.129866
1048576,1048640,2097280,0.106,222311,32,80,13108,41,49,76.914684,0.322086170895,-109.653122,-32.738438,-27.100597
1048576,1048640,2097280,0.106,222311,32,80,13108,41,50,78.549166,0.322086170895,-111.890859,-33.341693,-27.081649
1048576,1048640,2097280,0.106,222311,32,80,13108,41,51,80.183647,0.322086170895,-114.128584,-33.944937,-27.069310
1048576,1048640,2097280,0.106,222311,32,80,13108,41,52,81.818129,0.322086170895,-116.366297,-34.548168,-27.061245
1048576,1048640,2097280,0.106,222311,32,80,13108,41,53,83.452610,0.322086170895,-118.603995,-35.151385,-27.055961
1048576,1048640,2097280,0.106,222311,32,80,13108,41,54,85.087091,0.322086170895,-120.841678,-35.754587,-27.052493
1048576,1048640,2097280,0.106,222311,32,80,13108,41,55,86.721573,0.322086170895,-123.079343,-36.357770,-27.050214
1048576,1048640,2097280,0.106,222311,32,80,13108,41,56,88.356054,0.322086170895,-125.316987,-36.960933,-27.048716
1048576,1048640,2097280,0.106,222311,32,80,13108,41,57,89.990535,0.322086170895,-127.554609,-37.564073,-27.047731
1048576,1048640,2097280,0.106,222311,32,80,13108,41,58,91.625017,0.322086170895,-129.792205,-38.167188,-27.047083
1048576,1048640,2097280,0.106,222311,32,80,13108,41,59,93.259498,0.322086170895,-132.029772,-38.770274,-27.046656
1048576,1048640,2097280,0.106,222311,32,80,13108,41,60,94.893980,0.322086170895,-134.267306,-39.373327,-27.046375
1048576,1048640,2097280,0.106,222311,32,80,13108,41,61,96.528461,0.322086170895,-136.504804,-39.976343,-27.046190
1048576,1048640,2097280,0.106,222311,32,80,13108,41,62,98.162942,0.322086170895,-138.742260,-40.579318,-27.046068
1048576,1048640,2097280,0.106,222311,32,80,13108,41,63,99.797424,0.322086170895,-140.979669,-41.182246,-27.045988
1048576,1048640,2097280,0.106,222311,32,80,13108,41,64,101.431905,0.322086170895,-143.217026,-41.785121,-27.045936
1048576,1048640,2097280,0.106,222311,32,80,13108,41,65,103.066386,0.322086170895,-145.454324,-42.387937,-27.045901
1048576,1048640,2097280,0.106,222311,32,80,13108,41,66,104.700868,0.322086170895,-147.691555,-42.990687,-27.045878
1048576,1048640,2097280,0.106,222311,32,80,13108,41,67,106.335349,0.322086170895,-149.928710,-43.593361,-27.045863
1048576,1048640,2097280,0.106,222311,32,80,13108,41,68,107.969831,0.322086170895,-152.165781,-44.195951,-27.045853
1048576,1048640,2097280,0.106,222311,32,80,13108,41,69,109.604312,0.322086170895,-154.402757,-44.798445,-27.045846
1048576,1048640,2097280,0.106,222311,32,80,13108,41,70,111.238793,0.322086170895,-156.639626,-45.400832,-27.045842
1048576,1048640,2097280,0.106,222311,32,80,13108,41,71,112.873275,0.322086170895,-158.876374,-46.003099,-27.045839
1048576,1048640,2097280,0.106,222311,32,80,13108,41,72,114.507756,0.322086170895,-161.112986,-46.605230,-27.045837
1048576,1048640,2097280,0.106,222311,32,80,13108,41,73,116.142237,0.322086170895,-163.349447,-47.207209,-27.045836
1048576,1048640,2097280,0.106,222311,32,80,13108,41,74,117.776719,0.322086170895,-165.585736,-47.809017,-27.045835
1048576,1048640,2097280,0.106,222311,32,80,13108,41,75,119.411200,0.322086170895,-167.821833,-48.410633,-27.045835
1048576,1048640,2097280,0.106,222311,32,80,13108,41,76,121.045682,0.322086170895,-170.057715,-49.012034,-27.045835
1048576,1048640,2097280,0.106,222311,32,80,13108,41,77,122.680163,0.322086170895,-172.293355,-49.613192,-27.045834
1048576,1048640,2097280,0.106,222311,32,80,13108,41,78,124.314644,0.322086170895,-174.528724,-50.214079,-27.045834
1048576,1048640,2097280,0.106,222311,32,80,13108,41,79,125.949126,0.322086170895,-176.763788,-50.814662,-27.045834
1048576,1048640,2097280,0.106,222311,32,80,13108,41,80,127.583607,0.322086170895,-178.998512,-51.414905,-27.045834
1048576,1048640,2097280,0.106,222311,32,80,13108,41,81,129.218088,0.322086170895,-181.232855,-52.014767,-27.045834
1048576,1048640,2097280,0.106,222311,32,80,13108,41,82,130.852570,0.322086170895,-183.466772,-52.614202,-27.045834
1048576,1048640,2097280,0.106,222311,32,80,13108,41,83,132.487051,0.322086170895,-185.700212,-53.213161,-27.045834
1048576,1048640,2097280,0.106,222311,32,80,13108,41,84,134.121533,0.322086170895,-187.933121,-53.811589,-27.045834
1048576,1048640,2097280,0.106,222311,32,80,13108,41,85,135.756014,0.322086170895,-190.165436,-54.409422,-27.045834
1048576,1048640,2097280,0.106,222311,32,80,13108,41,86,137.390495,0.322086170895,-192.397090,-55.006594,-27.045834
1048576,1048640,2097280,0.106,222311,32,80,13108,41,87,139.024977,0.322086170895,-194.628006,-55.603029,-27.045834
1048576,1048640,2097280,0.106,222311,32,80,13108,41,88,140.659458,0.322086170895,-196.858104,-56.198646,-27.045834
1048576,1048640,2097280,0.106,222311,32,80,13108,41,89,142.293940,0.322086170895,-199.087293,-56.793353,-27.045834
1048576,1048640,2097280,0.106,222311,32,80,13108,41,90,143.928421,0.322086170895,-201.315473,-57.387052,-27.045834
1048576,1048640,2097280,0.106,222311,32,80,13108,41,91,145.562902,0.322086170895,-203.542536,-57.979633,-27.045834
1048576,1048640,2097280,0.106,222311,32,80,13108,41,92,147.197384,0.322086170895,-205.768365,-58.570981,-27.045834
1048576,1048640,2097280,0.106,222311,32,80,13108,41,93,148.831865,0.322086170895,-207.992832,-59.160967,-27.045834
1048576,1048640,2097280,0.106,222311,32,80,13108,41,94,150.466346,0.322086170895,-210.215800,-59.749454,-27.045834
1048576,1048640,2097280,0.106,222311,32,80,13108,41,95,152.100828,0.322086170895,-212.437121,-60.336294,-27.045834
1048576,1048640,2097280,0.106,222311,32,80,13108,41,96,153.735309,0.322086170895,-214.656639,-60.921329,-27.045834
1048576,1048640,2097280,0.106,222311,32,80,13108,41,97,155.369791,0.322086170895,-216.874183,-61.504392,-27.045834
1048576,1048640,2097280,0.106,222311,32,80,13108,41,98,157.004272,0.322086170895,-219.089579,-62.085307,-27.045834
1048576,1048640,2097280,0.106,222311,32,80,13108,41,99,158.638753,0.322086170895,-221.302639,-62.663886,-27.045834
1048576,1048640,2097280,0.106,222311,32,80,13108,41,100,160.273235,0.322086170895,-223.513174,-63.239939,-27.045834
1048576,1048640,2097280,0.106,222311,32,80,13108,41,101,161.907716,0.322086170895,-225.720982,-63.813266,-27.045834
1048576,1048640,2097280,0.106,222311,32,80,13108,41,102,163.542197,0.322086170895,-227.925862,-64.383665,-27.045834
1048576,1048640,2097280,0.106,222311,32,80,13108,41,103,165.176679,0.322086170895,-230.127608,-64.950930,-27.045834
1048576,1048640,2097280,0.106,222311,32,80,13108,41,104,166.811160,0.322086170895,-232.326017,-65.514857,-27.045834
1048576,1048640,2097280,0.106,222311,32,80,13108,41,105,168.445642,0.322086170895,-234.520892,-66.075250,-27.045834
1048576,1048640,2097280,0.106,222311,32,80,13108,41,106,170.080123,0.322086170895,-236.712034,-66.631911,-27.045834
1048576,1048640,2097280,0.106,222311,32,80,13108,41,107,171.714604,0.322086170895,-238.899265,-67.184660,-27.045834
1048576,1048640,2097280,0.106,222311,32,80,13108,41,108,173.349086,0.322086170895,-241.082416,-67.733331,-27.045834
1048576,1048640,2097280,0.106,222311,32,80,13108,41,109,174.983567,0.322086170895,-243.261334,-68.277767,-27.045834
1048576,1048640,2097280,0.106,222311,32,80,13108,41,110,176.618048,0.322086170895,-245.435890,-68.817841,-27.045834
1048576,1048640,2097280,0.106,222311,32,80,13108,41,111,178.252530,0.322086170895,-247.605979,-69.353449,-27.045834
1048576,1048640,2097280,0.106,222311,32,80,13108,41,112,179.887011,0.322086170895,-249.771519,-69.884508,-27.045834
1048576,1048640,2097280,0.106,222311,32,80,13108,41,113,181.521493,0.322086170895,-251.932459,-70.410966,-27.045834
1048576,1048640,2097280,0.106,222311,32,80,13108,41,114,183.155974,0.322086170895,-254.088781,-70.932807,-27.045834
1048576,1048640,2097280,0.106,222311,32,80,13108,41,115,184.790455,0.322086170895,-256.240489,-71.450034,-27.045834
1048576,1048640,2097280,0.106,222311,32,80,13108,41,116,186.424937,0.322086170895,-258.387626,-71.962689,-27.045834
1048576,1048640,2097280,0.106,222311,32,80,13108,41,117,188.059418,0.322086170895,-260.530262,-72.470844,-27.045834
1048576,1048640,2097280,0.106,222311,32,80,13108,41,118,189.693899,0.322086170895,-262.668490,-72.974591,-27.045834
1048576,1048640,2097280,0.106,222311,32,80,13108,41,119,191.328381,0.322086170895,-264.802434,-73.474054,-27.045834
1048576,1048640,2097280,0.106,222311,32,80,13108,41,120,192.962862,0.322086170895,-266.932240,-73.969378,-27.045834
1048576,1048640,2097280,0.106,222311,32,80,13108,41,121,194.597344,0.322086170895,-269.058068,-74.460724,-27.045834
1048576,1048640,2097280,0.106,222311,32,80,13108,41,122,196.231825,0.322086170895,-271.180098,-74.948273,-27.045834
1048576,1048640,2097280,0.106,222311,32,80,13108,41,123,197.866306,0.322086170895,-273.298525,-75.432218,-27.045834
1048576,1048640,2097280,0.106,222311,32,80,13108,41,124,199.500788,0.322086170895,-275.413544,-75.912757,-27.045834
1048576,1048640,2097280,0.106,222311,32,80,13108,41,125,201.135269,0.322086170895,-277.525364,-76.390095,-27.045834
1048576,1048640,2097280,0.106,222311,32,80,13108,41,126,202.733134,0.356995209458,-279.634192,-76.901058,-27.045834
1048576,1048640,2097280,0.106,222311,32,80,13108,41,127,204.219158,0.356995209458,-281.740235,-77.521077,-27.045834
1048576,1048640,2097280,0.106,222311,32,80,13108,41,128,205.705181,0.356995209458,-283.843696,-78.138515,-27.045834
1048576,1048640,2097280,0.106,222311,32,80,13108,41,129,207.191204,0.356995209458,-285.944776,-78.753571,-27.045834
1048576,1048640,2097280,0.106,222311,32,80,13108,41,130,208.677228,0.356995209458,-288.043665,-79.366437,-27.045834
1048576,1048640,2097280,0.106,222311,32,80,13108,41,131,210.163251,0.356995209458,-290.140548,-79.977297,-27.045834
1048576,1048640,2097280,0.106,222311,32,80,13108,41,132,211.649274,0.356995209458,-292.235603,-80.586328,-27.045834
1048576,1048640,2097280,0.106,222311,32,80,13108,41,133,213.135298,0.356995209458,-294.328991,-81.193693,-27.045834
1048576,1048640,2097280,0.106,222311,32,80,13108,41,134,214.621321,0.356995209458,-296.420869,-81.799548,-27.045834
1048576,1048640,2097280,0.106,222311,32,80,13108,41,135,216.107345,0.356995209458,-298.511384,-82.404040,-27.045834
1048576,1048640,2097280,0.106,222311,32,80,13108,41,136,217.593368,0.356995209458,-300.600669,-83.007301,-27.045834
1048576,1048640,2097280,0.106,222311,32,80,13108,41,137,219.079391,0.356995209458,-302.688848,-83.609457,-27.045834
1048576,1048640,2097280,0.106,222311,32,80,13108,41,138,220.565415,0.356995209458,-304.776039,-84.210624,-27.045834
1048576,1048640,2097280,0.106,222311,32,80,13108,41,139,222.051438,0.356995209458,-306.862344,-84.810906,-27.045834
1048576,1048640,2097280,0.106,222311,32,80,13108,41,140,223.537461,0.356995209458,-308.947862,-85.410401,-27.045834
1048576,1048640,2097280,0.106,222311,32,80,13108,41,141,225.023485,0.356995209458,-311.032682,-86.009197,-27.045834
1048576,1048640,2097280,0.106,222311,32,80,13108,41,142,226.509508,0.356995209458,-313.116882,-86.607373,-27.045834
1048576,1048640,2097280,0.106,222311,32,80,13108,41,143,227.995532,0.356995209458,-315.200536,-87.205004,-27.045834
1048576,1048640,2097280,0.106,222311,32,80,13108,41,144,229.481555,0.356995209458,-317.283711,-87.802156,-27.045834
1048576,1048640,2097280,0.106,222311,32,80,13108,41,145,230.967578,0.356995209458,-319.366466,-88.398888,-27.045834
1048576,1048640,2097280,0.106,222311,32,80,13108,41,146,232.453602,0.356995209458,-321.448856,-88.995254,-27.045834
1048576,1048640,2097280,0.106,222311,32,80,13108,41,147,233.939625,0.356995209458,-323.530929,-89.591304,-27.045834
1048576,1048640,2097280,0.106,222311,32,80,13108,41,148,235.425648,0.356995209458,-325.612729,-90.187081,-27.045834
1048576,1048640,2097280,0.106,222311,32,80,13108,41,149,236.911672,0.356995209458,-327.694296,-90.782624,-27.045834
1048576,1048640,2097280,0.106,222311,32,80,13108,41,150,238.397695,0.356995209458,-329.775665,-91.377970,-27.045834
1048576,1048640,2097280,0.106,222311,32,80,13108,41,151,239.883719,0.356995209458,-331.856868,-91.973149,-27.045834
1048576,1048640,2097280,0.106,222311,32,80,13108,41,152,241.369742,0.356995209458,-333.937933,-92.568191,-27.045834
1048576,1048640,2097280,0.106,222311,32,80,13108,41,153,242.855765,0.356995209458,-336.018886,-93.163121,-27.045834
1048576,1048640,2097280,0.106,222311,32,80,13108,41,154,244.341789,0.356995209458,-338.099750,-93.757961,-27.045834
1048576,1048640,2097280,0.106,222311,32,80,13108,41,155,245.827812,0.356995209458,-340.180545,-94.352733,-27.045834
1048576,1048640,2097280,0.106,222311,32,80,13108,41,156,247.313836,0.356995209458,-342.261288,-94.947453,-27.045834
1048576,1048640,2097280,0.106,222311,32,80,13108,41,157,248.799859,0.356995209458,-344.341998,-95.542139,-27.045834
1048576,1048640,2097280,0.106,222311,32,80,13108,41,158,250.285882,0.356995209458,-346.422686,-96.136804,-27.045834
1048576,1048640,2097280,0.106,222311,32,80,13108,41,159,251.771906,0.356995209458,-348.503367,-96.731461,-27.045834
1048576,1048640,2097280,0.106,222311,32,80,13108,41,160,253.257929,0.356995209458,-350.584052,-97.326123,-27.045834
1048576,1048640,2097280,0.106,222311,32,80,13108,42,1,-inf,,-2.237846,-inf,-inf
1048576,1048640,2097280,0.106,222311,32,80,13108,42,2,-inf,,-4.475692,-inf,-inf
1048576,1048640,2097280,0.106,222311,32,80,13108,42,3,-inf,,-6.713537,-inf,-inf
1048576,1048640,2097280,0.106,222311,32,80,13108,42,4,-inf,,-8.951381,-inf,-inf
1048576,1048640,2097280,0.106,222311,32,80,13108,42,5,-inf,,-11.189224,-inf,-inf
1048576,1048640,2097280,0.106,222311,32,80,13108,42,6,-inf,,-13.427067,-inf,-inf
1048576,1048640,2097280,0.106,222311,32,80,13108,42,7,-inf,,-15.664909,-inf,-inf
1048576,1048640,2097280,0.106,222311,32,80,13108,42,8,-inf,,-17.902750,-inf,-inf
1048576,1048640,2097280,0.106,222311,32,80,13108,42,9,-inf,,-20.140591,-inf,-inf
1048576,1048640,2097280,0.106,222311,32,80,13108,42,10,-inf,,-22.378431,-inf,-inf
1048576,1048640,2097280,0.106,222311,32,80,13108,42,11,-inf,,-24.616270,-inf,-inf
1048576,1048640,2097280,0.106,222311,32,80,13108,42,12,-inf,,-26.854108,-inf,-inf
1048576,1048640,2097280,0.106,222311,32,80,13108,42,13,-inf,,-29.091945,-inf,-inf
1048576,1048640,2097280,0.106,222311,32,80,13108,42,14,-inf,,-31.329782,-inf,-inf
1048576,1048640,2097280,0.106,222311,32,80,13108,42,15,-inf,,-33.567618,-inf,-inf
1048576,1048640,2097280,0.106,222311,32,80,13108,42,16,-inf,,-35.805453,-inf,-inf
1048576,1048640,2097280,0.106,222311,32,80,13108,42,17,-inf,,-38.043288,-inf,-inf
1048576,1048640,2097280,0.106,222311,32,80,13108,42,18,-inf,,-40.281121,-inf,-inf
1048576,1048640,2097280,0.106,222311,32,80,13108,42,19,-inf,,-42.518954,-inf,-inf
1048576,1048640,2097280,0.106,222311,32,80,13108,42,20,-inf,,-44.756786,-inf,-inf
1048576,1048640,2097280,0.106,222311,32,80,13108,42,21,-inf,,-46.994617,-inf,-inf
1048576,1048640,2097280,0.106,222311,32,80,13108,42,22,-inf,,-49.232447,-inf,-inf
1048576,1048640,2097280,0.106,222311,32,80,13108,42,23,-inf,,-51.470276,-inf,-inf
1048576,1048640,2097280,0.106,222311,32,80,13108,42,24,-inf,,-53.708104,-inf,-inf
1048576,1048640,2097280,0.106,222311,32,80,13108,42,25,-inf,,-55.945932,-inf,-inf
1048576,1048640,2097280,0.106,222311,32,80,13108,42,26,-inf,,-58.183758,-inf,-inf
1048576,1048640,2097280,0.106,222311,32,80,13108,42,27,-inf,,-60.421583,-inf,-inf
1048576,1048640,2097280,0.106,222311,32,80,13108,42,28,-inf,,-62.659406,-inf,-inf
1048576,1048640,2097280,0.106,222311,32,80,13108,42,29,-inf,,-64.897229,-inf,-inf
1048576,1048640,2097280,0.106,222311,32,80,13108,42,30,-inf,,-67.135050,-inf,-inf
1048576,1048640,2097280,0.106,222311,32,80,13108,42,31,-inf,,-69.372869,-inf,-inf
1048576,1048640,2097280,0.106,222311,32,80,13108,42,32,-inf,,-71.610687,-inf,-inf
1048576,1048640,2097280,0.106,222311,32,80,13108,42,33,-inf,,-73.848504,-inf,-inf
1048576,1048640,2097280,0.106,222311,32,80,13108,42,34,-inf,,-76.086318,-inf,-inf
1048576,1048640,2097280,0.106,222311,32,80,13108,42,35,-inf,,-78.324131,-inf,-inf
1048576,1048640,2097280,0.106,222311,32,80,13108,42,36,-inf,,-80.561941,-inf,-inf
1048576,1048640,2097280,0.106,222311,32,80,13108,42,37,-inf,,-82.799749,-inf,-inf
1048576,1048640,2097280,0.106,222311,32,80,13108,42,38,-inf,,-85.037554,-inf,-inf
1048576,1048640,2097280,0.106,222311,32,80,13108,42,39,-inf,,-87.275356,-inf,-inf
1048576,1048640,2097280,0.106,222311,32,80,13108,42,40,-inf,,-89.513155,-inf,-inf
1048576,1048640,2097280,0.106,222311,32,80,13108,42,41,-inf,,-91.750951,-inf,-inf
1048576,1048640,2097280,0.106,222311,32,80,13108,42,42,63.502557,0.192539805332,-93.988742,-30.486185,-30.486185
1048576,1048640,2097280,0.106,222311,32,80,13108,42,43,65.879328,0.192539805332,-96.226529,-30.347201,-29.415020
1048576,1048640,2097280,0.106,222311,32,80,13108,42,44,68.256100,0.192539805332,-98.464311,-30.208211,-28.757777
1048576,1048640,2097280,0.106,222311,32,80,13108,42,45,70.061449,0.290590738289,-100.702087,-30.640638,-28.411648
1048576,1048640,2097280,0.106,222311,32,80,13108,42,46,71.719862,0.322086170895,-102.939857,-31.219995,-28.219127
1048576,1048640,2097280,0.106,222311,32,80,13108,42,47,73.354344,0.322086170895,-105.177620,-31.823277,-28.105116
1048576,1048640,2097280,0.106,222311,32,80,13108,42,48,74.988825,0.322086170895,-107.415376,-32.426551,-28.034703
1048576,1048640,2097280,0.106,222311,32,80,13108,42,49,76.623307,0.322086170895,-109.653122,-33.029816,-27.990161
1048576,1048640,2097280,0.106,222311,32,80,13108,42,50,78.257788,0.322086170895,-111.890859,-33.633071,-27.961573
1048576,1048640,2097280,0.106,222311,32,80,13108,42,51,79.892269,0.322086170895,-114.128584,-34.236315,-27.943059
1048576,1048640,2097280,0.106,222311,32,80,13108,42,52,81.526751,0.322086170895,-116.366297,-34.839546,-27.931000
1048576,1048640,2097280,0.106,222311,32,80,13108,42,53,83.161232,0.322086170895,-118.603995,-35.442763,-27.923117
1048576,1048640,2097280,0.106,222311,32,80,13108,42,54,84.795713,0.322086170895,-120.841678,-36.045965,-27.917951
1048576,1048640,2097280,0.106,222311,32,80,13108,42,55,86.430195,0.322086170895,-123.079343,-36.649148,-27.914560
1048576,1048640,2097280,0.106,222311,32,80,13108,42,56,88.064676,0.322086170895,-125.316987,-37.252311,-27.912332
1048576,1048640,2097280,0.106,222311,32,80,13108,42,57,89.699158,0.322086170895,-127.554609,-37.855451,-27.910867
1048576,1048640,2097280,0.106,222311,32,80,13108,42,58,91.333639,0.322086170895,-129.792205,-38.458566,-27.909903
1048576,1048640,2097280,0.106,222311,32,80,13108,42,59,92.968120,0.322086170895,-132.029772,-39.061652,-27.909269
1048576,1048640,2097280,0.106,222311,32,80,13108,42,60,94.602602,0.322086170895,-134.267306,-39.664705,-27.908852
1048576,1048640,2097280,0.106,222311,32,80,13108,42,61,96.237083,0.322086170895,-136.504804,-40.267721,-27.908578
1048576,1048640,2097280,0.106,222311,32,80,13108,42,62,97.871564,0.322086170895,-138.742260,-40.870696,-27.908397
1048576,1048640,2097280,0.106,222311,32,80,13108,42,63,99.506046,0.322086170895,-140.979669,-41.473624,-27.908278
1048576,1048640,2097280,0.106,222311,32,80,13108,42,64,101.140527,0.322086170895,-143.217026,-42.076499,-27.908199
1048576,1048640,2097280,0.106,222311,32,80,13108,42,65,102.775009,0.322086170895,-145.454324,-42.679315,-27.908148
1048576,1048640,2097280,0.106,222311,32,80,13108,42,66,104.409490,0.322086170895,-147.691555,-43.282065,-27.908114
1048576,1048640,2097280,0.106,222311,32,80,13108,42,67,106.043971,0.322086170895,-149.928710,-43.884739,-27.908091
1048576,1048640,2097280,0.106,222311,32,80,13108,42,68,107.678453,0.322086170895,-152.165781,-44.487329,-27.908077
1048576,1048640,2097280,0.106,222311,32,80,13108,42,69,109.312934,0.322086170895,-154.402757,-45.089823,-27.908067
1048576,1048640,2097280,0.106,222311,32,80,13108,42,70,110.947415,0.322086170895,-156.639626,-45.692210,-27.908061
1048576,1048640,2097280,0.106,222311,32,80,13108,42,71,112.581897,0.322086170895,-158.876374,-46.294477,-27.908056
1048576,1048640,2097280,0.106,222311,32,80,13108,42,72,114.216378,0.322086170895,-161.112986,-46.896608,-27.908054
1048576,1048640,2097280,0.106,222311,32,80,13108,42,73,115.850860,0.322086170895,-163.349447,-47.498587,-27.908052
1048576,1048640,2097280,0.106,222311,32,80,13108,42,74,117.485341,0.322086170895,-165.585736,-48.100395,-27.908051
1048576,1048640,2097280,0.106,222311,32,80,13108,42,75,119.119822,0.322086170895,-167.821833,-48.702011,-27.908050
1048576,1048640,2097280,0.106,222311,32,80,13108,42,76,120.754304,0.322086170895,-170.057715,-49.303411,-27.908049
1048576,1048640,2097280,0.106,222311,32,80,13108,42,77,122.388785,0.322086170895,-172.293355,-49.904570,-27.908049
1048576,1048640,2097280,0.106,222311,32,80,13108,42,78,124.023266,0.322086170895,-174.528724,-50.505457,-27.908049
1048576,1048640,2097280,0.106,222311,32,80,13108,42,79,125.657748,0.322086170895,-176.763788,-51.106040,-27.908049
1048576,1048640,2097280,0.106,222311,32,80,13108,42,80,127.292229,0.322086170895,-178.998512,-51.706283,-27.908049
1048576,1048640,2097280,0.106,222311,32,80,13108,42,81,128.926711,0.322086170895,-181.232855,-52.306145,-27.908048
1048576,1048640,2097280,0.106,222311,32,80,13108,42,82,130.561192,0.322086170895,-183.466772,-52.905580,-27.908048
1048576,1048640,2097280,0.106,222311,32,80,13108,42,83,132.195673,0.322086170895,-185.700212,-53.504539,-27.908048
1048576,1048640,2097280,0.106,222311,32,80,13108,42,84,133.830155,0.322086170895,-187.933121,-54.102966,-27.908048
1048576,1048640,2097280,0.106,222311,32,80,13108,42,85,135.464636,0.322086170895,-190.165436,-54.700800,-27.908048
1048576,1048640,2097280,0.106,222311,32,80,13108,42,86,137.099117,0.322086170895,-192.397090,-55.297972,-27.908048
1048576,1048640,2097280,0.106,222311,32,80,13108,42,87,138.733599,0.322086170895,-194.628006,-55.894407,-27.908048
1048576,1048640,2097280,0.106,222311,32,80,13108,42,88,140.368080,0.322086170895,-196.858104,-56.490024,-27.908048
1048576,1048640,2097280,0.106,222311,32,80,13108,42,89,142.002562,0.322086170895,-199.087293,-57.084731,-27.908048
1048576,1048640,2097280,0.106,222311,32,80,13108,42,90,143.637043,0.322086170895,-201.315473,-57.678430,-27.908048
1048576,1048640,2097280,0.106,222311,32,80,13108,42,91,145.271524,0.322086170895,-203.542536,-58.271011,-27.908048
1048576,1048640,2097280,0.106,222311,32,80,13108,42,92,146.906006,0.322086170895,-205.768365,-58.862359,-27.908048
1048576,1048640,2097280,0.106,222311,32,80,13108,42,93,148.540487,0.322086170895,-207.992832,-59.452345,-27.908048
1048576,1048640,2097280,0.106,222311,32,80,13108,42,94,150.174969,0.322086170895,-210.215800,-60.040832,-27.908048
1048576,1048640,2097280,0.106,222311,32,80,13108,42,95,151.809450,0.322086170895,-212.437121,-60.627671,-27.908048
1048576,1048640,2097280,0.106,222311,32,80,13108,42,96,153.443931,0.322086170895,-214.656639,-61.212707,-27.908048
1048576,1048640,2097280,0.106,222311,32,80,13108,42,97,155.078413,0.322086170895,-216.874183,-61.795770,-27.908048
1048576,1048640,2097280,0.106,222311,32,80,13108,42,98,156.712894,0.322086170895,-219.089579,-62.376685,-27.908048
1048576,1048640,2097280,0.106,222311,32,80,13108,42,99,158.347375,0.322086170895,-221.302639,-62.955264,-27.908048
1048576,1048640,2097280,0.106,222311,32,80,13108,42,100,159.981857,0.322086170895,-223.513174,-63.531317,-27.908048
1048576,1048640,2097280,0.106,222311,32,80,13108,42,101,161.616338,0.322086170895,-225.720982,-64.104644,-27.908048
1048576,1048640,2097280,0.106,222311,32,80,13108,42,102,163.250820,0.322086170895,-227.925862,-64.675043,-27.908048
1048576,1048640,2097280,0.106,222311,32,80,13108,42,103,164.885301,0.322086170895,-230.127608,-65.242307,-27.908048
1048576,1048640,2097280,0.106,222311,32,80,13108,42,104,166.519782,0.322086170895,-232.326017,-65.806235,-27.908048
1048576,1048640,2097280,0.106,222311,32,80,13108,42,105,168.154264,0.322086170895,-234.520892,-66.366628,-27.908048
1048576,1048640,2097280,0.106,222311,32,80,13108,42,106,169.788745,0.322086170895,-236.712034,-66.923289,-27.908048
1048576,1048640,2097280,0.106,222311,32,80,13108,42,107,171.423226,0.322086170895,-238.899265,-67.476038,-27.908048
1048576,1048640,2097280,0.106,222311,32,80,13108,42,108,173.057708,0.322086170895,-241.082416,-68.024709,-27.908048
1048576,1048640,2097280,0.106,222311,32,80,13108,42,109,174.692189,0.322086170895,-243.261334,-68.569145,-27.908048
1048576,1048640,2097280,0.106,222311,32,80,13108,42,110,176.326671,0.322086170895,-245.435890,-69.109219,-27.908048
1048576,1048640,2097280,0.106,222311,32,80,13108,42,111,177.961152,0.322086170895,-247.605979,-69.644827,-27.908048
1048576,1048640,2097280,0.106,222311,32,80,13108,42,112,179.595633,0.322086170895,-249.771519,-70.175885,-27.908048
1048576,1048640,2097280,0.106,222311,32,80,13108,42,113,181.230115,0.322086170895,-251.932459,-70.702344,-27.908048
1048576,1048640,2097280,0.106,222311,32,80,13108,42,114,182.864596,0.322086170895,-254.088781,-71.224184,-27.908048
1048576,1048640,2097280,0.106,222311,32,80,13108,42,115,184.499077,0.322086170895,-256.240489,-71.741412,-27.908048
1048576,1048640,2097280,0.106,222311,32,80,13108,42,116,186.070017,0.356995209458,-258.387626,-72.317609,-27.908048
1048576,1048640,2097280,0.106,222311,32,80,13108,42,117,187.556041,0.356995209458,-260.530262,-72.974222,-27.908048
1048576,1048640,2097280,0.106,222311,32,80,13108,42,118,189.042064,0.356995209458,-262.668490,-73.626426,-27.908048
1048576,1048640,2097280,0.106,222311,32,80,13108,42,119,190.528087,0.356995209458,-264.802434,-74.274347,-27.908048
1048576,1048640,2097280,0.106,222311,32,80,13108,42,120,192.014111,0.356995209458,-266.932240,-74.918129,-27.908048
1048576,1048640,2097280,0.106,222311,32,80,13108,42,121,193.500134,0.356995209458,-269.058068,-75.557934,-27.908048
1048576,1048640,2097280,0.106,222311,32,80,13108,42,122,194.986158,0.356995209458,-271.180098,-76.193941,-27.908048
1048576,1048640,2097280,0.106,222311,32,80,13108,42,123,196.472181,0.356995209458,-273.298525,-76.826344,-27.908048
1048576,1048640,2097280,0.106,222311,32,80,13108,42,124,197.958204,0.356995209458,-275.413544,-77.455340,-27.908048
1048576,1048640,2097280,0.106,222311,32,80,13108,42,125,199.444228,0.356995209458,-277.525364,-78.081136,-27.908048
1048576,1048640,2097280,0.106,222311,32,80,13108,42,126,200.930251,0.356995209458,-279.634192,-78.703941,-27.908048
1048576,1048640,2097280,0.106,222311,32,80,13108,42,127,202.416274,0.356995209458,-281.740235,-79.323960,-27.908048
1048576,1048640,2097280,0.106,222311,32,80,13108,42,128,203.902298,0.356995209458,-283.843696,-79.941398,-27.908048
1048576,1048640,2097280,0.106,222311,32,80,13108,42,129,205.388321,0.356995209458,-285.944776,-80.556454,-27.908048
1048576,1048640,2097280,0.106,222311,32,80,13108,42,130,206.874345,0.356995209458,-288.043665,-81.169320,-27.908048
1048576,1048640,2097280,0.106,222311,32,80,13108,42,131,208.360368,0.356995209458,-290.140548,-81.780181,-27.908048
1048576,1048640,2097280,0.106,222311,32,80,13108,42,132,209.846391,0.356995209458,-292.235603,-82.389211,-27.908048
1048576,1048640,2097280,0.106,222311,32,80,13108,42,133,211.332415,0.356995209458,-294.328991,-82.996576,-27.908048
1048576,1048640,2097280,0.106,222311,32,80,13108,42,134,212.818438,0.356995209458,-296.420869,-83.602431,-27.908048
1048576,1048640,2097280,0.106,222311,32,80,13108,42,135,214.304461,0.356995209458,-298.511384,-84.206923,-27.908048
1048576,1048640,2097280,0.106,222311,32,80,13108,42,136,215.790485,0.356995209458,-300.600669,-84.810184,-27.908048
1048576,1048640,2097280,0.106,222311,32,80,13108,42,137,217.276508,0.356995209458,-302.688848,-85.412340,-27.908048
1048576,1048640,2097280,0.106,222311,32,80,13108,42,138,218.762532,0.356995209458,-304.776039,-86.013507,-27.908048
1048576,1048640,2097280,0.106,222311,32,80,13108,42,139,220.248555,0.356995209458,-306.862344,-86.613789,-27.908048
1048576,1048640,2097280,0.106,222311,32,80,13108,42,140,221.734578,0.356995209458,-308.947862,-87.213284,-27.908048
1048576,1048640,2097280,0.106,222311,32,80,13108,42,141,223.220602,0.356995209458,-311.032682,-87.812080,-27.908048
1048576,1048640,2097280,0.106,222311,32,80,13108,42,142,224.706625,0.356995209458,-313.116882,-88.410257,-27.908048
1048576,1048640,2097280,0.106,222311,32,80,13108,42,143,226.192648,0.356995209458,-315.200536,-89.007887,-27.908048
1048576,1048640,2097280,0.106,222311,32,80,13108,42,144,227.678672,0.356995209458,-317.283711,-89.605039,-27.908048
1048576,1048640,2097280,0.106,222311,32,80,13108,42,145,229.164695,0.356995209458,-319.366466,-90.201771,-27.908048
1048576,1048640,2097280,0.106,222311,32,80,13108,42,146,230.650719,0.356995209458,-321.448856,-90.798137,-27.908048
1048576,1048640,2097280,0.106,222311,32,80,13108,42,147,232.136742,0.356995209458,-323.530929,-91.394187,-27.908048
1048576,1048640,2097280,0.106,222311,32,80,13108,42,148,233.622765,0.356995209458,-325.612729,-91.989964,-27.908048
1048576,1048640,2097280,0.106,222311,32,80,13108,42,149,235.108789,0.356995209458,-327.694296,-92.585507,-27.908048
1048576,1048640,2097280,0.106,222311,32,80,13108,42,150,236.594812,0.356995209458,-329.775665,-93.180853,-27.908048
1048576,1048640,2097280,0.106,222311,32,80,13108,42,151,238.080836,0.356995209458,-331.856868,-93.776032,-27.908048
1048576,1048640,2097280,0.106,222311,32,80,13108,42,152,239.566859,0.356995209458,-333.937933,-94.371074,-27.908048
1048576,1048640,2097280,0.106,222311,32,80,13108,42,153,241.052882,0.356995209458,-336.018886,-94.966004,-27.908048
1048576,1048640,2097280,0.106,222311,32,80,13108,42,154,242.538906,0.356995209458,-338.099750,-95.560844,-27.908048
1048576,1048640,2097280,0.106,222311,32,80,13108,42,155,244.024929,0.356995209458,-340.180545,-96.155616,-27.908048
1048576,1048640,2097280,0.106,222311,32,80,13108,42,156,245.510952,0.356995209458,-342.261288,-96.750336,-27.908048
1048576,1048640,2097280,0.106,222311,32,80,13108,42,157,246.996976,0.356995209458,-344.341998,-97.345022,-27.908048
1048576,1048640,2097280,0.106,222311,32,80,13108,42,158,248.482999,0.356995209458,-346.422686,-97.939687,-27.908048
1048576,1048640,2097280,0.106,222311,32,80,13108,42,159,249.969023,0.356995209458,-348.503367,-98.534345,-27.908048
1048576,1048640,2097280,0.106,222311,32,80,13108,42,160,251.455046,0.356995209458,-350.584052,-99.129006,-27.908048
1048576,1048640,2097280,0.106,222311,32,80,13108,43,1,-inf,,-2.237846,-inf,-inf
1048576,1048640,2097280,0.106,222311,32,80,13108,43,2,-inf,,-4.475692,-inf,-inf
1048576,1048640,2097280,0.106,222311,32,80,13108,43,3,-inf,,-6.713537,-inf,-inf
1048576,1048640,2097280,0.106,222311,32,80,13108,43,4,-inf,,-8.951381,-inf,-inf
1048576,1048640,2097280,0.106,222311,32,80,13108,43,5,-inf,,-11.189224,-inf,-inf
1048576,1048640,2097280,0.106,222311,32,80,13108,43,6,-inf,,-13.427067,-inf,-inf
1048576,1048640,2097280,0.106,222311,32,80,13108,43,7,-inf,,-15.664909,-inf,-inf
1048576,1048640,2097280,0.106,222311,32,80,13108,43,8,-inf,,-17.902750,-inf,-inf
1048576,1048640,2097280,0.106,222311,32,80,13108,43,9,-inf,,-20.140591,-inf,-inf
1048576,1048640,2097280,0.106,222311,32,80,13108,43,10,-inf,,-22.378431,-inf,-inf
1048576,1048640,2097280,0.106,222311,32,80,13108,43,11,-inf,,-24.616270,-inf,-inf
1048576,1048640,2097280,0.106,222311,32,80,13108,43,12,-inf,,-26.854108,-inf,-inf
1048576,1048640,2097280,0.106,222311,32,80,13108,43,13,-inf,,-29.091945,-inf,-inf
1048576,1048640,2097280,0.106,222311,32,80,13108,43,14,-inf,,-31.329782,-inf,-inf
1048576,1048640,2097280,0.106,222311,32,80,13108,43,15,-inf,,-33.567618,-inf,-inf
1048576,1048640,2097280,0.106,222311,32,80,13108,43,16,-inf,,-35.805453,-inf,-inf
1048576,1048640,2097280,0.106,222311,32,80,13108,43,17,-inf,,-38.043288,-inf,-inf
1048576,1048640,2097280,0.106,222311,32,80,13108,43,18,-inf,,-40.281121,-inf,-inf
1048576,1048640,2097280,0.106,222311,32,80,13108,43,19,-inf,,-42.518954,-inf,-inf
1048576,1048640,2097280,0.106,222311,32,80,13108,43,20,-inf,,-44.756786,-inf,-inf
1048576,1048640,2097280,0.106,222311,32,80,13108,43,21,-inf,,-46.994617,-inf,-inf
1048576,1048640,2097280,0.106,222311,32,80,13108,43,22,-inf,,-49.232447,-inf,-inf
1048576,1048640,2097280,0.106,222311,32,80,13108,43,23,-inf,,-51.470276,-inf,-inf
1048576,1048640,2097280,0.106,222311,32,80,13108,43,24,-inf,,-53.708104,-inf,-inf
1048576,1048640,2097280,0.106,222311,32,80,13108,43,25,-inf,,-55.945932,-inf,-inf
1048576,1048640,2097280,0.106,222311,32,80,13108,43,26,-inf,,-58.183758,-inf,-inf
1048576,1048640,2097280,0.106,222311,32,80,13108,43,27,-inf,,-60.421583,-inf,-inf
1048576,1048640,2097280,0.106,222311,32,80,13108,43,28,-inf,,-62.659406,-inf,-inf
1048576,1048640,2097280,0.106,222311,32,80,13108,43,29,-inf,,-64.897229,-inf,-inf
1048576,1048640,2097280,0.106,222311,32,80,13108,43,30,-inf,,-67.135050,-inf,-inf
1048576,1048640,2097280,0.106,222311,32,80,13108,43,31,-inf,,-69.372869,-inf,-inf
1048576,1048640,2097280,0.106,222311,32,80,13108,43,32,-inf,,-71.610687,-inf,-inf
1048576,1048640,2097280,0.106,222311,32,80,13108,43,33,-inf,,-73.848504,-inf,-inf
1048576,1048640,2097280,0.106,222311,32,80,13108,43,34,-inf,,-76.086318,-inf,-inf
1048576,1048640,2097280,0.106,222311,32,80,13108,43,35,-inf,,-78.324131,-inf,-inf
1048576,1048640,2097280,0.106,222311,32,80,13108,43,36,-inf,,-80.561941,-inf,-inf
1048576,1048640,2097280,0.106,222311,32,80,13108,43,37,-inf,,-82.799749,-inf,-inf
1048576,1048640,2097280,0.106,222311,32,80,13108,43,38,-inf,,-85.037554,-inf,-inf
1048576,1048640,2097280,0.106,222311,32,80,13108,43,39,-inf,,-87.275356,-inf,-inf
1048576,1048640,2097280,0.106,222311,32,80,13108,43,40,-inf,,-89.513155,-inf,-inf
1048576,1048640,2097280,0.106,222311,32,80,13108,43,41,-inf,,-91.750951,-inf,-inf
1048576,1048640,2097280,0.106,222311,32,80,13108,43,42,-inf,,-93.988742,-inf,-inf
1048576,1048640,2097280,0.106,222311,32,80,13108,43,43,64.879328,0.192539805332,-96.226529,-31.347201,-31.347201
1048576,1048640,2097280,0.106,222311,32,80,13108,43,44,67.256100,0.192539805332,-98.464311,-31.208211,-30.276033
1048576,1048640,2097280,0.106,222311,32,80,13108,43,45,69.632652,0.290590738289,-100.702087,-31.069436,-29.618867
1048576,1048640,2097280,0.106,222311,32,80,13108,43,46,71.396707,0.322086170895,-102.939857,-31.543150,-29.281474
1048576,1048640,2097280,0.106,222311,32,80,13108,43,47,73.031189,0.322086170895,-105.177620,-32.146432,-29.095905
1048576,1048640,2097280,0.106,222311,32,80,13108,43,48,74.665670,0.322086170895,-107.415376,-32.749706,-28.985608
1048576,1048640,2097280,0.106,222311,32,80,13108,43,49,76.300151,0.322086170895,-109.653122,-33.352971,-28.917350
1048576,1048640,2097280,0.106,222311,32,80,13108,43,50,77.934633,0.322086170895,-111.890859,-33.956226,-28.874119
1048576,1048640,2097280,0.106,222311,32,80,13108,43,51,79.569114,0.322086170895,-114.128584,-34.559470,-28.846352
1048576,1048640,2097280,0.106,222311,32,80,13108,43,52,81.203595,0.322086170895,-116.366297,-35.162701,-28.828361
1048576,1048640,2097280,0.106,222311,32,80,13108,43,53,82.838077,0.322086170895,-118.603995,-35.765918,-28.816639
1048576,1048640,2097280,0.106,222311,32,80,13108,43,54,84.472558,0.322086170895,-120.841678,-36.369120,-28.808974
1048576,1048640,2097280,0.106,222311,32,80,13108,43,55,86.107040,0.322086170895,-123.079343,-36.972303,-28.803951
1048576,1048640,2097280,0.106,222311,32,80,13108,43,56,87.741521,0.322086170895,-125.316987,-37.575466,-28.800653
1048576,1048640,2097280,0.106,222311,32,80,13108,43,57,89.376002,0.322086170895,-127.554609,-38.178607,-28.798487
1048576,1048640,2097280,0.106,222311,32,80,13108,43,58,91.010484,0.322086170895,-129.792205,-38.781721,-28.797062
1048576,1048640,2097280,0.106,222311,32,80,13108,43,59,92.644965,0.322086170895,-132.029772,-39.384807,-28.796125
1048576,1048640,2097280,0.106,222311,32,80,13108,43,60,94.279446,0.322086170895,-134.267306,-39.987860,-28.795508
1048576,1048640,2097280,0.106,222311,32,80,13108,43,61,95.913928,0.322086170895,-136.504804,-40.590876,-28.795102
1048576,1048640,2097280,0.106,222311,32,80,13108,43,62,97.548409,0.322086170895,-138.742260,-41.193851,-28.794835
1048576,1048640,2097280,0.106,222311,32,80,13108,43,63,99.182891,0.322086170895,-140.979669,-41.796779,-28.794659
1048576,1048640,2097280,0.106,222311,32,80,13108,43,64,100.817372,0.322086170895,-143.217026,-42.399654,-28.794543
1048576,1048640,2097280,0.106,222311,32,80,13108,43,65,102.451853,0.322086170895,-145.454324,-43.002470,-28.794467
1048576,1048640,2097280,0.106,222311,32,80,13108,43,66,104.086335,0.322086170895,-147.691555,-43.605220,-28.794417
1048576,1048640,2097280,0.106,222311,32,80,13108,43,67,105.720816,0.322086170895,-149.928710,-44.207894,-28.794384
1048576,1048640,2097280,0.106,222311,32,80,13108,43,68,107.355297,0.322086170895,-152.165781,-44.810484,-28.794362
1048576,1048640,2097280,0.106,222311,32,80,13108,43,69,108.989779,0.322086170895,-154.402757,-45.412978,-28.794348
1048576,1048640,2097280,0.106,222311,32,80,13108,43,70,110.624260,0.322086170895,-156.639626,-46.015365,-28.794338
1048576,1048640,2097280,0.106,222311,32,80,13108,43,71,112.258742,0.322086170895,-158.876374,-46.617632,-28.794332
1048576,1048640,2097280,0.106,222311,32,80,13108,43,72,113.893223,0.322086170895,-161.112986,-47.219763,-28.794328
1048576,1048640,2097280,0.106,222311,32,80,13108,43,73,115.527704,0.322086170895,-163.349447,-47.821742,-28.794325
1048576,1048640,2097280,0.106,222311,32,80,13108,43,74,117.162186,0.322086170895,-165.585736,-48.423550,-28.794324
1048576,1048640,2097280,0.106,222311,32,80,13108,43,75,118.796667,0.322086170895,-167.821833,-49.025166,-28.794322
1048576,1048640,2097280,0.106,222311,32,80,13108,43,76,120.431148,0.322086170895,-170.057715,-49.626567,-28.794322
1048576,1048640,2097280,0.106,222311,32,80,13108,43,77,122.065630,0.322086170895,-172.293355,-50.227725,-28.794321
1048576,1048640,2097280,0.106,222311,32,80,13108,43,78,123.700111,0.322086170895,-174.528724,-50.828612,-28.794321
1048576,1048640,2097280,0.106,222311,32,80,13108,43,79,125.334593,0.322086170895,-176.763788,-51.429195,-28.794321
1048576,1048640,2097280,0.106,222311,32,80,13108,43,80,126.969074,0.322086170895,-178.998512,-52.029438,-28.794320
1048576,1048640,2097280,0.106,222311,32,80,13108,43,81,128.603555,0.322086170895,-181.232855,-52.629300,-28.794320
1048576,1048640,2097280,0.106,222311,32,80,13108,43,82,130.238037,0.322086170895,-183.466772,-53.228736,-28.794320
1048576,1048640,2097280,0.106,222311,32,80,13108,43,83,131.872518,0.322086170895,-185.700212,-53.827694,-28.794320
1048576,1048640,2097280,0.106,222311,32,80,13108,43,84,133.506999,0.322086170895,-187.933121,-54.426122,-28.794320
1048576,1048640,2097280,0.106,222311,32,80,13108,43,85,135.141481,0.322086170895,-190.165436,-55.023955,-28.794320
1048576,1048640,2097280,0.106,222311,32,80,13108,43,86,136.775962,0.322086170895,-192.397090,-55.621127,-28.794320
1048576,1048640,2097280,0.106,222311,32,80,13108,43,87,138.410444,0.322086170895,-194.628006,-56.217563,-28.794320
1048576,1048640,2097280,0.106,222311,32,80,13108,43,88,140.044925,0.322086170895,-196.858104,-56.813179,-28.794320
1048576,1048640,2097280,0.106,222311,32,80,13108,43,89,141.679406,0.322086170895,-199.087293,-57.407886,-28.794320
1048576,1048640,2097280,0.106,222311,32,80,13108,43,90,143.313888,0.322086170895,-201.315473,-58.001585,-28.794320
1048576,1048640,2097280,0.106,222311,32,80,13108,43,91,144.948369,0.322086170895,-203.542536,-58.594167,-28.794320
1048576,1048640,2097280,0.106,222311,32,80,13108,43,92,146.582850,0.322086170895,-205.768365,-59.185515,-28.794320
1048576,1048640,2097280,0.106,222311,32,80,13108,43,93,148.217332,0.322086170895,-207.992832,-59.775500,-28.794320
1048576,1048640,2097280,0.106,222311,32,80,13108,43,94,149.851813,0.322086170895,-210.215800,-60.363987,-28.794320
1048576,1048640,2097280,0.106,222311,32,80,13108,43,95,151.486295,0.322086170895,-212.437121,-60.950827,-28.794320
1048576,1048640,2097280,0.106,222311,32,80,13108,43,96,153.120776,0.322086170895,-214.656639,-61.535863,-28.794320
1048576,1048640,2097280,0.106,222311,32,80,13108,43,97,154.755257,0.322086170895,-216.874183,-62.118925,-28.794320
1048576,1048640,2097280,0.106,222311,32,80,13108,43,98,156.389739,0.322086170895,-219.089579,-62.699840,-28.794320
1048576,1048640,2097280,0.106,222311,32,80,13108,43,99,158.024220,0.322086170895,-221.302639,-63.278419,-28.794320
1048576,1048640,2097280,0.106,222311,32,80,13108,43,100,159.658702,0.322086170895,-223.513174,-63.854473,-28.794320
1048576,1048640,2097280,0.106,222311,32,80,13108,43,101,161.293183,0.322086170895,-225.720982,-64.427799,-28.794320
1048576,1048640,2097280,0.106,222311,32,80,13108,43,102,162.927664,0.322086170895,-227.925862,-64.998198,-28.794320
1048576,1048640,2097280,0.106,222311,32,80,13108,43,103,164.562146,0.322086170895,-230.127608,-65.565463,-28.794320
1048576,1048640,2097280,0.106,222311,32,80,13108,43,104,166.196627,0.322086170895,-232.326017,-66.129390,-28.794320
1048576,1048640,2097280,0.106,222311,32,80,13108,43,105,167.831108,0.322086170895,-234.520892,-66.689783,-28.794320
1048576,1048640,2097280,0.106,222311,32,80,13108,43,106,169.385818,0.356995209458,-236.712034,-67.326216,-28.794320
1048576,1048640,2097280,0.106,222311,32,80,13108,43,107,170.871842,0.356995209458,-238.899265,-68.027423,-28.794320
1048576,1048640,2097280,0.106,222311,32,80,13108,43,108,172.357865,0.356995209458,-241.082416,-68.724551,-28.794320
1048576,1048640,2097280,0.106,222311,32,80,13108,43,109,173.843889,0.356995209458,-243.261334,-69.417446,-28.794320
1048576,1048640,2097280,0.106,222311,32,80,13108,43,110,175.329912,0.356995209458,-245.435890,-70.105978,-28.794320
1048576,1048640,2097280,0.106,222311,32,80,13108,43,111,176.815935,0.356995209458,-247.605979,-70.790044,-28.794320
1048576,1048640,2097280,0.106,222311,32,80,13108,43,112,178.301959,0.356995209458,-249.771519,-71.469560,-28.794320
1048576,1048640,2097280,0.106,222311,32,80,13108,43,113,179.787982,0.356995209458,-251.932459,-72.144477,-28.794320
1048576,1048640,2097280,0.106,222311,32,80,13108,43,114,181.274005,0.356995209458,-254.088781,-72.814775,-28.794320
1048576,1048640,2097280,0.106,222311,32,80,13108,43,115,182.760029,0.356995209458,-256.240489,-73.480460,-28.794320
1048576,1048640,2097280,0.106,222311,32,80,13108,43,116,184.246052,0.356995209458,-258.387626,-74.141574,-28.794320
1048576,1048640,2097280,0.106,222311,32,80,13108,43,117,185.732076,0.356995209458,-260.530262,-74.798187,-28.794320
1048576,1048640,2097280,0.106,222311,32,80,13108,43,118,187.218099,0.356995209458,-262.668490,-75.450391,-28.794320
1048576,1048640,2097280,0.106,222311,32,80,13108,43,119,188.704122,0.356995209458,-264.802434,-76.098312,-28.794320
1048576,1048640,2097280,0.106,222311,32,80,13108,43,120,190.190146,0.356995209458,-266.932240,-76.742094,-28.794320
1048576,1048640,2097280,0.106,222311,32,80,13108,43,121,191.676169,0.356995209458,-269.058068,-77.381899,-28.794320
1048576,1048640,2097280,0.106,222311,32,80,13108,43,122,193.162193,0.356995209458,-271.180098,-78.017906,-28.794320
1048576,1048640,2097280,0.106,222311,32,80,13108,43,123,194.648216,0.356995209458,-273.298525,-78.650309,-28.794320
1048576,1048640,2097280,0.106,222311,32,80,13108,43,124,196.134239,0.356995209458,-275.413544,-79.279305,-28.794320
1048576,1048640,2097280,0.106,222311,32,80,13108,43,125,197.620263,0.356995209458,-277.525364,-79.905101,-28.794320
1048576,1048640,2097280,0.106,222311,32,80,13108,43,126,199.106286,0.356995209458,-279.634192,-80.527906,-28.794320
1048576,1048640,2097280,0.106,222311,32,80,13108,43,127,200.592309,0.356995209458,-281.740235,-81.147925,-28.794320
1048576,1048640,2097280,0.106,222311,32,80,13108,43,128,202.078333,0.356995209458,-283.843696,-81.765363,-28.794320
1048576,1048640,2097280,0.106,222311,32,80,13108,43,129,203.564356,0.356995209458,-285.944776,-82.380419,-28.794320
1048576,1048640,2097280,0.106,222311,32,80,13108,43,130,205.050380,0.356995209458,-288.043665,-82.993285,-28.794320
1048576,1048640,2097280,0.106,222311,32,80,13108,43,131,206.536403,0.356995209458,-290.140548,-83.604146,-28.794320
1048576,1048640,2097280,0.106,222311,32,80,13108,43,132,208.022426,0.356995209458,-292.235603,-84.213176,-28.794320
1048576,1048640,2097280,0.106,222311,32,80,13108,43,133,209.508450,0.356995209458,-294.328991,-84.820541,-28.794320
1048576,1048640,2097280,0.106,222311,32,80,13108,43,134,210.994473,0.356995209458,-296.420869,-85.426396,-28.794320
1048576,1048640,2097280,0.106,222311,32,80,13108,43,135,212.480496,0.356995209458,-298.511384,-86.030888,-28.794320
1048576,1048640,2097280,0.106,222311,32,80,13108,43,136,213.966520,0.356995209458,-300.600669,-86.634149,-28.794320
1048576,1048640,2097280,0.106,222311,32,80,13108,43,137,215.452543,0.356995209458,-302.688848,-87.236305,-28.794320
1048576,1048640,2097280,0.106,222311,32,80,13108,43,138,216.938567,0.356995209458,-304.776039,-87.837472,-28.794320
1048576,1048640,2097280,0.106,222311,32,80,13108,43,139,218.424590,0.356995209458,-306.862344,-88.437754,-28.794320
1048576,1048640,2097280,0.106,222311,32,80,13108,43,140,219.910613,0.356995209458,-308.947862,-89.037249,-28.794320
1048576,1048640,2097280,0.106,222311,32,80,13108,43,141,221.396637,0.356995209458,-311.032682,-89.636045,-28.794320
1048576,1048640,2097280,0.106,222311,32,80,13108,43,142,222.882660,0.356995209458,-313.116882,-90.234222,-28.794320
1048576,1048640,2097280,0.106,222311,32,80,13108,43,143,224.368684,0.356995209458,-315.200536,-90.831852,-28.794320
1048576,1048640,2097280,0.106,222311,32,80,13108,43,144,225.854707,0.356995209458,-317.283711,-91.429004,-28.794320
1048576,1048640,2097280,0.106,222311,32,80,13108,43,145,227.340730,0.356995209458,-319.366466,-92.025736,-28.794320
1048576,1048640,2097280,0.106,222311,32,80,13108,43,146,228.826754,0.356995209458,-321.448856,-92.622102,-28.794320
1048576,1048640,2097280,0.106,222311,32,80,13108,43,147,230.312777,0.356995209458,-323.530929,-93.218152,-28.794320
1048576,1048640,2097280,0.106,222311,32,80,13108,43,148,231.798800,0.356995209458,-325.612729,-93.813929,-28.794320
1048576,1048640,2097280,0.106,222311,32,80,13108,43,149,233.284824,0.356995209458,-327.694296,-94.409472,-28.794320
1048576,1048640,2097280,0.106,222311,32,80,13108,43,150,234.770847,0.356995209458,-329.775665,-95.004818,-28.794320
1048576,1048640,2097280,0.106,222311,32,80,13108,43,151,236.256871,0.356995209458,-331.856868,-95.599997,-28.794320
1048576,1048640,2097280,0.106,222311,32,80,13108,43,152,237.742894,0.356995209458,-333.937933,-96.195039,-28.794320
1048576,1048640,2097280,0.106,222311,32,80,13108,43,153,239.228917,0.356995209458,-336.018886,-96.789969,-28.794320
1048576,1048640,2097280,0.106,222311,32,80,13108,43,154,240.714941,0.356995209458,-338.099750,-97.384809,-28.794320
1048576,1048640,2097280,0.106,222311,32,80,13108,43,155,242.200964,0.356995209458,-340.180545,-97.979581,-28.794320
1048576,1048640,2097280,0.106,222311,32,80,13108,43,156,243.686987,0.356995209458,-342.261288,-98.574301,-28.794320
1048576,1048640,2097280,0.106,222311,32,80,13108,43,157,245.173011,0.356995209458,-344.341998,-99.168987,-28.794320
1048576,1048640,2097280,0.106,222311,32,80,13108,43,158,246.659034,0.356995209458,-346.422686,-99.763652,-28.794320
1048576,1048640,2097280,0.106,222311,32,80,13108,43,159,248.145058,0.356995209458,-348.503367,-100.358310,-28.794320
1048576,1048640,2097280,0.106,222311,32,80,13108,43,160,249.631081,0.356995209458,-350.584052,-100.952971,-28.794320
1048576,1048640,2097280,0.106,222311,32,80,13108,44,1,-inf,,-2.237846,-inf,-inf
1048576,1048640,2097280,0.106,222311,32,80,13108,44,2,-inf,,-4.475692,-inf,-inf
1048576,1048640,2097280,0.106,222311,32,80,13108,44,3,-inf,,-6.713537,-inf,-inf
1048576,1048640,2097280,0.106,222311,32,80,13108,44,4,-inf,,-8.951381,-inf,-inf
1048576,1048640,2097280,0.106,222311,32,80,13108,44,5,-inf,,-11.189224,-inf,-inf
1048576,1048640,2097280,0.106,222311,32,80,13108,44,6,-inf,,-13.427067,-inf,-inf
1048576,1048640,2097280,0.106,222311,32,80,13108,44,7,-inf,,-15.664909,-inf,-inf
1048576,1048640,2097280,0.106,222311,32,80,13108,44,8,-inf,,-17.902750,-inf,-inf
1048576,1048640,2097280,0.106,222311,32,80,13108,44,9,-inf,,-20.140591,-inf,-inf
1048576,1048640,2097280,0.106,222311,32,80,13108,44,10,-inf,,-22.378431,-inf,-inf
1048576,1048640,2097280,0.106,222311,32,80,13108,44,11,-inf,,-24.616270,-inf,-inf
1048576,1048640,2097280,0.106,222311,32,80,13108,44,12,-inf,,-26.854108,-inf,-inf
1048576,1048640,2097280,0.106,222311,32,80,13108,44,13,-inf,,-29.091945,-inf,-inf
1048576,1048640,2097280,0.106,222311,32,80,13108,44,14,-inf,,-31.329782,-inf,-inf
1048576,1048640,2097280,0.106,222311,32,80,13108,44,15,-inf,,-33.567618,-inf,-inf
1048576,1048640,2097280,0.106,222311,32,80,13108,44,16,-inf,,-35.805453,-inf,-inf
1048576,1048640,2097280,0.106,222311,32,80,13108,44,17,-inf,,-38.043288,-inf,-inf
1048576,1048640,2097280,0.106,222311,32,80,13108,44,18,-inf,,-40.281121,-inf,-inf
1048576,1048640,2097280,0.106,222311,32,80,13108,44,19,-inf,,-42.518954,-inf,-inf
1048576,1048640,2097280,0.106,222311,32,80,13108,44,20,-inf,,-44.756786,-inf,-inf
1048576,1048640,2097280,0.106,222311,32,80,13108,44,21,-inf,,-46.994617,-inf,-inf
1048576,1048640,2097280,0.106,222311,32,80,13108,44,22,-inf,,-49.232447,-inf,-inf
1048576,1048640,2097280,0.106,222311,32,80,13108,44,23,-inf,,-51.470276,-inf,-inf
1048576,1048640,2097280,0.106,222311,32,80,13108,44,24,-inf,,-53.708104,-inf,-inf
1048576,1048640,2097280,0.106,222311,32,80,13108,44,25,-inf,,-55.945932,-inf,-inf
1048576,1048640,2097280,0.106,222311,32,80,13108,44,26,-inf,,-58.183758,-inf,-inf
1048576,1048640,2097280,0.106,222311,32,80,13108,44,27,-inf,,-60.421583,-inf,-inf
1048576,1048640,2097280,0.106,222311,32,80,13108,44,28,-inf,,-62.659406,-inf,-inf
1048576,1048640,2097280,0.106,222311,32,80,13108,44,29,-inf,,-64.897229,-inf,-inf
1048576,1048640,2097280,0.106,222311,32,80,13108,44,30,-inf,,-67.135050,-inf,-inf
1048576,1048640,2097280,0.106,222311,32,80,13108,44,31,-inf,,-69.372869,-inf,-inf
1048576,1048640,2097280,0.106,222311,32,80,13108,44,32,-inf,,-71.610687,-inf,-inf
1048576,1048640,2097280,0.106,222311,32,80,13108,44,33,-inf,,-73.848504,-inf,-inf
1048576,1048640,2097280,0.106,222311,32,80,13108,44,34,-inf,,-76.086318,-inf,-inf
1048576,1048640,2097280,0.106,222311,32,80,13108,44,35,-inf,,-78.324131,-inf,-inf
1048576,1048640,2097280,0.106,222311,32,80,13108,44,36,-inf,,-80.561941,-inf,-inf
1048576,1048640,2097280,0.106,222311,32,80,13108,44,37,-inf,,-82.799749,-inf,-inf
1048576,1048640,2097280,0.106,222311,32,80,13108,44,38,-inf,,-85.037554,-inf,-inf
1048576,1048640,2097280,0.106,222311,32,80,13108,44,39,-inf,,-87.275356,-inf,-inf
1048576,1048640,2097280,0.106,222311,32,80,13108,44,40,-inf,,-89.513155,-inf,-inf
1048576,1048640,2097280,0.106,222311,32,80,13108,44,41,-inf,,-91.750951,-inf,-inf
1048576,1048640,2097280,0.106,222311,32,80,13108,44,42,-inf,,-93.988742,-inf,-inf
1048576,1048640,2097280,0.106,222311,32,80,13108,44,43,-inf,,-96.226529,-inf,-inf
1048576,1048640,2097280,0.106,222311,32,80,13108,44,44,66.256100,0.192539805332,-98.464311,-32.208211,-32.208211
1048576,1048640,2097280,0.106,222311,32,80,13108,44,45,68.632871,0.192539805332,-100.702087,-32.069216,-31.137040
1048576,1048640,2097280,0.106,222311,32,80,13108,44,46,70.949761,0.290590738289,-102.939857,-31.990096,-30.501415
1048576,1048640,2097280,0.106,222311,32,80,13108,44,47,72.675647,0.322086170895,-105.177620,-32.501974,-30.179599
1048576,1048640,2097280,0.106,222311,32,80,13108,44,48,74.310128,0.322086170895,-107.415376,-33.105248,-30.001221
1048576,1048640,2097280,0.106,222311,32,80,13108,44,49,75.944610,0.322086170895,-109.653122,-33.708513,-29.894794
1048576,1048640,2097280,0.106,222311,32,80,13108,44,50,77.579091,0.322086170895,-111.890859,-34.311768,-29.828791
1048576,1048640,2097280,0.106,222311,32,80,13108,44,51,79.213572,0.322086170895,-114.128584,-34.915012,-29.786936
1048576,1048640,2097280,0.106,222311,32,80,13108,44,52,80.848054,0.322086170895,-116.366297,-35.518243,-29.760031
1048576,1048640,2097280,0.106,222311,32,80,13108,44,53,82.482535,0.322086170895,-118.603995,-36.121460,-29.742591
1048576,1048640,2097280,0.106,222311,32,80,13108,44,54,84.117016,0.322086170895,-120.841678,-36.724662,-29.731223
1048576,1048640,2097280,0.106,222311,32,80,13108,44,55,85.751498,0.322086170895,-123.079343,-37.327845,-29.723789
1048576,1048640,2097280,0.106,222311,32,80,13108,44,56,87.385979,0.322086170895,-125.316987,-37.931008,-29.718916
1048576,1048640,2097280,0.106,222311,32,80,13108,44,57,89.020461,0.322086170895,-127.554609,-38.534148,-29.715717
1048576,1048640,2097280,0.106,222311,32,80,13108,44,58,90.654942,0.322086170895,-129.792205,-39.137263,-29.713614
1048576,1048640,2097280,0.106,222311,32,80,13108,44,59,92.289423,0.322086170895,-132.029772,-39.740349,-29.712232
1048576,1048640,2097280,0.106,222311,32,80,13108,44,60,93.923905,0.322086170895,-134.267306,-40.343402,-29.711323
1048576,1048640,2097280,0.106,222311,32,80,13108,44,61,95.558386,0.322086170895,-136.504804,-40.946418,-29.710724
1048576,1048640,2097280,0.106,222311,32,80,13108,44,62,97.192867,0.322086170895,-138.742260,-41.549393,-29.710330
1048576,1048640,2097280,0.106,222311,32,80,13108,44,63,98.827349,0.322086170895,-140.979669,-42.152321,-29.710071
1048576,1048640,2097280,0.106,222311,32,80,13108,44,64,100.461830,0.322086170895,-143.217026,-42.755196,-29.709900
1048576,1048640,2097280,0.106,222311,32,80,13108,44,65,102.096312,0.322086170895,-145.454324,-43.358012,-29.709788
1048576,1048640,2097280,0.106,222311,32,80,13108,44,66,103.730793,0.322086170895,-147.691555,-43.960762,-29.709714
1048576,1048640,2097280,0.106,222311,32,80,13108,44,67,105.365274,0.322086170895,-149.928710,-44.563436,-29.709665
1048576,1048640,2097280,0.106,222311,32,80,13108,44,68,106.999756,0.322086170895,-152.165781,-45.166026,-29.709633
1048576,1048640,2097280,0.106,222311,32,80,13108,44,69,108.634237,0.322086170895,-154.402757,-45.768520,-29.709612
1048576,1048640,2097280,0.106,222311,32,80,13108,44,70,110.268718,0.322086170895,-156.639626,-46.370907,-29.709598
1048576,1048640,2097280,0.106,222311,32,80,13108,44,71,111.903200,0.322086170895,-158.876374,-46.973174,-29.709589
1048576,1048640,2097280,0.106,222311,32,80,13108,44,72,113.537681,0.322086170895,-161.112986,-47.575305,-29.709583
1048576,1048640,2097280,0.106,222311,32,80,13108,44,73,115.172163,0.322086170895,-163.349447,-48.177284,-29.709579
1048576,1048640,2097280,0.106,222311,32,80,13108,44,74,116.806644,0.322086170895,-165.585736,-48.779092,-29.709576
1048576,1048640,2097280,0.106,222311,32,80,13108,44,75,118.441125,0.322086170895,-167.821833,-49.380708,-29.709575
1048576,1048640,2097280,0.106,222311,32,80,13108,44,76,120.075607,0.322086170895,-170.057715,-49.982109,-29.709574
1048576,1048640,2097280,0.106,222311,32,80,13108,44,77,121.710088,0.322086170895,-172.293355,-50.583267,-29.709573
1048576,1048640,2097280,0.106,222311,32,80,13108,44,78,123.344569,0.322086170895,-174.528724,-51.184154,-29.709572
1048576,1048640,2097280,0.106,222311,32,80,13108,44,79,124.979051,0.322086170895,-176.763788,-51.784737,-29.709572
1048576,1048640,2097280,0.106,222311,32,80,13108,44,80,126.613532,0.322086170895,-178.998512,-52.384980,-29.709572
1048576,1048640,2097280,0.106,222311,32,80,13108,44,81,128.248014,0.322086170895,-181.232855,-52.984842,-29.709572
1048576,1048640,2097280,0.106,222311,32,80,13108,44,82,129.882495,0.322086170895,-183.466772,-53.584277,-29.709571
1048576,1048640,2097280,0.106,222311,32,80,13108,44,83,131.516976,0.322086170895,-185.700212,-54.183236,-29.709571
1048576,1048640,2097280,0.106,222311,32,80,13108,44,84,133.151458,0.322086170895,-187.933121,-54.781663,-29.709571
1048576,1048640,2097280,0.106,222311,32,80,13108,44,85,134.785939,0.322086170895,-190.165436,-55.379497,-29.709571
1048576,1048640,2097280,0.106,222311,32,80,13108,44,86,136.420420,0.322086170895,-192.397090,-55.976669,-29.709571
1048576,1048640,2097280,0.106,222311,32,80,13108,44,87,138.054902,0.322086170895,-194.628006,-56.573104,-29.709571
1048576,1048640,2097280,0.106,222311,32,80,13108,44,88,139.689383,0.322086170895,-196.858104,-57.168721,-29.709571
1048576,1048640,2097280,0.106,222311,32,80,13108,44,89,141.323865,0.322086170895,-199.087293,-57.763428,-29.709571
1048576,1048640,2097280,0.106,222311,32,80,13108,44,90,142.958346,0.322086170895,-201.315473,-58.357127,-29.709571
1048576,1048640,2097280,0.106,222311,32,80,13108,44,91,144.592827,0.322086170895,-203.542536,-58.949708,-29.709571
1048576,1048640,2097280,0.106,222311,32,80,13108,44,92,146.227309,0.322086170895,-205.768365,-59.541056,-29.709571
1048576,1048640,2097280,0.106,222311,32,80,13108,44,93,147.861790,0.322086170895,-207.992832,-60.131042,-29.709571
1048576,1048640,2097280,0.106,222311,32,80,13108,44,94,149.496271,0.322086170895,-210.215800,-60.719529,-29.709571
1048576,1048640,2097280,0.106,222311,32,80,13108,44,95,151.130753,0.322086170895,-212.437121,-61.306368,-29.709571
1048576,1048640,2097280,0.106,222311,32,80,13108,44,96,152.737871,0.356995209458,-214.656639,-61.918767,-29.709571
1048576,1048640,2097280,0.106,222311,32,80,13108,44,97,154.223895,0.356995209458,-216.874183,-62.650288,-29.709571
1048576,1048640,2097280,0.106,222311,32,80,13108,44,98,155.709918,0.356995209458,-219.089579,-63.379661,-29.709571
1048576,1048640,2097280,0.106,222311,32,80,13108,44,99,157.195941,0.356995209458,-221.302639,-64.106698,-29.709571
1048576,1048640,2097280,0.106,222311,32,80,13108,44,100,158.681965,0.356995209458,-223.513174,-64.831209,-29.709571
1048576,1048640,2097280,0.106,222311,32,80,13108,44,101,160.167988,0.356995209458,-225.720982,-65.552994,-29.709571
1048576,1048640,2097280,0.106,222311,32,80,13108,44,102,161.654011,0.356995209458,-227.925862,-66.271851,-29.709571
1048576,1048640,2097280,0.106,222311,32,80,13108,44,103,163.140035,0.356995209458,-230.127608,-66.987574,-29.709571
1048576,1048640,2097280,0.106,222311,32,80,13108,44,104,164.626058,0.356995209458,-232.326017,-67.699959,-29.709571
1048576,1048640,2097280,0.106,222311,32,80,13108,44,105,166.112082,0.356995209458,-234.520892,-68.408810,-29.709571
1048576,1048640,2097280,0.106,222311,32,80,13108,44,106,167.598105,0.356995209458,-236.712034,-69.113929,-29.709571
1048576,1048640,2097280,0.106,222311,32,80,13108,44,107,169.084128,0.356995209458,-238.899265,-69.815136,-29.709571
1048576,1048640,2097280,0.106,222311,32,80,13108,44,108,170.570152,0.356995209458,-241.082416,-70.512265,-29.709571
1048576,1048640,2097280,0.106,222311,32,80,13108,44,109,172.056175,0.356995209458,-243.261334,-71.205159,-29.709571
1048576,1048640,2097280,0.106,222311,32,80,13108,44,110,173.542198,0.356995209458,-245.435890,-71.893691,-29.709571
1048576,1048640,2097280,0.106,222311,32,80,13108,44,111,175.028222,0.356995209458,-247.605979,-72.577757,-29.709571
1048576,1048640,2097280,0.106,222311,32,80,13108,44,112,176.514245,0.356995209458,-249.771519,-73.257273,-29.709571
1048576,1048640,2097280,0.106,222311,32,80,13108,44,113,178.000269,0.356995209458,-251.932459,-73.932190,-29.709571
1048576,1048640,2097280,0.106,222311,32,80,13108,44,114,179.486292,0.356995209458,-254.088781,-74.602489,-29.709571
1048576,1048640,2097280,0.106,222311,32,80,13108,44,115,180.972315,0.356995209458,-256.240489,-75.268174,-29.709571
1048576,1048640,2097280,0.106,222311,32,80,13108,44,116,182.458339,0.356995209458,-258.387626,-75.929287,-29.709571
1048576,1048640,2097280,0.106,222311,32,80,13108,44,117,183.944362,0.356995209458,-260.530262,-76.585900,-29.709571
1048576,1048640,2097280,0.106,222311,32,80,13108,44,118,185.430385,0.356995209458,-262.668490,-77.238105,-29.709571
1048576,1048640,2097280,0.106,222311,32,80,13108,44,119,186.916409,0.356995209458,-264.802434,-77.886026,-29.709571
1048576,1048640,2097280,0.106,222311,32,80,13108,44,120,188.402432,0.356995209458,-266.932240,-78.529808,-29.709571
1048576,1048640,2097280,0.106,222311,32,80,13108,44,121,189.888456,0.356995209458,-269.058068,-79.169612,-29.709571
1048576,1048640,2097280,0.106,222311,32,80,13108,44,122,191.374479,0.356995209458,-271.180098,-79.805619,-29.709571
1048576,1048640,2097280,0.106,222311,32,80,13108,44,123,192.860502,0.356995209458,-273.298525,-80.438022,-29.709571
1048576,1048640,2097280,0.106,222311,32,80,13108,44,124,194.346526,0.356995209458,-275.413544,-81.067019,-29.709571
1048576,1048640,2097280,0.106,222311,32,80,13108,44,125,195.832549,0.356995209458,-277.525364,-81.692815,-29.709571
1048576,1048640,2097280,0.106,222311,32,80,13108,44,126,197.318573,0.356995209458,-279.634192,-82.315620,-29.709571
1048576,1048640,2097280,0.106,222311,32,80,13108,44,127,198.804596,0.356995209458,-281.740235,-82.935639,-29.709571
1048576,1048640,2097280,0.106,222311,32,80,13108,44,128,200.290619,0.356995209458,-283.843696,-83.553076,-29.709571
1048576,1048640,2097280,0.106,222311,32,80,13108,44,129,201.776643,0.356995209458,-285.944776,-84.168133,-29.709571
1048576,1048640,2097280,0.106,222311,32,80,13108,44,130,203.262666,0.356995209458,-288.043665,-84.780999,-29.709571
1048576,1048640,2097280,0.106,222311,32,80,13108,44,131,204.748689,0.356995209458,-290.140548,-85.391859,-29.709571
1048576,1048640,2097280,0.106,222311,32,80,13108,44,132,206.234713,0.356995209458,-292.235603,-86.000890,-29.709571
1048576,1048640,2097280,0.106,222311,32,80,13108,44,133,207.720736,0.356995209458,-294.328991,-86.608255,-29.709571
1048576,1048640,2097280,0.106,222311,32,80,13108,44,134,209.206760,0.356995209458,-296.420869,-87.214110,-29.709571
1048576,1048640,2097280,0.106,222311,32,80,13108,44,135,210.692783,0.356995209458,-298.511384,-87.818601,-29.709571
1048576,1048640,2097280,0.106,222311,32,80,13108,44,136,212.178806,0.356995209458,-300.600669,-88.421862,-29.709571
1048576,1048640,2097280,0.106,222311,32,80,13108,44,137,213.664830,0.356995209458,-302.688848,-89.024019,-29.709571
1048576,1048640,2097280,0.106,222311,32,80,13108,44,138,215.150853,0.356995209458,-304.776039,-89.625186,-29.709571
1048576,1048640,2097280,0.106,222311,32,80,13108,44,139,216.636876,0.356995209458,-306.862344,-90.225468,-29.709571
1048576,1048640,2097280,0.106,222311,32,80,13108,44,140,218.122900,0.356995209458,-308.947862,-90.824962,-29.709571
1048576,1048640,2097280,0.106,222311,32,80,13108,44,141,219.608923,0.356995209458,-311.032682,-91.423758,-29.709571
1048576,1048640,2097280,0.106,222311,32,80,13108,44,142,221.094947,0.356995209458,-313.116882,-92.021935,-29.709571
1048576,1048640,2097280,0.106,222311,32,80,13108,44,143,222.580970,0.356995209458,-315.200536,-92.619566,-29.709571
1048576,1048640,2097280,0.106,222311,32,80,13108,44,144,224.066993,0.356995209458,-317.283711,-93.216718,-29.709571
1048576,1048640,2097280,0.106,222311,32,80,13108,44,145,225.553017,0.356995209458,-319.366466,-93.813450,-29.709571
1048576,1048640,2097280,0.106,222311,32,80,13108,44,146,227.039040,0.356995209458,-321.448856,-94.409816,-29.709571
1048576,1048640,2097280,0.106,222311,32,80,13108,44,147,228.525064,0.356995209458,-323.530929,-95.005866,-29.709571
1048576,1048640,2097280,0.106,222311,32,80,13108,44,148,230.011087,0.356995209458,-325.612729,-95.601642,-29.709571
1048576,1048640,2097280,0.106,222311,32,80,13108,44,149,231.497110,0.356995209458,-327.694296,-96.197186,-29.709571
1048576,1048640,2097280,0.106,222311,32,80,13108,44,150,232.983134,0.356995209458,-329.775665,-96.792532,-29.709571
1048576,1048640,2097280,0.106,222311,32,80,13108,44,151,234.469157,0.356995209458,-331.856868,-97.387711,-29.709571
1048576,1048640,2097280,0.106,222311,32,80,13108,44,152,235.955180,0.356995209458,-333.937933,-97.982753,-29.709571
1048576,1048640,2097280,0.106,222311,32,80,13108,44,153,237.441204,0.356995209458,-336.018886,-98.577683,-29.709571
1048576,1048640,2097280,0.106,222311,32,80,13108,44,154,238.927227,0.356995209458,-338.099750,-99.172523,-29.709571
1048576,1048640,2097280,0.106,222311,32,80,13108,44,155,240.413251,0.356995209458,-340.180545,-99.767294,-29.709571
1048576,1048640,2097280,0.106,222311,32,80,13108,44,156,241.899274,0.356995209458,-342.261288,-100.362015,-29.709571
1048576,1048640,2097280,0.106,222311,32,80,13108,44,157,243.385297,0.356995209458,-344.341998,-100.956700,-29.709571
1048576,1048640,2097280,0.106,222311,32,80,13108,44,158,244.871321,0.356995209458,-346.422686,-101.551366,-29.709571
1048576,1048640,2097280,0.106,222311,32,80,13108,44,159,246.357344,0.356995209458,-348.503367,-102.146023,-29.709571
1048576,1048640,2097280,0.106,222311,32,80,13108,44,160,247.843367,0.356995209458,-350.584052,-102.740684,-29.709571
1048576,1048640,2097280,0.106,222311,32,80,13108,45,1,-inf,,-2.237846,-inf,-inf
1048576,1048640,2097280,0.106,222311,32,80,13108,45,2,-inf,,-4.475692,-inf,-inf
1048576,1048640,2097280,0.106,222311,32,80,13108,45,3,-inf,,-6.713537,-inf,-inf
1048576,1048640,2097280,0.106,222311,32,80,13108,45,4,-inf,,-8.951381,-inf,-inf
1048576,1048640,2097280,0.106,222311,32,80,13108,45,5,-inf,,-11.189224,-inf,-inf
1048576,1048640,2097280,0.106,222311,32,80,13108,45,6,-inf,,-13.427067,-inf,-inf
1048576,1048640,2097280,0.106,222311,32,80,13108,45,7,-inf,,-15.664909,-inf,-inf
1048576,1048640,2097280,0.106,222311,32,80,13108,45,8,-inf,,-17.902750,-inf,-inf
1048576,1048640,2097280,0.106,222311,32,80,13108,45,9,-inf,,-20.140591,-inf,-inf
1048576,1048640,2097280,0.106,222311,32,80,13108,45,10,-inf,,-22.378431,-inf,-inf
1048576,1048640,2097280,0.106,222311,32,80,13108,45,11,-inf,,-24.616270,-inf,-inf
1048576,1048640,2097280,0.106,222311,32,80,13108,45,12,-inf,,-26.854108,-inf,-inf
1048576,1048640,2097280,0.106,222311,32,80,13108,45,13,-inf,,-29.091945,-inf,-inf
1048576,1048640,2097280,0.106,222311,32,80,13108,45,14,-inf,,-31.329782,-inf,-inf
1048576,1048640,2097280,0.106,222311,32,80,13108,45,15,-inf,,-33.567618,-inf,-inf
1048576,1048640,2097280,0.106,222311,32,80,13108,45,16,-inf,,-35.805453,-inf,-inf
1048576,1048640,2097280,0.106,222311,32,80,13108,45,17,-inf,,-38.043288,-inf,-inf
1048576,1048640,2097280,0.106,222311,32,80,13108,45,18,-inf,,-40.281121,-inf,-inf
1048576,1048640,2097280,0.106,222311,32,80,13108,45,19,-inf,,-42.518954,-inf,-inf
1048576,1048640,2097280,0.106,222311,32,80,13108,45,20,-inf,,-44.756786,-inf,-inf
1048576,1048640,2097280,0.106,222311,32,80,13108,45,21,-inf,,-46.994617,-inf,-inf
1048576,1048640,2097280,0.106,222311,32,80,13108,45,22,-inf,,-49.232447,-inf,-inf
1048576,1048640,2097280,0.106,222311,32,80,13108,45,23,-inf,,-51.470276,-inf,-inf
1048576,1048640,2097280,0.106,222311,32,80,13108,45,24,-inf,,-53.708104,-inf,-inf
1048576,1048640,2097280,0.106,222311,32,80,13108,45,25,-inf,,-55.945932,-inf,-inf
1048576,1048640,2097280,0.106,222311,32,80,13108,45,26,-inf,,-58.183758,-inf,-inf
1048576,1048640,2097280,0.106,222311,32,80,13108,45,27,-inf,,-60.421583,-inf,-inf
1048576,1048640,2097280,0.106,222311,32,80,13108,45,28,-inf,,-62.659406,-inf,-inf
1048576,1048640,2097280,0.106,222311,32,80,13108,45,29,-inf,,-64.897229,-inf,-inf
1048576,1048640,2097280,0.106,222311,32,80,13108,45,30,-inf,,-67.135050,-inf,-inf
1048576,1048640,2097280,0.106,222311,32,80,13108,45,31,-inf,,-69.372869,-inf,-inf
1048576,1048640,2097280,0.106,222311,32,80,13108,45,32,-inf,,-71.610687,-inf,-inf
1048576,1048640,2097280,0.106,222311,32,80,13108,45,33,-inf,,-73.848504,-inf,-inf
1048576,1048640,2097280,0.106,222311,32,80,13108,45,34,-inf,,-76.086318,-inf,-inf
1048576,1048640,2097280,0.106,222311,32,80,13108,45,35,-inf,,-78.324131,-inf,-inf
1048576,1048640,2097280,0.106,222311,32,80,13108,45,36,-inf,,-80.561941,-inf,-inf
1048576,1048640,2097280,0.106,222311,32,80,13108,45,37,-inf,,-82.799749,-inf,-inf
1048576,1048640,2097280,0.106,222311,32,80,13108,45,38,-inf,,-85.037554,-inf,-inf
1048576,1048640,2097280,0.106,222311,32,80,13108,45,39,-inf,,-87.275356,-inf,-inf
1048576,1048640,2097280,0.106,222311,32,80,13108,45,40,-inf,,-89.513155,-inf,-inf
1048576,1048640,2097280,0.106,222311,32,80,13108,45,41,-inf,,-91.750951,-inf,-inf
1048576,1048640,2097280,0.106,222311,32,80,13108,45,42,-inf,,-93.988742,-inf,-inf
1048576,1048640,2097280,0.106,222311,32,80,13108,45,43,-inf,,-96.226529,-inf,-inf
1048576,1048640,2097280,0.106,222311,32,80,13108,45,44,-inf,,-98.464311,-inf,-inf
1048576,1048640,2097280,0.106,222311,32,80,13108,45,45,68.018350,0.21340807009,-100.702087,-32.683737,-32.683737
1048576,1048640,2097280,0.106,222311,32,80,13108,45,46,70.246664,0.21340807009,-102.939857,-32.693194,-31.688457
1048576,1048640,2097280,0.106,222311,32,80,13108,45,47,72.229538,0.290590738289,-105.177620,-32.948082,-31.184953
1048576,1048640,2097280,0.106,222311,32,80,13108,45,48,73.921630,0.322086170895,-107.415376,-33.493746,-30.919721
1048576,1048640,2097280,0.106,222311,32,80,13108,45,49,75.556112,0.322086170895,-109.653122,-34.097011,-30.768453
1048576,1048640,2097280,0.106,222311,32,80,13108,45,50,77.190593,0.322086170895,-111.890859,-34.700266,-30.676889
1048576,1048640,2097280,0.106,222311,32,80,13108,45,51,78.825074,0.322086170895,-114.128584,-35.303510,-30.619638
1048576,1048640,2097280,0.106,222311,32,80,13108,45,52,80.459556,0.322086170895,-116.366297,-35.906741,-30.583155
1048576,1048640,2097280,0.106,222311,32,80,13108,45,53,82.094037,0.322086170895,-118.603995,-36.509958,-30.559633
1048576,1048640,2097280,0.106,222311,32,80,13108,45,54,83.728518,0.322086170895,-120.841678,-37.113160,-30.544355
1048576,1048640,2097280,0.106,222311,32,80,13108,45,55,85.363000,0.322086170895,-123.079343,-37.716343,-30.534385
1048576,1048640,2097280,0.106,222311,32,80,13108,45,56,86.997481,0.322086170895,-125.316987,-38.319506,-30.527859
1048576,1048640,2097280,0.106,222311,32,80,13108,45,57,88.631963,0.322086170895,-127.554609,-38.922646,-30.523579
1048576,1048640,2097280,0.106,222311,32,80,13108,45,58,90.266444,0.322086170895,-129.792205,-39.525761,-30.520768
1048576,1048640,2097280,0.106,222311,32,80,13108,45,59,91.900925,0.322086170895,-132.029772,-40.128847,-30.518921
1048576,1048640,2097280,0.106,222311,32,80,13108,45,60,93.535407,0.322086170895,-134.267306,-40.731900,-30.517706
1048576,1048640,2097280,0.106,222311,32,80,13108,45,61,95.169888,0.322086170895,-136.504804,-41.334916,-30.516906
1048576,1048640,2097280,0.106,222311,32,80,13108,45,62,96.804369,0.322086170895,-138.742260,-41.937891,-30.516380
1048576,1048640,2097280,0.106,222311,32,80,13108,45,63,98.438851,0.322086170895,-140.979669,-42.540819,-30.516034
1048576,1048640,2097280,0.106,222311,32,80,13108,45,64,100.073332,0.322086170895,-143.217026,-43.143694,-30.515806
1048576,1048640,2097280,0.106,222311,32,80,13108,45,65,101.707814,0.322086170895,-145.454324,-43.746510,-30.515656
1048576,1048640,2097280,0.106,222311,32,80,13108,45,66,103.342295,0.322086170895,-147.691555,-44.349260,-30.515557
1048576,1048640,2097280,0.106,222311,32,80,13108,45,67,104.976776,0.322086170895,-149.928710,-44.951934,-30.515492
1048576,1048640,2097280,0.106,222311,32,80,13108,45,68,106.611258,0.322086170895,-152.165781,-45.554524,-30.515449
1048576,1048640,2097280,0.106,222311,32,80,13108,45,69,108.245739,0.322086170895,-154.402757,-46.157018,-30.515421
1048576,1048640,2097280,0.106,222311,32,80,13108,45,70,109.880220,0.322086170895,-156.639626,-46.759405,-30.515402
1048576,1048640,2097280,0.106,222311,32,80,13108,45,71,111.514702,0.322086170895,-158.876374,-47.361672,-30.515390
1048576,1048640,2097280,0.106,222311,32,80,13108,45,72,113.149183,0.322086170895,-161.112986,-47.963803,-30.515382
1048576,1048640,2097280,0.106,222311,32,80,13108,45,73,114.783665,0.322086170895,-163.349447,-48.565782,-30.515377
1048576,1048640,2097280,0.106,222311,32,80,13108,45,74,116.418146,0.322086170895,-165.585736,-49.167590,-30.515373
1048576,1048640,2097280,0.106,222311,32,80,13108,45,75,118.052627,0.322086170895,-167.821833,-49.769206,-30.515371
1048576,1048640,2097280,0.106,222311,32,80,13108,45,76,119.687109,0.322086170895,-170.057715,-50.370607,-30.515369
1048576,1048640,2097280,0.106,222311,32,80,13108,45,77,121.321590,0.322086170895,-172.293355,-50.971765,-30.515368
1048576,1048640,2097280,0.106,222311,32,80,13108,45,78,122.956071,0.322086170895,-174.528724,-51.572652,-30.515368
1048576,1048640,2097280,0.106,222311,32,80,13108,45,79,124.590553,0.322086170895,-176.763788,-52.173235,-30.515367
1048576,1048640,2097280,0.106,222311,32,80,13108,45,80,126.225034,0.322086170895,-178.998512,-52.773478,-30.515367
1048576,1048640,2097280,0.106,222311,32,80,13108,45,81,127.859516,0.322086170895,-181.232855,-53.373340,-30.515367
1048576,1048640,2097280,0.106,222311,32,80,13108,45,82,129.493997,0.322086170895,-183.466772,-53.972775,-30.515367
1048576,1048640,2097280,0.106,222311,32,80,13108,45,83,131.128478,0.322086170895,-185.700212,-54.571734,-30.515367
1048576,1048640,2097280,0.106,222311,32,80,13108,45,84,132.762960,0.322086170895,-187.933121,-55.170161,-30.515367
1048576,1048640,2097280,0.106,222311,32,80,13108,45,85,134.397441,0.322086170895,-190.165436,-55.767995,-30.515367
1048576,1048640,2097280,0.106,222311,32,80,13108,45,86,136.031922,0.322086170895,-192.397090,-56.365167,-30.515367
1048576,1048640,2097280,0.106,222311,32,80,13108,45,87,137.664367,0.356995209458,-194.628006,-56.963639,-30.515367
1048576,1048640,2097280,0.106,222311,32,80,13108,45,88,139.150390,0.356995209458,-196.858104,-57.707714,-30.515366
1048576,1048640,2097280,0.106,222311,32,80,13108,45,89,140.636414,0.356995209458,-199.087293,-58.450879,-30.515366
1048576,1048640,2097280,0.106,222311,32,80,13108,45,90,142.122437,0.356995209458,-201.315473,-59.193036,-30.515366
1048576,1048640,2097280,0.106,222311,32,80,13108,45,91,143.608461,0.356995209458,-203.542536,-59.934075,-30.515366
1048576,1048640,2097280,0.106,222311,32,80,13108,45,92,145.094484,0.356995209458,-205.768365,-60.673881,-30.515366
1048576,1048640,2097280,0.106,222311,32,80,13108,45,93,146.580507,0.356995209458,-207.992832,-61.412325,-30.515366
1048576,1048640,2097280,0.106,222311,32,80,13108,45,94,148.066531,0.356995209458,-210.215800,-62.149270,-30.515366
1048576,1048640,2097280,0.106,222311,32,80,13108,45,95,149.552554,0.356995209458,-212.437121,-62.884567,-30.515366
1048576,1048640,2097280,0.106,222311,32,80,13108,45,96,151.038577,0.356995209458,-214.656639,-63.618061,-30.515366
1048576,1048640,2097280,0.106,222311,32,80,13108,45,97,152.524601,0.356995209458,-216.874183,-64.349582,-30.515366
1048576,1048640,2097280,0.106,222311,32,80,13108,45,98,154.010624,0.356995209458,-219.089579,-65.078955,-30.515366
1048576,1048640,2097280,0.106,222311,32,80,13108,45,99,155.496648,0.356995209458,-221.302639,-65.805992,-30.515366
1048576,1048640,2097280,0.106,222311,32,80,13108,45,100,156.982671,0.356995209458,-223.513174,-66.530503,-30.515366
1048576,1048640,2097280,0.106,222311,32,80,13108,45,101,158.468694,0.356995209458,-225.720982,-67.252287,-30.515366
1048576,1048640,2097280,0.106,222311,32,80,13108,45,102,159.954718,0.356995209458,-227.925862,-67.971145,-30.515366
1048576,1048640,2097280,0.106,222311,32,80,13108,45,103,161.440741,0.356995209458,-230.127608,-68.686867,-30.515366
1048576,1048640,2097280,0.106,222311,32,80,13108,45,104,162.926764,0.356995209458,-232.326017,-69.399253,-30.515366
1048576,1048640,2097280,0.106,222311,32,80,13108,45,105,164.412788,0.356995209458,-234.520892,-70.108104,-30.515366
1048576,1048640,2097280,0.106,222311,32,80,13108,45,106,165.898811,0.356995209458,-236.712034,-70.813223,-30.515366
1048576,1048640,2097280,0.106,222311,32,80,13108,45,107,167.384835,0.356995209458,-238.899265,-71.514430,-30.515366
1048576,1048640,2097280,0.106,222311,32,80,13108,45,108,168.870858,0.356995209458,-241.082416,-72.211558,-30.515366
1048576,1048640,2097280,0.106,222311,32,80,13108,45,109,170.356881,0.356995209458,-243.261334,-72.904453,-30.515366
1048576,1048640,2097280,0.106,222311,32,80,13108,45,110,171.842905,0.356995209458,-245.435890,-73.592985,-30.515366
1048576,1048640,2097280,0.106,222311,32,80,13108,45,111,173.328928,0.356995209458,-247.605979,-74.277051,-30.515366
1048576,1048640,2097280,0.106,222311,32,80,13108,45,112,174.814952,0.356995209458,-249.771519,-74.956567,-30.515366
1048576,1048640,2097280,0.106,222311,32,80,13108,45,113,176.300975,0.356995209458,-251.932459,-75.631484,-30.515366
1048576,1048640,2097280,0.106,222311,32,80,13108,45,114,177.786998,0.356995209458,-254.088781,-76.301782,-30.515366
1048576,1048640,2097280,0.106,222311,32,80,13108,45,115,179.273022,0.356995209458,-256.240489,-76.967468,-30.515366
1048576,1048640,2097280,0.106,222311,32,80,13108,45,116,180.759045,0.356995209458,-258.387626,-77.628581,-30.515366
1048576,1048640,2097280,0.106,222311,32,80,13108,45,117,182.245068,0.356995209458,-260.530262,-78.285194,-30.515366
1048576,1048640,2097280,0.106,222311,32,80,13108,45,118,183.731092,0.356995209458,-262.668490,-78.937399,-30.515366
1048576,1048640,2097280,0.106,222311,32,80,13108,45,119,185.217115,0.356995209458,-264.802434,-79.585319,-30.515366
1048576,1048640,2097280,0.106,222311,32,80,13108,45,120,186.703139,0.356995209458,-266.932240,-80.229101,-30.515366
1048576,1048640,2097280,0.106,222311,32,80,13108,45,121,188.189162,0.356995209458,-269.058068,-80.868906,-30.515366
1048576,1048640,2097280,0.106,222311,32,80,13108,45,122,189.675185,0.356995209458,-271.180098,-81.504913,-30.515366
1048576,1048640,2097280,0.106,222311,32,80,13108,45,123,191.161209,0.356995209458,-273.298525,-82.137316,-30.515366
1048576,1048640,2097280,0.106,222311,32,80,13108,45,124,192.647232,0.356995209458,-275.413544,-82.766312,-30.515366
1048576,1048640,2097280,0.106,222311,32,80,13108,45,125,194.133255,0.356995209458,-277.525364,-83.392108,-30.515366
1048576,1048640,2097280,0.106,222311,32,80,13108,45,126,195.619279,0.356995209458,-279.634192,-84.014914,-30.515366
1048576,1048640,2097280,0.106,222311,32,80,13108,45,127,197.105302,0.356995209458,-281.740235,-84.634932,-30.515366
1048576,1048640,2097280,0.106,222311,32,80,13108,45,128,198.591326,0.356995209458,-283.843696,-85.252370,-30.515366
1048576,1048640,2097280,0.106,222311,32,80,13108,45,129,200.077349,0.356995209458,-285.944776,-85.867427,-30.515366
1048576,1048640,2097280,0.106,222311,32,80,13108,45,130,201.563372,0.356995209458,-288.043665,-86.480293,-30.515366
1048576,1048640,2097280,0.106,222311,32,80,13108,45,131,203.049396,0.356995209458,-290.140548,-87.091153,-30.515366
1048576,1048640,2097280,0.106,222311,32,80,13108,45,132,204.535419,0.356995209458,-292.235603,-87.700183,-30.515366
1048576,1048640,2097280,0.106,222311,32,80,13108,45,133,206.021442,0.356995209458,-294.328991,-88.307548,-30.515366
1048576,1048640,2097280,0.106,222311,32,80,13108,45,134,207.507466,0.356995209458,-296.420869,-88.913404,-30.515366
1048576,1048640,2097280,0.106,222311,32,80,13108,45,135,208.993489,0.356995209458,-298.511384,-89.517895,-30.515366
1048576,1048640,2097280,0.106,222311,32,80,13108,45,136,210.479513,0.356995209458,-300.600669,-90.121156,-30.515366
1048576,1048640,2097280,0.106,222311,32,80,13108,45,137,211.965536,0.356995209458,-302.688848,-90.723312,-30.515366
1048576,1048640,2097280,0.106,222311,32,80,13108,45,138,213.451559,0.356995209458,-304.776039,-91.324479,-30.515366
1048576,1048640,2097280,0.106,222311,32,80,13108,45,139,214.937583,0.356995209458,-306.862344,-91.924761,-30.515366
1048576,1048640,2097280,0.106,222311,32,80,13108,45,140,216.423606,0.356995209458,-308.947862,-92.524256,-30.515366
1048576,1048640,2097280,0.106,222311,32,80,13108,45,141,217.909630,0.356995209458,-311.032682,-93.123052,-30.515366
1048576,1048640,2097280,0.106,222311,32,80,13108,45,142,219.395653,0.356995209458,-313.116882,-93.721229,-30.515366
1048576,1048640,2097280,0.106,222311,32,80,13108,45,143,220.881676,0.356995209458,-315.200536,-94.318860,-30.515366
1048576,1048640,2097280,0.106,222311,32,80,13108,45,144,222.367700,0.356995209458,-317.283711,-94.916011,-30.515366
1048576,1048640,2097280,0.106,222311,32,80,13108,45,145,223.853723,0.356995209458,-319.366466,-95.512743,-30.515366
1048576,1048640,2097280,0.106,222311,32,80,13108,45,146,225.339746,0.356995209458,-321.448856,-96.109110,-30.515366
1048576,1048640,2097280,0.106,222311,32,80,13108,45,147,226.825770,0.356995209458,-323.530929,-96.705159,-30.515366
1048576,1048640,2097280,0.106,222311,32,80,13108,45,148,228.311793,0.356995209458,-325.612729,-97.300936,-30.515366
1048576,1048640,2097280,0.106,222311,32,80,13108,45,149,229.797817,0.356995209458,-327.694296,-97.896479,-30.515366
1048576,1048640,2097280,0.106,222311,32,80,13108,45,150,231.283840,0.356995209458,-329.775665,-98.491825,-30.515366
1048576,1048640,2097280,0.106,222311,32,80,13108,45,151,232.769863,0.356995209458,-331.856868,-99.087005,-30.515366
1048576,1048640,2097280,0.106,222311,32,80,13108,45,152,234.255887,0.356995209458,-333.937933,-99.682046,-30.515366
1048576,1048640,2097280,0.106,222311,32,80,13108,45,153,235.741910,0.356995209458,-336.018886,-100.276976,-30.515366
1048576,1048640,2097280,0.106,222311,32,80,13108,45,154,237.227933,0.356995209458,-338.099750,-100.871817,-30.515366
1048576,1048640,2097280,0.106,222311,32,80,13108,45,155,238.713957,0.356995209458,-340.180545,-101.466588,-30.515366
1048576,1048640,2097280,0.106,222311,32,80,13108,45,156,240.199980,0.356995209458,-342.261288,-102.061308,-30.515366
1048576,1048640,2097280,0.106,222311,32,80,13108,45,157,241.686004,0.356995209458,-344.341998,-102.655994,-30.515366
1048576,1048640,2097280,0.106,222311,32,80,13108,45,158,243.172027,0.356995209458,-346.422686,-103.250659,-30.515366
1048576,1048640,2097280,0.106,222311,32,80,13108,45,159,244.658050,0.356995209458,-348.503367,-103.845317,-30.515366
1048576,1048640,2097280,0.106,222311,32,80,13108,45,160,246.144074,0.356995209458,-350.584052,-104.439978,-30.515366
1048576,1048640,2097280,0.106,222311,32,80,13108,46,1,-inf,,-2.237846,-inf,-inf
1048576,1048640,2097280,0.106,222311,32,80,13108,46,2,-inf,,-4.475692,-inf,-inf
1048576,1048640,2097280,0.106,222311,32,80,13108,46,3,-inf,,-6.713537,-inf,-inf
1048576,1048640,2097280,0.106,222311,32,80,13108,46,4,-inf,,-8.951381,-inf,-inf
1048576,1048640,2097280,0.106,222311,32,80,13108,46,5,-inf,,-11.189224,-inf,-inf
1048576,1048640,2097280,0.106,222311,32,80,13108,46,6,-inf,,-13.427067,-inf,-inf
1048576,1048640,2097280,0.106,222311,32,80,13108,46,7,-inf,,-15.664909,-inf,-inf
1048576,1048640,2097280,0.106,222311,32,80,13108,46,8,-inf,,-17.902750,-inf,-inf
1048576,1048640,2097280,0.106,222311,32,80,13108,46,9,-inf,,-20.140591,-inf,-inf
1048576,1048640,2097280,0.106,222311,32,80,13108,46,10,-inf,,-22.378431,-inf,-inf
1048576,1048640,2097280,0.106,222311,32,80,13108,46,11,-inf,,-24.616270,-inf,-inf
1048576,1048640,2097280,0.106,222311,32,80,13108,46,12,-inf,,-26.854108,-inf,-inf
1048576,1048640,2097280,0.106,222311,32,80,13108,46,13,-inf,,-29.091945,-inf,-inf
1048576,1048640,2097280,0.106,222311,32,80,13108,46,14,-inf,,-31.329782,-inf,-inf
1048576,1048640,2097280,0.106,222311,32,80,13108,46,15,-inf,,-33.567618,-inf,-inf
1048576,1048640,2097280,0.106,222311,32,80,13108,46,16,-inf,,-35.805453,-inf,-inf
1048576,1048640,2097280,0.106,222311,32,80,13108,46,17,-inf,,-38.043288,-inf,-inf
1048576,1048640,2097280,0.106,222311,32,80,13108,46,18,-inf,,-40.281121,-inf,-inf
1048576,1048640,2097280,0.106,222311,32,80,13108,46,19,-inf,,-42.518954,-inf,-inf
1048576,1048640,2097280,0.106,222311,32,80,13108,46,20,-inf,,-44.756786,-inf,-inf
1048576,1048640,2097280,0.106,222311,32,80,13108,46,21,-inf,,-46.994617,-inf,-inf
1048576,1048640,2097280,0.106,222311,32,80,13108,46,22,-inf,,-49.232447,-inf,-inf
1048576,1048640,2097280,0.106,222311,32,80,13108,46,23,-inf,,-51.470276,-inf,-inf
1048576,1048640,2097280,0.106,222311,32,80,13108,46,24,-inf,,-53.708104,-inf,-inf
1048576,1048640,2097280,0.106,222311,32,80,13108,46,25,-inf,,-55.945932,-inf,-inf
1048576,1048640,2097280,0.106,222311,32,80,13108,46,26,-inf,,-58.183758,-inf,-inf
1048576,1048640,2097280,0.106,222311,32,80,13108,46,27,-inf,,-60.421583,-inf,-inf
1048576,1048640,2097280,0.106,222311,32,80,13108,46,28,-inf,,-62.659406,-inf,-inf
1048576,1048640,2097280,0.106,222311,32,80,13108,46,29,-inf,,-64.897229,-inf,-inf
1048576,1048640,2097280,0.106,222311,32,80,13108,46,30,-inf,,-67.135050,-inf,-inf
1048576,1048640,2097280,0.106,222311,32,80,13108,46,31,-inf,,-69.372869,-inf,-inf
1048576,1048640,2097280,0.106,222311,32,80,13108,46,32,-inf,,-71.610687,-inf,-inf
1048576,1048640,2097280,0.106,222311,32,80,13108,46,33,-inf,,-73.848504,-inf,-inf
1048576,1048640,2097280,0.106,222311,32,80,13108,46,34,-inf,,-76.086318,-inf,-inf
1048576,1048640,2097280,0.106,222311,32,80,13108,46,35,-inf,,-78.324131,-inf,-inf
1048576,1048640,2097280,0.106,222311,32,80,13108,46,36,-inf,,-80.561941,-inf,-inf
1048576,1048640,2097280,0.106,222311,32,80,13108,46,37,-inf,,-82.799749,-inf,-inf
1048576,1048640,2097280,0.106,222311,32,80,13108,46,38,-inf,,-85.037554,-inf,-inf
1048576,1048640,2097280,0.106,222311,32,80,13108,46,39,-inf,,-87.275356,-inf,-inf
1048576,1048640,2097280,0.106,222311,32,80,13108,46,40,-inf,,-89.513155,-inf,-inf
1048576,1048640,2097280,0.106,222311,32,80,13108,46,41,-inf,,-91.750951,-inf,-inf
1048576,1048640,2097280,0.106,222311,32,80,13108,46,42,-inf,,-93.988742,-inf,-inf
1048576,1048640,2097280,0.106,222311,32,80,13108,46,43,-inf,,-96.226529,-inf,-inf
1048576,1048640,2097280,0.106,222311,32,80,13108,46,44,-inf,,-98.464311,-inf,-inf
1048576,1048640,2097280,0.106,222311,32,80,13108,46,45,-inf,,-100.702087,-inf,-inf
1048576,1048640,2097280,0.106,222311,32,80,13108,46,46,69.268037,0.21340807009,-102.939857,-33.671820,-33.671820
1048576,1048640,2097280,0.106,222311,32,80,13108,46,47,71.496351,0.21340807009,-105.177620,-33.681270,-32.676537
1048576,1048640,2097280,0.106,222311,32,80,13108,46,48,73.471772,0.290590738289,-107.415376,-33.943604,-32.175222
1048576,1048640,2097280,0.106,222311,32,80,13108,46,49,75.134114,0.322086170895,-109.653122,-34.519008,-31.915807
1048576,1048640,2097280,0.106,222311,32,80,13108,46,50,76.768595,0.322086170895,-111.890859,-35.122263,-31.767416
1048576,1048640,2097280,0.106,222311,32,80,13108,46,51,78.403076,0.322086170895,-114.128584,-35.725507,-31.677454
1048576,1048640,2097280,0.106,222311,32,80,13108,46,52,80.037558,0.322086170895,-116.366297,-36.328739,-31.621155
1048576,1048640,2097280,0.106,222311,32,80,13108,46,53,81.672039,0.322086170895,-118.603995,-36.931956,-31.585259
1048576,1048640,2097280,0.106,222311,32,80,13108,46,54,83.306521,0.322086170895,-120.841678,-37.535157,-31.562107
1048576,1048640,2097280,0.106,222311,32,80,13108,46,55,84.941002,0.322086170895,-123.079343,-38.138341,-31.547067
1048576,1048640,2097280,0.106,222311,32,80,13108,46,56,86.575483,0.322086170895,-125.316987,-38.741504,-31.537250
1048576,1048640,2097280,0.106,222311,32,80,13108,46,57,88.209965,0.322086170895,-127.554609,-39.344644,-31.530824
1048576,1048640,2097280,0.106,222311,32,80,13108,46,58,89.844446,0.322086170895,-129.792205,-39.947759,-31.526609
1048576,1048640,2097280,0.106,222311,32,80,13108,46,59,91.478928,0.322086170895,-132.029772,-40.550844,-31.523841
1048576,1048640,2097280,0.106,222311,32,80,13108,46,60,93.113409,0.322086170895,-134.267306,-41.153898,-31.522021
1048576,1048640,2097280,0.106,222311,32,80,13108,46,61,94.747890,0.322086170895,-136.504804,-41.756914,-31.520825
1048576,1048640,2097280,0.106,222311,32,80,13108,46,62,96.382372,0.322086170895,-138.742260,-42.359889,-31.520037
1048576,1048640,2097280,0.106,222311,32,80,13108,46,63,98.016853,0.322086170895,-140.979669,-42.962816,-31.519519
1048576,1048640,2097280,0.106,222311,32,80,13108,46,64,99.651334,0.322086170895,-143.217026,-43.565692,-31.519178
1048576,1048640,2097280,0.106,222311,32,80,13108,46,65,101.285816,0.322086170895,-145.454324,-44.168508,-31.518954
1048576,1048640,2097280,0.106,222311,32,80,13108,46,66,102.920297,0.322086170895,-147.691555,-44.771258,-31.518806
1048576,1048640,2097280,0.106,222311,32,80,13108,46,67,104.554779,0.322086170895,-149.928710,-45.373932,-31.518708
1048576,1048640,2097280,0.106,222311,32,80,13108,46,68,106.189260,0.322086170895,-152.165781,-45.976521,-31.518644
1048576,1048640,2097280,0.106,222311,32,80,13108,46,69,107.823741,0.322086170895,-154.402757,-46.579016,-31.518602
1048576,1048640,2097280,0.106,222311,32,80,13108,46,70,109.458223,0.322086170895,-156.639626,-47.181403,-31.518574
1048576,1048640,2097280,0.106,222311,32,80,13108,46,71,111.092704,0.322086170895,-158.876374,-47.783670,-31.518556
1048576,1048640,2097280,0.106,222311,32,80,13108,46,72,112.727185,0.322086170895,-161.112986,-48.385801,-31.518544
1048576,1048640,2097280,0.106,222311,32,80,13108,46,73,114.361667,0.322086170895,-163.349447,-48.987780,-31.518536
1048576,1048640,2097280,0.106,222311,32,80,13108,46,74,115.996148,0.322086170895,-165.585736,-49.589588,-31.518531
1048576,1048640,2097280,0.106,222311,32,80,13108,46,75,117.630630,0.322086170895,-167.821833,-50.191204,-31.518527
1048576,1048640,2097280,0.106,222311,32,80,13108,46,76,119.265111,0.322086170895,-170.057715,-50.792604,-31.518525
1048576,1048640,2097280,0.106,222311,32,80,13108,46,77,120.899592,0.322086170895,-172.293355,-51.393763,-31.518523
1048576,1048640,2097280,0.106,222311,32,80,13108,46,78,122.534074,0.322086170895,-174.528724,-51.994650,-31.518522
1048576,1048640,2097280,0.106,222311,32,80,13108,46,79,124.168555,0.322086170895,-176.763788,-52.595233,-31.518522
1048576,1048640,2097280,0.106,222311,32,80,13108,46,80,125.692567,0.356995209458,-178.998512,-53.305945,-31.518521
1048576,1048640,2097280,0.106,222311,32,80,13108,46,81,127.178590,0.356995209458,-181.232855,-54.054265,-31.518521
1048576,1048640,2097280,0.106,222311,32,80,13108,46,82,128.664614,0.356995209458,-183.466772,-54.802158,-31.518521
1048576,1048640,2097280,0.106,222311,32,80,13108,46,83,130.150637,0.356995209458,-185.700212,-55.549575,-31.518521
1048576,1048640,2097280,0.106,222311,32,80,13108,46,84,131.636661,0.356995209458,-187.933121,-56.296461,-31.518521
1048576,1048640,2097280,0.106,222311,32,80,13108,46,85,133.122684,0.356995209458,-190.165436,-57.042752,-31.518521
1048576,1048640,2097280,0.106,222311,32,80,13108,46,86,134.608707,0.356995209458,-192.397090,-57.788382,-31.518521
1048576,1048640,2097280,0.106,222311,32,80,13108,46,87,136.094731,0.356995209458,-194.628006,-58.533275,-31.518521
1048576,1048640,2097280,0.106,222311,32,80,13108,46,88,137.580754,0.356995209458,-196.858104,-59.277350,-31.518521
1048576,1048640,2097280,0.106,222311,32,80,13108,46,89,139.066777,0.356995209458,-199.087293,-60.020515,-31.518521
1048576,1048640,2097280,0.106,222311,32,80,13108,46,90,140.552801,0.356995209458,-201.315473,-60.762672,-31.518521
1048576,1048640,2097280,0.106,222311,32,80,13108,46,91,142.038824,0.356995209458,-203.542536,-61.503711,-31.518521
1048576,1048640,2097280,0.106,222311,32,80,13108,46,92,143.524848,0.356995209458,-205.768365,-62.243517,-31.518521
1048576,1048640,2097280,0.106,222311,32,80,13108,46,93,145.010871,0.356995209458,-207.992832,-62.981961,-31.518521
1048576,1048640,2097280,0.106,222311,32,80,13108,46,94,146.496894,0.356995209458,-210.215800,-63.718906,-31.518521
1048576,1048640,2097280,0.106,222311,32,80,13108,46,95,147.982918,0.356995209458,-212.437121,-64.454203,-31.518521
1048576,1048640,2097280,0.106,222311,32,80,13108,46,96,149.468941,0.356995209458,-214.656639,-65.187697,-31.518521
1048576,1048640,2097280,0.106,222311,32,80,13108,46,97,150.954965,0.356995209458,-216.874183,-65.919218,-31.518521
1048576,1048640,2097280,0.106,222311,32,80,13108,46,98,152.440988,0.356995209458,-219.089579,-66.648591,-31.518521
1048576,1048640,2097280,0.106,222311,32,80,13108,46,99,153.927011,0.356995209458,-221.302639,-67.375628,-31.518521
1048576,1048640,2097280,0.106,222311,32,80,13108,46,100,155.413035,0.356995209458,-223.513174,-68.100139,-31.518521
1048576,1048640,2097280,0.106,222311,32,80,13108,46,101,156.899058,0.356995209458,-225.720982,-68.821924,-31.518521
1048576,1048640,2097280,0.106,222311,32,80,13108,46,102,158.385081,0.356995209458,-227.925862,-69.540781,-31.518521
1048576,1048640,2097280,0.106,222311,32,80,13108,46,103,159.871105,0.356995209458,-230.127608,-70.256504,-31.518521
1048576,1048640,2097280,0.106,222311,32,80,13108,46,104,161.357128,0.356995209458,-232.326017,-70.968889,-31.518521
1048576,1048640,2097280,0.106,222311,32,80,13108,46,105,162.843152,0.356995209458,-234.520892,-71.677740,-31.518521
1048576,1048640,2097280,0.106,222311,32,80,13108,46,106,164.329175,0.356995209458,-236.712034,-72.382859,-31.518521
1048576,1048640,2097280,0.106,222311,32,80,13108,46,107,165.815198,0.356995209458,-238.899265,-73.084066,-31.518521
1048576,1048640,2097280,0.106,222311,32,80,13108,46,108,167.301222,0.356995209458,-241.082416,-73.781195,-31.518521
1048576,1048640,2097280,0.106,222311,32,80,13108,46,109,168.787245,0.356995209458,-243.261334,-74.474089,-31.518521
1048576,1048640,2097280,0.106,222311,32,80,13108,46,110,170.273268,0.356995209458,-245.435890,-75.162621,-31.518521
1048576,1048640,2097280,0.106,222311,32,80,13108,46,111,171.759292,0.356995209458,-247.605979,-75.846687,-31.518521
1048576,1048640,2097280,0.106,222311,32,80,13108,46,112,173.245315,0.356995209458,-249.771519,-76.526203,-31.518521
1048576,1048640,2097280,0.106,222311,32,80,13108,46,113,174.731339,0.356995209458,-251.932459,-77.201120,-31.518521
1048576,1048640,2097280,0.106,222311,32,80,13108,46,114,176.217362,0.356995209458,-254.088781,-77.871419,-31.518521
1048576,1048640,2097280,0.106,222311,32,80,13108,46,115,177.703385,0.356995209458,-256.240489,-78.537104,-31.518521
1048576,1048640,2097280,0.106,222311,32,80,13108,46,116,179.189409,0.356995209458,-258.387626,-79.198217,-31.518521
1048576,1048640,2097280,0.106,222311,32,80,13108,46,117,180.675432,0.356995209458,-260.530262,-79.854830,-31.518521
1048576,1048640,2097280,0.106,222311,32,80,13108,46,118,182.161456,0.356995209458,-262.668490,-80.507035,-31.518521
1048576,1048640,2097280,0.106,222311,32,80,13108,46,119,183.647479,0.356995209458,-264.802434,-81.154955,-31.518521
1048576,1048640,2097280,0.106,222311,32,80,13108,46,120,185.133502,0.356995209458,-266.932240,-81.798738,-31.518521
1048576,1048640,2097280,0.106,222311,32,80,13108,46,121,186.619526,0.356995209458,-269.058068,-82.438542,-31.518521
1048576,1048640,2097280,0.106,222311,32,80,13108,46,122,188.105549,0.356995209458,-271.180098,-83.074549,-31.518521
1048576,1048640,2097280,0.106,222311,32,80,13108,46,123,189.591572,0.356995209458,-273.298525,-83.706952,-31.518521
1048576,1048640,2097280,0.106,222311,32,80,13108,46,124,191.077596,0.356995209458,-275.413544,-84.335949,-31.518521
1048576,1048640,2097280,0.106,222311,32,80,13108,46,125,192.563619,0.356995209458,-277.525364,-84.961745,-31.518521
1048576,1048640,2097280,0.106,222311,32,80,13108,46,126,194.049643,0.356995209458,-279.634192,-85.584550,-31.518521
1048576,1048640,2097280,0.106,222311,32,80,13108,46,127,195.535666,0.356995209458,-281.740235,-86.204569,-31.518521
1048576,1048640,2097280,0.106,222311,32,80,13108,46,128,197.021689,0.356995209458,-283.843696,-86.822006,-31.518521
1048576,1048640,2097280,0.106,222311,32,80,13108,46,129,198.507713,0.356995209458,-285.944776,-87.437063,-31.518521
1048576,1048640,2097280,0.106,222311,32,80,13108,46,130,199.993736,0.356995209458,-288.043665,-88.049929,-31.518521
1048576,1048640,2097280,0.106,222311,32,80,13108,46,131,201.479759,0.356995209458,-290.140548,-88.660789,-31.518521
1048576,1048640,2097280,0.106,222311,32,80,13108,46,132,202.965783,0.356995209458,-292.235603,-89.269820,-31.518521
1048576,1048640,2097280,0.106,222311,32,80,13108,46,133,204.451806,0.356995209458,-294.328991,-89.877185,-31.518521
1048576,1048640,2097280,0.106,222311,32,80,13108,46,134,205.937830,0.356995209458,-296.420869,-90.483040,-31.518521
1048576,1048640,2097280,0.106,222311,32,80,13108,46,135,207.423853,0.356995209458,-298.511384,-91.087531,-31.518521
1048576,1048640,2097280,0.106,222311,32,80,13108,46,136,208.909876,0.356995209458,-300.600669,-91.690792,-31.518521
1048576,1048640,2097280,0.106,222311,32,80,13108,46,137,210.395900,0.356995209458,-302.688848,-92.292949,-31.518521
1048576,1048640,2097280,0.106,222311,32,80,13108,46,138,211.881923,0.356995209458,-304.776039,-92.894116,-31.518521
1048576,1048640,2097280,0.106,222311,32,80,13108,46,139,213.367947,0.356995209458,-306.862344,-93.494398,-31.518521
1048576,1048640,2097280,0.106,222311,32,80,13108,46,140,214.853970,0.356995209458,-308.947862,-94.093892,-31.518521
1048576,1048640,2097280,0.106,222311,32,80,13108,46,141,216.339993,0.356995209458,-311.032682,-94.692688,-31.518521
1048576,1048640,2097280,0.106,222311,32,80,13108,46,142,217.826017,0.356995209458,-313.116882,-95.290865,-31.518521
1048576,1048640,2097280,0.106,222311,32,80,13108,46,143,219.312040,0.356995209458,-315.200536,-95.888496,-31.518521
1048576,1048640,2097280,0.106,222311,32,80,13108,46,144,220.798063,0.356995209458,-317.283711,-96.485648,-31.518521
1048576,1048640,2097280,0.106,222311,32,80,13108,46,145,222.284087,0.356995209458,-319.366466,-97.082380,-31.518521
1048576,1048640,2097280,0.106,222311,32,80,13108,46,146,223.770110,0.356995209458,-321.448856,-97.678746,-31.518521
1048576,1048640,2097280,0.106,222311,32,80,13108,46,147,225.256134,0.356995209458,-323.530929,-98.274796,-31.518521
1048576,1048640,2097280,0.106,222311,32,80,13108,46,148,226.742157,0.356995209458,-325.612729,-98.870572,-31.518521
1048576,1048640,2097280,0.106,222311,32,80,13108,46,149,228.228180,0.356995209458,-327.694296,-99.466116,-31.518521
1048576,1048640,2097280,0.106,222311,32,80,13108,46,150,229.714204,0.356995209458,-329.775665,-100.061461,-31.518521
1048576,1048640,2097280,0.106,222311,32,80,13108,46,151,231.200227,0.356995209458,-331.856868,-100.656641,-31.518521
1048576,1048640,2097280,0.106,222311,32,80,13108,46,152,232.686250,0.356995209458,-333.937933,-101.251683,-31.518521
1048576,1048640,2097280,0.106,222311,32,80,13108,46,153,234.172274,0.356995209458,-336.018886,-101.846613,-31.518521
1048576,1048640,2097280,0.106,222311,32,80,13108,46,154,235.658297,0.356995209458,-338.099750,-102.441453,-31.518521
1048576,1048640,2097280,0.106,222311,32,80,13108,46,155,237.144321,0.356995209458,-340.180545,-103.036224,-31.518521
1048576,1048640,2097280,0.106,222311,32,80,13108,46,156,238.630344,0.356995209458,-342.261288,-103.630945,-31.518521
1048576,1048640,2097280,0.106,222311,32,80,13108,46,157,240.116367,0.356995209458,-344.341998,-104.225630,-31.518521
1048576,1048640,2097280,0.106,222311,32,80,13108,46,158,241.602391,0.356995209458,-346.422686,-104.820295,-31.518521
1048576,1048640,2097280,0.106,222311,32,80,13108,46,159,243.088414,0.356995209458,-348.503367,-105.414953,-31.518521
1048576,1048640,2097280,0.106,222311,32,80,13108,46,160,244.574437,0.356995209458,-350.584052,-106.009614,-31.518521
1048576,1048640,2097280,0.106,222311,32,80,13108,47,1,-inf,,-2.237846,-inf,-inf
1048576,1048640,2097280,0.106,222311,32,80,13108,47,2,-inf,,-4.475692,-inf,-inf
1048576,1048640,2097280,0.106,222311,32,80,13108,47,3,-inf,,-6.713537,-inf,-inf
1048576,1048640,2097280,0.106,222311,32,80,13108,47,4,-inf,,-8.951381,-inf,-inf
1048576,1048640,2097280,0.106,222311,32,80,13108,47,5,-inf,,-11.189224,-inf,-inf
1048576,1048640,2097280,0.106,222311,32,80,13108,47,6,-inf,,-13.427067,-inf,-inf
1048576,1048640,2097280,0.106,222311,32,80,13108,47,7,-inf,,-15.664909,-inf,-inf
1048576,1048640,2097280,0.106,222311,32,80,13108,47,8,-inf,,-17.902750,-inf,-inf
1048576,1048640,2097280,0.106,222311,32,80,13108,47,9,-inf,,-20.140591,-inf,-inf
1048576,1048640,2097280,0.106,222311,32,80,13108,47,10,-inf,,-22.378431,-inf,-inf
1048576,1048640,2097280,0.106,222311,32,80,13108,47,11,-inf,,-24.616270,-inf,-inf
1048576,1048640,2097280,0.106,222311,32,80,13108,47,12,-inf,,-26.854108,-inf,-inf
1048576,1048640,2097280,0.106,222311,32,80,13108,47,13,-inf,,-29.091945,-inf,-inf
1048576,1048640,2097280,0.106,222311,32,80,13108,47,14,-inf,,-31.329782,-inf,-inf
1048576,1048640,2097280,0.106,222311,32,80,13108,47,15,-inf,,-33.567618,-inf,-inf
1048576,1048640,2097280,0.106,222311,32,80,13108,47,16,-inf,,-35.805453,-inf,-inf
1048576,1048640,2097280,0.106,222311,32,80,13108,47,17,-inf,,-38.043288,-inf,-inf
1048576,1048640,2097280,0.106,222311,32,80,13108,47,18,-inf,,-40.281121,-inf,-inf
1048576,1048640,2097280,0.106,222311,32,80,13108,47,19,-inf,,-42.518954,-inf,-inf
1048576,1048640,2097280,0.106,222311,32,80,13108,47,20,-inf,,-44.756786,-inf,-inf
1048576,1048640,2097280,0.106,222311,32,80,13108,47,21,-inf,,-46.994617,-inf,-inf
1048576,1048640,2097280,0.106,222311,32,80,13108,47,22,-inf,,-49.232447,-inf,-inf
1048576,1048640,2097280,0.106,222311,32,80,13108,47,23,-inf,,-51.470276,-inf,-inf
1048576,1048640,2097280,0.106,222311,32,80,13108,47,24,-inf,,-53.708104,-inf,-inf
1048576,1048640,2097280,0.106,222311,32,80,13108,47,25,-inf,,-55.945932,-inf,-inf
1048576,1048640,2097280,0.106,222311,32,80,13108,47,26,-inf,,-58.183758,-inf,-inf
1048576,1048640,2097280,0.106,222311,32,80,13108,47,27,-inf,,-60.421583,-inf,-inf
1048576,1048640,2097280,0.106,222311,32,80,13108,47,28,-inf,,-62.659406,-inf,-inf
1048576,1048640,2097280,0.106,222311,32,80,13108,47,29,-inf,,-64.897229,-inf,-inf
1048576,1048640,2097280,0.106,222311,32,80,13108,47,30,-inf,,-67.135050,-inf,-inf
1048576,1048640,2097280,0.106,222311,32,80,13108,47,31,-inf,,-69.372869,-inf,-inf
1048576,1048640,2097280,0.106,222311,32,80,13108,47,32,-inf,,-71.610687,-inf,-inf
1048576,1048640,2097280,0.106,222311,32,80,13108,47,33,-inf,,-73.848504,-inf,-inf
1048576,1048640,2097280,0.106,222311,32,80,13108,47,34,-inf,,-76.086318,-inf,-inf
1048576,1048640,2097280,0.106,222311,32,80,13108,47,35,-inf,,-78.324131,-inf,-inf
1048576,1048640,2097280,0.106,222311,32,80,13108,47,36,-inf,,-80.561941,-inf,-inf
1048576,1048640,2097280,0.106,222311,32,80,13108,47,37,-inf,,-82.799749,-inf,-inf
1048576,1048640,2097280,0.106,222311,32,80,13108,47,38,-inf,,-85.037554,-inf,-inf
1048576,1048640,2097280,0.106,222311,32,80,13108,47,39,-inf,,-87.275356,-inf,-inf
1048576,1048640,2097280,0.106,222311,32,80,13108,47,40,-inf,,-89.513155,-inf,-inf
1048576,1048640,2097280,0.106,222311,32,80,13108,47,41,-inf,,-91.750951,-inf,-inf
1048576,1048640,2097280,0.106,222311,32,80,13108,47,42,-inf,,-93.988742,-inf,-inf
1048576,1048640,2097280,0.106,222311,32,80,13108,47,43,-inf,,-96.226529,-inf,-inf
1048576,1048640,2097280,0.106,222311,32,80,13108,47,44,-inf,,-98.464311,-inf,-inf
1048576,1048640,2097280,0.106,222311,32,80,13108,47,45,-inf,,-100.702087,-inf,-inf
1048576,1048640,2097280,0.106,222311,32,80,13108,47,46,-inf,,-102.939857,-inf,-inf
1048576,1048640,2097280,0.106,222311,32,80,13108,47,47,70.496351,0.21340807009,-105.177620,-34.681270,-34.681270
1048576,1048640,2097280,0.106,222311,32,80,13108,47,48,72.724664,0.21340807009,-107.415376,-34.690712,-33.685983
1048576,1048640,2097280,0.106,222311,32,80,13108,47,49,74.676324,0.290590738289,-109.653122,-34.976798,-33.191598
1048576,1048640,2097280,0.106,222311,32,80,13108,47,50,76.312579,0.322086170895,-111.890859,-35.578279,-32.939156
1048576,1048640,2097280,0.106,222311,32,80,13108,47,51,77.947061,0.322086170895,-114.128584,-36.181523,-32.794236
1048576,1048640,2097280,0.106,222311,32,80,13108,47,52,79.581542,0.322086170895,-116.366297,-36.784755,-32.706213
1048576,1048640,2097280,0.106,222311,32,80,13108,47,53,81.216023,0.322086170895,-118.603995,-37.387972,-32.651069
1048576,1048640,2097280,0.106,222311,32,80,13108,47,54,82.850505,0.322086170895,-120.841678,-37.991173,-32.615886
1048576,1048640,2097280,0.106,222311,32,80,13108,47,55,84.484986,0.322086170895,-123.079343,-38.594357,-32.593185
1048576,1048640,2097280,0.106,222311,32,80,13108,47,56,86.119467,0.322086170895,-125.316987,-39.197520,-32.578433
1048576,1048640,2097280,0.106,222311,32,80,13108,47,57,87.753949,0.322086170895,-127.554609,-39.800660,-32.568803
1048576,1048640,2097280,0.106,222311,32,80,13108,47,58,89.388430,0.322086170895,-129.792205,-40.403775,-32.562498
1048576,1048640,2097280,0.106,222311,32,80,13108,47,59,91.022912,0.322086170895,-132.029772,-41.006860,-32.558362
1048576,1048640,2097280,0.106,222311,32,80,13108,47,60,92.657393,0.322086170895,-134.267306,-41.609913,-32.555646
1048576,1048640,2097280,0.106,222311,32,80,13108,47,61,94.291874,0.322086170895,-136.504804,-42.212930,-32.553861
1048576,1048640,2097280,0.106,222311,32,80,13108,47,62,95.926356,0.322086170895,-138.742260,-42.815904,-32.552686
1048576,1048640,2097280,0.106,222311,32,80,13108,47,63,97.560837,0.322086170895,-140.979669,-43.418832,-32.551914
1048576,1048640,2097280,0.106,222311,32,80,13108,47,64,99.195318,0.322086170895,-143.217026,-44.021708,-32.551405
1048576,1048640,2097280,0.106,222311,32,80,13108,47,65,100.829800,0.322086170895,-145.454324,-44.624524,-32.551070
1048576,1048640,2097280,0.106,222311,32,80,13108,47,66,102.464281,0.322086170895,-147.691555,-45.227273,-32.550850
1048576,1048640,2097280,0.106,222311,32,80,13108,47,67,104.098763,0.322086170895,-149.928710,-45.829948,-32.550705
1048576,1048640,2097280,0.106,222311,32,80,13108,47,68,105.733244,0.322086170895,-152.165781,-46.432537,-32.550609
1048576,1048640,2097280,0.106,222311,32,80,13108,47,69,107.367725,0.322086170895,-154.402757,-47.035032,-32.550546
1048576,1048640,2097280,0.106,222311,32,80,13108,47,70,109.002207,0.322086170895,-156.639626,-47.637419,-32.550505
1048576,1048640,2097280,0.106,222311,32,80,13108,47,71,110.636688,0.322086170895,-158.876374,-48.239685,-32.550477
1048576,1048640,2097280,0.106,222311,32,80,13108,47,72,112.271169,0.322086170895,-161.112986,-48.841817,-32.550459
1048576,1048640,2097280,0.106,222311,32,80,13108,47,73,113.875911,0.356995209458,-163.349447,-49.473536,-32.550448
1048576,1048640,2097280,0.106,222311,32,80,13108,47,74,115.361934,0.356995209458,-165.585736,-50.223802,-32.550441
1048576,1048640,2097280,0.106,222311,32,80,13108,47,75,116.847958,0.356995209458,-167.821833,-50.973875,-32.550437
1048576,1048640,2097280,0.106,222311,32,80,13108,47,76,118.333981,0.356995209458,-170.057715,-51.723734,-32.550434
1048576,1048640,2097280,0.106,222311,32,80,13108,47,77,119.820005,0.356995209458,-172.293355,-52.473350,-32.550433
1048576,1048640,2097280,0.106,222311,32,80,13108,47,78,121.306028,0.356995209458,-174.528724,-53.222696,-32.550432
1048576,1048640,2097280,0.106,222311,32,80,13108,47,79,122.792051,0.356995209458,-176.763788,-53.971737,-32.550432
1048576,1048640,2097280,0.106,222311,32,80,13108,47,80,124.278075,0.356995209458,-178.998512,-54.720438,-32.550431
1048576,1048640,2097280,0.106,222311,32,80,13108,47,81,125.764098,0.356995209458,-181.232855,-55.468757,-32.550431
1048576,1048640,2097280,0.106,222311,32,80,13108,47,82,127.250122,0.356995209458,-183.466772,-56.216651,-32.550431
1048576,1048640,2097280,0.106,222311,32,80,13108,47,83,128.736145,0.356995209458,-185.700212,-56.964068,-32.550431
1048576,1048640,2097280,0.106,222311,32,80,13108,47,84,130.222168,0.356995209458,-187.933121,-57.710953,-32.550431
1048576,1048640,2097280,0.106,222311,32,80,13108,47,85,131.708192,0.356995209458,-190.165436,-58.457244,-32.550431
1048576,1048640,2097280,0.106,222311,32,80,13108,47,86,133.194215,0.356995209458,-192.397090,-59.202874,-32.550431
1048576,1048640,2097280,0.106,222311,32,80,13108,47,87,134.680238,0.356995209458,-194.628006,-59.947768,-32.550431
1048576,1048640,2097280,0.106,222311,32,80,13108,47,88,136.166262,0.356995209458,-196.858104,-60.691843,-32.550431
1048576,1048640,2097280,0.106,222311,32,80,13108,47,89,137.652285,0.356995209458,-199.087293,-61.435007,-32.550431
1048576,1048640,2097280,0.106,222311,32,80,13108,47,90,139.138309,0.356995209458,-201.315473,-62.177164,-32.550431
1048576,1048640,2097280,0.106,222311,32,80,13108,47,91,140.624332,0.356995209458,-203.542536,-62.918204,-32.550431
1048576,1048640,2097280,0.106,222311,32,80,13108,47,92,142.110355,0.356995209458,-205.768365,-63.658010,-32.550431
1048576,1048640,2097280,0.106,222311,32,80,13108,47,93,143.596379,0.356995209458,-207.992832,-64.396453,-32.550431
1048576,1048640,2097280,0.106,222311,32,80,13108,47,94,145.082402,0.356995209458,-210.215800,-65.133398,-32.550431
1048576,1048640,2097280,0.106,222311,32,80,13108,47,95,146.568425,0.356995209458,-212.437121,-65.868696,-32.550431
1048576,1048640,2097280,0.106,222311,32,80,13108,47,96,148.054449,0.356995209458,-214.656639,-66.602190,-32.550431
1048576,1048640,2097280,0.106,222311,32,80,13108,47,97,149.540472,0.356995209458,-216.874183,-67.333710,-32.550431
1048576,1048640,2097280,0.106,222311,32,80,13108,47,98,151.026496,0.356995209458,-219.089579,-68.063083,-32.550431
1048576,1048640,2097280,0.106,222311,32,80,13108,47,99,152.512519,0.356995209458,-221.302639,-68.790120,-32.550431
1048576,1048640,2097280,0.106,222311,32,80,13108,47,100,153.998542,0.356995209458,-223.513174,-69.514632,-32.550431
1048576,1048640,2097280,0.106,222311,32,80,13108,47,101,155.484566,0.356995209458,-225.720982,-70.236416,-32.550431
1048576,1048640,2097280,0.106,222311,32,80,13108,47,102,156.970589,0.356995209458,-227.925862,-70.955273,-32.550431
1048576,1048640,2097280,0.106,222311,32,80,13108,47,103,158.456612,0.356995209458,-230.127608,-71.670996,-32.550431
1048576,1048640,2097280,0.106,222311,32,80,13108,47,104,159.942636,0.356995209458,-232.326017,-72.383382,-32.550431
1048576,1048640,2097280,0.106,222311,32,80,13108,47,105,161.428659,0.356995209458,-234.520892,-73.092232,-32.550431
1048576,1048640,2097280,0.106,222311,32,80,13108,47,106,162.914683,0.356995209458,-236.712034,-73.797352,-32.550431
1048576,1048640,2097280,0.106,222311,32,80,13108,47,107,164.400706,0.356995209458,-238.899265,-74.498559,-32.550431
1048576,1048640,2097280,0.106,222311,32,80,13108,47,108,165.886729,0.356995209458,-241.082416,-75.195687,-32.550431
1048576,1048640,2097280,0.106,222311,32,80,13108,47,109,167.372753,0.356995209458,-243.261334,-75.888581,-32.550431
1048576,1048640,2097280,0.106,222311,32,80,13108,47,110,168.858776,0.356995209458,-245.435890,-76.577114,-32.550431
1048576,1048640,2097280,0.106,222311,32,80,13108,47,111,170.344800,0.356995209458,-247.605979,-77.261180,-32.550431
1048576,1048640,2097280,0.106,222311,32,80,13108,47,112,171.830823,0.356995209458,-249.771519,-77.940696,-32.550431
1048576,1048640,2097280,0.106,222311,32,80,13108,47,113,173.316846,0.356995209458,-251.932459,-78.615613,-32.550431
1048576,1048640,2097280,0.106,222311,32,80,13108,47,114,174.802870,0.356995209458,-254.088781,-79.285911,-32.550431
1048576,1048640,2097280,0.106,222311,32,80,13108,47,115,176.288893,0.356995209458,-256.240489,-79.951596,-32.550431
1048576,1048640,2097280,0.106,222311,32,80,13108,47,116,177.774916,0.356995209458,-258.387626,-80.612710,-32.550431
1048576,1048640,2097280,0.106,222311,32,80,13108,47,117,179.260940,0.356995209458,-260.530262,-81.269322,-32.550431
1048576,1048640,2097280,0.106,222311,32,80,13108,47,118,180.746963,0.356995209458,-262.668490,-81.921527,-32.550431
1048576,1048640,2097280,0.106,222311,32,80,13108,47,119,182.232987,0.356995209458,-264.802434,-82.569448,-32.550431
1048576,1048640,2097280,0.106,222311,32,80,13108,47,120,183.719010,0.356995209458,-266.932240,-83.213230,-32.550431
1048576,1048640,2097280,0.106,222311,32,80,13108,47,121,185.205033,0.356995209458,-269.058068,-83.853034,-32.550431
1048576,1048640,2097280,0.106,222311,32,80,13108,47,122,186.691057,0.356995209458,-271.180098,-84.489042,-32.550431
1048576,1048640,2097280,0.106,222311,32,80,13108,47,123,188.177080,0.356995209458,-273.298525,-85.121445,-32.550431
1048576,1048640,2097280,0.106,222311,32,80,13108,47,124,189.663103,0.356995209458,-275.413544,-85.750441,-32.550431
1048576,1048640,2097280,0.106,222311,32,80,13108,47,125,191.149127,0.356995209458,-277.525364,-86.376237,-32.550431
1048576,1048640,2097280,0.106,222311,32,80,13108,47,126,192.635150,0.356995209458,-279.634192,-86.999042,-32.550431
1048576,1048640,2097280,0.106,222311,32,80,13108,47,127,194.121174,0.356995209458,-281.740235,-87.619061,-32.550431
1048576,1048640,2097280,0.106,222311,32,80,13108,47,128,195.607197,0.356995209458,-283.843696,-88.236499,-32.550431
1048576,1048640,2097280,0.106,222311,32,80,13108,47,129,197.093220,0.356995209458,-285.944776,-88.851555,-32.550431
1048576,1048640,2097280,0.106,222311,32,80,13108,47,130,198.579244,0.356995209458,-288.043665,-89.464421,-32.550431
1048576,1048640,2097280,0.106,222311,32,80,13108,47,131,200.065267,0.356995209458,-290.140548,-90.075281,-32.550431
1048576,1048640,2097280,0.106,222311,32,80,13108,47,132,201.551291,0.356995209458,-292.235603,-90.684312,-32.550431
1048576,1048640,2097280,0.106,222311,32,80,13108,47,133,203.037314,0.356995209458,-294.328991,-91.291677,-32.550431
1048576,1048640,2097280,0.106,222311,32,80,13108,47,134,204.523337,0.356995209458,-296.420869,-91.897532,-32.550431
1048576,1048640,2097280,0.106,222311,32,80,13108,47,135,206.009361,0.356995209458,-298.511384,-92.502024,-32.550431
1048576,1048640,2097280,0.106,222311,32,80,13108,47,136,207.495384,0.356995209458,-300.600669,-93.105285,-32.550431
1048576,1048640,2097280,0.106,222311,32,80,13108,47,137,208.981407,0.356995209458,-302.688848,-93.707441,-32.550431
1048576,1048640,2097280,0.106,222311,32,80,13108,47,138,210.467431,0.356995209458,-304.776039,-94.308608,-32.550431
1048576,1048640,2097280,0.106,222311,32,80,13108,47,139,211.953454,0.356995209458,-306.862344,-94.908890,-32.550431
1048576,1048640,2097280,0.106,222311,32,80,13108,47,140,213.439478,0.356995209458,-308.947862,-95.508385,-32.550431
1048576,1048640,2097280,0.106,222311,32,80,13108,47,141,214.925501,0.356995209458,-311.032682,-96.107181,-32.550431
1048576,1048640,2097280,0.106,222311,32,80,13108,47,142,216.411524,0.356995209458,-313.116882,-96.705357,-32.550431
1048576,1048640,2097280,0.106,222311,32,80,13108,47,143,217.897548,0.356995209458,-315.200536,-97.302988,-32.550431
1048576,1048640,2097280,0.106,222311,32,80,13108,47,144,219.383571,0.356995209458,-317.283711,-97.900140,-32.550431
1048576,1048640,2097280,0.106,222311,32,80,13108,47,145,220.869594,0.356995209458,-319.366466,-98.496872,-32.550431
1048576,1048640,2097280,0.106,222311,32,80,13108,47,146,222.355618,0.356995209458,-321.448856,-99.093238,-32.550431
1048576,1048640,2097280,0.106,222311,32,80,13108,47,147,223.841641,0.356995209458,-323.530929,-99.689288,-32.550431
1048576,1048640,2097280,0.106,222311,32,80,13108,47,148,225.327665,0.356995209458,-325.612729,-100.285065,-32.550431
1048576,1048640,2097280,0.106,222311,32,80,13108,47,149,226.813688,0.356995209458,-327.694296,-100.880608,-32.550431
1048576,1048640,2097280,0.106,222311,32,80,13108,47,150,228.299711,0.356995209458,-329.775665,-101.475954,-32.550431
1048576,1048640,2097280,0.106,222311,32,80,13108,47,151,229.785735,0.356995209458,-331.856868,-102.071133,-32.550431
1048576,1048640,2097280,0.106,222311,32,80,13108,47,152,231.271758,0.356995209458,-333.937933,-102.666175,-32.550431
1048576,1048640,2097280,0.106,222311,32,80,13108,47,153,232.757782,0.356995209458,-336.018886,-103.261105,-32.550431
1048576,1048640,2097280,0.106,222311,32,80,13108,47,154,234.243805,0.356995209458,-338.099750,-103.855945,-32.550431
1048576,1048640,2097280,0.106,222311,32,80,13108,47,155,235.729828,0.356995209458,-340.180545,-104.450716,-32.550431
1048576,1048640,2097280,0.106,222311,32,80,13108,47,156,237.215852,0.356995209458,-342.261288,-105.045437,-32.550431
1048576,1048640,2097280,0.106,222311,32,80,13108,47,157,238.701875,0.356995209458,-344.341998,-105.640123,-32.550431
1048576,1048640,2097280,0.106,222311,32,80,13108,47,158,240.187898,0.356995209458,-346.422686,-106.234788,-32.550431
1048576,1048640,2097280,0.106,222311,32,80,13108,47,159,241.673922,0.356995209458,-348.503367,-106.829445,-32.550431
1048576,1048640,2097280,0.106,222311,32,80,13108,47,160,243.159945,0.356995209458,-350.584052,-107.424107,-32.550431
1048576,1048640,2097280,0.106,222311,32,80,13108,48,1,-inf,,-2.237846,-inf,-inf
1048576,1048640,2097280,0.106,222311,32,80,13108,48,2,-inf,,-4.475692,-inf,-inf
1048576,1048640,2097280,0.106,222311,32,80,13108,48,3,-inf,,-6.713537,-inf,-inf
1048576,1048640,2097280,0.106,222311,32,80,13108,48,4,-inf,,-8.951381,-inf,-inf
1048576,1048640,2097280,0.106,222311,32,80,13108,48,5,-inf,,-11.189224,-inf,-inf
1048576,1048640,2097280,0.106,222311,32,80,13108,48,6,-inf,,-13.427067,-inf,-inf
1048576,1048640,2097280,0.106,222311,32,80,13108,48,7,-inf,,-15.664909,-inf,-inf
1048576,1048640,2097280,0.106,222311,32,80,13108,48,8,-inf,,-17.902750,-inf,-inf
1048576,1048640,2097280,0.106,222311,32,80,13108,48,9,-inf,,-20.140591,-inf,-inf
1048576,1048640,2097280,0.106,222311,32,80,13108,48,10,-inf,,-22.378431,-inf,-inf
1048576,1048640,2097280,0.106,222311,32,80,13108,48,11,-inf,,-24.616270,-inf,-inf
1048576,1048640,2097280,0.106,222311,32,80,13108,48,12,-inf,,-26.854108,-inf,-inf
1048576,1048640,2097280,0.106,222311,32,80,13108,48,13,-inf,,-29.091945,-inf,-inf
1048576,1048640,2097280,0.106,222311,32,80,13108,48,14,-inf,,-31.329782,-inf,-inf
1048576,1048640,2097280,0.106,222311,32,80,13108,48,15,-inf,,-33.567618,-inf,-inf
1048576,1048640,2097280,0.106,222311,32,80,13108,48,16,-inf,,-35.805453,-inf,-inf
1048576,1048640,2097280,0.106,222311,32,80,13108,48,17,-inf,,-38.043288,-inf,-inf
1048576,1048640,2097280,0.106,222311,32,80,13108,48,18,-inf,,-40.281121,-inf,-inf
1048576,1048640,2097280,0.106,222311,32,80,13108,48,19,-inf,,-42.518954,-inf,-inf
1048576,1048640,2097280,0.106,222311,32,80,13108,48,20,-inf,,-44.756786,-inf,-inf
1048576,1048640,2097280,0.106,222311,32,80,13108,48,21,-inf,,-46.994617,-inf,-inf
1048576,1048640,2097280,0.106,222311,32,80,13108,48,22,-inf,,-49.232447,-inf,-inf
1048576,1048640,2097280,0.106,222311,32,80,13108,48,23,-inf,,-51.470276,-inf,-inf
1048576,1048640,2097280,0.106,222311,32,80,13108,48,24,-inf,,-53.708104,-inf,-inf
1048576,1048640,2097280,0.106,222311,32,80,13108,48,25,-inf,,-55.945932,-inf,-inf
1048576,1048640,2097280,0.106,222311,32,80,13108,48,26,-inf,,-58.183758,-inf,-inf
1048576,1048640,2097280,0.106,222311,32,80,13108,48,27,-inf,,-60.421583,-inf,-inf
1048576,1048640,2097280,0.106,222311,32,80,13108,48,28,-inf,,-62.659406,-inf,-inf
1048576,1048640,2097280,0.106,222311,32,80,13108,48,29,-inf,,-64.897229,-inf,-inf
1048576,1048640,2097280,0.106,222311,32,80,13108,48,30,-inf,,-67.135050,-inf,-inf
1048576,1048640,2097280,0.106,222311,32,80,13108,48,31,-inf,,-69.372869,-inf,-inf
1048576,1048640,2097280,0.106,222311,32,80,13108,48,32,-inf,,-71.610687,-inf,-inf
1048576,1048640,2097280,0.106,222311,32,80,13108,48,33,-inf,,-73.848504,-inf,-inf
1048576,1048640,2097280,0.106,222311,32,80,13108,48,34,-inf,,-76.086318,-inf,-inf
1048576,1048640,2097280,0.106,222311,32,80,13108,48,35,-inf,,-78.324131,-inf,-inf
1048576,1048640,2097280,0.106,222311,32,80,13108,48,36,-inf,,-80.561941,-inf,-inf
1048576,1048640,2097280,0.106,222311,32,80,13108,48,37,-inf,,-82.799749,-inf,-inf
1048576,1048640,2097280,0.106,222311,32,80,13108,48,38,-inf,,-85.037554,-inf,-inf
1048576,1048640,2097280,0.106,222311,32,80,13108,48,39,-inf,,-87.275356,-inf,-inf
1048576,1048640,2097280,0.106,222311,32,80,13108,48,40,-inf,,-89.513155,-inf,-inf
1048576,1048640,2097280,0.106,222311,32,80,13108,48,41,-inf,,-91.750951,-inf,-inf
1048576,1048640,2097280,0.106,222311,32,80,13108,48,42,-inf,,-93.988742,-inf,-inf
1048576,1048640,2097280,0.106,222311,32,80,13108,48,43,-inf,,-96.226529,-inf,-inf
1048576,1048640,2097280,0.106,222311,32,80,13108,48,44,-inf,,-98.464311,-inf,-inf
1048576,1048640,2097280,0.106,222311,32,80,13108,48,45,-inf,,-100.702087,-inf,-inf
1048576,1048640,2097280,0.106,222311,32,80,13108,48,46,-inf,,-102.939857,-inf,-inf
1048576,1048640,2097280,0.106,222311,32,80,13108,48,47,-inf,,-105.177620,-inf,-inf
1048576,1048640,2097280,0.106,222311,32,80,13108,48,48,71.637201,0.21340807009,-107.415376,-35.778174,-35.778174
1048576,1048640,2097280,0.106,222311,32,80,13108,48,49,73.865515,0.21340807009,-109.653122,-35.787607,-34.782883
1048576,1048640,2097280,0.106,222311,32,80,13108,48,50,75.822060,0.322086170895,-111.890859,-36.068799,-34.287075
1048576,1048640,2097280,0.106,222311,32,80,13108,48,51,77.456541,0.322086170895,-114.128584,-36.672043,-34.034358
1048576,1048640,2097280,0.106,222311,32,80,13108,48,52,79.091022,0.322086170895,-116.366297,-37.275274,-33.889299
1048576,1048640,2097280,0.106,222311,32,80,13108,48,53,80.725504,0.322086170895,-118.603995,-37.878492,-33.801198
1048576,1048640,2097280,0.106,222311,32,80,13108,48,54,82.359985,0.322086170895,-120.841678,-38.481693,-33.746007
1048576,1048640,2097280,0.106,222311,32,80,13108,48,55,83.994466,0.322086170895,-123.079343,-39.084876,-33.710794
1048576,1048640,2097280,0.106,222311,32,80,13108,48,56,85.628948,0.322086170895,-125.316987,-39.688039,-33.688073
1048576,1048640,2097280,0.106,222311,32,80,13108,48,57,87.263429,0.322086170895,-127.554609,-40.291180,-33.673308
1048576,1048640,2097280,0.106,222311,32,80,13108,48,58,88.897911,0.322086170895,-129.792205,-40.894294,-33.663670
1048576,1048640,2097280,0.106,222311,32,80,13108,48,59,90.532392,0.322086170895,-132.029772,-41.497380,-33.657360
1048576,1048640,2097280,0.106,222311,32,80,13108,48,60,92.166873,0.322086170895,-134.267306,-42.100433,-33.653221
1048576,1048640,2097280,0.106,222311,32,80,13108,48,61,93.801355,0.322086170895,-136.504804,-42.703449,-33.650502
1048576,1048640,2097280,0.106,222311,32,80,13108,48,62,95.435836,0.322086170895,-138.742260,-43.306424,-33.648715
1048576,1048640,2097280,0.106,222311,32,80,13108,48,63,97.070317,0.322086170895,-140.979669,-43.909352,-33.647539
1048576,1048640,2097280,0.106,222311,32,80,13108,48,64,98.704799,0.322086170895,-143.217026,-44.512228,-33.646766
1048576,1048640,2097280,0.106,222311,32,80,13108,48,65,100.339280,0.322086170895,-145.454324,-45.115044,-33.646257
1048576,1048640,2097280,0.106,222311,32,80,13108,48,66,101.973762,0.322086170895,-147.691555,-45.717793,-33.645922
1048576,1048640,2097280,0.106,222311,32,80,13108,48,67,103.608243,0.322086170895,-149.928710,-46.320467,-33.645701
1048576,1048640,2097280,0.106,222311,32,80,13108,48,68,105.193616,0.356995209458,-152.165781,-46.972166,-33.645560
1048576,1048640,2097280,0.106,222311,32,80,13108,48,69,106.679639,0.356995209458,-154.402757,-47.723118,-33.645477
1048576,1048640,2097280,0.106,222311,32,80,13108,48,70,108.165662,0.356995209458,-156.639626,-48.473963,-33.645427
1048576,1048640,2097280,0.106,222311,32,80,13108,48,71,109.651686,0.356995209458,-158.876374,-49.224688,-33.645398
1048576,1048640,2097280,0.106,222311,32,80,13108,48,72,111.137709,0.356995209458,-161.112986,-49.975277,-33.645380
1048576,1048640,2097280,0.106,222311,32,80,13108,48,73,112.623733,0.356995209458,-163.349447,-50.725714,-33.645370
1048576,1048640,2097280,0.106,222311,32,80,13108,48,74,114.109756,0.356995209458,-165.585736,-51.475980,-33.645364
1048576,1048640,2097280,0.106,222311,32,80,13108,48,75,115.595779,0.356995209458,-167.821833,-52.226054,-33.645360
1048576,1048640,2097280,0.106,222311,32,80,13108,48,76,117.081803,0.356995209458,-170.057715,-52.975913,-33.645358
1048576,1048640,2097280,0.106,222311,32,80,13108,48,77,118.567826,0.356995209458,-172.293355,-53.725529,-33.645357
1048576,1048640,2097280,0.106,222311,32,80,13108,48,78,120.053849,0.356995209458,-174.528724,-54.474874,-33.645356
1048576,1048640,2097280,0.106,222311,32,80,13108,48,79,121.539873,0.356995209458,-176.763788,-55.223915,-33.645355
1048576,1048640,2097280,0.106,222311,32,80,13108,48,80,123.025896,0.356995209458,-178.998512,-55.972616,-33.645355
1048576,1048640,2097280,0.106,222311,32,80,13108,48,81,124.511920,0.356995209458,-181.232855,-56.720936,-33.645355
1048576,1048640,2097280,0.106,222311,32,80,13108,48,82,125.997943,0.356995209458,-183.466772,-57.468829,-33.645355
1048576,1048640,2097280,0.106,222311,32,80,13108,48,83,127.483966,0.356995209458,-185.700212,-58.216246,-33.645355
1048576,1048640,2097280,0.106,222311,32,80,13108,48,84,128.969990,0.356995209458,-187.933121,-58.963131,-33.645355
1048576,1048640,2097280,0.106,222311,32,80,13108,48,85,130.456013,0.356995209458,-190.165436,-59.709423,-33.645355
1048576,1048640,2097280,0.106,222311,32,80,13108,48,86,131.942036,0.356995209458,-192.397090,-60.455053,-33.645355
1048576,1048640,2097280,0.106,222311,32,80,13108,48,87,133.428060,0.356995209458,-194.628006,-61.199946,-33.645355
1048576,1048640,2097280,0.106,222311,32,80,13108,48,88,134.914083,0.356995209458,-196.858104,-61.944021,-33.645355
1048576,1048640,2097280,0.106,222311,32,80,13108,48,89,136.400107,0.356995209458,-199.087293,-62.687186,-33.645355
1048576,1048640,2097280,0.106,222311,32,80,13108,48,90,137.886130,0.356995209458,-201.315473,-63.429343,-33.645355
1048576,1048640,2097280,0.106,222311,32,80,13108,48,91,139.372153,0.356995209458,-203.542536,-64.170382,-33.645355
1048576,1048640,2097280,0.106,222311,32,80,13108,48,92,140.858177,0.356995209458,-205.768365,-64.910188,-33.645355
1048576,1048640,2097280,0.106,222311,32,80,13108,48,93,142.344200,0.356995209458,-207.992832,-65.648632,-33.645355
1048576,1048640,2097280,0.106,222311,32,80,13108,48,94,143.830223,0.356995209458,-210.215800,-66.385577,-33.645355
1048576,1048640,2097280,0.106,222311,32,80,13108,48,95,145.316247,0.356995209458,-212.437121,-67.120874,-33.645355
1048576,1048640,2097280,0.106,222311,32,80,13108,48,96,146.802270,0.356995209458,-214.656639,-67.854368,-33.645355
1048576,1048640,2097280,0.106,222311,32,80,13108,48,97,148.288294,0.356995209458,-216.874183,-68.585889,-33.645355
1048576,1048640,2097280,0.106,222311,32,80,13108,48,98,149.774317,0.356995209458,-219.089579,-69.315262,-33.645355
1048576,1048640,2097280,0.106,222311,32,80,13108,48,99,151.260340,0.356995209458,-221.302639,-70.042299,-33.645355
1048576,1048640,2097280,0.106,222311,32,80,13108,48,100,152.746364,0.356995209458,-223.513174,-70.766810,-33.645355
1048576,1048640,2097280,0.106,222311,32,80,13108,48,101,154.232387,0.356995209458,-225.720982,-71.488594,-33.645355
1048576,1048640,2097280,0.106,222311,32,80,13108,48,102,155.718411,0.356995209458,-227.925862,-72.207452,-33.645355
1048576,1048640,2097280,0.106,222311,32,80,13108,48,103,157.204434,0.356995209458,-230.127608,-72.923174,-33.645355
1048576,1048640,2097280,0.106,222311,32,80,13108,48,104,158.690457,0.356995209458,-232.326017,-73.635560,-33.645355
1048576,1048640,2097280,0.106,222311,32,80,13108,48,105,160.176481,0.356995209458,-234.520892,-74.344411,-33.645355
1048576,1048640,2097280,0.106,222311,32,80,13108,48,106,161.662504,0.356995209458,-236.712034,-75.049530,-33.645355
1048576,1048640,2097280,0.106,222311,32,80,13108,48,107,163.148527,0.356995209458,-238.899265,-75.750737,-33.645355
1048576,1048640,2097280,0.106,222311,32,80,13108,48,108,164.634551,0.356995209458,-241.082416,-76.447865,-33.645355
1048576,1048640,2097280,0.106,222311,32,80,13108,48,109,166.120574,0.356995209458,-243.261334,-77.140760,-33.645355
1048576,1048640,2097280,0.106,222311,32,80,13108,48,110,167.606598,0.356995209458,-245.435890,-77.829292,-33.645355
1048576,1048640,2097280,0.106,222311,32,80,13108,48,111,169.092621,0.356995209458,-247.605979,-78.513358,-33.645355
1048576,1048640,2097280,0.106,222311,32,80,13108,48,112,170.578644,0.356995209458,-249.771519,-79.192874,-33.645355
1048576,1048640,2097280,0.106,222311,32,80,13108,48,113,172.064668,0.356995209458,-251.932459,-79.867791,-33.645355
1048576,1048640,2097280,0.106,222311,32,80,13108,48,114,173.550691,0.356995209458,-254.088781,-80.538089,-33.645355
1048576,1048640,2097280,0.106,222311,32,80,13108,48,115,175.036714,0.356995209458,-256.240489,-81.203775,-33.645355
1048576,1048640,2097280,0.106,222311,32,80,13108,48,116,176.522738,0.356995209458,-258.387626,-81.864888,-33.645355
1048576,1048640,2097280,0.106,222311,32,80,13108,48,117,178.008761,0.356995209458,-260.530262,-82.521501,-33.645355
1048576,1048640,2097280,0.106,222311,32,80,13108,48,118,179.494785,0.356995209458,-262.668490,-83.173706,-33.645355
1048576,1048640,2097280,0.106,222311,32,80,13108,48,119,180.980808,0.356995209458,-264.802434,-83.821626,-33.645355
1048576,1048640,2097280,0.106,222311,32,80,13108,48,120,182.466831,0.356995209458,-266.932240,-84.465409,-33.645355
1048576,1048640,2097280,0.106,222311,32,80,13108,48,121,183.952855,0.356995209458,-269.058068,-85.105213,-33.645355
1048576,1048640,2097280,0.106,222311,32,80,13108,48,122,185.438878,0.356995209458,-271.180098,-85.741220,-33.645355
1048576,1048640,2097280,0.106,222311,32,80,13108,48,123,186.924902,0.356995209458,-273.298525,-86.373623,-33.645355
1048576,1048640,2097280,0.106,222311,32,80,13108,48,124,188.410925,0.356995209458,-275.413544,-87.002619,-33.645355
1048576,1048640,2097280,0.106,222311,32,80,13108,48,125,189.896948,0.356995209458,-277.525364,-87.628416,-33.645355
1048576,1048640,2097280,0.106,222311,32,80,13108,48,126,191.382972,0.356995209458,-279.634192,-88.251221,-33.645355
1048576,1048640,2097280,0.106,222311,32,80,13108,48,127,192.868995,0.356995209458,-281.740235,-88.871240,-33.645355
1048576,1048640,2097280,0.106,222311,32,80,13108,48,128,194.355018,0.356995209458,-283.843696,-89.488677,-33.645355
1048576,1048640,2097280,0.106,222311,32,80,13108,48,129,195.841042,0.356995209458,-285.944776,-90.103734,-33.645355
1048576,1048640,2097280,0.106,222311,32,80,13108,48,130,197.327065,0.356995209458,-288.043665,-90.716600,-33.645355
1048576,1048640,2097280,0.106,222311,32,80,13108,48,131,198.813089,0.356995209458,-290.140548,-91.327460,-33.645355
1048576,1048640,2097280,0.106,222311,32,80,13108,48,132,200.299112,0.356995209458,-292.235603,-91.936491,-33.645355
1048576,1048640,2097280,0.106,222311,32,80,13108,48,133,201.785135,0.356995209458,-294.328991,-92.543855,-33.645355
1048576,1048640,2097280,0.106,222311,32,80,13108,48,134,203.271159,0.356995209458,-296.420869,-93.149711,-33.645355
1048576,1048640,2097280,0.106,222311,32,80,13108,48,135,204.757182,0.356995209458,-298.511384,-93.754202,-33.645355
1048576,1048640,2097280,0.106,222311,32,80,13108,48,136,206.243205,0.356995209458,-300.600669,-94.357463,-33.645355
1048576,1048640,2097280,0.106,222311,32,80,13108,48,137,207.729229,0.356995209458,-302.688848,-94.959620,-33.645355
1048576,1048640,2097280,0.106,222311,32,80,13108,48,138,209.215252,0.356995209458,-304.776039,-95.560786,-33.645355
1048576,1048640,2097280,0.106,222311,32,80,13108,48,139,210.701276,0.356995209458,-306.862344,-96.161069,-33.645355
1048576,1048640,2097280,0.106,222311,32,80,13108,48,140,212.187299,0.356995209458,-308.947862,-96.760563,-33.645355
1048576,1048640,2097280,0.106,222311,32,80,13108,48,141,213.673322,0.356995209458,-311.032682,-97.359359,-33.645355
1048576,1048640,2097280,0.106,222311,32,80,13108,48,142,215.159346,0.356995209458,-313.116882,-97.957536,-33.645355
1048576,1048640,2097280,0.106,222311,32,80,13108,48,143,216.645369,0.356995209458,-315.200536,-98.555167,-33.645355
1048576,1048640,2097280,0.106,222311,32,80,13108,48,144,218.131393,0.356995209458,-317.283711,-99.152319,-33.645355
1048576,1048640,2097280,0.106,222311,32,80,13108,48,145,219.617416,0.356995209458,-319.366466,-99.749050,-33.645355
1048576,1048640,2097280,0.106,222311,32,80,13108,48,146,221.103439,0.356995209458,-321.448856,-100.345417,-33.645355
1048576,1048640,2097280,0.106,222311,32,80,13108,48,147,222.589463,0.356995209458,-323.530929,-100.941467,-33.645355
1048576,1048640,2097280,0.106,222311,32,80,13108,48,148,224.075486,0.356995209458,-325.612729,-101.537243,-33.645355
1048576,1048640,2097280,0.106,222311,32,80,13108,48,149,225.561509,0.356995209458,-327.694296,-102.132787,-33.645355
1048576,1048640,2097280,0.106,222311,32,80,13108,48,150,227.047533,0.356995209458,-329.775665,-102.728132,-33.645355
1048576,1048640,2097280,0.106,222311,32,80,13108,48,151,228.533556,0.356995209458,-331.856868,-103.323312,-33.645355
1048576,1048640,2097280,0.106,222311,32,80,13108,48,152,230.019580,0.356995209458,-333.937933,-103.918354,-33.645355
1048576,1048640,2097280,0.106,222311,32,80,13108,48,153,231.505603,0.356995209458,-336.018886,-104.513283,-33.645355
1048576,1048640,2097280,0.106,222311,32,80,13108,48,154,232.991626,0.356995209458,-338.099750,-105.108124,-33.645355
1048576,1048640,2097280,0.106,222311,32,80,13108,48,155,234.477650,0.356995209458,-340.180545,-105.702895,-33.645355
1048576,1048640,2097280,0.106,222311,32,80,13108,48,156,235.963673,0.356995209458,-342.261288,-106.297615,-33.645355
1048576,1048640,2097280,0.106,222311,32,80,13108,48,157,237.449696,0.356995209458,-344.341998,-106.892301,-33.645355
1048576,1048640,2097280,0.106,222311,32,80,13108,48,158,238.935720,0.356995209458,-346.422686,-107.486966,-33.645355
1048576,1048640,2097280,0.106,222311,32,80,13108,48,159,240.421743,0.356995209458,-348.503367,-108.081624,-33.645355
1048576,1048640,2097280,0.106,222311,32,80,13108,48,160,241.907767,0.356995209458,-350.584052,-108.676285,-33.645355
1048576,1048640,2097280,0.106,222311,32,80,13108,49,1,-inf,,-2.237846,-inf,-inf
1048576,1048640,2097280,0.106,222311,32,80,13108,49,2,-inf,,-4.475692,-inf,-inf
1048576,1048640,2097280,0.106,222311,32,80,13108,49,3,-inf,,-6.713537,-inf,-inf
1048576,1048640,2097280,0.106,222311,32,80,13108,49,4,-inf,,-8.951381,-inf,-inf
1048576,1048640,2097280,0.106,222311,32,80,13108,49,5,-inf,,-11.189224,-inf,-inf
1048576,1048640,2097280,0.106,222311,32,80,13108,49,6,-inf,,-13.427067,-inf,-inf
1048576,1048640,2097280,0.106,222311,32,80,13108,49,7,-inf,,-15.664909,-inf,-inf
1048576,1048640,2097280,0.106,222311,32,80,13108,49,8,-inf,,-17.902750,-inf,-inf
1048576,1048640,2097280,0.106,222311,32,80,13108,49,9,-inf,,-20.140591,-inf,-inf
1048576,1048640,2097280,0.106,222311,32,80,13108,49,10,-inf,,-22.378431,-inf,-inf
1048576,1048640,2097280,0.106,222311,32,80,13108,49,11,-inf,,-24.616270,-inf,-inf
1048576,1048640,2097280,0.106,222311,32,80,13108,49,12,-inf,,-26.854108,-inf,-inf
1048576,1048640,2097280,0.106,222311,32,80,13108,49,13,-inf,,-29.091945,-inf,-inf
1048576,1048640,2097280,0.106,222311,32,80,13108,49,14,-inf,,-31.329782,-inf,-inf
1048576,1048640,2097280,0.106,222311,32,80,13108,49,15,-inf,,-33.567618,-inf,-inf
1048576,1048640,2097280,0.106,222311,32,80,13108,49,16,-inf,,-35.805453,-inf,-inf
1048576,1048640,2097280,0.106,222311,32,80,13108,49,17,-inf,,-38.043288,-inf,-inf
1048576,1048640,2097280,0.106,222311,32,80,13108,49,18,-inf,,-40.281121,-inf,-inf
1048576,1048640,2097280,0.106,222311,32,80,13108,49,19,-inf,,-42.518954,-inf,-inf
1048576,1048640,2097280,0.106,222311,32,80,13108,49,20,-inf,,-44.756786,-inf,-inf
1048576,1048640,2097280,0.106,222311,32,80,13108,49,21,-inf,,-46.994617,-inf,-inf
1048576,1048640,2097280,0.106,222311,32,80,13108,49,22,-inf,,-49.232447,-inf,-inf
1048576,1048640,2097280,0.106,222311,32,80,13108,49,23,-inf,,-51.470276,-inf,-inf
1048576,1048640,2097280,0.106,222311,32,80,13108,49,24,-inf,,-53.708104,-inf,-inf
1048576,1048640,2097280,0.106,222311,32,80,13108,49,25,-inf,,-55.945932,-inf,-inf
1048576,1048640,2097280,0.106,222311,32,80,13108,49,26,-inf,,-58.183758,-inf,-inf
1048576,1048640,2097280,0.106,222311,32,80,13108,49,27,-inf,,-60.421583,-inf,-inf
1048576,1048640,2097280,0.106,222311,32,80,13108,49,28,-inf,,-62.659406,-inf,-inf
1048576,1048640,2097280,0.106,222311,32,80,13108,49,29,-inf,,-64.897229,-inf,-inf
1048576,1048640,2097280,0.106,222311,32,80,13108,49,30,-inf,,-67.135050,-inf,-inf
1048576,1048640,2097280,0.106,222311,32,80,13108,49,31,-inf,,-69.372869,-inf,-inf
1048576,1048640,2097280,0.106,222311,32,80,13108,49,32,-inf,,-71.610687,-inf,-inf
1048576,1048640,2097280,0.106,222311,32,80,13108,49,33,-inf,,-73.848504,-inf,-inf
1048576,1048640,2097280,0.106,222311,32,80,13108,49,34,-inf,,-76.086318,-inf,-inf
1048576,1048640,2097280,0.106,222311,32,80,13108,49,35,-inf,,-78.324131,-inf,-inf
1048576,1048640,2097280,0.106,222311,32,80,13108,49,36,-inf,,-80.561941,-inf,-inf
1048576,1048640,2097280,0.106,222311,32,80,13108,49,37,-inf,,-82.799749,-inf,-inf
1048576,1048640,2097280,0.106,222311,32,80,13108,49,38,-inf,,-85.037554,-inf,-inf
1048576,1048640,2097280,0.106,222311,32,80,13108,49,39,-inf,,-87.275356,-inf,-inf
1048576,1048640,2097280,0.106,222311,32,80,13108,49,40,-inf,,-89.513155,-inf,-inf
1048576,1048640,2097280,0.106,222311,32,80,13108,49,41,-inf,,-91.750951,-inf,-inf
1048576,1048640,2097280,0.106,222311,32,80,13108,49,42,-inf,,-93.988742,-inf,-inf
1048576,1048640,2097280,0.106,222311,32,80,13108,49,43,-inf,,-96.226529,-inf,-inf
1048576,1048640,2097280,0.106,222311,32,80,13108,49,44,-inf,,-98.464311,-inf,-inf
1048576,1048640,2097280,0.106,222311,32,80,13108,49,45,-inf,,-100.702087,-inf,-inf
1048576,1048640,2097280,0.106,222311,32,80,13108,49,46,-inf,,-102.939857,-inf,-inf
1048576,1048640,2097280,0.106,222311,32,80,13108,49,47,-inf,,-105.177620,-inf,-inf
1048576,1048640,2097280,0.106,222311,32,80,13108,49,48,-inf,,-107.415376,-inf,-inf
1048576,1048640,2097280,0.106,222311,32,80,13108,49,49,72.450477,0.21340807009,-109.653122,-37.202645,-37.202645
1048576,1048640,2097280,0.106,222311,32,80,13108,49,50,74.678791,0.21340807009,-111.890859,-37.212068,-36.207349
1048576,1048640,2097280,0.106,222311,32,80,13108,49,51,76.907104,0.21340807009,-114.128584,-37.221480,-35.627081
1048576,1048640,2097280,0.106,222311,32,80,13108,49,52,78.565557,0.322086170895,-116.366297,-37.800739,-35.338253
1048576,1048640,2097280,0.106,222311,32,80,13108,49,53,80.200039,0.322086170895,-118.603995,-38.403957,-35.175482
1048576,1048640,2097280,0.106,222311,32,80,13108,49,54,81.834520,0.322086170895,-120.841678,-39.007158,-35.077555
1048576,1048640,2097280,0.106,222311,32,80,13108,49,55,83.469001,0.322086170895,-123.079343,-39.610341,-35.016538
1048576,1048640,2097280,0.106,222311,32,80,13108,49,56,85.103483,0.322086170895,-125.316987,-40.213504,-34.977734
1048576,1048640,2097280,0.106,222311,32,80,13108,49,57,86.737964,0.322086170895,-127.554609,-40.816645,-34.952746
1048576,1048640,2097280,0.106,222311,32,80,13108,49,58,88.372446,0.322086170895,-129.792205,-41.419759,-34.936529
1048576,1048640,2097280,0.106,222311,32,80,13108,49,59,90.006927,0.322086170895,-132.029772,-42.022845,-34.925952
1048576,1048640,2097280,0.106,222311,32,80,13108,49,60,91.641408,0.322086170895,-134.267306,-42.625898,-34.919030
1048576,1048640,2097280,0.106,222311,32,80,13108,49,61,93.275890,0.322086170895,-136.504804,-43.228914,-34.914491
1048576,1048640,2097280,0.106,222311,32,80,13108,49,62,94.910371,0.322086170895,-138.742260,-43.831889,-34.911510
1048576,1048640,2097280,0.106,222311,32,80,13108,49,63,96.544852,0.322086170895,-140.979669,-44.434817,-34.909551
1048576,1048640,2097280,0.106,222311,32,80,13108,49,64,98.149647,0.356995209458,-143.217026,-45.067379,-34.908289
1048576,1048640,2097280,0.106,222311,32,80,13108,49,65,99.635670,0.356995209458,-145.454324,-45.818654,-34.907539
1048576,1048640,2097280,0.106,222311,32,80,13108,49,66,101.121694,0.356995209458,-147.691555,-46.569861,-34.907094
1048576,1048640,2097280,0.106,222311,32,80,13108,49,67,102.607717,0.356995209458,-149.928710,-47.320993,-34.906830
1048576,1048640,2097280,0.106,222311,32,80,13108,49,68,104.093740,0.356995209458,-152.165781,-48.072041,-34.906673
1048576,1048640,2097280,0.106,222311,32,80,13108,49,69,105.579764,0.356995209458,-154.402757,-48.822993,-34.906580
1048576,1048640,2097280,0.106,222311,32,80,13108,49,70,107.065787,0.356995209458,-156.639626,-49.573838,-34.906524
1048576,1048640,2097280,0.106,222311,32,80,13108,49,71,108.551811,0.356995209458,-158.876374,-50.324563,-34.906491
1048576,1048640,2097280,0.106,222311,32,80,13108,49,72,110.037834,0.356995209458,-161.112986,-51.075152,-34.906472
1048576,1048640,2097280,0.106,222311,32,80,13108,49,73,111.523857,0.356995209458,-163.349447,-51.825589,-34.906460
1048576,1048640,2097280,0.106,222311,32,80,13108,49,74,113.009881,0.356995209458,-165.585736,-52.575855,-34.906453
1048576,1048640,2097280,0.106,222311,32,80,13108,49,75,114.495904,0.356995209458,-167.821833,-53.325929,-34.906449
1048576,1048640,2097280,0.106,222311,32,80,13108,49,76,115.981927,0.356995209458,-170.057715,-54.075788,-34.906446
1048576,1048640,2097280,0.106,222311,32,80,13108,49,77,117.467951,0.356995209458,-172.293355,-54.825404,-34.906445
1048576,1048640,2097280,0.106,222311,32,80,13108,49,78,118.953974,0.356995209458,-174.528724,-55.574749,-34.906444
1048576,1048640,2097280,0.106,222311,32,80,13108,49,79,120.439998,0.356995209458,-176.763788,-56.323790,-34.906444
1048576,1048640,2097280,0.106,222311,32,80,13108,49,80,121.926021,0.356995209458,-178.998512,-57.072491,-34.906443
1048576,1048640,2097280,0.106,222311,32,80,13108,49,81,123.412044,0.356995209458,-181.232855,-57.820811,-34.906443
1048576,1048640,2097280,0.106,222311,32,80,13108,49,82,124.898068,0.356995209458,-183.466772,-58.568704,-34.906443
1048576,1048640,2097280,0.106,222311,32,80,13108,49,83,126.384091,0.356995209458,-185.700212,-59.316121,-34.906443
1048576,1048640,2097280,0.106,222311,32,80,13108,49,84,127.870115,0.356995209458,-187.933121,-60.063007,-34.906443
1048576,1048640,2097280,0.106,222311,32,80,13108,49,85,129.356138,0.356995209458,-190.165436,-60.809298,-34.906443
1048576,1048640,2097280,0.106,222311,32,80,13108,49,86,130.842161,0.356995209458,-192.397090,-61.554928,-34.906443
1048576,1048640,2097280,0.106,222311,32,80,13108,49,87,132.328185,0.356995209458,-194.628006,-62.299821,-34.906443
1048576,1048640,2097280,0.106,222311,32,80,13108,49,88,133.814208,0.356995209458,-196.858104,-63.043896,-34.906443
1048576,1048640,2097280,0.106,222311,32,80,13108,49,89,135.300231,0.356995209458,-199.087293,-63.787061,-34.906443
1048576,1048640,2097280,0.106,222311,32,80,13108,49,90,136.786255,0.356995209458,-201.315473,-64.529218,-34.906443
1048576,1048640,2097280,0.106,222311,32,80,13108,49,91,138.272278,0.356995209458,-203.542536,-65.270258,-34.906443
1048576,1048640,2097280,0.106,222311,32,80,13108,49,92,139.758302,0.356995209458,-205.768365,-66.010064,-34.906443
1048576,1048640,2097280,0.106,222311,32,80,13108,49,93,141.244325,0.356995209458,-207.992832,-66.748507,-34.906443
1048576,1048640,2097280,0.106,222311,32,80,13108,49,94,142.730348,0.356995209458,-210.215800,-67.485452,-34.906443
1048576,1048640,2097280,0.106,222311,32,80,13108,49,95,144.216372,0.356995209458,-212.437121,-68.220750,-34.906443
1048576,1048640,2097280,0.106,222311,32,80,13108,49,96,145.702395,0.356995209458,-214.656639,-68.954243,-34.906443
1048576,1048640,2097280,0.106,222311,32,80,13108,49,97,147.188418,0.356995209458,-216.874183,-69.685764,-34.906443
1048576,1048640,2097280,0.106,222311,32,80,13108,49,98,148.674442,0.356995209458,-219.089579,-70.415137,-34.906443
1048576,1048640,2097280,0.106,222311,32,80,13108,49,99,150.160465,0.356995209458,-221.302639,-71.142174,-34.906443
1048576,1048640,2097280,0.106,222311,32,80,13108,49,100,151.646489,0.356995209458,-223.513174,-71.866685,-34.906443
1048576,1048640,2097280,0.106,222311,32,80,13108,49,101,153.132512,0.356995209458,-225.720982,-72.588470,-34.906443
1048576,1048640,2097280,0.106,222311,32,80,13108,49,102,154.618535,0.356995209458,-227.925862,-73.307327,-34.906443
1048576,1048640,2097280,0.106,222311,32,80,13108,49,103,156.104559,0.356995209458,-230.127608,-74.023050,-34.906443
1048576,1048640,2097280,0.106,222311,32,80,13108,49,104,157.590582,0.356995209458,-232.326017,-74.735435,-34.906443
1048576,1048640,2097280,0.106,222311,32,80,13108,49,105,159.076606,0.356995209458,-234.520892,-75.444286,-34.906443
1048576,1048640,2097280,0.106,222311,32,80,13108,49,106,160.562629,0.356995209458,-236.712034,-76.149405,-34.906443
1048576,1048640,2097280,0.106,222311,32,80,13108,49,107,162.048652,0.356995209458,-238.899265,-76.850612,-34.906443
1048576,1048640,2097280,0.106,222311,32,80,13108,49,108,163.534676,0.356995209458,-241.082416,-77.547741,-34.906443
1048576,1048640,2097280,0.106,222311,32,80,13108,49,109,165.020699,0.356995209458,-243.261334,-78.240635,-34.906443
1048576,1048640,2097280,0.106,222311,32,80,13108,49,110,166.506722,0.356995209458,-245.435890,-78.929167,-34.906443
1048576,1048640,2097280,0.106,222311,32,80,13108,49,111,167.992746,0.356995209458,-247.605979,-79.613233,-34.906443
1048576,1048640,2097280,0.106,222311,32,80,13108,49,112,169.478769,0.356995209458,-249.771519,-80.292750,-34.906443
1048576,1048640,2097280,0.106,222311,32,80,13108,49,113,170.964793,0.356995209458,-251.932459,-80.967666,-34.906443
1048576,1048640,2097280,0.106,222311,32,80,13108,49,114,172.450816,0.356995209458,-254.088781,-81.637965,-34.906443
1048576,1048640,2097280,0.106,222311,32,80,13108,49,115,173.936839,0.356995209458,-256.240489,-82.303650,-34.906443
1048576,1048640,2097280,0.106,222311,32,80,13108,49,116,175.422863,0.356995209458,-258.387626,-82.964763,-34.906443
1048576,1048640,2097280,0.106,222311,32,80,13108,49,117,176.908886,0.356995209458,-260.530262,-83.621376,-34.906443
1048576,1048640,2097280,0.106,222311,32,80,13108,49,118,178.394909,0.356995209458,-262.668490,-84.273581,-34.906443
1048576,1048640,2097280,0.106,222311,32,80,13108,49,119,179.880933,0.356995209458,-264.802434,-84.921502,-34.906443
1048576,1048640,2097280,0.106,222311,32,80,13108,49,120,181.366956,0.356995209458,-266.932240,-85.565284,-34.906443
1048576,1048640,2097280,0.106,222311,32,80,13108,49,121,182.852980,0.356995209458,-269.058068,-86.205088,-34.906443
1048576,1048640,2097280,0.106,222311,32,80,13108,49,122,184.339003,0.356995209458,-271.180098,-86.841095,-34.906443
1048576,1048640,2097280,0.106,222311,32,80,13108,49,123,185.825026,0.356995209458,-273.298525,-87.473498,-34.906443
1048576,1048640,2097280,0.106,222311,32,80,13108,49,124,187.311050,0.356995209458,-275.413544,-88.102495,-34.906443
1048576,1048640,2097280,0.106,222311,32,80,13108,49,125,188.797073,0.356995209458,-277.525364,-88.728291,-34.906443
1048576,1048640,2097280,0.106,222311,32,80,13108,49,126,190.283097,0.356995209458,-279.634192,-89.351096,-34.906443
1048576,1048640,2097280,0.106,222311,32,80,13108,49,127,191.769120,0.356995209458,-281.740235,-89.971115,-34.906443
1048576,1048640,2097280,0.106,222311,32,80,13108,49,128,193.255143,0.356995209458,-283.843696,-90.588552,-34.906443
1048576,1048640,2097280,0.106,222311,32,80,13108,49,129,194.741167,0.356995209458,-285.944776,-91.203609,-34.906443
1048576,1048640,2097280,0.106,222311,32,80,13108,49,130,196.227190,0.356995209458,-288.043665,-91.816475,-34.906443
1048576,1048640,2097280,0.106,222311,32,80,13108,49,131,197.713213,0.356995209458,-290.140548,-92.427335,-34.906443
1048576,1048640,2097280,0.106,222311,32,80,13108,49,132,199.199237,0.356995209458,-292.235603,-93.036366,-34.906443
1048576,1048640,2097280,0.106,222311,32,80,13108,49,133,200.685260,0.356995209458,-294.328991,-93.643731,-34.906443
1048576,1048640,2097280,0.106,222311,32,80,13108,49,134,202.171284,0.356995209458,-296.420869,-94.249586,-34.906443
1048576,1048640,2097280,0.106,222311,32,80,13108,49,135,203.657307,0.356995209458,-298.511384,-94.854077,-34.906443
1048576,1048640,2097280,0.106,222311,32,80,13108,49,136,205.143330,0.356995209458,-300.600669,-95.457338,-34.906443
1048576,1048640,2097280,0.106,222311,32,80,13108,49,137,206.629354,0.356995209458,-302.688848,-96.059495,-34.906443
1048576,1048640,2097280,0.106,222311,32,80,13108,49,138,208.115377,0.356995209458,-304.776039,-96.660662,-34.906443
1048576,1048640,2097280,0.106,222311,32,80,13108,49,139,209.601400,0.356995209458,-306.862344,-97.260944,-34.906443
1048576,1048640,2097280,0.106,222311,32,80,13108,49,140,211.087424,0.356995209458,-308.947862,-97.860438,-34.906443
1048576,1048640,2097280,0.106,222311,32,80,13108,49,141,212.573447,0.356995209458,-311.032682,-98.459234,-34.906443
1048576,1048640,2097280,0.106,222311,32,80,13108,49,142,214.059471,0.356995209458,-313.116882,-99.057411,-34.906443
1048576,1048640,2097280,0.106,222311,32,80,13108,49,143,215.545494,0.356995209458,-315.200536,-99.655042,-34.906443
1048576,1048640,2097280,0.106,222311,32,80,13108,49,144,217.031517,0.356995209458,-317.283711,-100.252194,-34.906443
1048576,1048640,2097280,0.106,222311,32,80,13108,49,145,218.517541,0.356995209458,-319.366466,-100.848926,-34.906443
1048576,1048640,2097280,0.106,222311,32,80,13108,49,146,220.003564,0.356995209458,-321.448856,-101.445292,-34.906443
1048576,1048640,2097280,0.106,222311,32,80,13108,49,147,221.489587,0.356995209458,-323.530929,-102.041342,-34.906443
1048576,1048640,2097280,0.106,222311,32,80,13108,49,148,222.975611,0.356995209458,-325.612729,-102.637118,-34.906443
1048576,1048640,2097280,0.106,222311,32,80,13108,49,149,224.461634,0.356995209458,-327.694296,-103.232662,-34.906443
1048576,1048640,2097280,0.106,222311,32,80,13108,49,150,225.947658,0.356995209458,-329.775665,-103.828008,-34.906443
1048576,1048640,2097280,0.106,222311,32,80,13108,49,151,227.433681,0.356995209458,-331.856868,-104.423187,-34.906443
1048576,1048640,2097280,0.106,222311,32,80,13108,49,152,228.919704,0.356995209458,-333.937933,-105.018229,-34.906443
1048576,1048640,2097280,0.106,222311,32,80,13108,49,153,230.405728,0.356995209458,-336.018886,-105.613159,-34.906443
1048576,1048640,2097280,0.106,222311,32,80,13108,49,154,231.891751,0.356995209458,-338.099750,-106.207999,-34.906443
1048576,1048640,2097280,0.106,222311,32,80,13108,49,155,233.377775,0.356995209458,-340.180545,-106.802770,-34.906443
1048576,1048640,2097280,0.106,222311,32,80,13108,49,156,234.863798,0.356995209458,-342.261288,-107.397491,-34.906443
1048576,1048640,2097280,0.106,222311,32,80,13108,49,157,236.349821,0.356995209458,-344.341998,-107.992176,-34.906443
1048576,1048640,2097280,0.106,222311,32,80,13108,49,158,237.835845,0.356995209458,-346.422686,-108.586842,-34.906443
1048576,1048640,2097280,0.106,222311,32,80,13108,49,159,239.321868,0.356995209458,-348.503367,-109.181499,-34.906443
1048576,1048640,2097280,0.106,222311,32,80,13108,49,160,240.807891,0.356995209458,-350.584052,-109.776160,-34.906443
1048576,1048640,2097280,0.106,222311,32,80,13108,50,1,-inf,,-2.237846,-inf,-inf
1048576,1048640,2097280,0.106,222311,32,80,13108,50,2,-inf,,-4.475692,-inf,-inf
1048576,1048640,2097280,0.106,222311,32,80,13108,50,3,-inf,,-6.713537,-inf,-inf
1048576,1048640,2097280,0.106,222311,32,80,13108,50,4,-inf,,-8.951381,-inf,-inf
1048576,1048640,2097280,0.106,222311,32,80,13108,50,5,-inf,,-11.189224,-inf,-inf
1048576,1048640,2097280,0.106,222311,32,80,13108,50,6,-inf,,-13.427067,-inf,-inf
1048576,1048640,2097280,0.106,222311,32,80,13108,50,7,-inf,,-15.664909,-inf,-inf
1048576,1048640,2097280,0.106,222311,32,80,13108,50,8,-inf,,-17.902750,-inf,-inf
1048576,1048640,2097280,0.106,222311,32,80,13108,50,9,-inf,,-20.140591,-inf,-inf
1048576,1048640,2097280,0.106,222311,32,80,13108,50,10,-inf,,-22.378431,-inf,-inf
1048576,1048640,2097280,0.106,222311,32,80,13108,50,11,-inf,,-24.616270,-inf,-inf
1048576,1048640,2097280,0.106,222311,32,80,13108,50,12,-inf,,-26.854108,-inf,-inf
1048576,1048640,2097280,0.106,222311,32,80,13108,50,13,-inf,,-29.091945,-inf,-inf
1048576,1048640,2097280,0.106,222311,32,80,13108,50,14,-inf,,-31.329782,-inf,-inf
1048576,1048640,2097280,0.106,222311,32,80,13108,50,15,-inf,,-33.567618,-inf,-inf
1048576,1048640,2097280,0.106,222311,32,80,13108,50,16,-inf,,-35.805453,-inf,-inf
1048576,1048640,2097280,0.106,222311,32,80,13108,50,17,-inf,,-38.043288,-inf,-inf
1048576,1048640,2097280,0.106,222311,32,80,13108,50,18,-inf,,-40.281121,-inf,-inf
1048576,1048640,2097280,0.106,222311,32,80,13108,50,19,-inf,,-42.518954,-inf,-inf
1048576,1048640,2097280,0.106,222311,32,80,13108,50,20,-inf,,-44.756786,-inf,-inf
1048576,1048640,2097280,0.106,222311,32,80,13108,50,21,-inf,,-46.994617,-inf,-inf
1048576,1048640,2097280,0.106,222311,32,80,13108,50,22,-inf,,-49.232447,-inf,-inf
1048576,1048640,2097280,0.106,222311,32,80,13108,50,23,-inf,,-51.470276,-inf,-inf
1048576,1048640,2097280,0.106,222311,32,80,13108,50,24,-inf,,-53.708104,-inf,-inf
1048576,1048640,2097280,0.106,222311,32,80,13108,50,25,-inf,,-55.945932,-inf,-inf
1048576,1048640,2097280,0.106,222311,32,80,13108,50,26,-inf,,-58.183758,-inf,-inf
1048576,1048640,2097280,0.106,222311,32,80,13108,50,27,-inf,,-60.421583,-inf,-inf
1048576,1048640,2097280,0.106,222311,32,80,13108,50,28,-inf,,-62.659406,-inf,-inf
1048576,1048640,2097280,0.106,222311,32,80,13108,50,29,-inf,,-64.897229,-inf,-inf
1048576,1048640,2097280,0.106,222311,32,80,13108,50,30,-inf,,-67.135050,-inf,-inf
1048576,1048640,2097280,0.106,222311,32,80,13108,50,31,-inf,,-69.372869,-inf,-inf
1048576,1048640,2097280,0.106,222311,32,80,13108,50,32,-inf,,-71.610687,-inf,-inf
1048576,1048640,2097280,0.106,222311,32,80,13108,50,33,-inf,,-73.848504,-inf,-inf
1048576,1048640,2097280,0.106,222311,32,80,13108,50,34,-inf,,-76.086318,-inf,-inf
1048576,1048640,2097280,0.106,222311,32,80,13108,50,35,-inf,,-78.324131,-inf,-inf
1048576,1048640,2097280,0.106,222311,32,80,13108,50,36,-inf,,-80.561941,-inf,-inf
1048576,1048640,2097280,0.106,222311,32,80,13108,50,37,-inf,,-82.799749,-inf,-inf
1048576,1048640,2097280,0.106,222311,32,80,13108,50,38,-inf,,-85.037554,-inf,-inf
1048576,1048640,2097280,0.106,222311,32,80,13108,50,39,-inf,,-87.275356,-inf,-inf
1048576,1048640,2097280,0.106,222311,32,80,13108,50,40,-inf,,-89.513155,-inf,-inf
1048576,1048640,2097280,0.106,222311,32,80,13108,50,41,-inf,,-91.750951,-inf,-inf
1048576,1048640,2097280,0.106,222311,32,80,13108,50,42,-inf,,-93.988742,-inf,-inf
1048576,1048640,2097280,0.106,222311,32,80,13108,50,43,-inf,,-96.226529,-inf,-inf
1048576,1048640,2097280,0.106,222311,32,80,13108,50,44,-inf,,-98.464311,-inf,-inf
1048576,1048640,2097280,0.106,222311,32,80,13108,50,45,-inf,,-100.702087,-inf,-inf
1048576,1048640,2097280,0.106,222311,32,80,13108,50,46,-inf,,-102.939857,-inf,-inf
1048576,1048640,2097280,0.106,222311,32,80,13108,50,47,-inf,,-105.177620,-inf,-inf
1048576,1048640,2097280,0.106,222311,32,80,13108,50,48,-inf,,-107.415376,-inf,-inf
1048576,1048640,2097280,0.106,222311,32,80,13108,50,49,-inf,,-109.653122,-inf,-inf
1048576,1048640,2097280,0.106,222311,32,80,13108,50,50,73.093828,0.21340807009,-111.890859,-38.797031,-38.797031
1048576,1048640,2097280,0.106,222311,32,80,13108,50,51,75.322141,0.21340807009,-114.128584,-38.806442,-37.801729
1048576,1048640,2097280,0.106,222311,32,80,13108,50,52,77.550455,0.21340807009,-116.366297,-38.815842,-37.221455
1048576,1048640,2097280,0.106,222311,32,80,13108,50,53,79.639241,0.322086170895,-118.603995,-38.964754,-36.844403
1048576,1048640,2097280,0.106,222311,32,80,13108,50,54,81.273723,0.322086170895,-120.841678,-39.567955,-36.641012
1048576,1048640,2097280,0.106,222311,32,80,13108,50,55,82.908204,0.322086170895,-123.079343,-40.171139,-36.521242
1048576,1048640,2097280,0.106,222311,32,80,13108,50,56,84.542686,0.322086170895,-125.316987,-40.774302,-36.447498
1048576,1048640,2097280,0.106,222311,32,80,13108,50,57,86.177167,0.322086170895,-127.554609,-41.377442,-36.400930
1048576,1048640,2097280,0.106,222311,32,80,13108,50,58,87.811648,0.322086170895,-129.792205,-41.980557,-36.371073
1048576,1048640,2097280,0.106,222311,32,80,13108,50,59,89.446130,0.322086170895,-132.029772,-42.583642,-36.351750
1048576,1048640,2097280,0.106,222311,32,80,13108,50,60,91.080611,0.322086170895,-134.267306,-43.186695,-36.339167
1048576,1048640,2097280,0.106,222311,32,80,13108,50,61,92.715092,0.322086170895,-136.504804,-43.789712,-36.330943
1048576,1048640,2097280,0.106,222311,32,80,13108,50,62,94.207720,0.356995209458,-138.742260,-44.534541,-36.326058
1048576,1048640,2097280,0.106,222311,32,80,13108,50,63,95.693743,0.356995209458,-140.979669,-45.285927,-36.323163
1048576,1048640,2097280,0.106,222311,32,80,13108,50,64,97.179766,0.356995209458,-143.217026,-46.037260,-36.321447
1048576,1048640,2097280,0.106,222311,32,80,13108,50,65,98.665790,0.356995209458,-145.454324,-46.788534,-36.320428
1048576,1048640,2097280,0.106,222311,32,80,13108,50,66,100.151813,0.356995209458,-147.691555,-47.539742,-36.319823
1048576,1048640,2097280,0.106,222311,32,80,13108,50,67,101.637836,0.356995209458,-149.928710,-48.290874,-36.319464
1048576,1048640,2097280,0.106,222311,32,80,13108,50,68,103.123860,0.356995209458,-152.165781,-49.041921,-36.319250
1048576,1048640,2097280,0.106,222311,32,80,13108,50,69,104.609883,0.356995209458,-154.402757,-49.792874,-36.319123
1048576,1048640,2097280,0.106,222311,32,80,13108,50,70,106.095907,0.356995209458,-156.639626,-50.543719,-36.319048
1048576,1048640,2097280,0.106,222311,32,80,13108,50,71,107.581930,0.356995209458,-158.876374,-51.294444,-36.319003
1048576,1048640,2097280,0.106,222311,32,80,13108,50,72,109.067953,0.356995209458,-161.112986,-52.045033,-36.318976
1048576,1048640,2097280,0.106,222311,32,80,13108,50,73,110.553977,0.356995209458,-163.349447,-52.795470,-36.318961
1048576,1048640,2097280,0.106,222311,32,80,13108,50,74,112.040000,0.356995209458,-165.585736,-53.545736,-36.318951
1048576,1048640,2097280,0.106,222311,32,80,13108,50,75,113.526024,0.356995209458,-167.821833,-54.295810,-36.318946
1048576,1048640,2097280,0.106,222311,32,80,13108,50,76,115.012047,0.356995209458,-170.057715,-55.045668,-36.318942
1048576,1048640,2097280,0.106,222311,32,80,13108,50,77,116.498070,0.356995209458,-172.293355,-55.795285,-36.318940
1048576,1048640,2097280,0.106,222311,32,80,13108,50,78,117.984094,0.356995209458,-174.528724,-56.544630,-36.318939
1048576,1048640,2097280,0.106,222311,32,80,13108,50,79,119.470117,0.356995209458,-176.763788,-57.293671,-36.318938
1048576,1048640,2097280,0.106,222311,32,80,13108,50,80,120.956140,0.356995209458,-178.998512,-58.042372,-36.318938
1048576,1048640,2097280,0.106,222311,32,80,13108,50,81,122.442164,0.356995209458,-181.232855,-58.790691,-36.318938
1048576,1048640,2097280,0.106,222311,32,80,13108,50,82,123.928187,0.356995209458,-183.466772,-59.538585,-36.318938
1048576,1048640,2097280,0.106,222311,32,80,13108,50,83,125.414211,0.356995209458,-185.700212,-60.286002,-36.318938
1048576,1048640,2097280,0.106,222311,32,80,13108,50,84,126.900234,0.356995209458,-187.933121,-61.032887,-36.318938
1048576,1048640,2097280,0.106,222311,32,80,13108,50,85,128.386257,0.356995209458,-190.165436,-61.779178,-36.318938
1048576,1048640,2097280,0.106,222311,32,80,13108,50,86,129.872281,0.356995209458,-192.397090,-62.524809,-36.318937
1048576,1048640,2097280,0.106,222311,32,80,13108,50,87,131.358304,0.356995209458,-194.628006,-63.269702,-36.318937
1048576,1048640,2097280,0.106,222311,32,80,13108,50,88,132.844327,0.356995209458,-196.858104,-64.013777,-36.318937
1048576,1048640,2097280,0.106,222311,32,80,13108,50,89,134.330351,0.356995209458,-199.087293,-64.756942,-36.318937
1048576,1048640,2097280,0.106,222311,32,80,13108,50,90,135.816374,0.356995209458,-201.315473,-65.499099,-36.318937
1048576,1048640,2097280,0.106,222311,32,80,13108,50,91,137.302398,0.356995209458,-203.542536,-66.240138,-36.318937
1048576,1048640,2097280,0.106,222311,32,80,13108,50,92,138.788421,0.356995209458,-205.768365,-66.979944,-36.318937
1048576,1048640,2097280,0.106,222311,32,80,13108,50,93,140.274444,0.356995209458,-207.992832,-67.718388,-36.318937
1048576,1048640,2097280,0.106,222311,32,80,13108,50,94,141.760468,0.356995209458,-210.215800,-68.455333,-36.318937
1048576,1048640,2097280,0.106,222311,32,80,13108,50,95,143.246491,0.356995209458,-212.437121,-69.190630,-36.318937
1048576,1048640,2097280,0.106,222311,32,80,13108,50,96,144.732514,0.356995209458,-214.656639,-69.924124,-36.318937
1048576,1048640,2097280,0.106,222311,32,80,13108,50,97,146.218538,0.356995209458,-216.874183,-70.655645,-36.318937
1048576,1048640,2097280,0.106,222311,32,80,13108,50,98,147.704561,0.356995209458,-219.089579,-71.385018,-36.318937
1048576,1048640,2097280,0.106,222311,32,80,13108,50,99,149.190585,0.356995209458,-221.302639,-72.112055,-36.318937
1048576,1048640,2097280,0.106,222311,32,80,13108,50,100,150.676608,0.356995209458,-223.513174,-72.836566,-36.318937
1048576,1048640,2097280,0.106,222311,32,80,13108,50,101,152.162631,0.356995209458,-225.720982,-73.558350,-36.318937
1048576,1048640,2097280,0.106,222311,32,80,13108,50,102,153.648655,0.356995209458,-227.925862,-74.277208,-36.318937
1048576,1048640,2097280,0.106,222311,32,80,13108,50,103,155.134678,0.356995209458,-230.127608,-74.992930,-36.318937
1048576,1048640,2097280,0.106,222311,32,80,13108,50,104,156.620702,0.356995209458,-232.326017,-75.705316,-36.318937
1048576,1048640,2097280,0.106,222311,32,80,13108,50,105,158.106725,0.356995209458,-234.520892,-76.414167,-36.318937
1048576,1048640,2097280,0.106,222311,32,80,13108,50,106,159.592748,0.356995209458,-236.712034,-77.119286,-36.318937
1048576,1048640,2097280,0.106,222311,32,80,13108,50,107,161.078772,0.356995209458,-238.899265,-77.820493,-36.318937
1048576,1048640,2097280,0.106,222311,32,80,13108,50,108,162.564795,0.356995209458,-241.082416,-78.517621,-36.318937
1048576,1048640,2097280,0.106,222311,32,80,13108,50,109,164.050818,0.356995209458,-243.261334,-79.210516,-36.318937
1048576,1048640,2097280,0.106,222311,32,80,13108,50,110,165.536842,0.356995209458,-245.435890,-79.899048,-36.318937
1048576,1048640,2097280,0.106,222311,32,80,13108,50,111,167.022865,0.356995209458,-247.605979,-80.583114,-36.318937
1048576,1048640,2097280,0.106,222311,32,80,13108,50,112,168.508889,0.356995209458,-249.771519,-81.262630,-36.318937
1048576,1048640,2097280,0.106,222311,32,80,13108,50,113,169.994912,0.356995209458,-251.932459,-81.937547,-36.318937
1048576,1048640,2097280,0.106,222311,32,80,13108,50,114,171.480935,0.356995209458,-254.088781,-82.607845,-36.318937
1048576,1048640,2097280,0.106,222311,32,80,13108,50,115,172.966959,0.356995209458,-256.240489,-83.273530,-36.318937
1048576,1048640,2097280,0.106,222311,32,80,13108,50,116,174.452982,0.356995209458,-258.387626,-83.934644,-36.318937
1048576,1048640,2097280,0.106,222311,32,80,13108,50,117,175.939005,0.356995209458,-260.530262,-84.591257,-36.318937
1048576,1048640,2097280,0.106,222311,32,80,13108,50,118,177.425029,0.356995209458,-262.668490,-85.243462,-36.318937
1048576,1048640,2097280,0.106,222311,32,80,13108,50,119,178.911052,0.356995209458,-264.802434,-85.891382,-36.318937
1048576,1048640,2097280,0.106,222311,32,80,13108,50,120,180.397076,0.356995209458,-266.932240,-86.535164,-36.318937
1048576,1048640,2097280,0.106,222311,32,80,13108,50,121,181.883099,0.356995209458,-269.058068,-87.174969,-36.318937
1048576,1048640,2097280,0.106,222311,32,80,13108,50,122,183.369122,0.356995209458,-271.180098,-87.810976,-36.318937
1048576,1048640,2097280,0.106,222311,32,80,13108,50,123,184.855146,0.356995209458,-273.298525,-88.443379,-36.318937
1048576,1048640,2097280,0.106,222311,32,80,13108,50,124,186.341169,0.356995209458,-275.413544,-89.072375,-36.318937
1048576,1048640,2097280,0.106,222311,32,80,13108,50,125,187.827193,0.356995209458,-277.525364,-89.698171,-36.318937
1048576,1048640,2097280,0.106,222311,32,80,13108,50,126,189.313216,0.356995209458,-279.634192,-90.320977,-36.318937
1048576,1048640,2097280,0.106,222311,32,80,13108,50,127,190.799239,0.356995209458,-281.740235,-90.940995,-36.318937
1048576,1048640,2097280,0.106,222311,32,80,13108,50,128,192.285263,0.356995209458,-283.843696,-91.558433,-36.318937
1048576,1048640,2097280,0.106,222311,32,80,13108,50,129,193.771286,0.356995209458,-285.944776,-92.173490,-36.318937
1048576,1048640,2097280,0.106,222311,32,80,13108,50,130,195.257309,0.356995209458,-288.043665,-92.786355,-36.318937
1048576,1048640,2097280,0.106,222311,32,80,13108,50,131,196.743333,0.356995209458,-290.140548,-93.397216,-36.318937
1048576,1048640,2097280,0.106,222311,32,80,13108,50,132,198.229356,0.356995209458,-292.235603,-94.006246,-36.318937
1048576,1048640,2097280,0.106,222311,32,80,13108,50,133,199.715380,0.356995209458,-294.328991,-94.613611,-36.318937
1048576,1048640,2097280,0.106,222311,32,80,13108,50,134,201.201403,0.356995209458,-296.420869,-95.219466,-36.318937
1048576,1048640,2097280,0.106,222311,32,80,13108,50,135,202.687426,0.356995209458,-298.511384,-95.823958,-36.318937
1048576,1048640,2097280,0.106,222311,32,80,13108,50,136,204.173450,0.356995209458,-300.600669,-96.427219,-36.318937
1048576,1048640,2097280,0.106,222311,32,80,13108,50,137,205.659473,0.356995209458,-302.688848,-97.029375,-36.318937
1048576,1048640,2097280,0.106,222311,32,80,13108,50,138,207.145496,0.356995209458,-304.776039,-97.630542,-36.318937
1048576,1048640,2097280,0.106,222311,32,80,13108,50,139,208.631520,0.356995209458,-306.862344,-98.230824,-36.318937
1048576,1048640,2097280,0.106,222311,32,80,13108,50,140,210.117543,0.356995209458,-308.947862,-98.830319,-36.318937
1048576,1048640,2097280,0.106,222311,32,80,13108,50,141,211.603567,0.356995209458,-311.032682,-99.429115,-36.318937
1048576,1048640,2097280,0.106,222311,32,80,13108,50,142,213.089590,0.356995209458,-313.116882,-100.027292,-36.318937
1048576,1048640,2097280,0.106,222311,32,80,13108,50,143,214.575613,0.356995209458,-315.200536,-100.624923,-36.318937
1048576,1048640,2097280,0.106,222311,32,80,13108,50,144,216.061637,0.356995209458,-317.283711,-101.222074,-36.318937
1048576,1048640,2097280,0.106,222311,32,80,13108,50,145,217.547660,0.356995209458,-319.366466,-101.818806,-36.318937
1048576,1048640,2097280,0.106,222311,32,80,13108,50,146,219.033684,0.356995209458,-321.448856,-102.415172,-36.318937
1048576,1048640,2097280,0.106,222311,32,80,13108,50,147,220.519707,0.356995209458,-323.530929,-103.011222,-36.318937
1048576,1048640,2097280,0.106,222311,32,80,13108,50,148,222.005730,0.356995209458,-325.612729,-103.606999,-36.318937
1048576,1048640,2097280,0.106,222311,32,80,13108,50,149,223.491754,0.356995209458,-327.694296,-104.202542,-36.318937
1048576,1048640,2097280,0.106,222311,32,80,13108,50,150,224.977777,0.356995209458,-329.775665,-104.797888,-36.318937
1048576,1048640,2097280,0.106,222311,32,80,13108,50,151,226.463800,0.356995209458,-331.856868,-105.393068,-36.318937
1048576,1048640,2097280,0.106,222311,32,80,13108,50,152,227.949824,0.356995209458,-333.937933,-105.988109,-36.318937
1048576,1048640,2097280,0.106,222311,32,80,13108,50,153,229.435847,0.356995209458,-336.018886,-106.583039,-36.318937
1048576,1048640,2097280,0.106,222311,32,80,13108,50,154,230.921871,0.356995209458,-338.099750,-107.177880,-36.318937
1048576,1048640,2097280,0.106,222311,32,80,13108,50,155,232.407894,0.356995209458,-340.180545,-107.772651,-36.318937
1048576,1048640,2097280,0.106,222311,32,80,13108,50,156,233.893917,0.356995209458,-342.261288,-108.367371,-36.318937
1048576,1048640,2097280,0.106,222311,32,80,13108,50,157,235.379941,0.356995209458,-344.341998,-108.962057,-36.318937
1048576,1048640,2097280,0.106,222311,32,80,13108,50,158,236.865964,0.356995209458,-346.422686,-109.556722,-36.318937
1048576,1048640,2097280,0.106,222311,32,80,13108,50,159,238.351987,0.356995209458,-348.503367,-110.151380,-36.318937
1048576,1048640,2097280,0.106,222311,32,80,13108,50,160,239.838011,0.356995209458,-350.584052,-110.746041,-36.318937
1048576,1048640,2097280,0.106,222311,32,80,13108,51,1,-inf,,-2.237846,-inf,-inf
1048576,1048640,2097280,0.106,222311,32,80,13108,51,2,-inf,,-4.475692,-inf,-inf
1048576,1048640,2097280,0.106,222311,32,80,13108,51,3,-inf,,-6.713537,-inf,-inf
1048576,1048640,2097280,0.106,222311,32,80,13108,51,4,-inf,,-8.951381,-inf,-inf
1048576,1048640,2097280,0.106,222311,32,80,13108,51,5,-inf,,-11.189224,-inf,-inf
1048576,1048640,2097280,0.106,222311,32,80,13108,51,6,-inf,,-13.427067,-inf,-inf
1048576,1048640,2097280,0.106,222311,32,80,13108,51,7,-inf,,-15.664909,-inf,-inf
1048576,1048640,2097280,0.106,222311,32,80,13108,51,8,-inf,,-17.902750,-inf,-inf
1048576,1048640,2097280,0.106,222311,32,80,13108,51,9,-inf,,-20.140591,-inf,-inf
1048576,1048640,2097280,0.106,222311,32,80,13108,51,10,-inf,,-22.378431,-inf,-inf
1048576,1048640,2097280,0.106,222311,32,80,13108,51,11,-inf,,-24.616270,-inf,-inf
1048576,1048640,2097280,0.106,222311,32,80,13108,51,12,-inf,,-26.854108,-inf,-inf
1048576,1048640,2097280,0.106,222311,32,80,13108,51,13,-inf,,-29.091945,-inf,-inf
1048576,1048640,2097280,0.106,222311,32,80,13108,51,14,-inf,,-31.329782,-inf,-inf
1048576,1048640,2097280,0.106,222311,32,80,13108,51,15,-inf,,-33.567618,-inf,-inf
1048576,1048640,2097280,0.106,222311,32,80,13108,51,16,-inf,,-35.805453,-inf,-inf
1048576,1048640,2097280,0.106,222311,32,80,13108,51,17,-inf,,-38.043288,-inf,-inf
1048576,1048640,2097280,0.106,222311,32,80,13108,51,18,-inf,,-40.281121,-inf,-inf
1048576,1048640,2097280,0.106,222311,32,80,13108,51,19,-inf,,-42.518954,-inf,-inf
1048576,1048640,2097280,0.106,222311,32,80,13108,51,20,-inf,,-44.756786,-inf,-inf
1048576,1048640,2097280,0.106,222311,32,80,13108,51,21,-inf,,-46.994617,-inf,-inf
1048576,1048640,2097280,0.106,222311,32,80,13108,51,22,-inf,,-49.232447,-inf,-inf
1048576,1048640,2097280,0.106,222311,32,80,13108,51,23,-inf,,-51.470276,-inf,-inf
1048576,1048640,2097280,0.106,222311,32,80,13108,51,24,-inf,,-53.708104,-inf,-inf
1048576,1048640,2097280,0.106,222311,32,80,13108,51,25,-inf,,-55.945932,-inf,-inf
1048576,1048640,2097280,0.106,222311,32,80,13108,51,26,-inf,,-58.183758,-inf,-inf
1048576,1048640,2097280,0.106,222311,32,80,13108,51,27,-inf,,-60.421583,-inf,-inf
1048576,1048640,2097280,0.106,222311,32,80,13108,51,28,-inf,,-62.659406,-inf,-inf
1048576,1048640,2097280,0.106,222311,32,80,13108,51,29,-inf,,-64.897229,-inf,-inf
1048576,1048640,2097280,0.106,222311,32,80,13108,51,30,-inf,,-67.135050,-inf,-inf
1048576,1048640,2097280,0.106,222311,32,80,13108,51,31,-inf,,-69.372869,-inf,-inf
1048576,1048640,2097280,0.106,222311,32,80,13108,51,32,-inf,,-71.610687,-inf,-inf
1048576,1048640,2097280,0.106,222311,32,80,13108,51,33,-inf,,-73.848504,-inf,-inf
1048576,1048640,2097280,0.106,222311,32,80,13108,51,34,-inf,,-76.086318,-inf,-inf
1048576,1048640,2097280,0.106,222311,32,80,13108,51,35,-inf,,-78.324131,-inf,-inf
1048576,1048640,2097280,0.106,222311,32,80,13108,51,36,-inf,,-80.561941,-inf,-inf
1048576,1048640,2097280,0.106,222311,32,80,13108,51,37,-inf,,-82.799749,-inf,-inf
1048576,1048640,2097280,0.106,222311,32,80,13108,51,38,-inf,,-85.037554,-inf,-inf
1048576,1048640,2097280,0.106,222311,32,80,13108,51,39,-inf,,-87.275356,-inf,-inf
1048576,1048640,2097280,0.106,222311,32,80,13108,51,40,-inf,,-89.513155,-inf,-inf
1048576,1048640,2097280,0.106,222311,32,80,13108,51,41,-inf,,-91.750951,-inf,-inf
1048576,1048640,2097280,0.106,222311,32,80,13108,51,42,-inf,,-93.988742,-inf,-inf
1048576,1048640,2097280,0.106,222311,32,80,13108,51,43,-inf,,-96.226529,-inf,-inf
1048576,1048640,2097280,0.106,222311,32,80,13108,51,44,-inf,,-98.464311,-inf,-inf
1048576,1048640,2097280,0.106,222311,32,80,13108,51,45,-inf,,-100.702087,-inf,-inf
1048576,1048640,2097280,0.106,222311,32,80,13108,51,46,-inf,,-102.939857,-inf,-inf
1048576,1048640,2097280,0.106,222311,32,80,13108,51,47,-inf,,-105.177620,-inf,-inf
1048576,1048640,2097280,0.106,222311,32,80,13108,51,48,-inf,,-107.415376,-inf,-inf
1048576,1048640,2097280,0.106,222311,32,80,13108,51,49,-inf,,-109.653122,-inf,-inf
1048576,1048640,2097280,0.106,222311,32,80,13108,51,50,-inf,,-111.890859,-inf,-inf
1048576,1048640,2097280,0.106,222311,32,80,13108,51,51,75.226517,0.236538124161,-114.128584,-38.902067,-38.902067
1048576,1048640,2097280,0.106,222311,32,80,13108,51,52,77.304772,0.262175109676,-116.366297,-39.061525,-37.979594
1048576,1048640,2097280,0.106,222311,32,80,13108,51,53,79.042788,0.322086170895,-118.603995,-39.561208,-37.563718
1048576,1048640,2097280,0.106,222311,32,80,13108,51,54,80.677269,0.322086170895,-120.841678,-40.164409,-37.343562
1048576,1048640,2097280,0.106,222311,32,80,13108,51,55,82.311750,0.322086170895,-123.079343,-40.767592,-37.215048
1048576,1048640,2097280,0.106,222311,32,80,13108,51,56,83.946232,0.322086170895,-125.316987,-41.370755,-37.136294
1048576,1048640,2097280,0.106,222311,32,80,13108,51,57,85.580713,0.322086170895,-127.554609,-41.973896,-37.086700
1048576,1048640,2097280,0.106,222311,32,80,13108,51,58,87.215195,0.322086170895,-129.792205,-42.577010,-37.054958
1048576,1048640,2097280,0.106,222311,32,80,13108,51,59,88.849676,0.322086170895,-132.029772,-43.180096,-37.034435
1048576,1048640,2097280,0.106,222311,32,80,13108,51,60,90.367721,0.356995209458,-134.267306,-43.899586,-37.022112
1048576,1048640,2097280,0.106,222311,32,80,13108,51,61,91.853744,0.356995209458,-136.504804,-44.651060,-37.014842
1048576,1048640,2097280,0.106,222311,32,80,13108,51,62,93.339767,0.356995209458,-138.742260,-45.402493,-37.010541
1048576,1048640,2097280,0.106,222311,32,80,13108,51,63,94.825791,0.356995209458,-140.979669,-46.153879,-37.007992
1048576,1048640,2097280,0.106,222311,32,80,13108,51,64,96.311814,0.356995209458,-143.217026,-46.905212,-37.006480
1048576,1048640,2097280,0.106,222311,32,80,13108,51,65,97.797838,0.356995209458,-145.454324,-47.656486,-37.005583
1048576,1048640,2097280,0.106,222311,32,80,13108,51,66,99.283861,0.356995209458,-147.691555,-48.407694,-37.005050
1048576,1048640,2097280,0.106,222311,32,80,13108,51,67,100.769884,0.356995209458,-149.928710,-49.158826,-37.004733
1048576,1048640,2097280,0.106,222311,32,80,13108,51,68,102.255908,0.356995209458,-152.165781,-49.909874,-37.004545
1048576,1048640,2097280,0.106,222311,32,80,13108,51,69,103.741931,0.356995209458,-154.402757,-50.660826,-37.004433
1048576,1048640,2097280,0.106,222311,32,80,13108,51,70,105.227954,0.356995209458,-156.639626,-51.411671,-37.004367
1048576,1048640,2097280,0.106,222311,32,80,13108,51,71,106.713978,0.356995209458,-158.876374,-52.162396,-37.004327
1048576,1048640,2097280,0.106,222311,32,80,13108,51,72,108.200001,0.356995209458,-161.112986,-52.912985,-37.004304
1048576,1048640,2097280,0.106,222311,32,80,13108,51,73,109.686025,0.356995209458,-163.349447,-53.663422,-37.004290
1048576,1048640,2097280,0.106,222311,32,80,13108,51,74,111.172048,0.356995209458,-165.585736,-54.413688,-37.004282
1048576,1048640,2097280,0.106,222311,32,80,13108,51,75,112.658071,0.356995209458,-167.821833,-55.163762,-37.004277
1048576,1048640,2097280,0.106,222311,32,80,13108,51,76,114.144095,0.356995209458,-170.057715,-55.913620,-37.004274
1048576,1048640,2097280,0.106,222311,32,80,13108,51,77,115.630118,0.356995209458,-172.293355,-56.663237,-37.004272
1048576,1048640,2097280,0.106,222311,32,80,13108,51,78,117.116142,0.356995209458,-174.528724,-57.412582,-37.004271
1048576,1048640,2097280,0.106,222311,32,80,13108,51,79,118.602165,0.356995209458,-176.763788,-58.161623,-37.004270
1048576,1048640,2097280,0.106,222311,32,80,13108,51,80,120.088188,0.356995209458,-178.998512,-58.910324,-37.004270
1048576,1048640,2097280,0.106,222311,32,80,13108,51,81,121.574212,0.356995209458,-181.232855,-59.658644,-37.004270
1048576,1048640,2097280,0.106,222311,32,80,13108,51,82,123.060235,0.356995209458,-183.466772,-60.406537,-37.004270
1048576,1048640,2097280,0.106,222311,32,80,13108,51,83,124.546258,0.356995209458,-185.700212,-61.153954,-37.004270
1048576,1048640,2097280,0.106,222311,32,80,13108,51,84,126.032282,0.356995209458,-187.933121,-61.900839,-37.004270
1048576,1048640,2097280,0.106,222311,32,80,13108,51,85,127.518305,0.356995209458,-190.165436,-62.647131,-37.004269
1048576,1048640,2097280,0.106,222311,32,80,13108,51,86,129.004329,0.356995209458,-192.397090,-63.392761,-37.004269
1048576,1048640,2097280,0.106,222311,32,80,13108,51,87,130.490352,0.356995209458,-194.628006,-64.137654,-37.004269
1048576,1048640,2097280,0.106,222311,32,80,13108,51,88,131.976375,0.356995209458,-196.858104,-64.881729,-37.004269
1048576,1048640,2097280,0.106,222311,32,80,13108,51,89,133.462399,0.356995209458,-199.087293,-65.624894,-37.004269
1048576,1048640,2097280,0.106,222311,32,80,13108,51,90,134.948422,0.356995209458,-201.315473,-66.367051,-37.004269
1048576,1048640,2097280,0.106,222311,32,80,13108,51,91,136.434445,0.356995209458,-203.542536,-67.108090,-37.004269
1048576,1048640,2097280,0.106,222311,32,80,13108,51,92,137.920469,0.356995209458,-205.768365,-67.847896,-37.004269
1048576,1048640,2097280,0.106,222311,32,80,13108,51,93,139.406492,0.356995209458,-207.992832,-68.586340,-37.004269
1048576,1048640,2097280,0.106,222311,32,80,13108,51,94,140.892516,0.356995209458,-210.215800,-69.323285,-37.004269
1048576,1048640,2097280,0.106,222311,32,80,13108,51,95,142.378539,0.356995209458,-212.437121,-70.058582,-37.004269
1048576,1048640,2097280,0.106,222311,32,80,13108,51,96,143.864562,0.356995209458,-214.656639,-70.792076,-37.004269
1048576,1048640,2097280,0.106,222311,32,80,13108,51,97,145.350586,0.356995209458,-216.874183,-71.523597,-37.004269
1048576,1048640,2097280,0.106,222311,32,80,13108,51,98,146.836609,0.356995209458,-219.089579,-72.252970,-37.004269
1048576,1048640,2097280,0.106,222311,32,80,13108,51,99,148.322632,0.356995209458,-221.302639,-72.980007,-37.004269
1048576,1048640,2097280,0.106,222311,32,80,13108,51,100,149.808656,0.356995209458,-223.513174,-73.704518,-37.004269
1048576,1048640,2097280,0.106,222311,32,80,13108,51,101,151.294679,0.356995209458,-225.720982,-74.426302,-37.004269
1048576,1048640,2097280,0.106,222311,32,80,13108,51,102,152.780703,0.356995209458,-227.925862,-75.145160,-37.004269
1048576,1048640,2097280,0.106,222311,32,80,13108,51,103,154.266726,0.356995209458,-230.127608,-75.860882,-37.004269
1048576,1048640,2097280,0.106,222311,32,80,13108,51,104,155.752749,0.356995209458,-232.326017,-76.573268,-37.004269
1048576,1048640,2097280,0.106,222311,32,80,13108,51,105,157.238773,0.356995209458,-234.520892,-77.282119,-37.004269
1048576,1048640,2097280,0.106,222311,32,80,13108,51,106,158.724796,0.356995209458,-236.712034,-77.987238,-37.004269
1048576,1048640,2097280,0.106,222311,32,80,13108,51,107,160.210820,0.356995209458,-238.899265,-78.688445,-37.004269
1048576,1048640,2097280,0.106,222311,32,80,13108,51,108,161.696843,0.356995209458,-241.082416,-79.385573,-37.004269
1048576,1048640,2097280,0.106,222311,32,80,13108,51,109,163.182866,0.356995209458,-243.261334,-80.078468,-37.004269
1048576,1048640,2097280,0.106,222311,32,80,13108,51,110,164.668890,0.356995209458,-245.435890,-80.767000,-37.004269
1048576,1048640,2097280,0.106,222311,32,80,13108,51,111,166.154913,0.356995209458,-247.605979,-81.451066,-37.004269
1048576,1048640,2097280,0.106,222311,32,80,13108,51,112,167.640936,0.356995209458,-249.771519,-82.130582,-37.004269
1048576,1048640,2097280,0.106,222311,32,80,13108,51,113,169.126960,0.356995209458,-251.932459,-82.805499,-37.004269
1048576,1048640,2097280,0.106,222311,32,80,13108,51,114,170.612983,0.356995209458,-254.088781,-83.475797,-37.004269
1048576,1048640,2097280,0.106,222311,32,80,13108,51,115,172.099007,0.356995209458,-256.240489,-84.141483,-37.004269
1048576,1048640,2097280,0.106,222311,32,80,13108,51,116,173.585030,0.356995209458,-258.387626,-84.802596,-37.004269
1048576,1048640,2097280,0.106,222311,32,80,13108,51,117,175.071053,0.356995209458,-260.530262,-85.459209,-37.004269
1048576,1048640,2097280,0.106,222311,32,80,13108,51,118,176.557077,0.356995209458,-262.668490,-86.111414,-37.004269
1048576,1048640,2097280,0.106,222311,32,80,13108,51,119,178.043100,0.356995209458,-264.802434,-86.759334,-37.004269
1048576,1048640,2097280,0.106,222311,32,80,13108,51,120,179.529123,0.356995209458,-266.932240,-87.403117,-37.004269
1048576,1048640,2097280,0.106,222311,32,80,13108,51,121,181.015147,0.356995209458,-269.058068,-88.042921,-37.004269
1048576,1048640,2097280,0.106,222311,32,80,13108,51,122,182.501170,0.356995209458,-271.180098,-88.678928,-37.004269
1048576,1048640,2097280,0.106,222311,32,80,13108,51,123,183.987194,0.356995209458,-273.298525,-89.311331,-37.004269
1048576,1048640,2097280,0.106,222311,32,80,13108,51,124,185.473217,0.356995209458,-275.413544,-89.940327,-37.004269
1048576,1048640,2097280,0.106,222311,32,80,13108,51,125,186.959240,0.356995209458,-277.525364,-90.566124,-37.004269
1048576,1048640,2097280,0.106,222311,32,80,13108,51,126,188.445264,0.356995209458,-279.634192,-91.188929,-37.004269
1048576,1048640,2097280,0.106,222311,32,80,13108,51,127,189.931287,0.356995209458,-281.740235,-91.808947,-37.004269
1048576,1048640,2097280,0.106,222311,32,80,13108,51,128,191.417311,0.356995209458,-283.843696,-92.426385,-37.004269
1048576,1048640,2097280,0.106,222311,32,80,13108,51,129,192.903334,0.356995209458,-285.944776,-93.041442,-37.004269
1048576,1048640,2097280,0.106,222311,32,80,13108,51,130,194.389357,0.356995209458,-288.043665,-93.654308,-37.004269
1048576,1048640,2097280,0.106,222311,32,80,13108,51,131,195.875381,0.356995209458,-290.140548,-94.265168,-37.004269
1048576,1048640,2097280,0.106,222311,32,80,13108,51,132,197.361404,0.356995209458,-292.235603,-94.874199,-37.004269
1048576,1048640,2097280,0.106,222311,32,80,13108,51,133,198.847427,0.356995209458,-294.328991,-95.481563,-37.004269
1048576,1048640,2097280,0.106,222311,32,80,13108,51,134,200.333451,0.356995209458,-296.420869,-96.087419,-37.004269
1048576,1048640,2097280,0.106,222311,32,80,13108,51,135,201.819474,0.356995209458,-298.511384,-96.691910,-37.004269
1048576,1048640,2097280,0.106,222311,32,80,13108,51,136,203.305498,0.356995209458,-300.600669,-97.295171,-37.004269
1048576,1048640,2097280,0.106,222311,32,80,13108,51,137,204.791521,0.356995209458,-302.688848,-97.897327,-37.004269
1048576,1048640,2097280,0.106,222311,32,80,13108,51,138,206.277544,0.356995209458,-304.776039,-98.498494,-37.004269
1048576,1048640,2097280,0.106,222311,32,80,13108,51,139,207.763568,0.356995209458,-306.862344,-99.098777,-37.004269
1048576,1048640,2097280,0.106,222311,32,80,13108,51,140,209.249591,0.356995209458,-308.947862,-99.698271,-37.004269
1048576,1048640,2097280,0.106,222311,32,80,13108,51,141,210.735614,0.356995209458,-311.032682,-100.297067,-37.004269
1048576,1048640,2097280,0.106,222311,32,80,13108,51,142,212.221638,0.356995209458,-313.116882,-100.895244,-37.004269
1048576,1048640,2097280,0.106,222311,32,80,13108,51,143,213.707661,0.356995209458,-315.200536,-101.492875,-37.004269
1048576,1048640,2097280,0.106,222311,32,80,13108,51,144,215.193685,0.356995209458,-317.283711,-102.090027,-37.004269
1048576,1048640,2097280,0.106,222311,32,80,13108,51,145,216.679708,0.356995209458,-319.366466,-102.686758,-37.004269
1048576,1048640,2097280,0.106,222311,32,80,13108,51,146,218.165731,0.356995209458,-321.448856,-103.283125,-37.004269
1048576,1048640,2097280,0.106,222311,32,80,13108,51,147,219.651755,0.356995209458,-323.530929,-103.879174,-37.004269
1048576,1048640,2097280,0.106,222311,32,80,13108,51,148,221.137778,0.356995209458,-325.612729,-104.474951,-37.004269
1048576,1048640,2097280,0.106,222311,32,80,13108,51,149,222.623801,0.356995209458,-327.694296,-105.070495,-37.004269
1048576,1048640,2097280,0.106,222311,32,80,13108,51,150,224.109825,0.356995209458,-329.775665,-105.665840,-37.004269
1048576,1048640,2097280,0.106,222311,32,80,13108,51,151,225.595848,0.356995209458,-331.856868,-106.261020,-37.004269
1048576,1048640,2097280,0.106,222311,32,80,13108,51,152,227.081872,0.356995209458,-333.937933,-106.856062,-37.004269
1048576,1048640,2097280,0.106,222311,32,80,13108,51,153,228.567895,0.356995209458,-336.018886,-107.450991,-37.004269
1048576,1048640,2097280,0.106,222311,32,80,13108,51,154,230.053918,0.356995209458,-338.099750,-108.045832,-37.004269
1048576,1048640,2097280,0.106,222311,32,80,13108,51,155,231.539942,0.356995209458,-340.180545,-108.640603,-37.004269
1048576,1048640,2097280,0.106,222311,32,80,13108,51,156,233.025965,0.356995209458,-342.261288,-109.235323,-37.004269
1048576,1048640,2097280,0.106,222311,32,80,13108,51,157,234.511989,0.356995209458,-344.341998,-109.830009,-37.004269
1048576,1048640,2097280,0.106,222311,32,80,13108,51,158,235.998012,0.356995209458,-346.422686,-110.424674,-37.004269
1048576,1048640,2097280,0.106,222311,32,80,13108,51,159,237.484035,0.356995209458,-348.503367,-111.019332,-37.004269
1048576,1048640,2097280,0.106,222311,32,80,13108,51,160,238.970059,0.356995209458,-350.584052,-111.613993,-37.004269
1048576,1048640,2097280,0.106,222311,32,80,13108,52,1,-inf,,-2.237846,-inf,-inf
1048576,1048640,2097280,0.106,222311,32,80,13108,52,2,-inf,,-4.475692,-inf,-inf
1048576,1048640,2097280,0.106,222311,32,80,13108,52,3,-inf,,-6.713537,-inf,-inf
1048576,1048640,2097280,0.106,222311,32,80,13108,52,4,-inf,,-8.951381,-inf,-inf
1048576,1048640,2097280,0.106,222311,32,80,13108,52,5,-inf,,-11.189224,-inf,-inf
1048576,1048640,2097280,0.106,222311,32,80,13108,52,6,-inf,,-13.427067,-inf,-inf
1048576,1048640,2097280,0.106,222311,32,80,13108,52,7,-inf,,-15.664909,-inf,-inf
1048576,1048640,2097280,0.106,222311,32,80,13108,52,8,-inf,,-17.902750,-inf,-inf
1048576,1048640,2097280,0.106,222311,32,80,13108,52,9,-inf,,-20.140591,-inf,-inf
1048576,1048640,2097280,0.106,222311,32,80,13108,52,10,-inf,,-22.378431,-inf,-inf
1048576,1048640,2097280,0.106,222311,32,80,13108,52,11,-inf,,-24.616270,-inf,-inf
1048576,1048640,2097280,0.106,222311,32,80,13108,52,12,-inf,,-26.854108,-inf,-inf
1048576,1048640,2097280,0.106,222311,32,80,13108,52,13,-inf,,-29.091945,-inf,-inf
1048576,1048640,2097280,0.106,222311,32,80,13108,52,14,-inf,,-31.329782,-inf,-inf
1048576,1048640,2097280,0.106,222311,32,80,13108,52,15,-inf,,-33.567618,-inf,-inf
1048576,1048640,2097280,0.106,222311,32,80,13108,52,16,-inf,,-35.805453,-inf,-inf
1048576,1048640,2097280,0.106,222311,32,80,13108,52,17,-inf,,-38.043288,-inf,-inf
1048576,1048640,2097280,0.106,222311,32,80,13108,52,18,-inf,,-40.281121,-inf,-inf
1048576,1048640,2097280,0.106,222311,32,80,13108,52,19,-inf,,-42.518954,-inf,-inf
1048576,1048640,2097280,0.106,222311,32,80,13108,52,20,-inf,,-44.756786,-inf,-inf
1048576,1048640,2097280,0.106,222311,32,80,13108,52,21,-inf,,-46.994617,-inf,-inf
1048576,1048640,2097280,0.106,222311,32,80,13108,52,22,-inf,,-49.232447,-inf,-inf
1048576,1048640,2097280,0.106,222311,32,80,13108,52,23,-inf,,-51.470276,-inf,-inf
1048576,1048640,2097280,0.106,222311,32,80,13108,52,24,-inf,,-53.708104,-inf,-inf
1048576,1048640,2097280,0.106,222311,32,80,13108,52,25,-inf,,-55.945932,-inf,-inf
1048576,1048640,2097280,0.106,222311,32,80,13108,52,26,-inf,,-58.183758,-inf,-inf
1048576,1048640,2097280,0.106,222311,32,80,13108,52,27,-inf,,-60.421583,-inf,-inf
1048576,1048640,2097280,0.106,222311,32,80,13108,52,28,-inf,,-62.659406,-inf,-inf
1048576,1048640,2097280,0.106,222311,32,80,13108,52,29,-inf,,-64.897229,-inf,-inf
1048576,1048640,2097280,0.106,222311,32,80,13108,52,30,-inf,,-67.135050,-inf,-inf
1048576,1048640,2097280,0.106,222311,32,80,13108,52,31,-inf,,-69.372869,-inf,-inf
1048576,1048640,2097280,0.106,222311,32,80,13108,52,32,-inf,,-71.610687,-inf,-inf
1048576,1048640,2097280,0.106,222311,32,80,13108,52,33,-inf,,-73.848504,-inf,-inf
1048576,1048640,2097280,0.106,222311,32,80,13108,52,34,-inf,,-76.086318,-inf,-inf
1048576,1048640,2097280,0.106,222311,32,80,13108,52,35,-inf,,-78.324131,-inf,-inf
1048576,1048640,2097280,0.106,222311,32,80,13108,52,36,-inf,,-80.561941,-inf,-inf
1048576,1048640,2097280,0.106,222311,32,80,13108,52,37,-inf,,-82.799749,-inf,-inf
1048576,1048640,2097280,0.106,222311,32,80,13108,52,38,-inf,,-85.037554,-inf,-inf
1048576,1048640,2097280,0.106,222311,32,80,13108,52,39,-inf,,-87.275356,-inf,-inf
1048576,1048640,2097280,0.106,222311,32,80,13108,52,40,-inf,,-89.513155,-inf,-inf
1048576,1048640,2097280,0.106,222311,32,80,13108,52,41,-inf,,-91.750951,-inf,-inf
1048576,1048640,2097280,0.106,222311,32,80,13108,52,42,-inf,,-93.988742,-inf,-inf
1048576,1048640,2097280,0.106,222311,32,80,13108,52,43,-inf,,-96.226529,-inf,-inf
1048576,1048640,2097280,0.106,222311,32,80,13108,52,44,-inf,,-98.464311,-inf,-inf
1048576,1048640,2097280,0.106,222311,32,80,13108,52,45,-inf,,-100.702087,-inf,-inf
1048576,1048640,2097280,0.106,222311,32,80,13108,52,46,-inf,,-102.939857,-inf,-inf
1048576,1048640,2097280,0.106,222311,32,80,13108,52,47,-inf,,-105.177620,-inf,-inf
1048576,1048640,2097280,0.106,222311,32,80,13108,52,48,-inf,,-107.415376,-inf,-inf
1048576,1048640,2097280,0.106,222311,32,80,13108,52,49,-inf,,-109.653122,-inf,-inf
1048576,1048640,2097280,0.106,222311,32,80,13108,52,50,-inf,,-111.890859,-inf,-inf
1048576,1048640,2097280,0.106,222311,32,80,13108,52,51,-inf,,-114.128584,-inf,-inf
1048576,1048640,2097280,0.106,222311,32,80,13108,52,52,76.256904,0.236538124161,-116.366297,-40.109393,-40.109393
1048576,1048640,2097280,0.106,222311,32,80,13108,52,53,78.329933,0.262175109676,-118.603995,-40.274062,-39.189380
1048576,1048640,2097280,0.106,222311,32,80,13108,52,54,80.044901,0.322086170895,-120.841678,-40.796777,-38.779918
1048576,1048640,2097280,0.106,222311,32,80,13108,52,55,81.679383,0.322086170895,-123.079343,-41.399960,-38.562485
1048576,1048640,2097280,0.106,222311,32,80,13108,52,56,83.313864,0.322086170895,-125.316987,-42.003123,-38.435379
1048576,1048640,2097280,0.106,222311,32,80,13108,52,57,84.948345,0.322086170895,-127.554609,-42.606263,-38.357427
1048576,1048640,2097280,0.106,222311,32,80,13108,52,58,86.582827,0.322086170895,-129.792205,-43.209378,-38.308316
1048576,1048640,2097280,0.106,222311,32,80,13108,52,59,88.087400,0.356995209458,-132.029772,-43.942372,-38.279554
1048576,1048640,2097280,0.106,222311,32,80,13108,52,60,89.573423,0.356995209458,-134.267306,-44.693883,-38.262737
1048576,1048640,2097280,0.106,222311,32,80,13108,52,61,91.059447,0.356995209458,-136.504804,-45.445357,-38.252840
1048576,1048640,2097280,0.106,222311,32,80,13108,52,62,92.545470,0.356995209458,-138.742260,-46.196790,-38.246993
1048576,1048640,2097280,0.106,222311,32,80,13108,52,63,94.031494,0.356995209458,-140.979669,-46.948176,-38.243531
1048576,1048640,2097280,0.106,222311,32,80,13108,52,64,95.517517,0.356995209458,-143.217026,-47.699509,-38.241479
1048576,1048640,2097280,0.106,222311,32,80,13108,52,65,97.003540,0.356995209458,-145.454324,-48.450783,-38.240260
1048576,1048640,2097280,0.106,222311,32,80,13108,52,66,98.489564,0.356995209458,-147.691555,-49.201991,-38.239537
1048576,1048640,2097280,0.106,222311,32,80,13108,52,67,99.975587,0.356995209458,-149.928710,-49.953123,-38.239108
1048576,1048640,2097280,0.106,222311,32,80,13108,52,68,101.461610,0.356995209458,-152.165781,-50.704171,-38.238853
1048576,1048640,2097280,0.106,222311,32,80,13108,52,69,102.947634,0.356995209458,-154.402757,-51.455123,-38.238701
1048576,1048640,2097280,0.106,222311,32,80,13108,52,70,104.433657,0.356995209458,-156.639626,-52.205968,-38.238611
1048576,1048640,2097280,0.106,222311,32,80,13108,52,71,105.919681,0.356995209458,-158.876374,-52.956693,-38.238557
1048576,1048640,2097280,0.106,222311,32,80,13108,52,72,107.405704,0.356995209458,-161.112986,-53.707282,-38.238526
1048576,1048640,2097280,0.106,222311,32,80,13108,52,73,108.891727,0.356995209458,-163.349447,-54.457719,-38.238507
1048576,1048640,2097280,0.106,222311,32,80,13108,52,74,110.377751,0.356995209458,-165.585736,-55.207985,-38.238495
1048576,1048640,2097280,0.106,222311,32,80,13108,52,75,111.863774,0.356995209458,-167.821833,-55.958059,-38.238489
1048576,1048640,2097280,0.106,222311,32,80,13108,52,76,113.349798,0.356995209458,-170.057715,-56.707918,-38.238485
1048576,1048640,2097280,0.106,222311,32,80,13108,52,77,114.835821,0.356995209458,-172.293355,-57.457534,-38.238482
1048576,1048640,2097280,0.106,222311,32,80,13108,52,78,116.321844,0.356995209458,-174.528724,-58.206879,-38.238481
1048576,1048640,2097280,0.106,222311,32,80,13108,52,79,117.807868,0.356995209458,-176.763788,-58.955920,-38.238480
1048576,1048640,2097280,0.106,222311,32,80,13108,52,80,119.293891,0.356995209458,-178.998512,-59.704621,-38.238480
1048576,1048640,2097280,0.106,222311,32,80,13108,52,81,120.779914,0.356995209458,-181.232855,-60.452941,-38.238479
1048576,1048640,2097280,0.106,222311,32,80,13108,52,82,122.265938,0.356995209458,-183.466772,-61.200834,-38.238479
1048576,1048640,2097280,0.106,222311,32,80,13108,52,83,123.751961,0.356995209458,-185.700212,-61.948251,-38.238479
1048576,1048640,2097280,0.106,222311,32,80,13108,52,84,125.237985,0.356995209458,-187.933121,-62.695137,-38.238479
1048576,1048640,2097280,0.106,222311,32,80,13108,52,85,126.724008,0.356995209458,-190.165436,-63.441428,-38.238479
1048576,1048640,2097280,0.106,222311,32,80,13108,52,86,128.210031,0.356995209458,-192.397090,-64.187058,-38.238479
1048576,1048640,2097280,0.106,222311,32,80,13108,52,87,129.696055,0.356995209458,-194.628006,-64.931951,-38.238479
1048576,1048640,2097280,0.106,222311,32,80,13108,52,88,131.182078,0.356995209458,-196.858104,-65.676026,-38.238479
1048576,1048640,2097280,0.106,222311,32,80,13108,52,89,132.668101,0.356995209458,-199.087293,-66.419191,-38.238479
1048576,1048640,2097280,0.106,222311,32,80,13108,52,90,134.154125,0.356995209458,-201.315473,-67.161348,-38.238479
1048576,1048640,2097280,0.106,222311,32,80,13108,52,91,135.640148,0.356995209458,-203.542536,-67.902388,-38.238479
1048576,1048640,2097280,0.106,222311,32,80,13108,52,92,137.126172,0.356995209458,-205.768365,-68.642194,-38.238479
1048576,1048640,2097280,0.106,222311,32,80,13108,52,93,138.612195,0.356995209458,-207.992832,-69.380637,-38.238479
1048576,1048640,2097280,0.106,222311,32,80,13108,52,94,140.098218,0.356995209458,-210.215800,-70.117582,-38.238479
1048576,1048640,2097280,0.106,222311,32,80,13108,52,95,141.584242,0.356995209458,-212.437121,-70.852880,-38.238479
1048576,1048640,2097280,0.106,222311,32,80,13108,52,96,143.070265,0.356995209458,-214.656639,-71.586373,-38.238479
1048576,1048640,2097280,0.106,222311,32,80,13108,52,97,144.556289,0.356995209458,-216.874183,-72.317894,-38.238479
1048576,1048640,2097280,0.106,222311,32,80,13108,52,98,146.042312,0.356995209458,-219.089579,-73.047267,-38.238479
1048576,1048640,2097280,0.106,222311,32,80,13108,52,99,147.528335,0.356995209458,-221.302639,-73.774304,-38.238479
1048576,1048640,2097280,0.106,222311,32,80,13108,52,100,149.014359,0.356995209458,-223.513174,-74.498815,-38.238479
1048576,1048640,2097280,0.106,222311,32,80,13108,52,101,150.500382,0.356995209458,-225.720982,-75.220600,-38.238479
1048576,1048640,2097280,0.106,222311,32,80,13108,52,102,151.986405,0.356995209458,-227.925862,-75.939457,-38.238479
1048576,1048640,2097280,0.106,222311,32,80,13108,52,103,153.472429,0.356995209458,-230.127608,-76.655180,-38.238479
1048576,1048640,2097280,0.106,222311,32,80,13108,52,104,154.958452,0.356995209458,-232.326017,-77.367565,-38.238479
1048576,1048640,2097280,0.106,222311,32,80,13108,52,105,156.444476,0.356995209458,-234.520892,-78.076416,-38.238479
1048576,1048640,2097280,0.106,222311,32,80,13108,52,106,157.930499,0.356995209458,-236.712034,-78.781535,-38.238479
1048576,1048640,2097280,0.106,222311,32,80,13108,52,107,159.416522,0.356995209458,-238.899265,-79.482742,-38.238479
1048576,1048640,2097280,0.106,222311,32,80,13108,52,108,160.902546,0.356995209458,-241.082416,-80.179871,-38.238479
1048576,1048640,2097280,0.106,222311,32,80,13108,52,109,162.388569,0.356995209458,-243.261334,-80.872765,-38.238479
1048576,1048640,2097280,0.106,222311,32,80,13108,52,110,163.874592,0.356995209458,-245.435890,-81.561297,-38.238479
1048576,1048640,2097280,0.106,222311,32,80,13108,52,111,165.360616,0.356995209458,-247.605979,-82.245363,-38.238479
1048576,1048640,2097280,0.106,222311,32,80,13108,52,112,166.846639,0.356995209458,-249.771519,-82.924880,-38.238479
1048576,1048640,2097280,0.106,222311,32,80,13108,52,113,168.332663,0.356995209458,-251.932459,-83.599796,-38.238479
1048576,1048640,2097280,0.106,222311,32,80,13108,52,114,169.818686,0.356995209458,-254.088781,-84.270095,-38.238479
1048576,1048640,2097280,0.106,222311,32,80,13108,52,115,171.304709,0.356995209458,-256.240489,-84.935780,-38.238479
1048576,1048640,2097280,0.106,222311,32,80,13108,52,116,172.790733,0.356995209458,-258.387626,-85.596893,-38.238479
1048576,1048640,2097280,0.106,222311,32,80,13108,52,117,174.276756,0.356995209458,-260.530262,-86.253506,-38.238479
1048576,1048640,2097280,0.106,222311,32,80,13108,52,118,175.762779,0.356995209458,-262.668490,-86.905711,-38.238479
1048576,1048640,2097280,0.106,222311,32,80,13108,52,119,177.248803,0.356995209458,-264.802434,-87.553632,-38.238479
1048576,1048640,2097280,0.106,222311,32,80,13108,52,120,178.734826,0.356995209458,-266.932240,-88.197414,-38.238479
1048576,1048640,2097280,0.106,222311,32,80,13108,52,121,180.220850,0.356995209458,-269.058068,-88.837218,-38.238479
1048576,1048640,2097280,0.106,222311,32,80,13108,52,122,181.706873,0.356995209458,-271.180098,-89.473225,-38.238479
1048576,1048640,2097280,0.106,222311,32,80,13108,52,123,183.192896,0.356995209458,-273.298525,-90.105628,-38.238479
1048576,1048640,2097280,0.106,222311,32,80,13108,52,124,184.678920,0.356995209458,-275.413544,-90.734625,-38.238479
1048576,1048640,2097280,0.106,222311,32,80,13108,52,125,186.164943,0.356995209458,-277.525364,-91.360421,-38.238479
1048576,1048640,2097280,0.106,222311,32,80,13108,52,126,187.650967,0.356995209458,-279.634192,-91.983226,-38.238479
1048576,1048640,2097280,0.106,222311,32,80,13108,52,127,189.136990,0.356995209458,-281.740235,-92.603245,-38.238479
1048576,1048640,2097280,0.106,222311,32,80,13108,52,128,190.623013,0.356995209458,-283.843696,-93.220682,-38.238479
1048576,1048640,2097280,0.106,222311,32,80,13108,52,129,192.109037,0.356995209458,-285.944776,-93.835739,-38.238479
1048576,1048640,2097280,0.106,222311,32,80,13108,52,130,193.595060,0.356995209458,-288.043665,-94.448605,-38.238479
1048576,1048640,2097280,0.106,222311,32,80,13108,52,131,195.081083,0.356995209458,-290.140548,-95.059465,-38.238479
1048576,1048640,2097280,0.106,222311,32,80,13108,52,132,196.567107,0.356995209458,-292.235603,-95.668496,-38.238479
1048576,1048640,2097280,0.106,222311,32,80,13108,52,133,198.053130,0.356995209458,-294.328991,-96.275861,-38.238479
1048576,1048640,2097280,0.106,222311,32,80,13108,52,134,199.539154,0.356995209458,-296.420869,-96.881716,-38.238479
1048576,1048640,2097280,0.106,222311,32,80,13108,52,135,201.025177,0.356995209458,-298.511384,-97.486207,-38.238479
1048576,1048640,2097280,0.106,222311,32,80,13108,52,136,202.511200,0.356995209458,-300.600669,-98.089468,-38.238479
1048576,1048640,2097280,0.106,222311,32,80,13108,52,137,203.997224,0.356995209458,-302.688848,-98.691625,-38.238479
1048576,1048640,2097280,0.106,222311,32,80,13108,52,138,205.483247,0.356995209458,-304.776039,-99.292792,-38.238479
1048576,1048640,2097280,0.106,222311,32,80,13108,52,139,206.969270,0.356995209458,-306.862344,-99.893074,-38.238479
1048576,1048640,2097280,0.106,222311,32,80,13108,52,140,208.455294,0.356995209458,-308.947862,-100.492568,-38.238479
1048576,1048640,2097280,0.106,222311,32,80,13108,52,141,209.941317,0.356995209458,-311.032682,-101.091364,-38.238479
1048576,1048640,2097280,0.106,222311,32,80,13108,52,142,211.427341,0.356995209458,-313.116882,-101.689541,-38.238479
1048576,1048640,2097280,0.106,222311,32,80,13108,52,143,212.913364,0.356995209458,-315.200536,-102.287172,-38.238479
1048576,1048640,2097280,0.106,222311,32,80,13108,52,144,214.399387,0.356995209458,-317.283711,-102.884324,-38.238479
1048576,1048640,2097280,0.106,222311,32,80,13108,52,145,215.885411,0.356995209458,-319.366466,-103.481056,-38.238479
1048576,1048640,2097280,0.106,222311,32,80,13108,52,146,217.371434,0.356995209458,-321.448856,-104.077422,-38.238479
1048576,1048640,2097280,0.106,222311,32,80,13108,52,147,218.857458,0.356995209458,-323.530929,-104.673472,-38.238479
1048576,1048640,2097280,0.106,222311,32,80,13108,52,148,220.343481,0.356995209458,-325.612729,-105.269248,-38.238479
1048576,1048640,2097280,0.106,222311,32,80,13108,52,149,221.829504,0.356995209458,-327.694296,-105.864792,-38.238479
1048576,1048640,2097280,0.106,222311,32,80,13108,52,150,223.315528,0.356995209458,-329.775665,-106.460138,-38.238479
1048576,1048640,2097280,0.106,222311,32,80,13108,52,151,224.801551,0.356995209458,-331.856868,-107.055317,-38.238479
1048576,1048640,2097280,0.106,222311,32,80,13108,52,152,226.287574,0.356995209458,-333.937933,-107.650359,-38.238479
1048576,1048640,2097280,0.106,222311,32,80,13108,52,153,227.773598,0.356995209458,-336.018886,-108.245289,-38.238479
1048576,1048640,2097280,0.106,222311,32,80,13108,52,154,229.259621,0.356995209458,-338.099750,-108.840129,-38.238479
1048576,1048640,2097280,0.106,222311,32,80,13108,52,155,230.745645,0.356995209458,-340.180545,-109.434900,-38.238479
1048576,1048640,2097280,0.106,222311,32,80,13108,52,156,232.231668,0.356995209458,-342.261288,-110.029621,-38.238479
1048576,1048640,2097280,0.106,222311,32,80,13108,52,157,233.717691,0.356995209458,-344.341998,-110.624306,-38.238479
1048576,1048640,2097280,0.106,222311,32,80,13108,52,158,235.203715,0.356995209458,-346.422686,-111.218972,-38.238479
1048576,1048640,2097280,0.106,222311,32,80,13108,52,159,236.689738,0.356995209458,-348.503367,-111.813629,-38.238479
1048576,1048640,2097280,0.106,222311,32,80,13108,52,160,238.175761,0.356995209458,-350.584052,-112.408290,-38.238479
1048576,1048640,2097280,0.106,222311,32,80,13108,53,1,-inf,,-2.237846,-inf,-inf
1048576,1048640,2097280,0.106,222311,32,80,13108,53,2,-inf,,-4.475692,-inf,-inf
1048576,1048640,2097280,0.106,222311,32,80,13108,53,3,-inf,,-6.713537,-inf,-inf
1048576,1048640,2097280,0.106,222311,32,80,13108,53,4,-inf,,-8.951381,-inf,-inf
1048576,1048640,2097280,0.106,222311,32,80,13108,53,5,-inf,,-11.189224,-inf,-inf
1048576,1048640,2097280,0.106,222311,32,80,13108,53,6,-inf,,-13.427067,-inf,-inf
1048576,1048640,2097280,0.106,222311,32,80,13108,53,7,-inf,,-15.664909,-inf,-inf
1048576,1048640,2097280,0.106,222311,32,80,13108,53,8,-inf,,-17.902750,-inf,-inf
1048576,1048640,2097280,0.106,222311,32,80,13108,53,9,-inf,,-20.140591,-inf,-inf
1048576,1048640,2097280,0.106,222311,32,80,13108,53,10,-inf,,-22.378431,-inf,-inf
1048576,1048640,2097280,0.106,222311,32,80,13108,53,11,-inf,,-24.616270,-inf,-inf
1048576,1048640,2097280,0.106,222311,32,80,13108,53,12,-inf,,-26.854108,-inf,-inf
1048576,1048640,2097280,0.106,222311,32,80,13108,53,13,-inf,,-29.091945,-inf,-inf
1048576,1048640,2097280,0.106,222311,32,80,13108,53,14,-inf,,-31.329782,-inf,-inf
1048576,1048640,2097280,0.106,222311,32,80,13108,53,15,-inf,,-33.567618,-inf,-inf
1048576,1048640,2097280,0.106,222311,32,80,13108,53,16,-inf,,-35.805453,-inf,-inf
1048576,1048640,2097280,0.106,222311,32,80,13108,53,17,-inf,,-38.043288,-inf,-inf
1048576,1048640,2097280,0.106,222311,32,80,13108,53,18,-inf,,-40.281121,-inf,-inf
1048576,1048640,2097280,0.106,222311,32,80,13108,53,19,-inf,,-42.518954,-inf,-inf
1048576,1048640,2097280,0.106,222311,32,80,13108,53,20,-inf,,-44.756786,-inf,-inf
1048576,1048640,2097280,0.106,222311,32,80,13108,53,21,-inf,,-46.994617,-inf,-inf
1048576,1048640,2097280,0.106,222311,32,80,13108,53,22,-inf,,-49.232447,-inf,-inf
1048576,1048640,2097280,0.106,222311,32,80,13108,53,23,-inf,,-51.470276,-inf,-inf
1048576,1048640,2097280,0.106,222311,32,80,13108,53,24,-inf,,-53.708104,-inf,-inf
1048576,1048640,2097280,0.106,222311,32,80,13108,53,25,-inf,,-55.945932,-inf,-inf
1048576,1048640,2097280,0.106,222311,32,80,13108,53,26,-inf,,-58.183758,-inf,-inf
1048576,1048640,2097280,0.106,222311,32,80,13108,53,27,-inf,,-60.421583,-inf,-inf
1048576,1048640,2097280,0.106,222311,32,80,13108,53,28,-inf,,-62.659406,-inf,-inf
1048576,1048640,2097280,0.106,222311,32,80,13108,53,29,-inf,,-64.897229,-inf,-inf
1048576,1048640,2097280,0.106,222311,32,80,13108,53,30,-inf,,-67.135050,-inf,-inf
1048576,1048640,2097280,0.106,222311,32,80,13108,53,31,-inf,,-69.372869,-inf,-inf
1048576,1048640,2097280,0.106,222311,32,80,13108,53,32,-inf,,-71.610687,-inf,-inf
1048576,1048640,2097280,0.106,222311,32,80,13108,53,33,-inf,,-73.848504,-inf,-inf
1048576,1048640,2097280,0.106,222311,32,80,13108,53,34,-inf,,-76.086318,-inf,-inf
1048576,1048640,2097280,0.106,222311,32,80,13108,53,35,-inf,,-78.324131,-inf,-inf
1048576,1048640,2097280,0.106,222311,32,80,13108,53,36,-inf,,-80.561941,-inf,-inf
1048576,1048640,2097280,0.106,222311,32,80,13108,53,37,-inf,,-82.799749,-inf,-inf
1048576,1048640,2097280,0.106,222311,32,80,13108,53,38,-inf,,-85.037554,-inf,-inf
1048576,1048640,2097280,0.106,222311,32,80,13108,53,39,-inf,,-87.275356,-inf,-inf
1048576,1048640,2097280,0.106,222311,32,80,13108,53,40,-inf,,-89.513155,-inf,-inf
1048576,1048640,2097280,0.106,222311,32,80,13108,53,41,-inf,,-91.750951,-inf,-inf
1048576,1048640,2097280,0.106,222311,32,80,13108,53,42,-inf,,-93.988742,-inf,-inf
1048576,1048640,2097280,0.106,222311,32,80,13108,53,43,-inf,,-96.226529,-inf,-inf
1048576,1048640,2097280,0.106,222311,32,80,13108,53,44,-inf,,-98.464311,-inf,-inf
1048576,1048640,2097280,0.106,222311,32,80,13108,53,45,-inf,,-100.702087,-inf,-inf
1048576,1048640,2097280,0.106,222311,32,80,13108,53,46,-inf,,-102.939857,-inf,-inf
1048576,1048640,2097280,0.106,222311,32,80,13108,53,47,-inf,,-105.177620,-inf,-inf
1048576,1048640,2097280,0.106,222311,32,80,13108,53,48,-inf,,-107.415376,-inf,-inf
1048576,1048640,2097280,0.106,222311,32,80,13108,53,49,-inf,,-109.653122,-inf,-inf
1048576,1048640,2097280,0.106,222311,32,80,13108,53,50,-inf,,-111.890859,-inf,-inf
1048576,1048640,2097280,0.106,222311,32,80,13108,53,51,-inf,,-114.128584,-inf,-inf
1048576,1048640,2097280,0.106,222311,32,80,13108,53,52,-inf,,-116.366297,-inf,-inf
1048576,1048640,2097280,0.106,222311,32,80,13108,53,53,77.232422,0.236538124161,-118.603995,-41.371573,-41.371573
1048576,1048640,2097280,0.106,222311,32,80,13108,53,54,79.312278,0.236538124161,-120.841678,-41.529400,-40.448329
1048576,1048640,2097280,0.106,222311,32,80,13108,53,55,81.010909,0.322086170895,-123.079343,-42.068434,-40.041998
1048576,1048640,2097280,0.106,222311,32,80,13108,53,56,82.645390,0.322086170895,-125.316987,-42.671597,-39.825898
1048576,1048640,2097280,0.106,222311,32,80,13108,53,57,84.279871,0.322086170895,-127.554609,-43.274738,-39.699481
1048576,1048640,2097280,0.106,222311,32,80,13108,53,58,85.855513,0.356995209458,-129.792205,-43.936692,-39.624943
1048576,1048640,2097280,0.106,222311,32,80,13108,53,59,87.341536,0.356995209458,-132.029772,-44.688236,-39.582427
1048576,1048640,2097280,0.106,222311,32,80,13108,53,60,88.827559,0.356995209458,-134.267306,-45.439747,-39.557753
1048576,1048640,2097280,0.106,222311,32,80,13108,53,61,90.313583,0.356995209458,-136.504804,-46.191221,-39.543295
1048576,1048640,2097280,0.106,222311,32,80,13108,53,62,91.799606,0.356995209458,-138.742260,-46.942654,-39.534774
1048576,1048640,2097280,0.106,222311,32,80,13108,53,63,93.285629,0.356995209458,-140.979669,-47.694040,-39.529737
1048576,1048640,2097280,0.106,222311,32,80,13108,53,64,94.771653,0.356995209458,-143.217026,-48.445374,-39.526752
1048576,1048640,2097280,0.106,222311,32,80,13108,53,65,96.257676,0.356995209458,-145.454324,-49.196648,-39.524982
1048576,1048640,2097280,0.106,222311,32,80,13108,53,66,97.743700,0.356995209458,-147.691555,-49.947855,-39.523932
1048576,1048640,2097280,0.106,222311,32,80,13108,53,67,99.229723,0.356995209458,-149.928710,-50.698987,-39.523308
1048576,1048640,2097280,0.106,222311,32,80,13108,53,68,100.715746,0.356995209458,-152.165781,-51.450035,-39.522937
1048576,1048640,2097280,0.106,222311,32,80,13108,53,69,102.201770,0.356995209458,-154.402757,-52.200987,-39.522717
1048576,1048640,2097280,0.106,222311,32,80,13108,53,70,103.687793,0.356995209458,-156.639626,-52.951833,-39.522587
1048576,1048640,2097280,0.106,222311,32,80,13108,53,71,105.173816,0.356995209458,-158.876374,-53.702557,-39.522509
1048576,1048640,2097280,0.106,222311,32,80,13108,53,72,106.659840,0.356995209458,-161.112986,-54.453147,-39.522463
1048576,1048640,2097280,0.106,222311,32,80,13108,53,73,108.145863,0.356995209458,-163.349447,-55.203583,-39.522435
1048576,1048640,2097280,0.106,222311,32,80,13108,53,74,109.631887,0.356995209458,-165.585736,-55.953850,-39.522419
1048576,1048640,2097280,0.106,222311,32,80,13108,53,75,111.117910,0.356995209458,-167.821833,-56.703923,-39.522409
1048576,1048640,2097280,0.106,222311,32,80,13108,53,76,112.603933,0.356995209458,-170.057715,-57.453782,-39.522403
1048576,1048640,2097280,0.106,222311,32,80,13108,53,77,114.089957,0.356995209458,-172.293355,-58.203398,-39.522400
1048576,1048640,2097280,0.106,222311,32,80,13108,53,78,115.575980,0.356995209458,-174.528724,-58.952744,-39.522398
1048576,1048640,2097280,0.106,222311,32,80,13108,53,79,117.062003,0.356995209458,-176.763788,-59.701785,-39.522397
1048576,1048640,2097280,0.106,222311,32,80,13108,53,80,118.548027,0.356995209458,-178.998512,-60.450486,-39.522396
1048576,1048640,2097280,0.106,222311,32,80,13108,53,81,120.034050,0.356995209458,-181.232855,-61.198805,-39.522396
1048576,1048640,2097280,0.106,222311,32,80,13108,53,82,121.520074,0.356995209458,-183.466772,-61.946699,-39.522395
1048576,1048640,2097280,0.106,222311,32,80,13108,53,83,123.006097,0.356995209458,-185.700212,-62.694115,-39.522395
1048576,1048640,2097280,0.106,222311,32,80,13108,53,84,124.492120,0.356995209458,-187.933121,-63.441001,-39.522395
1048576,1048640,2097280,0.106,222311,32,80,13108,53,85,125.978144,0.356995209458,-190.165436,-64.187292,-39.522395
1048576,1048640,2097280,0.106,222311,32,80,13108,53,86,127.464167,0.356995209458,-192.397090,-64.932922,-39.522395
1048576,1048640,2097280,0.106,222311,32,80,13108,53,87,128.950191,0.356995209458,-194.628006,-65.677816,-39.522395
1048576,1048640,2097280,0.106,222311,32,80,13108,53,88,130.436214,0.356995209458,-196.858104,-66.421891,-39.522395
1048576,1048640,2097280,0.106,222311,32,80,13108,53,89,131.922237,0.356995209458,-199.087293,-67.165055,-39.522395
1048576,1048640,2097280,0.106,222311,32,80,13108,53,90,133.408261,0.356995209458,-201.315473,-67.907212,-39.522395
1048576,1048640,2097280,0.106,222311,32,80,13108,53,91,134.894284,0.356995209458,-203.542536,-68.648252,-39.522395
1048576,1048640,2097280,0.106,222311,32,80,13108,53,92,136.380307,0.356995209458,-205.768365,-69.388058,-39.522395
1048576,1048640,2097280,0.106,222311,32,80,13108,53,93,137.866331,0.356995209458,-207.992832,-70.126501,-39.522395
1048576,1048640,2097280,0.106,222311,32,80,13108,53,94,139.352354,0.356995209458,-210.215800,-70.863446,-39.522395
1048576,1048640,2097280,0.106,222311,32,80,13108,53,95,140.838378,0.356995209458,-212.437121,-71.598744,-39.522395
1048576,1048640,2097280,0.106,222311,32,80,13108,53,96,142.324401,0.356995209458,-214.656639,-72.332238,-39.522395
1048576,1048640,2097280,0.106,222311,32,80,13108,53,97,143.810424,0.356995209458,-216.874183,-73.063758,-39.522395
1048576,1048640,2097280,0.106,222311,32,80,13108,53,98,145.296448,0.356995209458,-219.089579,-73.793131,-39.522395
1048576,1048640,2097280,0.106,222311,32,80,13108,53,99,146.782471,0.356995209458,-221.302639,-74.520168,-39.522395
1048576,1048640,2097280,0.106,222311,32,80,13108,53,100,148.268494,0.356995209458,-223.513174,-75.244680,-39.522395
1048576,1048640,2097280,0.106,222311,32,80,13108,53,101,149.754518,0.356995209458,-225.720982,-75.966464,-39.522395
1048576,1048640,2097280,0.106,222311,32,80,13108,53,102,151.240541,0.356995209458,-227.925862,-76.685321,-39.522395
1048576,1048640,2097280,0.106,222311,32,80,13108,53,103,152.726565,0.356995209458,-230.127608,-77.401044,-39.522395
1048576,1048640,2097280,0.106,222311,32,80,13108,53,104,154.212588,0.356995209458,-232.326017,-78.113429,-39.522395
1048576,1048640,2097280,0.106,222311,32,80,13108,53,105,155.698611,0.356995209458,-234.520892,-78.822280,-39.522395
1048576,1048640,2097280,0.106,222311,32,80,13108,53,106,157.184635,0.356995209458,-236.712034,-79.527400,-39.522395
1048576,1048640,2097280,0.106,222311,32,80,13108,53,107,158.670658,0.356995209458,-238.899265,-80.228607,-39.522395
1048576,1048640,2097280,0.106,222311,32,80,13108,53,108,160.156682,0.356995209458,-241.082416,-80.925735,-39.522395
1048576,1048640,2097280,0.106,222311,32,80,13108,53,109,161.642705,0.356995209458,-243.261334,-81.618629,-39.522395
1048576,1048640,2097280,0.106,222311,32,80,13108,53,110,163.128728,0.356995209458,-245.435890,-82.307162,-39.522395
1048576,1048640,2097280,0.106,222311,32,80,13108,53,111,164.614752,0.356995209458,-247.605979,-82.991228,-39.522395
1048576,1048640,2097280,0.106,222311,32,80,13108,53,112,166.100775,0.356995209458,-249.771519,-83.670744,-39.522395
1048576,1048640,2097280,0.106,222311,32,80,13108,53,113,167.586798,0.356995209458,-251.932459,-84.345660,-39.522395
1048576,1048640,2097280,0.106,222311,32,80,13108,53,114,169.072822,0.356995209458,-254.088781,-85.015959,-39.522395
1048576,1048640,2097280,0.106,222311,32,80,13108,53,115,170.558845,0.356995209458,-256.240489,-85.681644,-39.522395
1048576,1048640,2097280,0.106,222311,32,80,13108,53,116,172.044869,0.356995209458,-258.387626,-86.342758,-39.522395
1048576,1048640,2097280,0.106,222311,32,80,13108,53,117,173.530892,0.356995209458,-260.530262,-86.999370,-39.522395
1048576,1048640,2097280,0.106,222311,32,80,13108,53,118,175.016915,0.356995209458,-262.668490,-87.651575,-39.522395
1048576,1048640,2097280,0.106,222311,32,80,13108,53,119,176.502939,0.356995209458,-264.802434,-88.299496,-39.522395
1048576,1048640,2097280,0.106,222311,32,80,13108,53,120,177.988962,0.356995209458,-266.932240,-88.943278,-39.522395
1048576,1048640,2097280,0.106,222311,32,80,13108,53,121,179.474985,0.356995209458,-269.058068,-89.583082,-39.522395
1048576,1048640,2097280,0.106,222311,32,80,13108,53,122,180.961009,0.356995209458,-271.180098,-90.219090,-39.522395
1048576,1048640,2097280,0.106,222311,32,80,13108,53,123,182.447032,0.356995209458,-273.298525,-90.851493,-39.522395
1048576,1048640,2097280,0.106,222311,32,80,13108,53,124,183.933056,0.356995209458,-275.413544,-91.480489,-39.522395
1048576,1048640,2097280,0.106,222311,32,80,13108,53,125,185.419079,0.356995209458,-277.525364,-92.106285,-39.522395
1048576,1048640,2097280,0.106,222311,32,80,13108,53,126,186.905102,0.356995209458,-279.634192,-92.729090,-39.522395
1048576,1048640,2097280,0.106,222311,32,80,13108,53,127,188.391126,0.356995209458,-281.740235,-93.349109,-39.522395
1048576,1048640,2097280,0.106,222311,32,80,13108,53,128,189.877149,0.356995209458,-283.843696,-93.966546,-39.522395
1048576,1048640,2097280,0.106,222311,32,80,13108,53,129,191.363173,0.356995209458,-285.944776,-94.581603,-39.522395
1048576,1048640,2097280,0.106,222311,32,80,13108,53,130,192.849196,0.356995209458,-288.043665,-95.194469,-39.522395
1048576,1048640,2097280,0.106,222311,32,80,13108,53,131,194.335219,0.356995209458,-290.140548,-95.805329,-39.522395
1048576,1048640,2097280,0.106,222311,32,80,13108,53,132,195.821243,0.356995209458,-292.235603,-96.414360,-39.522395
1048576,1048640,2097280,0.106,222311,32,80,13108,53,133,197.307266,0.356995209458,-294.328991,-97.021725,-39.522395
1048576,1048640,2097280,0.106,222311,32,80,13108,53,134,198.793289,0.356995209458,-296.420869,-97.627580,-39.522395
1048576,1048640,2097280,0.106,222311,32,80,13108,53,135,200.279313,0.356995209458,-298.511384,-98.232071,-39.522395
1048576,1048640,2097280,0.106,222311,32,80,13108,53,136,201.765336,0.356995209458,-300.600669,-98.835333,-39.522395
1048576,1048640,2097280,0.106,222311,32,80,13108,53,137,203.251360,0.356995209458,-302.688848,-99.437489,-39.522395
1048576,1048640,2097280,0.106,222311,32,80,13108,53,138,204.737383,0.356995209458,-304.776039,-100.038656,-39.522395
1048576,1048640,2097280,0.106,222311,32,80,13108,53,139,206.223406,0.356995209458,-306.862344,-100.638938,-39.522395
1048576,1048640,2097280,0.106,222311,32,80,13108,53,140,207.709430,0.356995209458,-308.947862,-101.238433,-39.522395
1048576,1048640,2097280,0.106,222311,32,80,13108,53,141,209.195453,0.356995209458,-311.032682,-101.837229,-39.522395
1048576,1048640,2097280,0.106,222311,32,80,13108,53,142,210.681476,0.356995209458,-313.116882,-102.435405,-39.522395
1048576,1048640,2097280,0.106,222311,32,80,13108,53,143,212.167500,0.356995209458,-315.200536,-103.033036,-39.522395
1048576,1048640,2097280,0.106,222311,32,80,13108,53,144,213.653523,0.356995209458,-317.283711,-103.630188,-39.522395
1048576,1048640,2097280,0.106,222311,32,80,13108,53,145,215.139547,0.356995209458,-319.366466,-104.226920,-39.522395
1048576,1048640,2097280,0.106,222311,32,80,13108,53,146,216.625570,0.356995209458,-321.448856,-104.823286,-39.522395
1048576,1048640,2097280,0.106,222311,32,80,13108,53,147,218.111593,0.356995209458,-323.530929,-105.419336,-39.522395
1048576,1048640,2097280,0.106,222311,32,80,13108,53,148,219.597617,0.356995209458,-325.612729,-106.015113,-39.522395
1048576,1048640,2097280,0.106,222311,32,80,13108,53,149,221.083640,0.356995209458,-327.694296,-106.610656,-39.522395
1048576,1048640,2097280,0.106,222311,32,80,13108,53,150,222.569663,0.356995209458,-329.775665,-107.206002,-39.522395
1048576,1048640,2097280,0.106,222311,32,80,13108,53,151,224.055687,0.356995209458,-331.856868,-107.801181,-39.522395
1048576,1048640,2097280,0.106,222311,32,80,13108,53,152,225.541710,0.356995209458,-333.937933,-108.396223,-39.522395
1048576,1048640,2097280,0.106,222311,32,80,13108,53,153,227.027734,0.356995209458,-336.018886,-108.991153,-39.522395
1048576,1048640,2097280,0.106,222311,32,80,13108,53,154,228.513757,0.356995209458,-338.099750,-109.585993,-39.522395
1048576,1048640,2097280,0.106,222311,32,80,13108,53,155,229.999780,0.356995209458,-340.180545,-110.180764,-39.522395
1048576,1048640,2097280,0.106,222311,32,80,13108,53,156,231.485804,0.356995209458,-342.261288,-110.775485,-39.522395
1048576,1048640,2097280,0.106,222311,32,80,13108,53,157,232.971827,0.356995209458,-344.341998,-111.370170,-39.522395
1048576,1048640,2097280,0.106,222311,32,80,13108,53,158,234.457851,0.356995209458,-346.422686,-111.964836,-39.522395
1048576,1048640,2097280,0.106,222311,32,80,13108,53,159,235.943874,0.356995209458,-348.503367,-112.559493,-39.522395
1048576,1048640,2097280,0.106,222311,32,80,13108,53,160,237.429897,0.356995209458,-350.584052,-113.154154,-39.522395
1048576,1048640,2097280,0.106,222311,32,80,13108,54,1,-inf,,-2.237846,-inf,-inf
1048576,1048640,2097280,0.106,222311,32,80,13108,54,2,-inf,,-4.475692,-inf,-inf
1048576,1048640,2097280,0.106,222311,32,80,13108,54,3,-inf,,-6.713537,-inf,-inf
1048576,1048640,2097280,0.106,222311,32,80,13108,54,4,-inf,,-8.951381,-inf,-inf
1048576,1048640,2097280,0.106,222311,32,80,13108,54,5,-inf,,-11.189224,-inf,-inf
1048576,1048640,2097280,0.106,222311,32,80,13108,54,6,-inf,,-13.427067,-inf,-inf
1048576,1048640,2097280,0.106,222311,32,80,13108,54,7,-inf,,-15.664909,-inf,-inf
1048576,1048640,2097280,0.106,222311,32,80,13108,54,8,-inf,,-17.902750,-inf,-inf
1048576,1048640,2097280,0.106,222311,32,80,13108,54,9,-inf,,-20.140591,-inf,-inf
1048576,1048640,2097280,0.106,222311,32,80,13108,54,10,-inf,,-22.378431,-inf,-inf
1048576,1048640,2097280,0.106,222311,32,80,13108,54,11,-inf,,-24.616270,-inf,-inf
1048576,1048640,2097280,0.106,222311,32,80,13108,54,12,-inf,,-26.854108,-inf,-inf
1048576,1048640,2097280,0.106,222311,32,80,13108,54,13,-inf,,-29.091945,-inf,-inf
1048576,1048640,2097280,0.106,222311,32,80,13108,54,14,-inf,,-31.329782,-inf,-inf
1048576,1048640,2097280,0.106,222311,32,80,13108,54,15,-inf,,-33.567618,-inf,-inf
1048576,1048640,2097280,0.106,222311,32,80,13108,54,16,-inf,,-35.805453,-inf,-inf
1048576,1048640,2097280,0.106,222311,32,80,13108,54,17,-inf,,-38.043288,-inf,-inf
1048576,1048640,2097280,0.106,222311,32,80,13108,54,18,-inf,,-40.281121,-inf,-inf
1048576,1048640,2097280,0.106,222311,32,80,13108,54,19,-inf,,-42.518954,-inf,-inf
1048576,1048640,2097280,0.106,222311,32,80,13108,54,20,-inf,,-44.756786,-inf,-inf
1048576,1048640,2097280,0.106,222311,32,80,13108,54,21,-inf,,-46.994617,-inf,-inf
1048576,1048640,2097280,0.106,222311,32,80,13108,54,22,-inf,,-49.232447,-inf,-inf
1048576,1048640,2097280,0.106,222311,32,80,13108,54,23,-inf,,-51.470276,-inf,-inf
1048576,1048640,2097280,0.106,222311,32,80,13108,54,24,-inf,,-53.708104,-inf,-inf
1048576,1048640,2097280,0.106,222311,32,80,13108,54,25,-inf,,-55.945932,-inf,-inf
1048576,1048640,2097280,0.106,222311,32,80,13108,54,26,-inf,,-58.183758,-inf,-inf
1048576,1048640,2097280,0.106,222311,32,80,13108,54,27,-inf,,-60.421583,-inf,-inf
1048576,1048640,2097280,0.106,222311,32,80,13108,54,28,-inf,,-62.659406,-inf,-inf
1048576,1048640,2097280,0.106,222311,32,80,13108,54,29,-inf,,-64.897229,-inf,-inf
1048576,1048640,2097280,0.106,222311,32,80,13108,54,30,-inf,,-67.135050,-inf,-inf
1048576,1048640,2097280,0.106,222311,32,80,13108,54,31,-inf,,-69.372869,-inf,-inf
1048576,1048640,2097280,0.106,222311,32,80,13108,54,32,-inf,,-71.610687,-inf,-inf
1048576,1048640,2097280,0.106,222311,32,80,13108,54,33,-inf,,-73.848504,-inf,-inf
1048576,1048640,2097280,0.106,222311,32,80,13108,54,34,-inf,,-76.086318,-inf,-inf
1048576,1048640,2097280,0.106,222311,32,80,13108,54,35,-inf,,-78.324131,-inf,-inf
1048576,1048640,2097280,0.106,222311,32,80,13108,54,36,-inf,,-80.561941,-inf,-inf
1048576,1048640,2097280,0.106,222311,32,80,13108,54,37,-inf,,-82.799749,-inf,-inf
1048576,1048640,2097280,0.106,222311,32,80,13108,54,38,-inf,,-85.037554,-inf,-inf
1048576,1048640,2097280,0.106,222311,32,80,13108,54,39,-inf,,-87.275356,-inf,-inf
1048576,1048640,2097280,0.106,222311,32,80,13108,54,40,-inf,,-89.513155,-inf,-inf
1048576,1048640,2097280,0.106,222311,32,80,13108,54,41,-inf,,-91.750951,-inf,-inf
1048576,1048640,2097280,0.106,222311,32,80,13108,54,42,-inf,,-93.988742,-inf,-inf
1048576,1048640,2097280,0.106,222311,32,80,13108,54,43,-inf,,-96.226529,-inf,-inf
1048576,1048640,2097280,0.106,222311,32,80,13108,54,44,-inf,,-98.464311,-inf,-inf
1048576,1048640,2097280,0.106,222311,32,80,13108,54,45,-inf,,-100.702087,-inf,-inf
1048576,1048640,2097280,0.106,222311,32,80,13108,54,46,-inf,,-102.939857,-inf,-inf
1048576,1048640,2097280,0.106,222311,32,80,13108,54,47,-inf,,-105.177620,-inf,-inf
1048576,1048640,2097280,0.106,222311,32,80,13108,54,48,-inf,,-107.415376,-inf,-inf
1048576,1048640,2097280,0.106,222311,32,80,13108,54,49,-inf,,-109.653122,-inf,-inf
1048576,1048640,2097280,0.106,222311,32,80,13108,54,50,-inf,,-111.890859,-inf,-inf
1048576,1048640,2097280,0.106,222311,32,80,13108,54,51,-inf,,-114.128584,-inf,-inf
1048576,1048640,2097280,0.106,222311,32,80,13108,54,52,-inf,,-116.366297,-inf,-inf
1048576,1048640,2097280,0.106,222311,32,80,13108,54,53,-inf,,-118.603995,-inf,-inf
1048576,1048640,2097280,0.106,222311,32,80,13108,54,54,78.160275,0.236538124161,-120.841678,-42.681403,-42.681403
1048576,1048640,2097280,0.106,222311,32,80,13108,54,55,80.240130,0.236538124161,-123.079343,-42.839213,-41.758151
1048576,1048640,2097280,0.106,222311,32,80,13108,54,56,81.940678,0.322086170895,-125.316987,-43.376309,-41.351341
1048576,1048640,2097280,0.106,222311,32,80,13108,54,57,83.575159,0.322086170895,-127.554609,-43.979450,-41.135034
1048576,1048640,2097280,0.106,222311,32,80,13108,54,58,85.137121,0.356995209458,-129.792205,-44.655084,-41.014459
1048576,1048640,2097280,0.106,222311,32,80,13108,54,59,86.623144,0.356995209458,-132.029772,-45.406628,-40.947338
1048576,1048640,2097280,0.106,222311,32,80,13108,54,60,88.109167,0.356995209458,-134.267306,-46.158139,-40.908899
1048576,1048640,2097280,0.106,222311,32,80,13108,54,61,89.595191,0.356995209458,-136.504804,-46.909613,-40.886542
1048576,1048640,2097280,0.106,222311,32,80,13108,54,62,91.081214,0.356995209458,-138.742260,-47.661046,-40.873424
1048576,1048640,2097280,0.106,222311,32,80,13108,54,63,92.567238,0.356995209458,-140.979669,-48.412432,-40.865688
1048576,1048640,2097280,0.106,222311,32,80,13108,54,64,94.053261,0.356995209458,-143.217026,-49.163766,-40.861111
1048576,1048640,2097280,0.106,222311,32,80,13108,54,65,95.539284,0.356995209458,-145.454324,-49.915040,-40.858400
1048576,1048640,2097280,0.106,222311,32,80,13108,54,66,97.025308,0.356995209458,-147.691555,-50.666247,-40.856791
1048576,1048640,2097280,0.106,222311,32,80,13108,54,67,98.511331,0.356995209458,-149.928710,-51.417379,-40.855836
1048576,1048640,2097280,0.106,222311,32,80,13108,54,68,99.997354,0.356995209458,-152.165781,-52.168427,-40.855269
1048576,1048640,2097280,0.106,222311,32,80,13108,54,69,101.483378,0.356995209458,-154.402757,-52.919379,-40.854932
1048576,1048640,2097280,0.106,222311,32,80,13108,54,70,102.969401,0.356995209458,-156.639626,-53.670224,-40.854732
1048576,1048640,2097280,0.106,222311,32,80,13108,54,71,104.455425,0.356995209458,-158.876374,-54.420949,-40.854613
1048576,1048640,2097280,0.106,222311,32,80,13108,54,72,105.941448,0.356995209458,-161.112986,-55.171538,-40.854542
1048576,1048640,2097280,0.106,222311,32,80,13108,54,73,107.427471,0.356995209458,-163.349447,-55.921975,-40.854500
1048576,1048640,2097280,0.106,222311,32,80,13108,54,74,108.913495,0.356995209458,-165.585736,-56.672242,-40.854475
1048576,1048640,2097280,0.106,222311,32,80,13108,54,75,110.399518,0.356995209458,-167.821833,-57.422315,-40.854460
1048576,1048640,2097280,0.106,222311,32,80,13108,54,76,111.885541,0.356995209458,-170.057715,-58.172174,-40.854452
1048576,1048640,2097280,0.106,222311,32,80,13108,54,77,113.371565,0.356995209458,-172.293355,-58.921790,-40.854446
1048576,1048640,2097280,0.106,222311,32,80,13108,54,78,114.857588,0.356995209458,-174.528724,-59.671135,-40.854443
1048576,1048640,2097280,0.106,222311,32,80,13108,54,79,116.343612,0.356995209458,-176.763788,-60.420176,-40.854441
1048576,1048640,2097280,0.106,222311,32,80,13108,54,80,117.829635,0.356995209458,-178.998512,-61.168877,-40.854440
1048576,1048640,2097280,0.106,222311,32,80,13108,54,81,119.315658,0.356995209458,-181.232855,-61.917197,-40.854440
1048576,1048640,2097280,0.106,222311,32,80,13108,54,82,120.801682,0.356995209458,-183.466772,-62.665091,-40.854439
1048576,1048640,2097280,0.106,222311,32,80,13108,54,83,122.287705,0.356995209458,-185.700212,-63.412507,-40.854439
1048576,1048640,2097280,0.106,222311,32,80,13108,54,84,123.773728,0.356995209458,-187.933121,-64.159393,-40.854439
1048576,1048640,2097280,0.106,222311,32,80,13108,54,85,125.259752,0.356995209458,-190.165436,-64.905684,-40.854439
1048576,1048640,2097280,0.106,222311,32,80,13108,54,86,126.745775,0.356995209458,-192.397090,-65.651314,-40.854439
1048576,1048640,2097280,0.106,222311,32,80,13108,54,87,128.231799,0.356995209458,-194.628006,-66.396207,-40.854439
1048576,1048640,2097280,0.106,222311,32,80,13108,54,88,129.717822,0.356995209458,-196.858104,-67.140282,-40.854439
1048576,1048640,2097280,0.106,222311,32,80,13108,54,89,131.203845,0.356995209458,-199.087293,-67.883447,-40.854439
1048576,1048640,2097280,0.106,222311,32,80,13108,54,90,132.689869,0.356995209458,-201.315473,-68.625604,-40.854439
1048576,1048640,2097280,0.106,222311,32,80,13108,54,91,134.175892,0.356995209458,-203.542536,-69.366644,-40.854439
1048576,1048640,2097280,0.106,222311,32,80,13108,54,92,135.661916,0.356995209458,-205.768365,-70.106450,-40.854439
1048576,1048640,2097280,0.106,222311,32,80,13108,54,93,137.147939,0.356995209458,-207.992832,-70.844893,-40.854439
1048576,1048640,2097280,0.106,222311,32,80,13108,54,94,138.633962,0.356995209458,-210.215800,-71.581838,-40.854439
1048576,1048640,2097280,0.106,222311,32,80,13108,54,95,140.119986,0.356995209458,-212.437121,-72.317136,-40.854439
1048576,1048640,2097280,0.106,222311,32,80,13108,54,96,141.606009,0.356995209458,-214.656639,-73.050629,-40.854439
1048576,1048640,2097280,0.106,222311,32,80,13108,54,97,143.092032,0.356995209458,-216.874183,-73.782150,-40.854439
1048576,1048640,2097280,0.106,222311,32,80,13108,54,98,144.578056,0.356995209458,-219.089579,-74.511523,-40.854439
1048576,1048640,2097280,0.106,222311,32,80,13108,54,99,146.064079,0.356995209458,-221.302639,-75.238560,-40.854439
1048576,1048640,2097280,0.106,222311,32,80,13108,54,100,147.550103,0.356995209458,-223.513174,-75.963072,-40.854439
1048576,1048640,2097280,0.106,222311,32,80,13108,54,101,149.036126,0.356995209458,-225.720982,-76.684856,-40.854439
1048576,1048640,2097280,0.106,222311,32,80,13108,54,102,150.522149,0.356995209458,-227.925862,-77.403713,-40.854439
1048576,1048640,2097280,0.106,222311,32,80,13108,54,103,152.008173,0.356995209458,-230.127608,-78.119436,-40.854439
1048576,1048640,2097280,0.106,222311,32,80,13108,54,104,153.494196,0.356995209458,-232.326017,-78.831821,-40.854439
1048576,1048640,2097280,0.106,222311,32,80,13108,54,105,154.980219,0.356995209458,-234.520892,-79.540672,-40.854439
1048576,1048640,2097280,0.106,222311,32,80,13108,54,106,156.466243,0.356995209458,-236.712034,-80.245791,-40.854439
1048576,1048640,2097280,0.106,222311,32,80,13108,54,107,157.952266,0.356995209458,-238.899265,-80.946999,-40.854439
1048576,1048640,2097280,0.106,222311,32,80,13108,54,108,159.438290,0.356995209458,-241.082416,-81.644127,-40.854439
1048576,1048640,2097280,0.106,222311,32,80,13108,54,109,160.924313,0.356995209458,-243.261334,-82.337021,-40.854439
1048576,1048640,2097280,0.106,222311,32,80,13108,54,110,162.410336,0.356995209458,-245.435890,-83.025553,-40.854439
1048576,1048640,2097280,0.106,222311,32,80,13108,54,111,163.896360,0.356995209458,-247.605979,-83.709619,-40.854439
1048576,1048640,2097280,0.106,222311,32,80,13108,54,112,165.382383,0.356995209458,-249.771519,-84.389136,-40.854439
1048576,1048640,2097280,0.106,222311,32,80,13108,54,113,166.868407,0.356995209458,-251.932459,-85.064052,-40.854439
1048576,1048640,2097280,0.106,222311,32,80,13108,54,114,168.354430,0.356995209458,-254.088781,-85.734351,-40.854439
1048576,1048640,2097280,0.106,222311,32,80,13108,54,115,169.840453,0.356995209458,-256.240489,-86.400036,-40.854439
1048576,1048640,2097280,0.106,222311,32,80,13108,54,116,171.326477,0.356995209458,-258.387626,-87.061149,-40.854439
1048576,1048640,2097280,0.106,222311,32,80,13108,54,117,172.812500,0.356995209458,-260.530262,-87.717762,-40.854439
1048576,1048640,2097280,0.106,222311,32,80,13108,54,118,174.298523,0.356995209458,-262.668490,-88.369967,-40.854439
1048576,1048640,2097280,0.106,222311,32,80,13108,54,119,175.784547,0.356995209458,-264.802434,-89.017888,-40.854439
1048576,1048640,2097280,0.106,222311,32,80,13108,54,120,177.270570,0.356995209458,-266.932240,-89.661670,-40.854439
1048576,1048640,2097280,0.106,222311,32,80,13108,54,121,178.756594,0.356995209458,-269.058068,-90.301474,-40.854439
1048576,1048640,2097280,0.106,222311,32,80,13108,54,122,180.242617,0.356995209458,-271.180098,-90.937481,-40.854439
1048576,1048640,2097280,0.106,222311,32,80,13108,54,123,181.728640,0.356995209458,-273.298525,-91.569884,-40.854439
1048576,1048640,2097280,0.106,222311,32,80,13108,54,124,183.214664,0.356995209458,-275.413544,-92.198881,-40.854439
1048576,1048640,2097280,0.106,222311,32,80,13108,54,125,184.700687,0.356995209458,-277.525364,-92.824677,-40.854439
1048576,1048640,2097280,0.106,222311,32,80,13108,54,126,186.186710,0.356995209458,-279.634192,-93.447482,-40.854439
1048576,1048640,2097280,0.106,222311,32,80,13108,54,127,187.672734,0.356995209458,-281.740235,-94.067501,-40.854439
1048576,1048640,2097280,0.106,222311,32,80,13108,54,128,189.158757,0.356995209458,-283.843696,-94.684938,-40.854439
1048576,1048640,2097280,0.106,222311,32,80,13108,54,129,190.644781,0.356995209458,-285.944776,-95.299995,-40.854439
1048576,1048640,2097280,0.106,222311,32,80,13108,54,130,192.130804,0.356995209458,-288.043665,-95.912861,-40.854439
1048576,1048640,2097280,0.106,222311,32,80,13108,54,131,193.616827,0.356995209458,-290.140548,-96.523721,-40.854439
1048576,1048640,2097280,0.106,222311,32,80,13108,54,132,195.102851,0.356995209458,-292.235603,-97.132752,-40.854439
1048576,1048640,2097280,0.106,222311,32,80,13108,54,133,196.588874,0.356995209458,-294.328991,-97.740117,-40.854439
1048576,1048640,2097280,0.106,222311,32,80,13108,54,134,198.074897,0.356995209458,-296.420869,-98.345972,-40.854439
1048576,1048640,2097280,0.106,222311,32,80,13108,54,135,199.560921,0.356995209458,-298.511384,-98.950463,-40.854439
1048576,1048640,2097280,0.106,222311,32,80,13108,54,136,201.046944,0.356995209458,-300.600669,-99.553725,-40.854439
1048576,1048640,2097280,0.106,222311,32,80,13108,54,137,202.532968,0.356995209458,-302.688848,-100.155881,-40.854439
1048576,1048640,2097280,0.106,222311,32,80,13108,54,138,204.018991,0.356995209458,-304.776039,-100.757048,-40.854439
1048576,1048640,2097280,0.106,222311,32,80,13108,54,139,205.505014,0.356995209458,-306.862344,-101.357330,-40.854439
1048576,1048640,2097280,0.106,222311,32,80,13108,54,140,206.991038,0.356995209458,-308.947862,-101.956824,-40.854439
1048576,1048640,2097280,0.106,222311,32,80,13108,54,141,208.477061,0.356995209458,-311.032682,-102.555620,-40.854439
1048576,1048640,2097280,0.106,222311,32,80,13108,54,142,209.963085,0.356995209458,-313.116882,-103.153797,-40.854439
1048576,1048640,2097280,0.106,222311,32,80,13108,54,143,211.449108,0.356995209458,-315.200536,-103.751428,-40.854439
1048576,1048640,2097280,0.106,222311,32,80,13108,54,144,212.935131,0.356995209458,-317.283711,-104.348580,-40.854439
1048576,1048640,2097280,0.106,222311,32,80,13108,54,145,214.421155,0.356995209458,-319.366466,-104.945312,-40.854439
1048576,1048640,2097280,0.106,222311,32,80,13108,54,146,215.907178,0.356995209458,-321.448856,-105.541678,-40.854439
1048576,1048640,2097280,0.106,222311,32,80,13108,54,147,217.393201,0.356995209458,-323.530929,-106.137728,-40.854439
1048576,1048640,2097280,0.106,222311,32,80,13108,54,148,218.879225,0.356995209458,-325.612729,-106.733504,-40.854439
1048576,1048640,2097280,0.106,222311,32,80,13108,54,149,220.365248,0.356995209458,-327.694296,-107.329048,-40.854439
1048576,1048640,2097280,0.106,222311,32,80,13108,54,150,221.851272,0.356995209458,-329.775665,-107.924394,-40.854439
1048576,1048640,2097280,0.106,222311,32,80,13108,54,151,223.337295,0.356995209458,-331.856868,-108.519573,-40.854439
1048576,1048640,2097280,0.106,222311,32,80,13108,54,152,224.823318,0.356995209458,-333.937933,-109.114615,-40.854439
1048576,1048640,2097280,0.106,222311,32,80,13108,54,153,226.309342,0.356995209458,-336.018886,-109.709545,-40.854439
1048576,1048640,2097280,0.106,222311,32,80,13108,54,154,227.795365,0.356995209458,-338.099750,-110.304385,-40.854439
1048576,1048640,2097280,0.106,222311,32,80,13108,54,155,229.281388,0.356995209458,-340.180545,-110.899156,-40.854439
1048576,1048640,2097280,0.106,222311,32,80,13108,54,156,230.767412,0.356995209458,-342.261288,-111.493877,-40.854439
1048576,1048640,2097280,0.106,222311,32,80,13108,54,157,232.253435,0.356995209458,-344.341998,-112.088562,-40.854439
1048576,1048640,2097280,0.106,222311,32,80,13108,54,158,233.739459,0.356995209458,-346.422686,-112.683228,-40.854439
1048576,1048640,2097280,0.106,222311,32,80,13108,54,159,235.225482,0.356995209458,-348.503367,-113.277885,-40.854439
1048576,1048640,2097280,0.106,222311,32,80,13108,54,160,236.711505,0.356995209458,-350.584052,-113.872546,-40.854439
1048576,1048640,2097280,0.106,222311,32,80,13108,55,1,-inf,,-2.237846,-inf,-inf
1048576,1048640,2097280,0.106,222311,32,80,13108,55,2,-inf,,-4.475692,-inf,-inf
1048576,1048640,2097280,0.106,222311,32,80,13108,55,3,-inf,,-6.713537,-inf,-inf
1048576,1048640,2097280,0.106,222311,32,80,13108,55,4,-inf,,-8.951381,-inf,-inf
1048576,1048640,2097280,0.106,222311,32,80,13108,55,5,-inf,,-11.189224,-inf,-inf
1048576,1048640,2097280,0.106,222311,32,80,13108,55,6,-inf,,-13.427067,-inf,-inf
1048576,1048640,2097280,0.106,222311,32,80,13108,55,7,-inf,,-15.664909,-inf,-inf
1048576,1048640,2097280,0.106,222311,32,80,13108,55,8,-inf,,-17.902750,-inf,-inf
1048576,1048640,2097280,0.106,222311,32,80,13108,55,9,-inf,,-20.140591,-inf,-inf
1048576,1048640,2097280,0.106,222311,32,80,13108,55,10,-inf,,-22.378431,-inf,-inf
1048576,1048640,2097280,0.106,222311,32,80,13108,55,11,-inf,,-24.616270,-inf,-inf
1048576,1048640,2097280,0.106,222311,32,80,13108,55,12,-inf,,-26.854108,-inf,-inf
1048576,1048640,2097280,0.106,222311,32,80,13108,55,13,-inf,,-29.091945,-inf,-inf
1048576,1048640,2097280,0.106,222311,32,80,13108,55,14,-inf,,-31.329782,-inf,-inf
1048576,1048640,2097280,0.106,222311,32,80,13108,55,15,-inf,,-33.567618,-inf,-inf
1048576,1048640,2097280,0.106,222311,32,80,13108,55,16,-inf,,-35.805453,-inf,-inf
1048576,1048640,2097280,0.106,222311,32,80,13108,55,17,-inf,,-38.043288,-inf,-inf
1048576,1048640,2097280,0.106,222311,32,80,13108,55,18,-inf,,-40.281121,-inf,-inf
1048576,1048640,2097280,0.106,222311,32,80,13108,55,19,-inf,,-42.518954,-inf,-inf
1048576,1048640,2097280,0.106,222311,32,80,13108,55,20,-inf,,-44.756786,-inf,-inf
1048576,1048640,2097280,0.106,222311,32,80,13108,55,21,-inf,,-46.994617,-inf,-inf
1048576,1048640,2097280,0.106,222311,32,80,13108,55,22,-inf,,-49.232447,-inf,-inf
1048576,1048640,2097280,0.106,222311,32,80,13108,55,23,-inf,,-51.470276,-inf,-inf
1048576,1048640,2097280,0.106,222311,32,80,13108,55,24,-inf,,-53.708104,-inf,-inf
1048576,1048640,2097280,0.106,222311,32,80,13108,55,25,-inf,,-55.945932,-inf,-inf
1048576,1048640,2097280,0.106,222311,32,80,13108,55,26,-inf,,-58.183758,-inf,-inf
1048576,1048640,2097280,0.106,222311,32,80,13108,55,27,-inf,,-60.421583,-inf,-inf
1048576,1048640,2097280,0.106,222311,32,80,13108,55,28,-inf,,-62.659406,-inf,-inf
1048576,1048640,2097280,0.106,222311,32,80,13108,55,29,-inf,,-64.897229,-inf,-inf
1048576,1048640,2097280,0.106,222311,32,80,13108,55,30,-inf,,-67.135050,-inf,-inf
1048576,1048640,2097280,0.106,222311,32,80,13108,55,31,-inf,,-69.372869,-inf,-inf
1048576,1048640,2097280,0.106,222311,32,80,13108,55,32,-inf,,-71.610687,-inf,-inf
1048576,1048640,2097280,0.106,222311,32,80,13108,55,33,-inf,,-73.848504,-inf,-inf
1048576,1048640,2097280,0.106,222311,32,80,13108,55,34,-inf,,-76.086318,-inf,-inf
1048576,1048640,2097280,0.106,222311,32,80,13108,55,35,-inf,,-78.324131,-inf,-inf
1048576,1048640,2097280,0.106,222311,32,80,13108,55,36,-inf,,-80.561941,-inf,-inf
1048576,1048640,2097280,0.106,222311,32,80,13108,55,37,-inf,,-82.799749,-inf,-inf
1048576,1048640,2097280,0.106,222311,32,80,13108,55,38,-inf,,-85.037554,-inf,-inf
1048576,1048640,2097280,0.106,222311,32,80,13108,55,39,-inf,,-87.275356,-inf,-inf
1048576,1048640,2097280,0.106,222311,32,80,13108,55,40,-inf,,-89.513155,-inf,-inf
1048576,1048640,2097280,0.106,222311,32,80,13108,55,41,-inf,,-91.750951,-inf,-inf
1048576,1048640,2097280,0.106,222311,32,80,13108,55,42,-inf,,-93.988742,-inf,-inf
1048576,1048640,2097280,0.106,222311,32,80,13108,55,43,-inf,,-96.226529,-inf,-inf
1048576,1048640,2097280,0.106,222311,32,80,13108,55,44,-inf,,-98.464311,-inf,-inf
1048576,1048640,2097280,0.106,222311,32,80,13108,55,45,-inf,,-100.702087,-inf,-inf
1048576,1048640,2097280,0.106,222311,32,80,13108,55,46,-inf,,-102.939857,-inf,-inf
1048576,1048640,2097280,0.106,222311,32,80,13108,55,47,-inf,,-105.177620,-inf,-inf
1048576,1048640,2097280,0.106,222311,32,80,13108,55,48,-inf,,-107.415376,-inf,-inf
1048576,1048640,2097280,0.106,222311,32,80,13108,55,49,-inf,,-109.653122,-inf,-inf
1048576,1048640,2097280,0.106,222311,32,80,13108,55,50,-inf,,-111.890859,-inf,-inf
1048576,1048640,2097280,0.106,222311,32,80,13108,55,51,-inf,,-114.128584,-inf,-inf
1048576,1048640,2097280,0.106,222311,32,80,13108,55,52,-inf,,-116.366297,-inf,-inf
1048576,1048640,2097280,0.106,222311,32,80,13108,55,53,-inf,,-118.603995,-inf,-inf
1048576,1048640,2097280,0.106,222311,32,80,13108,55,54,-inf,,-120.841678,-inf,-inf
1048576,1048640,2097280,0.106,222311,32,80,13108,55,55,79.070205,0.236538124161,-123.079343,-44.009138,-44.009138
1048576,1048640,2097280,0.106,222311,32,80,13108,55,56,81.150060,0.236538124161,-125.316987,-44.166927,-43.085876
1048576,1048640,2097280,0.106,222311,32,80,13108,55,57,82.834131,0.322086170895,-127.554609,-44.720478,-42.683089
1048576,1048640,2097280,0.106,222311,32,80,13108,55,58,84.429500,0.356995209458,-129.792205,-45.362705,-42.473844
1048576,1048640,2097280,0.106,222311,32,80,13108,55,59,85.915523,0.356995209458,-132.029772,-46.114249,-42.362557
1048576,1048640,2097280,0.106,222311,32,80,13108,55,60,87.401546,0.356995209458,-134.267306,-46.865760,-42.300303
1048576,1048640,2097280,0.106,222311,32,80,13108,55,61,88.887570,0.356995209458,-136.504804,-47.617234,-42.264557
1048576,1048640,2097280,0.106,222311,32,80,13108,55,62,90.373593,0.356995209458,-138.742260,-48.368667,-42.243735
1048576,1048640,2097280,0.106,222311,32,80,13108,55,63,91.859616,0.356995209458,-140.979669,-49.120053,-42.231507
1048576,1048640,2097280,0.106,222311,32,80,13108,55,64,93.345640,0.356995209458,-143.217026,-49.871387,-42.224292
1048576,1048640,2097280,0.106,222311,32,80,13108,55,65,94.831663,0.356995209458,-145.454324,-50.622661,-42.220022
1048576,1048640,2097280,0.106,222311,32,80,13108,55,66,96.317687,0.356995209458,-147.691555,-51.373868,-42.217492
1048576,1048640,2097280,0.106,222311,32,80,13108,55,67,97.803710,0.356995209458,-149.928710,-52.125000,-42.215990
1048576,1048640,2097280,0.106,222311,32,80,13108,55,68,99.289733,0.356995209458,-152.165781,-52.876048,-42.215099
1048576,1048640,2097280,0.106,222311,32,80,13108,55,69,100.775757,0.356995209458,-154.402757,-53.627000,-42.214570
1048576,1048640,2097280,0.106,222311,32,80,13108,55,70,102.261780,0.356995209458,-156.639626,-54.377846,-42.214255
1048576,1048640,2097280,0.106,222311,32,80,13108,55,71,103.747803,0.356995209458,-158.876374,-55.128570,-42.214068
1048576,1048640,2097280,0.106,222311,32,80,13108,55,72,105.233827,0.356995209458,-161.112986,-55.879160,-42.213957
1048576,1048640,2097280,0.106,222311,32,80,13108,55,73,106.719850,0.356995209458,-163.349447,-56.629596,-42.213891
1048576,1048640,2097280,0.106,222311,32,80,13108,55,74,108.205874,0.356995209458,-165.585736,-57.379863,-42.213852
1048576,1048640,2097280,0.106,222311,32,80,13108,55,75,109.691897,0.356995209458,-167.821833,-58.129936,-42.213828
1048576,1048640,2097280,0.106,222311,32,80,13108,55,76,111.177920,0.356995209458,-170.057715,-58.879795,-42.213815
1048576,1048640,2097280,0.106,222311,32,80,13108,55,77,112.663944,0.356995209458,-172.293355,-59.629411,-42.213806
1048576,1048640,2097280,0.106,222311,32,80,13108,55,78,114.149967,0.356995209458,-174.528724,-60.378757,-42.213801
1048576,1048640,2097280,0.106,222311,32,80,13108,55,79,115.635991,0.356995209458,-176.763788,-61.127797,-42.213799
1048576,1048640,2097280,0.106,222311,32,80,13108,55,80,117.122014,0.356995209458,-178.998512,-61.876499,-42.213797
1048576,1048640,2097280,0.106,222311,32,80,13108,55,81,118.608037,0.356995209458,-181.232855,-62.624818,-42.213796
1048576,1048640,2097280,0.106,222311,32,80,13108,55,82,120.094061,0.356995209458,-183.466772,-63.372712,-42.213795
1048576,1048640,2097280,0.106,222311,32,80,13108,55,83,121.580084,0.356995209458,-185.700212,-64.120128,-42.213795
1048576,1048640,2097280,0.106,222311,32,80,13108,55,84,123.066107,0.356995209458,-187.933121,-64.867014,-42.213795
1048576,1048640,2097280,0.106,222311,32,80,13108,55,85,124.552131,0.356995209458,-190.165436,-65.613305,-42.213794
1048576,1048640,2097280,0.106,222311,32,80,13108,55,86,126.038154,0.356995209458,-192.397090,-66.358935,-42.213794
1048576,1048640,2097280,0.106,222311,32,80,13108,55,87,127.524178,0.356995209458,-194.628006,-67.103829,-42.213794
1048576,1048640,2097280,0.106,222311,32,80,13108,55,88,129.010201,0.356995209458,-196.858104,-67.847904,-42.213794
1048576,1048640,2097280,0.106,222311,32,80,13108,55,89,130.496224,0.356995209458,-199.087293,-68.591068,-42.213794
1048576,1048640,2097280,0.106,222311,32,80,13108,55,90,131.982248,0.356995209458,-201.315473,-69.333225,-42.213794
1048576,1048640,2097280,0.106,222311,32,80,13108,55,91,133.468271,0.356995209458,-203.542536,-70.074265,-42.213794
1048576,1048640,2097280,0.106,222311,32,80,13108,55,92,134.954294,0.356995209458,-205.768365,-70.814071,-42.213794
1048576,1048640,2097280,0.106,222311,32,80,13108,55,93,136.440318,0.356995209458,-207.992832,-71.552514,-42.213794
1048576,1048640,2097280,0.106,222311,32,80,13108,55,94,137.926341,0.356995209458,-210.215800,-72.289459,-42.213794
1048576,1048640,2097280,0.106,222311,32,80,13108,55,95,139.412365,0.356995209458,-212.437121,-73.024757,-42.213794
1048576,1048640,2097280,0.106,222311,32,80,13108,55,96,140.898388,0.356995209458,-214.656639,-73.758251,-42.213794
1048576,1048640,2097280,0.106,222311,32,80,13108,55,97,142.384411,0.356995209458,-216.874183,-74.489771,-42.213794
1048576,1048640,2097280,0.106,222311,32,80,13108,55,98,143.870435,0.356995209458,-219.089579,-75.219144,-42.213794
1048576,1048640,2097280,0.106,222311,32,80,13108,55,99,145.356458,0.356995209458,-221.302639,-75.946181,-42.213794
1048576,1048640,2097280,0.106,222311,32,80,13108,55,100,146.842481,0.356995209458,-223.513174,-76.670693,-42.213794
1048576,1048640,2097280,0.106,222311,32,80,13108,55,101,148.328505,0.356995209458,-225.720982,-77.392477,-42.213794
1048576,1048640,2097280,0.106,222311,32,80,13108,55,102,149.814528,0.356995209458,-227.925862,-78.111334,-42.213794
1048576,1048640,2097280,0.106,222311,32,80,13108,55,103,151.300552,0.356995209458,-230.127608,-78.827057,-42.213794
1048576,1048640,2097280,0.106,222311,32,80,13108,55,104,152.786575,0.356995209458,-232.326017,-79.539442,-42.213794
1048576,1048640,2097280,0.106,222311,32,80,13108,55,105,154.272598,0.356995209458,-234.520892,-80.248293,-42.213794
1048576,1048640,2097280,0.106,222311,32,80,13108,55,106,155.758622,0.356995209458,-236.712034,-80.953413,-42.213794
1048576,1048640,2097280,0.106,222311,32,80,13108,55,107,157.244645,0.356995209458,-238.899265,-81.654620,-42.213794
1048576,1048640,2097280,0.106,222311,32,80,13108,55,108,158.730669,0.356995209458,-241.082416,-82.351748,-42.213794
1048576,1048640,2097280,0.106,222311,32,80,13108,55,109,160.216692,0.356995209458,-243.261334,-83.044642,-42.213794
1048576,1048640,2097280,0.106,222311,32,80,13108,55,110,161.702715,0.356995209458,-245.435890,-83.733175,-42.213794
1048576,1048640,2097280,0.106,222311,32,80,13108,55,111,163.188739,0.356995209458,-247.605979,-84.417241,-42.213794
1048576,1048640,2097280,0.106,222311,32,80,13108,55,112,164.674762,0.356995209458,-249.771519,-85.096757,-42.213794
1048576,1048640,2097280,0.106,222311,32,80,13108,55,113,166.160785,0.356995209458,-251.932459,-85.771673,-42.213794
1048576,1048640,2097280,0.106,222311,32,80,13108,55,114,167.646809,0.356995209458,-254.088781,-86.441972,-42.213794
1048576,1048640,2097280,0.106,222311,32,80,13108,55,115,169.132832,0.356995209458,-256.240489,-87.107657,-42.213794
1048576,1048640,2097280,0.106,222311,32,80,13108,55,116,170.618856,0.356995209458,-258.387626,-87.768771,-42.213794
1048576,1048640,2097280,0.106,222311,32,80,13108,55,117,172.104879,0.356995209458,-260.530262,-88.425383,-42.213794
1048576,1048640,2097280,0.106,222311,32,80,13108,55,118,173.590902,0.356995209458,-262.668490,-89.077588,-42.213794
1048576,1048640,2097280,0.106,222311,32,80,13108,55,119,175.076926,0.356995209458,-264.802434,-89.725509,-42.213794
1048576,1048640,2097280,0.106,222311,32,80,13108,55,120,176.562949,0.356995209458,-266.932240,-90.369291,-42.213794
1048576,1048640,2097280,0.106,222311,32,80,13108,55,121,178.048972,0.356995209458,-269.058068,-91.009095,-42.213794
1048576,1048640,2097280,0.106,222311,32,80,13108,55,122,179.534996,0.356995209458,-271.180098,-91.645103,-42.213794
1048576,1048640,2097280,0.106,222311,32,80,13108,55,123,181.021019,0.356995209458,-273.298525,-92.277506,-42.213794
1048576,1048640,2097280,0.106,222311,32,80,13108,55,124,182.507043,0.356995209458,-275.413544,-92.906502,-42.213794
1048576,1048640,2097280,0.106,222311,32,80,13108,55,125,183.993066,0.356995209458,-277.525364,-93.532298,-42.213794
1048576,1048640,2097280,0.106,222311,32,80,13108,55,126,185.479089,0.356995209458,-279.634192,-94.155103,-42.213794
1048576,1048640,2097280,0.106,222311,32,80,13108,55,127,186.965113,0.356995209458,-281.740235,-94.775122,-42.213794
1048576,1048640,2097280,0.106,222311,32,80,13108,55,128,188.451136,0.356995209458,-283.843696,-95.392559,-42.213794
1048576,1048640,2097280,0.106,222311,32,80,13108,55,129,189.937160,0.356995209458,-285.944776,-96.007616,-42.213794
1048576,1048640,2097280,0.106,222311,32,80,13108,55,130,191.423183,0.356995209458,-288.043665,-96.620482,-42.213794
1048576,1048640,2097280,0.106,222311,32,80,13108,55,131,192.909206,0.356995209458,-290.140548,-97.231342,-42.213794
1048576,1048640,2097280,0.106,222311,32,80,13108,55,132,194.395230,0.356995209458,-292.235603,-97.840373,-42.213794
1048576,1048640,2097280,0.106,222311,32,80,13108,55,133,195.881253,0.356995209458,-294.328991,-98.447738,-42.213794
1048576,1048640,2097280,0.106,222311,32,80,13108,55,134,197.367276,0.356995209458,-296.420869,-99.053593,-42.213794
1048576,1048640,2097280,0.106,222311,32,80,13108,55,135,198.853300,0.356995209458,-298.511384,-99.658084,-42.213794
1048576,1048640,2097280,0.106,222311,32,80,13108,55,136,200.339323,0.356995209458,-300.600669,-100.261346,-42.213794
1048576,1048640,2097280,0.106,222311,32,80,13108,55,137,201.825347,0.356995209458,-302.688848,-100.863502,-42.213794
1048576,1048640,2097280,0.106,222311,32,80,13108,55,138,203.311370,0.356995209458,-304.776039,-101.464669,-42.213794
1048576,1048640,2097280,0.106,222311,32,80,13108,55,139,204.797393,0.356995209458,-306.862344,-102.064951,-42.213794
1048576,1048640,2097280,0.106,222311,32,80,13108,55,140,206.283417,0.356995209458,-308.947862,-102.664446,-42.213794
1048576,1048640,2097280,0.106,222311,32,80,13108,55,141,207.769440,0.356995209458,-311.032682,-103.263242,-42.213794
1048576,1048640,2097280,0.106,222311,32,80,13108,55,142,209.255463,0.356995209458,-313.116882,-103.861418,-42.213794
1048576,1048640,2097280,0.106,222311,32,80,13108,55,143,210.741487,0.356995209458,-315.200536,-104.459049,-42.213794
1048576,1048640,2097280,0.106,222311,32,80,13108,55,144,212.227510,0.356995209458,-317.283711,-105.056201,-42.213794
1048576,1048640,2097280,0.106,222311,32,80,13108,55,145,213.713534,0.356995209458,-319.366466,-105.652933,-42.213794
1048576,1048640,2097280,0.106,222311,32,80,13108,55,146,215.199557,0.356995209458,-321.448856,-106.249299,-42.213794
1048576,1048640,2097280,0.106,222311,32,80,13108,55,147,216.685580,0.356995209458,-323.530929,-106.845349,-42.213794
1048576,1048640,2097280,0.106,222311,32,80,13108,55,148,218.171604,0.356995209458,-325.612729,-107.441126,-42.213794
1048576,1048640,2097280,0.106,222311,32,80,13108,55,149,219.657627,0.356995209458,-327.694296,-108.036669,-42.213794
1048576,1048640,2097280,0.106,222311,32,80,13108,55,150,221.143650,0.356995209458,-329.775665,-108.632015,-42.213794
1048576,1048640,2097280,0.106,222311,32,80,13108,55,151,222.629674,0.356995209458,-331.856868,-109.227194,-42.213794
1048576,1048640,2097280,0.106,222311,32,80,13108,55,152,224.115697,0.356995209458,-333.937933,-109.822236,-42.213794
1048576,1048640,2097280,0.106,222311,32,80,13108,55,153,225.601721,0.356995209458,-336.018886,-110.417166,-42.213794
1048576,1048640,2097280,0.106,222311,32,80,13108,55,154,227.087744,0.356995209458,-338.099750,-111.012006,-42.213794
1048576,1048640,2097280,0.106,222311,32,80,13108,55,155,228.573767,0.356995209458,-340.180545,-111.606777,-42.213794
1048576,1048640,2097280,0.106,222311,32,80,13108,55,156,230.059791,0.356995209458,-342.261288,-112.201498,-42.213794
1048576,1048640,2097280,0.106,222311,32,80,13108,55,157,231.545814,0.356995209458,-344.341998,-112.796183,-42.213794
1048576,1048640,2097280,0.106,222311,32,80,13108,55,158,233.031838,0.356995209458,-346.422686,-113.390849,-42.213794
1048576,1048640,2097280,0.106,222311,32,80,13108,55,159,234.517861,0.356995209458,-348.503367,-113.985506,-42.213794
1048576,1048640,2097280,0.106,222311,32,80,13108,55,160,236.003884,0.356995209458,-350.584052,-114.580167,-42.213794
1048576,1048640,2097280,0.106,222311,32,80,13108,56,1,-inf,,-2.237846,-inf,-inf
1048576,1048640,2097280,0.106,222311,32,80,13108,56,2,-inf,,-4.475692,-inf,-inf
1048576,1048640,2097280,0.106,222311,32,80,13108,56,3,-inf,,-6.713537,-inf,-inf
1048576,1048640,2097280,0.106,222311,32,80,13108,56,4,-inf,,-8.951381,-inf,-inf
1048576,1048640,2097280,0.106,222311,32,80,13108,56,5,-inf,,-11.189224,-inf,-inf
1048576,1048640,2097280,0.106,222311,32,80,13108,56,6,-inf,,-13.427067,-inf,-inf
1048576,1048640,2097280,0.106,222311,32,80,13108,56,7,-inf,,-15.664909,-inf,-inf
1048576,1048640,2097280,0.106,222311,32,80,13108,56,8,-inf,,-17.902750,-inf,-inf
1048576,1048640,2097280,0.106,222311,32,80,13108,56,9,-inf,,-20.140591,-inf,-inf
1048576,1048640,2097280,0.106,222311,32,80,13108,56,10,-inf,,-22.378431,-inf,-inf
1048576,1048640,2097280,0.106,222311,32,80,13108,56,11,-inf,,-24.616270,-inf,-inf
1048576,1048640,2097280,0.106,222311,32,80,13108,56,12,-inf,,-26.854108,-inf,-inf
1048576,1048640,2097280,0.106,222311,32,80,13108,56,13,-inf,,-29.091945,-inf,-inf
1048576,1048640,2097280,0.106,222311,32,80,13108,56,14,-inf,,-31.329782,-inf,-inf
1048576,1048640,2097280,0.106,222311,32,80,13108,56,15,-inf,,-33.567618,-inf,-inf
1048576,1048640,2097280,0.106,222311,32,80,13108,56,16,-inf,,-35.805453,-inf,-inf
1048576,1048640,2097280,0.106,222311,32,80,13108,56,17,-inf,,-38.043288,-inf,-inf
1048576,1048640,2097280,0.106,222311,32,80,13108,56,18,-inf,,-40.281121,-inf,-inf
1048576,1048640,2097280,0.106,222311,32,80,13108,56,19,-inf,,-42.518954,-inf,-inf
1048576,1048640,2097280,0.106,222311,32,80,13108,56,20,-inf,,-44.756786,-inf,-inf
1048576,1048640,2097280,0.106,222311,32,80,13108,56,21,-inf,,-46.994617,-inf,-inf
1048576,1048640,2097280,0.106,222311,32,80,13108,56,22,-inf,,-49.232447,-inf,-inf
1048576,1048640,2097280,0.106,222311,32,80,13108,56,23,-inf,,-51.470276,-inf,-inf
1048576,1048640,2097280,0.106,222311,32,80,13108,56,24,-inf,,-53.708104,-inf,-inf
1048576,1048640,2097280,0.106,222311,32,80,13108,56,25,-inf,,-55.945932,-inf,-inf
1048576,1048640,2097280,0.106,222311,32,80,13108,56,26,-inf,,-58.183758,-inf,-inf
1048576,1048640,2097280,0.106,222311,32,80,13108,56,27,-inf,,-60.421583,-inf,-inf
1048576,1048640,2097280,0.106,222311,32,80,13108,56,28,-inf,,-62.659406,-inf,-inf
1048576,1048640,2097280,0.106,222311,32,80,13108,56,29,-inf,,-64.897229,-inf,-inf
1048576,1048640,2097280,0.106,222311,32,80,13108,56,30,-inf,,-67.135050,-inf,-inf
1048576,1048640,2097280,0.106,222311,32,80,13108,56,31,-inf,,-69.372869,-inf,-inf
1048576,1048640,2097280,0.106,222311,32,80,13108,56,32,-inf,,-71.610687,-inf,-inf
1048576,1048640,2097280,0.106,222311,32,80,13108,56,33,-inf,,-73.848504,-inf,-inf
1048576,1048640,2097280,0.106,222311,32,80,13108,56,34,-inf,,-76.086318,-inf,-inf
1048576,1048640,2097280,0.106,222311,32,80,13108,56,35,-inf,,-78.324131,-inf,-inf
1048576,1048640,2097280,0.106,222311,32,80,13108,56,36,-inf,,-80.561941,-inf,-inf
1048576,1048640,2097280,0.106,222311,32,80,13108,56,37,-inf,,-82.799749,-inf,-inf
1048576,1048640,2097280,0.106,222311,32,80,13108,56,38,-inf,,-85.037554,-inf,-inf
1048576,1048640,2097280,0.106,222311,32,80,13108,56,39,-inf,,-87.275356,-inf,-inf
1048576,1048640,2097280,0.106,222311,32,80,13108,56,40,-inf,,-89.513155,-inf,-inf
1048576,1048640,2097280,0.106,222311,32,80,13108,56,41,-inf,,-91.750951,-inf,-inf
1048576,1048640,2097280,0.106,222311,32,80,13108,56,42,-inf,,-93.988742,-inf,-inf
1048576,1048640,2097280,0.106,222311,32,80,13108,56,43,-inf,,-96.226529,-inf,-inf
1048576,1048640,2097280,0.106,222311,32,80,13108,56,44,-inf,,-98.464311,-inf,-inf
1048576,1048640,2097280,0.106,222311,32,80,13108,56,45,-inf,,-100.702087,-inf,-inf
1048576,1048640,2097280,0.106,222311,32,80,13108,56,46,-inf,,-102.939857,-inf,-inf
1048576,1048640,2097280,0.106,222311,32,80,13108,56,47,-inf,,-105.177620,-inf,-inf
1048576,1048640,2097280,0.106,222311,32,80,13108,56,48,-inf,,-107.415376,-inf,-inf
1048576,1048640,2097280,0.106,222311,32,80,13108,56,49,-inf,,-109.653122,-inf,-inf
1048576,1048640,2097280,0.106,222311,32,80,13108,56,50,-inf,,-111.890859,-inf,-inf
1048576,1048640,2097280,0.106,222311,32,80,13108,56,51,-inf,,-114.128584,-inf,-inf
1048576,1048640,2097280,0.106,222311,32,80,13108,56,52,-inf,,-116.366297,-inf,-inf
1048576,1048640,2097280,0.106,222311,32,80,13108,56,53,-inf,,-118.603995,-inf,-inf
1048576,1048640,2097280,0.106,222311,32,80,13108,56,54,-inf,,-120.841678,-inf,-inf
1048576,1048640,2097280,0.106,222311,32,80,13108,56,55,-inf,,-123.079343,-inf,-inf
1048576,1048640,2097280,0.106,222311,32,80,13108,56,56,79.735023,0.236538124161,-125.316987,-45.581964,-45.581964
1048576,1048640,2097280,0.106,222311,32,80,13108,56,57,81.814878,0.236538124161,-127.554609,-45.739731,-44.658692
1048576,1048640,2097280,0.106,222311,32,80,13108,56,58,83.691235,0.322086170895,-129.792205,-46.100970,-44.206639
1048576,1048640,2097280,0.106,222311,32,80,13108,56,59,85.205722,0.356995209458,-132.029772,-46.824049,-43.988837
1048576,1048640,2097280,0.106,222311,32,80,13108,56,60,86.691746,0.356995209458,-134.267306,-47.575561,-43.873495
1048576,1048640,2097280,0.106,222311,32,80,13108,56,61,88.177769,0.356995209458,-136.504804,-48.327035,-43.809108
1048576,1048640,2097280,0.106,222311,32,80,13108,56,62,89.663793,0.356995209458,-138.742260,-49.078468,-43.772179
1048576,1048640,2097280,0.106,222311,32,80,13108,56,63,91.149816,0.356995209458,-140.979669,-49.829854,-43.750682
1048576,1048640,2097280,0.106,222311,32,80,13108,56,64,92.635839,0.356995209458,-143.217026,-50.581187,-43.738061
1048576,1048640,2097280,0.106,222311,32,80,13108,56,65,94.121863,0.356995209458,-145.454324,-51.332461,-43.730615
1048576,1048640,2097280,0.106,222311,32,80,13108,56,66,95.607886,0.356995209458,-147.691555,-52.083669,-43.726209
1048576,1048640,2097280,0.106,222311,32,80,13108,56,67,97.093910,0.356995209458,-149.928710,-52.834801,-43.723598
1048576,1048640,2097280,0.106,222311,32,80,13108,56,68,98.579933,0.356995209458,-152.165781,-53.585848,-43.722049
1048576,1048640,2097280,0.106,222311,32,80,13108,56,69,100.065956,0.356995209458,-154.402757,-54.336801,-43.721129
1048576,1048640,2097280,0.106,222311,32,80,13108,56,70,101.551980,0.356995209458,-156.639626,-55.087646,-43.720583
1048576,1048640,2097280,0.106,222311,32,80,13108,56,71,103.038003,0.356995209458,-158.876374,-55.838371,-43.720259
1048576,1048640,2097280,0.106,222311,32,80,13108,56,72,104.524026,0.356995209458,-161.112986,-56.588960,-43.720066
1048576,1048640,2097280,0.106,222311,32,80,13108,56,73,106.010050,0.356995209458,-163.349447,-57.339397,-43.719951
1048576,1048640,2097280,0.106,222311,32,80,13108,56,74,107.496073,0.356995209458,-165.585736,-58.089663,-43.719883
1048576,1048640,2097280,0.106,222311,32,80,13108,56,75,108.982097,0.356995209458,-167.821833,-58.839737,-43.719842
1048576,1048640,2097280,0.106,222311,32,80,13108,56,76,110.468120,0.356995209458,-170.057715,-59.589595,-43.719818
1048576,1048640,2097280,0.106,222311,32,80,13108,56,77,111.954143,0.356995209458,-172.293355,-60.339212,-43.719804
1048576,1048640,2097280,0.106,222311,32,80,13108,56,78,113.440167,0.356995209458,-174.528724,-61.088557,-43.719795
1048576,1048640,2097280,0.106,222311,32,80,13108,56,79,114.926190,0.356995209458,-176.763788,-61.837598,-43.719790
1048576,1048640,2097280,0.106,222311,32,80,13108,56,80,116.412213,0.356995209458,-178.998512,-62.586299,-43.719787
1048576,1048640,2097280,0.106,222311,32,80,13108,56,81,117.898237,0.356995209458,-181.232855,-63.334618,-43.719786
1048576,1048640,2097280,0.106,222311,32,80,13108,56,82,119.384260,0.356995209458,-183.466772,-64.082512,-43.719784
1048576,1048640,2097280,0.106,222311,32,80,13108,56,83,120.870284,0.356995209458,-185.700212,-64.829929,-43.719784
1048576,1048640,2097280,0.106,222311,32,80,13108,56,84,122.356307,0.356995209458,-187.933121,-65.576814,-43.719783
1048576,1048640,2097280,0.106,222311,32,80,13108,56,85,123.842330,0.356995209458,-190.165436,-66.323105,-43.719783
1048576,1048640,2097280,0.106,222311,32,80,13108,56,86,125.328354,0.356995209458,-192.397090,-67.068736,-43.719783
1048576,1048640,2097280,0.106,222311,32,80,13108,56,87,126.814377,0.356995209458,-194.628006,-67.813629,-43.719783
1048576,1048640,2097280,0.106,222311,32,80,13108,56,88,128.300400,0.356995209458,-196.858104,-68.557704,-43.719783
1048576,1048640,2097280,0.106,222311,32,80,13108,56,89,129.786424,0.356995209458,-199.087293,-69.300869,-43.719783
1048576,1048640,2097280,0.106,222311,32,80,13108,56,90,131.272447,0.356995209458,-201.315473,-70.043026,-43.719783
1048576,1048640,2097280,0.106,222311,32,80,13108,56,91,132.758471,0.356995209458,-203.542536,-70.784065,-43.719783
1048576,1048640,2097280,0.106,222311,32,80,13108,56,92,134.244494,0.356995209458,-205.768365,-71.523871,-43.719783
1048576,1048640,2097280,0.106,222311,32,80,13108,56,93,135.730517,0.356995209458,-207.992832,-72.262315,-43.719783
1048576,1048640,2097280,0.106,222311,32,80,13108,56,94,137.216541,0.356995209458,-210.215800,-72.999260,-43.719783
1048576,1048640,2097280,0.106,222311,32,80,13108,56,95,138.702564,0.356995209458,-212.437121,-73.734557,-43.719783
1048576,1048640,2097280,0.106,222311,32,80,13108,56,96,140.188588,0.356995209458,-214.656639,-74.468051,-43.719783
1048576,1048640,2097280,0.106,222311,32,80,13108,56,97,141.674611,0.356995209458,-216.874183,-75.199572,-43.719783
1048576,1048640,2097280,0.106,222311,32,80,13108,56,98,143.160634,0.356995209458,-219.089579,-75.928945,-43.719783
1048576,1048640,2097280,0.106,222311,32,80,13108,56,99,144.646658,0.356995209458,-221.302639,-76.655982,-43.719783
1048576,1048640,2097280,0.106,222311,32,80,13108,56,100,146.132681,0.356995209458,-223.513174,-77.380493,-43.719783
1048576,1048640,2097280,0.106,222311,32,80,13108,56,101,147.618704,0.356995209458,-225.720982,-78.102277,-43.719783
1048576,1048640,2097280,0.106,222311,32,80,13108,56,102,149.104728,0.356995209458,-227.925862,-78.821135,-43.719783
1048576,1048640,2097280,0.106,222311,32,80,13108,56,103,150.590751,0.356995209458,-230.127608,-79.536857,-43.719783
1048576,1048640,2097280,0.106,222311,32,80,13108,56,104,152.076775,0.356995209458,-232.326017,-80.249243,-43.719783
1048576,1048640,2097280,0.106,222311,32,80,13108,56,105,153.562798,0.356995209458,-234.520892,-80.958094,-43.719783
1048576,1048640,2097280,0.106,222311,32,80,13108,56,106,155.048821,0.356995209458,-236.712034,-81.663213,-43.719783
1048576,1048640,2097280,0.106,222311,32,80,13108,56,107,156.534845,0.356995209458,-238.899265,-82.364420,-43.719783
1048576,1048640,2097280,0.106,222311,32,80,13108,56,108,158.020868,0.356995209458,-241.082416,-83.061548,-43.719783
1048576,1048640,2097280,0.106,222311,32,80,13108,56,109,159.506891,0.356995209458,-243.261334,-83.754443,-43.719783
1048576,1048640,2097280,0.106,222311,32,80,13108,56,110,160.992915,0.356995209458,-245.435890,-84.442975,-43.719783
1048576,1048640,2097280,0.106,222311,32,80,13108,56,111,162.478938,0.356995209458,-247.605979,-85.127041,-43.719783
1048576,1048640,2097280,0.106,222311,32,80,13108,56,112,163.964962,0.356995209458,-249.771519,-85.806557,-43.719783
1048576,1048640,2097280,0.106,222311,32,80,13108,56,113,165.450985,0.356995209458,-251.932459,-86.481474,-43.719783
1048576,1048640,2097280,0.106,222311,32,80,13108,56,114,166.937008,0.356995209458,-254.088781,-87.151772,-43.719783
1048576,1048640,2097280,0.106,222311,32,80,13108,56,115,168.423032,0.356995209458,-256.240489,-87.817457,-43.719783
1048576,1048640,2097280,0.106,222311,32,80,13108,56,116,169.909055,0.356995209458,-258.387626,-88.478571,-43.719783
1048576,1048640,2097280,0.106,222311,32,80,13108,56,117,171.395079,0.356995209458,-260.530262,-89.135184,-43.719783
1048576,1048640,2097280,0.106,222311,32,80,13108,56,118,172.881102,0.356995209458,-262.668490,-89.787389,-43.719783
1048576,1048640,2097280,0.106,222311,32,80,13108,56,119,174.367125,0.356995209458,-264.802434,-90.435309,-43.719783
1048576,1048640,2097280,0.106,222311,32,80,13108,56,120,175.853149,0.356995209458,-266.932240,-91.079091,-43.719783
1048576,1048640,2097280,0.106,222311,32,80,13108,56,121,177.339172,0.356995209458,-269.058068,-91.718896,-43.719783
1048576,1048640,2097280,0.106,222311,32,80,13108,56,122,178.825195,0.356995209458,-271.180098,-92.354903,-43.719783
1048576,1048640,2097280,0.106,222311,32,80,13108,56,123,180.311219,0.356995209458,-273.298525,-92.987306,-43.719783
1048576,1048640,2097280,0.106,222311,32,80,13108,56,124,181.797242,0.356995209458,-275.413544,-93.616302,-43.719783
1048576,1048640,2097280,0.106,222311,32,80,13108,56,125,183.283266,0.356995209458,-277.525364,-94.242098,-43.719783
1048576,1048640,2097280,0.106,222311,32,80,13108,56,126,184.769289,0.356995209458,-279.634192,-94.864903,-43.719783
1048576,1048640,2097280,0.106,222311,32,80,13108,56,127,186.255312,0.356995209458,-281.740235,-95.484922,-43.719783
1048576,1048640,2097280,0.106,222311,32,80,13108,56,128,187.741336,0.356995209458,-283.843696,-96.102360,-43.719783
1048576,1048640,2097280,0.106,222311,32,80,13108,56,129,189.227359,0.356995209458,-285.944776,-96.717417,-43.719783
1048576,1048640,2097280,0.106,222311,32,80,13108,56,130,190.713382,0.356995209458,-288.043665,-97.330282,-43.719783
1048576,1048640,2097280,0.106,222311,32,80,13108,56,131,192.199406,0.356995209458,-290.140548,-97.941143,-43.719783
1048576,1048640,2097280,0.106,222311,32,80,13108,56,132,193.685429,0.356995209458,-292.235603,-98.550173,-43.719783
1048576,1048640,2097280,0.106,222311,32,80,13108,56,133,195.171453,0.356995209458,-294.328991,-99.157538,-43.719783
1048576,1048640,2097280,0.106,222311,32,80,13108,56,134,196.657476,0.356995209458,-296.420869,-99.763393,-43.719783
1048576,1048640,2097280,0.106,222311,32,80,13108,56,135,198.143499,0.356995209458,-298.511384,-100.367885,-43.719783
1048576,1048640,2097280,0.106,222311,32,80,13108,56,136,199.629523,0.356995209458,-300.600669,-100.971146,-43.719783
1048576,1048640,2097280,0.106,222311,32,80,13108,56,137,201.115546,0.356995209458,-302.688848,-101.573302,-43.719783
1048576,1048640,2097280,0.106,222311,32,80,13108,56,138,202.601569,0.356995209458,-304.776039,-102.174469,-43.719783
1048576,1048640,2097280,0.106,222311,32,80,13108,56,139,204.087593,0.356995209458,-306.862344,-102.774751,-43.719783
1048576,1048640,2097280,0.106,222311,32,80,13108,56,140,205.573616,0.356995209458,-308.947862,-103.374246,-43.719783
1048576,1048640,2097280,0.106,222311,32,80,13108,56,141,207.059640,0.356995209458,-311.032682,-103.973042,-43.719783
1048576,1048640,2097280,0.106,222311,32,80,13108,56,142,208.545663,0.356995209458,-313.116882,-104.571219,-43.719783
1048576,1048640,2097280,0.106,222311,32,80,13108,56,143,210.031686,0.356995209458,-315.200536,-105.168850,-43.719783
1048576,1048640,2097280,0.106,222311,32,80,13108,56,144,211.517710,0.356995209458,-317.283711,-105.766001,-43.719783
1048576,1048640,2097280,0.106,222311,32,80,13108,56,145,213.003733,0.356995209458,-319.366466,-106.362733,-43.719783
1048576,1048640,2097280,0.106,222311,32,80,13108,56,146,214.489757,0.356995209458,-321.448856,-106.959099,-43.719783
1048576,1048640,2097280,0.106,222311,32,80,13108,56,147,215.975780,0.356995209458,-323.530929,-107.555149,-43.719783
1048576,1048640,2097280,0.106,222311,32,80,13108,56,148,217.461803,0.356995209458,-325.612729,-108.150926,-43.719783
1048576,1048640,2097280,0.106,222311,32,80,13108,56,149,218.947827,0.356995209458,-327.694296,-108.746469,-43.719783
1048576,1048640,2097280,0.106,222311,32,80,13108,56,150,220.433850,0.356995209458,-329.775665,-109.341815,-43.719783
1048576,1048640,2097280,0.106,222311,32,80,13108,56,151,221.919873,0.356995209458,-331.856868,-109.936995,-43.719783
1048576,1048640,2097280,0.106,222311,32,80,13108,56,152,223.405897,0.356995209458,-333.937933,-110.532036,-43.719783
1048576,1048640,2097280,0.106,222311,32,80,13108,56,153,224.891920,0.356995209458,-336.018886,-111.126966,-43.719783
1048576,1048640,2097280,0.106,222311,32,80,13108,56,154,226.377944,0.356995209458,-338.099750,-111.721807,-43.719783
1048576,1048640,2097280,0.106,222311,32,80,13108,56,155,227.863967,0.356995209458,-340.180545,-112.316578,-43.719783
1048576,1048640,2097280,0.106,222311,32,80,13108,56,156,229.349990,0.356995209458,-342.261288,-112.911298,-43.719783
1048576,1048640,2097280,0.106,222311,32,80,13108,56,157,230.836014,0.356995209458,-344.341998,-113.505984,-43.719783
1048576,1048640,2097280,0.106,222311,32,80,13108,56,158,232.322037,0.356995209458,-346.422686,-114.100649,-43.719783
1048576,1048640,2097280,0.106,222311,32,80,13108,56,159,233.808060,0.356995209458,-348.503367,-114.695307,-43.719783
1048576,1048640,2097280,0.106,222311,32,80,13108,56,160,235.294084,0.356995209458,-350.584052,-115.289968,-43.719783
1048576,1048640,2097280,0.106,222311,32,80,13108,57,1,-inf,,-2.237846,-inf,-inf
1048576,1048640,2097280,0.106,222311,32,80,13108,57,2,-inf,,-4.475692,-inf,-inf
1048576,1048640,2097280,0.106,222311,32,80,13108,57,3,-inf,,-6.713537,-inf,-inf
1048576,1048640,2097280,0.106,222311,32,80,13108,57,4,-inf,,-8.951381,-inf,-inf
1048576,1048640,2097280,0.106,222311,32,80,13108,57,5,-inf,,-11.189224,-inf,-inf
1048576,1048640,2097280,0.106,222311,32,80,13108,57,6,-inf,,-13.427067,-inf,-inf
1048576,1048640,2097280,0.106,222311,32,80,13108,57,7,-inf,,-15.664909,-inf,-inf
1048576,1048640,2097280,0.106,222311,32,80,13108,57,8,-inf,,-17.902750,-inf,-inf
1048576,1048640,2097280,0.106,222311,32,80,13108,57,9,-inf,,-20.140591,-inf,-inf
1048576,1048640,2097280,0.106,222311,32,80,13108,57,10,-inf,,-22.378431,-inf,-inf
1048576,1048640,2097280,0.106,222311,32,80,13108,57,11,-inf,,-24.616270,-inf,-inf
1048576,1048640,2097280,0.106,222311,32,80,13108,57,12,-inf,,-26.854108,-inf,-inf
1048576,1048640,2097280,0.106,222311,32,80,13108,57,13,-inf,,-29.091945,-inf,-inf
1048576,1048640,2097280,0.106,222311,32,80,13108,57,14,-inf,,-31.329782,-inf,-inf
1048576,1048640,2097280,0.106,222311,32,80,13108,57,15,-inf,,-33.567618,-inf,-inf
1048576,1048640,2097280,0.106,222311,32,80,13108,57,16,-inf,,-35.805453,-inf,-inf
1048576,1048640,2097280,0.106,222311,32,80,13108,57,17,-inf,,-38.043288,-inf,-inf
1048576,1048640,2097280,0.106,222311,32,80,13108,57,18,-inf,,-40.281121,-inf,-inf
1048576,1048640,2097280,0.106,222311,32,80,13108,57,19,-inf,,-42.518954,-inf,-inf
1048576,1048640,2097280,0.106,222311,32,80,13108,57,20,-inf,,-44.756786,-inf,-inf
1048576,1048640,2097280,0.106,222311,32,80,13108,57,21,-inf,,-46.994617,-inf,-inf
1048576,1048640,2097280,0.106,222311,32,80,13108,57,22,-inf,,-49.232447,-inf,-inf
1048576,1048640,2097280,0.106,222311,32,80,13108,57,23,-inf,,-51.470276,-inf,-inf
1048576,1048640,2097280,0.106,222311,32,80,13108,57,24,-inf,,-53.708104,-inf,-inf
1048576,1048640,2097280,0.106,222311,32,80,13108,57,25,-inf,,-55.945932,-inf,-inf
1048576,1048640,2097280,0.106,222311,32,80,13108,57,26,-inf,,-58.183758,-inf,-inf
1048576,1048640,2097280,0.106,222311,32,80,13108,57,27,-inf,,-60.421583,-inf,-inf
1048576,1048640,2097280,0.106,222311,32,80,13108,57,28,-inf,,-62.659406,-inf,-inf
1048576,1048640,2097280,0.106,222311,32,80,13108,57,29,-inf,,-64.897229,-inf,-inf
1048576,1048640,2097280,0.106,222311,32,80,13108,57,30,-inf,,-67.135050,-inf,-inf
1048576,1048640,2097280,0.106,222311,32,80,13108,57,31,-inf,,-69.372869,-inf,-inf
1048576,1048640,2097280,0.106,222311,32,80,13108,57,32,-inf,,-71.610687,-inf,-inf
1048576,1048640,2097280,0.106,222311,32,80,13108,57,33,-inf,,-73.848504,-inf,-inf
1048576,1048640,2097280,0.106,222311,32,80,13108,57,34,-inf,,-76.086318,-inf,-inf
1048576,1048640,2097280,0.106,222311,32,80,13108,57,35,-inf,,-78.324131,-inf,-inf
1048576,1048640,2097280,0.106,222311,32,80,13108,57,36,-inf,,-80.561941,-inf,-inf
1048576,1048640,2097280,0.106,222311,32,80,13108,57,37,-inf,,-82.799749,-inf,-inf
1048576,1048640,2097280,0.106,222311,32,80,13108,57,38,-inf,,-85.037554,-inf,-inf
1048576,1048640,2097280,0.106,222311,32,80,13108,57,39,-inf,,-87.275356,-inf,-inf
1048576,1048640,2097280,0.106,222311,32,80,13108,57,40,-inf,,-89.513155,-inf,-inf
1048576,1048640,2097280,0.106,222311,32,80,13108,57,41,-inf,,-91.750951,-inf,-inf
1048576,1048640,2097280,0.106,222311,32,80,13108,57,42,-inf,,-93.988742,-inf,-inf
1048576,1048640,2097280,0.106,222311,32,80,13108,57,43,-inf,,-96.226529,-inf,-inf
1048576,1048640,2097280,0.106,222311,32,80,13108,57,44,-inf,,-98.464311,-inf,-inf
1048576,1048640,2097280,0.106,222311,32,80,13108,57,45,-inf,,-100.702087,-inf,-inf
1048576,1048640,2097280,0.106,222311,32,80,13108,57,46,-inf,,-102.939857,-inf,-inf
1048576,1048640,2097280,0.106,222311,32,80,13108,57,47,-inf,,-105.177620,-inf,-inf
1048576,1048640,2097280,0.106,222311,32,80,13108,57,48,-inf,,-107.415376,-inf,-inf
1048576,1048640,2097280,0.106,222311,32,80,13108,57,49,-inf,,-109.653122,-inf,-inf
1048576,1048640,2097280,0.106,222311,32,80,13108,57,50,-inf,,-111.890859,-inf,-inf
1048576,1048640,2097280,0.106,222311,32,80,13108,57,51,-inf,,-114.128584,-inf,-inf
1048576,1048640,2097280,0.106,222311,32,80,13108,57,52,-inf,,-116.366297,-inf,-inf
1048576,1048640,2097280,0.106,222311,32,80,13108,57,53,-inf,,-118.603995,-inf,-inf
1048576,1048640,2097280,0.106,222311,32,80,13108,57,54,-inf,,-120.841678,-inf,-inf
1048576,1048640,2097280,0.106,222311,32,80,13108,57,55,-inf,,-123.079343,-inf,-inf
1048576,1048640,2097280,0.106,222311,32,80,13108,57,56,-inf,,-125.316987,-inf,-inf
1048576,1048640,2097280,0.106,222311,32,80,13108,57,57,80.229916,0.236538124161,-127.554609,-47.324693,-47.324693
1048576,1048640,2097280,0.106,222311,32,80,13108,57,58,82.309771,0.236538124161,-129.792205,-47.482434,-46.401409
1048576,1048640,2097280,0.106,222311,32,80,13108,57,59,84.389627,0.236538124161,-132.029772,-47.640145,-45.891719
1048576,1048640,2097280,0.106,222311,32,80,13108,57,60,85.969938,0.356995209458,-134.267306,-48.297368,-45.642305
1048576,1048640,2097280,0.106,222311,32,80,13108,57,61,87.455962,0.356995209458,-136.504804,-49.048842,-45.512292
1048576,1048640,2097280,0.106,222311,32,80,13108,57,62,88.941985,0.356995209458,-138.742260,-49.800275,-45.440268
1048576,1048640,2097280,0.106,222311,32,80,13108,57,63,90.428008,0.356995209458,-140.979669,-50.551661,-45.399126
1048576,1048640,2097280,0.106,222311,32,80,13108,57,64,91.914032,0.356995209458,-143.217026,-51.302995,-45.375230
1048576,1048640,2097280,0.106,222311,32,80,13108,57,65,93.400055,0.356995209458,-145.454324,-52.054269,-45.361218
1048576,1048640,2097280,0.106,222311,32,80,13108,57,66,94.886078,0.356995209458,-147.691555,-52.805476,-45.352958
1048576,1048640,2097280,0.106,222311,32,80,13108,57,67,96.372102,0.356995209458,-149.928710,-53.556608,-45.348073
1048576,1048640,2097280,0.106,222311,32,80,13108,57,68,97.858125,0.356995209458,-152.165781,-54.307656,-45.345178
1048576,1048640,2097280,0.106,222311,32,80,13108,57,69,99.344149,0.356995209458,-154.402757,-55.058608,-45.343461
1048576,1048640,2097280,0.106,222311,32,80,13108,57,70,100.830172,0.356995209458,-156.639626,-55.809454,-45.342441
1048576,1048640,2097280,0.106,222311,32,80,13108,57,71,102.316195,0.356995209458,-158.876374,-56.560178,-45.341835
1048576,1048640,2097280,0.106,222311,32,80,13108,57,72,103.802219,0.356995209458,-161.112986,-57.310768,-45.341476
1048576,1048640,2097280,0.106,222311,32,80,13108,57,73,105.288242,0.356995209458,-163.349447,-58.061205,-45.341262
1048576,1048640,2097280,0.106,222311,32,80,13108,57,74,106.774265,0.356995209458,-165.585736,-58.811471,-45.341135
1048576,1048640,2097280,0.106,222311,32,80,13108,57,75,108.260289,0.356995209458,-167.821833,-59.561544,-45.341059
1048576,1048640,2097280,0.106,222311,32,80,13108,57,76,109.746312,0.356995209458,-170.057715,-60.311403,-45.341014
1048576,1048640,2097280,0.106,222311,32,80,13108,57,77,111.232336,0.356995209458,-172.293355,-61.061019,-45.340987
1048576,1048640,2097280,0.106,222311,32,80,13108,57,78,112.718359,0.356995209458,-174.528724,-61.810365,-45.340971
1048576,1048640,2097280,0.106,222311,32,80,13108,57,79,114.204382,0.356995209458,-176.763788,-62.559406,-45.340962
1048576,1048640,2097280,0.106,222311,32,80,13108,57,80,115.690406,0.356995209458,-178.998512,-63.308107,-45.340956
1048576,1048640,2097280,0.106,222311,32,80,13108,57,81,117.176429,0.356995209458,-181.232855,-64.056426,-45.340953
1048576,1048640,2097280,0.106,222311,32,80,13108,57,82,118.662453,0.356995209458,-183.466772,-64.804320,-45.340951
1048576,1048640,2097280,0.106,222311,32,80,13108,57,83,120.148476,0.356995209458,-185.700212,-65.551737,-45.340950
1048576,1048640,2097280,0.106,222311,32,80,13108,57,84,121.634499,0.356995209458,-187.933121,-66.298622,-45.340949
1048576,1048640,2097280,0.106,222311,32,80,13108,57,85,123.120523,0.356995209458,-190.165436,-67.044913,-45.340949
1048576,1048640,2097280,0.106,222311,32,80,13108,57,86,124.606546,0.356995209458,-192.397090,-67.790543,-45.340948
1048576,1048640,2097280,0.106,222311,32,80,13108,57,87,126.092569,0.356995209458,-194.628006,-68.535437,-45.340948
1048576,1048640,2097280,0.106,222311,32,80,13108,57,88,127.578593,0.356995209458,-196.858104,-69.279512,-45.340948
1048576,1048640,2097280,0.106,222311,32,80,13108,57,89,129.064616,0.356995209458,-199.087293,-70.022676,-45.340948
1048576,1048640,2097280,0.106,222311,32,80,13108,57,90,130.550640,0.356995209458,-201.315473,-70.764833,-45.340948
1048576,1048640,2097280,0.106,222311,32,80,13108,57,91,132.036663,0.356995209458,-203.542536,-71.505873,-45.340948
1048576,1048640,2097280,0.106,222311,32,80,13108,57,92,133.522686,0.356995209458,-205.768365,-72.245679,-45.340948
1048576,1048640,2097280,0.106,222311,32,80,13108,57,93,135.008710,0.356995209458,-207.992832,-72.984122,-45.340948
1048576,1048640,2097280,0.106,222311,32,80,13108,57,94,136.494733,0.356995209458,-210.215800,-73.721067,-45.340948
1048576,1048640,2097280,0.106,222311,32,80,13108,57,95,137.980756,0.356995209458,-212.437121,-74.456365,-45.340948
1048576,1048640,2097280,0.106,222311,32,80,13108,57,96,139.466780,0.356995209458,-214.656639,-75.189859,-45.340948
1048576,1048640,2097280,0.106,222311,32,80,13108,57,97,140.952803,0.356995209458,-216.874183,-75.921379,-45.340948
1048576,1048640,2097280,0.106,222311,32,80,13108,57,98,142.438827,0.356995209458,-219.089579,-76.650752,-45.340948
1048576,1048640,2097280,0.106,222311,32,80,13108,57,99,143.924850,0.356995209458,-221.302639,-77.377789,-45.340948
1048576,1048640,2097280,0.106,222311,32,80,13108,57,100,145.410873,0.356995209458,-223.513174,-78.102301,-45.340948
1048576,1048640,2097280,0.106,222311,32,80,13108,57,101,146.896897,0.356995209458,-225.720982,-78.824085,-45.340948
1048576,1048640,2097280,0.106,222311,32,80,13108,57,102,148.382920,0.356995209458,-227.925862,-79.542942,-45.340948
1048576,1048640,2097280,0.106,222311,32,80,13108,57,103,149.868943,0.356995209458,-230.127608,-80.258665,-45.340948
1048576,1048640,2097280,0.106,222311,32,80,13108,57,104,151.354967,0.356995209458,-232.326017,-80.971051,-45.340948
1048576,1048640,2097280,0.106,222311,32,80,13108,57,105,152.840990,0.356995209458,-234.520892,-81.679901,-45.340948
1048576,1048640,2097280,0.106,222311,32,80,13108,57,106,154.327014,0.356995209458,-236.712034,-82.385021,-45.340948
1048576,1048640,2097280,0.106,222311,32,80,13108,57,107,155.813037,0.356995209458,-238.899265,-83.086228,-45.340948
1048576,1048640,2097280,0.106,222311,32,80,13108,57,108,157.299060,0.356995209458,-241.082416,-83.783356,-45.340948
1048576,1048640,2097280,0.106,222311,32,80,13108,57,109,158.785084,0.356995209458,-243.261334,-84.476250,-45.340948
1048576,1048640,2097280,0.106,222311,32,80,13108,57,110,160.271107,0.356995209458,-245.435890,-85.164783,-45.340948
1048576,1048640,2097280,0.106,222311,32,80,13108,57,111,161.757131,0.356995209458,-247.605979,-85.848849,-45.340948
1048576,1048640,2097280,0.106,222311,32,80,13108,57,112,163.243154,0.356995209458,-249.771519,-86.528365,-45.340948
1048576,1048640,2097280,0.106,222311,32,80,13108,57,113,164.729177,0.356995209458,-251.932459,-87.203282,-45.340948
1048576,1048640,2097280,0.106,222311,32,80,13108,57,114,166.215201,0.356995209458,-254.088781,-87.873580,-45.340948
1048576,1048640,2097280,0.106,222311,32,80,13108,57,115,167.701224,0.356995209458,-256.240489,-88.539265,-45.340948
1048576,1048640,2097280,0.106,222311,32,80,13108,57,116,169.187247,0.356995209458,-258.387626,-89.200379,-45.340948
1048576,1048640,2097280,0.106,222311,32,80,13108,57,117,170.673271,0.356995209458,-260.530262,-89.856991,-45.340948
1048576,1048640,2097280,0.106,222311,32,80,13108,57,118,172.159294,0.356995209458,-262.668490,-90.509196,-45.340948
1048576,1048640,2097280,0.106,222311,32,80,13108,57,119,173.645318,0.356995209458,-264.802434,-91.157117,-45.340948
1048576,1048640,2097280,0.106,222311,32,80,13108,57,120,175.131341,0.356995209458,-266.932240,-91.800899,-45.340948
1048576,1048640,2097280,0.106,222311,32,80,13108,57,121,176.617364,0.356995209458,-269.058068,-92.440703,-45.340948
1048576,1048640,2097280,0.106,222311,32,80,13108,57,122,178.103388,0.356995209458,-271.180098,-93.076711,-45.340948
1048576,1048640,2097280,0.106,222311,32,80,13108,57,123,179.589411,0.356995209458,-273.298525,-93.709114,-45.340948
1048576,1048640,2097280,0.106,222311,32,80,13108,57,124,181.075434,0.356995209458,-275.413544,-94.338110,-45.340948
1048576,1048640,2097280,0.106,222311,32,80,13108,57,125,182.561458,0.356995209458,-277.525364,-94.963906,-45.340948
1048576,1048640,2097280,0.106,222311,32,80,13108,57,126,184.047481,0.356995209458,-279.634192,-95.586711,-45.340948
1048576,1048640,2097280,0.106,222311,32,80,13108,57,127,185.533505,0.356995209458,-281.740235,-96.206730,-45.340948
1048576,1048640,2097280,0.106,222311,32,80,13108,57,128,187.019528,0.356995209458,-283.843696,-96.824168,-45.340948
1048576,1048640,2097280,0.106,222311,32,80,13108,57,129,188.505551,0.356995209458,-285.944776,-97.439224,-45.340948
1048576,1048640,2097280,0.106,222311,32,80,13108,57,130,189.991575,0.356995209458,-288.043665,-98.052090,-45.340948
1048576,1048640,2097280,0.106,222311,32,80,13108,57,131,191.477598,0.356995209458,-290.140548,-98.662950,-45.340948
1048576,1048640,2097280,0.106,222311,32,80,13108,57,132,192.963622,0.356995209458,-292.235603,-99.271981,-45.340948
1048576,1048640,2097280,0.106,222311,32,80,13108,57,133,194.449645,0.356995209458,-294.328991,-99.879346,-45.340948
1048576,1048640,2097280,0.106,222311,32,80,13108,57,134,195.935668,0.356995209458,-296.420869,-100.485201,-45.340948
1048576,1048640,2097280,0.106,222311,32,80,13108,57,135,197.421692,0.356995209458,-298.511384,-101.089693,-45.340948
1048576,1048640,2097280,0.106,222311,32,80,13108,57,136,198.907715,0.356995209458,-300.600669,-101.692954,-45.340948
1048576,1048640,2097280,0.106,222311,32,80,13108,57,137,200.393738,0.356995209458,-302.688848,-102.295110,-45.340948
1048576,1048640,2097280,0.106,222311,32,80,13108,57,138,201.879762,0.356995209458,-304.776039,-102.896277,-45.340948
1048576,1048640,2097280,0.106,222311,32,80,13108,57,139,203.365785,0.356995209458,-306.862344,-103.496559,-45.340948
1048576,1048640,2097280,0.106,222311,32,80,13108,57,140,204.851809,0.356995209458,-308.947862,-104.096054,-45.340948
1048576,1048640,2097280,0.106,222311,32,80,13108,57,141,206.337832,0.356995209458,-311.032682,-104.694850,-45.340948
1048576,1048640,2097280,0.106,222311,32,80,13108,57,142,207.823855,0.356995209458,-313.116882,-105.293026,-45.340948
1048576,1048640,2097280,0.106,222311,32,80,13108,57,143,209.309879,0.356995209458,-315.200536,-105.890657,-45.340948
1048576,1048640,2097280,0.106,222311,32,80,13108,57,144,210.795902,0.356995209458,-317.283711,-106.487809,-45.340948
1048576,1048640,2097280,0.106,222311,32,80,13108,57,145,212.281925,0.356995209458,-319.366466,-107.084541,-45.340948
1048576,1048640,2097280,0.106,222311,32,80,13108,57,146,213.767949,0.356995209458,-321.448856,-107.680907,-45.340948
1048576,1048640,2097280,0.106,222311,32,80,13108,57,147,215.253972,0.356995209458,-323.530929,-108.276957,-45.340948
1048576,1048640,2097280,0.106,222311,32,80,13108,57,148,216.739996,0.356995209458,-325.612729,-108.872734,-45.340948
1048576,1048640,2097280,0.106,222311,32,80,13108,57,149,218.226019,0.356995209458,-327.694296,-109.468277,-45.340948
1048576,1048640,2097280,0.106,222311,32,80,13108,57,150,219.712042,0.356995209458,-329.775665,-110.063623,-45.340948
1048576,1048640,2097280,0.106,222311,32,80,13108,57,151,221.198066,0.356995209458,-331.856868,-110.658802,-45.340948
1048576,1048640,2097280,0.106,222311,32,80,13108,57,152,222.684089,0.356995209458,-333.937933,-111.253844,-45.340948
1048576,1048640,2097280,0.106,222311,32,80,13108,57,153,224.170112,0.356995209458,-336.018886,-111.848774,-45.340948
1048576,1048640,2097280,0.106,222311,32,80,13108,57,154,225.656136,0.356995209458,-338.099750,-112.443614,-45.340948
1048576,1048640,2097280,0.106,222311,32,80,13108,57,155,227.142159,0.356995209458,-340.180545,-113.038385,-45.340948
1048576,1048640,2097280,0.106,222311,32,80,13108,57,156,228.628183,0.356995209458,-342.261288,-113.633106,-45.340948
1048576,1048640,2097280,0.106,222311,32,80,13108,57,157,230.114206,0.356995209458,-344.341998,-114.227792,-45.340948
1048576,1048640,2097280,0.106,222311,32,80,13108,57,158,231.600229,0.356995209458,-346.422686,-114.822457,-45.340948
1048576,1048640,2097280,0.106,222311,32,80,13108,57,159,233.086253,0.356995209458,-348.503367,-115.417114,-45.340948
1048576,1048640,2097280,0.106,222311,32,80,13108,57,160,234.572276,0.356995209458,-350.584052,-116.011776,-45.340948
1048576,1048640,2097280,0.106,222311,32,80,13108,58,1,-inf,,-2.237846,-inf,-inf
1048576,1048640,2097280,0.106,222311,32,80,13108,58,2,-inf,,-4.475692,-inf,-inf
1048576,1048640,2097280,0.106,222311,32,80,13108,58,3,-inf,,-6.713537,-inf,-inf
1048576,1048640,2097280,0.106,222311,32,80,13108,58,4,-inf,,-8.951381,-inf,-inf
1048576,1048640,2097280,0.106,222311,32,80,13108,58,5,-inf,,-11.189224,-inf,-inf
1048576,1048640,2097280,0.106,222311,32,80,13108,58,6,-inf,,-13.427067,-inf,-inf
1048576,1048640,2097280,0.106,222311,32,80,13108,58,7,-inf,,-15.664909,-inf,-inf
1048576,1048640,2097280,0.106,222311,32,80,13108,58,8,-inf,,-17.902750,-inf,-inf
1048576,1048640,2097280,0.106,222311,32,80,13108,58,9,-inf,,-20.140591,-inf,-inf
1048576,1048640,2097280,0.106,222311,32,80,13108,58,10,-inf,,-22.378431,-inf,-inf
1048576,1048640,2097280,0.106,222311,32,80,13108,58,11,-inf,,-24.616270,-inf,-inf
1048576,1048640,2097280,0.106,222311,32,80,13108,58,12,-inf,,-26.854108,-inf,-inf
1048576,1048640,2097280,0.106,222311,32,80,13108,58,13,-inf,,-29.091945,-inf,-inf
1048576,1048640,2097280,0.106,222311,32,80,13108,58,14,-inf,,-31.329782,-inf,-inf
1048576,1048640,2097280,0.106,222311,32,80,13108,58,15,-inf,,-33.567618,-inf,-inf
1048576,1048640,2097280,0.106,222311,32,80,13108,58,16,-inf,,-35.805453,-inf,-inf
1048576,1048640,2097280,0.106,222311,32,80,13108,58,17,-inf,,-38.043288,-inf,-inf
1048576,1048640,2097280,0.106,222311,32,80,13108,58,18,-inf,,-40.281121,-inf,-inf
1048576,1048640,2097280,0.106,222311,32,80,13108,58,19,-inf,,-42.518954,-inf,-inf
1048576,1048640,2097280,0.106,222311,32,80,13108,58,20,-inf,,-44.756786,-inf,-inf
1048576,1048640,2097280,0.106,222311,32,80,13108,58,21,-inf,,-46.994617,-inf,-inf
1048576,1048640,2097280,0.106,222311,32,80,13108,58,22,-inf,,-49.232447,-inf,-inf
1048576,1048640,2097280,0.106,222311,32,80,13108,58,23,-inf,,-51.470276,-inf,-inf
1048576,1048640,2097280,0.106,222311,32,80,13108,58,24,-inf,,-53.708104,-inf,-inf
1048576,1048640,2097280,0.106,222311,32,80,13108,58,25,-inf,,-55.945932,-inf,-inf
1048576,1048640,2097280,0.106,222311,32,80,13108,58,26,-inf,,-58.183758,-inf,-inf
1048576,1048640,2097280,0.106,222311,32,80,13108,58,27,-inf,,-60.421583,-inf,-inf
1048576,1048640,2097280,0.106,222311,32,80,13108,58,28,-inf,,-62.659406,-inf,-inf
1048576,1048640,2097280,0.106,222311,32,80,13108,58,29,-inf,,-64.897229,-inf,-inf
1048576,1048640,2097280,0.106,222311,32,80,13108,58,30,-inf,,-67.135050,-inf,-inf
1048576,1048640,2097280,0.106,222311,32,80,13108,58,31,-inf,,-69.372869,-inf,-inf
1048576,1048640,2097280,0.106,222311,32,80,13108,58,32,-inf,,-71.610687,-inf,-inf
1048576,1048640,2097280,0.106,222311,32,80,13108,58,33,-inf,,-73.848504,-inf,-inf
1048576,1048640,2097280,0.106,222311,32,80,13108,58,34,-inf,,-76.086318,-inf,-inf
1048576,1048640,2097280,0.106,222311,32,80,13108,58,35,-inf,,-78.324131,-inf,-inf
1048576,1048640,2097280,0.106,222311,32,80,13108,58,36,-inf,,-80.561941,-inf,-inf
1048576,1048640,2097280,0.106,222311,32,80,13108,58,37,-inf,,-82.799749,-inf,-inf
1048576,1048640,2097280,0.106,222311,32,80,13108,58,38,-inf,,-85.037554,-inf,-inf
1048576,1048640,2097280,0.106,222311,32,80,13108,58,39,-inf,,-87.275356,-inf,-inf
1048576,1048640,2097280,0.106,222311,32,80,13108,58,40,-inf,,-89.513155,-inf,-inf
1048576,1048640,2097280,0.106,222311,32,80,13108,58,41,-inf,,-91.750951,-inf,-inf
1048576,1048640,2097280,0.106,222311,32,80,13108,58,42,-inf,,-93.988742,-inf,-inf
1048576,1048640,2097280,0.106,222311,32,80,13108,58,43,-inf,,-96.226529,-inf,-inf
1048576,1048640,2097280,0.106,222311,32,80,13108,58,44,-inf,,-98.464311,-inf,-inf
1048576,1048640,2097280,0.106,222311,32,80,13108,58,45,-inf,,-100.702087,-inf,-inf
1048576,1048640,2097280,0.106,222311,32,80,13108,58,46,-inf,,-102.939857,-inf,-inf
1048576,1048640,2097280,0.106,222311,32,80,13108,58,47,-inf,,-105.177620,-inf,-inf
1048576,1048640,2097280,0.106,222311,32,80,13108,58,48,-inf,,-107.415376,-inf,-inf
1048576,1048640,2097280,0.106,222311,32,80,13108,58,49,-inf,,-109.653122,-inf,-inf
1048576,1048640,2097280,0.106,222311,32,80,13108,58,50,-inf,,-111.890859,-inf,-inf
1048576,1048640,2097280,0.106,222311,32,80,13108,58,51,-inf,,-114.128584,-inf,-inf
1048576,1048640,2097280,0.106,222311,32,80,13108,58,52,-inf,,-116.366297,-inf,-inf
1048576,1048640,2097280,0.106,222311,32,80,13108,58,53,-inf,,-118.603995,-inf,-inf
1048576,1048640,2097280,0.106,222311,32,80,13108,58,54,-inf,,-120.841678,-inf,-inf
1048576,1048640,2097280,0.106,222311,32,80,13108,58,55,-inf,,-123.079343,-inf,-inf
1048576,1048640,2097280,0.106,222311,32,80,13108,58,56,-inf,,-125.316987,-inf,-inf
1048576,1048640,2097280,0.106,222311,32,80,13108,58,57,-inf,,-127.554609,-inf,-inf
1048576,1048640,2097280,0.106,222311,32,80,13108,58,58,81.754490,0.262175109676,-129.792205,-48.037715,-48.037715
1048576,1048640,2097280,0.106,222311,32,80,13108,58,59,83.659715,0.290590738289,-132.029772,-48.370057,-47.194337
1048576,1048640,2097280,0.106,222311,32,80,13108,58,60,85.228821,0.356995209458,-134.267306,-49.038486,-46.839863
1048576,1048640,2097280,0.106,222311,32,80,13108,58,61,86.714844,0.356995209458,-136.504804,-49.789960,-46.664307
1048576,1048640,2097280,0.106,222311,32,80,13108,58,62,88.200868,0.356995209458,-138.742260,-50.541393,-46.569317
1048576,1048640,2097280,0.106,222311,32,80,13108,58,63,89.686891,0.356995209458,-140.979669,-51.292778,-46.515715
1048576,1048640,2097280,0.106,222311,32,80,13108,58,64,91.172914,0.356995209458,-143.217026,-52.044112,-46.484791
1048576,1048640,2097280,0.106,222311,32,80,13108,58,65,92.658938,0.356995209458,-145.454324,-52.795386,-46.466728
1048576,1048640,2097280,0.106,222311,32,80,13108,58,66,94.144961,0.356995209458,-147.691555,-53.546594,-46.456104
1048576,1048640,2097280,0.106,222311,32,80,13108,58,67,95.630985,0.356995209458,-149.928710,-54.297726,-46.449828
1048576,1048640,2097280,0.106,222311,32,80,13108,58,68,97.117008,0.356995209458,-152.165781,-55.048773,-46.446112
1048576,1048640,2097280,0.106,222311,32,80,13108,58,69,98.603031,0.356995209458,-154.402757,-55.799726,-46.443908
1048576,1048640,2097280,0.106,222311,32,80,13108,58,70,100.089055,0.356995209458,-156.639626,-56.550571,-46.442600
1048576,1048640,2097280,0.106,222311,32,80,13108,58,71,101.575078,0.356995209458,-158.876374,-57.301296,-46.441824
1048576,1048640,2097280,0.106,222311,32,80,13108,58,72,103.061101,0.356995209458,-161.112986,-58.051885,-46.441362
1048576,1048640,2097280,0.106,222311,32,80,13108,58,73,104.547125,0.356995209458,-163.349447,-58.802322,-46.441088
1048576,1048640,2097280,0.106,222311,32,80,13108,58,74,106.033148,0.356995209458,-165.585736,-59.552588,-46.440925
1048576,1048640,2097280,0.106,222311,32,80,13108,58,75,107.519172,0.356995209458,-167.821833,-60.302662,-46.440828
1048576,1048640,2097280,0.106,222311,32,80,13108,58,76,109.005195,0.356995209458,-170.057715,-61.052520,-46.440770
1048576,1048640,2097280,0.106,222311,32,80,13108,58,77,110.491218,0.356995209458,-172.293355,-61.802136,-46.440736
1048576,1048640,2097280,0.106,222311,32,80,13108,58,78,111.977242,0.356995209458,-174.528724,-62.551482,-46.440716
1048576,1048640,2097280,0.106,222311,32,80,13108,58,79,113.463265,0.356995209458,-176.763788,-63.300523,-46.440704
1048576,1048640,2097280,0.106,222311,32,80,13108,58,80,114.949288,0.356995209458,-178.998512,-64.049224,-46.440696
1048576,1048640,2097280,0.106,222311,32,80,13108,58,81,116.435312,0.356995209458,-181.232855,-64.797543,-46.440692
1048576,1048640,2097280,0.106,222311,32,80,13108,58,82,117.921335,0.356995209458,-183.466772,-65.545437,-46.440690
1048576,1048640,2097280,0.106,222311,32,80,13108,58,83,119.407359,0.356995209458,-185.700212,-66.292854,-46.440688
1048576,1048640,2097280,0.106,222311,32,80,13108,58,84,120.893382,0.356995209458,-187.933121,-67.039739,-46.440687
1048576,1048640,2097280,0.106,222311,32,80,13108,58,85,122.379405,0.356995209458,-190.165436,-67.786030,-46.440687
1048576,1048640,2097280,0.106,222311,32,80,13108,58,86,123.865429,0.356995209458,-192.397090,-68.531661,-46.440686
1048576,1048640,2097280,0.106,222311,32,80,13108,58,87,125.351452,0.356995209458,-194.628006,-69.276554,-46.440686
1048576,1048640,2097280,0.106,222311,32,80,13108,58,88,126.837476,0.356995209458,-196.858104,-70.020629,-46.440686
1048576,1048640,2097280,0.106,222311,32,80,13108,58,89,128.323499,0.356995209458,-199.087293,-70.763794,-46.440686
1048576,1048640,2097280,0.106,222311,32,80,13108,58,90,129.809522,0.356995209458,-201.315473,-71.505951,-46.440686
1048576,1048640,2097280,0.106,222311,32,80,13108,58,91,131.295546,0.356995209458,-203.542536,-72.246990,-46.440686
1048576,1048640,2097280,0.106,222311,32,80,13108,58,92,132.781569,0.356995209458,-205.768365,-72.986796,-46.440686
1048576,1048640,2097280,0.106,222311,32,80,13108,58,93,134.267592,0.356995209458,-207.992832,-73.725240,-46.440686
1048576,1048640,2097280,0.106,222311,32,80,13108,58,94,135.753616,0.356995209458,-210.215800,-74.462185,-46.440686
1048576,1048640,2097280,0.106,222311,32,80,13108,58,95,137.239639,0.356995209458,-212.437121,-75.197482,-46.440686
1048576,1048640,2097280,0.106,222311,32,80,13108,58,96,138.725663,0.356995209458,-214.656639,-75.930976,-46.440686
1048576,1048640,2097280,0.106,222311,32,80,13108,58,97,140.211686,0.356995209458,-216.874183,-76.662497,-46.440686
1048576,1048640,2097280,0.106,222311,32,80,13108,58,98,141.697709,0.356995209458,-219.089579,-77.391870,-46.440686
1048576,1048640,2097280,0.106,222311,32,80,13108,58,99,143.183733,0.356995209458,-221.302639,-78.118907,-46.440686
1048576,1048640,2097280,0.106,222311,32,80,13108,58,100,144.669756,0.356995209458,-223.513174,-78.843418,-46.440686
1048576,1048640,2097280,0.106,222311,32,80,13108,58,101,146.155779,0.356995209458,-225.720982,-79.565202,-46.440686
1048576,1048640,2097280,0.106,222311,32,80,13108,58,102,147.641803,0.356995209458,-227.925862,-80.284060,-46.440686
1048576,1048640,2097280,0.106,222311,32,80,13108,58,103,149.127826,0.356995209458,-230.127608,-80.999782,-46.440686
1048576,1048640,2097280,0.106,222311,32,80,13108,58,104,150.613850,0.356995209458,-232.326017,-81.712168,-46.440686
1048576,1048640,2097280,0.106,222311,32,80,13108,58,105,152.099873,0.356995209458,-234.520892,-82.421019,-46.440686
1048576,1048640,2097280,0.106,222311,32,80,13108,58,106,153.585896,0.356995209458,-236.712034,-83.126138,-46.440686
1048576,1048640,2097280,0.106,222311,32,80,13108,58,107,155.071920,0.356995209458,-238.899265,-83.827345,-46.440686
1048576,1048640,2097280,0.106,222311,32,80,13108,58,108,156.557943,0.356995209458,-241.082416,-84.524473,-46.440686
1048576,1048640,2097280,0.106,222311,32,80,13108,58,109,158.043966,0.356995209458,-243.261334,-85.217368,-46.440686
1048576,1048640,2097280,0.106,222311,32,80,13108,58,110,159.529990,0.356995209458,-245.435890,-85.905900,-46.440686
1048576,1048640,2097280,0.106,222311,32,80,13108,58,111,161.016013,0.356995209458,-247.605979,-86.589966,-46.440686
1048576,1048640,2097280,0.106,222311,32,80,13108,58,112,162.502037,0.356995209458,-249.771519,-87.269482,-46.440686
1048576,1048640,2097280,0.106,222311,32,80,13108,58,113,163.988060,0.356995209458,-251.932459,-87.944399,-46.440686
1048576,1048640,2097280,0.106,222311,32,80,13108,58,114,165.474083,0.356995209458,-254.088781,-88.614697,-46.440686
1048576,1048640,2097280,0.106,222311,32,80,13108,58,115,166.960107,0.356995209458,-256.240489,-89.280382,-46.440686
1048576,1048640,2097280,0.106,222311,32,80,13108,58,116,168.446130,0.356995209458,-258.387626,-89.941496,-46.440686
1048576,1048640,2097280,0.106,222311,32,80,13108,58,117,169.932154,0.356995209458,-260.530262,-90.598109,-46.440686
1048576,1048640,2097280,0.106,222311,32,80,13108,58,118,171.418177,0.356995209458,-262.668490,-91.250314,-46.440686
1048576,1048640,2097280,0.106,222311,32,80,13108,58,119,172.904200,0.356995209458,-264.802434,-91.898234,-46.440686
1048576,1048640,2097280,0.106,222311,32,80,13108,58,120,174.390224,0.356995209458,-266.932240,-92.542016,-46.440686
1048576,1048640,2097280,0.106,222311,32,80,13108,58,121,175.876247,0.356995209458,-269.058068,-93.181821,-46.440686
1048576,1048640,2097280,0.106,222311,32,80,13108,58,122,177.362270,0.356995209458,-271.180098,-93.817828,-46.440686
1048576,1048640,2097280,0.106,222311,32,80,13108,58,123,178.848294,0.356995209458,-273.298525,-94.450231,-46.440686
1048576,1048640,2097280,0.106,222311,32,80,13108,58,124,180.334317,0.356995209458,-275.413544,-95.079227,-46.440686
1048576,1048640,2097280,0.106,222311,32,80,13108,58,125,181.820341,0.356995209458,-277.525364,-95.705023,-46.440686
1048576,1048640,2097280,0.106,222311,32,80,13108,58,126,183.306364,0.356995209458,-279.634192,-96.327828,-46.440686
1048576,1048640,2097280,0.106,222311,32,80,13108,58,127,184.792387,0.356995209458,-281.740235,-96.947847,-46.440686
1048576,1048640,2097280,0.106,222311,32,80,13108,58,128,186.278411,0.356995209458,-283.843696,-97.565285,-46.440686
1048576,1048640,2097280,0.106,222311,32,80,13108,58,129,187.764434,0.356995209458,-285.944776,-98.180342,-46.440686
1048576,1048640,2097280,0.106,222311,32,80,13108,58,130,189.250457,0.356995209458,-288.043665,-98.793207,-46.440686
1048576,1048640,2097280,0.106,222311,32,80,13108,58,131,190.736481,0.356995209458,-290.140548,-99.404068,-46.440686
1048576,1048640,2097280,0.106,222311,32,80,13108,58,132,192.222504,0.356995209458,-292.235603,-100.013098,-46.440686
1048576,1048640,2097280,0.106,222311,32,80,13108,58,133,193.708528,0.356995209458,-294.328991,-100.620463,-46.440686
1048576,1048640,2097280,0.106,222311,32,80,13108,58,134,195.194551,0.356995209458,-296.420869,-101.226318,-46.440686
1048576,1048640,2097280,0.106,222311,32,80,13108,58,135,196.680574,0.356995209458,-298.511384,-101.830810,-46.440686
1048576,1048640,2097280,0.106,222311,32,80,13108,58,136,198.166598,0.356995209458,-300.600669,-102.434071,-46.440686
1048576,1048640,2097280,0.106,222311,32,80,13108,58,137,199.652621,0.356995209458,-302.688848,-103.036227,-46.440686
1048576,1048640,2097280,0.106,222311,32,80,13108,58,138,201.138645,0.356995209458,-304.776039,-103.637394,-46.440686
1048576,1048640,2097280,0.106,222311,32,80,13108,58,139,202.624668,0.356995209458,-306.862344,-104.237676,-46.440686
1048576,1048640,2097280,0.106,222311,32,80,13108,58,140,204.110691,0.356995209458,-308.947862,-104.837171,-46.440686
1048576,1048640,2097280,0.106,222311,32,80,13108,58,141,205.596715,0.356995209458,-311.032682,-105.435967,-46.440686
1048576,1048640,2097280,0.106,222311,32,80,13108,58,142,207.082738,0.356995209458,-313.116882,-106.034144,-46.440686
1048576,1048640,2097280,0.106,222311,32,80,13108,58,143,208.568761,0.356995209458,-315.200536,-106.631775,-46.440686
1048576,1048640,2097280,0.106,222311,32,80,13108,58,144,210.054785,0.356995209458,-317.283711,-107.228926,-46.440686
1048576,1048640,2097280,0.106,222311,32,80,13108,58,145,211.540808,0.356995209458,-319.366466,-107.825658,-46.440686
1048576,1048640,2097280,0.106,222311,32,80,13108,58,146,213.026832,0.356995209458,-321.448856,-108.422024,-46.440686
1048576,1048640,2097280,0.106,222311,32,80,13108,58,147,214.512855,0.356995209458,-323.530929,-109.018074,-46.440686
1048576,1048640,2097280,0.106,222311,32,80,13108,58,148,215.998878,0.356995209458,-325.612729,-109.613851,-46.440686
1048576,1048640,2097280,0.106,222311,32,80,13108,58,149,217.484902,0.356995209458,-327.694296,-110.209394,-46.440686
1048576,1048640,2097280,0.106,222311,32,80,13108,58,150,218.970925,0.356995209458,-329.775665,-110.804740,-46.440686
1048576,1048640,2097280,0.106,222311,32,80,13108,58,151,220.456948,0.356995209458,-331.856868,-111.399920,-46.440686
1048576,1048640,2097280,0.106,222311,32,80,13108,58,152,221.942972,0.356995209458,-333.937933,-111.994961,-46.440686
1048576,1048640,2097280,0.106,222311,32,80,13108,58,153,223.428995,0.356995209458,-336.018886,-112.589891,-46.440686
1048576,1048640,2097280,0.106,222311,32,80,13108,58,154,224.915019,0.356995209458,-338.099750,-113.184732,-46.440686
1048576,1048640,2097280,0.106,222311,32,80,13108,58,155,226.401042,0.356995209458,-340.180545,-113.779503,-46.440686
1048576,1048640,2097280,0.106,222311,32,80,13108,58,156,227.887065,0.356995209458,-342.261288,-114.374223,-46.440686
1048576,1048640,2097280,0.106,222311,32,80,13108,58,157,229.373089,0.356995209458,-344.341998,-114.968909,-46.440686
1048576,1048640,2097280,0.106,222311,32,80,13108,58,158,230.859112,0.356995209458,-346.422686,-115.563574,-46.440686
1048576,1048640,2097280,0.106,222311,32,80,13108,58,159,232.345135,0.356995209458,-348.503367,-116.158232,-46.440686
1048576,1048640,2097280,0.106,222311,32,80,13108,58,160,233.831159,0.356995209458,-350.584052,-116.752893,-46.440686
1048576,1048640,2097280,0.106,222311,32,80,13108,59,1,-inf,,-2.237846,-inf,-inf
1048576,1048640,2097280,0.106,222311,32,80,13108,59,2,-inf,,-4.475692,-inf,-inf
1048576,1048640,2097280,0.106,222311,32,80,13108,59,3,-inf,,-6.713537,-inf,-inf
1048576,1048640,2097280,0.106,222311,32,80,13108,59,4,-inf,,-8.951381,-inf,-inf
1048576,1048640,2097280,0.106,222311,32,80,13108,59,5,-inf,,-11.189224,-inf,-inf
1048576,1048640,2097280,0.106,222311,32,80,13108,59,6,-inf,,-13.427067,-inf,-inf
1048576,1048640,2097280,0.106,222311,32,80,13108,59,7,-inf,,-15.664909,-inf,-inf
1048576,1048640,2097280,0.106,222311,32,80,13108,59,8,-inf,,-17.902750,-inf,-inf
1048576,1048640,2097280,0.106,222311,32,80,13108,59,9,-inf,,-20.140591,-inf,-inf
1048576,1048640,2097280,0.106,222311,32,80,13108,59,10,-inf,,-22.378431,-inf,-inf
1048576,1048640,2097280,0.106,222311,32,80,13108,59,11,-inf,,-24.616270,-inf,-inf
1048576,1048640,2097280,0.106,222311,32,80,13108,59,12,-inf,,-26.854108,-inf,-inf
1048576,1048640,2097280,0.106,222311,32,80,13108,59,13,-inf,,-29.091945,-inf,-inf
1048576,1048640,2097280,0.106,222311,32,80,13108,59,14,-inf,,-31.329782,-inf,-inf
1048576,1048640,2097280,0.106,222311,32,80,13108,59,15,-inf,,-33.567618,-inf,-inf
1048576,1048640,2097280,0.106,222311,32,80,13108,59,16,-inf,,-35.805453,-inf,-inf
1048576,1048640,2097280,0.106,222311,32,80,13108,59,17,-inf,,-38.043288,-inf,-inf
1048576,1048640,2097280,0.106,222311,32,80,13108,59,18,-inf,,-40.281121,-inf,-inf
1048576,1048640,2097280,0.106,222311,32,80,13108,59,19,-inf,,-42.518954,-inf,-inf
1048576,1048640,2097280,0.106,222311,32,80,13108,59,20,-inf,,-44.756786,-inf,-inf
1048576,1048640,2097280,0.106,222311,32,80,13108,59,21,-inf,,-46.994617,-inf,-inf
1048576,1048640,2097280,0.106,222311,32,80,13108,59,22,-inf,,-49.232447,-inf,-inf
1048576,1048640,2097280,0.106,222311,32,80,13108,59,23,-inf,,-51.470276,-inf,-inf
1048576,1048640,2097280,0.106,222311,32,80,13108,59,24,-inf,,-53.708104,-inf,-inf
1048576,1048640,2097280,0.106,222311,32,80,13108,59,25,-inf,,-55.945932,-inf,-inf
1048576,1048640,2097280,0.106,222311,32,80,13108,59,26,-inf,,-58.183758,-inf,-inf
1048576,1048640,2097280,0.106,222311,32,80,13108,59,27,-inf,,-60.421583,-inf,-inf
1048576,1048640,2097280,0.106,222311,32,80,13108,59,28,-inf,,-62.659406,-inf,-inf
1048576,1048640,2097280,0.106,222311,32,80,13108,59,29,-inf,,-64.897229,-inf,-inf
1048576,1048640,2097280,0.106,222311,32,80,13108,59,30,-inf,,-67.135050,-inf,-inf
1048576,1048640,2097280,0.106,222311,32,80,13108,59,31,-inf,,-69.372869,-inf,-inf
1048576,1048640,2097280,0.106,222311,32,80,13108,59,32,-inf,,-71.610687,-inf,-inf
1048576,1048640,2097280,0.106,222311,32,80,13108,59,33,-inf,,-73.848504,-inf,-inf
1048576,1048640,2097280,0.106,222311,32,80,13108,59,34,-inf,,-76.086318,-inf,-inf
1048576,1048640,2097280,0.106,222311,32,80,13108,59,35,-inf,,-78.324131,-inf,-inf
1048576,1048640,2097280,0.106,222311,32,80,13108,59,36,-inf,,-80.561941,-inf,-inf
1048576,1048640,2097280,0.106,222311,32,80,13108,59,37,-inf,,-82.799749,-inf,-inf
1048576,1048640,2097280,0.106,222311,32,80,13108,59,38,-inf,,-85.037554,-inf,-inf
1048576,1048640,2097280,0.106,222311,32,80,13108,59,39,-inf,,-87.275356,-inf,-inf
1048576,1048640,2097280,0.106,222311,32,80,13108,59,40,-inf,,-89.513155,-inf,-inf
1048576,1048640,2097280,0.106,222311,32,80,13108,59,41,-inf,,-91.750951,-inf,-inf
1048576,1048640,2097280,0.106,222311,32,80,13108,59,42,-inf,,-93.988742,-inf,-inf
1048576,1048640,2097280,0.106,222311,32,80,13108,59,43,-inf,,-96.226529,-inf,-inf
1048576,1048640,2097280,0.106,222311,32,80,13108,59,44,-inf,,-98.464311,-inf,-inf
1048576,1048640,2097280,0.106,222311,32,80,13108,59,45,-inf,,-100.702087,-inf,-inf
1048576,1048640,2097280,0.106,222311,32,80,13108,59,46,-inf,,-102.939857,-inf,-inf
1048576,1048640,2097280,0.106,222311,32,80,13108,59,47,-inf,,-105.177620,-inf,-inf
1048576,1048640,2097280,0.106,222311,32,80,13108,59,48,-inf,,-107.415376,-inf,-inf
1048576,1048640,2097280,0.106,222311,32,80,13108,59,49,-inf,,-109.653122,-inf,-inf
1048576,1048640,2097280,0.106,222311,32,80,13108,59,50,-inf,,-111.890859,-inf,-inf
1048576,1048640,2097280,0.106,222311,32,80,13108,59,51,-inf,,-114.128584,-inf,-inf
1048576,1048640,2097280,0.106,222311,32,80,13108,59,52,-inf,,-116.366297,-inf,-inf
1048576,1048640,2097280,0.106,222311,32,80,13108,59,53,-inf,,-118.603995,-inf,-inf
1048576,1048640,2097280,0.106,222311,32,80,13108,59,54,-inf,,-120.841678,-inf,-inf
1048576,1048640,2097280,0.106,222311,32,80,13108,59,55,-inf,,-123.079343,-inf,-inf
1048576,1048640,2097280,0.106,222311,32,80,13108,59,56,-inf,,-125.316987,-inf,-inf
1048576,1048640,2097280,0.106,222311,32,80,13108,59,57,-inf,,-127.554609,-inf,-inf
1048576,1048640,2097280,0.106,222311,32,80,13108,59,58,-inf,,-129.792205,-inf,-inf
1048576,1048640,2097280,0.106,222311,32,80,13108,59,59,82.513248,0.262175109676,-132.029772,-49.516524,-49.516524
1048576,1048640,2097280,0.106,222311,32,80,13108,59,60,84.410128,0.322086170895,-134.267306,-49.857179,-48.676820
1048576,1048640,2097280,0.106,222311,32,80,13108,59,61,85.949117,0.356995209458,-136.504804,-50.555687,-48.329838
1048576,1048640,2097280,0.106,222311,32,80,13108,59,62,87.435140,0.356995209458,-138.742260,-51.307120,-48.157371
1048576,1048640,2097280,0.106,222311,32,80,13108,59,63,88.921164,0.356995209458,-140.979669,-52.058506,-48.063901
1048576,1048640,2097280,0.106,222311,32,80,13108,59,64,90.407187,0.356995209458,-143.217026,-52.809839,-48.011113
1048576,1048640,2097280,0.106,222311,32,80,13108,59,65,91.893211,0.356995209458,-145.454324,-53.561113,-47.980644
1048576,1048640,2097280,0.106,222311,32,80,13108,59,66,93.379234,0.356995209458,-147.691555,-54.312321,-47.962842
1048576,1048640,2097280,0.106,222311,32,80,13108,59,67,94.865257,0.356995209458,-149.928710,-55.063453,-47.952368
1048576,1048640,2097280,0.106,222311,32,80,13108,59,68,96.351281,0.356995209458,-152.165781,-55.814501,-47.946181
1048576,1048640,2097280,0.106,222311,32,80,13108,59,69,97.837304,0.356995209458,-154.402757,-56.565453,-47.942517
1048576,1048640,2097280,0.106,222311,32,80,13108,59,70,99.323327,0.356995209458,-156.639626,-57.316298,-47.940344
1048576,1048640,2097280,0.106,222311,32,80,13108,59,71,100.809351,0.356995209458,-158.876374,-58.067023,-47.939054
1048576,1048640,2097280,0.106,222311,32,80,13108,59,72,102.295374,0.356995209458,-161.112986,-58.817612,-47.938288
1048576,1048640,2097280,0.106,222311,32,80,13108,59,73,103.781398,0.356995209458,-163.349447,-59.568049,-47.937833
1048576,1048640,2097280,0.106,222311,32,80,13108,59,74,105.267421,0.356995209458,-165.585736,-60.318315,-47.937562
1048576,1048640,2097280,0.106,222311,32,80,13108,59,75,106.753444,0.356995209458,-167.821833,-61.068389,-47.937401
1048576,1048640,2097280,0.106,222311,32,80,13108,59,76,108.239468,0.356995209458,-170.057715,-61.818247,-47.937306
1048576,1048640,2097280,0.106,222311,32,80,13108,59,77,109.725491,0.356995209458,-172.293355,-62.567864,-47.937249
1048576,1048640,2097280,0.106,222311,32,80,13108,59,78,111.211514,0.356995209458,-174.528724,-63.317209,-47.937215
1048576,1048640,2097280,0.106,222311,32,80,13108,59,79,112.697538,0.356995209458,-176.763788,-64.066250,-47.937195
1048576,1048640,2097280,0.106,222311,32,80,13108,59,80,114.183561,0.356995209458,-178.998512,-64.814951,-47.937183
1048576,1048640,2097280,0.106,222311,32,80,13108,59,81,115.669585,0.356995209458,-181.232855,-65.563271,-47.937176
1048576,1048640,2097280,0.106,222311,32,80,13108,59,82,117.155608,0.356995209458,-183.466772,-66.311164,-47.937171
1048576,1048640,2097280,0.106,222311,32,80,13108,59,83,118.641631,0.356995209458,-185.700212,-67.058581,-47.937169
1048576,1048640,2097280,0.106,222311,32,80,13108,59,84,120.127655,0.356995209458,-187.933121,-67.805466,-47.937167
1048576,1048640,2097280,0.106,222311,32,80,13108,59,85,121.613678,0.356995209458,-190.165436,-68.551758,-47.937166
1048576,1048640,2097280,0.106,222311,32,80,13108,59,86,123.099702,0.356995209458,-192.397090,-69.297388,-47.937166
1048576,1048640,2097280,0.106,222311,32,80,13108,59,87,124.585725,0.356995209458,-194.628006,-70.042281,-47.937166
1048576,1048640,2097280,0.106,222311,32,80,13108,59,88,126.071748,0.356995209458,-196.858104,-70.786356,-47.937165
1048576,1048640,2097280,0.106,222311,32,80,13108,59,89,127.557772,0.356995209458,-199.087293,-71.529521,-47.937165
1048576,1048640,2097280,0.106,222311,32,80,13108,59,90,129.043795,0.356995209458,-201.315473,-72.271678,-47.937165
1048576,1048640,2097280,0.106,222311,32,80,13108,59,91,130.529818,0.356995209458,-203.542536,-73.012717,-47.937165
1048576,1048640,2097280,0.106,222311,32,80,13108,59,92,132.015842,0.356995209458,-205.768365,-73.752523,-47.937165
1048576,1048640,2097280,0.106,222311,32,80,13108,59,93,133.501865,0.356995209458,-207.992832,-74.490967,-47.937165
1048576,1048640,2097280,0.106,222311,32,80,13108,59,94,134.987889,0.356995209458,-210.215800,-75.227912,-47.937165
1048576,1048640,2097280,0.106,222311,32,80,13108,59,95,136.473912,0.356995209458,-212.437121,-75.963209,-47.937165
1048576,1048640,2097280,0.106,222311,32,80,13108,59,96,137.959935,0.356995209458,-214.656639,-76.696703,-47.937165
1048576,1048640,2097280,0.106,222311,32,80,13108,59,97,139.445959,0.356995209458,-216.874183,-77.428224,-47.937165
1048576,1048640,2097280,0.106,222311,32,80,13108,59,98,140.931982,0.356995209458,-219.089579,-78.157597,-47.937165
1048576,1048640,2097280,0.106,222311,32,80,13108,59,99,142.418005,0.356995209458,-221.302639,-78.884634,-47.937165
1048576,1048640,2097280,0.106,222311,32,80,13108,59,100,143.904029,0.356995209458,-223.513174,-79.609145,-47.937165
1048576,1048640,2097280,0.106,222311,32,80,13108,59,101,145.390052,0.356995209458,-225.720982,-80.330929,-47.937165
1048576,1048640,2097280,0.106,222311,32,80,13108,59,102,146.876076,0.356995209458,-227.925862,-81.049787,-47.937165
1048576,1048640,2097280,0.106,222311,32,80,13108,59,103,148.362099,0.356995209458,-230.127608,-81.765509,-47.937165
1048576,1048640,2097280,0.106,222311,32,80,13108,59,104,149.848122,0.356995209458,-232.326017,-82.477895,-47.937165
1048576,1048640,2097280,0.106,222311,32,80,13108,59,105,151.334146,0.356995209458,-234.520892,-83.186746,-47.937165
1048576,1048640,2097280,0.106,222311,32,80,13108,59,106,152.820169,0.356995209458,-236.712034,-83.891865,-47.937165
1048576,1048640,2097280,0.106,222311,32,80,13108,59,107,154.306193,0.356995209458,-238.899265,-84.593072,-47.937165
1048576,1048640,2097280,0.106,222311,32,80,13108,59,108,155.792216,0.356995209458,-241.082416,-85.290200,-47.937165
1048576,1048640,2097280,0.106,222311,32,80,13108,59,109,157.278239,0.356995209458,-243.261334,-85.983095,-47.937165
1048576,1048640,2097280,0.106,222311,32,80,13108,59,110,158.764263,0.356995209458,-245.435890,-86.671627,-47.937165
1048576,1048640,2097280,0.106,222311,32,80,13108,59,111,160.250286,0.356995209458,-247.605979,-87.355693,-47.937165
1048576,1048640,2097280,0.106,222311,32,80,13108,59,112,161.736309,0.356995209458,-249.771519,-88.035209,-47.937165
1048576,1048640,2097280,0.106,222311,32,80,13108,59,113,163.222333,0.356995209458,-251.932459,-88.710126,-47.937165
1048576,1048640,2097280,0.106,222311,32,80,13108,59,114,164.708356,0.356995209458,-254.088781,-89.380424,-47.937165
1048576,1048640,2097280,0.106,222311,32,80,13108,59,115,166.194380,0.356995209458,-256.240489,-90.046110,-47.937165
1048576,1048640,2097280,0.106,222311,32,80,13108,59,116,167.680403,0.356995209458,-258.387626,-90.707223,-47.937165
1048576,1048640,2097280,0.106,222311,32,80,13108,59,117,169.166426,0.356995209458,-260.530262,-91.363836,-47.937165
1048576,1048640,2097280,0.106,222311,32,80,13108,59,118,170.652450,0.356995209458,-262.668490,-92.016041,-47.937165
1048576,1048640,2097280,0.106,222311,32,80,13108,59,119,172.138473,0.356995209458,-264.802434,-92.663961,-47.937165
1048576,1048640,2097280,0.106,222311,32,80,13108,59,120,173.624496,0.356995209458,-266.932240,-93.307744,-47.937165
1048576,1048640,2097280,0.106,222311,32,80,13108,59,121,175.110520,0.356995209458,-269.058068,-93.947548,-47.937165
1048576,1048640,2097280,0.106,222311,32,80,13108,59,122,176.596543,0.356995209458,-271.180098,-94.583555,-47.937165
1048576,1048640,2097280,0.106,222311,32,80,13108,59,123,178.082567,0.356995209458,-273.298525,-95.215958,-47.937165
1048576,1048640,2097280,0.106,222311,32,80,13108,59,124,179.568590,0.356995209458,-275.413544,-95.844954,-47.937165
1048576,1048640,2097280,0.106,222311,32,80,13108,59,125,181.054613,0.356995209458,-277.525364,-96.470751,-47.937165
1048576,1048640,2097280,0.106,222311,32,80,13108,59,126,182.540637,0.356995209458,-279.634192,-97.093556,-47.937165
1048576,1048640,2097280,0.106,222311,32,80,13108,59,127,184.026660,0.356995209458,-281.740235,-97.713574,-47.937165
1048576,1048640,2097280,0.106,222311,32,80,13108,59,128,185.512683,0.356995209458,-283.843696,-98.331012,-47.937165
1048576,1048640,2097280,0.106,222311,32,80,13108,59,129,186.998707,0.356995209458,-285.944776,-98.946069,-47.937165
1048576,1048640,2097280,0.106,222311,32,80,13108,59,130,188.484730,0.356995209458,-288.043665,-99.558935,-47.937165
1048576,1048640,2097280,0.106,222311,32,80,13108,59,131,189.970754,0.356995209458,-290.140548,-100.169795,-47.937165
1048576,1048640,2097280,0.106,222311,32,80,13108,59,132,191.456777,0.356995209458,-292.235603,-100.778826,-47.937165
1048576,1048640,2097280,0.106,222311,32,80,13108,59,133,192.942800,0.356995209458,-294.328991,-101.386190,-47.937165
1048576,1048640,2097280,0.106,222311,32,80,13108,59,134,194.428824,0.356995209458,-296.420869,-101.992046,-47.937165
1048576,1048640,2097280,0.106,222311,32,80,13108,59,135,195.914847,0.356995209458,-298.511384,-102.596537,-47.937165
1048576,1048640,2097280,0.106,222311,32,80,13108,59,136,197.400871,0.356995209458,-300.600669,-103.199798,-47.937165
1048576,1048640,2097280,0.106,222311,32,80,13108,59,137,198.886894,0.356995209458,-302.688848,-103.801954,-47.937165
1048576,1048640,2097280,0.106,222311,32,80,13108,59,138,200.372917,0.356995209458,-304.776039,-104.403121,-47.937165
1048576,1048640,2097280,0.106,222311,32,80,13108,59,139,201.858941,0.356995209458,-306.862344,-105.003404,-47.937165
1048576,1048640,2097280,0.106,222311,32,80,13108,59,140,203.344964,0.356995209458,-308.947862,-105.602898,-47.937165
1048576,1048640,2097280,0.106,222311,32,80,13108,59,141,204.830987,0.356995209458,-311.032682,-106.201694,-47.937165
1048576,1048640,2097280,0.106,222311,32,80,13108,59,142,206.317011,0.356995209458,-313.116882,-106.799871,-47.937165
1048576,1048640,2097280,0.106,222311,32,80,13108,59,143,207.803034,0.356995209458,-315.200536,-107.397502,-47.937165
1048576,1048640,2097280,0.106,222311,32,80,13108,59,144,209.289058,0.356995209458,-317.283711,-107.994654,-47.937165
1048576,1048640,2097280,0.106,222311,32,80,13108,59,145,210.775081,0.356995209458,-319.366466,-108.591385,-47.937165
1048576,1048640,2097280,0.106,222311,32,80,13108,59,146,212.261104,0.356995209458,-321.448856,-109.187752,-47.937165
1048576,1048640,2097280,0.106,222311,32,80,13108,59,147,213.747128,0.356995209458,-323.530929,-109.783802,-47.937165
1048576,1048640,2097280,0.106,222311,32,80,13108,59,148,215.233151,0.356995209458,-325.612729,-110.379578,-47.937165
1048576,1048640,2097280,0.106,222311,32,80,13108,59,149,216.719174,0.356995209458,-327.694296,-110.975122,-47.937165
1048576,1048640,2097280,0.106,222311,32,80,13108,59,150,218.205198,0.356995209458,-329.775665,-111.570467,-47.937165
1048576,1048640,2097280,0.106,222311,32,80,13108,59,151,219.691221,0.356995209458,-331.856868,-112.165647,-47.937165
1048576,1048640,2097280,0.106,222311,32,80,13108,59,152,221.177245,0.356995209458,-333.937933,-112.760689,-47.937165
1048576,1048640,2097280,0.106,222311,32,80,13108,59,153,222.663268,0.356995209458,-336.018886,-113.355618,-47.937165
1048576,1048640,2097280,0.106,222311,32,80,13108,59,154,224.149291,0.356995209458,-338.099750,-113.950459,-47.937165
1048576,1048640,2097280,0.106,222311,32,80,13108,59,155,225.635315,0.356995209458,-340.180545,-114.545230,-47.937165
1048576,1048640,2097280,0.106,222311,32,80,13108,59,156,227.121338,0.356995209458,-342.261288,-115.139950,-47.937165
1048576,1048640,2097280,0.106,222311,32,80,13108,59,157,228.607362,0.356995209458,-344.341998,-115.734636,-47.937165
1048576,1048640,2097280,0.106,222311,32,80,13108,59,158,230.093385,0.356995209458,-346.422686,-116.329301,-47.937165
1048576,1048640,2097280,0.106,222311,32,80,13108,59,159,231.579408,0.356995209458,-348.503367,-116.923959,-47.937165
1048576,1048640,2097280,0.106,222311,32,80,13108,59,160,233.065432,0.356995209458,-350.584052,-117.518620,-47.937165
1048576,1048640,2097280,0.106,222311,32,80,13108,60,1,-inf,,-2.237846,-inf,-inf
1048576,1048640,2097280,0.106,222311,32,80,13108,60,2,-inf,,-4.475692,-inf,-inf
1048576,1048640,2097280,0.106,222311,32,80,13108,60,3,-inf,,-6.713537,-inf,-inf
1048576,1048640,2097280,0.106,222311,32,80,13108,60,4,-inf,,-8.951381,-inf,-inf
1048576,1048640,2097280,0.106,222311,32,80,13108,60,5,-inf,,-11.189224,-inf,-inf
1048576,1048640,2097280,0.106,222311,32,80,13108,60,6,-inf,,-13.427067,-inf,-inf
1048576,1048640,2097280,0.106,222311,32,80,13108,60,7,-inf,,-15.664909,-inf,-inf
1048576,1048640,2097280,0.106,222311,32,80,13108,60,8,-inf,,-17.902750,-inf,-inf
1048576,1048640,2097280,0.106,222311,32,80,13108,60,9,-inf,,-20.140591,-inf,-inf
1048576,1048640,2097280,0.106,222311,32,80,13108,60,10,-inf,,-22.378431,-inf,-inf
1048576,1048640,2097280,0.106,222311,32,80,13108,60,11,-inf,,-24.616270,-inf,-inf
1048576,1048640,2097280,0.106,222311,32,80,13108,60,12,-inf,,-26.854108,-inf,-inf
1048576,1048640,2097280,0.106,222311,32,80,13108,60,13,-inf,,-29.091945,-inf,-inf
1048576,1048640,2097280,0.106,222311,32,80,13108,60,14,-inf,,-31.329782,-inf,-inf
1048576,1048640,2097280,0.106,222311,32,80,13108,60,15,-inf,,-33.567618,-inf,-inf
1048576,1048640,2097280,0.106,222311,32,80,13108,60,16,-inf,,-35.805453,-inf,-inf
1048576,1048640,2097280,0.106,222311,32,80,13108,60,17,-inf,,-38.043288,-inf,-inf
1048576,1048640,2097280,0.106,222311,32,80,13108,60,18,-inf,,-40.281121,-inf,-inf
1048576,1048640,2097280,0.106,222311,32,80,13108,60,19,-inf,,-42.518954,-inf,-inf
1048576,1048640,2097280,0.106,222311,32,80,13108,60,20,-inf,,-44.756786,-inf,-inf
1048576,1048640,2097280,0.106,222311,32,80,13108,60,21,-inf,,-46.994617,-inf,-inf
1048576,1048640,2097280,0.106,222311,32,80,13108,60,22,-inf,,-49.232447,-inf,-inf
1048576,1048640,2097280,0.106,222311,32,80,13108,60,23,-inf,,-51.470276,-inf,-inf
1048576,1048640,2097280,0.106,222311,32,80,13108,60,24,-inf,,-53.708104,-inf,-inf
1048576,1048640,2097280,0.106,222311,32,80,13108,60,25,-inf,,-55.945932,-inf,-inf
1048576,1048640,2097280,0.106,222311,32,80,13108,60,26,-inf,,-58.183758,-inf,-inf
1048576,1048640,2097280,0.106,222311,32,80,13108,60,27,-inf,,-60.421583,-inf,-inf
1048576,1048640,2097280,0.106,222311,32,80,13108,60,28,-inf,,-62.659406,-inf,-inf
1048576,1048640,2097280,0.106,222311,32,80,13108,60,29,-inf,,-64.897229,-inf,-inf
1048576,1048640,2097280,0.106,222311,32,80,13108,60,30,-inf,,-67.135050,-inf,-inf
1048576,1048640,2097280,0.106,222311,32,80,13108,60,31,-inf,,-69.372869,-inf,-inf
1048576,1048640,2097280,0.106,222311,32,80,13108,60,32,-inf,,-71.610687,-inf,-inf
1048576,1048640,2097280,0.106,222311,32,80,13108,60,33,-inf,,-73.848504,-inf,-inf
1048576,1048640,2097280,0.106,222311,32,80,13108,60,34,-inf,,-76.086318,-inf,-inf
1048576,1048640,2097280,0.106,222311,32,80,13108,60,35,-inf,,-78.324131,-inf,-inf
1048576,1048640,2097280,0.106,222311,32,80,13108,60,36,-inf,,-80.561941,-inf,-inf
1048576,1048640,2097280,0.106,222311,32,80,13108,60,37,-inf,,-82.799749,-inf,-inf
1048576,1048640,2097280,0.106,222311,32,80,13108,60,38,-inf,,-85.037554,-inf,-inf
1048576,1048640,2097280,0.106,222311,32,80,13108,60,39,-inf,,-87.275356,-inf,-inf
1048576,1048640,2097280,0.106,222311,32,80,13108,60,40,-inf,,-89.513155,-inf,-inf
1048576,1048640,2097280,0.106,222311,32,80,13108,60,41,-inf,,-91.750951,-inf,-inf
1048576,1048640,2097280,0.106,222311,32,80,13108,60,42,-inf,,-93.988742,-inf,-inf
1048576,1048640,2097280,0.106,222311,32,80,13108,60,43,-inf,,-96.226529,-inf,-inf
1048576,1048640,2097280,0.106,222311,32,80,13108,60,44,-inf,,-98.464311,-inf,-inf
1048576,1048640,2097280,0.106,222311,32,80,13108,60,45,-inf,,-100.702087,-inf,-inf
1048576,1048640,2097280,0.106,222311,32,80,13108,60,46,-inf,,-102.939857,-inf,-inf
1048576,1048640,2097280,0.106,222311,32,80,13108,60,47,-inf,,-105.177620,-inf,-inf
1048576,1048640,2097280,0.106,222311,32,80,13108,60,48,-inf,,-107.415376,-inf,-inf
1048576,1048640,2097280,0.106,222311,32,80,13108,60,49,-inf,,-109.653122,-inf,-inf
1048576,1048640,2097280,0.106,222311,32,80,13108,60,50,-inf,,-111.890859,-inf,-inf
1048576,1048640,2097280,0.106,222311,32,80,13108,60,51,-inf,,-114.128584,-inf,-inf
1048576,1048640,2097280,0.106,222311,32,80,13108,60,52,-inf,,-116.366297,-inf,-inf
1048576,1048640,2097280,0.106,222311,32,80,13108,60,53,-inf,,-118.603995,-inf,-inf
1048576,1048640,2097280,0.106,222311,32,80,13108,60,54,-inf,,-120.841678,-inf,-inf
1048576,1048640,2097280,0.106,222311,32,80,13108,60,55,-inf,,-123.079343,-inf,-inf
1048576,1048640,2097280,0.106,222311,32,80,13108,60,56,-inf,,-125.316987,-inf,-inf
1048576,1048640,2097280,0.106,222311,32,80,13108,60,57,-inf,,-127.554609,-inf,-inf
1048576,1048640,2097280,0.106,222311,32,80,13108,60,58,-inf,,-129.792205,-inf,-inf
1048576,1048640,2097280,0.106,222311,32,80,13108,60,59,-inf,,-132.029772,-inf,-inf
1048576,1048640,2097280,0.106,222311,32,80,13108,60,60,83.234427,0.262175109676,-134.267306,-51.032879,-51.032879
1048576,1048640,2097280,0.106,222311,32,80,13108,60,61,85.122103,0.322086170895,-136.504804,-51.382701,-50.197213
1048576,1048640,2097280,0.106,222311,32,80,13108,60,62,86.641056,0.356995209458,-138.742260,-52.101204,-49.855565
1048576,1048640,2097280,0.106,222311,32,80,13108,60,63,88.127080,0.356995209458,-140.979669,-52.852590,-49.685309
1048576,1048640,2097280,0.106,222311,32,80,13108,60,64,89.613103,0.356995209458,-143.217026,-53.603923,-49.592930
1048576,1048640,2097280,0.106,222311,32,80,13108,60,65,91.099126,0.356995209458,-145.454324,-54.355197,-49.540725
1048576,1048640,2097280,0.106,222311,32,80,13108,60,66,92.585150,0.356995209458,-147.691555,-55.106405,-49.510582
1048576,1048640,2097280,0.106,222311,32,80,13108,60,67,94.071173,0.356995209458,-149.928710,-55.857537,-49.492966
1048576,1048640,2097280,0.106,222311,32,80,13108,60,68,95.557197,0.356995209458,-152.165781,-56.608585,-49.482600
1048576,1048640,2097280,0.106,222311,32,80,13108,60,69,97.043220,0.356995209458,-154.402757,-57.359537,-49.476476
1048576,1048640,2097280,0.106,222311,32,80,13108,60,70,98.529243,0.356995209458,-156.639626,-58.110382,-49.472849
1048576,1048640,2097280,0.106,222311,32,80,13108,60,71,100.015267,0.356995209458,-158.876374,-58.861107,-49.470698
1048576,1048640,2097280,0.106,222311,32,80,13108,60,72,101.501290,0.356995209458,-161.112986,-59.611696,-49.469421
1048576,1048640,2097280,0.106,222311,32,80,13108,60,73,102.987314,0.356995209458,-163.349447,-60.362133,-49.468662
1048576,1048640,2097280,0.106,222311,32,80,13108,60,74,104.473337,0.356995209458,-165.585736,-61.112399,-49.468211
1048576,1048640,2097280,0.106,222311,32,80,13108,60,75,105.959360,0.356995209458,-167.821833,-61.862473,-49.467943
1048576,1048640,2097280,0.106,222311,32,80,13108,60,76,107.445384,0.356995209458,-170.057715,-62.612332,-49.467784
1048576,1048640,2097280,0.106,222311,32,80,13108,60,77,108.931407,0.356995209458,-172.293355,-63.361948,-49.467689
1048576,1048640,2097280,0.106,222311,32,80,13108,60,78,110.417430,0.356995209458,-174.528724,-64.111293,-49.467633
1048576,1048640,2097280,0.106,222311,32,80,13108,60,79,111.903454,0.356995209458,-176.763788,-64.860334,-49.467599
1048576,1048640,2097280,0.106,222311,32,80,13108,60,80,113.389477,0.356995209458,-178.998512,-65.609035,-49.467579
1048576,1048640,2097280,0.106,222311,32,80,13108,60,81,114.875501,0.356995209458,-181.232855,-66.357355,-49.467567
1048576,1048640,2097280,0.106,222311,32,80,13108,60,82,116.361524,0.356995209458,-183.466772,-67.105248,-49.467560
1048576,1048640,2097280,0.106,222311,32,80,13108,60,83,117.847547,0.356995209458,-185.700212,-67.852665,-49.467556
1048576,1048640,2097280,0.106,222311,32,80,13108,60,84,119.333571,0.356995209458,-187.933121,-68.599550,-49.467554
1048576,1048640,2097280,0.106,222311,32,80,13108,60,85,120.819594,0.356995209458,-190.165436,-69.345842,-49.467552
1048576,1048640,2097280,0.106,222311,32,80,13108,60,86,122.305617,0.356995209458,-192.397090,-70.091472,-49.467551
1048576,1048640,2097280,0.106,222311,32,80,13108,60,87,123.791641,0.356995209458,-194.628006,-70.836365,-49.467551
1048576,1048640,2097280,0.106,222311,32,80,13108,60,88,125.277664,0.356995209458,-196.858104,-71.580440,-49.467550
1048576,1048640,2097280,0.106,222311,32,80,13108,60,89,126.763688,0.356995209458,-199.087293,-72.323605,-49.467550
1048576,1048640,2097280,0.106,222311,32,80,13108,60,90,128.249711,0.356995209458,-201.315473,-73.065762,-49.467550
1048576,1048640,2097280,0.106,222311,32,80,13108,60,91,129.735734,0.356995209458,-203.542536,-73.806801,-49.467550
1048576,1048640,2097280,0.106,222311,32,80,13108,60,92,131.221758,0.356995209458,-205.768365,-74.546607,-49.467550
1048576,1048640,2097280,0.106,222311,32,80,13108,60,93,132.707781,0.356995209458,-207.992832,-75.285051,-49.467550
1048576,1048640,2097280,0.106,222311,32,80,13108,60,94,134.193805,0.356995209458,-210.215800,-76.021996,-49.467550
1048576,1048640,2097280,0.106,222311,32,80,13108,60,95,135.679828,0.356995209458,-212.437121,-76.757293,-49.467550
1048576,1048640,2097280,0.106,222311,32,80,13108,60,96,137.165851,0.356995209458,-214.656639,-77.490787,-49.467550
1048576,1048640,2097280,0.106,222311,32,80,13108,60,97,138.651875,0.356995209458,-216.874183,-78.222308,-49.467550
1048576,1048640,2097280,0.106,222311,32,80,13108,60,98,140.137898,0.356995209458,-219.089579,-78.951681,-49.467550
1048576,1048640,2097280,0.106,222311,32,80,13108,60,99,141.623921,0.356995209458,-221.302639,-79.678718,-49.467550
1048576,1048640,2097280,0.106,222311,32,80,13108,60,100,143.109945,0.356995209458,-223.513174,-80.403229,-49.467550
1048576,1048640,2097280,0.106,222311,32,80,13108,60,101,144.595968,0.356995209458,-225.720982,-81.125013,-49.467550
1048576,1048640,2097280,0.106,222311,32,80,13108,60,102,146.081992,0.356995209458,-227.925862,-81.843871,-49.467550
1048576,1048640,2097280,0.106,222311,32,80,13108,60,103,147.568015,0.356995209458,-230.127608,-82.559593,-49.467550
1048576,1048640,2097280,0.106,222311,32,80,13108,60,104,149.054038,0.356995209458,-232.326017,-83.271979,-49.467550
1048576,1048640,2097280,0.106,222311,32,80,13108,60,105,150.540062,0.356995209458,-234.520892,-83.980830,-49.467550
1048576,1048640,2097280,0.106,222311,32,80,13108,60,106,152.026085,0.356995209458,-236.712034,-84.685949,-49.467550
1048576,1048640,2097280,0.106,222311,32,80,13108,60,107,153.512108,0.356995209458,-238.899265,-85.387156,-49.467550
1048576,1048640,2097280,0.106,222311,32,80,13108,60,108,154.998132,0.356995209458,-241.082416,-86.084284,-49.467550
1048576,1048640,2097280,0.106,222311,32,80,13108,60,109,156.484155,0.356995209458,-243.261334,-86.777179,-49.467550
1048576,1048640,2097280,0.106,222311,32,80,13108,60,110,157.970179,0.356995209458,-245.435890,-87.465711,-49.467550
1048576,1048640,2097280,0.106,222311,32,80,13108,60,111,159.456202,0.356995209458,-247.605979,-88.149777,-49.467550
1048576,1048640,2097280,0.106,222311,32,80,13108,60,112,160.942225,0.356995209458,-249.771519,-88.829293,-49.467550
1048576,1048640,2097280,0.106,222311,32,80,13108,60,113,162.428249,0.356995209458,-251.932459,-89.504210,-49.467550
1048576,1048640,2097280,0.106,222311,32,80,13108,60,114,163.914272,0.356995209458,-254.088781,-90.174508,-49.467550
1048576,1048640,2097280,0.106,222311,32,80,13108,60,115,165.400296,0.356995209458,-256.240489,-90.840194,-49.467550
1048576,1048640,2097280,0.106,222311,32,80,13108,60,116,166.886319,0.356995209458,-258.387626,-91.501307,-49.467550
1048576,1048640,2097280,0.106,222311,32,80,13108,60,117,168.372342,0.356995209458,-260.530262,-92.157920,-49.467550
1048576,1048640,2097280,0.106,222311,32,80,13108,60,118,169.858366,0.356995209458,-262.668490,-92.810125,-49.467550
1048576,1048640,2097280,0.106,222311,32,80,13108,60,119,171.344389,0.356995209458,-264.802434,-93.458045,-49.467550
1048576,1048640,2097280,0.106,222311,32,80,13108,60,120,172.830412,0.356995209458,-266.932240,-94.101828,-49.467550
1048576,1048640,2097280,0.106,222311,32,80,13108,60,121,174.316436,0.356995209458,-269.058068,-94.741632,-49.467550
1048576,1048640,2097280,0.106,222311,32,80,13108,60,122,175.802459,0.356995209458,-271.180098,-95.377639,-49.467550
1048576,1048640,2097280,0.106,222311,32,80,13108,60,123,177.288483,0.356995209458,-273.298525,-96.010042,-49.467550
1048576,1048640,2097280,0.106,222311,32,80,13108,60,124,178.774506,0.356995209458,-275.413544,-96.639038,-49.467550
1048576,1048640,2097280,0.106,222311,32,80,13108,60,125,180.260529,0.356995209458,-277.525364,-97.264835,-49.467550
1048576,1048640,2097280,0.106,222311,32,80,13108,60,126,181.746553,0.356995209458,-279.634192,-97.887640,-49.467550
1048576,1048640,2097280,0.106,222311,32,80,13108,60,127,183.232576,0.356995209458,-281.740235,-98.507659,-49.467550
1048576,1048640,2097280,0.106,222311,32,80,13108,60,128,184.718599,0.356995209458,-283.843696,-99.125096,-49.467550
1048576,1048640,2097280,0.106,222311,32,80,13108,60,129,186.204623,0.356995209458,-285.944776,-99.740153,-49.467550
1048576,1048640,2097280,0.106,222311,32,80,13108,60,130,187.690646,0.356995209458,-288.043665,-100.353019,-49.467550
1048576,1048640,2097280,0.106,222311,32,80,13108,60,131,189.176670,0.356995209458,-290.140548,-100.963879,-49.467550
1048576,1048640,2097280,0.106,222311,32,80,13108,60,132,190.662693,0.356995209458,-292.235603,-101.572910,-49.467550
1048576,1048640,2097280,0.106,222311,32,80,13108,60,133,192.148716,0.356995209458,-294.328991,-102.180274,-49.467550
1048576,1048640,2097280,0.106,222311,32,80,13108,60,134,193.634740,0.356995209458,-296.420869,-102.786130,-49.467550
1048576,1048640,2097280,0.106,222311,32,80,13108,60,135,195.120763,0.356995209458,-298.511384,-103.390621,-49.467550
1048576,1048640,2097280,0.106,222311,32,80,13108,60,136,196.606786,0.356995209458,-300.600669,-103.993882,-49.467550
1048576,1048640,2097280,0.106,222311,32,80,13108,60,137,198.092810,0.356995209458,-302.688848,-104.596038,-49.467550
1048576,1048640,2097280,0.106,222311,32,80,13108,60,138,199.578833,0.356995209458,-304.776039,-105.197205,-49.467550
1048576,1048640,2097280,0.106,222311,32,80,13108,60,139,201.064857,0.356995209458,-306.862344,-105.797488,-49.467550
1048576,1048640,2097280,0.106,222311,32,80,13108,60,140,202.550880,0.356995209458,-308.947862,-106.396982,-49.467550
1048576,1048640,2097280,0.106,222311,32,80,13108,60,141,204.036903,0.356995209458,-311.032682,-106.995778,-49.467550
1048576,1048640,2097280,0.106,222311,32,80,13108,60,142,205.522927,0.356995209458,-313.116882,-107.593955,-49.467550
1048576,1048640,2097280,0.106,222311,32,80,13108,60,143,207.008950,0.356995209458,-315.200536,-108.191586,-49.467550
1048576,1048640,2097280,0.106,222311,32,80,13108,60,144,208.494974,0.356995209458,-317.283711,-108.788738,-49.467550
1048576,1048640,2097280,0.106,222311,32,80,13108,60,145,209.980997,0.356995209458,-319.366466,-109.385469,-49.467550
1048576,1048640,2097280,0.106,222311,32,80,13108,60,146,211.467020,0.356995209458,-321.448856,-109.981836,-49.467550
1048576,1048640,2097280,0.106,222311,32,80,13108,60,147,212.953044,0.356995209458,-323.530929,-110.577886,-49.467550
1048576,1048640,2097280,0.106,222311,32,80,13108,60,148,214.439067,0.356995209458,-325.612729,-111.173662,-49.467550
1048576,1048640,2097280,0.106,222311,32,80,13108,60,149,215.925090,0.356995209458,-327.694296,-111.769206,-49.467550
1048576,1048640,2097280,0.106,222311,32,80,13108,60,150,217.411114,0.356995209458,-329.775665,-112.364551,-49.467550
1048576,1048640,2097280,0.106,222311,32,80,13108,60,151,218.897137,0.356995209458,-331.856868,-112.959731,-49.467550
1048576,1048640,2097280,0.106,222311,32,80,13108,60,152,220.383161,0.356995209458,-333.937933,-113.554773,-49.467550
1048576,1048640,2097280,0.106,222311,32,80,13108,60,153,221.869184,0.356995209458,-336.018886,-114.149702,-49.467550
1048576,1048640,2097280,0.106,222311,32,80,13108,60,154,223.355207,0.356995209458,-338.099750,-114.744543,-49.467550
1048576,1048640,2097280,0.106,222311,32,80,13108,60,155,224.838166,0.395687834785,-340.180545,-115.342379,-49.467550
1048576,1048640,2097280,0.106,222311,32,80,13108,60,156,226.175731,0.395687834785,-342.261288,-116.085557,-49.467550
1048576,1048640,2097280,0.106,222311,32,80,13108,60,157,227.513297,0.395687834785,-344.341998,-116.828701,-49.467550
1048576,1048640,2097280,0.106,222311,32,80,13108,60,158,228.850862,0.395687834785,-346.422686,-117.571824,-49.467550
1048576,1048640,2097280,0.106,222311,32,80,13108,60,159,230.188427,0.395687834785,-348.503367,-118.314940,-49.467550
1048576,1048640,2097280,0.106,222311,32,80,13108,60,160,231.525993,0.395687834785,-350.584052,-119.058059,-49.467550
1048576,1048640,2097280,0.106,222311,32,80,13108,61,1,-inf,,-2.237846,-inf,-inf
1048576,1048640,2097280,0.106,222311,32,80,13108,61,2,-inf,,-4.475692,-inf,-inf
1048576,1048640,2097280,0.106,222311,32,80,13108,61,3,-inf,,-6.713537,-inf,-inf
1048576,1048640,2097280,0.106,222311,32,80,13108,61,4,-inf,,-8.951381,-inf,-inf
1048576,1048640,2097280,0.106,222311,32,80,13108,61,5,-inf,,-11.189224,-inf,-inf
1048576,1048640,2097280,0.106,222311,32,80,13108,61,6,-inf,,-13.427067,-inf,-inf
1048576,1048640,2097280,0.106,222311,32,80,13108,61,7,-inf,,-15.664909,-inf,-inf
1048576,1048640,2097280,0.106,222311,32,80,13108,61,8,-inf,,-17.902750,-inf,-inf
1048576,1048640,2097280,0.106,222311,32,80,13108,61,9,-inf,,-20.140591,-inf,-inf
1048576,1048640,2097280,0.106,222311,32,80,13108,61,10,-inf,,-22.378431,-inf,-inf
1048576,1048640,2097280,0.106,222311,32,80,13108,61,11,-inf,,-24.616270,-inf,-inf
1048576,1048640,2097280,0.106,222311,32,80,13108,61,12,-inf,,-26.854108,-inf,-inf
1048576,1048640,2097280,0.106,222311,32,80,13108,61,13,-inf,,-29.091945,-inf,-inf
1048576,1048640,2097280,0.106,222311,32,80,13108,61,14,-inf,,-31.329782,-inf,-inf
1048576,1048640,2097280,0.106,222311,32,80,13108,61,15,-inf,,-33.567618,-inf,-inf
1048576,1048640,2097280,0.106,222311,32,80,13108,61,16,-inf,,-35.805453,-inf,-inf
1048576,1048640,2097280,0.106,222311,32,80,13108,61,17,-inf,,-38.043288,-inf,-inf
1048576,1048640,2097280,0.106,222311,32,80,13108,61,18,-inf,,-40.281121,-inf,-inf
1048576,1048640,2097280,0.106,222311,32,80,13108,61,19,-inf,,-42.518954,-inf,-inf
1048576,1048640,2097280,0.106,222311,32,80,13108,61,20,-inf,,-44.756786,-inf,-inf
1048576,1048640,2097280,0.106,222311,32,80,13108,61,21,-inf,,-46.994617,-inf,-inf
1048576,1048640,2097280,0.106,222311,32,80,13108,61,22,-inf,,-49.232447,-inf,-inf
1048576,1048640,2097280,0.106,222311,32,80,13108,61,23,-inf,,-51.470276,-inf,-inf
1048576,1048640,2097280,0.106,222311,32,80,13108,61,24,-inf,,-53.708104,-inf,-inf
1048576,1048640,2097280,0.106,222311,32,80,13108,61,25,-inf,,-55.945932,-inf,-inf
1048576,1048640,2097280,0.106,222311,32,80,13108,61,26,-inf,,-58.183758,-inf,-inf
1048576,1048640,2097280,0.106,222311,32,80,13108,61,27,-inf,,-60.421583,-inf,-inf
1048576,1048640,2097280,0.106,222311,32,80,13108,61,28,-inf,,-62.659406,-inf,-inf
1048576,1048640,2097280,0.106,222311,32,80,13108,61,29,-inf,,-64.897229,-inf,-inf
1048576,1048640,2097280,0.106,222311,32,80,13108,61,30,-inf,,-67.135050,-inf,-inf
1048576,1048640,2097280,0.106,222311,32,80,13108,61,31,-inf,,-69.372869,-inf,-inf
1048576,1048640,2097280,0.106,222311,32,80,13108,61,32,-inf,,-71.610687,-inf,-inf
1048576,1048640,2097280,0.106,222311,32,80,13108,61,33,-inf,,-73.848504,-inf,-inf
1048576,1048640,2097280,0.106,222311,32,80,13108,61,34,-inf,,-76.086318,-inf,-inf
1048576,1048640,2097280,0.106,222311,32,80,13108,61,35,-inf,,-78.324131,-inf,-inf
1048576,1048640,2097280,0.106,222311,32,80,13108,61,36,-inf,,-80.561941,-inf,-inf
1048576,1048640,2097280,0.106,222311,32,80,13108,61,37,-inf,,-82.799749,-inf,-inf
1048576,1048640,2097280,0.106,222311,32,80,13108,61,38,-inf,,-85.037554,-inf,-inf
1048576,1048640,2097280,0.106,222311,32,80,13108,61,39,-inf,,-87.275356,-inf,-inf
1048576,1048640,2097280,0.106,222311,32,80,13108,61,40,-inf,,-89.513155,-inf,-inf
1048576,1048640,2097280,0.106,222311,32,80,13108,61,41,-inf,,-91.750951,-inf,-inf
1048576,1048640,2097280,0.106,222311,32,80,13108,61,42,-inf,,-93.988742,-inf,-inf
1048576,1048640,2097280,0.106,222311,32,80,13108,61,43,-inf,,-96.226529,-inf,-inf
1048576,1048640,2097280,0.106,222311,32,80,13108,61,44,-inf,,-98.464311,-inf,-inf
1048576,1048640,2097280,0.106,222311,32,80,13108,61,45,-inf,,-100.702087,-inf,-inf
1048576,1048640,2097280,0.106,222311,32,80,13108,61,46,-inf,,-102.939857,-inf,-inf
1048576,1048640,2097280,0.106,222311,32,80,13108,61,47,-inf,,-105.177620,-inf,-inf
1048576,1048640,2097280,0.106,222311,32,80,13108,61,48,-inf,,-107.415376,-inf,-inf
1048576,1048640,2097280,0.106,222311,32,80,13108,61,49,-inf,,-109.653122,-inf,-inf
1048576,1048640,2097280,0.106,222311,32,80,13108,61,50,-inf,,-111.890859,-inf,-inf
1048576,1048640,2097280,0.106,222311,32,80,13108,61,51,-inf,,-114.128584,-inf,-inf
1048576,1048640,2097280,0.106,222311,32,80,13108,61,52,-inf,,-116.366297,-inf,-inf
1048576,1048640,2097280,0.106,222311,32,80,13108,61,53,-inf,,-118.603995,-inf,-inf
1048576,1048640,2097280,0.106,222311,32,80,13108,61,54,-inf,,-120.841678,-inf,-inf
1048576,1048640,2097280,0.106,222311,32,80,13108,61,55,-inf,,-123.079343,-inf,-inf
1048576,1048640,2097280,0.106,222311,32,80,13108,61,56,-inf,,-125.316987,-inf,-inf
1048576,1048640,2097280,0.106,222311,32,80,13108,61,57,-inf,,-127.554609,-inf,-inf
1048576,1048640,2097280,0.106,222311,32,80,13108,61,58,-inf,,-129.792205,-inf,-inf
1048576,1048640,2097280,0.106,222311,32,80,13108,61,59,-inf,,-132.029772,-inf,-inf
1048576,1048640,2097280,0.106,222311,32,80,13108,61,60,-inf,,-134.267306,-inf,-inf
1048576,1048640,2097280,0.106,222311,32,80,13108,61,61,83.885717,0.262175109676,-136.504804,-52.619087,-52.619087
1048576,1048640,2097280,0.106,222311,32,80,13108,61,62,85.797951,0.322086170895,-138.742260,-52.944309,-51.772553
1048576,1048640,2097280,0.106,222311,32,80,13108,61,63,87.302067,0.356995209458,-140.979669,-53.677602,-51.431128
1048576,1048640,2097280,0.106,222311,32,80,13108,61,64,88.788091,0.356995209458,-143.217026,-54.428936,-51.260960
1048576,1048640,2097280,0.106,222311,32,80,13108,61,65,90.274114,0.356995209458,-145.454324,-55.180210,-51.168620
1048576,1048640,2097280,0.106,222311,32,80,13108,61,66,91.760137,0.356995209458,-147.691555,-55.931417,-51.116434
1048576,1048640,2097280,0.106,222311,32,80,13108,61,67,93.246161,0.356995209458,-149.928710,-56.682549,-51.086299
1048576,1048640,2097280,0.106,222311,32,80,13108,61,68,94.732184,0.356995209458,-152.165781,-57.433597,-51.068688
1048576,1048640,2097280,0.106,222311,32,80,13108,61,69,96.218207,0.356995209458,-154.402757,-58.184549,-51.058324
1048576,1048640,2097280,0.106,222311,32,80,13108,61,70,97.704231,0.356995209458,-156.639626,-58.935395,-51.052200
1048576,1048640,2097280,0.106,222311,32,80,13108,61,71,99.190254,0.356995209458,-158.876374,-59.686119,-51.048573
1048576,1048640,2097280,0.106,222311,32,80,13108,61,72,100.676278,0.356995209458,-161.112986,-60.436709,-51.046422
1048576,1048640,2097280,0.106,222311,32,80,13108,61,73,102.162301,0.356995209458,-163.349447,-61.187146,-51.045144
1048576,1048640,2097280,0.106,222311,32,80,13108,61,74,103.648324,0.356995209458,-165.585736,-61.937412,-51.044385
1048576,1048640,2097280,0.106,222311,32,80,13108,61,75,105.134348,0.356995209458,-167.821833,-62.687486,-51.043934
1048576,1048640,2097280,0.106,222311,32,80,13108,61,76,106.620371,0.356995209458,-170.057715,-63.437344,-51.043666
1048576,1048640,2097280,0.106,222311,32,80,13108,61,77,108.106394,0.356995209458,-172.293355,-64.186960,-51.043507
1048576,1048640,2097280,0.106,222311,32,80,13108,61,78,109.592418,0.356995209458,-174.528724,-64.936306,-51.043412
1048576,1048640,2097280,0.106,222311,32,80,13108,61,79,111.078441,0.356995209458,-176.763788,-65.685347,-51.043356
1048576,1048640,2097280,0.106,222311,32,80,13108,61,80,112.564465,0.356995209458,-178.998512,-66.434048,-51.043322
1048576,1048640,2097280,0.106,222311,32,80,13108,61,81,114.050488,0.356995209458,-181.232855,-67.182367,-51.043302
1048576,1048640,2097280,0.106,222311,32,80,13108,61,82,115.536511,0.356995209458,-183.466772,-67.930261,-51.043290
1048576,1048640,2097280,0.106,222311,32,80,13108,61,83,117.022535,0.356995209458,-185.700212,-68.677678,-51.043283
1048576,1048640,2097280,0.106,222311,32,80,13108,61,84,118.508558,0.356995209458,-187.933121,-69.424563,-51.043279
1048576,1048640,2097280,0.106,222311,32,80,13108,61,85,119.994582,0.356995209458,-190.165436,-70.170854,-51.043276
1048576,1048640,2097280,0.106,222311,32,80,13108,61,86,121.480605,0.356995209458,-192.397090,-70.916485,-51.043275
1048576,1048640,2097280,0.106,222311,32,80,13108,61,87,122.966628,0.356995209458,-194.628006,-71.661378,-51.043274
1048576,1048640,2097280,0.106,222311,32,80,13108,61,88,124.452652,0.356995209458,-196.858104,-72.405453,-51.043273
1048576,1048640,2097280,0.106,222311,32,80,13108,61,89,125.938675,0.356995209458,-199.087293,-73.148618,-51.043273
1048576,1048640,2097280,0.106,222311,32,80,13108,61,90,127.424698,0.356995209458,-201.315473,-73.890774,-51.043273
1048576,1048640,2097280,0.106,222311,32,80,13108,61,91,128.910722,0.356995209458,-203.542536,-74.631814,-51.043273
1048576,1048640,2097280,0.106,222311,32,80,13108,61,92,130.396745,0.356995209458,-205.768365,-75.371620,-51.043273
1048576,1048640,2097280,0.106,222311,32,80,13108,61,93,131.882769,0.356995209458,-207.992832,-76.110063,-51.043273
1048576,1048640,2097280,0.106,222311,32,80,13108,61,94,133.368792,0.356995209458,-210.215800,-76.847009,-51.043273
1048576,1048640,2097280,0.106,222311,32,80,13108,61,95,134.854815,0.356995209458,-212.437121,-77.582306,-51.043273
1048576,1048640,2097280,0.106,222311,32,80,13108,61,96,136.340839,0.356995209458,-214.656639,-78.315800,-51.043273
1048576,1048640,2097280,0.106,222311,32,80,13108,61,97,137.826862,0.356995209458,-216.874183,-79.047321,-51.043273
1048576,1048640,2097280,0.106,222311,32,80,13108,61,98,139.312885,0.356995209458,-219.089579,-79.776693,-51.043273
1048576,1048640,2097280,0.106,222311,32,80,13108,61,99,140.798909,0.356995209458,-221.302639,-80.503731,-51.043273
1048576,1048640,2097280,0.106,222311,32,80,13108,61,100,142.284932,0.356995209458,-223.513174,-81.228242,-51.043273
1048576,1048640,2097280,0.106,222311,32,80,13108,61,101,143.770956,0.356995209458,-225.720982,-81.950026,-51.043273
1048576,1048640,2097280,0.106,222311,32,80,13108,61,102,145.256979,0.356995209458,-227.925862,-82.668883,-51.043273
1048576,1048640,2097280,0.106,222311,32,80,13108,61,103,146.743002,0.356995209458,-230.127608,-83.384606,-51.043273
1048576,1048640,2097280,0.106,222311,32,80,13108,61,104,148.229026,0.356995209458,-232.326017,-84.096992,-51.043273
1048576,1048640,2097280,0.106,222311,32,80,13108,61,105,149.715049,0.356995209458,-234.520892,-84.805843,-51.043273
1048576,1048640,2097280,0.106,222311,32,80,13108,61,106,151.201073,0.356995209458,-236.712034,-85.510962,-51.043273
1048576,1048640,2097280,0.106,222311,32,80,13108,61,107,152.687096,0.356995209458,-238.899265,-86.212169,-51.043273
1048576,1048640,2097280,0.106,222311,32,80,13108,61,108,154.173119,0.356995209458,-241.082416,-86.909297,-51.043273
1048576,1048640,2097280,0.106,222311,32,80,13108,61,109,155.659143,0.356995209458,-243.261334,-87.602191,-51.043273
1048576,1048640,2097280,0.106,222311,32,80,13108,61,110,157.145166,0.356995209458,-245.435890,-88.290724,-51.043273
1048576,1048640,2097280,0.106,222311,32,80,13108,61,111,158.631189,0.356995209458,-247.605979,-88.974790,-51.043273
1048576,1048640,2097280,0.106,222311,32,80,13108,61,112,160.117213,0.356995209458,-249.771519,-89.654306,-51.043273
1048576,1048640,2097280,0.106,222311,32,80,13108,61,113,161.603236,0.356995209458,-251.932459,-90.329223,-51.043273
1048576,1048640,2097280,0.106,222311,32,80,13108,61,114,163.089260,0.356995209458,-254.088781,-90.999521,-51.043273
1048576,1048640,2097280,0.106,222311,32,80,13108,61,115,164.575283,0.356995209458,-256.240489,-91.665206,-51.043273
1048576,1048640,2097280,0.106,222311,32,80,13108,61,116,166.061306,0.356995209458,-258.387626,-92.326320,-51.043273
1048576,1048640,2097280,0.106,222311,32,80,13108,61,117,167.426944,0.395687834785,-260.530262,-93.103318,-51.043273
1048576,1048640,2097280,0.106,222311,32,80,13108,61,118,168.764509,0.395687834785,-262.668490,-93.903981,-51.043273
1048576,1048640,2097280,0.106,222311,32,80,13108,61,119,170.102075,0.395687834785,-264.802434,-94.700360,-51.043273
1048576,1048640,2097280,0.106,222311,32,80,13108,61,120,171.439640,0.395687834785,-266.932240,-95.492600,-51.043273
1048576,1048640,2097280,0.106,222311,32,80,13108,61,121,172.777205,0.395687834785,-269.058068,-96.280862,-51.043273
1048576,1048640,2097280,0.106,222311,32,80,13108,61,122,174.114771,0.395687834785,-271.180098,-97.065328,-51.043273
1048576,1048640,2097280,0.106,222311,32,80,13108,61,123,175.452336,0.395687834785,-273.298525,-97.846189,-51.043273
1048576,1048640,2097280,0.106,222311,32,80,13108,61,124,176.789902,0.395687834785,-275.413544,-98.623643,-51.043273
1048576,1048640,2097280,0.106,222311,32,80,13108,61,125,178.127467,0.395687834785,-277.525364,-99.397897,-51.043273
1048576,1048640,2097280,0.106,222311,32,80,13108,61,126,179.465032,0.395687834785,-279.634192,-100.169160,-51.043273
1048576,1048640,2097280,0.106,222311,32,80,13108,61,127,180.802598,0.395687834785,-281.740235,-100.937637,-51.043273
1048576,1048640,2097280,0.106,222311,32,80,13108,61,128,182.140163,0.395687834785,-283.843696,-101.703532,-51.043273
1048576,1048640,2097280,0.106,222311,32,80,13108,61,129,183.477729,0.395687834785,-285.944776,-102.467047,-51.043273
1048576,1048640,2097280,0.106,222311,32,80,13108,61,130,184.815294,0.395687834785,-288.043665,-103.228371,-51.043273
1048576,1048640,2097280,0.106,222311,32,80,13108,61,131,186.152859,0.395687834785,-290.140548,-103.987689,-51.043273
1048576,1048640,2097280,0.106,222311,32,80,13108,61,132,187.490425,0.395687834785,-292.235603,-104.745178,-51.043273
1048576,1048640,2097280,0.106,222311,32,80,13108,61,133,188.827990,0.395687834785,-294.328991,-105.501001,-51.043273
1048576,1048640,2097280,0.106,222311,32,80,13108,61,134,190.165555,0.395687834785,-296.420869,-106.255314,-51.043273
1048576,1048640,2097280,0.106,222311,32,80,13108,61,135,191.503121,0.395687834785,-298.511384,-107.008263,-51.043273
1048576,1048640,2097280,0.106,222311,32,80,13108,61,136,192.840686,0.395687834785,-300.600669,-107.759983,-51.043273
1048576,1048640,2097280,0.106,222311,32,80,13108,61,137,194.178252,0.395687834785,-302.688848,-108.510597,-51.043273
1048576,1048640,2097280,0.106,222311,32,80,13108,61,138,195.515817,0.395687834785,-304.776039,-109.260222,-51.043273
1048576,1048640,2097280,0.106,222311,32,80,13108,61,139,196.853382,0.395687834785,-306.862344,-110.008962,-51.043273
1048576,1048640,2097280,0.106,222311,32,80,13108,61,140,198.190948,0.395687834785,-308.947862,-110.756915,-51.043273
1048576,1048640,2097280,0.106,222311,32,80,13108,61,141,199.528513,0.395687834785,-311.032682,-111.504168,-51.043273
1048576,1048640,2097280,0.106,222311,32,80,13108,61,142,200.866079,0.395687834785,-313.116882,-112.250803,-51.043273
1048576,1048640,2097280,0.106,222311,32,80,13108,61,143,202.203644,0.395687834785,-315.200536,-112.996892,-51.043273
1048576,1048640,2097280,0.106,222311,32,80,13108,61,144,203.541209,0.395687834785,-317.283711,-113.742502,-51.043273
1048576,1048640,2097280,0.106,222311,32,80,13108,61,145,204.878775,0.395687834785,-319.366466,-114.487692,-51.043273
1048576,1048640,2097280,0.106,222311,32,80,13108,61,146,206.216340,0.395687834785,-321.448856,-115.232516,-51.043273
1048576,1048640,2097280,0.106,222311,32,80,13108,61,147,207.553905,0.395687834785,-323.530929,-115.977024,-51.043273
1048576,1048640,2097280,0.106,222311,32,80,13108,61,148,208.891471,0.395687834785,-325.612729,-116.721258,-51.043273
1048576,1048640,2097280,0.106,222311,32,80,13108,61,149,210.229036,0.395687834785,-327.694296,-117.465260,-51.043273
1048576,1048640,2097280,0.106,222311,32,80,13108,61,150,211.566602,0.395687834785,-329.775665,-118.209064,-51.043273
1048576,1048640,2097280,0.106,222311,32,80,13108,61,151,212.904167,0.395687834785,-331.856868,-118.952701,-51.043273
1048576,1048640,2097280,0.106,222311,32,80,13108,61,152,214.241732,0.395687834785,-333.937933,-119.696201,-51.043273
1048576,1048640,2097280,0.106,222311,32,80,13108,61,153,215.579298,0.395687834785,-336.018886,-120.439589,-51.043273
1048576,1048640,2097280,0.106,222311,32,80,13108,61,154,216.916863,0.395687834785,-338.099750,-121.182887,-51.043273
1048576,1048640,2097280,0.106,222311,32,80,13108,61,155,218.254429,0.395687834785,-340.180545,-121.926116,-51.043273
1048576,1048640,2097280,0.106,222311,32,80,13108,61,156,219.591994,0.395687834785,-342.261288,-122.669295,-51.043273
1048576,1048640,2097280,0.106,222311,32,80,13108,61,157,220.929559,0.395687834785,-344.341998,-123.412438,-51.043273
1048576,1048640,2097280,0.106,222311,32,80,13108,61,158,222.267125,0.395687834785,-346.422686,-124.155562,-51.043273
1048576,1048640,2097280,0.106,222311,32,80,13108,61,159,223.604690,0.395687834785,-348.503367,-124.898677,-51.043273
1048576,1048640,2097280,0.106,222311,32,80,13108,61,160,224.942255,0.395687834785,-350.584052,-125.641796,-51.043273
1048576,1048640,2097280,0.106,222311,32,80,13108,62,1,-inf,,-2.237846,-inf,-inf
1048576,1048640,2097280,0.106,222311,32,80,13108,62,2,-inf,,-4.475692,-inf,-inf
1048576,1048640,2097280,0.106,222311,32,80,13108,62,3,-inf,,-6.713537,-inf,-inf
1048576,1048640,2097280,0.106,222311,32,80,13108,62,4,-inf,,-8.951381,-inf,-inf
1048576,1048640,2097280,0.106,222311,32,80,13108,62,5,-inf,,-11.189224,-inf,-inf
1048576,1048640,2097280,0.106,222311,32,80,13108,62,6,-inf,,-13.427067,-inf,-inf
1048576,1048640,2097280,0.106,222311,32,80,13108,62,7,-inf,,-15.664909,-inf,-inf
1048576,1048640,2097280,0.106,222311,32,80,13108,62,8,-inf,,-17.902750,-inf,-inf
1048576,1048640,2097280,0.106,222311,32,80,13108,62,9,-inf,,-20.140591,-inf,-inf
1048576,1048640,2097280,0.106,222311,32,80,13108,62,10,-inf,,-22.378431,-inf,-inf
1048576,1048640,2097280,0.106,222311,32,80,13108,62,11,-inf,,-24.616270,-inf,-inf
1048576,1048640,2097280,0.106,222311,32,80,13108,62,12,-inf,,-26.854108,-inf,-inf
1048576,1048640,2097280,0.106,222311,32,80,13108,62,13,-inf,,-29.091945,-inf,-inf
1048576,1048640,2097280,0.106,222311,32,80,13108,62,14,-inf,,-31.329782,-inf,-inf
1048576,1048640,2097280,0.106,222311,32,80,13108,62,15,-inf,,-33.567618,-inf,-inf
1048576,1048640,2097280,0.106,222311,32,80,13108,62,16,-inf,,-35.805453,-inf,-inf
1048576,1048640,2097280,0.106,222311,32,80,13108,62,17,-inf,,-38.043288,-inf,-inf
1048576,1048640,2097280,0.106,222311,32,80,13108,62,18,-inf,,-40.281121,-inf,-inf
1048576,1048640,2097280,0.106,222311,32,80,13108,62,19,-inf,,-42.518954,-inf,-inf
1048576,1048640,2097280,0.106,222311,32,80,13108,62,20,-inf,,-44.756786,-inf,-inf
1048576,1048640,2097280,0.106,222311,32,80,13108,62,21,-inf,,-46.994617,-inf,-inf
1048576,1048640,2097280,0.106,222311,32,80,13108,62,22,-inf,,-49.232447,-inf,-inf
1048576,1048640,2097280,0.106,222311,32,80,13108,62,23,-inf,,-51.470276,-inf,-inf
1048576,1048640,2097280,0.106,222311,32,80,13108,62,24,-inf,,-53.708104,-inf,-inf
1048576,1048640,2097280,0.106,222311,32,80,13108,62,25,-inf,,-55.945932,-inf,-inf
1048576,1048640,2097280,0.106,222311,32,80,13108,62,26,-inf,,-58.183758,-inf,-inf
1048576,1048640,2097280,0.106,222311,32,80,13108,62,27,-inf,,-60.421583,-inf,-inf
1048576,1048640,2097280,0.106,222311,32,80,13108,62,28,-inf,,-62.659406,-inf,-inf
1048576,1048640,2097280,0.106,222311,32,80,13108,62,29,-inf,,-64.897229,-inf,-inf
1048576,1048640,2097280,0.106,222311,32,80,13108,62,30,-inf,,-67.135050,-inf,-inf
1048576,1048640,2097280,0.106,222311,32,80,13108,62,31,-inf,,-69.372869,-inf,-inf
1048576,1048640,2097280,0.106,222311,32,80,13108,62,32,-inf,,-71.610687,-inf,-inf
1048576,1048640,2097280,0.106,222311,32,80,13108,62,33,-inf,,-73.848504,-inf,-inf
1048576,1048640,2097280,0.106,222311,32,80,13108,62,34,-inf,,-76.086318,-inf,-inf
1048576,1048640,2097280,0.106,222311,32,80,13108,62,35,-inf,,-78.324131,-inf,-inf
1048576,1048640,2097280,0.106,222311,32,80,13108,62,36,-inf,,-80.561941,-inf,-inf
1048576,1048640,2097280,0.106,222311,32,80,13108,62,37,-inf,,-82.799749,-inf,-inf
1048576,1048640,2097280,0.106,222311,32,80,13108,62,38,-inf,,-85.037554,-inf,-inf
1048576,1048640,2097280,0.106,222311,32,80,13108,62,39,-inf,,-87.275356,-inf,-inf
1048576,1048640,2097280,0.106,222311,32,80,13108,62,40,-inf,,-89.513155,-inf,-inf
1048576,1048640,2097280,0.106,222311,32,80,13108,62,41,-inf,,-91.750951,-inf,-inf
1048576,1048640,2097280,0.106,222311,32,80,13108,62,42,-inf,,-93.988742,-inf,-inf
1048576,1048640,2097280,0.106,222311,32,80,13108,62,43,-inf,,-96.226529,-inf,-inf
1048576,1048640,2097280,0.106,222311,32,80,13108,62,44,-inf,,-98.464311,-inf,-inf
1048576,1048640,2097280,0.106,222311,32,80,13108,62,45,-inf,,-100.702087,-inf,-inf
1048576,1048640,2097280,0.106,222311,32,80,13108,62,46,-inf,,-102.939857,-inf,-inf
1048576,1048640,2097280,0.106,222311,32,80,13108,62,47,-inf,,-105.177620,-inf,-inf
1048576,1048640,2097280,0.106,222311,32,80,13108,62,48,-inf,,-107.415376,-inf,-inf
1048576,1048640,2097280,0.106,222311,32,80,13108,62,49,-inf,,-109.653122,-inf,-inf
1048576,1048640,2097280,0.106,222311,32,80,13108,62,50,-inf,,-111.890859,-inf,-inf
1048576,1048640,2097280,0.106,222311,32,80,13108,62,51,-inf,,-114.128584,-inf,-inf
1048576,1048640,2097280,0.106,222311,32,80,13108,62,52,-inf,,-116.366297,-inf,-inf
1048576,1048640,2097280,0.106,222311,32,80,13108,62,53,-inf,,-118.603995,-inf,-inf
1048576,1048640,2097280,0.106,222311,32,80,13108,62,54,-inf,,-120.841678,-inf,-inf
1048576,1048640,2097280,0.106,222311,32,80,13108,62,55,-inf,,-123.079343,-inf,-inf
1048576,1048640,2097280,0.106,222311,32,80,13108,62,56,-inf,,-125.316987,-inf,-inf
1048576,1048640,2097280,0.106,222311,32,80,13108,62,57,-inf,,-127.554609,-inf,-inf
1048576,1048640,2097280,0.106,222311,32,80,13108,62,58,-inf,,-129.792205,-inf,-inf
1048576,1048640,2097280,0.106,222311,32,80,13108,62,59,-inf,,-132.029772,-inf,-inf
1048576,1048640,2097280,0.106,222311,32,80,13108,62,60,-inf,,-134.267306,-inf,-inf
1048576,1048640,2097280,0.106,222311,32,80,13108,62,61,-inf,,-136.504804,-inf,-inf
1048576,1048640,2097280,0.106,222311,32,80,13108,62,62,84.424797,0.262175109676,-138.742260,-54.317463,-54.317463
1048576,1048640,2097280,0.106,222311,32,80,13108,62,63,86.356194,0.262175109676,-140.979669,-54.623475,-53.462371
1048576,1048640,2097280,0.106,222311,32,80,13108,62,64,87.930441,0.356995209458,-143.217026,-55.286586,-53.103530
1048576,1048640,2097280,0.106,222311,32,80,13108,62,65,89.416464,0.356995209458,-145.454324,-56.037860,-52.926159
1048576,1048640,2097280,0.106,222311,32,80,13108,62,66,90.902488,0.356995209458,-147.691555,-56.789067,-52.830261
1048576,1048640,2097280,0.106,222311,32,80,13108,62,67,92.388511,0.356995209458,-149.928710,-57.540199,-52.776164
1048576,1048640,2097280,0.106,222311,32,80,13108,62,68,93.874534,0.356995209458,-152.165781,-58.291247,-52.744956
1048576,1048640,2097280,0.106,222311,32,80,13108,62,69,95.360558,0.356995209458,-154.402757,-59.042199,-52.726727
1048576,1048640,2097280,0.106,222311,32,80,13108,62,70,96.846581,0.356995209458,-156.639626,-59.793045,-52.716002
1048576,1048640,2097280,0.106,222311,32,80,13108,62,71,98.332604,0.356995209458,-158.876374,-60.543769,-52.709666
1048576,1048640,2097280,0.106,222311,32,80,13108,62,72,99.818628,0.356995209458,-161.112986,-61.294359,-52.705913
1048576,1048640,2097280,0.106,222311,32,80,13108,62,73,101.304651,0.356995209458,-163.349447,-62.044795,-52.703687
1048576,1048640,2097280,0.106,222311,32,80,13108,62,74,102.790675,0.356995209458,-165.585736,-62.795062,-52.702365
1048576,1048640,2097280,0.106,222311,32,80,13108,62,75,104.276698,0.356995209458,-167.821833,-63.545135,-52.701580
1048576,1048640,2097280,0.106,222311,32,80,13108,62,76,105.762721,0.356995209458,-170.057715,-64.294994,-52.701113
1048576,1048640,2097280,0.106,222311,32,80,13108,62,77,107.248745,0.356995209458,-172.293355,-65.044610,-52.700836
1048576,1048640,2097280,0.106,222311,32,80,13108,62,78,108.734768,0.356995209458,-174.528724,-65.793956,-52.700671
1048576,1048640,2097280,0.106,222311,32,80,13108,62,79,110.220791,0.356995209458,-176.763788,-66.542997,-52.700572
1048576,1048640,2097280,0.106,222311,32,80,13108,62,80,111.706815,0.356995209458,-178.998512,-67.291698,-52.700514
1048576,1048640,2097280,0.106,222311,32,80,13108,62,81,113.192838,0.356995209458,-181.232855,-68.040017,-52.700479
1048576,1048640,2097280,0.106,222311,32,80,13108,62,82,114.678862,0.356995209458,-183.466772,-68.787911,-52.700458
1048576,1048640,2097280,0.106,222311,32,80,13108,62,83,116.164885,0.356995209458,-185.700212,-69.535327,-52.700446
1048576,1048640,2097280,0.106,222311,32,80,13108,62,84,117.650908,0.356995209458,-187.933121,-70.282213,-52.700439
1048576,1048640,2097280,0.106,222311,32,80,13108,62,85,119.136932,0.356995209458,-190.165436,-71.028504,-52.700434
1048576,1048640,2097280,0.106,222311,32,80,13108,62,86,120.622955,0.356995209458,-192.397090,-71.774134,-52.700432
1048576,1048640,2097280,0.106,222311,32,80,13108,62,87,122.108979,0.356995209458,-194.628006,-72.519028,-52.700430
1048576,1048640,2097280,0.106,222311,32,80,13108,62,88,123.595002,0.356995209458,-196.858104,-73.263103,-52.700429
1048576,1048640,2097280,0.106,222311,32,80,13108,62,89,125.081025,0.356995209458,-199.087293,-74.006267,-52.700429
1048576,1048640,2097280,0.106,222311,32,80,13108,62,90,126.567049,0.356995209458,-201.315473,-74.748424,-52.700428
1048576,1048640,2097280,0.106,222311,32,80,13108,62,91,128.053072,0.356995209458,-203.542536,-75.489464,-52.700428
1048576,1048640,2097280,0.106,222311,32,80,13108,62,92,129.539095,0.356995209458,-205.768365,-76.229270,-52.700428
1048576,1048640,2097280,0.106,222311,32,80,13108,62,93,131.025119,0.356995209458,-207.992832,-76.967713,-52.700428
1048576,1048640,2097280,0.106,222311,32,80,13108,62,94,132.377937,0.395687834785,-210.215800,-77.837864,-52.700428
1048576,1048640,2097280,0.106,222311,32,80,13108,62,95,133.715502,0.395687834785,-212.437121,-78.721619,-52.700428
1048576,1048640,2097280,0.106,222311,32,80,13108,62,96,135.053068,0.395687834785,-214.656639,-79.603571,-52.700428
1048576,1048640,2097280,0.106,222311,32,80,13108,62,97,136.390633,0.395687834785,-216.874183,-80.483550,-52.700428
1048576,1048640,2097280,0.106,222311,32,80,13108,62,98,137.728198,0.395687834785,-219.089579,-81.361380,-52.700428
1048576,1048640,2097280,0.106,222311,32,80,13108,62,99,139.065764,0.395687834785,-221.302639,-82.236876,-52.700428
1048576,1048640,2097280,0.106,222311,32,80,13108,62,100,140.403329,0.395687834785,-223.513174,-83.109845,-52.700428
1048576,1048640,2097280,0.106,222311,32,80,13108,62,101,141.740895,0.395687834785,-225.720982,-83.980087,-52.700428
1048576,1048640,2097280,0.106,222311,32,80,13108,62,102,143.078460,0.395687834785,-227.925862,-84.847402,-52.700428
1048576,1048640,2097280,0.106,222311,32,80,13108,62,103,144.416025,0.395687834785,-230.127608,-85.711583,-52.700428
1048576,1048640,2097280,0.106,222311,32,80,13108,62,104,145.753591,0.395687834785,-232.326017,-86.572427,-52.700428
1048576,1048640,2097280,0.106,222311,32,80,13108,62,105,147.091156,0.395687834785,-234.520892,-87.429736,-52.700428
1048576,1048640,2097280,0.106,222311,32,80,13108,62,106,148.428722,0.395687834785,-236.712034,-88.283313,-52.700428
1048576,1048640,2097280,0.106,222311,32,80,13108,62,107,149.766287,0.395687834785,-238.899265,-89.132978,-52.700428
1048576,1048640,2097280,0.106,222311,32,80,13108,62,108,151.103852,0.395687834785,-241.082416,-89.978564,-52.700428
1048576,1048640,2097280,0.106,222311,32,80,13108,62,109,152.441418,0.395687834785,-243.261334,-90.819916,-52.700428
1048576,1048640,2097280,0.106,222311,32,80,13108,62,110,153.778983,0.395687834785,-245.435890,-91.656907,-52.700428
1048576,1048640,2097280,0.106,222311,32,80,13108,62,111,155.116548,0.395687834785,-247.605979,-92.489431,-52.700428
1048576,1048640,2097280,0.106,222311,32,80,13108,62,112,156.454114,0.395687834785,-249.771519,-93.317405,-52.700428
1048576,1048640,2097280,0.106,222311,32,80,13108,62,113,157.791679,0.395687834785,-251.932459,-94.140780,-52.700428
1048576,1048640,2097280,0.106,222311,32,80,13108,62,114,159.129245,0.395687834785,-254.088781,-94.959536,-52.700428
1048576,1048640,2097280,0.106,222311,32,80,13108,62,115,160.466810,0.395687834785,-256.240489,-95.773679,-52.700428
1048576,1048640,2097280,0.106,222311,32,80,13108,62,116,161.804375,0.395687834785,-258.387626,-96.583251,-52.700428
1048576,1048640,2097280,0.106,222311,32,80,13108,62,117,163.141941,0.395687834785,-260.530262,-97.388321,-52.700428
1048576,1048640,2097280,0.106,222311,32,80,13108,62,118,164.479506,0.395687834785,-262.668490,-98.188984,-52.700428
1048576,1048640,2097280,0.106,222311,32,80,13108,62,119,165.817072,0.395687834785,-264.802434,-98.985363,-52.700428
1048576,1048640,2097280,0.106,222311,32,80,13108,62,120,167.154637,0.395687834785,-266.932240,-99.777603,-52.700428
1048576,1048640,2097280,0.106,222311,32,80,13108,62,121,168.492202,0.395687834785,-269.058068,-100.565865,-52.700428
1048576,1048640,2097280,0.106,222311,32,80,13108,62,122,169.829768,0.395687834785,-271.180098,-101.350331,-52.700428
1048576,1048640,2097280,0.106,222311,32,80,13108,62,123,171.167333,0.395687834785,-273.298525,-102.131192,-52.700428
1048576,1048640,2097280,0.106,222311,32,80,13108,62,124,172.504898,0.395687834785,-275.413544,-102.908646,-52.700428
1048576,1048640,2097280,0.106,222311,32,80,13108,62,125,173.842464,0.395687834785,-277.525364,-103.682900,-52.700428
1048576,1048640,2097280,0.106,222311,32,80,13108,62,126,175.180029,0.395687834785,-279.634192,-104.454163,-52.700428
1048576,1048640,2097280,0.106,222311,32,80,13108,62,127,176.517595,0.395687834785,-281.740235,-105.222640,-52.700428
1048576,1048640,2097280,0.106,222311,32,80,13108,62,128,177.855160,0.395687834785,-283.843696,-105.988536,-52.700428
1048576,1048640,2097280,0.106,222311,32,80,13108,62,129,179.192725,0.395687834785,-285.944776,-106.752050,-52.700428
1048576,1048640,2097280,0.106,222311,32,80,13108,62,130,180.530291,0.395687834785,-288.043665,-107.513374,-52.700428
1048576,1048640,2097280,0.106,222311,32,80,13108,62,131,181.867856,0.395687834785,-290.140548,-108.272692,-52.700428
1048576,1048640,2097280,0.106,222311,32,80,13108,62,132,183.205422,0.395687834785,-292.235603,-109.030181,-52.700428
1048576,1048640,2097280,0.106,222311,32,80,13108,62,133,184.542987,0.395687834785,-294.328991,-109.786004,-52.700428
1048576,1048640,2097280,0.106,222311,32,80,13108,62,134,185.880552,0.395687834785,-296.420869,-110.540317,-52.700428
1048576,1048640,2097280,0.106,222311,32,80,13108,62,135,187.218118,0.395687834785,-298.511384,-111.293267,-52.700428
1048576,1048640,2097280,0.106,222311,32,80,13108,62,136,188.555683,0.395687834785,-300.600669,-112.044986,-52.700428
1048576,1048640,2097280,0.106,222311,32,80,13108,62,137,189.893248,0.395687834785,-302.688848,-112.795600,-52.700428
1048576,1048640,2097280,0.106,222311,32,80,13108,62,138,191.230814,0.395687834785,-304.776039,-113.545225,-52.700428
1048576,1048640,2097280,0.106,222311,32,80,13108,62,139,192.568379,0.395687834785,-306.862344,-114.293965,-52.700428
1048576,1048640,2097280,0.106,222311,32,80,13108,62,140,193.905945,0.395687834785,-308.947862,-115.041918,-52.700428
1048576,1048640,2097280,0.106,222311,32,80,13108,62,141,195.243510,0.395687834785,-311.032682,-115.789172,-52.700428
1048576,1048640,2097280,0.106,222311,32,80,13108,62,142,196.581075,0.395687834785,-313.116882,-116.535806,-52.700428
1048576,1048640,2097280,0.106,222311,32,80,13108,62,143,197.918641,0.395687834785,-315.200536,-117.281895,-52.700428
1048576,1048640,2097280,0.106,222311,32,80,13108,62,144,199.256206,0.395687834785,-317.283711,-118.027505,-52.700428
1048576,1048640,2097280,0.106,222311,32,80,13108,62,145,200.593772,0.395687834785,-319.366466,-118.772695,-52.700428
1048576,1048640,2097280,0.106,222311,32,80,13108,62,146,201.931337,0.395687834785,-321.448856,-119.517519,-52.700428
1048576,1048640,2097280,0.106,222311,32,80,13108,62,147,203.268902,0.395687834785,-323.530929,-120.262027,-52.700428
1048576,1048640,2097280,0.106,222311,32,80,13108,62,148,204.606468,0.395687834785,-325.612729,-121.006262,-52.700428
1048576,1048640,2097280,0.106,222311,32,80,13108,62,149,205.944033,0.395687834785,-327.694296,-121.750263,-52.700428
1048576,1048640,2097280,0.106,222311,32,80,13108,62,150,207.281598,0.395687834785,-329.775665,-122.494067,-52.700428
1048576,1048640,2097280,0.106,222311,32,80,13108,62,151,208.619164,0.395687834785,-331.856868,-123.237704,-52.700428
1048576,1048640,2097280,0.106,222311,32,80,13108,62,152,209.956729,0.395687834785,-333.937933,-123.981204,-52.700428
1048576,1048640,2097280,0.106,222311,32,80,13108,62,153,211.294295,0.395687834785,-336.018886,-124.724592,-52.700428
1048576,1048640,2097280,0.106,222311,32,80,13108,62,154,212.631860,0.395687834785,-338.099750,-125.467890,-52.700428
1048576,1048640,2097280,0.106,222311,32,80,13108,62,155,213.969425,0.395687834785,-340.180545,-126.211119,-52.700428
1048576,1048640,2097280,0.106,222311,32,80,13108,62,156,215.306991,0.395687834785,-342.261288,-126.954298,-52.700428
1048576,1048640,2097280,0.106,222311,32,80,13108,62,157,216.644556,0.395687834785,-344.341998,-127.697441,-52.700428
1048576,1048640,2097280,0.106,222311,32,80,13108,62,158,217.982122,0.395687834785,-346.422686,-128.440565,-52.700428
1048576,1048640,2097280,0.106,222311,32,80,13108,62,159,219.319687,0.395687834785,-348.503367,-129.183680,-52.700428
1048576,1048640,2097280,0.106,222311,32,80,13108,62,160,220.657252,0.395687834785,-350.584052,-129.926800,-52.700428
1048576,1048640,2097280,0.106,222311,32,80,13108,63,1,-inf,,-2.237846,-inf,-inf
1048576,1048640,2097280,0.106,222311,32,80,13108,63,2,-inf,,-4.475692,-inf,-inf
1048576,1048640,2097280,0.106,222311,32,80,13108,63,3,-inf,,-6.713537,-inf,-inf
1048576,1048640,2097280,0.106,222311,32,80,13108,63,4,-inf,,-8.951381,-inf,-inf
1048576,1048640,2097280,0.106,222311,32,80,13108,63,5,-inf,,-11.189224,-inf,-inf
1048576,1048640,2097280,0.106,222311,32,80,13108,63,6,-inf,,-13.427067,-inf,-inf
1048576,1048640,2097280,0.106,222311,32,80,13108,63,7,-inf,,-15.664909,-inf,-inf
1048576,1048640,2097280,0.106,222311,32,80,13108,63,8,-inf,,-17.902750,-inf,-inf
1048576,1048640,2097280,0.106,222311,32,80,13108,63,9,-inf,,-20.140591,-inf,-inf
1048576,1048640,2097280,0.106,222311,32,80,13108,63,10,-inf,,-22.378431,-inf,-inf
1048576,1048640,2097280,0.106,222311,32,80,13108,63,11,-inf,,-24.616270,-inf,-inf
1048576,1048640,2097280,0.106,222311,32,80,13108,63,12,-inf,,-26.854108,-inf,-inf
1048576,1048640,2097280,0.106,222311,32,80,13108,63,13,-inf,,-29.091945,-inf,-inf
1048576,1048640,2097280,0.106,222311,32,80,13108,63,14,-inf,,-31.329782,-inf,-inf
1048576,1048640,2097280,0.106,222311,32,80,13108,63,15,-inf,,-33.567618,-inf,-inf
1048576,1048640,2097280,0.106,222311,32,80,13108,63,16,-inf,,-35.805453,-inf,-inf
1048576,1048640,2097280,0.106,222311,32,80,13108,63,17,-inf,,-38.043288,-inf,-inf
1048576,1048640,2097280,0.106,222311,32,80,13108,63,18,-inf,,-40.281121,-inf,-inf
1048576,1048640,2097280,0.106,222311,32,80,13108,63,19,-inf,,-42.518954,-inf,-inf
1048576,1048640,2097280,0.106,222311,32,80,13108,63,20,-inf,,-44.756786,-inf,-inf
1048576,1048640,2097280,0.106,222311,32,80,13108,63,21,-inf,,-46.994617,-inf,-inf
1048576,1048640,2097280,0.106,222311,32,80,13108,63,22,-inf,,-49.232447,-inf,-inf
1048576,1048640,2097280,0.106,222311,32,80,13108,63,23,-inf,,-51.470276,-inf,-inf
1048576,1048640,2097280,0.106,222311,32,80,13108,63,24,-inf,,-53.708104,-inf,-inf
1048576,1048640,2097280,0.106,222311,32,80,13108,63,25,-inf,,-55.945932,-inf,-inf
1048576,1048640,2097280,0.106,222311,32,80,13108,63,26,-inf,,-58.183758,-inf,-inf
1048576,1048640,2097280,0.106,222311,32,80,13108,63,27,-inf,,-60.421583,-inf,-inf
1048576,1048640,2097280,0.106,222311,32,80,13108,63,28,-inf,,-62.659406,-inf,-inf
1048576,1048640,2097280,0.106,222311,32,80,13108,63,29,-inf,,-64.897229,-inf,-inf
1048576,1048640,2097280,0.106,222311,32,80,13108,63,30,-inf,,-67.135050,-inf,-inf
1048576,1048640,2097280,0.106,222311,32,80,13108,63,31,-inf,,-69.372869,-inf,-inf
1048576,1048640,2097280,0.106,222311,32,80,13108,63,32,-inf,,-71.610687,-inf,-inf
1048576,1048640,2097280,0.106,222311,32,80,13108,63,33,-inf,,-73.848504,-inf,-inf
1048576,1048640,2097280,0.106,222311,32,80,13108,63,34,-inf,,-76.086318,-inf,-inf
1048576,1048640,2097280,0.106,222311,32,80,13108,63,35,-inf,,-78.324131,-inf,-inf
1048576,1048640,2097280,0.106,222311,32,80,13108,63,36,-inf,,-80.561941,-inf,-inf
1048576,1048640,2097280,0.106,222311,32,80,13108,63,37,-inf,,-82.799749,-inf,-inf
1048576,1048640,2097280,0.106,222311,32,80,13108,63,38,-inf,,-85.037554,-inf,-inf
1048576,1048640,2097280,0.106,222311,32,80,13108,63,39,-inf,,-87.275356,-inf,-inf
1048576,1048640,2097280,0.106,222311,32,80,13108,63,40,-inf,,-89.513155,-inf,-inf
1048576,1048640,2097280,0.106,222311,32,80,13108,63,41,-inf,,-91.750951,-inf,-inf
1048576,1048640,2097280,0.106,222311,32,80,13108,63,42,-inf,,-93.988742,-inf,-inf
1048576,1048640,2097280,0.106,222311,32,80,13108,63,43,-inf,,-96.226529,-inf,-inf
1048576,1048640,2097280,0.106,222311,32,80,13108,63,44,-inf,,-98.464311,-inf,-inf
1048576,1048640,2097280,0.106,222311,32,80,13108,63,45,-inf,,-100.702087,-inf,-inf
1048576,1048640,2097280,0.106,222311,32,80,13108,63,46,-inf,,-102.939857,-inf,-inf
1048576,1048640,2097280,0.106,222311,32,80,13108,63,47,-inf,,-105.177620,-inf,-inf
1048576,1048640,2097280,0.106,222311,32,80,13108,63,48,-inf,,-107.415376,-inf,-inf
1048576,1048640,2097280,0.106,222311,32,80,13108,63,49,-inf,,-109.653122,-inf,-inf
1048576,1048640,2097280,0.106,222311,32,80,13108,63,50,-inf,,-111.890859,-inf,-inf
1048576,1048640,2097280,0.106,222311,32,80,13108,63,51,-inf,,-114.128584,-inf,-inf
1048576,1048640,2097280,0.106,222311,32,80,13108,63,52,-inf,,-116.366297,-inf,-inf
1048576,1048640,2097280,0.106,222311,32,80,13108,63,53,-inf,,-118.603995,-inf,-inf
1048576,1048640,2097280,0.106,222311,32,80,13108,63,54,-inf,,-120.841678,-inf,-inf
1048576,1048640,2097280,0.106,222311,32,80,13108,63,55,-inf,,-123.079343,-inf,-inf
1048576,1048640,2097280,0.106,222311,32,80,13108,63,56,-inf,,-125.316987,-inf,-inf
1048576,1048640,2097280,0.106,222311,32,80,13108,63,57,-inf,,-127.554609,-inf,-inf
1048576,1048640,2097280,0.106,222311,32,80,13108,63,58,-inf,,-129.792205,-inf,-inf
1048576,1048640,2097280,0.106,222311,32,80,13108,63,59,-inf,,-132.029772,-inf,-inf
1048576,1048640,2097280,0.106,222311,32,80,13108,63,60,-inf,,-134.267306,-inf,-inf
1048576,1048640,2097280,0.106,222311,32,80,13108,63,61,-inf,,-136.504804,-inf,-inf
1048576,1048640,2097280,0.106,222311,32,80,13108,63,62,-inf,,-138.742260,-inf,-inf
1048576,1048640,2097280,0.106,222311,32,80,13108,63,63,84.941157,0.262175109676,-140.979669,-56.038513,-56.038513
1048576,1048640,2097280,0.106,222311,32,80,13108,63,64,86.872554,0.262175109676,-143.217026,-56.344472,-55.183397
1048576,1048640,2097280,0.106,222311,32,80,13108,63,65,88.525082,0.356995209458,-145.454324,-56.929242,-54.806930
1048576,1048640,2097280,0.106,222311,32,80,13108,63,66,90.011105,0.356995209458,-147.691555,-57.680449,-54.622391
1048576,1048640,2097280,0.106,222311,32,80,13108,63,67,91.497129,0.356995209458,-149.928710,-58.431582,-54.522978
1048576,1048640,2097280,0.106,222311,32,80,13108,63,68,92.983152,0.356995209458,-152.165781,-59.182629,-54.466998
1048576,1048640,2097280,0.106,222311,32,80,13108,63,69,94.469175,0.356995209458,-154.402757,-59.933581,-54.434736
1048576,1048640,2097280,0.106,222311,32,80,13108,63,70,95.955199,0.356995209458,-156.639626,-60.684427,-54.415899
1048576,1048640,2097280,0.106,222311,32,80,13108,63,71,97.441222,0.356995209458,-158.876374,-61.435151,-54.404820
1048576,1048640,2097280,0.106,222311,32,80,13108,63,72,98.927246,0.356995209458,-161.112986,-62.185741,-54.398276
1048576,1048640,2097280,0.106,222311,32,80,13108,63,73,100.413269,0.356995209458,-163.349447,-62.936178,-54.394399
1048576,1048640,2097280,0.106,222311,32,80,13108,63,74,101.899292,0.356995209458,-165.585736,-63.686444,-54.392100
1048576,1048640,2097280,0.106,222311,32,80,13108,63,75,103.385316,0.356995209458,-167.821833,-64.436518,-54.390734
1048576,1048640,2097280,0.106,222311,32,80,13108,63,76,104.871339,0.356995209458,-170.057715,-65.186376,-54.389923
1048576,1048640,2097280,0.106,222311,32,80,13108,63,77,106.357362,0.356995209458,-172.293355,-65.935992,-54.389440
1048576,1048640,2097280,0.106,222311,32,80,13108,63,78,107.843386,0.356995209458,-174.528724,-66.685338,-54.389153
1048576,1048640,2097280,0.106,222311,32,80,13108,63,79,109.329409,0.356995209458,-176.763788,-67.434379,-54.388983
1048576,1048640,2097280,0.106,222311,32,80,13108,63,80,110.815433,0.356995209458,-178.998512,-68.183080,-54.388881
1048576,1048640,2097280,0.106,222311,32,80,13108,63,81,112.208943,0.395687834785,-181.232855,-69.023913,-54.388825
1048576,1048640,2097280,0.106,222311,32,80,13108,63,82,113.546508,0.395687834785,-183.466772,-69.920264,-54.388794
1048576,1048640,2097280,0.106,222311,32,80,13108,63,83,114.884073,0.395687834785,-185.700212,-70.816139,-54.388778
1048576,1048640,2097280,0.106,222311,32,80,13108,63,84,116.221639,0.395687834785,-187.933121,-71.711482,-54.388769
1048576,1048640,2097280,0.106,222311,32,80,13108,63,85,117.559204,0.395687834785,-190.165436,-72.606232,-54.388764
1048576,1048640,2097280,0.106,222311,32,80,13108,63,86,118.896770,0.395687834785,-192.397090,-73.500320,-54.388762
1048576,1048640,2097280,0.106,222311,32,80,13108,63,87,120.234335,0.395687834785,-194.628006,-74.393671,-54.388760
1048576,1048640,2097280,0.106,222311,32,80,13108,63,88,121.571900,0.395687834785,-196.858104,-75.286204,-54.388759
1048576,1048640,2097280,0.106,222311,32,80,13108,63,89,122.909466,0.395687834785,-199.087293,-76.177827,-54.388759
1048576,1048640,2097280,0.106,222311,32,80,13108,63,90,124.247031,0.395687834785,-201.315473,-77.068442,-54.388759
1048576,1048640,2097280,0.106,222311,32,80,13108,63,91,125.584597,0.395687834785,-203.542536,-77.957939,-54.388759
1048576,1048640,2097280,0.106,222311,32,80,13108,63,92,126.922162,0.395687834785,-205.768365,-78.846203,-54.388759
1048576,1048640,2097280,0.106,222311,32,80,13108,63,93,128.259727,0.395687834785,-207.992832,-79.733105,-54.388759
1048576,1048640,2097280,0.106,222311,32,80,13108,63,94,129.597293,0.395687834785,-210.215800,-80.618508,-54.388759
1048576,1048640,2097280,0.106,222311,32,80,13108,63,95,130.934858,0.395687834785,-212.437121,-81.502263,-54.388759
1048576,1048640,2097280,0.106,222311,32,80,13108,63,96,132.272423,0.395687834785,-214.656639,-82.384215,-54.388759
1048576,1048640,2097280,0.106,222311,32,80,13108,63,97,133.609989,0.395687834785,-216.874183,-83.264194,-54.388759
1048576,1048640,2097280,0.106,222311,32,80,13108,63,98,134.947554,0.395687834785,-219.089579,-84.142025,-54.388759
1048576,1048640,2097280,0.106,222311,32,80,13108,63,99,136.285120,0.395687834785,-221.302639,-85.017520,-54.388759
1048576,1048640,2097280,0.106,222311,32,80,13108,63,100,137.622685,0.395687834785,-223.513174,-85.890489,-54.388759
1048576,1048640,2097280,0.106,222311,32,80,13108,63,101,138.960250,0.395687834785,-225.720982,-86.760731,-54.388759
1048576,1048640,2097280,0.106,222311,32,80,13108,63,102,140.297816,0.395687834785,-227.925862,-87.628047,-54.388759
1048576,1048640,2097280,0.106,222311,32,80,13108,63,103,141.635381,0.395687834785,-230.127608,-88.492227,-54.388759
1048576,1048640,2097280,0.106,222311,32,80,13108,63,104,142.972947,0.395687834785,-232.326017,-89.353071,-54.388759
1048576,1048640,2097280,0.106,222311,32,80,13108,63,105,144.310512,0.395687834785,-234.520892,-90.210380,-54.388759
1048576,1048640,2097280,0.106,222311,32,80,13108,63,106,145.648077,0.395687834785,-236.712034,-91.063957,-54.388759
1048576,1048640,2097280,0.106,222311,32,80,13108,63,107,146.985643,0.395687834785,-238.899265,-91.913622,-54.388759
1048576,1048640,2097280,0.106,222311,32,80,13108,63,108,148.323208,0.395687834785,-241.082416,-92.759208,-54.388759
1048576,1048640,2097280,0.106,222311,32,80,13108,63,109,149.660773,0.395687834785,-243.261334,-93.600561,-54.388759
1048576,1048640,2097280,0.106,222311,32,80,13108,63,110,150.998339,0.395687834785,-245.435890,-94.437551,-54.388759
1048576,1048640,2097280,0.106,222311,32,80,13108,63,111,152.335904,0.395687834785,-247.605979,-95.270075,-54.388759
1048576,1048640,2097280,0.106,222311,32,80,13108,63,112,153.673470,0.395687834785,-249.771519,-96.098049,-54.388759
1048576,1048640,2097280,0.106,222311,32,80,13108,63,113,155.011035,0.395687834785,-251.932459,-96.921424,-54.388759
1048576,1048640,2097280,0.106,222311,32,80,13108,63,114,156.348600,0.395687834785,-254.088781,-97.740180,-54.388759
1048576,1048640,2097280,0.106,222311,32,80,13108,63,115,157.686166,0.395687834785,-256.240489,-98.554323,-54.388759
1048576,1048640,2097280,0.106,222311,32,80,13108,63,116,159.023731,0.395687834785,-258.387626,-99.363895,-54.388759
1048576,1048640,2097280,0.106,222311,32,80,13108,63,117,160.361296,0.395687834785,-260.530262,-100.168966,-54.388759
1048576,1048640,2097280,0.106,222311,32,80,13108,63,118,161.698862,0.395687834785,-262.668490,-100.969629,-54.388759
1048576,1048640,2097280,0.106,222311,32,80,13108,63,119,163.036427,0.395687834785,-264.802434,-101.766007,-54.388759
1048576,1048640,2097280,0.106,222311,32,80,13108,63,120,164.373993,0.395687834785,-266.932240,-102.558247,-54.388759
1048576,1048640,2097280,0.106,222311,32,80,13108,63,121,165.711558,0.395687834785,-269.058068,-103.346510,-54.388759
1048576,1048640,2097280,0.106,222311,32,80,13108,63,122,167.049123,0.395687834785,-271.180098,-104.130975,-54.388759
1048576,1048640,2097280,0.106,222311,32,80,13108,63,123,168.386689,0.395687834785,-273.298525,-104.911836,-54.388759
1048576,1048640,2097280,0.106,222311,32,80,13108,63,124,169.724254,0.395687834785,-275.413544,-105.689290,-54.388759
1048576,1048640,2097280,0.106,222311,32,80,13108,63,125,171.061820,0.395687834785,-277.525364,-106.463544,-54.388759
1048576,1048640,2097280,0.106,222311,32,80,13108,63,126,172.399385,0.395687834785,-279.634192,-107.234807,-54.388759
1048576,1048640,2097280,0.106,222311,32,80,13108,63,127,173.736950,0.395687834785,-281.740235,-108.003284,-54.388759
1048576,1048640,2097280,0.106,222311,32,80,13108,63,128,175.074516,0.395687834785,-283.843696,-108.769180,-54.388759
1048576,1048640,2097280,0.106,222311,32,80,13108,63,129,176.412081,0.395687834785,-285.944776,-109.532695,-54.388759
1048576,1048640,2097280,0.106,222311,32,80,13108,63,130,177.749646,0.395687834785,-288.043665,-110.294018,-54.388759
1048576,1048640,2097280,0.106,222311,32,80,13108,63,131,179.087212,0.395687834785,-290.140548,-111.053337,-54.388759
1048576,1048640,2097280,0.106,222311,32,80,13108,63,132,180.424777,0.395687834785,-292.235603,-111.810825,-54.388759
1048576,1048640,2097280,0.106,222311,32,80,13108,63,133,181.762343,0.395687834785,-294.328991,-112.566648,-54.388759
1048576,1048640,2097280,0.106,222311,32,80,13108,63,134,183.099908,0.395687834785,-296.420869,-113.320961,-54.388759
1048576,1048640,2097280,0.106,222311,32,80,13108,63,135,184.437473,0.395687834785,-298.511384,-114.073911,-54.388759
1048576,1048640,2097280,0.106,222311,32,80,13108,63,136,185.775039,0.395687834785,-300.600669,-114.825630,-54.388759
1048576,1048640,2097280,0.106,222311,32,80,13108,63,137,187.112604,0.395687834785,-302.688848,-115.576244,-54.388759
1048576,1048640,2097280,0.106,222311,32,80,13108,63,138,188.450170,0.395687834785,-304.776039,-116.325869,-54.388759
1048576,1048640,2097280,0.106,222311,32,80,13108,63,139,189.787735,0.395687834785,-306.862344,-117.074609,-54.388759
1048576,1048640,2097280,0.106,222311,32,80,13108,63,140,191.125300,0.395687834785,-308.947862,-117.822562,-54.388759
1048576,1048640,2097280,0.106,222311,32,80,13108,63,141,192.462866,0.395687834785,-311.032682,-118.569816,-54.388759
1048576,1048640,2097280,0.106,222311,32,80,13108,63,142,193.800431,0.395687834785,-313.116882,-119.316451,-54.388759
1048576,1048640,2097280,0.106,222311,32,80,13108,63,143,195.137996,0.395687834785,-315.200536,-120.062540,-54.388759
1048576,1048640,2097280,0.106,222311,32,80,13108,63,144,196.475562,0.395687834785,-317.283711,-120.808149,-54.388759
1048576,1048640,2097280,0.106,222311,32,80,13108,63,145,197.813127,0.395687834785,-319.366466,-121.553339,-54.388759
1048576,1048640,2097280,0.106,222311,32,80,13108,63,146,199.150693,0.395687834785,-321.448856,-122.298163,-54.388759
1048576,1048640,2097280,0.106,222311,32,80,13108,63,147,200.488258,0.395687834785,-323.530929,-123.042671,-54.388759
1048576,1048640,2097280,0.106,222311,32,80,13108,63,148,201.825823,0.395687834785,-325.612729,-123.786906,-54.388759
1048576,1048640,2097280,0.106,222311,32,80,13108,63,149,203.163389,0.395687834785,-327.694296,-124.530907,-54.388759
1048576,1048640,2097280,0.106,222311,32,80,13108,63,150,204.500954,0.395687834785,-329.775665,-125.274711,-54.388759
1048576,1048640,2097280,0.106,222311,32,80,13108,63,151,205.838520,0.395687834785,-331.856868,-126.018348,-54.388759
1048576,1048640,2097280,0.106,222311,32,80,13108,63,152,207.176085,0.395687834785,-333.937933,-126.761848,-54.388759
1048576,1048640,2097280,0.106,222311,32,80,13108,63,153,208.513650,0.395687834785,-336.018886,-127.505236,-54.388759
1048576,1048640,2097280,0.106,222311,32,80,13108,63,154,209.851216,0.395687834785,-338.099750,-128.248534,-54.388759
1048576,1048640,2097280,0.106,222311,32,80,13108,63,155,211.188781,0.395687834785,-340.180545,-128.991764,-54.388759
1048576,1048640,2097280,0.106,222311,32,80,13108,63,156,212.526346,0.395687834785,-342.261288,-129.734942,-54.388759
1048576,1048640,2097280,0.106,222311,32,80,13108,63,157,213.863912,0.395687834785,-344.341998,-130.478086,-54.388759
1048576,1048640,2097280,0.106,222311,32,80,13108,63,158,215.201477,0.395687834785,-346.422686,-131.221209,-54.388759
1048576,1048640,2097280,0.106,222311,32,80,13108,63,159,216.539043,0.395687834785,-348.503367,-131.964325,-54.388759
1048576,1048640,2097280,0.106,222311,32,80,13108,63,160,217.876608,0.395687834785,-350.584052,-132.707444,-54.388759
1048576,1048640,2097280,0.106,222311,32,80,13108,64,1,-inf,,-2.237846,-inf,-inf
1048576,1048640,2097280,0.106,222311,32,80,13108,64,2,-inf,,-4.475692,-inf,-inf
1048576,1048640,2097280,0.106,222311,32,80,13108,64,3,-inf,,-6.713537,-inf,-inf
1048576,1048640,2097280,0.106,222311,32,80,13108,64,4,-inf,,-8.951381,-inf,-inf
1048576,1048640,2097280,0.106,222311,32,80,13108,64,5,-inf,,-11.189224,-inf,-inf
1048576,1048640,2097280,0.106,222311,32,80,13108,64,6,-inf,,-13.427067,-inf,-inf
1048576,1048640,2097280,0.106,222311,32,80,13108,64,7,-inf,,-15.664909,-inf,-inf
1048576,1048640,2097280,0.106,222311,32,80,13108,64,8,-inf,,-17.902750,-inf,-inf
1048576,1048640,2097280,0.106,222311,32,80,13108,64,9,-inf,,-20.140591,-inf,-inf
1048576,1048640,2097280,0.106,222311,32,80,13108,64,10,-inf,,-22.378431,-inf,-inf
1048576,1048640,2097280,0.106,222311,32,80,13108,64,11,-inf,,-24.616270,-inf,-inf
1048576,1048640,2097280,0.106,222311,32,80,13108,64,12,-inf,,-26.854108,-inf,-inf
1048576,1048640,2097280,0.106,222311,32,80,13108,64,13,-inf,,-29.091945,-inf,-inf
1048576,1048640,2097280,0.106,222311,32,80,13108,64,14,-inf,,-31.329782,-inf,-inf
1048576,1048640,2097280,0.106,222311,32,80,13108,64,15,-inf,,-33.567618,-inf,-inf
1048576,1048640,2097280,0.106,222311,32,80,13108,64,16,-inf,,-35.805453,-inf,-inf
1048576,1048640,2097280,0.106,222311,32,80,13108,64,17,-inf,,-38.043288,-inf,-inf
1048576,1048640,2097280,0.106,222311,32,80,13108,64,18,-inf,,-40.281121,-inf,-inf
1048576,1048640,2097280,0.106,222311,32,80,13108,64,19,-inf,,-42.518954,-inf,-inf
1048576,1048640,2097280,0.106,222311,32,80,13108,64,20,-inf,,-44.756786,-inf,-inf
1048576,1048640,2097280,0.106,222311,32,80,13108,64,21,-inf,,-46.994617,-inf,-inf
1048576,1048640,2097280,0.106,222311,32,80,13108,64,22,-inf,,-49.232447,-inf,-inf
1048576,1048640,2097280,0.106,222311,32,80,13108,64,23,-inf,,-51.470276,-inf,-inf
1048576,1048640,2097280,0.106,222311,32,80,13108,64,24,-inf,,-53.708104,-inf,-inf
1048576,1048640,2097280,0.106,222311,32,80,13108,64,25,-inf,,-55.945932,-inf,-inf
1048576,1048640,2097280,0.106,222311,32,80,13108,64,26,-inf,,-58.183758,-inf,-inf
1048576,1048640,2097280,0.106,222311,32,80,13108,64,27,-inf,,-60.421583,-inf,-inf
1048576,1048640,2097280,0.106,222311,32,80,13108,64,28,-inf,,-62.659406,-inf,-inf
1048576,1048640,2097280,0.106,222311,32,80,13108,64,29,-inf,,-64.897229,-inf,-inf
1048576,1048640,2097280,0.106,222311,32,80,13108,64,30,-inf,,-67.135050,-inf,-inf
1048576,1048640,2097280,0.106,222311,32,80,13108,64,31,-inf,,-69.372869,-inf,-inf
1048576,1048640,2097280,0.106,222311,32,80,13108,64,32,-inf,,-71.610687,-inf,-inf
1048576,1048640,2097280,0.106,222311,32,80,13108,64,33,-inf,,-73.848504,-inf,-inf
1048576,1048640,2097280,0.106,222311,32,80,13108,64,34,-inf,,-76.086318,-inf,-inf
1048576,1048640,2097280,0.106,222311,32,80,13108,64,35,-inf,,-78.324131,-inf,-inf
1048576,1048640,2097280,0.106,222311,32,80,13108,64,36,-inf,,-80.561941,-inf,-inf
1048576,1048640,2097280,0.106,222311,32,80,13108,64,37,-inf,,-82.799749,-inf,-inf
1048576,1048640,2097280,0.106,222311,32,80,13108,64,38,-inf,,-85.037554,-inf,-inf
1048576,1048640,2097280,0.106,222311,32,80,13108,64,39,-inf,,-87.275356,-inf,-inf
1048576,1048640,2097280,0.106,222311,32,80,13108,64,40,-inf,,-89.513155,-inf,-inf
1048576,1048640,2097280,0.106,222311,32,80,13108,64,41,-inf,,-91.750951,-inf,-inf
1048576,1048640,2097280,0.106,222311,32,80,13108,64,42,-inf,,-93.988742,-inf,-inf
1048576,1048640,2097280,0.106,222311,32,80,13108,64,43,-inf,,-96.226529,-inf,-inf
1048576,1048640,2097280,0.106,222311,32,80,13108,64,44,-inf,,-98.464311,-inf,-inf
1048576,1048640,2097280,0.106,222311,32,80,13108,64,45,-inf,,-100.702087,-inf,-inf
1048576,1048640,2097280,0.106,222311,32,80,13108,64,46,-inf,,-102.939857,-inf,-inf
1048576,1048640,2097280,0.106,222311,32,80,13108,64,47,-inf,,-105.177620,-inf,-inf
1048576,1048640,2097280,0.106,222311,32,80,13108,64,48,-inf,,-107.415376,-inf,-inf
1048576,1048640,2097280,0.106,222311,32,80,13108,64,49,-inf,,-109.653122,-inf,-inf
1048576,1048640,2097280,0.106,222311,32,80,13108,64,50,-inf,,-111.890859,-inf,-inf
1048576,1048640,2097280,0.106,222311,32,80,13108,64,51,-inf,,-114.128584,-inf,-inf
1048576,1048640,2097280,0.106,222311,32,80,13108,64,52,-inf,,-116.366297,-inf,-inf
1048576,1048640,2097280,0.106,222311,32,80,13108,64,53,-inf,,-118.603995,-inf,-inf
1048576,1048640,2097280,0.106,222311,32,80,13108,64,54,-inf,,-120.841678,-inf,-inf
1048576,1048640,2097280,0.106,222311,32,80,13108,64,55,-inf,,-123.079343,-inf,-inf
1048576,1048640,2097280,0.106,222311,32,80,13108,64,56,-inf,,-125.316987,-inf,-inf
1048576,1048640,2097280,0.106,222311,32,80,13108,64,57,-inf,,-127.554609,-inf,-inf
1048576,1048640,2097280,0.106,222311,32,80,13108,64,58,-inf,,-129.792205,-inf,-inf
1048576,1048640,2097280,0.106,222311,32,80,13108,64,59,-inf,,-132.029772,-inf,-inf
1048576,1048640,2097280,0.106,222311,32,80,13108,64,60,-inf,,-134.267306,-inf,-inf
1048576,1048640,2097280,0.106,222311,32,80,13108,64,61,-inf,,-136.504804,-inf,-inf
1048576,1048640,2097280,0.106,222311,32,80,13108,64,62,-inf,,-138.742260,-inf,-inf
1048576,1048640,2097280,0.106,222311,32,80,13108,64,63,-inf,,-140.979669,-inf,-inf
1048576,1048640,2097280,0.106,222311,32,80,13108,64,64,85.287592,0.262175109676,-143.217026,-57.929435,-57.929435
1048576,1048640,2097280,0.106,222311,32,80,13108,64,65,87.218989,0.262175109676,-145.454324,-58.235335,-57.074292
1048576,1048640,2097280,0.106,222311,32,80,13108,64,66,89.085317,0.356995209458,-147.691555,-58.606238,-56.645817
1048576,1048640,2097280,0.106,222311,32,80,13108,64,67,90.571340,0.356995209458,-149.928710,-59.357370,-56.440843
1048576,1048640,2097280,0.106,222311,32,80,13108,64,68,92.057363,0.356995209458,-152.165781,-60.108418,-56.331555
1048576,1048640,2097280,0.106,222311,32,80,13108,64,69,93.543387,0.356995209458,-154.402757,-60.859370,-56.270332
1048576,1048640,2097280,0.106,222311,32,80,13108,64,70,95.029410,0.356995209458,-156.639626,-61.610216,-56.235143
1048576,1048640,2097280,0.106,222311,32,80,13108,64,71,96.515433,0.356995209458,-158.876374,-62.360940,-56.214630
1048576,1048640,2097280,0.106,222311,32,80,13108,64,72,98.001457,0.356995209458,-161.112986,-63.111530,-56.202574
1048576,1048640,2097280,0.106,222311,32,80,13108,64,73,99.487480,0.356995209458,-163.349447,-63.861966,-56.195456
1048576,1048640,2097280,0.106,222311,32,80,13108,64,74,100.952625,0.395687834785,-165.585736,-64.633111,-56.191301
1048576,1048640,2097280,0.106,222311,32,80,13108,64,75,102.290191,0.395687834785,-167.821833,-65.531643,-56.189077
1048576,1048640,2097280,0.106,222311,32,80,13108,64,76,103.627756,0.395687834785,-170.057715,-66.429959,-56.187885
1048576,1048640,2097280,0.106,222311,32,80,13108,64,77,104.965321,0.395687834785,-172.293355,-67.328033,-56.187246
1048576,1048640,2097280,0.106,222311,32,80,13108,64,78,106.302887,0.395687834785,-174.528724,-68.225837,-56.186903
1048576,1048640,2097280,0.106,222311,32,80,13108,64,79,107.640452,0.395687834785,-176.763788,-69.123336,-56.186719
1048576,1048640,2097280,0.106,222311,32,80,13108,64,80,108.978018,0.395687834785,-178.998512,-70.020495,-56.186620
1048576,1048640,2097280,0.106,222311,32,80,13108,64,81,110.315583,0.395687834785,-181.232855,-70.917272,-56.186567
1048576,1048640,2097280,0.106,222311,32,80,13108,64,82,111.653148,0.395687834785,-183.466772,-71.813624,-56.186539
1048576,1048640,2097280,0.106,222311,32,80,13108,64,83,112.990714,0.395687834785,-185.700212,-72.709499,-56.186523
1048576,1048640,2097280,0.106,222311,32,80,13108,64,84,114.328279,0.395687834785,-187.933121,-73.604842,-56.186515
1048576,1048640,2097280,0.106,222311,32,80,13108,64,85,115.665844,0.395687834785,-190.165436,-74.499591,-56.186511
1048576,1048640,2097280,0.106,222311,32,80,13108,64,86,117.003410,0.395687834785,-192.397090,-75.393680,-56.186508
1048576,1048640,2097280,0.106,222311,32,80,13108,64,87,118.340975,0.395687834785,-194.628006,-76.287031,-56.186507
1048576,1048640,2097280,0.106,222311,32,80,13108,64,88,119.678541,0.395687834785,-196.858104,-77.179564,-56.186506
1048576,1048640,2097280,0.106,222311,32,80,13108,64,89,121.016106,0.395687834785,-199.087293,-78.071187,-56.186506
1048576,1048640,2097280,0.106,222311,32,80,13108,64,90,122.353671,0.395687834785,-201.315473,-78.961802,-56.186506
1048576,1048640,2097280,0.106,222311,32,80,13108,64,91,123.691237,0.395687834785,-203.542536,-79.851299,-56.186506
1048576,1048640,2097280,0.106,222311,32,80,13108,64,92,125.028802,0.395687834785,-205.768365,-80.739563,-56.186506
1048576,1048640,2097280,0.106,222311,32,80,13108,64,93,126.366368,0.395687834785,-207.992832,-81.626464,-56.186506
1048576,1048640,2097280,0.106,222311,32,80,13108,64,94,127.703933,0.395687834785,-210.215800,-82.511868,-56.186506
1048576,1048640,2097280,0.106,222311,32,80,13108,64,95,129.041498,0.395687834785,-212.437121,-83.395623,-56.186506
1048576,1048640,2097280,0.106,222311,32,80,13108,64,96,130.379064,0.395687834785,-214.656639,-84.277575,-56.186506
1048576,1048640,2097280,0.106,222311,32,80,13108,64,97,131.716629,0.395687834785,-216.874183,-85.157554,-56.186506
1048576,1048640,2097280,0.106,222311,32,80,13108,64,98,133.054194,0.395687834785,-219.089579,-86.035384,-56.186506
1048576,1048640,2097280,0.106,222311,32,80,13108,64,99,134.391760,0.395687834785,-221.302639,-86.910880,-56.186506
1048576,1048640,2097280,0.106,222311,32,80,13108,64,100,135.729325,0.395687834785,-223.513174,-87.783849,-56.186506
1048576,1048640,2097280,0.106,222311,32,80,13108,64,101,137.066891,0.395687834785,-225.720982,-88.654091,-56.186506
1048576,1048640,2097280,0.106,222311,32,80,13108,64,102,138.404456,0.395687834785,-227.925862,-89.521406,-56.186506
1048576,1048640,2097280,0.106,222311,32,80,13108,64,103,139.742021,0.395687834785,-230.127608,-90.385587,-56.186506
1048576,1048640,2097280,0.106,222311,32,80,13108,64,104,141.079587,0.395687834785,-232.326017,-91.246431,-56.186506
1048576,1048640,2097280,0.106,222311,32,80,13108,64,105,142.417152,0.395687834785,-234.520892,-92.103740,-56.186506
1048576,1048640,2097280,0.106,222311,32,80,13108,64,106,143.754718,0.395687834785,-236.712034,-92.957317,-56.186506
1048576,1048640,2097280,0.106,222311,32,80,13108,64,107,145.092283,0.395687834785,-238.899265,-93.806982,-56.186506
1048576,1048640,2097280,0.106,222311,32,80,13108,64,108,146.429848,0.395687834785,-241.082416,-94.652568,-56.186506
1048576,1048640,2097280,0.106,222311,32,80,13108,64,109,147.767414,0.395687834785,-243.261334,-95.493920,-56.186506
1048576,1048640,2097280,0.106,222311,32,80,13108,64,110,149.104979,0.395687834785,-245.435890,-96.330911,-56.186506
1048576,1048640,2097280,0.106,222311,32,80,13108,64,111,150.442544,0.395687834785,-247.605979,-97.163435,-56.186506
1048576,1048640,2097280,0.106,222311,32,80,13108,64,112,151.780110,0.395687834785,-249.771519,-97.991409,-56.186506
1048576,1048640,2097280,0.106,222311,32,80,13108,64,113,153.117675,0.395687834785,-251.932459,-98.814784,-56.186506
1048576,1048640,2097280,0.106,222311,32,80,13108,64,114,154.455241,0.395687834785,-254.088781,-99.633540,-56.186506
1048576,1048640,2097280,0.106,222311,32,80,13108,64,115,155.792806,0.395687834785,-256.240489,-100.447683,-56.186506
1048576,1048640,2097280,0.106,222311,32,80,13108,64,116,157.130371,0.395687834785,-258.387626,-101.257255,-56.186506
1048576,1048640,2097280,0.106,222311,32,80,13108,64,117,158.467937,0.395687834785,-260.530262,-102.062325,-56.186506
1048576,1048640,2097280,0.106,222311,32,80,13108,64,118,159.805502,0.395687834785,-262.668490,-102.862988,-56.186506
1048576,1048640,2097280,0.106,222311,32,80,13108,64,119,161.143067,0.395687834785,-264.802434,-103.659367,-56.186506
1048576,1048640,2097280,0.106,222311,32,80,13108,64,120,162.480633,0.395687834785,-266.932240,-104.451607,-56.186506
1048576,1048640,2097280,0.106,222311,32,80,13108,64,121,163.818198,0.395687834785,-269.058068,-105.239870,-56.186506
1048576,1048640,2097280,0.106,222311,32,80,13108,64,122,165.155764,0.395687834785,-271.180098,-106.024335,-56.186506
1048576,1048640,2097280,0.106,222311,32,80,13108,64,123,166.493329,0.395687834785,-273.298525,-106.805196,-56.186506
1048576,1048640,2097280,0.106,222311,32,80,13108,64,124,167.830894,0.395687834785,-275.413544,-107.582650,-56.186506
1048576,1048640,2097280,0.106,222311,32,80,13108,64,125,169.168460,0.395687834785,-277.525364,-108.356904,-56.186506
1048576,1048640,2097280,0.106,222311,32,80,13108,64,126,170.506025,0.395687834785,-279.634192,-109.128167,-56.186506
1048576,1048640,2097280,0.106,222311,32,80,13108,64,127,171.843591,0.395687834785,-281.740235,-109.896644,-56.186506
1048576,1048640,2097280,0.106,222311,32,80,13108,64,128,173.181156,0.395687834785,-283.843696,-110.662540,-56.186506
1048576,1048640,2097280,0.106,222311,32,80,13108,64,129,174.518721,0.395687834785,-285.944776,-111.426054,-56.186506
1048576,1048640,2097280,0.106,222311,32,80,13108,64,130,175.856287,0.395687834785,-288.043665,-112.187378,-56.186506
1048576,1048640,2097280,0.106,222311,32,80,13108,64,131,177.193852,0.395687834785,-290.140548,-112.946696,-56.186506
1048576,1048640,2097280,0.106,222311,32,80,13108,64,132,178.531417,0.395687834785,-292.235603,-113.704185,-56.186506
1048576,1048640,2097280,0.106,222311,32,80,13108,64,133,179.868983,0.395687834785,-294.328991,-114.460008,-56.186506
1048576,1048640,2097280,0.106,222311,32,80,13108,64,134,181.206548,0.395687834785,-296.420869,-115.214321,-56.186506
1048576,1048640,2097280,0.106,222311,32,80,13108,64,135,182.544114,0.395687834785,-298.511384,-115.967271,-56.186506
1048576,1048640,2097280,0.106,222311,32,80,13108,64,136,183.881679,0.395687834785,-300.600669,-116.718990,-56.186506
1048576,1048640,2097280,0.106,222311,32,80,13108,64,137,185.219244,0.395687834785,-302.688848,-117.469604,-56.186506
1048576,1048640,2097280,0.106,222311,32,80,13108,64,138,186.556810,0.395687834785,-304.776039,-118.219229,-56.186506
1048576,1048640,2097280,0.106,222311,32,80,13108,64,139,187.894375,0.395687834785,-306.862344,-118.967969,-56.186506
1048576,1048640,2097280,0.106,222311,32,80,13108,64,140,189.231941,0.395687834785,-308.947862,-119.715922,-56.186506
1048576,1048640,2097280,0.106,222311,32,80,13108,64,141,190.569506,0.395687834785,-311.032682,-120.463176,-56.186506
1048576,1048640,2097280,0.106,222311,32,80,13108,64,142,191.907071,0.395687834785,-313.116882,-121.209810,-56.186506
1048576,1048640,2097280,0.106,222311,32,80,13108,64,143,193.244637,0.395687834785,-315.200536,-121.955899,-56.186506
1048576,1048640,2097280,0.106,222311,32,80,13108,64,144,194.582202,0.395687834785,-317.283711,-122.701509,-56.186506
1048576,1048640,2097280,0.106,222311,32,80,13108,64,145,195.919767,0.395687834785,-319.366466,-123.446699,-56.186506
1048576,1048640,2097280,0.106,222311,32,80,13108,64,146,197.257333,0.395687834785,-321.448856,-124.191523,-56.186506
1048576,1048640,2097280,0.106,222311,32,80,13108,64,147,198.594898,0.395687834785,-323.530929,-124.936031,-56.186506
1048576,1048640,2097280,0.106,222311,32,80,13108,64,148,199.932464,0.395687834785,-325.612729,-125.680266,-56.186506
1048576,1048640,2097280,0.106,222311,32,80,13108,64,149,201.270029,0.395687834785,-327.694296,-126.424267,-56.186506
1048576,1048640,2097280,0.106,222311,32,80,13108,64,150,202.607594,0.395687834785,-329.775665,-127.168071,-56.186506
1048576,1048640,2097280,0.106,222311,32,80,13108,64,151,203.945160,0.395687834785,-331.856868,-127.911708,-56.186506
1048576,1048640,2097280,0.106,222311,32,80,13108,64,152,205.282725,0.395687834785,-333.937933,-128.655208,-56.186506
1048576,1048640,2097280,0.106,222311,32,80,13108,64,153,206.620291,0.395687834785,-336.018886,-129.398596,-56.186506
1048576,1048640,2097280,0.106,222311,32,80,13108,64,154,207.957856,0.395687834785,-338.099750,-130.141894,-56.186506
1048576,1048640,2097280,0.106,222311,32,80,13108,64,155,209.295421,0.395687834785,-340.180545,-130.885123,-56.186506
1048576,1048640,2097280,0.106,222311,32,80,13108,64,156,210.632987,0.395687834785,-342.261288,-131.628302,-56.186506
1048576,1048640,2097280,0.106,222311,32,80,13108,64,157,211.970552,0.395687834785,-344.341998,-132.371446,-56.186506
1048576,1048640,2097280,0.106,222311,32,80,13108,64,158,213.308117,0.395687834785,-346.422686,-133.114569,-56.186506
1048576,1048640,2097280,0.106,222311,32,80,13108,64,159,214.645683,0.395687834785,-348.503367,-133.857684,-56.186506
1048576,1048640,2097280,0.106,222311,32,80,13108,64,160,215.983248,0.395687834785,-350.584052,-134.600804,-56.186506
1048576,1048640,2097280,0.106,222311,32,80,13108,65,1,-inf,,-2.237846,-inf,-inf
1048576,1048640,2097280,0.106,222311,32,80,13108,65,2,-inf,,-4.475692,-inf,-inf
1048576,1048640,2097280,0.106,222311,32,80,13108,65,3,-inf,,-6.713537,-inf,-inf
1048576,1048640,2097280,0.106,222311,32,80,13108,65,4,-inf,,-8.951381,-inf,-inf
1048576,1048640,2097280,0.106,222311,32,80,13108,65,5,-inf,,-11.189224,-inf,-inf
1048576,1048640,2097280,0.106,222311,32,80,13108,65,6,-inf,,-13.427067,-inf,-inf
1048576,1048640,2097280,0.106,222311,32,80,13108,65,7,-inf,,-15.664909,-inf,-inf
1048576,1048640,2097280,0.106,222311,32,80,13108,65,8,-inf,,-17.902750,-inf,-inf
1048576,1048640,2097280,0.106,222311,32,80,13108,65,9,-inf,,-20.140591,-inf,-inf
1048576,1048640,2097280,0.106,222311,32,80,13108,65,10,-inf,,-22.378431,-inf,-inf
1048576,1048640,2097280,0.106,222311,32,80,13108,65,11,-inf,,-24.616270,-inf,-inf
1048576,1048640,2097280,0.106,222311,32,80,13108,65,12,-inf,,-26.854108,-inf,-inf
1048576,1048640,2097280,0.106,222311,32,80,13108,65,13,-inf,,-29.091945,-inf,-inf
1048576,1048640,2097280,0.106,222311,32,80,13108,65,14,-inf,,-31.329782,-inf,-inf
1048576,1048640,2097280,0.106,222311,32,80,13108,65,15,-inf,,-33.567618,-inf,-inf
1048576,1048640,2097280,0.106,222311,32,80,13108,65,16,-inf,,-35.805453,-inf,-inf
1048576,1048640,2097280,0.106,222311,32,80,13108,65,17,-inf,,-38.043288,-inf,-inf
1048576,1048640,2097280,0.106,222311,32,80,13108,65,18,-inf,,-40.281121,-inf,-inf
1048576,1048640,2097280,0.106,222311,32,80,13108,65,19,-inf,,-42.518954,-inf,-inf
1048576,1048640,2097280,0.106,222311,32,80,13108,65,20,-inf,,-44.756786,-inf,-inf
1048576,1048640,2097280,0.106,222311,32,80,13108,65,21,-inf,,-46.994617,-inf,-inf
1048576,1048640,2097280,0.106,222311,32,80,13108,65,22,-inf,,-49.232447,-inf,-inf
1048576,1048640,2097280,0.106,222311,32,80,13108,65,23,-inf,,-51.470276,-inf,-inf
1048576,1048640,2097280,0.106,222311,32,80,13108,65,24,-inf,,-53.708104,-inf,-inf
1048576,1048640,2097280,0.106,222311,32,80,13108,65,25,-inf,,-55.945932,-inf,-inf
1048576,1048640,2097280,0.106,222311,32,80,13108,65,26,-inf,,-58.183758,-inf,-inf
1048576,1048640,2097280,0.106,222311,32,80,13108,65,27,-inf,,-60.421583,-inf,-inf
1048576,1048640,2097280,0.106,222311,32,80,13108,65,28,-inf,,-62.659406,-inf,-inf
1048576,1048640,2097280,0.106,222311,32,80,13108,65,29,-inf,,-64.897229,-inf,-inf
1048576,1048640,2097280,0.106,222311,32,80,13108,65,30,-inf,,-67.135050,-inf,-inf
1048576,1048640,2097280,0.106,222311,32,80,13108,65,31,-inf,,-69.372869,-inf,-inf
1048576,1048640,2097280,0.106,222311,32,80,13108,65,32,-inf,,-71.610687,-inf,-inf
1048576,1048640,2097280,0.106,222311,32,80,13108,65,33,-inf,,-73.848504,-inf,-inf
1048576,1048640,2097280,0.106,222311,32,80,13108,65,34,-inf,,-76.086318,-inf,-inf
1048576,1048640,2097280,0.106,222311,32,80,13108,65,35,-inf,,-78.324131,-inf,-inf
1048576,1048640,2097280,0.106,222311,32,80,13108,65,36,-inf,,-80.561941,-inf,-inf
1048576,1048640,2097280,0.106,222311,32,80,13108,65,37,-inf,,-82.799749,-inf,-inf
1048576,1048640,2097280,0.106,222311,32,80,13108,65,38,-inf,,-85.037554,-inf,-inf
1048576,1048640,2097280,0.106,222311,32,80,13108,65,39,-inf,,-87.275356,-inf,-inf
1048576,1048640,2097280,0.106,222311,32,80,13108,65,40,-inf,,-89.513155,-inf,-inf
1048576,1048640,2097280,0.106,222311,32,80,13108,65,41,-inf,,-91.750951,-inf,-inf
1048576,1048640,2097280,0.106,222311,32,80,13108,65,42,-inf,,-93.988742,-inf,-inf
1048576,1048640,2097280,0.106,222311,32,80,13108,65,43,-inf,,-96.226529,-inf,-inf
1048576,1048640,2097280,0.106,222311,32,80,13108,65,44,-inf,,-98.464311,-inf,-inf
1048576,1048640,2097280,0.106,222311,32,80,13108,65,45,-inf,,-100.702087,-inf,-inf
1048576,1048640,2097280,0.106,222311,32,80,13108,65,46,-inf,,-102.939857,-inf,-inf
1048576,1048640,2097280,0.106,222311,32,80,13108,65,47,-inf,,-105.177620,-inf,-inf
1048576,1048640,2097280,0.106,222311,32,80,13108,65,48,-inf,,-107.415376,-inf,-inf
1048576,1048640,2097280,0.106,222311,32,80,13108,65,49,-inf,,-109.653122,-inf,-inf
1048576,1048640,2097280,0.106,222311,32,80,13108,65,50,-inf,,-111.890859,-inf,-inf
1048576,1048640,2097280,0.106,222311,32,80,13108,65,51,-inf,,-114.128584,-inf,-inf
1048576,1048640,2097280,0.106,222311,32,80,13108,65,52,-inf,,-116.366297,-inf,-inf
1048576,1048640,2097280,0.106,222311,32,80,13108,65,53,-inf,,-118.603995,-inf,-inf
1048576,1048640,2097280,0.106,222311,32,80,13108,65,54,-inf,,-120.841678,-inf,-inf
1048576,1048640,2097280,0.106,222311,32,80,13108,65,55,-inf,,-123.079343,-inf,-inf
1048576,1048640,2097280,0.106,222311,32,80,13108,65,56,-inf,,-125.316987,-inf,-inf
1048576,1048640,2097280,0.106,222311,32,80,13108,65,57,-inf,,-127.554609,-inf,-inf
1048576,1048640,2097280,0.106,222311,32,80,13108,65,58,-inf,,-129.792205,-inf,-inf
1048576,1048640,2097280,0.106,222311,32,80,13108,65,59,-inf,,-132.029772,-inf,-inf
1048576,1048640,2097280,0.106,222311,32,80,13108,65,60,-inf,,-134.267306,-inf,-inf
1048576,1048640,2097280,0.106,222311,32,80,13108,65,61,-inf,,-136.504804,-inf,-inf
1048576,1048640,2097280,0.106,222311,32,80,13108,65,62,-inf,,-138.742260,-inf,-inf
1048576,1048640,2097280,0.106,222311,32,80,13108,65,63,-inf,,-140.979669,-inf,-inf
1048576,1048640,2097280,0.106,222311,32,80,13108,65,64,-inf,,-143.217026,-inf,-inf
1048576,1048640,2097280,0.106,222311,32,80,13108,65,65,86.398942,0.290590738289,-145.454324,-59.055382,-59.055382
1048576,1048640,2097280,0.106,222311,32,80,13108,65,66,88.124727,0.356995209458,-147.691555,-59.566828,-58.288559
1048576,1048640,2097280,0.106,222311,32,80,13108,65,67,89.610750,0.356995209458,-149.928710,-60.317960,-57.972463
1048576,1048640,2097280,0.106,222311,32,80,13108,65,68,91.096773,0.356995209458,-152.165781,-61.069008,-57.812952
1048576,1048640,2097280,0.106,222311,32,80,13108,65,69,92.582797,0.356995209458,-154.402757,-61.819960,-57.725900
1048576,1048640,2097280,0.106,222311,32,80,13108,65,70,94.068820,0.356995209458,-156.639626,-62.570806,-57.676553
1048576,1048640,2097280,0.106,222311,32,80,13108,65,71,95.521462,0.395687834785,-158.876374,-63.354911,-57.648652
1048576,1048640,2097280,0.106,222311,32,80,13108,65,72,96.859027,0.395687834785,-161.112986,-64.253959,-57.633910
1048576,1048640,2097280,0.106,222311,32,80,13108,65,73,98.196593,0.395687834785,-163.349447,-65.152854,-57.626066
1048576,1048640,2097280,0.106,222311,32,80,13108,65,74,99.534158,0.395687834785,-165.585736,-66.051578,-57.621876
1048576,1048640,2097280,0.106,222311,32,80,13108,65,75,100.871724,0.395687834785,-167.821833,-66.950110,-57.619633
1048576,1048640,2097280,0.106,222311,32,80,13108,65,76,102.209289,0.395687834785,-170.057715,-67.848426,-57.618431
1048576,1048640,2097280,0.106,222311,32,80,13108,65,77,103.546854,0.395687834785,-172.293355,-68.746500,-57.617787
1048576,1048640,2097280,0.106,222311,32,80,13108,65,78,104.884420,0.395687834785,-174.528724,-69.644304,-57.617441
1048576,1048640,2097280,0.106,222311,32,80,13108,65,79,106.221985,0.395687834785,-176.763788,-70.541803,-57.617256
1048576,1048640,2097280,0.106,222311,32,80,13108,65,80,107.559551,0.395687834785,-178.998512,-71.438962,-57.617156
1048576,1048640,2097280,0.106,222311,32,80,13108,65,81,108.897116,0.395687834785,-181.232855,-72.335739,-57.617103
1048576,1048640,2097280,0.106,222311,32,80,13108,65,82,110.234681,0.395687834785,-183.466772,-73.232091,-57.617074
1048576,1048640,2097280,0.106,222311,32,80,13108,65,83,111.572247,0.395687834785,-185.700212,-74.127966,-57.617058
1048576,1048640,2097280,0.106,222311,32,80,13108,65,84,112.909812,0.395687834785,-187.933121,-75.023309,-57.617050
1048576,1048640,2097280,0.106,222311,32,80,13108,65,85,114.247377,0.395687834785,-190.165436,-75.918058,-57.617046
1048576,1048640,2097280,0.106,222311,32,80,13108,65,86,115.584943,0.395687834785,-192.397090,-76.812147,-57.617043
1048576,1048640,2097280,0.106,222311,32,80,13108,65,87,116.922508,0.395687834785,-194.628006,-77.705498,-57.617042
1048576,1048640,2097280,0.106,222311,32,80,13108,65,88,118.260074,0.395687834785,-196.858104,-78.598031,-57.617041
1048576,1048640,2097280,0.106,222311,32,80,13108,65,89,119.597639,0.395687834785,-199.087293,-79.489654,-57.617041
1048576,1048640,2097280,0.106,222311,32,80,13108,65,90,120.935204,0.395687834785,-201.315473,-80.380269,-57.617041
1048576,1048640,2097280,0.106,222311,32,80,13108,65,91,122.272770,0.395687834785,-203.542536,-81.269766,-57.617040
1048576,1048640,2097280,0.106,222311,32,80,13108,65,92,123.610335,0.395687834785,-205.768365,-82.158030,-57.617040
1048576,1048640,2097280,0.106,222311,32,80,13108,65,93,124.947901,0.395687834785,-207.992832,-83.044931,-57.617040
1048576,1048640,2097280,0.106,222311,32,80,13108,65,94,126.285466,0.395687834785,-210.215800,-83.930335,-57.617040
1048576,1048640,2097280,0.106,222311,32,80,13108,65,95,127.623031,0.395687834785,-212.437121,-84.814090,-57.617040
1048576,1048640,2097280,0.106,222311,32,80,13108,65,96,128.960597,0.395687834785,-214.656639,-85.696042,-57.617040
1048576,1048640,2097280,0.106,222311,32,80,13108,65,97,130.298162,0.395687834785,-216.874183,-86.576021,-57.617040
1048576,1048640,2097280,0.106,222311,32,80,13108,65,98,131.635727,0.395687834785,-219.089579,-87.453851,-57.617040
1048576,1048640,2097280,0.106,222311,32,80,13108,65,99,132.973293,0.395687834785,-221.302639,-88.329347,-57.617040
1048576,1048640,2097280,0.106,222311,32,80,13108,65,100,134.310858,0.395687834785,-223.513174,-89.202316,-57.617040
1048576,1048640,2097280,0.106,222311,32,80,13108,65,101,135.648424,0.395687834785,-225.720982,-90.072558,-57.617040
1048576,1048640,2097280,0.106,222311,32,80,13108,65,102,136.985989,0.395687834785,-227.925862,-90.939873,-57.617040
1048576,1048640,2097280,0.106,222311,32,80,13108,65,103,138.323554,0.395687834785,-230.127608,-91.804054,-57.617040
1048576,1048640,2097280,0.106,222311,32,80,13108,65,104,139.661120,0.395687834785,-232.326017,-92.664898,-57.617040
1048576,1048640,2097280,0.106,222311,32,80,13108,65,105,140.998685,0.395687834785,-234.520892,-93.522207,-57.617040
1048576,1048640,2097280,0.106,222311,32,80,13108,65,106,142.336251,0.395687834785,-236.712034,-94.375784,-57.617040
1048576,1048640,2097280,0.106,222311,32,80,13108,65,107,143.673816,0.395687834785,-238.899265,-95.225449,-57.617040
1048576,1048640,2097280,0.106,222311,32,80,13108,65,108,145.011381,0.395687834785,-241.082416,-96.071035,-57.617040
1048576,1048640,2097280,0.106,222311,32,80,13108,65,109,146.348947,0.395687834785,-243.261334,-96.912387,-57.617040
1048576,1048640,2097280,0.106,222311,32,80,13108,65,110,147.686512,0.395687834785,-245.435890,-97.749378,-57.617040
1048576,1048640,2097280,0.106,222311,32,80,13108,65,111,149.024077,0.395687834785,-247.605979,-98.581902,-57.617040
1048576,1048640,2097280,0.106,222311,32,80,13108,65,112,150.361643,0.395687834785,-249.771519,-99.409876,-57.617040
1048576,1048640,2097280,0.106,222311,32,80,13108,65,113,151.699208,0.395687834785,-251.932459,-100.233251,-57.617040
1048576,1048640,2097280,0.106,222311,32,80,13108,65,114,153.036774,0.395687834785,-254.088781,-101.052007,-57.617040
1048576,1048640,2097280,0.106,222311,32,80,13108,65,115,154.374339,0.395687834785,-256.240489,-101.866150,-57.617040
1048576,1048640,2097280,0.106,222311,32,80,13108,65,116,155.711904,0.395687834785,-258.387626,-102.675722,-57.617040
1048576,1048640,2097280,0.106,222311,32,80,13108,65,117,157.049470,0.395687834785,-260.530262,-103.480792,-57.617040
1048576,1048640,2097280,0.106,222311,32,80,13108,65,118,158.387035,0.395687834785,-262.668490,-104.281455,-57.617040
1048576,1048640,2097280,0.106,222311,32,80,13108,65,119,159.724601,0.395687834785,-264.802434,-105.077834,-57.617040
1048576,1048640,2097280,0.106,222311,32,80,13108,65,120,161.062166,0.395687834785,-266.932240,-105.870074,-57.617040
1048576,1048640,2097280,0.106,222311,32,80,13108,65,121,162.399731,0.395687834785,-269.058068,-106.658337,-57.617040
1048576,1048640,2097280,0.106,222311,32,80,13108,65,122,163.737297,0.395687834785,-271.180098,-107.442802,-57.617040
1048576,1048640,2097280,0.106,222311,32,80,13108,65,123,165.074862,0.395687834785,-273.298525,-108.223663,-57.617040
1048576,1048640,2097280,0.106,222311,32,80,13108,65,124,166.412427,0.395687834785,-275.413544,-109.001117,-57.617040
1048576,1048640,2097280,0.106,222311,32,80,13108,65,125,167.749993,0.395687834785,-277.525364,-109.775371,-57.617040
1048576,1048640,2097280,0.106,222311,32,80,13108,65,126,169.087558,0.395687834785,-279.634192,-110.546634,-57.617040
1048576,1048640,2097280,0.106,222311,32,80,13108,65,127,170.425124,0.395687834785,-281.740235,-111.315111,-57.617040
1048576,1048640,2097280,0.106,222311,32,80,13108,65,128,171.762689,0.395687834785,-283.843696,-112.081007,-57.617040
1048576,1048640,2097280,0.106,222311,32,80,13108,65,129,173.100254,0.395687834785,-285.944776,-112.844521,-57.617040
1048576,1048640,2097280,0.106,222311,32,80,13108,65,130,174.437820,0.395687834785,-288.043665,-113.605845,-57.617040
1048576,1048640,2097280,0.106,222311,32,80,13108,65,131,175.775385,0.395687834785,-290.140548,-114.365163,-57.617040
1048576,1048640,2097280,0.106,222311,32,80,13108,65,132,177.112951,0.395687834785,-292.235603,-115.122652,-57.617040
1048576,1048640,2097280,0.106,222311,32,80,13108,65,133,178.450516,0.395687834785,-294.328991,-115.878475,-57.617040
1048576,1048640,2097280,0.106,222311,32,80,13108,65,134,179.788081,0.395687834785,-296.420869,-116.632788,-57.617040
1048576,1048640,2097280,0.106,222311,32,80,13108,65,135,181.125647,0.395687834785,-298.511384,-117.385738,-57.617040
1048576,1048640,2097280,0.106,222311,32,80,13108,65,136,182.463212,0.395687834785,-300.600669,-118.137457,-57.617040
1048576,1048640,2097280,0.106,222311,32,80,13108,65,137,183.800777,0.395687834785,-302.688848,-118.888071,-57.617040
1048576,1048640,2097280,0.106,222311,32,80,13108,65,138,185.138343,0.395687834785,-304.776039,-119.637696,-57.617040
1048576,1048640,2097280,0.106,222311,32,80,13108,65,139,186.475908,0.395687834785,-306.862344,-120.386436,-57.617040
1048576,1048640,2097280,0.106,222311,32,80,13108,65,140,187.813474,0.395687834785,-308.947862,-121.134389,-57.617040
1048576,1048640,2097280,0.106,222311,32,80,13108,65,141,189.151039,0.395687834785,-311.032682,-121.881643,-57.617040
1048576,1048640,2097280,0.106,222311,32,80,13108,65,142,190.488604,0.395687834785,-313.116882,-122.628277,-57.617040
1048576,1048640,2097280,0.106,222311,32,80,13108,65,143,191.826170,0.395687834785,-315.200536,-123.374366,-57.617040
1048576,1048640,2097280,0.106,222311,32,80,13108,65,144,193.163735,0.395687834785,-317.283711,-124.119976,-57.617040
1048576,1048640,2097280,0.106,222311,32,80,13108,65,145,194.501300,0.395687834785,-319.366466,-124.865166,-57.617040
1048576,1048640,2097280,0.106,222311,32,80,13108,65,146,195.838866,0.395687834785,-321.448856,-125.609990,-57.617040
1048576,1048640,2097280,0.106,222311,32,80,13108,65,147,197.176431,0.395687834785,-323.530929,-126.354498,-57.617040
1048576,1048640,2097280,0.106,222311,32,80,13108,65,148,198.513997,0.395687834785,-325.612729,-127.098733,-57.617040
1048576,1048640,2097280,0.106,222311,32,80,13108,65,149,199.851562,0.395687834785,-327.694296,-127.842734,-57.617040
1048576,1048640,2097280,0.106,222311,32,80,13108,65,150,201.189127,0.395687834785,-329.775665,-128.586538,-57.617040
1048576,1048640,2097280,0.106,222311,32,80,13108,65,151,202.526693,0.395687834785,-331.856868,-129.330175,-57.617040
1048576,1048640,2097280,0.106,222311,32,80,13108,65,152,203.864258,0.395687834785,-333.937933,-130.073675,-57.617040
1048576,1048640,2097280,0.106,222311,32,80,13108,65,153,205.201824,0.395687834785,-336.018886,-130.817063,-57.617040
1048576,1048640,2097280,0.106,222311,32,80,13108,65,154,206.539389,0.395687834785,-338.099750,-131.560361,-57.617040
1048576,1048640,2097280,0.106,222311,32,80,13108,65,155,207.876954,0.395687834785,-340.180545,-132.303590,-57.617040
1048576,1048640,2097280,0.106,222311,32,80,13108,65,156,209.214520,0.395687834785,-342.261288,-133.046769,-57.617040
1048576,1048640,2097280,0.106,222311,32,80,13108,65,157,210.552085,0.395687834785,-344.341998,-133.789912,-57.617040
1048576,1048640,2097280,0.106,222311,32,80,13108,65,158,211.889650,0.395687834785,-346.422686,-134.533036,-57.617040
1048576,1048640,2097280,0.106,222311,32,80,13108,65,159,213.227216,0.395687834785,-348.503367,-135.276151,-57.617040
1048576,1048640,2097280,0.106,222311,32,80,13108,65,160,214.564781,0.395687834785,-350.584052,-136.019271,-57.617040
1048576,1048640,2097280,0.106,222311,32,80,13108,66,1,-inf,,-2.237846,-inf,-inf
1048576,1048640,2097280,0.106,222311,32,80,13108,66,2,-inf,,-4.475692,-inf,-inf
1048576,1048640,2097280,0.106,222311,32,80,13108,66,3,-inf,,-6.713537,-inf,-inf
1048576,1048640,2097280,0.106,222311,32,80,13108,66,4,-inf,,-8.951381,-inf,-inf
1048576,1048640,2097280,0.106,222311,32,80,13108,66,5,-inf,,-11.189224,-inf,-inf
1048576,1048640,2097280,0.106,222311,32,80,13108,66,6,-inf,,-13.427067,-inf,-inf
1048576,1048640,2097280,0.106,222311,32,80,13108,66,7,-inf,,-15.664909,-inf,-inf
1048576,1048640,2097280,0.106,222311,32,80,13108,66,8,-inf,,-17.902750,-inf,-inf
1048576,1048640,2097280,0.106,222311,32,80,13108,66,9,-inf,,-20.140591,-inf,-inf
1048576,1048640,2097280,0.106,222311,32,80,13108,66,10,-inf,,-22.378431,-inf,-inf
1048576,1048640,2097280,0.106,222311,32,80,13108,66,11,-inf,,-24.616270,-inf,-inf
1048576,1048640,2097280,0.106,222311,32,80,13108,66,12,-inf,,-26.854108,-inf,-inf
1048576,1048640,2097280,0.106,222311,32,80,13108,66,13,-inf,,-29.091945,-inf,-inf
1048576,1048640,2097280,0.106,222311,32,80,13108,66,14,-inf,,-31.329782,-inf,-inf
1048576,1048640,2097280,0.106,222311,32,80,13108,66,15,-inf,,-33.567618,-inf,-inf
1048576,1048640,2097280,0.106,222311,32,80,13108,66,16,-inf,,-35.805453,-inf,-inf
1048576,1048640,2097280,0.106,222311,32,80,13108,66,17,-inf,,-38.043288,-inf,-inf
1048576,1048640,2097280,0.106,222311,32,80,13108,66,18,-inf,,-40.281121,-inf,-inf
1048576,1048640,2097280,0.106,222311,32,80,13108,66,19,-inf,,-42.518954,-inf,-inf
1048576,1048640,2097280,0.106,222311,32,80,13108,66,20,-inf,,-44.756786,-inf,-inf
1048576,1048640,2097280,0.106,222311,32,80,13108,66,21,-inf,,-46.994617,-inf,-inf
1048576,1048640,2097280,0.106,222311,32,80,13108,66,22,-inf,,-49.232447,-inf,-inf
1048576,1048640,2097280,0.106,222311,32,80,13108,66,23,-inf,,-51.470276,-inf,-inf
1048576,1048640,2097280,0.106,222311,32,80,13108,66,24,-inf,,-53.708104,-inf,-inf
1048576,1048640,2097280,0.106,222311,32,80,13108,66,25,-inf,,-55.945932,-inf,-inf
1048576,1048640,2097280,0.106,222311,32,80,13108,66,26,-inf,,-58.183758,-inf,-inf
1048576,1048640,2097280,0.106,222311,32,80,13108,66,27,-inf,,-60.421583,-inf,-inf
1048576,1048640,2097280,0.106,222311,32,80,13108,66,28,-inf,,-62.659406,-inf,-inf
1048576,1048640,2097280,0.106,222311,32,80,13108,66,29,-inf,,-64.897229,-inf,-inf
1048576,1048640,2097280,0.106,222311,32,80,13108,66,30,-inf,,-67.135050,-inf,-inf
1048576,1048640,2097280,0.106,222311,32,80,13108,66,31,-inf,,-69.372869,-inf,-inf
1048576,1048640,2097280,0.106,222311,32,80,13108,66,32,-inf,,-71.610687,-inf,-inf
1048576,1048640,2097280,0.106,222311,32,80,13108,66,33,-inf,,-73.848504,-inf,-inf
1048576,1048640,2097280,0.106,222311,32,80,13108,66,34,-inf,,-76.086318,-inf,-inf
1048576,1048640,2097280,0.106,222311,32,80,13108,66,35,-inf,,-78.324131,-inf,-inf
1048576,1048640,2097280,0.106,222311,32,80,13108,66,36,-inf,,-80.561941,-inf,-inf
1048576,1048640,2097280,0.106,222311,32,80,13108,66,37,-inf,,-82.799749,-inf,-inf
1048576,1048640,2097280,0.106,222311,32,80,13108,66,38,-inf,,-85.037554,-inf,-inf
1048576,1048640,2097280,0.106,222311,32,80,13108,66,39,-inf,,-87.275356,-inf,-inf
1048576,1048640,2097280,0.106,222311,32,80,13108,66,40,-inf,,-89.513155,-inf,-inf
1048576,1048640,2097280,0.106,222311,32,80,13108,66,41,-inf,,-91.750951,-inf,-inf
1048576,1048640,2097280,0.106,222311,32,80,13108,66,42,-inf,,-93.988742,-inf,-inf
1048576,1048640,2097280,0.106,222311,32,80,13108,66,43,-inf,,-96.226529,-inf,-inf
1048576,1048640,2097280,0.106,222311,32,80,13108,66,44,-inf,,-98.464311,-inf,-inf
1048576,1048640,2097280,0.106,222311,32,80,13108,66,45,-inf,,-100.702087,-inf,-inf
1048576,1048640,2097280,0.106,222311,32,80,13108,66,46,-inf,,-102.939857,-inf,-inf
1048576,1048640,2097280,0.106,222311,32,80,13108,66,47,-inf,,-105.177620,-inf,-inf
1048576,1048640,2097280,0.106,222311,32,80,13108,66,48,-inf,,-107.415376,-inf,-inf
1048576,1048640,2097280,0.106,222311,32,80,13108,66,49,-inf,,-109.653122,-inf,-inf
1048576,1048640,2097280,0.106,222311,32,80,13108,66,50,-inf,,-111.890859,-inf,-inf
1048576,1048640,2097280,0.106,222311,32,80,13108,66,51,-inf,,-114.128584,-inf,-inf
1048576,1048640,2097280,0.106,222311,32,80,13108,66,52,-inf,,-116.366297,-inf,-inf
1048576,1048640,2097280,0.106,222311,32,80,13108,66,53,-inf,,-118.603995,-inf,-inf
1048576,1048640,2097280,0.106,222311,32,80,13108,66,54,-inf,,-120.841678,-inf,-inf
1048576,1048640,2097280,0.106,222311,32,80,13108,66,55,-inf,,-123.079343,-inf,-inf
1048576,1048640,2097280,0.106,222311,32,80,13108,66,56,-inf,,-125.316987,-inf,-inf
1048576,1048640,2097280,0.106,222311,32,80,13108,66,57,-inf,,-127.554609,-inf,-inf
1048576,1048640,2097280,0.106,222311,32,80,13108,66,58,-inf,,-129.792205,-inf,-inf
1048576,1048640,2097280,0.106,222311,32,80,13108,66,59,-inf,,-132.029772,-inf,-inf
1048576,1048640,2097280,0.106,222311,32,80,13108,66,60,-inf,,-134.267306,-inf,-inf
1048576,1048640,2097280,0.106,222311,32,80,13108,66,61,-inf,,-136.504804,-inf,-inf
1048576,1048640,2097280,0.106,222311,32,80,13108,66,62,-inf,,-138.742260,-inf,-inf
1048576,1048640,2097280,0.106,222311,32,80,13108,66,63,-inf,,-140.979669,-inf,-inf
1048576,1048640,2097280,0.106,222311,32,80,13108,66,64,-inf,,-143.217026,-inf,-inf
1048576,1048640,2097280,0.106,222311,32,80,13108,66,65,-inf,,-145.454324,-inf,-inf
1048576,1048640,2097280,0.106,222311,32,80,13108,66,66,86.899053,0.290590738289,-147.691555,-60.792502,-60.792502
1048576,1048640,2097280,0.106,222311,32,80,13108,66,67,88.615142,0.356995209458,-149.928710,-61.313568,-60.029637
1048576,1048640,2097280,0.106,222311,32,80,13108,66,68,90.101166,0.356995209458,-152.165781,-62.064616,-59.714637
1048576,1048640,2097280,0.106,222311,32,80,13108,66,69,91.587189,0.356995209458,-154.402757,-62.815568,-59.555584
1048576,1048640,2097280,0.106,222311,32,80,13108,66,70,93.004862,0.395687834785,-156.639626,-63.634764,-59.472661
1048576,1048640,2097280,0.106,222311,32,80,13108,66,71,94.342427,0.395687834785,-158.876374,-64.533947,-59.430086
1048576,1048640,2097280,0.106,222311,32,80,13108,66,72,95.679992,0.395687834785,-161.112986,-65.432994,-59.407763
1048576,1048640,2097280,0.106,222311,32,80,13108,66,73,97.017558,0.395687834785,-163.349447,-66.331889,-59.395932
1048576,1048640,2097280,0.106,222311,32,80,13108,66,74,98.355123,0.395687834785,-165.585736,-67.230613,-59.389626
1048576,1048640,2097280,0.106,222311,32,80,13108,66,75,99.692689,0.395687834785,-167.821833,-68.129145,-59.386254
1048576,1048640,2097280,0.106,222311,32,80,13108,66,76,101.030254,0.395687834785,-170.057715,-69.027461,-59.384449
1048576,1048640,2097280,0.106,222311,32,80,13108,66,77,102.367819,0.395687834785,-172.293355,-69.925536,-59.383481
1048576,1048640,2097280,0.106,222311,32,80,13108,66,78,103.705385,0.395687834785,-174.528724,-70.823339,-59.382962
1048576,1048640,2097280,0.106,222311,32,80,13108,66,79,105.042950,0.395687834785,-176.763788,-71.720838,-59.382683
1048576,1048640,2097280,0.106,222311,32,80,13108,66,80,106.380515,0.395687834785,-178.998512,-72.617997,-59.382533
1048576,1048640,2097280,0.106,222311,32,80,13108,66,81,107.718081,0.395687834785,-181.232855,-73.514774,-59.382453
1048576,1048640,2097280,0.106,222311,32,80,13108,66,82,109.055646,0.395687834785,-183.466772,-74.411126,-59.382410
1048576,1048640,2097280,0.106,222311,32,80,13108,66,83,110.393212,0.395687834785,-185.700212,-75.307001,-59.382387
1048576,1048640,2097280,0.106,222311,32,80,13108,66,84,111.730777,0.395687834785,-187.933121,-76.202344,-59.382374
1048576,1048640,2097280,0.106,222311,32,80,13108,66,85,113.068342,0.395687834785,-190.165436,-77.097093,-59.382368
1048576,1048640,2097280,0.106,222311,32,80,13108,66,86,114.405908,0.395687834785,-192.397090,-77.991182,-59.382364
1048576,1048640,2097280,0.106,222311,32,80,13108,66,87,115.743473,0.395687834785,-194.628006,-78.884533,-59.382362
1048576,1048640,2097280,0.106,222311,32,80,13108,66,88,117.081039,0.395687834785,-196.858104,-79.777066,-59.382361
1048576,1048640,2097280,0.106,222311,32,80,13108,66,89,118.418604,0.395687834785,-199.087293,-80.668689,-59.382360
1048576,1048640,2097280,0.106,222311,32,80,13108,66,90,119.756169,0.395687834785,-201.315473,-81.559304,-59.382360
1048576,1048640,2097280,0.106,222311,32,80,13108,66,91,121.093735,0.395687834785,-203.542536,-82.448801,-59.382360
1048576,1048640,2097280,0.106,222311,32,80,13108,66,92,122.431300,0.395687834785,-205.768365,-83.337065,-59.382360
1048576,1048640,2097280,0.106,222311,32,80,13108,66,93,123.768865,0.395687834785,-207.992832,-84.223966,-59.382360
1048576,1048640,2097280,0.106,222311,32,80,13108,66,94,125.106431,0.395687834785,-210.215800,-85.109370,-59.382360
1048576,1048640,2097280,0.106,222311,32,80,13108,66,95,126.443996,0.395687834785,-212.437121,-85.993125,-59.382360
1048576,1048640,2097280,0.106,222311,32,80,13108,66,96,127.781562,0.395687834785,-214.656639,-86.875077,-59.382360
1048576,1048640,2097280,0.106,222311,32,80,13108,66,97,129.119127,0.395687834785,-216.874183,-87.755056,-59.382360
1048576,1048640,2097280,0.106,222311,32,80,13108,66,98,130.456692,0.395687834785,-219.089579,-88.632886,-59.382360
1048576,1048640,2097280,0.106,222311,32,80,13108,66,99,131.794258,0.395687834785,-221.302639,-89.508382,-59.382360
1048576,1048640,2097280,0.106,222311,32,80,13108,66,100,133.131823,0.395687834785,-223.513174,-90.381351,-59.382360
1048576,1048640,2097280,0.106,222311,32,80,13108,66,101,134.469388,0.395687834785,-225.720982,-91.251593,-59.382360
1048576,1048640,2097280,0.106,222311,32,80,13108,66,102,135.806954,0.395687834785,-227.925862,-92.118909,-59.382360
1048576,1048640,2097280,0.106,222311,32,80,13108,66,103,137.144519,0.395687834785,-230.127608,-92.983089,-59.382360
1048576,1048640,2097280,0.106,222311,32,80,13108,66,104,138.482085,0.395687834785,-232.326017,-93.843933,-59.382360
1048576,1048640,2097280,0.106,222311,32,80,13108,66,105,139.819650,0.395687834785,-234.520892,-94.701242,-59.382360
1048576,1048640,2097280,0.106,222311,32,80,13108,66,106,141.157215,0.395687834785,-236.712034,-95.554819,-59.382360
1048576,1048640,2097280,0.106,222311,32,80,13108,66,107,142.494781,0.395687834785,-238.899265,-96.404484,-59.382360
1048576,1048640,2097280,0.106,222311,32,80,13108,66,108,143.832346,0.395687834785,-241.082416,-97.250070,-59.382360
1048576,1048640,2097280,0.106,222311,32,80,13108,66,109,145.169912,0.395687834785,-243.261334,-98.091423,-59.382360
1048576,1048640,2097280,0.106,222311,32,80,13108,66,110,146.507477,0.395687834785,-245.435890,-98.928413,-59.382360
1048576,1048640,2097280,0.106,222311,32,80,13108,66,111,147.845042,0.395687834785,-247.605979,-99.760937,-59.382360
1048576,1048640,2097280,0.106,222311,32,80,13108,66,112,149.182608,0.395687834785,-249.771519,-100.588911,-59.382360
1048576,1048640,2097280,0.106,222311,32,80,13108,66,113,150.520173,0.395687834785,-251.932459,-101.412286,-59.382360
1048576,1048640,2097280,0.106,222311,32,80,13108,66,114,151.857738,0.395687834785,-254.088781,-102.231042,-59.382360
1048576,1048640,2097280,0.106,222311,32,80,13108,66,115,153.195304,0.395687834785,-256.240489,-103.045185,-59.382360
1048576,1048640,2097280,0.106,222311,32,80,13108,66,116,154.532869,0.395687834785,-258.387626,-103.854757,-59.382360
1048576,1048640,2097280,0.106,222311,32,80,13108,66,117,155.870435,0.395687834785,-260.530262,-104.659828,-59.382360
1048576,1048640,2097280,0.106,222311,32,80,13108,66,118,157.208000,0.395687834785,-262.668490,-105.460490,-59.382360
1048576,1048640,2097280,0.106,222311,32,80,13108,66,119,158.545565,0.395687834785,-264.802434,-106.256869,-59.382360
1048576,1048640,2097280,0.106,222311,32,80,13108,66,120,159.883131,0.395687834785,-266.932240,-107.049109,-59.382360
1048576,1048640,2097280,0.106,222311,32,80,13108,66,121,161.220696,0.395687834785,-269.058068,-107.837372,-59.382360
1048576,1048640,2097280,0.106,222311,32,80,13108,66,122,162.558262,0.395687834785,-271.180098,-108.621837,-59.382360
1048576,1048640,2097280,0.106,222311,32,80,13108,66,123,163.895827,0.395687834785,-273.298525,-109.402698,-59.382360
1048576,1048640,2097280,0.106,222311,32,80,13108,66,124,165.233392,0.395687834785,-275.413544,-110.180152,-59.382360
1048576,1048640,2097280,0.106,222311,32,80,13108,66,125,166.570958,0.395687834785,-277.525364,-110.954406,-59.382360
1048576,1048640,2097280,0.106,222311,32,80,13108,66,126,167.908523,0.395687834785,-279.634192,-111.725669,-59.382360
1048576,1048640,2097280,0.106,222311,32,80,13108,66,127,169.246088,0.395687834785,-281.740235,-112.494146,-59.382360
1048576,1048640,2097280,0.106,222311,32,80,13108,66,128,170.583654,0.395687834785,-283.843696,-113.260042,-59.382360
1048576,1048640,2097280,0.106,222311,32,80,13108,66,129,171.921219,0.395687834785,-285.944776,-114.023556,-59.382360
1048576,1048640,2097280,0.106,222311,32,80,13108,66,130,173.258785,0.395687834785,-288.043665,-114.784880,-59.382360
1048576,1048640,2097280,0.106,222311,32,80,13108,66,131,174.596350,0.395687834785,-290.140548,-115.544198,-59.382360
1048576,1048640,2097280,0.106,222311,32,80,13108,66,132,175.933915,0.395687834785,-292.235603,-116.301687,-59.382360
1048576,1048640,2097280,0.106,222311,32,80,13108,66,133,177.271481,0.395687834785,-294.328991,-117.057510,-59.382360
1048576,1048640,2097280,0.106,222311,32,80,13108,66,134,178.609046,0.395687834785,-296.420869,-117.811823,-59.382360
1048576,1048640,2097280,0.106,222311,32,80,13108,66,135,179.946612,0.395687834785,-298.511384,-118.564773,-59.382360
1048576,1048640,2097280,0.106,222311,32,80,13108,66,136,181.284177,0.395687834785,-300.600669,-119.316492,-59.382360
1048576,1048640,2097280,0.106,222311,32,80,13108,66,137,182.621742,0.395687834785,-302.688848,-120.067106,-59.382360
1048576,1048640,2097280,0.106,222311,32,80,13108,66,138,183.959308,0.395687834785,-304.776039,-120.816731,-59.382360
1048576,1048640,2097280,0.106,222311,32,80,13108,66,139,185.296873,0.395687834785,-306.862344,-121.565471,-59.382360
1048576,1048640,2097280,0.106,222311,32,80,13108,66,140,186.634438,0.395687834785,-308.947862,-122.313424,-59.382360
1048576,1048640,2097280,0.106,222311,32,80,13108,66,141,187.972004,0.395687834785,-311.032682,-123.060678,-59.382360
1048576,1048640,2097280,0.106,222311,32,80,13108,66,142,189.309569,0.395687834785,-313.116882,-123.807312,-59.382360
1048576,1048640,2097280,0.106,222311,32,80,13108,66,143,190.647135,0.395687834785,-315.200536,-124.553401,-59.382360
1048576,1048640,2097280,0.106,222311,32,80,13108,66,144,191.984700,0.395687834785,-317.283711,-125.299011,-59.382360
1048576,1048640,2097280,0.106,222311,32,80,13108,66,145,193.322265,0.395687834785,-319.366466,-126.044201,-59.382360
1048576,1048640,2097280,0.106,222311,32,80,13108,66,146,194.659831,0.395687834785,-321.448856,-126.789025,-59.382360
1048576,1048640,2097280,0.106,222311,32,80,13108,66,147,195.997396,0.395687834785,-323.530929,-127.533533,-59.382360
1048576,1048640,2097280,0.106,222311,32,80,13108,66,148,197.334962,0.395687834785,-325.612729,-128.277768,-59.382360
1048576,1048640,2097280,0.106,222311,32,80,13108,66,149,198.672527,0.395687834785,-327.694296,-129.021769,-59.382360
1048576,1048640,2097280,0.106,222311,32,80,13108,66,150,200.010092,0.395687834785,-329.775665,-129.765573,-59.382360
1048576,1048640,2097280,0.106,222311,32,80,13108,66,151,201.347658,0.395687834785,-331.856868,-130.509210,-59.382360
1048576,1048640,2097280,0.106,222311,32,80,13108,66,152,202.685223,0.395687834785,-333.937933,-131.252710,-59.382360
1048576,1048640,2097280,0.106,222311,32,80,13108,66,153,204.022788,0.395687834785,-336.018886,-131.996098,-59.382360
1048576,1048640,2097280,0.106,222311,32,80,13108,66,154,205.360354,0.395687834785,-338.099750,-132.739396,-59.382360
1048576,1048640,2097280,0.106,222311,32,80,13108,66,155,206.697919,0.395687834785,-340.180545,-133.482626,-59.382360
1048576,1048640,2097280,0.106,222311,32,80,13108,66,156,208.035485,0.395687834785,-342.261288,-134.225804,-59.382360
1048576,1048640,2097280,0.106,222311,32,80,13108,66,157,209.373050,0.395687834785,-344.341998,-134.968948,-59.382360
1048576,1048640,2097280,0.106,222311,32,80,13108,66,158,210.710615,0.395687834785,-346.422686,-135.712071,-59.382360
1048576,1048640,2097280,0.106,222311,32,80,13108,66,159,212.048181,0.395687834785,-348.503367,-136.455186,-59.382360
1048576,1048640,2097280,0.106,222311,32,80,13108,66,160,213.385746,0.395687834785,-350.584052,-137.198306,-59.382360
1048576,1048640,2097280,0.106,222311,32,80,13108,67,1,-inf,,-2.237846,-inf,-inf
1048576,1048640,2097280,0.106,222311,32,80,13108,67,2,-inf,,-4.475692,-inf,-inf
1048576,1048640,2097280,0.106,222311,32,80,13108,67,3,-inf,,-6.713537,-inf,-inf
1048576,1048640,2097280,0.106,222311,32,80,13108,67,4,-inf,,-8.951381,-inf,-inf
1048576,1048640,2097280,0.106,222311,32,80,13108,67,5,-inf,,-11.189224,-inf,-inf
1048576,1048640,2097280,0.106,222311,32,80,13108,67,6,-inf,,-13.427067,-inf,-inf
1048576,1048640,2097280,0.106,222311,32,80,13108,67,7,-inf,,-15.664909,-inf,-inf
1048576,1048640,2097280,0.106,222311,32,80,13108,67,8,-inf,,-17.902750,-inf,-inf
1048576,1048640,2097280,0.106,222311,32,80,13108,67,9,-inf,,-20.140591,-inf,-inf
1048576,1048640,2097280,0.106,222311,32,80,13108,67,10,-inf,,-22.378431,-inf,-inf
1048576,1048640,2097280,0.106,222311,32,80,13108,67,11,-inf,,-24.616270,-inf,-inf
1048576,1048640,2097280,0.106,222311,32,80,13108,67,12,-inf,,-26.854108,-inf,-inf
1048576,1048640,2097280,0.106,222311,32,80,13108,67,13,-inf,,-29.091945,-inf,-inf
1048576,1048640,2097280,0.106,222311,32,80,13108,67,14,-inf,,-31.329782,-inf,-inf
1048576,1048640,2097280,0.106,222311,32,80,13108,67,15,-inf,,-33.567618,-inf,-inf
1048576,1048640,2097280,0.106,222311,32,80,13108,67,16,-inf,,-35.805453,-inf,-inf
1048576,1048640,2097280,0.106,222311,32,80,13108,67,17,-inf,,-38.043288,-inf,-inf
1048576,1048640,2097280,0.106,222311,32,80,13108,67,18,-inf,,-40.281121,-inf,-inf
1048576,1048640,2097280,0.106,222311,32,80,13108,67,19,-inf,,-42.518954,-inf,-inf
1048576,1048640,2097280,0.106,222311,32,80,13108,67,20,-inf,,-44.756786,-inf,-inf
1048576,1048640,2097280,0.106,222311,32,80,13108,67,21,-inf,,-46.994617,-inf,-inf
1048576,1048640,2097280,0.106,222311,32,80,13108,67,22,-inf,,-49.232447,-inf,-inf
1048576,1048640,2097280,0.106,222311,32,80,13108,67,23,-inf,,-51.470276,-inf,-inf
1048576,1048640,2097280,0.106,222311,32,80,13108,67,24,-inf,,-53.708104,-inf,-inf
1048576,1048640,2097280,0.106,222311,32,80,13108,67,25,-inf,,-55.945932,-inf,-inf
1048576,1048640,2097280,0.106,222311,32,80,13108,67,26,-inf,,-58.183758,-inf,-inf
1048576,1048640,2097280,0.106,222311,32,80,13108,67,27,-inf,,-60.421583,-inf,-inf
1048576,1048640,2097280,0.106,222311,32,80,13108,67,28,-inf,,-62.659406,-inf,-inf
1048576,1048640,2097280,0.106,222311,32,80,13108,67,29,-inf,,-64.897229,-inf,-inf
1048576,1048640,2097280,0.106,222311,32,80,13108,67,30,-inf,,-67.135050,-inf,-inf
1048576,1048640,2097280,0.106,222311,32,80,13108,67,31,-inf,,-69.372869,-inf,-inf
1048576,1048640,2097280,0.106,222311,32,80,13108,67,32,-inf,,-71.610687,-inf,-inf
1048576,1048640,2097280,0.106,222311,32,80,13108,67,33,-inf,,-73.848504,-inf,-inf
1048576,1048640,2097280,0.106,222311,32,80,13108,67,34,-inf,,-76.086318,-inf,-inf
1048576,1048640,2097280,0.106,222311,32,80,13108,67,35,-inf,,-78.324131,-inf,-inf
1048576,1048640,2097280,0.106,222311,32,80,13108,67,36,-inf,,-80.561941,-inf,-inf
1048576,1048640,2097280,0.106,222311,32,80,13108,67,37,-inf,,-82.799749,-inf,-inf
1048576,1048640,2097280,0.106,222311,32,80,13108,67,38,-inf,,-85.037554,-inf,-inf
1048576,1048640,2097280,0.106,222311,32,80,13108,67,39,-inf,,-87.275356,-inf,-inf
1048576,1048640,2097280,0.106,222311,32,80,13108,67,40,-inf,,-89.513155,-inf,-inf
1048576,1048640,2097280,0.106,222311,32,80,13108,67,41,-inf,,-91.750951,-inf,-inf
1048576,1048640,2097280,0.106,222311,32,80,13108,67,42,-inf,,-93.988742,-inf,-inf
1048576,1048640,2097280,0.106,222311,32,80,13108,67,43,-inf,,-96.226529,-inf,-inf
1048576,1048640,2097280,0.106,222311,32,80,13108,67,44,-inf,,-98.464311,-inf,-inf
1048576,1048640,2097280,0.106,222311,32,80,13108,67,45,-inf,,-100.702087,-inf,-inf
1048576,1048640,2097280,0.106,222311,32,80,13108,67,46,-inf,,-102.939857,-inf,-inf
1048576,1048640,2097280,0.106,222311,32,80,13108,67,47,-inf,,-105.177620,-inf,-inf
1048576,1048640,2097280,0.106,222311,32,80,13108,67,48,-inf,,-107.415376,-inf,-inf
1048576,1048640,2097280,0.106,222311,32,80,13108,67,49,-inf,,-109.653122,-inf,-inf
1048576,1048640,2097280,0.106,222311,32,80,13108,67,50,-inf,,-111.890859,-inf,-inf
1048576,1048640,2097280,0.106,222311,32,80,13108,67,51,-inf,,-114.128584,-inf,-inf
1048576,1048640,2097280,0.106,222311,32,80,13108,67,52,-inf,,-116.366297,-inf,-inf
1048576,1048640,2097280,0.106,222311,32,80,13108,67,53,-inf,,-118.603995,-inf,-inf
1048576,1048640,2097280,0.106,222311,32,80,13108,67,54,-inf,,-120.841678,-inf,-inf
1048576,1048640,2097280,0.106,222311,32,80,13108,67,55,-inf,,-123.079343,-inf,-inf
1048576,1048640,2097280,0.106,222311,32,80,13108,67,56,-inf,,-125.316987,-inf,-inf
1048576,1048640,2097280,0.106,222311,32,80,13108,67,57,-inf,,-127.554609,-inf,-inf
1048576,1048640,2097280,0.106,222311,32,80,13108,67,58,-inf,,-129.792205,-inf,-inf
1048576,1048640,2097280,0.106,222311,32,80,13108,67,59,-inf,,-132.029772,-inf,-inf
1048576,1048640,2097280,0.106,222311,32,80,13108,67,60,-inf,,-134.267306,-inf,-inf
1048576,1048640,2097280,0.106,222311,32,80,13108,67,61,-inf,,-136.504804,-inf,-inf
1048576,1048640,2097280,0.106,222311,32,80,13108,67,62,-inf,,-138.742260,-inf,-inf
1048576,1048640,2097280,0.106,222311,32,80,13108,67,63,-inf,,-140.979669,-inf,-inf
1048576,1048640,2097280,0.106,222311,32,80,13108,67,64,-inf,,-143.217026,-inf,-inf
1048576,1048640,2097280,0.106,222311,32,80,13108,67,65,-inf,,-145.454324,-inf,-inf
1048576,1048640,2097280,0.106,222311,32,80,13108,67,66,-inf,,-147.691555,-inf,-inf
1048576,1048640,2097280,0.106,222311,32,80,13108,67,67,87.363917,0.290590738289,-149.928710,-62.564794,-62.564794
1048576,1048640,2097280,0.106,222311,32,80,13108,67,68,89.070433,0.356995209458,-152.165781,-63.095348,-61.805818
1048576,1048640,2097280,0.106,222311,32,80,13108,67,69,90.556457,0.356995209458,-154.402757,-63.846300,-61.491896
1048576,1048640,2097280,0.106,222311,32,80,13108,67,70,91.939496,0.395687834785,-156.639626,-64.700130,-61.343678
1048576,1048640,2097280,0.106,222311,32,80,13108,67,71,93.277061,0.395687834785,-158.876374,-65.599313,-61.270062
1048576,1048640,2097280,0.106,222311,32,80,13108,67,72,94.614626,0.395687834785,-161.112986,-66.498360,-61.232081
1048576,1048640,2097280,0.106,222311,32,80,13108,67,73,95.952192,0.395687834785,-163.349447,-67.397255,-61.212116
1048576,1048640,2097280,0.106,222311,32,80,13108,67,74,97.289757,0.395687834785,-165.585736,-68.295979,-61.201520
1048576,1048640,2097280,0.106,222311,32,80,13108,67,75,98.627323,0.395687834785,-167.821833,-69.194511,-61.195868
1048576,1048640,2097280,0.106,222311,32,80,13108,67,76,99.964888,0.395687834785,-170.057715,-70.092827,-61.192845
1048576,1048640,2097280,0.106,222311,32,80,13108,67,77,101.302453,0.395687834785,-172.293355,-70.990902,-61.191226
1048576,1048640,2097280,0.106,222311,32,80,13108,67,78,102.640019,0.395687834785,-174.528724,-71.888705,-61.190357
1048576,1048640,2097280,0.106,222311,32,80,13108,67,79,103.977584,0.395687834785,-176.763788,-72.786204,-61.189891
1048576,1048640,2097280,0.106,222311,32,80,13108,67,80,105.315149,0.395687834785,-178.998512,-73.683363,-61.189641
1048576,1048640,2097280,0.106,222311,32,80,13108,67,81,106.652715,0.395687834785,-181.232855,-74.580140,-61.189506
1048576,1048640,2097280,0.106,222311,32,80,13108,67,82,107.990280,0.395687834785,-183.466772,-75.476492,-61.189434
1048576,1048640,2097280,0.106,222311,32,80,13108,67,83,109.327846,0.395687834785,-185.700212,-76.372367,-61.189396
1048576,1048640,2097280,0.106,222311,32,80,13108,67,84,110.665411,0.395687834785,-187.933121,-77.267710,-61.189375
1048576,1048640,2097280,0.106,222311,32,80,13108,67,85,112.002976,0.395687834785,-190.165436,-78.162459,-61.189363
1048576,1048640,2097280,0.106,222311,32,80,13108,67,86,113.340542,0.395687834785,-192.397090,-79.056548,-61.189357
1048576,1048640,2097280,0.106,222311,32,80,13108,67,87,114.678107,0.395687834785,-194.628006,-79.949899,-61.189354
1048576,1048640,2097280,0.106,222311,32,80,13108,67,88,116.015672,0.395687834785,-196.858104,-80.842432,-61.189352
1048576,1048640,2097280,0.106,222311,32,80,13108,67,89,117.353238,0.395687834785,-199.087293,-81.734055,-61.189351
1048576,1048640,2097280,0.106,222311,32,80,13108,67,90,118.690803,0.395687834785,-201.315473,-82.624670,-61.189351
1048576,1048640,2097280,0.106,222311,32,80,13108,67,91,120.028369,0.395687834785,-203.542536,-83.514167,-61.189351
1048576,1048640,2097280,0.106,222311,32,80,13108,67,92,121.365934,0.395687834785,-205.768365,-84.402431,-61.189351
1048576,1048640,2097280,0.106,222311,32,80,13108,67,93,122.703499,0.395687834785,-207.992832,-85.289332,-61.189350
1048576,1048640,2097280,0.106,222311,32,80,13108,67,94,124.041065,0.395687834785,-210.215800,-86.174736,-61.189350
1048576,1048640,2097280,0.106,222311,32,80,13108,67,95,125.378630,0.395687834785,-212.437121,-87.058491,-61.189350
1048576,1048640,2097280,0.106,222311,32,80,13108,67,96,126.716196,0.395687834785,-214.656639,-87.940443,-61.189350
1048576,1048640,2097280,0.106,222311,32,80,13108,67,97,128.053761,0.395687834785,-216.874183,-88.820422,-61.189350
1048576,1048640,2097280,0.106,222311,32,80,13108,67,98,129.391326,0.395687834785,-219.089579,-89.698252,-61.189350
1048576,1048640,2097280,0.106,222311,32,80,13108,67,99,130.728892,0.395687834785,-221.302639,-90.573748,-61.189350
1048576,1048640,2097280,0.106,222311,32,80,13108,67,100,132.066457,0.395687834785,-223.513174,-91.446717,-61.189350
1048576,1048640,2097280,0.106,222311,32,80,13108,67,101,133.404022,0.395687834785,-225.720982,-92.316959,-61.189350
1048576,1048640,2097280,0.106,222311,32,80,13108,67,102,134.741588,0.395687834785,-227.925862,-93.184275,-61.189350
1048576,1048640,2097280,0.106,222311,32,80,13108,67,103,136.079153,0.395687834785,-230.127608,-94.048455,-61.189350
1048576,1048640,2097280,0.106,222311,32,80,13108,67,104,137.416719,0.395687834785,-232.326017,-94.909299,-61.189350
1048576,1048640,2097280,0.106,222311,32,80,13108,67,105,138.754284,0.395687834785,-234.520892,-95.766608,-61.189350
1048576,1048640,2097280,0.106,222311,32,80,13108,67,106,140.091849,0.395687834785,-236.712034,-96.620185,-61.189350
1048576,1048640,2097280,0.106,222311,32,80,13108,67,107,141.429415,0.395687834785,-238.899265,-97.469850,-61.189350
1048576,1048640,2097280,0.106,222311,32,80,13108,67,108,142.766980,0.395687834785,-241.082416,-98.315436,-61.189350
1048576,1048640,2097280,0.106,222311,32,80,13108,67,109,144.104546,0.395687834785,-243.261334,-99.156789,-61.189350
1048576,1048640,2097280,0.106,222311,32,80,13108,67,110,145.442111,0.395687834785,-245.435890,-99.993779,-61.189350
1048576,1048640,2097280,0.106,222311,32,80,13108,67,111,146.779676,0.395687834785,-247.605979,-100.826303,-61.189350
1048576,1048640,2097280,0.106,222311,32,80,13108,67,112,148.117242,0.395687834785,-249.771519,-101.654277,-61.189350
1048576,1048640,2097280,0.106,222311,32,80,13108,67,113,149.454807,0.395687834785,-251.932459,-102.477652,-61.189350
1048576,1048640,2097280,0.106,222311,32,80,13108,67,114,150.792372,0.395687834785,-254.088781,-103.296408,-61.189350
1048576,1048640,2097280,0.106,222311,32,80,13108,67,115,152.129938,0.395687834785,-256.240489,-104.110551,-61.189350
1048576,1048640,2097280,0.106,222311,32,80,13108,67,116,153.467503,0.395687834785,-258.387626,-104.920123,-61.189350
1048576,1048640,2097280,0.106,222311,32,80,13108,67,117,154.805069,0.395687834785,-260.530262,-105.725194,-61.189350
1048576,1048640,2097280,0.106,222311,32,80,13108,67,118,156.142634,0.395687834785,-262.668490,-106.525856,-61.189350
1048576,1048640,2097280,0.106,222311,32,80,13108,67,119,157.480199,0.395687834785,-264.802434,-107.322235,-61.189350
1048576,1048640,2097280,0.106,222311,32,80,13108,67,120,158.817765,0.395687834785,-266.932240,-108.114475,-61.189350
1048576,1048640,2097280,0.106,222311,32,80,13108,67,121,160.155330,0.395687834785,-269.058068,-108.902738,-61.189350
1048576,1048640,2097280,0.106,222311,32,80,13108,67,122,161.492896,0.395687834785,-271.180098,-109.687203,-61.189350
1048576,1048640,2097280,0.106,222311,32,80,13108,67,123,162.830461,0.395687834785,-273.298525,-110.468064,-61.189350
1048576,1048640,2097280,0.106,222311,32,80,13108,67,124,164.168026,0.395687834785,-275.413544,-111.245518,-61.189350
1048576,1048640,2097280,0.106,222311,32,80,13108,67,125,165.505592,0.395687834785,-277.525364,-112.019772,-61.189350
1048576,1048640,2097280,0.106,222311,32,80,13108,67,126,166.843157,0.395687834785,-279.634192,-112.791035,-61.189350
1048576,1048640,2097280,0.106,222311,32,80,13108,67,127,168.180722,0.395687834785,-281.740235,-113.559512,-61.189350
1048576,1048640,2097280,0.106,222311,32,80,13108,67,128,169.518288,0.395687834785,-283.843696,-114.325408,-61.189350
1048576,1048640,2097280,0.106,222311,32,80,13108,67,129,170.855853,0.395687834785,-285.944776,-115.088922,-61.189350
1048576,1048640,2097280,0.106,222311,32,80,13108,67,130,172.193419,0.395687834785,-288.043665,-115.850246,-61.189350
1048576,1048640,2097280,0.106,222311,32,80,13108,67,131,173.530984,0.395687834785,-290.140548,-116.609564,-61.189350
1048576,1048640,2097280,0.106,222311,32,80,13108,67,132,174.868549,0.395687834785,-292.235603,-117.367053,-61.189350
1048576,1048640,2097280,0.106,222311,32,80,13108,67,133,176.206115,0.395687834785,-294.328991,-118.122876,-61.189350
1048576,1048640,2097280,0.106,222311,32,80,13108,67,134,177.543680,0.395687834785,-296.420869,-118.877189,-61.189350
1048576,1048640,2097280,0.106,222311,32,80,13108,67,135,178.881246,0.395687834785,-298.511384,-119.630139,-61.189350
1048576,1048640,2097280,0.106,222311,32,80,13108,67,136,180.218811,0.395687834785,-300.600669,-120.381858,-61.189350
1048576,1048640,2097280,0.106,222311,32,80,13108,67,137,181.556376,0.395687834785,-302.688848,-121.132472,-61.189350
1048576,1048640,2097280,0.106,222311,32,80,13108,67,138,182.893942,0.395687834785,-304.776039,-121.882097,-61.189350
1048576,1048640,2097280,0.106,222311,32,80,13108,67,139,184.231507,0.395687834785,-306.862344,-122.630837,-61.189350
1048576,1048640,2097280,0.106,222311,32,80,13108,67,140,185.569072,0.395687834785,-308.947862,-123.378790,-61.189350
1048576,1048640,2097280,0.106,222311,32,80,13108,67,141,186.906638,0.395687834785,-311.032682,-124.126044,-61.189350
1048576,1048640,2097280,0.106,222311,32,80,13108,67,142,188.244203,0.395687834785,-313.116882,-124.872678,-61.189350
1048576,1048640,2097280,0.106,222311,32,80,13108,67,143,189.581769,0.395687834785,-315.200536,-125.618767,-61.189350
1048576,1048640,2097280,0.106,222311,32,80,13108,67,144,190.919334,0.395687834785,-317.283711,-126.364377,-61.189350
1048576,1048640,2097280,0.106,222311,32,80,13108,67,145,192.256899,0.395687834785,-319.366466,-127.109567,-61.189350
1048576,1048640,2097280,0.106,222311,32,80,13108,67,146,193.594465,0.395687834785,-321.448856,-127.854391,-61.189350
1048576,1048640,2097280,0.106,222311,32,80,13108,67,147,194.932030,0.395687834785,-323.530929,-128.598899,-61.189350
1048576,1048640,2097280,0.106,222311,32,80,13108,67,148,196.269596,0.395687834785,-325.612729,-129.343134,-61.189350
1048576,1048640,2097280,0.106,222311,32,80,13108,67,149,197.607161,0.395687834785,-327.694296,-130.087135,-61.189350
1048576,1048640,2097280,0.106,222311,32,80,13108,67,150,198.944726,0.395687834785,-329.775665,-130.830939,-61.189350
1048576,1048640,2097280,0.106,222311,32,80,13108,67,151,200.282292,0.395687834785,-331.856868,-131.574576,-61.189350
1048576,1048640,2097280,0.106,222311,32,80,13108,67,152,201.619857,0.395687834785,-333.937933,-132.318076,-61.189350
1048576,1048640,2097280,0.106,222311,32,80,13108,67,153,202.957422,0.395687834785,-336.018886,-133.061464,-61.189350
1048576,1048640,2097280,0.106,222311,32,80,13108,67,154,204.294988,0.395687834785,-338.099750,-133.804762,-61.189350
1048576,1048640,2097280,0.106,222311,32,80,13108,67,155,205.632553,0.395687834785,-340.180545,-134.547992,-61.189350
1048576,1048640,2097280,0.106,222311,32,80,13108,67,156,206.970119,0.395687834785,-342.261288,-135.291170,-61.189350
1048576,1048640,2097280,0.106,222311,32,80,13108,67,157,208.307684,0.395687834785,-344.341998,-136.034314,-61.189350
1048576,1048640,2097280,0.106,222311,32,80,13108,67,158,209.645249,0.395687834785,-346.422686,-136.777437,-61.189350
1048576,1048640,2097280,0.106,222311,32,80,13108,67,159,210.982815,0.395687834785,-348.503367,-137.520552,-61.189350
1048576,1048640,2097280,0.106,222311,32,80,13108,67,160,212.320380,0.395687834785,-350.584052,-138.263672,-61.189350
1048576,1048640,2097280,0.106,222311,32,80,13108,68,1,-inf,,-2.237846,-inf,-inf
1048576,1048640,2097280,0.106,222311,32,80,13108,68,2,-inf,,-4.475692,-inf,-inf
1048576,1048640,2097280,0.106,222311,32,80,13108,68,3,-inf,,-6.713537,-inf,-inf
1048576,1048640,2097280,0.106,222311,32,80,13108,68,4,-inf,,-8.951381,-inf,-inf
1048576,1048640,2097280,0.106,222311,32,80,13108,68,5,-inf,,-11.189224,-inf,-inf
1048576,1048640,2097280,0.106,222311,32,80,13108,68,6,-inf,,-13.427067,-inf,-inf
1048576,1048640,2097280,0.106,222311,32,80,13108,68,7,-inf,,-15.664909,-inf,-inf
1048576,1048640,2097280,0.106,222311,32,80,13108,68,8,-inf,,-17.902750,-inf,-inf
1048576,1048640,2097280,0.106,222311,32,80,13108,68,9,-inf,,-20.140591,-inf,-inf
1048576,1048640,2097280,0.106,222311,32,80,13108,68,10,-inf,,-22.378431,-inf,-inf
1048576,1048640,2097280,0.106,222311,32,80,13108,68,11,-inf,,-24.616270,-inf,-inf
1048576,1048640,2097280,0.106,222311,32,80,13108,68,12,-inf,,-26.854108,-inf,-inf
1048576,1048640,2097280,0.106,222311,32,80,13108,68,13,-inf,,-29.091945,-inf,-inf
1048576,1048640,2097280,0.106,222311,32,80,13108,68,14,-inf,,-31.329782,-inf,-inf
1048576,1048640,2097280,0.106,222311,32,80,13108,68,15,-inf,,-33.567618,-inf,-inf
1048576,1048640,2097280,0.106,222311,32,80,13108,68,16,-inf,,-35.805453,-inf,-inf
1048576,1048640,2097280,0.106,222311,32,80,13108,68,17,-inf,,-38.043288,-inf,-inf
1048576,1048640,2097280,0.106,222311,32,80,13108,68,18,-inf,,-40.281121,-inf,-inf
1048576,1048640,2097280,0.106,222311,32,80,13108,68,19,-inf,,-42.518954,-inf,-inf
1048576,1048640,2097280,0.106,222311,32,80,13108,68,20,-inf,,-44.756786,-inf,-inf
1048576,1048640,2097280,0.106,222311,32,80,13108,68,21,-inf,,-46.994617,-inf,-inf
1048576,1048640,2097280,0.106,222311,32,80,13108,68,22,-inf,,-49.232447,-inf,-inf
1048576,1048640,2097280,0.106,222311,32,80,13108,68,23,-inf,,-51.470276,-inf,-inf
1048576,1048640,2097280,0.106,222311,32,80,13108,68,24,-inf,,-53.708104,-inf,-inf
1048576,1048640,2097280,0.106,222311,32,80,13108,68,25,-inf,,-55.945932,-inf,-inf
1048576,1048640,2097280,0.106,222311,32,80,13108,68,26,-inf,,-58.183758,-inf,-inf
1048576,1048640,2097280,0.106,222311,32,80,13108,68,27,-inf,,-60.421583,-inf,-inf
1048576,1048640,2097280,0.106,222311,32,80,13108,68,28,-inf,,-62.659406,-inf,-inf
1048576,1048640,2097280,0.106,222311,32,80,13108,68,29,-inf,,-64.897229,-inf,-inf
1048576,1048640,2097280,0.106,222311,32,80,13108,68,30,-inf,,-67.135050,-inf,-inf
1048576,1048640,2097280,0.106,222311,32,80,13108,68,31,-inf,,-69.372869,-inf,-inf
1048576,1048640,2097280,0.106,222311,32,80,13108,68,32,-inf,,-71.610687,-inf,-inf
1048576,1048640,2097280,0.106,222311,32,80,13108,68,33,-inf,,-73.848504,-inf,-inf
1048576,1048640,2097280,0.106,222311,32,80,13108,68,34,-inf,,-76.086318,-inf,-inf
1048576,1048640,2097280,0.106,222311,32,80,13108,68,35,-inf,,-78.324131,-inf,-inf
1048576,1048640,2097280,0.106,222311,32,80,13108,68,36,-inf,,-80.561941,-inf,-inf
1048576,1048640,2097280,0.106,222311,32,80,13108,68,37,-inf,,-82.799749,-inf,-inf
1048576,1048640,2097280,0.106,222311,32,80,13108,68,38,-inf,,-85.037554,-inf,-inf
1048576,1048640,2097280,0.106,222311,32,80,13108,68,39,-inf,,-87.275356,-inf,-inf
1048576,1048640,2097280,0.106,222311,32,80,13108,68,40,-inf,,-89.513155,-inf,-inf
1048576,1048640,2097280,0.106,222311,32,80,13108,68,41,-inf,,-91.750951,-inf,-inf
1048576,1048640,2097280,0.106,222311,32,80,13108,68,42,-inf,,-93.988742,-inf,-inf
1048576,1048640,2097280,0.106,222311,32,80,13108,68,43,-inf,,-96.226529,-inf,-inf
1048576,1048640,2097280,0.106,222311,32,80,13108,68,44,-inf,,-98.464311,-inf,-inf
1048576,1048640,2097280,0.106,222311,32,80,13108,68,45,-inf,,-100.702087,-inf,-inf
1048576,1048640,2097280,0.106,222311,32,80,13108,68,46,-inf,,-102.939857,-inf,-inf
1048576,1048640,2097280,0.106,222311,32,80,13108,68,47,-inf,,-105.177620,-inf,-inf
1048576,1048640,2097280,0.106,222311,32,80,13108,68,48,-inf,,-107.415376,-inf,-inf
1048576,1048640,2097280,0.106,222311,32,80,13108,68,49,-inf,,-109.653122,-inf,-inf
1048576,1048640,2097280,0.106,222311,32,80,13108,68,50,-inf,,-111.890859,-inf,-inf
1048576,1048640,2097280,0.106,222311,32,80,13108,68,51,-inf,,-114.128584,-inf,-inf
1048576,1048640,2097280,0.106,222311,32,80,13108,68,52,-inf,,-116.366297,-inf,-inf
1048576,1048640,2097280,0.106,222311,32,80,13108,68,53,-inf,,-118.603995,-inf,-inf
1048576,1048640,2097280,0.106,222311,32,80,13108,68,54,-inf,,-120.841678,-inf,-inf
1048576,1048640,2097280,0.106,222311,32,80,13108,68,55,-inf,,-123.079343,-inf,-inf
1048576,1048640,2097280,0.106,222311,32,80,13108,68,56,-inf,,-125.316987,-inf,-inf
1048576,1048640,2097280,0.106,222311,32,80,13108,68,57,-inf,,-127.554609,-inf,-inf
1048576,1048640,2097280,0.106,222311,32,80,13108,68,58,-inf,,-129.792205,-inf,-inf
1048576,1048640,2097280,0.106,222311,32,80,13108,68,59,-inf,,-132.029772,-inf,-inf
1048576,1048640,2097280,0.106,222311,32,80,13108,68,60,-inf,,-134.267306,-inf,-inf
1048576,1048640,2097280,0.106,222311,32,80,13108,68,61,-inf,,-136.504804,-inf,-inf
1048576,1048640,2097280,0.106,222311,32,80,13108,68,62,-inf,,-138.742260,-inf,-inf
1048576,1048640,2097280,0.106,222311,32,80,13108,68,63,-inf,,-140.979669,-inf,-inf
1048576,1048640,2097280,0.106,222311,32,80,13108,68,64,-inf,,-143.217026,-inf,-inf
1048576,1048640,2097280,0.106,222311,32,80,13108,68,65,-inf,,-145.454324,-inf,-inf
1048576,1048640,2097280,0.106,222311,32,80,13108,68,66,-inf,,-147.691555,-inf,-inf
1048576,1048640,2097280,0.106,222311,32,80,13108,68,67,-inf,,-149.928710,-inf,-inf
1048576,1048640,2097280,0.106,222311,32,80,13108,68,68,87.776018,0.290590738289,-152.165781,-64.389763,-64.389763
1048576,1048640,2097280,0.106,222311,32,80,13108,68,69,89.490558,0.356995209458,-154.402757,-64.912199,-63.627461
1048576,1048640,2097280,0.106,222311,32,80,13108,68,70,90.920539,0.395687834785,-156.639626,-65.719087,-63.323398
1048576,1048640,2097280,0.106,222311,32,80,13108,68,71,92.258104,0.395687834785,-158.876374,-66.618269,-63.183414
1048576,1048640,2097280,0.106,222311,32,80,13108,68,72,93.595670,0.395687834785,-161.112986,-67.517317,-63.113593
1048576,1048640,2097280,0.106,222311,32,80,13108,68,73,94.933235,0.395687834785,-163.349447,-68.416211,-63.077495
1048576,1048640,2097280,0.106,222311,32,80,13108,68,74,96.270801,0.395687834785,-165.585736,-69.314936,-63.058499
1048576,1048640,2097280,0.106,222311,32,80,13108,68,75,97.608366,0.395687834785,-167.821833,-70.213467,-63.048411
1048576,1048640,2097280,0.106,222311,32,80,13108,68,76,98.945931,0.395687834785,-170.057715,-71.111784,-63.043028
1048576,1048640,2097280,0.106,222311,32,80,13108,68,77,100.283497,0.395687834785,-172.293355,-72.009858,-63.040147
1048576,1048640,2097280,0.106,222311,32,80,13108,68,78,101.621062,0.395687834785,-174.528724,-72.907662,-63.038604
1048576,1048640,2097280,0.106,222311,32,80,13108,68,79,102.958627,0.395687834785,-176.763788,-73.805161,-63.037776
1048576,1048640,2097280,0.106,222311,32,80,13108,68,80,104.296193,0.395687834785,-178.998512,-74.702320,-63.037332
1048576,1048640,2097280,0.106,222311,32,80,13108,68,81,105.633758,0.395687834785,-181.232855,-75.599097,-63.037093
1048576,1048640,2097280,0.106,222311,32,80,13108,68,82,106.971324,0.395687834785,-183.466772,-76.495449,-63.036965
1048576,1048640,2097280,0.106,222311,32,80,13108,68,83,108.308889,0.395687834785,-185.700212,-77.391323,-63.036896
1048576,1048640,2097280,0.106,222311,32,80,13108,68,84,109.646454,0.395687834785,-187.933121,-78.286667,-63.036859
1048576,1048640,2097280,0.106,222311,32,80,13108,68,85,110.984020,0.395687834785,-190.165436,-79.181416,-63.036839
1048576,1048640,2097280,0.106,222311,32,80,13108,68,86,112.321585,0.395687834785,-192.397090,-80.075504,-63.036828
1048576,1048640,2097280,0.106,222311,32,80,13108,68,87,113.659151,0.395687834785,-194.628006,-80.968856,-63.036822
1048576,1048640,2097280,0.106,222311,32,80,13108,68,88,114.996716,0.395687834785,-196.858104,-81.861389,-63.036819
1048576,1048640,2097280,0.106,222311,32,80,13108,68,89,116.334281,0.395687834785,-199.087293,-82.753011,-63.036818
1048576,1048640,2097280,0.106,222311,32,80,13108,68,90,117.671847,0.395687834785,-201.315473,-83.643626,-63.036817
1048576,1048640,2097280,0.106,222311,32,80,13108,68,91,119.009412,0.395687834785,-203.542536,-84.533124,-63.036816
1048576,1048640,2097280,0.106,222311,32,80,13108,68,92,120.346977,0.395687834785,-205.768365,-85.421388,-63.036816
1048576,1048640,2097280,0.106,222311,32,80,13108,68,93,121.684543,0.395687834785,-207.992832,-86.308289,-63.036816
1048576,1048640,2097280,0.106,222311,32,80,13108,68,94,123.022108,0.395687834785,-210.215800,-87.193692,-63.036816
1048576,1048640,2097280,0.106,222311,32,80,13108,68,95,124.359674,0.395687834785,-212.437121,-88.077448,-63.036816
1048576,1048640,2097280,0.106,222311,32,80,13108,68,96,125.697239,0.395687834785,-214.656639,-88.959400,-63.036816
1048576,1048640,2097280,0.106,222311,32,80,13108,68,97,127.034804,0.395687834785,-216.874183,-89.839378,-63.036816
1048576,1048640,2097280,0.106,222311,32,80,13108,68,98,128.372370,0.395687834785,-219.089579,-90.717209,-63.036816
1048576,1048640,2097280,0.106,222311,32,80,13108,68,99,129.709935,0.395687834785,-221.302639,-91.592704,-63.036816
1048576,1048640,2097280,0.106,222311,32,80,13108,68,100,131.047501,0.395687834785,-223.513174,-92.465674,-63.036816
1048576,1048640,2097280,0.106,222311,32,80,13108,68,101,132.385066,0.395687834785,-225.720982,-93.335916,-63.036816
1048576,1048640,2097280,0.106,222311,32,80,13108,68,102,133.722631,0.395687834785,-227.925862,-94.203231,-63.036816
1048576,1048640,2097280,0.106,222311,32,80,13108,68,103,135.060197,0.395687834785,-230.127608,-95.067412,-63.036816
1048576,1048640,2097280,0.106,222311,32,80,13108,68,104,136.397762,0.395687834785,-232.326017,-95.928255,-63.036816
1048576,1048640,2097280,0.106,222311,32,80,13108,68,105,137.735327,0.395687834785,-234.520892,-96.785564,-63.036816
1048576,1048640,2097280,0.106,222311,32,80,13108,68,106,139.072893,0.395687834785,-236.712034,-97.639142,-63.036816
1048576,1048640,2097280,0.106,222311,32,80,13108,68,107,140.410458,0.395687834785,-238.899265,-98.488807,-63.036816
1048576,1048640,2097280,0.106,222311,32,80,13108,68,108,141.748024,0.395687834785,-241.082416,-99.334393,-63.036816
1048576,1048640,2097280,0.106,222311,32,80,13108,68,109,143.085589,0.395687834785,-243.261334,-100.175745,-63.036816
1048576,1048640,2097280,0.106,222311,32,80,13108,68,110,144.423154,0.395687834785,-245.435890,-101.012736,-63.036816
1048576,1048640,2097280,0.106,222311,32,80,13108,68,111,145.760720,0.395687834785,-247.605979,-101.845259,-63.036816
1048576,1048640,2097280,0.106,222311,32,80,13108,68,112,147.098285,0.395687834785,-249.771519,-102.673234,-63.036816
1048576,1048640,2097280,0.106,222311,32,80,13108,68,113,148.435851,0.395687834785,-251.932459,-103.496608,-63.036816
1048576,1048640,2097280,0.106,222311,32,80,13108,68,114,149.773416,0.395687834785,-254.088781,-104.315365,-63.036816
1048576,1048640,2097280,0.106,222311,32,80,13108,68,115,151.110981,0.395687834785,-256.240489,-105.129508,-63.036816
1048576,1048640,2097280,0.106,222311,32,80,13108,68,116,152.448547,0.395687834785,-258.387626,-105.939079,-63.036816
1048576,1048640,2097280,0.106,222311,32,80,13108,68,117,153.786112,0.395687834785,-260.530262,-106.744150,-63.036816
1048576,1048640,2097280,0.106,222311,32,80,13108,68,118,155.123677,0.395687834785,-262.668490,-107.544813,-63.036816
1048576,1048640,2097280,0.106,222311,32,80,13108,68,119,156.461243,0.395687834785,-264.802434,-108.341192,-63.036816
1048576,1048640,2097280,0.106,222311,32,80,13108,68,120,157.798808,0.395687834785,-266.932240,-109.133432,-63.036816
1048576,1048640,2097280,0.106,222311,32,80,13108,68,121,159.136374,0.395687834785,-269.058068,-109.921694,-63.036816
1048576,1048640,2097280,0.106,222311,32,80,13108,68,122,160.473939,0.395687834785,-271.180098,-110.706159,-63.036816
1048576,1048640,2097280,0.106,222311,32,80,13108,68,123,161.811504,0.395687834785,-273.298525,-111.487020,-63.036816
1048576,1048640,2097280,0.106,222311,32,80,13108,68,124,163.149070,0.395687834785,-275.413544,-112.264475,-63.036816
1048576,1048640,2097280,0.106,222311,32,80,13108,68,125,164.486635,0.395687834785,-277.525364,-113.038729,-63.036816
1048576,1048640,2097280,0.106,222311,32,80,13108,68,126,165.824201,0.395687834785,-279.634192,-113.809992,-63.036816
1048576,1048640,2097280,0.106,222311,32,80,13108,68,127,167.161766,0.395687834785,-281.740235,-114.578469,-63.036816
1048576,1048640,2097280,0.106,222311,32,80,13108,68,128,168.499331,0.395687834785,-283.843696,-115.344364,-63.036816
1048576,1048640,2097280,0.106,222311,32,80,13108,68,129,169.836897,0.395687834785,-285.944776,-116.107879,-63.036816
1048576,1048640,2097280,0.106,222311,32,80,13108,68,130,171.174462,0.395687834785,-288.043665,-116.869203,-63.036816
1048576,1048640,2097280,0.106,222311,32,80,13108,68,131,172.512027,0.395687834785,-290.140548,-117.628521,-63.036816
1048576,1048640,2097280,0.106,222311,32,80,13108,68,132,173.849593,0.395687834785,-292.235603,-118.386010,-63.036816
1048576,1048640,2097280,0.106,222311,32,80,13108,68,133,175.187158,0.395687834785,-294.328991,-119.141833,-63.036816
1048576,1048640,2097280,0.106,222311,32,80,13108,68,134,176.524724,0.395687834785,-296.420869,-119.896146,-63.036816
1048576,1048640,2097280,0.106,222311,32,80,13108,68,135,177.862289,0.395687834785,-298.511384,-120.649095,-63.036816
1048576,1048640,2097280,0.106,222311,32,80,13108,68,136,179.199854,0.395687834785,-300.600669,-121.400814,-63.036816
1048576,1048640,2097280,0.106,222311,32,80,13108,68,137,180.537420,0.395687834785,-302.688848,-122.151429,-63.036816
1048576,1048640,2097280,0.106,222311,32,80,13108,68,138,181.874985,0.395687834785,-304.776039,-122.901054,-63.036816
1048576,1048640,2097280,0.106,222311,32,80,13108,68,139,183.212550,0.395687834785,-306.862344,-123.649794,-63.036816
1048576,1048640,2097280,0.106,222311,32,80,13108,68,140,184.550116,0.395687834785,-308.947862,-124.397746,-63.036816
1048576,1048640,2097280,0.106,222311,32,80,13108,68,141,185.887681,0.395687834785,-311.032682,-125.145000,-63.036816
1048576,1048640,2097280,0.106,222311,32,80,13108,68,142,187.225247,0.395687834785,-313.116882,-125.891635,-63.036816
1048576,1048640,2097280,0.106,222311,32,80,13108,68,143,188.562812,0.395687834785,-315.200536,-126.637724,-63.036816
1048576,1048640,2097280,0.106,222311,32,80,13108,68,144,189.900377,0.395687834785,-317.283711,-127.383334,-63.036816
1048576,1048640,2097280,0.106,222311,32,80,13108,68,145,191.237943,0.395687834785,-319.366466,-128.128524,-63.036816
1048576,1048640,2097280,0.106,222311,32,80,13108,68,146,192.575508,0.395687834785,-321.448856,-128.873348,-63.036816
1048576,1048640,2097280,0.106,222311,32,80,13108,68,147,193.913074,0.395687834785,-323.530929,-129.617856,-63.036816
1048576,1048640,2097280,0.106,222311,32,80,13108,68,148,195.250639,0.395687834785,-325.612729,-130.362090,-63.036816
1048576,1048640,2097280,0.106,222311,32,80,13108,68,149,196.588204,0.395687834785,-327.694296,-131.106092,-63.036816
1048576,1048640,2097280,0.106,222311,32,80,13108,68,150,197.925770,0.395687834785,-329.775665,-131.849895,-63.036816
1048576,1048640,2097280,0.106,222311,32,80,13108,68,151,199.263335,0.395687834785,-331.856868,-132.593533,-63.036816
1048576,1048640,2097280,0.106,222311,32,80,13108,68,152,200.600900,0.395687834785,-333.937933,-133.337033,-63.036816
1048576,1048640,2097280,0.106,222311,32,80,13108,68,153,201.938466,0.395687834785,-336.018886,-134.080421,-63.036816
1048576,1048640,2097280,0.106,222311,32,80,13108,68,154,203.276031,0.395687834785,-338.099750,-134.823719,-63.036816
1048576,1048640,2097280,0.106,222311,32,80,13108,68,155,204.613597,0.395687834785,-340.180545,-135.566948,-63.036816
1048576,1048640,2097280,0.106,222311,32,80,13108,68,156,205.951162,0.395687834785,-342.261288,-136.310126,-63.036816
1048576,1048640,2097280,0.106,222311,32,80,13108,68,157,207.288727,0.395687834785,-344.341998,-137.053270,-63.036816
1048576,1048640,2097280,0.106,222311,32,80,13108,68,158,208.626293,0.395687834785,-346.422686,-137.796393,-63.036816
1048576,1048640,2097280,0.106,222311,32,80,13108,68,159,209.963858,0.395687834785,-348.503367,-138.539509,-63.036816
1048576,1048640,2097280,0.106,222311,32,80,13108,68,160,211.301424,0.395687834785,-350.584052,-139.282628,-63.036816
1048576,1048640,2097280,0.106,222311,32,80,13108,69,1,-inf,,-2.237846,-inf,-inf
1048576,1048640,2097280,0.106,222311,32,80,13108,69,2,-inf,,-4.475692,-inf,-inf
1048576,1048640,2097280,0.106,222311,32,80,13108,69,3,-inf,,-6.713537,-inf,-inf
1048576,1048640,2097280,0.106,222311,32,80,13108,69,4,-inf,,-8.951381,-inf,-inf
1048576,1048640,2097280,0.106,222311,32,80,13108,69,5,-inf,,-11.189224,-inf,-inf
1048576,1048640,2097280,0.106,222311,32,80,13108,69,6,-inf,,-13.427067,-inf,-inf
1048576,1048640,2097280,0.106,222311,32,80,13108,69,7,-inf,,-15.664909,-inf,-inf
1048576,1048640,2097280,0.106,222311,32,80,13108,69,8,-inf,,-17.902750,-inf,-inf
1048576,1048640,2097280,0.106,222311,32,80,13108,69,9,-inf,,-20.140591,-inf,-inf
1048576,1048640,2097280,0.106,222311,32,80,13108,69,10,-inf,,-22.378431,-inf,-inf
1048576,1048640,2097280,0.106,222311,32,80,13108,69,11,-inf,,-24.616270,-inf,-inf
1048576,1048640,2097280,0.106,222311,32,80,13108,69,12,-inf,,-26.854108,-inf,-inf
1048576,1048640,2097280,0.106,222311,32,80,13108,69,13,-inf,,-29.091945,-inf,-inf
1048576,1048640,2097280,0.106,222311,32,80,13108,69,14,-inf,,-31.329782,-inf,-inf
1048576,1048640,2097280,0.106,222311,32,80,13108,69,15,-inf,,-33.567618,-inf,-inf
1048576,1048640,2097280,0.106,222311,32,80,13108,69,16,-inf,,-35.805453,-inf,-inf
1048576,1048640,2097280,0.106,222311,32,80,13108,69,17,-inf,,-38.043288,-inf,-inf
1048576,1048640,2097280,0.106,222311,32,80,13108,69,18,-inf,,-40.281121,-inf,-inf
1048576,1048640,2097280,0.106,222311,32,80,13108,69,19,-inf,,-42.518954,-inf,-inf
1048576,1048640,2097280,0.106,222311,32,80,13108,69,20,-inf,,-44.756786,-inf,-inf
1048576,1048640,2097280,0.106,222311,32,80,13108,69,21,-inf,,-46.994617,-inf,-inf
1048576,1048640,2097280,0.106,222311,32,80,13108,69,22,-inf,,-49.232447,-inf,-inf
1048576,1048640,2097280,0.106,222311,32,80,13108,69,23,-inf,,-51.470276,-inf,-inf
1048576,1048640,2097280,0.106,222311,32,80,13108,69,24,-inf,,-53.708104,-inf,-inf
1048576,1048640,2097280,0.106,222311,32,80,13108,69,25,-inf,,-55.945932,-inf,-inf
1048576,1048640,2097280,0.106,222311,32,80,13108,69,26,-inf,,-58.183758,-inf,-inf
1048576,1048640,2097280,0.106,222311,32,80,13108,69,27,-inf,,-60.421583,-inf,-inf
1048576,1048640,2097280,0.106,222311,32,80,13108,69,28,-inf,,-62.659406,-inf,-inf
1048576,1048640,2097280,0.106,222311,32,80,13108,69,29,-inf,,-64.897229,-inf,-inf
1048576,1048640,2097280,0.106,222311,32,80,13108,69,30,-inf,,-67.135050,-inf,-inf
1048576,1048640,2097280,0.106,222311,32,80,13108,69,31,-inf,,-69.372869,-inf,-inf
1048576,1048640,2097280,0.106,222311,32,80,13108,69,32,-inf,,-71.610687,-inf,-inf
1048576,1048640,2097280,0.106,222311,32,80,13108,69,33,-inf,,-73.848504,-inf,-inf
1048576,1048640,2097280,0.106,222311,32,80,13108,69,34,-inf,,-76.086318,-inf,-inf
1048576,1048640,2097280,0.106,222311,32,80,13108,69,35,-inf,,-78.324131,-inf,-inf
1048576,1048640,2097280,0.106,222311,32,80,13108,69,36,-inf,,-80.561941,-inf,-inf
1048576,1048640,2097280,0.106,222311,32,80,13108,69,37,-inf,,-82.799749,-inf,-inf
1048576,1048640,2097280,0.106,222311,32,80,13108,69,38,-inf,,-85.037554,-inf,-inf
1048576,1048640,2097280,0.106,222311,32,80,13108,69,39,-inf,,-87.275356,-inf,-inf
1048576,1048640,2097280,0.106,222311,32,80,13108,69,40,-inf,,-89.513155,-inf,-inf
1048576,1048640,2097280,0.106,222311,32,80,13108,69,41,-inf,,-91.750951,-inf,-inf
1048576,1048640,2097280,0.106,222311,32,80,13108,69,42,-inf,,-93.988742,-inf,-inf
1048576,1048640,2097280,0.106,222311,32,80,13108,69,43,-inf,,-96.226529,-inf,-inf
1048576,1048640,2097280,0.106,222311,32,80,13108,69,44,-inf,,-98.464311,-inf,-inf
1048576,1048640,2097280,0.106,222311,32,80,13108,69,45,-inf,,-100.702087,-inf,-inf
1048576,1048640,2097280,0.106,222311,32,80,13108,69,46,-inf,,-102.939857,-inf,-inf
1048576,1048640,2097280,0.106,222311,32,80,13108,69,47,-inf,,-105.177620,-inf,-inf
1048576,1048640,2097280,0.106,222311,32,80,13108,69,48,-inf,,-107.415376,-inf,-inf
1048576,1048640,2097280,0.106,222311,32,80,13108,69,49,-inf,,-109.653122,-inf,-inf
1048576,1048640,2097280,0.106,222311,32,80,13108,69,50,-inf,,-111.890859,-inf,-inf
1048576,1048640,2097280,0.106,222311,32,80,13108,69,51,-inf,,-114.128584,-inf,-inf
1048576,1048640,2097280,0.106,222311,32,80,13108,69,52,-inf,,-116.366297,-inf,-inf
1048576,1048640,2097280,0.106,222311,32,80,13108,69,53,-inf,,-118.603995,-inf,-inf
1048576,1048640,2097280,0.106,222311,32,80,13108,69,54,-inf,,-120.841678,-inf,-inf
1048576,1048640,2097280,0.106,222311,32,80,13108,69,55,-inf,,-123.079343,-inf,-inf
1048576,1048640,2097280,0.106,222311,32,80,13108,69,56,-inf,,-125.316987,-inf,-inf
1048576,1048640,2097280,0.106,222311,32,80,13108,69,57,-inf,,-127.554609,-inf,-inf
1048576,1048640,2097280,0.106,222311,32,80,13108,69,58,-inf,,-129.792205,-inf,-inf
1048576,1048640,2097280,0.106,222311,32,80,13108,69,59,-inf,,-132.029772,-inf,-inf
1048576,1048640,2097280,0.106,222311,32,80,13108,69,60,-inf,,-134.267306,-inf,-inf
1048576,1048640,2097280,0.106,222311,32,80,13108,69,61,-inf,,-136.504804,-inf,-inf
1048576,1048640,2097280,0.106,222311,32,80,13108,69,62,-inf,,-138.742260,-inf,-inf
1048576,1048640,2097280,0.106,222311,32,80,13108,69,63,-inf,,-140.979669,-inf,-inf
1048576,1048640,2097280,0.106,222311,32,80,13108,69,64,-inf,,-143.217026,-inf,-inf
1048576,1048640,2097280,0.106,222311,32,80,13108,69,65,-inf,,-145.454324,-inf,-inf
1048576,1048640,2097280,0.106,222311,32,80,13108,69,66,-inf,,-147.691555,-inf,-inf
1048576,1048640,2097280,0.106,222311,32,80,13108,69,67,-inf,,-149.928710,-inf,-inf
1048576,1048640,2097280,0.106,222311,32,80,13108,69,68,-inf,,-152.165781,-inf,-inf
1048576,1048640,2097280,0.106,222311,32,80,13108,69,69,88.160408,0.290590738289,-154.402757,-66.242349,-66.242349
1048576,1048640,2097280,0.106,222311,32,80,13108,69,70,89.875508,0.356995209458,-156.639626,-66.764117,-65.479772
1048576,1048640,2097280,0.106,222311,32,80,13108,69,71,91.248839,0.395687834785,-158.876374,-67.627534,-65.186211
1048576,1048640,2097280,0.106,222311,32,80,13108,69,72,92.586405,0.395687834785,-161.112986,-68.526582,-65.050374
1048576,1048640,2097280,0.106,222311,32,80,13108,69,73,93.923970,0.395687834785,-163.349447,-69.425477,-64.982473
1048576,1048640,2097280,0.106,222311,32,80,13108,69,74,95.261536,0.395687834785,-165.585736,-70.324201,-64.947329
1048576,1048640,2097280,0.106,222311,32,80,13108,69,75,96.599101,0.395687834785,-167.821833,-71.222732,-64.928823
1048576,1048640,2097280,0.106,222311,32,80,13108,69,76,97.936666,0.395687834785,-170.057715,-72.121049,-64.918992
1048576,1048640,2097280,0.106,222311,32,80,13108,69,77,99.274232,0.395687834785,-172.293355,-73.019123,-64.913744
1048576,1048640,2097280,0.106,222311,32,80,13108,69,78,100.611797,0.395687834785,-174.528724,-73.916927,-64.910935
1048576,1048640,2097280,0.106,222311,32,80,13108,69,79,101.949362,0.395687834785,-176.763788,-74.814426,-64.909429
1048576,1048640,2097280,0.106,222311,32,80,13108,69,80,103.286928,0.395687834785,-178.998512,-75.711585,-64.908621
1048576,1048640,2097280,0.106,222311,32,80,13108,69,81,104.624493,0.395687834785,-181.232855,-76.608362,-64.908188
1048576,1048640,2097280,0.106,222311,32,80,13108,69,82,105.962059,0.395687834785,-183.466772,-77.504714,-64.907955
1048576,1048640,2097280,0.106,222311,32,80,13108,69,83,107.299624,0.395687834785,-185.700212,-78.400588,-64.907830
1048576,1048640,2097280,0.106,222311,32,80,13108,69,84,108.637189,0.395687834785,-187.933121,-79.295932,-64.907762
1048576,1048640,2097280,0.106,222311,32,80,13108,69,85,109.974755,0.395687834785,-190.165436,-80.190681,-64.907726
1048576,1048640,2097280,0.106,222311,32,80,13108,69,86,111.312320,0.395687834785,-192.397090,-81.084769,-64.907707
1048576,1048640,2097280,0.106,222311,32,80,13108,69,87,112.649886,0.395687834785,-194.628006,-81.978121,-64.907696
1048576,1048640,2097280,0.106,222311,32,80,13108,69,88,113.987451,0.395687834785,-196.858104,-82.870654,-64.907691
1048576,1048640,2097280,0.106,222311,32,80,13108,69,89,115.325016,0.395687834785,-199.087293,-83.762276,-64.907688
1048576,1048640,2097280,0.106,222311,32,80,13108,69,90,116.662582,0.395687834785,-201.315473,-84.652891,-64.907686
1048576,1048640,2097280,0.106,222311,32,80,13108,69,91,118.000147,0.395687834785,-203.542536,-85.542389,-64.907685
1048576,1048640,2097280,0.106,222311,32,80,13108,69,92,119.337712,0.395687834785,-205.768365,-86.430653,-64.907685
1048576,1048640,2097280,0.106,222311,32,80,13108,69,93,120.675278,0.395687834785,-207.992832,-87.317554,-64.907684
1048576,1048640,2097280,0.106,222311,32,80,13108,69,94,122.012843,0.395687834785,-210.215800,-88.202957,-64.907684
1048576,1048640,2097280,0.106,222311,32,80,13108,69,95,123.350409,0.395687834785,-212.437121,-89.086713,-64.907684
1048576,1048640,2097280,0.106,222311,32,80,13108,69,96,124.687974,0.395687834785,-214.656639,-89.968665,-64.907684
1048576,1048640,2097280,0.106,222311,32,80,13108,69,97,126.025539,0.395687834785,-216.874183,-90.848643,-64.907684
1048576,1048640,2097280,0.106,222311,32,80,13108,69,98,127.363105,0.395687834785,-219.089579,-91.726474,-64.907684
1048576,1048640,2097280,0.106,222311,32,80,13108,69,99,128.700670,0.395687834785,-221.302639,-92.601969,-64.907684
1048576,1048640,2097280,0.106,222311,32,80,13108,69,100,130.038235,0.395687834785,-223.513174,-93.474939,-64.907684
1048576,1048640,2097280,0.106,222311,32,80,13108,69,101,131.375801,0.395687834785,-225.720982,-94.345181,-64.907684
1048576,1048640,2097280,0.106,222311,32,80,13108,69,102,132.713366,0.395687834785,-227.925862,-95.212496,-64.907684
1048576,1048640,2097280,0.106,222311,32,80,13108,69,103,134.050932,0.395687834785,-230.127608,-96.076677,-64.907684
1048576,1048640,2097280,0.106,222311,32,80,13108,69,104,135.388497,0.395687834785,-232.326017,-96.937520,-64.907684
1048576,1048640,2097280,0.106,222311,32,80,13108,69,105,136.726062,0.395687834785,-234.520892,-97.794829,-64.907684
1048576,1048640,2097280,0.106,222311,32,80,13108,69,106,138.063628,0.395687834785,-236.712034,-98.648407,-64.907684
1048576,1048640,2097280,0.106,222311,32,80,13108,69,107,139.401193,0.395687834785,-238.899265,-99.498072,-64.907684
1048576,1048640,2097280,0.106,222311,32,80,13108,69,108,140.738759,0.395687834785,-241.082416,-100.343658,-64.907684
1048576,1048640,2097280,0.106,222311,32,80,13108,69,109,142.076324,0.395687834785,-243.261334,-101.185010,-64.907684
1048576,1048640,2097280,0.106,222311,32,80,13108,69,110,143.413889,0.395687834785,-245.435890,-102.022001,-64.907684
1048576,1048640,2097280,0.106,222311,32,80,13108,69,111,144.751455,0.395687834785,-247.605979,-102.854525,-64.907684
1048576,1048640,2097280,0.106,222311,32,80,13108,69,112,146.089020,0.395687834785,-249.771519,-103.682499,-64.907684
1048576,1048640,2097280,0.106,222311,32,80,13108,69,113,147.426585,0.395687834785,-251.932459,-104.505873,-64.907684
1048576,1048640,2097280,0.106,222311,32,80,13108,69,114,148.764151,0.395687834785,-254.088781,-105.324630,-64.907684
1048576,1048640,2097280,0.106,222311,32,80,13108,69,115,150.101716,0.395687834785,-256.240489,-106.138773,-64.907684
1048576,1048640,2097280,0.106,222311,32,80,13108,69,116,151.439282,0.395687834785,-258.387626,-106.948344,-64.907684
1048576,1048640,2097280,0.106,222311,32,80,13108,69,117,152.776847,0.395687834785,-260.530262,-107.753415,-64.907684
1048576,1048640,2097280,0.106,222311,32,80,13108,69,118,154.114412,0.395687834785,-262.668490,-108.554078,-64.907684
1048576,1048640,2097280,0.106,222311,32,80,13108,69,119,155.451978,0.395687834785,-264.802434,-109.350457,-64.907684
1048576,1048640,2097280,0.106,222311,32,80,13108,69,120,156.789543,0.395687834785,-266.932240,-110.142697,-64.907684
1048576,1048640,2097280,0.106,222311,32,80,13108,69,121,158.127109,0.395687834785,-269.058068,-110.930959,-64.907684
1048576,1048640,2097280,0.106,222311,32,80,13108,69,122,159.464674,0.395687834785,-271.180098,-111.715424,-64.907684
1048576,1048640,2097280,0.106,222311,32,80,13108,69,123,160.802239,0.395687834785,-273.298525,-112.496285,-64.907684
1048576,1048640,2097280,0.106,222311,32,80,13108,69,124,162.139805,0.395687834785,-275.413544,-113.273740,-64.907684
1048576,1048640,2097280,0.106,222311,32,80,13108,69,125,163.477370,0.395687834785,-277.525364,-114.047994,-64.907684
1048576,1048640,2097280,0.106,222311,32,80,13108,69,126,164.814935,0.395687834785,-279.634192,-114.819257,-64.907684
1048576,1048640,2097280,0.106,222311,32,80,13108,69,127,166.152501,0.395687834785,-281.740235,-115.587734,-64.907684
1048576,1048640,2097280,0.106,222311,32,80,13108,69,128,167.490066,0.395687834785,-283.843696,-116.353629,-64.907684
1048576,1048640,2097280,0.106,222311,32,80,13108,69,129,168.827632,0.395687834785,-285.944776,-117.117144,-64.907684
1048576,1048640,2097280,0.106,222311,32,80,13108,69,130,170.165197,0.395687834785,-288.043665,-117.878468,-64.907684
1048576,1048640,2097280,0.106,222311,32,80,13108,69,131,171.502762,0.395687834785,-290.140548,-118.637786,-64.907684
1048576,1048640,2097280,0.106,222311,32,80,13108,69,132,172.840328,0.395687834785,-292.235603,-119.395275,-64.907684
1048576,1048640,2097280,0.106,222311,32,80,13108,69,133,174.177893,0.395687834785,-294.328991,-120.151098,-64.907684
1048576,1048640,2097280,0.106,222311,32,80,13108,69,134,175.515459,0.395687834785,-296.420869,-120.905411,-64.907684
1048576,1048640,2097280,0.106,222311,32,80,13108,69,135,176.853024,0.395687834785,-298.511384,-121.658360,-64.907684
1048576,1048640,2097280,0.106,222311,32,80,13108,69,136,178.190589,0.395687834785,-300.600669,-122.410079,-64.907684
1048576,1048640,2097280,0.106,222311,32,80,13108,69,137,179.528155,0.395687834785,-302.688848,-123.160694,-64.907684
1048576,1048640,2097280,0.106,222311,32,80,13108,69,138,180.865720,0.395687834785,-304.776039,-123.910319,-64.907684
1048576,1048640,2097280,0.106,222311,32,80,13108,69,139,182.203285,0.395687834785,-306.862344,-124.659059,-64.907684
1048576,1048640,2097280,0.106,222311,32,80,13108,69,140,183.540851,0.395687834785,-308.947862,-125.407011,-64.907684
1048576,1048640,2097280,0.106,222311,32,80,13108,69,141,184.878416,0.395687834785,-311.032682,-126.154265,-64.907684
1048576,1048640,2097280,0.106,222311,32,80,13108,69,142,186.215982,0.395687834785,-313.116882,-126.900900,-64.907684
1048576,1048640,2097280,0.106,222311,32,80,13108,69,143,187.553547,0.395687834785,-315.200536,-127.646989,-64.907684
1048576,1048640,2097280,0.106,222311,32,80,13108,69,144,188.891112,0.395687834785,-317.283711,-128.392599,-64.907684
1048576,1048640,2097280,0.106,222311,32,80,13108,69,145,190.228678,0.395687834785,-319.366466,-129.137789,-64.907684
1048576,1048640,2097280,0.106,222311,32,80,13108,69,146,191.566243,0.395687834785,-321.448856,-129.882613,-64.907684
1048576,1048640,2097280,0.106,222311,32,80,13108,69,147,192.903809,0.395687834785,-323.530929,-130.627121,-64.907684
1048576,1048640,2097280,0.106,222311,32,80,13108,69,148,194.241374,0.395687834785,-325.612729,-131.371355,-64.907684
1048576,1048640,2097280,0.106,222311,32,80,13108,69,149,195.578939,0.395687834785,-327.694296,-132.115357,-64.907684
1048576,1048640,2097280,0.106,222311,32,80,13108,69,150,196.916505,0.395687834785,-329.775665,-132.859160,-64.907684
1048576,1048640,2097280,0.106,222311,32,80,13108,69,151,198.254070,0.395687834785,-331.856868,-133.602798,-64.907684
1048576,1048640,2097280,0.106,222311,32,80,13108,69,152,199.591635,0.395687834785,-333.937933,-134.346298,-64.907684
1048576,1048640,2097280,0.106,222311,32,80,13108,69,153,200.929201,0.395687834785,-336.018886,-135.089686,-64.907684
1048576,1048640,2097280,0.106,222311,32,80,13108,69,154,202.266766,0.395687834785,-338.099750,-135.832984,-64.907684
1048576,1048640,2097280,0.106,222311,32,80,13108,69,155,203.604332,0.395687834785,-340.180545,-136.576213,-64.907684
1048576,1048640,2097280,0.106,222311,32,80,13108,69,156,204.941897,0.395687834785,-342.261288,-137.319391,-64.907684
1048576,1048640,2097280,0.106,222311,32,80,13108,69,157,206.279462,0.395687834785,-344.341998,-138.062535,-64.907684
1048576,1048640,2097280,0.106,222311,32,80,13108,69,158,207.617028,0.395687834785,-346.422686,-138.805658,-64.907684
1048576,1048640,2097280,0.106,222311,32,80,13108,69,159,208.954593,0.395687834785,-348.503367,-139.548774,-64.907684
1048576,1048640,2097280,0.106,222311,32,80,13108,69,160,210.292159,0.395687834785,-350.584052,-140.291893,-64.907684
1048576,1048640,2097280,0.106,222311,32,80,13108,70,1,-inf,,-2.237846,-inf,-inf
1048576,1048640,2097280,0.106,222311,32,80,13108,70,2,-inf,,-4.475692,-inf,-inf
1048576,1048640,2097280,0.106,222311,32,80,13108,70,3,-inf,,-6.713537,-inf,-inf
1048576,1048640,2097280,0.106,222311,32,80,13108,70,4,-inf,,-8.951381,-inf,-inf
1048576,1048640,2097280,0.106,222311,32,80,13108,70,5,-inf,,-11.189224,-inf,-inf
1048576,1048640,2097280,0.106,222311,32,80,13108,70,6,-inf,,-13.427067,-inf,-inf
1048576,1048640,2097280,0.106,222311,32,80,13108,70,7,-inf,,-15.664909,-inf,-inf
1048576,1048640,2097280,0.106,222311,32,80,13108,70,8,-inf,,-17.902750,-inf,-inf
1048576,1048640,2097280,0.106,222311,32,80,13108,70,9,-inf,,-20.140591,-inf,-inf
1048576,1048640,2097280,0.106,222311,32,80,13108,70,10,-inf,,-22.378431,-inf,-inf
1048576,1048640,2097280,0.106,222311,32,80,13108,70,11,-inf,,-24.616270,-inf,-inf
1048576,1048640,2097280,0.106,222311,32,80,13108,70,12,-inf,,-26.854108,-inf,-inf
1048576,1048640,2097280,0.106,222311,32,80,13108,70,13,-inf,,-29.091945,-inf,-inf
1048576,1048640,2097280,0.106,222311,32,80,13108,70,14,-inf,,-31.329782,-inf,-inf
1048576,1048640,2097280,0.106,222311,32,80,13108,70,15,-inf,,-33.567618,-inf,-inf
1048576,1048640,2097280,0.106,222311,32,80,13108,70,16,-inf,,-35.805453,-inf,-inf
1048576,1048640,2097280,0.106,222311,32,80,13108,70,17,-inf,,-38.043288,-inf,-inf
1048576,1048640,2097280,0.106,222311,32,80,13108,70,18,-inf,,-40.281121,-inf,-inf
1048576,1048640,2097280,0.106,222311,32,80,13108,70,19,-inf,,-42.518954,-inf,-inf
1048576,1048640,2097280,0.106,222311,32,80,13108,70,20,-inf,,-44.756786,-inf,-inf
1048576,1048640,2097280,0.106,222311,32,80,13108,70,21,-inf,,-46.994617,-inf,-inf
1048576,1048640,2097280,0.106,222311,32,80,13108,70,22,-inf,,-49.232447,-inf,-inf
1048576,1048640,2097280,0.106,222311,32,80,13108,70,23,-inf,,-51.470276,-inf,-inf
1048576,1048640,2097280,0.106,222311,32,80,13108,70,24,-inf,,-53.708104,-inf,-inf
1048576,1048640,2097280,0.106,222311,32,80,13108,70,25,-inf,,-55.945932,-inf,-inf
1048576,1048640,2097280,0.106,222311,32,80,13108,70,26,-inf,,-58.183758,-inf,-inf
1048576,1048640,2097280,0.106,222311,32,80,13108,70,27,-inf,,-60.421583,-inf,-inf
1048576,1048640,2097280,0.106,222311,32,80,13108,70,28,-inf,,-62.659406,-inf,-inf
1048576,1048640,2097280,0.106,222311,32,80,13108,70,29,-inf,,-64.897229,-inf,-inf
1048576,1048640,2097280,0.106,222311,32,80,13108,70,30,-inf,,-67.135050,-inf,-inf
1048576,1048640,2097280,0.106,222311,32,80,13108,70,31,-inf,,-69.372869,-inf,-inf
1048576,1048640,2097280,0.106,222311,32,80,13108,70,32,-inf,,-71.610687,-inf,-inf
1048576,1048640,2097280,0.106,222311,32,80,13108,70,33,-inf,,-73.848504,-inf,-inf
1048576,1048640,2097280,0.106,222311,32,80,13108,70,34,-inf,,-76.086318,-inf,-inf
1048576,1048640,2097280,0.106,222311,32,80,13108,70,35,-inf,,-78.324131,-inf,-inf
1048576,1048640,2097280,0.106,222311,32,80,13108,70,36,-inf,,-80.561941,-inf,-inf
1048576,1048640,2097280,0.106,222311,32,80,13108,70,37,-inf,,-82.799749,-inf,-inf
1048576,1048640,2097280,0.106,222311,32,80,13108,70,38,-inf,,-85.037554,-inf,-inf
1048576,1048640,2097280,0.106,222311,32,80,13108,70,39,-inf,,-87.275356,-inf,-inf
1048576,1048640,2097280,0.106,222311,32,80,13108,70,40,-inf,,-89.513155,-inf,-inf
1048576,1048640,2097280,0.106,222311,32,80,13108,70,41,-inf,,-91.750951,-inf,-inf
1048576,1048640,2097280,0.106,222311,32,80,13108,70,42,-inf,,-93.988742,-inf,-inf
1048576,1048640,2097280,0.106,222311,32,80,13108,70,43,-inf,,-96.226529,-inf,-inf
1048576,1048640,2097280,0.106,222311,32,80,13108,70,44,-inf,,-98.464311,-inf,-inf
1048576,1048640,2097280,0.106,222311,32,80,13108,70,45,-inf,,-100.702087,-inf,-inf
1048576,1048640,2097280,0.106,222311,32,80,13108,70,46,-inf,,-102.939857,-inf,-inf
1048576,1048640,2097280,0.106,222311,32,80,13108,70,47,-inf,,-105.177620,-inf,-inf
1048576,1048640,2097280,0.106,222311,32,80,13108,70,48,-inf,,-107.415376,-inf,-inf
1048576,1048640,2097280,0.106,222311,32,80,13108,70,49,-inf,,-109.653122,-inf,-inf
1048576,1048640,2097280,0.106,222311,32,80,13108,70,50,-inf,,-111.890859,-inf,-inf
1048576,1048640,2097280,0.106,222311,32,80,13108,70,51,-inf,,-114.128584,-inf,-inf
1048576,1048640,2097280,0.106,222311,32,80,13108,70,52,-inf,,-116.366297,-inf,-inf
1048576,1048640,2097280,0.106,222311,32,80,13108,70,53,-inf,,-118.603995,-inf,-inf
1048576,1048640,2097280,0.106,222311,32,80,13108,70,54,-inf,,-120.841678,-inf,-inf
1048576,1048640,2097280,0.106,222311,32,80,13108,70,55,-inf,,-123.079343,-inf,-inf
1048576,1048640,2097280,0.106,222311,32,80,13108,70,56,-inf,,-125.316987,-inf,-inf
1048576,1048640,2097280,0.106,222311,32,80,13108,70,57,-inf,,-127.554609,-inf,-inf
1048576,1048640,2097280,0.106,222311,32,80,13108,70,58,-inf,,-129.792205,-inf,-inf
1048576,1048640,2097280,0.106,222311,32,80,13108,70,59,-inf,,-132.029772,-inf,-inf
1048576,1048640,2097280,0.106,222311,32,80,13108,70,60,-inf,,-134.267306,-inf,-inf
1048576,1048640,2097280,0.106,222311,32,80,13108,70,61,-inf,,-136.504804,-inf,-inf
1048576,1048640,2097280,0.106,222311,32,80,13108,70,62,-inf,,-138.742260,-inf,-inf
1048576,1048640,2097280,0.106,222311,32,80,13108,70,63,-inf,,-140.979669,-inf,-inf
1048576,1048640,2097280,0.106,222311,32,80,13108,70,64,-inf,,-143.217026,-inf,-inf
1048576,1048640,2097280,0.106,222311,32,80,13108,70,65,-inf,,-145.454324,-inf,-inf
1048576,1048640,2097280,0.106,222311,32,80,13108,70,66,-inf,,-147.691555,-inf,-inf
1048576,1048640,2097280,0.106,222311,32,80,13108,70,67,-inf,,-149.928710,-inf,-inf
1048576,1048640,2097280,0.106,222311,32,80,13108,70,68,-inf,,-152.165781,-inf,-inf
1048576,1048640,2097280,0.106,222311,32,80,13108,70,69,-inf,,-154.402757,-inf,-inf
1048576,1048640,2097280,0.106,222311,32,80,13108,70,70,88.483916,0.290590738289,-156.639626,-68.155710,-68.155710
1048576,1048640,2097280,0.106,222311,32,80,13108,70,71,90.225297,0.356995209458,-158.876374,-68.651077,-67.382235
1048576,1048640,2097280,0.106,222311,32,80,13108,70,72,91.566513,0.395687834785,-161.112986,-69.546474,-67.091693
1048576,1048640,2097280,0.106,222311,32,80,13108,70,73,92.904078,0.395687834785,-163.349447,-70.445369,-66.957047
1048576,1048640,2097280,0.106,222311,32,80,13108,70,74,94.241643,0.395687834785,-165.585736,-71.344093,-66.889693
1048576,1048640,2097280,0.106,222311,32,80,13108,70,75,95.579209,0.395687834785,-167.821833,-72.242625,-66.854817
1048576,1048640,2097280,0.106,222311,32,80,13108,70,76,96.916774,0.395687834785,-170.057715,-73.140941,-66.836448
1048576,1048640,2097280,0.106,222311,32,80,13108,70,77,98.254339,0.395687834785,-172.293355,-74.039015,-66.826686
1048576,1048640,2097280,0.106,222311,32,80,13108,70,78,99.591905,0.395687834785,-174.528724,-74.936819,-66.821474
1048576,1048640,2097280,0.106,222311,32,80,13108,70,79,100.929470,0.395687834785,-176.763788,-75.834318,-66.818684
1048576,1048640,2097280,0.106,222311,32,80,13108,70,80,102.267036,0.395687834785,-178.998512,-76.731477,-66.817189
1048576,1048640,2097280,0.106,222311,32,80,13108,70,81,103.604601,0.395687834785,-181.232855,-77.628254,-66.816386
1048576,1048640,2097280,0.106,222311,32,80,13108,70,82,104.942166,0.395687834785,-183.466772,-78.524606,-66.815955
1048576,1048640,2097280,0.106,222311,32,80,13108,70,83,106.279732,0.395687834785,-185.700212,-79.420481,-66.815723
1048576,1048640,2097280,0.106,222311,32,80,13108,70,84,107.617297,0.395687834785,-187.933121,-80.315824,-66.815598
1048576,1048640,2097280,0.106,222311,32,80,13108,70,85,108.954863,0.395687834785,-190.165436,-81.210573,-66.815532
1048576,1048640,2097280,0.106,222311,32,80,13108,70,86,110.292428,0.395687834785,-192.397090,-82.104662,-66.815495
1048576,1048640,2097280,0.106,222311,32,80,13108,70,87,111.629993,0.395687834785,-194.628006,-82.998013,-66.815476
1048576,1048640,2097280,0.106,222311,32,80,13108,70,88,112.967559,0.395687834785,-196.858104,-83.890546,-66.815466
1048576,1048640,2097280,0.106,222311,32,80,13108,70,89,114.305124,0.395687834785,-199.087293,-84.782169,-66.815460
1048576,1048640,2097280,0.106,222311,32,80,13108,70,90,115.642689,0.395687834785,-201.315473,-85.672783,-66.815457
1048576,1048640,2097280,0.106,222311,32,80,13108,70,91,116.980255,0.395687834785,-203.542536,-86.562281,-66.815455
1048576,1048640,2097280,0.106,222311,32,80,13108,70,92,118.317820,0.395687834785,-205.768365,-87.450545,-66.815454
1048576,1048640,2097280,0.106,222311,32,80,13108,70,93,119.655386,0.395687834785,-207.992832,-88.337446,-66.815454
1048576,1048640,2097280,0.106,222311,32,80,13108,70,94,120.992951,0.395687834785,-210.215800,-89.222849,-66.815454
1048576,1048640,2097280,0.106,222311,32,80,13108,70,95,122.330516,0.395687834785,-212.437121,-90.106605,-66.815454
1048576,1048640,2097280,0.106,222311,32,80,13108,70,96,123.668082,0.395687834785,-214.656639,-90.988557,-66.815453
1048576,1048640,2097280,0.106,222311,32,80,13108,70,97,125.005647,0.395687834785,-216.874183,-91.868535,-66.815453
1048576,1048640,2097280,0.106,222311,32,80,13108,70,98,126.343213,0.395687834785,-219.089579,-92.746366,-66.815453
1048576,1048640,2097280,0.106,222311,32,80,13108,70,99,127.680778,0.395687834785,-221.302639,-93.621862,-66.815453
1048576,1048640,2097280,0.106,222311,32,80,13108,70,100,129.018343,0.395687834785,-223.513174,-94.494831,-66.815453
1048576,1048640,2097280,0.106,222311,32,80,13108,70,101,130.355909,0.395687834785,-225.720982,-95.365073,-66.815453
1048576,1048640,2097280,0.106,222311,32,80,13108,70,102,131.693474,0.395687834785,-227.925862,-96.232388,-66.815453
1048576,1048640,2097280,0.106,222311,32,80,13108,70,103,133.031039,0.395687834785,-230.127608,-97.096569,-66.815453
1048576,1048640,2097280,0.106,222311,32,80,13108,70,104,134.368605,0.395687834785,-232.326017,-97.957413,-66.815453
1048576,1048640,2097280,0.106,222311,32,80,13108,70,105,135.706170,0.395687834785,-234.520892,-98.814721,-66.815453
1048576,1048640,2097280,0.106,222311,32,80,13108,70,106,137.043736,0.395687834785,-236.712034,-99.668299,-66.815453
1048576,1048640,2097280,0.106,222311,32,80,13108,70,107,138.381301,0.395687834785,-238.899265,-100.517964,-66.815453
1048576,1048640,2097280,0.106,222311,32,80,13108,70,108,139.718866,0.395687834785,-241.082416,-101.363550,-66.815453
1048576,1048640,2097280,0.106,222311,32,80,13108,70,109,141.056432,0.395687834785,-243.261334,-102.204902,-66.815453
1048576,1048640,2097280,0.106,222311,32,80,13108,70,110,142.393997,0.395687834785,-245.435890,-103.041893,-66.815453
1048576,1048640,2097280,0.106,222311,32,80,13108,70,111,143.731563,0.395687834785,-247.605979,-103.874417,-66.815453
1048576,1048640,2097280,0.106,222311,32,80,13108,70,112,145.069128,0.395687834785,-249.771519,-104.702391,-66.815453
1048576,1048640,2097280,0.106,222311,32,80,13108,70,113,146.406693,0.395687834785,-251.932459,-105.525766,-66.815453
1048576,1048640,2097280,0.106,222311,32,80,13108,70,114,147.744259,0.395687834785,-254.088781,-106.344522,-66.815453
1048576,1048640,2097280,0.106,222311,32,80,13108,70,115,149.081824,0.395687834785,-256.240489,-107.158665,-66.815453
1048576,1048640,2097280,0.106,222311,32,80,13108,70,116,150.419389,0.395687834785,-258.387626,-107.968237,-66.815453
1048576,1048640,2097280,0.106,222311,32,80,13108,70,117,151.756955,0.395687834785,-260.530262,-108.773307,-66.815453
1048576,1048640,2097280,0.106,222311,32,80,13108,70,118,153.094520,0.395687834785,-262.668490,-109.573970,-66.815453
1048576,1048640,2097280,0.106,222311,32,80,13108,70,119,154.432086,0.395687834785,-264.802434,-110.370349,-66.815453
1048576,1048640,2097280,0.106,222311,32,80,13108,70,120,155.769651,0.395687834785,-266.932240,-111.162589,-66.815453
1048576,1048640,2097280,0.106,222311,32,80,13108,70,121,157.107216,0.395687834785,-269.058068,-111.950851,-66.815453
1048576,1048640,2097280,0.106,222311,32,80,13108,70,122,158.444782,0.395687834785,-271.180098,-112.735317,-66.815453
1048576,1048640,2097280,0.106,222311,32,80,13108,70,123,159.782347,0.395687834785,-273.298525,-113.516178,-66.815453
1048576,1048640,2097280,0.106,222311,32,80,13108,70,124,161.119913,0.395687834785,-275.413544,-114.293632,-66.815453
1048576,1048640,2097280,0.106,222311,32,80,13108,70,125,162.457478,0.395687834785,-277.525364,-115.067886,-66.815453
1048576,1048640,2097280,0.106,222311,32,80,13108,70,126,163.795043,0.395687834785,-279.634192,-115.839149,-66.815453
1048576,1048640,2097280,0.106,222311,32,80,13108,70,127,165.132609,0.395687834785,-281.740235,-116.607626,-66.815453
1048576,1048640,2097280,0.106,222311,32,80,13108,70,128,166.470174,0.395687834785,-283.843696,-117.373522,-66.815453
1048576,1048640,2097280,0.106,222311,32,80,13108,70,129,167.807739,0.395687834785,-285.944776,-118.137036,-66.815453
1048576,1048640,2097280,0.106,222311,32,80,13108,70,130,169.145305,0.395687834785,-288.043665,-118.898360,-66.815453
1048576,1048640,2097280,0.106,222311,32,80,13108,70,131,170.482870,0.395687834785,-290.140548,-119.657678,-66.815453
1048576,1048640,2097280,0.106,222311,32,80,13108,70,132,171.820436,0.395687834785,-292.235603,-120.415167,-66.815453
1048576,1048640,2097280,0.106,222311,32,80,13108,70,133,173.158001,0.395687834785,-294.328991,-121.170990,-66.815453
1048576,1048640,2097280,0.106,222311,32,80,13108,70,134,174.495566,0.395687834785,-296.420869,-121.925303,-66.815453
1048576,1048640,2097280,0.106,222311,32,80,13108,70,135,175.833132,0.395687834785,-298.511384,-122.678253,-66.815453
1048576,1048640,2097280,0.106,222311,32,80,13108,70,136,177.170697,0.395687834785,-300.600669,-123.429972,-66.815453
1048576,1048640,2097280,0.106,222311,32,80,13108,70,137,178.508263,0.395687834785,-302.688848,-124.180586,-66.815453
1048576,1048640,2097280,0.106,222311,32,80,13108,70,138,179.845828,0.395687834785,-304.776039,-124.930211,-66.815453
1048576,1048640,2097280,0.106,222311,32,80,13108,70,139,181.183393,0.395687834785,-306.862344,-125.678951,-66.815453
1048576,1048640,2097280,0.106,222311,32,80,13108,70,140,182.520959,0.395687834785,-308.947862,-126.426904,-66.815453
1048576,1048640,2097280,0.106,222311,32,80,13108,70,141,183.858524,0.395687834785,-311.032682,-127.174158,-66.815453
1048576,1048640,2097280,0.106,222311,32,80,13108,70,142,185.196089,0.395687834785,-313.116882,-127.920792,-66.815453
1048576,1048640,2097280,0.106,222311,32,80,13108,70,143,186.533655,0.395687834785,-315.200536,-128.666881,-66.815453
1048576,1048640,2097280,0.106,222311,32,80,13108,70,144,187.871220,0.395687834785,-317.283711,-129.412491,-66.815453
1048576,1048640,2097280,0.106,222311,32,80,13108,70,145,189.208786,0.395687834785,-319.366466,-130.157681,-66.815453
1048576,1048640,2097280,0.106,222311,32,80,13108,70,146,190.546351,0.395687834785,-321.448856,-130.902505,-66.815453
1048576,1048640,2097280,0.106,222311,32,80,13108,70,147,191.883916,0.395687834785,-323.530929,-131.647013,-66.815453
1048576,1048640,2097280,0.106,222311,32,80,13108,70,148,193.221482,0.395687834785,-325.612729,-132.391248,-66.815453
1048576,1048640,2097280,0.106,222311,32,80,13108,70,149,194.559047,0.395687834785,-327.694296,-133.135249,-66.815453
1048576,1048640,2097280,0.106,222311,32,80,13108,70,150,195.896613,0.395687834785,-329.775665,-133.879053,-66.815453
1048576,1048640,2097280,0.106,222311,32,80,13108,70,151,197.234178,0.395687834785,-331.856868,-134.622690,-66.815453
1048576,1048640,2097280,0.106,222311,32,80,13108,70,152,198.571743,0.395687834785,-333.937933,-135.366190,-66.815453
1048576,1048640,2097280,0.106,222311,32,80,13108,70,153,199.909309,0.395687834785,-336.018886,-136.109578,-66.815453
1048576,1048640,2097280,0.106,222311,32,80,13108,70,154,201.246874,0.395687834785,-338.099750,-136.852876,-66.815453
1048576,1048640,2097280,0.106,222311,32,80,13108,70,155,202.584439,0.395687834785,-340.180545,-137.596105,-66.815453
1048576,1048640,2097280,0.106,222311,32,80,13108,70,156,203.922005,0.395687834785,-342.261288,-138.339284,-66.815453
1048576,1048640,2097280,0.106,222311,32,80,13108,70,157,205.259570,0.395687834785,-344.341998,-139.082427,-66.815453
1048576,1048640,2097280,0.106,222311,32,80,13108,70,158,206.597136,0.395687834785,-346.422686,-139.825551,-66.815453
1048576,1048640,2097280,0.106,222311,32,80,13108,70,159,207.934701,0.395687834785,-348.503367,-140.568666,-66.815453
1048576,1048640,2097280,0.106,222311,32,80,13108,70,160,209.272266,0.395687834785,-350.584052,-141.311785,-66.815453
1048576,1048640,2097280,0.106,222311,32,80,13108,71,1,-inf,,-2.237846,-inf,-inf
1048576,1048640,2097280,0.106,222311,32,80,13108,71,2,-inf,,-4.475692,-inf,-inf
1048576,1048640,2097280,0.106,222311,32,80,13108,71,3,-inf,,-6.713537,-inf,-inf
1048576,1048640,2097280,0.106,222311,32,80,13108,71,4,-inf,,-8.951381,-inf,-inf
1048576,1048640,2097280,0.106,222311,32,80,13108,71,5,-inf,,-11.189224,-inf,-inf
1048576,1048640,2097280,0.106,222311,32,80,13108,71,6,-inf,,-13.427067,-inf,-inf
1048576,1048640,2097280,0.106,222311,32,80,13108,71,7,-inf,,-15.664909,-inf,-inf
1048576,1048640,2097280,0.106,222311,32,80,13108,71,8,-inf,,-17.902750,-inf,-inf
1048576,1048640,2097280,0.106,222311,32,80,13108,71,9,-inf,,-20.140591,-inf,-inf
1048576,1048640,2097280,0.106,222311,32,80,13108,71,10,-inf,,-22.378431,-inf,-inf
1048576,1048640,2097280,0.106,222311,32,80,13108,71,11,-inf,,-24.616270,-inf,-inf
1048576,1048640,2097280,0.106,222311,32,80,13108,71,12,-inf,,-26.854108,-inf,-inf
1048576,1048640,2097280,0.106,222311,32,80,13108,71,13,-inf,,-29.091945,-inf,-inf
1048576,1048640,2097280,0.106,222311,32,80,13108,71,14,-inf,,-31.329782,-inf,-inf
1048576,1048640,2097280,0.106,222311,32,80,13108,71,15,-inf,,-33.567618,-inf,-inf
1048576,1048640,2097280,0.106,222311,32,80,13108,71,16,-inf,,-35.805453,-inf,-inf
1048576,1048640,2097280,0.106,222311,32,80,13108,71,17,-inf,,-38.043288,-inf,-inf
1048576,1048640,2097280,0.106,222311,32,80,13108,71,18,-inf,,-40.281121,-inf,-inf
1048576,1048640,2097280,0.106,222311,32,80,13108,71,19,-inf,,-42.518954,-inf,-inf
1048576,1048640,2097280,0.106,222311,32,80,13108,71,20,-inf,,-44.756786,-inf,-inf
1048576,1048640,2097280,0.106,222311,32,80,13108,71,21,-inf,,-46.994617,-inf,-inf
1048576,1048640,2097280,0.106,222311,32,80,13108,71,22,-inf,,-49.232447,-inf,-inf
1048576,1048640,2097280,0.106,222311,32,80,13108,71,23,-inf,,-51.470276,-inf,-inf
1048576,1048640,2097280,0.106,222311,32,80,13108,71,24,-inf,,-53.708104,-inf,-inf
1048576,1048640,2097280,0.106,222311,32,80,13108,71,25,-inf,,-55.945932,-inf,-inf
1048576,1048640,2097280,0.106,222311,32,80,13108,71,26,-inf,,-58.183758,-inf,-inf
1048576,1048640,2097280,0.106,222311,32,80,13108,71,27,-inf,,-60.421583,-inf,-inf
1048576,1048640,2097280,0.106,222311,32,80,13108,71,28,-inf,,-62.659406,-inf,-inf
1048576,1048640,2097280,0.106,222311,32,80,13108,71,29,-inf,,-64.897229,-inf,-inf
1048576,1048640,2097280,0.106,222311,32,80,13108,71,30,-inf,,-67.135050,-inf,-inf
1048576,1048640,2097280,0.106,222311,32,80,13108,71,31,-inf,,-69.372869,-inf,-inf
1048576,1048640,2097280,0.106,222311,32,80,13108,71,32,-inf,,-71.610687,-inf,-inf
1048576,1048640,2097280,0.106,222311,32,80,13108,71,33,-inf,,-73.848504,-inf,-inf
1048576,1048640,2097280,0.106,222311,32,80,13108,71,34,-inf,,-76.086318,-inf,-inf
1048576,1048640,2097280,0.106,222311,32,80,13108,71,35,-inf,,-78.324131,-inf,-inf
1048576,1048640,2097280,0.106,222311,32,80,13108,71,36,-inf,,-80.561941,-inf,-inf
1048576,1048640,2097280,0.106,222311,32,80,13108,71,37,-inf,,-82.799749,-inf,-inf
1048576,1048640,2097280,0.106,222311,32,80,13108,71,38,-inf,,-85.037554,-inf,-inf
1048576,1048640,2097280,0.106,222311,32,80,13108,71,39,-inf,,-87.275356,-inf,-inf
1048576,1048640,2097280,0.106,222311,32,80,13108,71,40,-inf,,-89.513155,-inf,-inf
1048576,1048640,2097280,0.106,222311,32,80,13108,71,41,-inf,,-91.750951,-inf,-inf
1048576,1048640,2097280,0.106,222311,32,80,13108,71,42,-inf,,-93.988742,-inf,-inf
1048576,1048640,2097280,0.106,222311,32,80,13108,71,43,-inf,,-96.226529,-inf,-inf
1048576,1048640,2097280,0.106,222311,32,80,13108,71,44,-inf,,-98.464311,-inf,-inf
1048576,1048640,2097280,0.106,222311,32,80,13108,71,45,-inf,,-100.702087,-inf,-inf
1048576,1048640,2097280,0.106,222311,32,80,13108,71,46,-inf,,-102.939857,-inf,-inf
1048576,1048640,2097280,0.106,222311,32,80,13108,71,47,-inf,,-105.177620,-inf,-inf
1048576,1048640,2097280,0.106,222311,32,80,13108,71,48,-inf,,-107.415376,-inf,-inf
1048576,1048640,2097280,0.106,222311,32,80,13108,71,49,-inf,,-109.653122,-inf,-inf
1048576,1048640,2097280,0.106,222311,32,80,13108,71,50,-inf,,-111.890859,-inf,-inf
1048576,1048640,2097280,0.106,222311,32,80,13108,71,51,-inf,,-114.128584,-inf,-inf
1048576,1048640,2097280,0.106,222311,32,80,13108,71,52,-inf,,-116.366297,-inf,-inf
1048576,1048640,2097280,0.106,222311,32,80,13108,71,53,-inf,,-118.603995,-inf,-inf
1048576,1048640,2097280,0.106,222311,32,80,13108,71,54,-inf,,-120.841678,-inf,-inf
1048576,1048640,2097280,0.106,222311,32,80,13108,71,55,-inf,,-123.079343,-inf,-inf
1048576,1048640,2097280,0.106,222311,32,80,13108,71,56,-inf,,-125.316987,-inf,-inf
1048576,1048640,2097280,0.106,222311,32,80,13108,71,57,-inf,,-127.554609,-inf,-inf
1048576,1048640,2097280,0.106,222311,32,80,13108,71,58,-inf,,-129.792205,-inf,-inf
1048576,1048640,2097280,0.106,222311,32,80,13108,71,59,-inf,,-132.029772,-inf,-inf
1048576,1048640,2097280,0.106,222311,32,80,13108,71,60,-inf,,-134.267306,-inf,-inf
1048576,1048640,2097280,0.106,222311,32,80,13108,71,61,-inf,,-136.504804,-inf,-inf
1048576,1048640,2097280,0.106,222311,32,80,13108,71,62,-inf,,-138.742260,-inf,-inf
1048576,1048640,2097280,0.106,222311,32,80,13108,71,63,-inf,,-140.979669,-inf,-inf
1048576,1048640,2097280,0.106,222311,32,80,13108,71,64,-inf,,-143.217026,-inf,-inf
1048576,1048640,2097280,0.106,222311,32,80,13108,71,65,-inf,,-145.454324,-inf,-inf
1048576,1048640,2097280,0.106,222311,32,80,13108,71,66,-inf,,-147.691555,-inf,-inf
1048576,1048640,2097280,0.106,222311,32,80,13108,71,67,-inf,,-149.928710,-inf,-inf
1048576,1048640,2097280,0.106,222311,32,80,13108,71,68,-inf,,-152.165781,-inf,-inf
1048576,1048640,2097280,0.106,222311,32,80,13108,71,69,-inf,,-154.402757,-inf,-inf
1048576,1048640,2097280,0.106,222311,32,80,13108,71,70,-inf,,-156.639626,-inf,-inf
1048576,1048640,2097280,0.106,222311,32,80,13108,71,71,88.266855,0.290590738289,-158.876374,-70.609518,-70.609518
1048576,1048640,2097280,0.106,222311,32,80,13108,71,72,90.049795,0.290590738289,-161.112986,-71.063192,-69.818595
1048576,1048640,2097280,0.106,222311,32,80,13108,71,73,91.832734,0.290590738289,-163.349447,-71.516712,-69.431025
1048576,1048640,2097280,0.106,222311,32,80,13108,71,74,93.199877,0.395687834785,-165.585736,-72.385859,-69.256011
1048576,1048640,2097280,0.106,222311,32,80,13108,71,75,94.537442,0.395687834785,-167.821833,-73.284391,-69.170202
1048576,1048640,2097280,0.106,222311,32,80,13108,71,76,95.875008,0.395687834785,-170.057715,-74.182707,-69.126186
1048576,1048640,2097280,0.106,222311,32,80,13108,71,77,97.212573,0.395687834785,-172.293355,-75.080782,-69.103108
1048576,1048640,2097280,0.106,222311,32,80,13108,71,78,98.550139,0.395687834785,-174.528724,-75.978585,-69.090873
1048576,1048640,2097280,0.106,222311,32,80,13108,71,79,99.887704,0.395687834785,-176.763788,-76.876084,-69.084348
1048576,1048640,2097280,0.106,222311,32,80,13108,71,80,101.225269,0.395687834785,-178.998512,-77.773243,-69.080856
1048576,1048640,2097280,0.106,222311,32,80,13108,71,81,102.562835,0.395687834785,-181.232855,-78.670021,-69.078984
1048576,1048640,2097280,0.106,222311,32,80,13108,71,82,103.900400,0.395687834785,-183.466772,-79.566372,-69.077980
1048576,1048640,2097280,0.106,222311,32,80,13108,71,83,105.237965,0.395687834785,-185.700212,-80.462247,-69.077440
1048576,1048640,2097280,0.106,222311,32,80,13108,71,84,106.575531,0.395687834785,-187.933121,-81.357590,-69.077150
1048576,1048640,2097280,0.106,222311,32,80,13108,71,85,107.913096,0.395687834785,-190.165436,-82.252340,-69.076994
1048576,1048640,2097280,0.106,222311,32,80,13108,71,86,109.250662,0.395687834785,-192.397090,-83.146428,-69.076910
1048576,1048640,2097280,0.106,222311,32,80,13108,71,87,110.588227,0.395687834785,-194.628006,-84.039779,-69.076865
1048576,1048640,2097280,0.106,222311,32,80,13108,71,88,111.925792,0.395687834785,-196.858104,-84.932312,-69.076841
1048576,1048640,2097280,0.106,222311,32,80,13108,71,89,113.263358,0.395687834785,-199.087293,-85.823935,-69.076828
1048576,1048640,2097280,0.106,222311,32,80,13108,71,90,114.600923,0.395687834785,-201.315473,-86.714550,-69.076821
1048576,1048640,2097280,0.106,222311,32,80,13108,71,91,115.938488,0.395687834785,-203.542536,-87.604047,-69.076817
1048576,1048640,2097280,0.106,222311,32,80,13108,71,92,117.276054,0.395687834785,-205.768365,-88.492311,-69.076815
1048576,1048640,2097280,0.106,222311,32,80,13108,71,93,118.613619,0.395687834785,-207.992832,-89.379213,-69.076814
1048576,1048640,2097280,0.106,222311,32,80,13108,71,94,119.951185,0.395687834785,-210.215800,-90.264616,-69.076813
1048576,1048640,2097280,0.106,222311,32,80,13108,71,95,121.288750,0.395687834785,-212.437121,-91.148371,-69.076813
1048576,1048640,2097280,0.106,222311,32,80,13108,71,96,122.626315,0.395687834785,-214.656639,-92.030323,-69.076812
1048576,1048640,2097280,0.106,222311,32,80,13108,71,97,123.963881,0.395687834785,-216.874183,-92.910302,-69.076812
1048576,1048640,2097280,0.106,222311,32,80,13108,71,98,125.301446,0.395687834785,-219.089579,-93.788133,-69.076812
1048576,1048640,2097280,0.106,222311,32,80,13108,71,99,126.639012,0.395687834785,-221.302639,-94.663628,-69.076812
1048576,1048640,2097280,0.106,222311,32,80,13108,71,100,127.976577,0.395687834785,-223.513174,-95.536597,-69.076812
1048576,1048640,2097280,0.106,222311,32,80,13108,71,101,129.314142,0.395687834785,-225.720982,-96.406839,-69.076812
1048576,1048640,2097280,0.106,222311,32,80,13108,71,102,130.651708,0.395687834785,-227.925862,-97.274155,-69.076812
1048576,1048640,2097280,0.106,222311,32,80,13108,71,103,131.989273,0.395687834785,-230.127608,-98.138335,-69.076812
1048576,1048640,2097280,0.106,222311,32,80,13108,71,104,133.326838,0.395687834785,-232.326017,-98.999179,-69.076812
1048576,1048640,2097280,0.106,222311,32,80,13108,71,105,134.664404,0.395687834785,-234.520892,-99.856488,-69.076812
1048576,1048640,2097280,0.106,222311,32,80,13108,71,106,136.001969,0.395687834785,-236.712034,-100.710065,-69.076812
1048576,1048640,2097280,0.106,222311,32,80,13108,71,107,137.339535,0.395687834785,-238.899265,-101.559730,-69.076812
1048576,1048640,2097280,0.106,222311,32,80,13108,71,108,138.677100,0.395687834785,-241.082416,-102.405316,-69.076812
1048576,1048640,2097280,0.106,222311,32,80,13108,71,109,140.014665,0.395687834785,-243.261334,-103.246669,-69.076812
1048576,1048640,2097280,0.106,222311,32,80,13108,71,110,141.352231,0.395687834785,-245.435890,-104.083659,-69.076812
1048576,1048640,2097280,0.106,222311,32,80,13108,71,111,142.689796,0.395687834785,-247.605979,-104.916183,-69.076812
1048576,1048640,2097280,0.106,222311,32,80,13108,71,112,144.027362,0.395687834785,-249.771519,-105.744157,-69.076812
1048576,1048640,2097280,0.106,222311,32,80,13108,71,113,145.364927,0.395687834785,-251.932459,-106.567532,-69.076812
1048576,1048640,2097280,0.106,222311,32,80,13108,71,114,146.702492,0.395687834785,-254.088781,-107.386288,-69.076812
1048576,1048640,2097280,0.106,222311,32,80,13108,71,115,148.040058,0.395687834785,-256.240489,-108.200431,-69.076812
1048576,1048640,2097280,0.106,222311,32,80,13108,71,116,149.377623,0.395687834785,-258.387626,-109.010003,-69.076812
1048576,1048640,2097280,0.106,222311,32,80,13108,71,117,150.715188,0.395687834785,-260.530262,-109.815074,-69.076812
1048576,1048640,2097280,0.106,222311,32,80,13108,71,118,152.052754,0.395687834785,-262.668490,-110.615737,-69.076812
1048576,1048640,2097280,0.106,222311,32,80,13108,71,119,153.390319,0.395687834785,-264.802434,-111.412115,-69.076812
1048576,1048640,2097280,0.106,222311,32,80,13108,71,120,154.727885,0.395687834785,-266.932240,-112.204355,-69.076812
1048576,1048640,2097280,0.106,222311,32,80,13108,71,121,156.065450,0.395687834785,-269.058068,-112.992618,-69.076812
1048576,1048640,2097280,0.106,222311,32,80,13108,71,122,157.403015,0.395687834785,-271.180098,-113.777083,-69.076812
1048576,1048640,2097280,0.106,222311,32,80,13108,71,123,158.740581,0.395687834785,-273.298525,-114.557944,-69.076812
1048576,1048640,2097280,0.106,222311,32,80,13108,71,124,160.078146,0.395687834785,-275.413544,-115.335398,-69.076812
1048576,1048640,2097280,0.106,222311,32,80,13108,71,125,161.415712,0.395687834785,-277.525364,-116.109652,-69.076812
1048576,1048640,2097280,0.106,222311,32,80,13108,71,126,162.753277,0.395687834785,-279.634192,-116.880915,-69.076812
1048576,1048640,2097280,0.106,222311,32,80,13108,71,127,164.090842,0.395687834785,-281.740235,-117.649392,-69.076812
1048576,1048640,2097280,0.106,222311,32,80,13108,71,128,165.428408,0.395687834785,-283.843696,-118.415288,-69.076812
1048576,1048640,2097280,0.106,222311,32,80,13108,71,129,166.765973,0.395687834785,-285.944776,-119.178803,-69.076812
1048576,1048640,2097280,0.106,222311,32,80,13108,71,130,168.103538,0.395687834785,-288.043665,-119.940126,-69.076812
1048576,1048640,2097280,0.106,222311,32,80,13108,71,131,169.441104,0.395687834785,-290.140548,-120.699445,-69.076812
1048576,1048640,2097280,0.106,222311,32,80,13108,71,132,170.778669,0.395687834785,-292.235603,-121.456933,-69.076812
1048576,1048640,2097280,0.106,222311,32,80,13108,71,133,172.116235,0.395687834785,-294.328991,-122.212756,-69.076812
1048576,1048640,2097280,0.106,222311,32,80,13108,71,134,173.453800,0.395687834785,-296.420869,-122.967069,-69.076812
1048576,1048640,2097280,0.106,222311,32,80,13108,71,135,174.791365,0.395687834785,-298.511384,-123.720019,-69.076812
1048576,1048640,2097280,0.106,222311,32,80,13108,71,136,176.128931,0.395687834785,-300.600669,-124.471738,-69.076812
1048576,1048640,2097280,0.106,222311,32,80,13108,71,137,177.466496,0.395687834785,-302.688848,-125.222352,-69.076812
1048576,1048640,2097280,0.106,222311,32,80,13108,71,138,178.804062,0.395687834785,-304.776039,-125.971977,-69.076812
1048576,1048640,2097280,0.106,222311,32,80,13108,71,139,180.141627,0.395687834785,-306.862344,-126.720717,-69.076812
1048576,1048640,2097280,0.106,222311,32,80,13108,71,140,181.479192,0.395687834785,-308.947862,-127.468670,-69.076812
1048576,1048640,2097280,0.106,222311,32,80,13108,71,141,182.816758,0.395687834785,-311.032682,-128.215924,-69.076812
1048576,1048640,2097280,0.106,222311,32,80,13108,71,142,184.154323,0.395687834785,-313.116882,-128.962559,-69.076812
1048576,1048640,2097280,0.106,222311,32,80,13108,71,143,185.491888,0.395687834785,-315.200536,-129.708648,-69.076812
1048576,1048640,2097280,0.106,222311,32,80,13108,71,144,186.829454,0.395687834785,-317.283711,-130.454257,-69.076812
1048576,1048640,2097280,0.106,222311,32,80,13108,71,145,188.167019,0.395687834785,-319.366466,-131.199447,-69.076812
1048576,1048640,2097280,0.106,222311,32,80,13108,71,146,189.504585,0.395687834785,-321.448856,-131.944271,-69.076812
1048576,1048640,2097280,0.106,222311,32,80,13108,71,147,190.842150,0.395687834785,-323.530929,-132.688779,-69.076812
1048576,1048640,2097280,0.106,222311,32,80,13108,71,148,192.179715,0.395687834785,-325.612729,-133.433014,-69.076812
1048576,1048640,2097280,0.106,222311,32,80,13108,71,149,193.517281,0.395687834785,-327.694296,-134.177015,-69.076812
1048576,1048640,2097280,0.106,222311,32,80,13108,71,150,194.854846,0.395687834785,-329.775665,-134.920819,-69.076812
1048576,1048640,2097280,0.106,222311,32,80,13108,71,151,196.192412,0.395687834785,-331.856868,-135.664456,-69.076812
1048576,1048640,2097280,0.106,222311,32,80,13108,71,152,197.529977,0.395687834785,-333.937933,-136.407956,-69.076812
1048576,1048640,2097280,0.106,222311,32,80,13108,71,153,198.867542,0.395687834785,-336.018886,-137.151344,-69.076812
1048576,1048640,2097280,0.106,222311,32,80,13108,71,154,200.205108,0.395687834785,-338.099750,-137.894642,-69.076812
1048576,1048640,2097280,0.106,222311,32,80,13108,71,155,201.542673,0.395687834785,-340.180545,-138.637872,-69.076812
1048576,1048640,2097280,0.106,222311,32,80,13108,71,156,202.880238,0.395687834785,-342.261288,-139.381050,-69.076812
1048576,1048640,2097280,0.106,222311,32,80,13108,71,157,204.217804,0.395687834785,-344.341998,-140.124194,-69.076812
1048576,1048640,2097280,0.106,222311,32,80,13108,71,158,205.555369,0.395687834785,-346.422686,-140.867317,-69.076812
1048576,1048640,2097280,0.106,222311,32,80,13108,71,159,206.892935,0.395687834785,-348.503367,-141.610433,-69.076812
1048576,1048640,2097280,0.106,222311,32,80,13108,71,160,208.230500,0.395687834785,-350.584052,-142.353552,-69.076812
1048576,1048640,2097280,0.106,222311,32,80,13108,72,1,-inf,,-2.237846,-inf,-inf
1048576,1048640,2097280,0.106,222311,32,80,13108,72,2,-inf,,-4.475692,-inf,-inf
1048576,1048640,2097280,0.106,222311,32,80,13108,72,3,-inf,,-6.713537,-inf,-inf
1048576,1048640,2097280,0.106,222311,32,80,13108,72,4,-inf,,-8.951381,-inf,-inf
1048576,1048640,2097280,0.106,222311,32,80,13108,72,5,-inf,,-11.189224,-inf,-inf
1048576,1048640,2097280,0.106,222311,32,80,13108,72,6,-inf,,-13.427067,-inf,-inf
1048576,1048640,2097280,0.106,222311,32,80,13108,72,7,-inf,,-15.664909,-inf,-inf
1048576,1048640,2097280,0.106,222311,32,80,13108,72,8,-inf,,-17.902750,-inf,-inf
1048576,1048640,2097280,0.106,222311,32,80,13108,72,9,-inf,,-20.140591,-inf,-inf
1048576,1048640,2097280,0.106,222311,32,80,13108,72,10,-inf,,-22.378431,-inf,-inf
1048576,1048640,2097280,0.106,222311,32,80,13108,72,11,-inf,,-24.616270,-inf,-inf
1048576,1048640,2097280,0.106,222311,32,80,13108,72,12,-inf,,-26.854108,-inf,-inf
1048576,1048640,2097280,0.106,222311,32,80,13108,72,13,-inf,,-29.091945,-inf,-inf
1048576,1048640,2097280,0.106,222311,32,80,13108,72,14,-inf,,-31.329782,-inf,-inf
1048576,1048640,2097280,0.106,222311,32,80,13108,72,15,-inf,,-33.567618,-inf,-inf
1048576,1048640,2097280,0.106,222311,32,80,13108,72,16,-inf,,-35.805453,-inf,-inf
1048576,1048640,2097280,0.106,222311,32,80,13108,72,17,-inf,,-38.043288,-inf,-inf
1048576,1048640,2097280,0.106,222311,32,80,13108,72,18,-inf,,-40.281121,-inf,-inf
1048576,1048640,2097280,0.106,222311,32,80,13108,72,19,-inf,,-42.518954,-inf,-inf
1048576,1048640,2097280,0.106,222311,32,80,13108,72,20,-inf,,-44.756786,-inf,-inf
1048576,1048640,2097280,0.106,222311,32,80,13108,72,21,-inf,,-46.994617,-inf,-inf
1048576,1048640,2097280,0.106,222311,32,80,13108,72,22,-inf,,-49.232447,-inf,-inf
1048576,1048640,2097280,0.106,222311,32,80,13108,72,23,-inf,,-51.470276,-inf,-inf
1048576,1048640,2097280,0.106,222311,32,80,13108,72,24,-inf,,-53.708104,-inf,-inf
1048576,1048640,2097280,0.106,222311,32,80,13108,72,25,-inf,,-55.945932,-inf,-inf
1048576,1048640,2097280,0.106,222311,32,80,13108,72,26,-inf,,-58.183758,-inf,-inf
1048576,1048640,2097280,0.106,222311,32,80,13108,72,27,-inf,,-60.421583,-inf,-inf
1048576,1048640,2097280,0.106,222311,32,80,13108,72,28,-inf,,-62.659406,-inf,-inf
1048576,1048640,2097280,0.106,222311,32,80,13108,72,29,-inf,,-64.897229,-inf,-inf
1048576,1048640,2097280,0.106,222311,32,80,13108,72,30,-inf,,-67.135050,-inf,-inf
1048576,1048640,2097280,0.106,222311,32,80,13108,72,31,-inf,,-69.372869,-inf,-inf
1048576,1048640,2097280,0.106,222311,32,80,13108,72,32,-inf,,-71.610687,-inf,-inf
1048576,1048640,2097280,0.106,222311,32,80,13108,72,33,-inf,,-73.848504,-inf,-inf
1048576,1048640,2097280,0.106,222311,32,80,13108,72,34,-inf,,-76.086318,-inf,-inf
1048576,1048640,2097280,0.106,222311,32,80,13108,72,35,-inf,,-78.324131,-inf,-inf
1048576,1048640,2097280,0.106,222311,32,80,13108,72,36,-inf,,-80.561941,-inf,-inf
1048576,1048640,2097280,0.106,222311,32,80,13108,72,37,-inf,,-82.799749,-inf,-inf
1048576,1048640,2097280,0.106,222311,32,80,13108,72,38,-inf,,-85.037554,-inf,-inf
1048576,1048640,2097280,0.106,222311,32,80,13108,72,39,-inf,,-87.275356,-inf,-inf
1048576,1048640,2097280,0.106,222311,32,80,13108,72,40,-inf,,-89.513155,-inf,-inf
1048576,1048640,2097280,0.106,222311,32,80,13108,72,41,-inf,,-91.750951,-inf,-inf
1048576,1048640,2097280,0.106,222311,32,80,13108,72,42,-inf,,-93.988742,-inf,-inf
1048576,1048640,2097280,0.106,222311,32,80,13108,72,43,-inf,,-96.226529,-inf,-inf
1048576,1048640,2097280,0.106,222311,32,80,13108,72,44,-inf,,-98.464311,-inf,-inf
1048576,1048640,2097280,0.106,222311,32,80,13108,72,45,-inf,,-100.702087,-inf,-inf
1048576,1048640,2097280,0.106,222311,32,80,13108,72,46,-inf,,-102.939857,-inf,-inf
1048576,1048640,2097280,0.106,222311,32,80,13108,72,47,-inf,,-105.177620,-inf,-inf
1048576,1048640,2097280,0.106,222311,32,80,13108,72,48,-inf,,-107.415376,-inf,-inf
1048576,1048640,2097280,0.106,222311,32,80,13108,72,49,-inf,,-109.653122,-inf,-inf
1048576,1048640,2097280,0.106,222311,32,80,13108,72,50,-inf,,-111.890859,-inf,-inf
1048576,1048640,2097280,0.106,222311,32,80,13108,72,51,-inf,,-114.128584,-inf,-inf
1048576,1048640,2097280,0.106,222311,32,80,13108,72,52,-inf,,-116.366297,-inf,-inf
1048576,1048640,2097280,0.106,222311,32,80,13108,72,53,-inf,,-118.603995,-inf,-inf
1048576,1048640,2097280,0.106,222311,32,80,13108,72,54,-inf,,-120.841678,-inf,-inf
1048576,1048640,2097280,0.106,222311,32,80,13108,72,55,-inf,,-123.079343,-inf,-inf
1048576,1048640,2097280,0.106,222311,32,80,13108,72,56,-inf,,-125.316987,-inf,-inf
1048576,1048640,2097280,0.106,222311,32,80,13108,72,57,-inf,,-127.554609,-inf,-inf
1048576,1048640,2097280,0.106,222311,32,80,13108,72,58,-inf,,-129.792205,-inf,-inf
1048576,1048640,2097280,0.106,222311,32,80,13108,72,59,-inf,,-132.029772,-inf,-inf
1048576,1048640,2097280,0.106,222311,32,80,13108,72,60,-inf,,-134.267306,-inf,-inf
1048576,1048640,2097280,0.106,222311,32,80,13108,72,61,-inf,,-136.504804,-inf,-inf
1048576,1048640,2097280,0.106,222311,32,80,13108,72,62,-inf,,-138.742260,-inf,-inf
1048576,1048640,2097280,0.106,222311,32,80,13108,72,63,-inf,,-140.979669,-inf,-inf
1048576,1048640,2097280,0.106,222311,32,80,13108,72,64,-inf,,-143.217026,-inf,-inf
1048576,1048640,2097280,0.106,222311,32,80,13108,72,65,-inf,,-145.454324,-inf,-inf
1048576,1048640,2097280,0.106,222311,32,80,13108,72,66,-inf,,-147.691555,-inf,-inf
1048576,1048640,2097280,0.106,222311,32,80,13108,72,67,-inf,,-149.928710,-inf,-inf
1048576,1048640,2097280,0.106,222311,32,80,13108,72,68,-inf,,-152.165781,-inf,-inf
1048576,1048640,2097280,0.106,222311,32,80,13108,72,69,-inf,,-154.402757,-inf,-inf
1048576,1048640,2097280,0.106,222311,32,80,13108,72,70,-inf,,-156.639626,-inf,-inf
1048576,1048640,2097280,0.106,222311,32,80,13108,72,71,-inf,,-158.876374,-inf,-inf
1048576,1048640,2097280,0.106,222311,32,80,13108,72,72,89.232724,0.322086170895,-161.112986,-71.880262,-71.880262
1048576,1048640,2097280,0.106,222311,32,80,13108,72,73,90.792512,0.395687834785,-163.349447,-72.556934,-71.179284
1048576,1048640,2097280,0.106,222311,32,80,13108,72,74,92.130078,0.395687834785,-165.585736,-73.455658,-70.908557
1048576,1048640,2097280,0.106,222311,32,80,13108,72,75,93.467643,0.395687834785,-167.821833,-74.354190,-70.781871
1048576,1048640,2097280,0.106,222311,32,80,13108,72,76,94.805209,0.395687834785,-170.057715,-75.252507,-70.718226
1048576,1048640,2097280,0.106,222311,32,80,13108,72,77,96.142774,0.395687834785,-172.293355,-76.150581,-70.685197
1048576,1048640,2097280,0.106,222311,32,80,13108,72,78,97.480339,0.395687834785,-174.528724,-77.048384,-70.667777
1048576,1048640,2097280,0.106,222311,32,80,13108,72,79,98.817905,0.395687834785,-176.763788,-77.945883,-70.658512
1048576,1048640,2097280,0.106,222311,32,80,13108,72,80,100.155470,0.395687834785,-178.998512,-78.843042,-70.653562
1048576,1048640,2097280,0.106,222311,32,80,13108,72,81,101.493035,0.395687834785,-181.232855,-79.739820,-70.650910
1048576,1048640,2097280,0.106,222311,32,80,13108,72,82,102.830601,0.395687834785,-183.466772,-80.636171,-70.649487
1048576,1048640,2097280,0.106,222311,32,80,13108,72,83,104.168166,0.395687834785,-185.700212,-81.532046,-70.648723
1048576,1048640,2097280,0.106,222311,32,80,13108,72,84,105.505732,0.395687834785,-187.933121,-82.427390,-70.648313
1048576,1048640,2097280,0.106,222311,32,80,13108,72,85,106.843297,0.395687834785,-190.165436,-83.322139,-70.648092
1048576,1048640,2097280,0.106,222311,32,80,13108,72,86,108.180862,0.395687834785,-192.397090,-84.216227,-70.647973
1048576,1048640,2097280,0.106,222311,32,80,13108,72,87,109.518428,0.395687834785,-194.628006,-85.109578,-70.647909
1048576,1048640,2097280,0.106,222311,32,80,13108,72,88,110.855993,0.395687834785,-196.858104,-86.002111,-70.647875
1048576,1048640,2097280,0.106,222311,32,80,13108,72,89,112.193559,0.395687834785,-199.087293,-86.893734,-70.647856
1048576,1048640,2097280,0.106,222311,32,80,13108,72,90,113.531124,0.395687834785,-201.315473,-87.784349,-70.647846
1048576,1048640,2097280,0.106,222311,32,80,13108,72,91,114.868689,0.395687834785,-203.542536,-88.673846,-70.647841
1048576,1048640,2097280,0.106,222311,32,80,13108,72,92,116.206255,0.395687834785,-205.768365,-89.562110,-70.647838
1048576,1048640,2097280,0.106,222311,32,80,13108,72,93,117.543820,0.395687834785,-207.992832,-90.449012,-70.647837
1048576,1048640,2097280,0.106,222311,32,80,13108,72,94,118.881385,0.395687834785,-210.215800,-91.334415,-70.647836
1048576,1048640,2097280,0.106,222311,32,80,13108,72,95,120.218951,0.395687834785,-212.437121,-92.218170,-70.647835
1048576,1048640,2097280,0.106,222311,32,80,13108,72,96,121.556516,0.395687834785,-214.656639,-93.100122,-70.647835
1048576,1048640,2097280,0.106,222311,32,80,13108,72,97,122.894082,0.395687834785,-216.874183,-93.980101,-70.647835
1048576,1048640,2097280,0.106,222311,32,80,13108,72,98,124.231647,0.395687834785,-219.089579,-94.857932,-70.647835
1048576,1048640,2097280,0.106,222311,32,80,13108,72,99,125.569212,0.395687834785,-221.302639,-95.733427,-70.647835
1048576,1048640,2097280,0.106,222311,32,80,13108,72,100,126.906778,0.395687834785,-223.513174,-96.606396,-70.647835
1048576,1048640,2097280,0.106,222311,32,80,13108,72,101,128.244343,0.395687834785,-225.720982,-97.476639,-70.647835
1048576,1048640,2097280,0.106,222311,32,80,13108,72,102,129.581909,0.395687834785,-227.925862,-98.343954,-70.647835
1048576,1048640,2097280,0.106,222311,32,80,13108,72,103,130.919474,0.395687834785,-230.127608,-99.208134,-70.647835
1048576,1048640,2097280,0.106,222311,32,80,13108,72,104,132.257039,0.395687834785,-232.326017,-100.068978,-70.647835
1048576,1048640,2097280,0.106,222311,32,80,13108,72,105,133.594605,0.395687834785,-234.520892,-100.926287,-70.647835
1048576,1048640,2097280,0.106,222311,32,80,13108,72,106,134.932170,0.395687834785,-236.712034,-101.779864,-70.647835
1048576,1048640,2097280,0.106,222311,32,80,13108,72,107,136.269735,0.395687834785,-238.899265,-102.629529,-70.647835
1048576,1048640,2097280,0.106,222311,32,80,13108,72,108,137.607301,0.395687834785,-241.082416,-103.475115,-70.647835
1048576,1048640,2097280,0.106,222311,32,80,13108,72,109,138.944866,0.395687834785,-243.261334,-104.316468,-70.647835
1048576,1048640,2097280,0.106,222311,32,80,13108,72,110,140.282432,0.395687834785,-245.435890,-105.153458,-70.647835
1048576,1048640,2097280,0.106,222311,32,80,13108,72,111,141.619997,0.395687834785,-247.605979,-105.985982,-70.647835
1048576,1048640,2097280,0.106,222311,32,80,13108,72,112,142.957562,0.395687834785,-249.771519,-106.813956,-70.647835
1048576,1048640,2097280,0.106,222311,32,80,13108,72,113,144.295128,0.395687834785,-251.932459,-107.637331,-70.647835
1048576,1048640,2097280,0.106,222311,32,80,13108,72,114,145.632693,0.395687834785,-254.088781,-108.456087,-70.647835
1048576,1048640,2097280,0.106,222311,32,80,13108,72,115,146.970259,0.395687834785,-256.240489,-109.270231,-70.647835
1048576,1048640,2097280,0.106,222311,32,80,13108,72,116,148.307824,0.395687834785,-258.387626,-110.079802,-70.647835
1048576,1048640,2097280,0.106,222311,32,80,13108,72,117,149.645389,0.395687834785,-260.530262,-110.884873,-70.647835
1048576,1048640,2097280,0.106,222311,32,80,13108,72,118,150.982955,0.395687834785,-262.668490,-111.685536,-70.647835
1048576,1048640,2097280,0.106,222311,32,80,13108,72,119,152.320520,0.395687834785,-264.802434,-112.481914,-70.647835
1048576,1048640,2097280,0.106,222311,32,80,13108,72,120,153.658085,0.395687834785,-266.932240,-113.274155,-70.647835
1048576,1048640,2097280,0.106,222311,32,80,13108,72,121,154.995651,0.395687834785,-269.058068,-114.062417,-70.647835
1048576,1048640,2097280,0.106,222311,32,80,13108,72,122,156.333216,0.395687834785,-271.180098,-114.846882,-70.647835
1048576,1048640,2097280,0.106,222311,32,80,13108,72,123,157.670782,0.395687834785,-273.298525,-115.627743,-70.647835
1048576,1048640,2097280,0.106,222311,32,80,13108,72,124,159.008347,0.395687834785,-275.413544,-116.405197,-70.647835
1048576,1048640,2097280,0.106,222311,32,80,13108,72,125,160.345912,0.395687834785,-277.525364,-117.179452,-70.647835
1048576,1048640,2097280,0.106,222311,32,80,13108,72,126,161.683478,0.395687834785,-279.634192,-117.950715,-70.647835
1048576,1048640,2097280,0.106,222311,32,80,13108,72,127,163.021043,0.395687834785,-281.740235,-118.719191,-70.647835
1048576,1048640,2097280,0.106,222311,32,80,13108,72,128,164.358609,0.395687834785,-283.843696,-119.485087,-70.647835
1048576,1048640,2097280,0.106,222311,32,80,13108,72,129,165.696174,0.395687834785,-285.944776,-120.248602,-70.647835
1048576,1048640,2097280,0.106,222311,32,80,13108,72,130,167.033739,0.395687834785,-288.043665,-121.009926,-70.647835
1048576,1048640,2097280,0.106,222311,32,80,13108,72,131,168.371305,0.395687834785,-290.140548,-121.769244,-70.647835
1048576,1048640,2097280,0.106,222311,32,80,13108,72,132,169.708870,0.395687834785,-292.235603,-122.526733,-70.647835
1048576,1048640,2097280,0.106,222311,32,80,13108,72,133,171.046435,0.395687834785,-294.328991,-123.282555,-70.647835
1048576,1048640,2097280,0.106,222311,32,80,13108,72,134,172.384001,0.395687834785,-296.420869,-124.036869,-70.647835
1048576,1048640,2097280,0.106,222311,32,80,13108,72,135,173.721566,0.395687834785,-298.511384,-124.789818,-70.647835
1048576,1048640,2097280,0.106,222311,32,80,13108,72,136,175.059132,0.395687834785,-300.600669,-125.541537,-70.647835
1048576,1048640,2097280,0.106,222311,32,80,13108,72,137,176.396697,0.395687834785,-302.688848,-126.292151,-70.647835
1048576,1048640,2097280,0.106,222311,32,80,13108,72,138,177.734262,0.395687834785,-304.776039,-127.041776,-70.647835
1048576,1048640,2097280,0.106,222311,32,80,13108,72,139,179.071828,0.395687834785,-306.862344,-127.790517,-70.647835
1048576,1048640,2097280,0.106,222311,32,80,13108,72,140,180.409393,0.395687834785,-308.947862,-128.538469,-70.647835
1048576,1048640,2097280,0.106,222311,32,80,13108,72,141,181.746958,0.395687834785,-311.032682,-129.285723,-70.647835
1048576,1048640,2097280,0.106,222311,32,80,13108,72,142,183.084524,0.395687834785,-313.116882,-130.032358,-70.647835
1048576,1048640,2097280,0.106,222311,32,80,13108,72,143,184.422089,0.395687834785,-315.200536,-130.778447,-70.647835
1048576,1048640,2097280,0.106,222311,32,80,13108,72,144,185.759655,0.395687834785,-317.283711,-131.524057,-70.647835
1048576,1048640,2097280,0.106,222311,32,80,13108,72,145,187.097220,0.395687834785,-319.366466,-132.269246,-70.647835
1048576,1048640,2097280,0.106,222311,32,80,13108,72,146,188.434785,0.395687834785,-321.448856,-133.014071,-70.647835
1048576,1048640,2097280,0.106,222311,32,80,13108,72,147,189.772351,0.395687834785,-323.530929,-133.758578,-70.647835
1048576,1048640,2097280,0.106,222311,32,80,13108,72,148,191.109916,0.395687834785,-325.612729,-134.502813,-70.647835
1048576,1048640,2097280,0.106,222311,32,80,13108,72,149,192.447482,0.395687834785,-327.694296,-135.246814,-70.647835
1048576,1048640,2097280,0.106,222311,32,80,13108,72,150,193.785047,0.395687834785,-329.775665,-135.990618,-70.647835
1048576,1048640,2097280,0.106,222311,32,80,13108,72,151,195.122612,0.395687834785,-331.856868,-136.734256,-70.647835
1048576,1048640,2097280,0.106,222311,32,80,13108,72,152,196.460178,0.395687834785,-333.937933,-137.477755,-70.647835
1048576,1048640,2097280,0.106,222311,32,80,13108,72,153,197.797743,0.395687834785,-336.018886,-138.221143,-70.647835
1048576,1048640,2097280,0.106,222311,32,80,13108,72,154,199.135308,0.395687834785,-338.099750,-138.964442,-70.647835
1048576,1048640,2097280,0.106,222311,32,80,13108,72,155,200.472874,0.395687834785,-340.180545,-139.707671,-70.647835
1048576,1048640,2097280,0.106,222311,32,80,13108,72,156,201.810439,0.395687834785,-342.261288,-140.450849,-70.647835
1048576,1048640,2097280,0.106,222311,32,80,13108,72,157,203.148005,0.395687834785,-344.341998,-141.193993,-70.647835
1048576,1048640,2097280,0.106,222311,32,80,13108,72,158,204.485570,0.395687834785,-346.422686,-141.937116,-70.647835
1048576,1048640,2097280,0.106,222311,32,80,13108,72,159,205.823135,0.395687834785,-348.503367,-142.680232,-70.647835
1048576,1048640,2097280,0.106,222311,32,80,13108,72,160,207.160701,0.395687834785,-350.584052,-143.423351,-70.647835
1048576,1048640,2097280,0.106,222311,32,80,13108,73,1,-inf,,-2.237846,-inf,-inf
1048576,1048640,2097280,0.106,222311,32,80,13108,73,2,-inf,,-4.475692,-inf,-inf
1048576,1048640,2097280,0.106,222311,32,80,13108,73,3,-inf,,-6.713537,-inf,-inf
1048576,1048640,2097280,0.106,222311,32,80,13108,73,4,-inf,,-8.951381,-inf,-inf
1048576,1048640,2097280,0.106,222311,32,80,13108,73,5,-inf,,-11.189224,-inf,-inf
1048576,1048640,2097280,0.106,222311,32,80,13108,73,6,-inf,,-13.427067,-inf,-inf
1048576,1048640,2097280,0.106,222311,32,80,13108,73,7,-inf,,-15.664909,-inf,-inf
1048576,1048640,2097280,0.106,222311,32,80,13108,73,8,-inf,,-17.902750,-inf,-inf
1048576,1048640,2097280,0.106,222311,32,80,13108,73,9,-inf,,-20.140591,-inf,-inf
1048576,1048640,2097280,0.106,222311,32,80,13108,73,10,-inf,,-22.378431,-inf,-inf
1048576,1048640,2097280,0.106,222311,32,80,13108,73,11,-inf,,-24.616270,-inf,-inf
1048576,1048640,2097280,0.106,222311,32,80,13108,73,12,-inf,,-26.854108,-inf,-inf
1048576,1048640,2097280,0.106,222311,32,80,13108,73,13,-inf,,-29.091945,-inf,-inf
1048576,1048640,2097280,0.106,222311,32,80,13108,73,14,-inf,,-31.329782,-inf,-inf
1048576,1048640,2097280,0.106,222311,32,80,13108,73,15,-inf,,-33.567618,-inf,-inf
1048576,1048640,2097280,0.106,222311,32,80,13108,73,16,-inf,,-35.805453,-inf,-inf
1048576,1048640,2097280,0.106,222311,32,80,13108,73,17,-inf,,-38.043288,-inf,-inf
1048576,1048640,2097280,0.106,222311,32,80,13108,73,18,-inf,,-40.281121,-inf,-inf
1048576,1048640,2097280,0.106,222311,32,80,13108,73,19,-inf,,-42.518954,-inf,-inf
1048576,1048640,2097280,0.106,222311,32,80,13108,73,20,-inf,,-44.756786,-inf,-inf
1048576,1048640,2097280,0.106,222311,32,80,13108,73,21,-inf,,-46.994617,-inf,-inf
1048576,1048640,2097280,0.106,222311,32,80,13108,73,22,-inf,,-49.232447,-inf,-inf
1048576,1048640,2097280,0.106,222311,32,80,13108,73,23,-inf,,-51.470276,-inf,-inf
1048576,1048640,2097280,0.106,222311,32,80,13108,73,24,-inf,,-53.708104,-inf,-inf
1048576,1048640,2097280,0.106,222311,32,80,13108,73,25,-inf,,-55.945932,-inf,-inf
1048576,1048640,2097280,0.106,222311,32,80,13108,73,26,-inf,,-58.183758,-inf,-inf
1048576,1048640,2097280,0.106,222311,32,80,13108,73,27,-inf,,-60.421583,-inf,-inf
1048576,1048640,2097280,0.106,222311,32,80,13108,73,28,-inf,,-62.659406,-inf,-inf
1048576,1048640,2097280,0.106,222311,32,80,13108,73,29,-inf,,-64.897229,-inf,-inf
1048576,1048640,2097280,0.106,222311,32,80,13108,73,30,-inf,,-67.135050,-inf,-inf
1048576,1048640,2097280,0.106,222311,32,80,13108,73,31,-inf,,-69.372869,-inf,-inf
1048576,1048640,2097280,0.106,222311,32,80,13108,73,32,-inf,,-71.610687,-inf,-inf
1048576,1048640,2097280,0.106,222311,32,80,13108,73,33,-inf,,-73.848504,-inf,-inf
1048576,1048640,2097280,0.106,222311,32,80,13108,73,34,-inf,,-76.086318,-inf,-inf
1048576,1048640,2097280,0.106,222311,32,80,13108,73,35,-inf,,-78.324131,-inf,-inf
1048576,1048640,2097280,0.106,222311,32,80,13108,73,36,-inf,,-80.561941,-inf,-inf
1048576,1048640,2097280,0.106,222311,32,80,13108,73,37,-inf,,-82.799749,-inf,-inf
1048576,1048640,2097280,0.106,222311,32,80,13108,73,38,-inf,,-85.037554,-inf,-inf
1048576,1048640,2097280,0.106,222311,32,80,13108,73,39,-inf,,-87.275356,-inf,-inf
1048576,1048640,2097280,0.106,222311,32,80,13108,73,40,-inf,,-89.513155,-inf,-inf
1048576,1048640,2097280,0.106,222311,32,80,13108,73,41,-inf,,-91.750951,-inf,-inf
1048576,1048640,2097280,0.106,222311,32,80,13108,73,42,-inf,,-93.988742,-inf,-inf
1048576,1048640,2097280,0.106,222311,32,80,13108,73,43,-inf,,-96.226529,-inf,-inf
1048576,1048640,2097280,0.106,222311,32,80,13108,73,44,-inf,,-98.464311,-inf,-inf
1048576,1048640,2097280,0.106,222311,32,80,13108,73,45,-inf,,-100.702087,-inf,-inf
1048576,1048640,2097280,0.106,222311,32,80,13108,73,46,-inf,,-102.939857,-inf,-inf
1048576,1048640,2097280,0.106,222311,32,80,13108,73,47,-inf,,-105.177620,-inf,-inf
1048576,1048640,2097280,0.106,222311,32,80,13108,73,48,-inf,,-107.415376,-inf,-inf
1048576,1048640,2097280,0.106,222311,32,80,13108,73,49,-inf,,-109.653122,-inf,-inf
1048576,1048640,2097280,0.106,222311,32,80,13108,73,50,-inf,,-111.890859,-inf,-inf
1048576,1048640,2097280,0.106,222311,32,80,13108,73,51,-inf,,-114.128584,-inf,-inf
1048576,1048640,2097280,0.106,222311,32,80,13108,73,52,-inf,,-116.366297,-inf,-inf
1048576,1048640,2097280,0.106,222311,32,80,13108,73,53,-inf,,-118.603995,-inf,-inf
1048576,1048640,2097280,0.106,222311,32,80,13108,73,54,-inf,,-120.841678,-inf,-inf
1048576,1048640,2097280,0.106,222311,32,80,13108,73,55,-inf,,-123.079343,-inf,-inf
1048576,1048640,2097280,0.106,222311,32,80,13108,73,56,-inf,,-125.316987,-inf,-inf
1048576,1048640,2097280,0.106,222311,32,80,13108,73,57,-inf,,-127.554609,-inf,-inf
1048576,1048640,2097280,0.106,222311,32,80,13108,73,58,-inf,,-129.792205,-inf,-inf
1048576,1048640,2097280,0.106,222311,32,80,13108,73,59,-inf,,-132.029772,-inf,-inf
1048576,1048640,2097280,0.106,222311,32,80,13108,73,60,-inf,,-134.267306,-inf,-inf
1048576,1048640,2097280,0.106,222311,32,80,13108,73,61,-inf,,-136.504804,-inf,-inf
1048576,1048640,2097280,0.106,222311,32,80,13108,73,62,-inf,,-138.742260,-inf,-inf
1048576,1048640,2097280,0.106,222311,32,80,13108,73,63,-inf,,-140.979669,-inf,-inf
1048576,1048640,2097280,0.106,222311,32,80,13108,73,64,-inf,,-143.217026,-inf,-inf
1048576,1048640,2097280,0.106,222311,32,80,13108,73,65,-inf,,-145.454324,-inf,-inf
1048576,1048640,2097280,0.106,222311,32,80,13108,73,66,-inf,,-147.691555,-inf,-inf
1048576,1048640,2097280,0.106,222311,32,80,13108,73,67,-inf,,-149.928710,-inf,-inf
1048576,1048640,2097280,0.106,222311,32,80,13108,73,68,-inf,,-152.165781,-inf,-inf
1048576,1048640,2097280,0.106,222311,32,80,13108,73,69,-inf,,-154.402757,-inf,-inf
1048576,1048640,2097280,0.106,222311,32,80,13108,73,70,-inf,,-156.639626,-inf,-inf
1048576,1048640,2097280,0.106,222311,32,80,13108,73,71,-inf,,-158.876374,-inf,-inf
1048576,1048640,2097280,0.106,222311,32,80,13108,73,72,-inf,,-161.112986,-inf,-inf
1048576,1048640,2097280,0.106,222311,32,80,13108,73,73,89.475081,0.322086170895,-163.349447,-73.874366,-73.874366
1048576,1048640,2097280,0.106,222311,32,80,13108,73,74,91.028933,0.395687834785,-165.585736,-74.556803,-73.175604
1048576,1048640,2097280,0.106,222311,32,80,13108,73,75,92.366499,0.395687834785,-167.821833,-75.455335,-72.905450
1048576,1048640,2097280,0.106,222311,32,80,13108,73,76,93.704064,0.395687834785,-170.057715,-76.353651,-72.778980
1048576,1048640,2097280,0.106,222311,32,80,13108,73,77,95.041629,0.395687834785,-172.293355,-77.251726,-72.715426
1048576,1048640,2097280,0.106,222311,32,80,13108,73,78,96.379195,0.395687834785,-174.528724,-78.149529,-72.682437
1048576,1048640,2097280,0.106,222311,32,80,13108,73,79,97.716760,0.395687834785,-176.763788,-79.047028,-72.665034
1048576,1048640,2097280,0.106,222311,32,80,13108,73,80,99.054325,0.395687834785,-178.998512,-79.944187,-72.655776
1048576,1048640,2097280,0.106,222311,32,80,13108,73,81,100.391891,0.395687834785,-181.232855,-80.840964,-72.650827
1048576,1048640,2097280,0.106,222311,32,80,13108,73,82,101.729456,0.395687834785,-183.466772,-81.737316,-72.648176
1048576,1048640,2097280,0.106,222311,32,80,13108,73,83,103.067022,0.395687834785,-185.700212,-82.633191,-72.646753
1048576,1048640,2097280,0.106,222311,32,80,13108,73,84,104.404587,0.395687834785,-187.933121,-83.528534,-72.645989
1048576,1048640,2097280,0.106,222311,32,80,13108,73,85,105.742152,0.395687834785,-190.165436,-84.423283,-72.645578
1048576,1048640,2097280,0.106,222311,32,80,13108,73,86,107.079718,0.395687834785,-192.397090,-85.317372,-72.645357
1048576,1048640,2097280,0.106,222311,32,80,13108,73,87,108.417283,0.395687834785,-194.628006,-86.210723,-72.645238
1048576,1048640,2097280,0.106,222311,32,80,13108,73,88,109.754848,0.395687834785,-196.858104,-87.103256,-72.645174
1048576,1048640,2097280,0.106,222311,32,80,13108,73,89,111.092414,0.395687834785,-199.087293,-87.994879,-72.645139
1048576,1048640,2097280,0.106,222311,32,80,13108,73,90,112.429979,0.395687834785,-201.315473,-88.885494,-72.645120
1048576,1048640,2097280,0.106,222311,32,80,13108,73,91,113.767545,0.395687834785,-203.542536,-89.774991,-72.645110
1048576,1048640,2097280,0.106,222311,32,80,13108,73,92,115.105110,0.395687834785,-205.768365,-90.663255,-72.645105
1048576,1048640,2097280,0.106,222311,32,80,13108,73,93,116.442675,0.395687834785,-207.992832,-91.550156,-72.645102
1048576,1048640,2097280,0.106,222311,32,80,13108,73,94,117.780241,0.395687834785,-210.215800,-92.435560,-72.645100
1048576,1048640,2097280,0.106,222311,32,80,13108,73,95,119.117806,0.395687834785,-212.437121,-93.319315,-72.645100
1048576,1048640,2097280,0.106,222311,32,80,13108,73,96,120.455372,0.395687834785,-214.656639,-94.201267,-72.645099
1048576,1048640,2097280,0.106,222311,32,80,13108,73,97,121.792937,0.395687834785,-216.874183,-95.081246,-72.645099
1048576,1048640,2097280,0.106,222311,32,80,13108,73,98,123.130502,0.395687834785,-219.089579,-95.959076,-72.645099
1048576,1048640,2097280,0.106,222311,32,80,13108,73,99,124.468068,0.395687834785,-221.302639,-96.834572,-72.645099
1048576,1048640,2097280,0.106,222311,32,80,13108,73,100,125.805633,0.395687834785,-223.513174,-97.707541,-72.645099
1048576,1048640,2097280,0.106,222311,32,80,13108,73,101,127.143198,0.395687834785,-225.720982,-98.577783,-72.645099
1048576,1048640,2097280,0.106,222311,32,80,13108,73,102,128.480764,0.395687834785,-227.925862,-99.445099,-72.645099
1048576,1048640,2097280,0.106,222311,32,80,13108,73,103,129.818329,0.395687834785,-230.127608,-100.309279,-72.645099
1048576,1048640,2097280,0.106,222311,32,80,13108,73,104,131.155895,0.395687834785,-232.326017,-101.170123,-72.645099
1048576,1048640,2097280,0.106,222311,32,80,13108,73,105,132.493460,0.395687834785,-234.520892,-102.027432,-72.645099
1048576,1048640,2097280,0.106,222311,32,80,13108,73,106,133.831025,0.395687834785,-236.712034,-102.881009,-72.645099
1048576,1048640,2097280,0.106,222311,32,80,13108,73,107,135.168591,0.395687834785,-238.899265,-103.730674,-72.645099
1048576,1048640,2097280,0.106,222311,32,80,13108,73,108,136.506156,0.395687834785,-241.082416,-104.576260,-72.645099
1048576,1048640,2097280,0.106,222311,32,80,13108,73,109,137.843722,0.395687834785,-243.261334,-105.417613,-72.645099
1048576,1048640,2097280,0.106,222311,32,80,13108,73,110,139.181287,0.395687834785,-245.435890,-106.254603,-72.645099
1048576,1048640,2097280,0.106,222311,32,80,13108,73,111,140.518852,0.395687834785,-247.605979,-107.087127,-72.645099
1048576,1048640,2097280,0.106,222311,32,80,13108,73,112,141.856418,0.395687834785,-249.771519,-107.915101,-72.645099
1048576,1048640,2097280,0.106,222311,32,80,13108,73,113,143.193983,0.395687834785,-251.932459,-108.738476,-72.645099
1048576,1048640,2097280,0.106,222311,32,80,13108,73,114,144.531548,0.395687834785,-254.088781,-109.557232,-72.645099
1048576,1048640,2097280,0.106,222311,32,80,13108,73,115,145.869114,0.395687834785,-256.240489,-110.371375,-72.645099
1048576,1048640,2097280,0.106,222311,32,80,13108,73,116,147.206679,0.395687834785,-258.387626,-111.180947,-72.645099
1048576,1048640,2097280,0.106,222311,32,80,13108,73,117,148.544245,0.395687834785,-260.530262,-111.986018,-72.645099
1048576,1048640,2097280,0.106,222311,32,80,13108,73,118,149.881810,0.395687834785,-262.668490,-112.786680,-72.645099
1048576,1048640,2097280,0.106,222311,32,80,13108,73,119,151.219375,0.395687834785,-264.802434,-113.583059,-72.645099
1048576,1048640,2097280,0.106,222311,32,80,13108,73,120,152.556941,0.395687834785,-266.932240,-114.375299,-72.645099
1048576,1048640,2097280,0.106,222311,32,80,13108,73,121,153.894506,0.395687834785,-269.058068,-115.163562,-72.645099
1048576,1048640,2097280,0.106,222311,32,80,13108,73,122,155.232072,0.395687834785,-271.180098,-115.948027,-72.645099
1048576,1048640,2097280,0.106,222311,32,80,13108,73,123,156.569637,0.395687834785,-273.298525,-116.728888,-72.645099
1048576,1048640,2097280,0.106,222311,32,80,13108,73,124,157.907202,0.395687834785,-275.413544,-117.506342,-72.645099
1048576,1048640,2097280,0.106,222311,32,80,13108,73,125,159.244768,0.395687834785,-277.525364,-118.280596,-72.645099
1048576,1048640,2097280,0.106,222311,32,80,13108,73,126,160.582333,0.395687834785,-279.634192,-119.051859,-72.645099
1048576,1048640,2097280,0.106,222311,32,80,13108,73,127,161.919898,0.395687834785,-281.740235,-119.820336,-72.645099
1048576,1048640,2097280,0.106,222311,32,80,13108,73,128,163.257464,0.395687834785,-283.843696,-120.586232,-72.645099
1048576,1048640,2097280,0.106,222311,32,80,13108,73,129,164.595029,0.395687834785,-285.944776,-121.349746,-72.645099
1048576,1048640,2097280,0.106,222311,32,80,13108,73,130,165.932595,0.395687834785,-288.043665,-122.111070,-72.645099
1048576,1048640,2097280,0.106,222311,32,80,13108,73,131,167.270160,0.395687834785,-290.140548,-122.870388,-72.645099
1048576,1048640,2097280,0.106,222311,32,80,13108,73,132,168.607725,0.395687834785,-292.235603,-123.627877,-72.645099
1048576,1048640,2097280,0.106,222311,32,80,13108,73,133,169.812408,0.438574127744,-294.328991,-124.516582,-72.645099
1048576,1048640,2097280,0.106,222311,32,80,13108,73,134,171.001516,0.438574127744,-296.420869,-125.419354,-72.645099
1048576,1048640,2097280,0.106,222311,32,80,13108,73,135,172.190623,0.438574127744,-298.511384,-126.320761,-72.645099
1048576,1048640,2097280,0.106,222311,32,80,13108,73,136,173.379731,0.438574127744,-300.600669,-127.220938,-72.645099
1048576,1048640,2097280,0.106,222311,32,80,13108,73,137,174.568838,0.438574127744,-302.688848,-128.120010,-72.645099
1048576,1048640,2097280,0.106,222311,32,80,13108,73,138,175.757945,0.438574127744,-304.776039,-129.018093,-72.645099
1048576,1048640,2097280,0.106,222311,32,80,13108,73,139,176.947053,0.438574127744,-306.862344,-129.915291,-72.645099
1048576,1048640,2097280,0.106,222311,32,80,13108,73,140,178.136160,0.438574127744,-308.947862,-130.811702,-72.645099
1048576,1048640,2097280,0.106,222311,32,80,13108,73,141,179.325268,0.438574127744,-311.032682,-131.707414,-72.645099
1048576,1048640,2097280,0.106,222311,32,80,13108,73,142,180.514375,0.438574127744,-313.116882,-132.602507,-72.645099
1048576,1048640,2097280,0.106,222311,32,80,13108,73,143,181.703482,0.438574127744,-315.200536,-133.497054,-72.645099
1048576,1048640,2097280,0.106,222311,32,80,13108,73,144,182.892590,0.438574127744,-317.283711,-134.391121,-72.645099
1048576,1048640,2097280,0.106,222311,32,80,13108,73,145,184.081697,0.438574127744,-319.366466,-135.284769,-72.645099
1048576,1048640,2097280,0.106,222311,32,80,13108,73,146,185.270805,0.438574127744,-321.448856,-136.178051,-72.645099
1048576,1048640,2097280,0.106,222311,32,80,13108,73,147,186.459912,0.438574127744,-323.530929,-137.071017,-72.645099
1048576,1048640,2097280,0.106,222311,32,80,13108,73,148,187.649019,0.438574127744,-325.612729,-137.963710,-72.645099
1048576,1048640,2097280,0.106,222311,32,80,13108,73,149,188.838127,0.438574127744,-327.694296,-138.856169,-72.645099
1048576,1048640,2097280,0.106,222311,32,80,13108,73,150,190.027234,0.438574127744,-329.775665,-139.748431,-72.645099
1048576,1048640,2097280,0.106,222311,32,80,13108,73,151,191.216341,0.438574127744,-331.856868,-140.640527,-72.645099
1048576,1048640,2097280,0.106,222311,32,80,13108,73,152,192.405449,0.438574127744,-333.937933,-141.532484,-72.645099
1048576,1048640,2097280,0.106,222311,32,80,13108,73,153,193.594556,0.438574127744,-336.018886,-142.424330,-72.645099
1048576,1048640,2097280,0.106,222311,32,80,13108,73,154,194.783664,0.438574127744,-338.099750,-143.316086,-72.645099
1048576,1048640,2097280,0.106,222311,32,80,13108,73,155,195.972771,0.438574127744,-340.180545,-144.207774,-72.645099
1048576,1048640,2097280,0.106,222311,32,80,13108,73,156,197.161878,0.438574127744,-342.261288,-145.099410,-72.645099
1048576,1048640,2097280,0.106,222311,32,80,13108,73,157,198.350986,0.438574127744,-344.341998,-145.991012,-72.645099
1048576,1048640,2097280,0.106,222311,32,80,13108,73,158,199.540093,0.438574127744,-346.422686,-146.882593,-72.645099
1048576,1048640,2097280,0.106,222311,32,80,13108,73,159,200.729201,0.438574127744,-348.503367,-147.774167,-72.645099
1048576,1048640,2097280,0.106,222311,32,80,13108,73,160,201.918308,0.438574127744,-350.584052,-148.665744,-72.645099
1048576,1048640,2097280,0.106,222311,32,80,13108,74,1,-inf,,-2.237846,-inf,-inf
1048576,1048640,2097280,0.106,222311,32,80,13108,74,2,-inf,,-4.475692,-inf,-inf
1048576,1048640,2097280,0.106,222311,32,80,13108,74,3,-inf,,-6.713537,-inf,-inf
1048576,1048640,2097280,0.106,222311,32,80,13108,74,4,-inf,,-8.951381,-inf,-inf
1048576,1048640,2097280,0.106,222311,32,80,13108,74,5,-inf,,-11.189224,-inf,-inf
1048576,1048640,2097280,0.106,222311,32,80,13108,74,6,-inf,,-13.427067,-inf,-inf
1048576,1048640,2097280,0.106,222311,32,80,13108,74,7,-inf,,-15.664909,-inf,-inf
1048576,1048640,2097280,0.106,222311,32,80,13108,74,8,-inf,,-17.902750,-inf,-inf
1048576,1048640,2097280,0.106,222311,32,80,13108,74,9,-inf,,-20.140591,-inf,-inf
1048576,1048640,2097280,0.106,222311,32,80,13108,74,10,-inf,,-22.378431,-inf,-inf
1048576,1048640,2097280,0.106,222311,32,80,13108,74,11,-inf,,-24.616270,-inf,-inf
1048576,1048640,2097280,0.106,222311,32,80,13108,74,12,-inf,,-26.854108,-inf,-inf
1048576,1048640,2097280,0.106,222311,32,80,13108,74,13,-inf,,-29.091945,-inf,-inf
1048576,1048640,2097280,0.106,222311,32,80,13108,74,14,-inf,,-31.329782,-inf,-inf
1048576,1048640,2097280,0.106,222311,32,80,13108,74,15,-inf,,-33.567618,-inf,-inf
1048576,1048640,2097280,0.106,222311,32,80,13108,74,16,-inf,,-35.805453,-inf,-inf
1048576,1048640,2097280,0.106,222311,32,80,13108,74,17,-inf,,-38.043288,-inf,-inf
1048576,1048640,2097280,0.106,222311,32,80,13108,74,18,-inf,,-40.281121,-inf,-inf
1048576,1048640,2097280,0.106,222311,32,80,13108,74,19,-inf,,-42.518954,-inf,-inf
1048576,1048640,2097280,0.106,222311,32,80,13108,74,20,-inf,,-44.756786,-inf,-inf
1048576,1048640,2097280,0.106,222311,32,80,13108,74,21,-inf,,-46.994617,-inf,-inf
1048576,1048640,2097280,0.106,222311,32,80,13108,74,22,-inf,,-49.232447,-inf,-inf
1048576,1048640,2097280,0.106,222311,32,80,13108,74,23,-inf,,-51.470276,-inf,-inf
1048576,1048640,2097280,0.106,222311,32,80,13108,74,24,-inf,,-53.708104,-inf,-inf
1048576,1048640,2097280,0.106,222311,32,80,13108,74,25,-inf,,-55.945932,-inf,-inf
1048576,1048640,2097280,0.106,222311,32,80,13108,74,26,-inf,,-58.183758,-inf,-inf
1048576,1048640,2097280,0.106,222311,32,80,13108,74,27,-inf,,-60.421583,-inf,-inf
1048576,1048640,2097280,0.106,222311,32,80,13108,74,28,-inf,,-62.659406,-inf,-inf
1048576,1048640,2097280,0.106,222311,32,80,13108,74,29,-inf,,-64.897229,-inf,-inf
1048576,1048640,2097280,0.106,222311,32,80,13108,74,30,-inf,,-67.135050,-inf,-inf
1048576,1048640,2097280,0.106,222311,32,80,13108,74,31,-inf,,-69.372869,-inf,-inf
1048576,1048640,2097280,0.106,222311,32,80,13108,74,32,-inf,,-71.610687,-inf,-inf
1048576,1048640,2097280,0.106,222311,32,80,13108,74,33,-inf,,-73.848504,-inf,-inf
1048576,1048640,2097280,0.106,222311,32,80,13108,74,34,-inf,,-76.086318,-inf,-inf
1048576,1048640,2097280,0.106,222311,32,80,13108,74,35,-inf,,-78.324131,-inf,-inf
1048576,1048640,2097280,0.106,222311,32,80,13108,74,36,-inf,,-80.561941,-inf,-inf
1048576,1048640,2097280,0.106,222311,32,80,13108,74,37,-inf,,-82.799749,-inf,-inf
1048576,1048640,2097280,0.106,222311,32,80,13108,74,38,-inf,,-85.037554,-inf,-inf
1048576,1048640,2097280,0.106,222311,32,80,13108,74,39,-inf,,-87.275356,-inf,-inf
1048576,1048640,2097280,0.106,222311,32,80,13108,74,40,-inf,,-89.513155,-inf,-inf
1048576,1048640,2097280,0.106,222311,32,80,13108,74,41,-inf,,-91.750951,-inf,-inf
1048576,1048640,2097280,0.106,222311,32,80,13108,74,42,-inf,,-93.988742,-inf,-inf
1048576,1048640,2097280,0.106,222311,32,80,13108,74,43,-inf,,-96.226529,-inf,-inf
1048576,1048640,2097280,0.106,222311,32,80,13108,74,44,-inf,,-98.464311,-inf,-inf
1048576,1048640,2097280,0.106,222311,32,80,13108,74,45,-inf,,-100.702087,-inf,-inf
1048576,1048640,2097280,0.106,222311,32,80,13108,74,46,-inf,,-102.939857,-inf,-inf
1048576,1048640,2097280,0.106,222311,32,80,13108,74,47,-inf,,-105.177620,-inf,-inf
1048576,1048640,2097280,0.106,222311,32,80,13108,74,48,-inf,,-107.415376,-inf,-inf
1048576,1048640,2097280,0.106,222311,32,80,13108,74,49,-inf,,-109.653122,-inf,-inf
1048576,1048640,2097280,0.106,222311,32,80,13108,74,50,-inf,,-111.890859,-inf,-inf
1048576,1048640,2097280,0.106,222311,32,80,13108,74,51,-inf,,-114.128584,-inf,-inf
1048576,1048640,2097280,0.106,222311,32,80,13108,74,52,-inf,,-116.366297,-inf,-inf
1048576,1048640,2097280,0.106,222311,32,80,13108,74,53,-inf,,-118.603995,-inf,-inf
1048576,1048640,2097280,0.106,222311,32,80,13108,74,54,-inf,,-120.841678,-inf,-inf
1048576,1048640,2097280,0.106,222311,32,80,13108,74,55,-inf,,-123.079343,-inf,-inf
1048576,1048640,2097280,0.106,222311,32,80,13108,74,56,-inf,,-125.316987,-inf,-inf
1048576,1048640,2097280,0.106,222311,32,80,13108,74,57,-inf,,-127.554609,-inf,-inf
1048576,1048640,2097280,0.106,222311,32,80,13108,74,58,-inf,,-129.792205,-inf,-inf
1048576,1048640,2097280,0.106,222311,32,80,13108,74,59,-inf,,-132.029772,-inf,-inf
1048576,1048640,2097280,0.106,222311,32,80,13108,74,60,-inf,,-134.267306,-inf,-inf
1048576,1048640,2097280,0.106,222311,32,80,13108,74,61,-inf,,-136.504804,-inf,-inf
1048576,1048640,2097280,0.106,222311,32,80,13108,74,62,-inf,,-138.742260,-inf,-inf
1048576,1048640,2097280,0.106,222311,32,80,13108,74,63,-inf,,-140.979669,-inf,-inf
1048576,1048640,2097280,0.106,222311,32,80,13108,74,64,-inf,,-143.217026,-inf,-inf
1048576,1048640,2097280,0.106,222311,32,80,13108,74,65,-inf,,-145.454324,-inf,-inf
1048576,1048640,2097280,0.106,222311,32,80,13108,74,66,-inf,,-147.691555,-inf,-inf
1048576,1048640,2097280,0.106,222311,32,80,13108,74,67,-inf,,-149.928710,-inf,-inf
1048576,1048640,2097280,0.106,222311,32,80,13108,74,68,-inf,,-152.165781,-inf,-inf
1048576,1048640,2097280,0.106,222311,32,80,13108,74,69,-inf,,-154.402757,-inf,-inf
1048576,1048640,2097280,0.106,222311,32,80,13108,74,70,-inf,,-156.639626,-inf,-inf
1048576,1048640,2097280,0.106,222311,32,80,13108,74,71,-inf,,-158.876374,-inf,-inf
1048576,1048640,2097280,0.106,222311,32,80,13108,74,72,-inf,,-161.112986,-inf,-inf
1048576,1048640,2097280,0.106,222311,32,80,13108,74,73,-inf,,-163.349447,-inf,-inf
1048576,1048640,2097280,0.106,222311,32,80,13108,74,74,89.674176,0.322086170895,-165.585736,-75.911560,-75.911560
1048576,1048640,2097280,0.106,222311,32,80,13108,74,75,91.232264,0.395687834785,-167.821833,-76.589570,-75.211097
1048576,1048640,2097280,0.106,222311,32,80,13108,74,76,92.569829,0.395687834785,-170.057715,-77.487886,-74.940440
1048576,1048640,2097280,0.106,222311,32,80,13108,74,77,93.907394,0.395687834785,-172.293355,-78.385960,-74.813745
1048576,1048640,2097280,0.106,222311,32,80,13108,74,78,95.244960,0.395687834785,-174.528724,-79.283764,-74.750073
1048576,1048640,2097280,0.106,222311,32,80,13108,74,79,96.582525,0.395687834785,-176.763788,-80.181263,-74.717018
1048576,1048640,2097280,0.106,222311,32,80,13108,74,80,97.920091,0.395687834785,-178.998512,-81.078422,-74.699577
1048576,1048640,2097280,0.106,222311,32,80,13108,74,81,99.257656,0.395687834785,-181.232855,-81.975199,-74.690296
1048576,1048640,2097280,0.106,222311,32,80,13108,74,82,100.595221,0.395687834785,-183.466772,-82.871551,-74.685334
1048576,1048640,2097280,0.106,222311,32,80,13108,74,83,101.932787,0.395687834785,-185.700212,-83.767426,-74.682675
1048576,1048640,2097280,0.106,222311,32,80,13108,74,84,103.270352,0.395687834785,-187.933121,-84.662769,-74.681247
1048576,1048640,2097280,0.106,222311,32,80,13108,74,85,104.607917,0.395687834785,-190.165436,-85.557518,-74.680480
1048576,1048640,2097280,0.106,222311,32,80,13108,74,86,105.945483,0.395687834785,-192.397090,-86.451607,-74.680067
1048576,1048640,2097280,0.106,222311,32,80,13108,74,87,107.283048,0.395687834785,-194.628006,-87.344958,-74.679845
1048576,1048640,2097280,0.106,222311,32,80,13108,74,88,108.620614,0.395687834785,-196.858104,-88.237491,-74.679725
1048576,1048640,2097280,0.106,222311,32,80,13108,74,89,109.958179,0.395687834785,-199.087293,-89.129114,-74.679661
1048576,1048640,2097280,0.106,222311,32,80,13108,74,90,111.295744,0.395687834785,-201.315473,-90.019729,-74.679626
1048576,1048640,2097280,0.106,222311,32,80,13108,74,91,112.633310,0.395687834785,-203.542536,-90.909226,-74.679607
1048576,1048640,2097280,0.106,222311,32,80,13108,74,92,113.970875,0.395687834785,-205.768365,-91.797490,-74.679597
1048576,1048640,2097280,0.106,222311,32,80,13108,74,93,115.308441,0.395687834785,-207.992832,-92.684391,-74.679592
1048576,1048640,2097280,0.106,222311,32,80,13108,74,94,116.646006,0.395687834785,-210.215800,-93.569795,-74.679589
1048576,1048640,2097280,0.106,222311,32,80,13108,74,95,117.983571,0.395687834785,-212.437121,-94.453550,-74.679587
1048576,1048640,2097280,0.106,222311,32,80,13108,74,96,119.321137,0.395687834785,-214.656639,-95.335502,-74.679586
1048576,1048640,2097280,0.106,222311,32,80,13108,74,97,120.658702,0.395687834785,-216.874183,-96.215481,-74.679586
1048576,1048640,2097280,0.106,222311,32,80,13108,74,98,121.996267,0.395687834785,-219.089579,-97.093311,-74.679586
1048576,1048640,2097280,0.106,222311,32,80,13108,74,99,123.333833,0.395687834785,-221.302639,-97.968807,-74.679585
1048576,1048640,2097280,0.106,222311,32,80,13108,74,100,124.671398,0.395687834785,-223.513174,-98.841776,-74.679585
1048576,1048640,2097280,0.106,222311,32,80,13108,74,101,125.948084,0.438574127744,-225.720982,-99.772898,-74.679585
1048576,1048640,2097280,0.106,222311,32,80,13108,74,102,127.137191,0.438574127744,-227.925862,-100.788671,-74.679585
1048576,1048640,2097280,0.106,222311,32,80,13108,74,103,128.326299,0.438574127744,-230.127608,-101.801310,-74.679585
1048576,1048640,2097280,0.106,222311,32,80,13108,74,104,129.515406,0.438574127744,-232.326017,-102.810611,-74.679585
1048576,1048640,2097280,0.106,222311,32,80,13108,74,105,130.704513,0.438574127744,-234.520892,-103.816378,-74.679585
1048576,1048640,2097280,0.106,222311,32,80,13108,74,106,131.893621,0.438574127744,-236.712034,-104.818413,-74.679585
1048576,1048640,2097280,0.106,222311,32,80,13108,74,107,133.082728,0.438574127744,-238.899265,-105.816537,-74.679585
1048576,1048640,2097280,0.106,222311,32,80,13108,74,108,134.271836,0.438574127744,-241.082416,-106.810581,-74.679585
1048576,1048640,2097280,0.106,222311,32,80,13108,74,109,135.460943,0.438574127744,-243.261334,-107.800391,-74.679585
1048576,1048640,2097280,0.106,222311,32,80,13108,74,110,136.650050,0.438574127744,-245.435890,-108.785839,-74.679585
1048576,1048640,2097280,0.106,222311,32,80,13108,74,111,137.839158,0.438574127744,-247.605979,-109.766821,-74.679585
1048576,1048640,2097280,0.106,222311,32,80,13108,74,112,139.028265,0.438574127744,-249.771519,-110.743254,-74.679585
1048576,1048640,2097280,0.106,222311,32,80,13108,74,113,140.217373,0.438574127744,-251.932459,-111.715086,-74.679585
1048576,1048640,2097280,0.106,222311,32,80,13108,74,114,141.406480,0.438574127744,-254.088781,-112.682301,-74.679585
1048576,1048640,2097280,0.106,222311,32,80,13108,74,115,142.595587,0.438574127744,-256.240489,-113.644902,-74.679585
1048576,1048640,2097280,0.106,222311,32,80,13108,74,116,143.784695,0.438574127744,-258.387626,-114.602931,-74.679585
1048576,1048640,2097280,0.106,222311,32,80,13108,74,117,144.973802,0.438574127744,-260.530262,-115.556460,-74.679585
1048576,1048640,2097280,0.106,222311,32,80,13108,74,118,146.162909,0.438574127744,-262.668490,-116.505581,-74.679585
1048576,1048640,2097280,0.106,222311,32,80,13108,74,119,147.352017,0.438574127744,-264.802434,-117.450418,-74.679585
1048576,1048640,2097280,0.106,222311,32,80,13108,74,120,148.541124,0.438574127744,-266.932240,-118.391116,-74.679585
1048576,1048640,2097280,0.106,222311,32,80,13108,74,121,149.730232,0.438574127744,-269.058068,-119.327836,-74.679585
1048576,1048640,2097280,0.106,222311,32,80,13108,74,122,150.919339,0.438574127744,-271.180098,-120.260759,-74.679585
1048576,1048640,2097280,0.106,222311,32,80,13108,74,123,152.108446,0.438574127744,-273.298525,-121.190078,-74.679585
1048576,1048640,2097280,0.106,222311,32,80,13108,74,124,153.297554,0.438574127744,-275.413544,-122.115991,-74.679585
1048576,1048640,2097280,0.106,222311,32,80,13108,74,125,154.486661,0.438574127744,-277.525364,-123.038703,-74.679585
1048576,1048640,2097280,0.106,222311,32,80,13108,74,126,155.675769,0.438574127744,-279.634192,-123.958424,-74.679585
1048576,1048640,2097280,0.106,222311,32,80,13108,74,127,156.864876,0.438574127744,-281.740235,-124.875359,-74.679585
1048576,1048640,2097280,0.106,222311,32,80,13108,74,128,158.053983,0.438574127744,-283.843696,-125.789712,-74.679585
1048576,1048640,2097280,0.106,222311,32,80,13108,74,129,159.243091,0.438574127744,-285.944776,-126.701685,-74.679585
1048576,1048640,2097280,0.106,222311,32,80,13108,74,130,160.432198,0.438574127744,-288.043665,-127.611467,-74.679585
1048576,1048640,2097280,0.106,222311,32,80,13108,74,131,161.621306,0.438574127744,-290.140548,-128.519243,-74.679585
1048576,1048640,2097280,0.106,222311,32,80,13108,74,132,162.810413,0.438574127744,-292.235603,-129.425190,-74.679585
1048576,1048640,2097280,0.106,222311,32,80,13108,74,133,163.999520,0.438574127744,-294.328991,-130.329471,-74.679585
1048576,1048640,2097280,0.106,222311,32,80,13108,74,134,165.188628,0.438574127744,-296.420869,-131.232242,-74.679585
1048576,1048640,2097280,0.106,222311,32,80,13108,74,135,166.377735,0.438574127744,-298.511384,-132.133649,-74.679585
1048576,1048640,2097280,0.106,222311,32,80,13108,74,136,167.566842,0.438574127744,-300.600669,-133.033826,-74.679585
1048576,1048640,2097280,0.106,222311,32,80,13108,74,137,168.755950,0.438574127744,-302.688848,-133.932898,-74.679585
1048576,1048640,2097280,0.106,222311,32,80,13108,74,138,169.945057,0.438574127744,-304.776039,-134.830981,-74.679585
1048576,1048640,2097280,0.106,222311,32,80,13108,74,139,171.134165,0.438574127744,-306.862344,-135.728180,-74.679585
1048576,1048640,2097280,0.106,222311,32,80,13108,74,140,172.323272,0.438574127744,-308.947862,-136.624590,-74.679585
1048576,1048640,2097280,0.106,222311,32,80,13108,74,141,173.512379,0.438574127744,-311.032682,-137.520302,-74.679585
1048576,1048640,2097280,0.106,222311,32,80,13108,74,142,174.701487,0.438574127744,-313.116882,-138.415395,-74.679585
1048576,1048640,2097280,0.106,222311,32,80,13108,74,143,175.890594,0.438574127744,-315.200536,-139.309942,-74.679585
1048576,1048640,2097280,0.106,222311,32,80,13108,74,144,177.079702,0.438574127744,-317.283711,-140.204010,-74.679585
1048576,1048640,2097280,0.106,222311,32,80,13108,74,145,178.268809,0.438574127744,-319.366466,-141.097657,-74.679585
1048576,1048640,2097280,0.106,222311,32,80,13108,74,146,179.457916,0.438574127744,-321.448856,-141.990940,-74.679585
1048576,1048640,2097280,0.106,222311,32,80,13108,74,147,180.647024,0.438574127744,-323.530929,-142.883905,-74.679585
1048576,1048640,2097280,0.106,222311,32,80,13108,74,148,181.836131,0.438574127744,-325.612729,-143.776598,-74.679585
1048576,1048640,2097280,0.106,222311,32,80,13108,74,149,183.025239,0.438574127744,-327.694296,-144.669058,-74.679585
1048576,1048640,2097280,0.106,222311,32,80,13108,74,150,184.214346,0.438574127744,-329.775665,-145.561319,-74.679585
1048576,1048640,2097280,0.106,222311,32,80,13108,74,151,185.403453,0.438574127744,-331.856868,-146.453415,-74.679585
1048576,1048640,2097280,0.106,222311,32,80,13108,74,152,186.592561,0.438574127744,-333.937933,-147.345372,-74.679585
1048576,1048640,2097280,0.106,222311,32,80,13108,74,153,187.781668,0.438574127744,-336.018886,-148.237218,-74.679585
1048576,1048640,2097280,0.106,222311,32,80,13108,74,154,188.970775,0.438574127744,-338.099750,-149.128975,-74.679585
1048576,1048640,2097280,0.106,222311,32,80,13108,74,155,190.159883,0.438574127744,-340.180545,-150.020662,-74.679585
1048576,1048640,2097280,0.106,222311,32,80,13108,74,156,191.348990,0.438574127744,-342.261288,-150.912298,-74.679585
1048576,1048640,2097280,0.106,222311,32,80,13108,74,157,192.538098,0.438574127744,-344.341998,-151.803900,-74.679585
1048576,1048640,2097280,0.106,222311,32,80,13108,74,158,193.727205,0.438574127744,-346.422686,-152.695481,-74.679585
1048576,1048640,2097280,0.106,222311,32,80,13108,74,159,194.916312,0.438574127744,-348.503367,-153.587055,-74.679585
1048576,1048640,2097280,0.106,222311,32,80,13108,74,160,196.105420,0.438574127744,-350.584052,-154.478632,-74.679585
1048576,1048640,2097280,0.106,222311,32,80,13108,75,1,-inf,,-2.237846,-inf,-inf
1048576,1048640,2097280,0.106,222311,32,80,13108,75,2,-inf,,-4.475692,-inf,-inf
1048576,1048640,2097280,0.106,222311,32,80,13108,75,3,-inf,,-6.713537,-inf,-inf
1048576,1048640,2097280,0.106,222311,32,80,13108,75,4,-inf,,-8.951381,-inf,-inf
1048576,1048640,2097280,0.106,222311,32,80,13108,75,5,-inf,,-11.189224,-inf,-inf
1048576,1048640,2097280,0.106,222311,32,80,13108,75,6,-inf,,-13.427067,-inf,-inf
1048576,1048640,2097280,0.106,222311,32,80,13108,75,7,-inf,,-15.664909,-inf,-inf
1048576,1048640,2097280,0.106,222311,32,80,13108,75,8,-inf,,-17.902750,-inf,-inf
1048576,1048640,2097280,0.106,222311,32,80,13108,75,9,-inf,,-20.140591,-inf,-inf
1048576,1048640,2097280,0.106,222311,32,80,13108,75,10,-inf,,-22.378431,-inf,-inf
1048576,1048640,2097280,0.106,222311,32,80,13108,75,11,-inf,,-24.616270,-inf,-inf
1048576,1048640,2097280,0.106,222311,32,80,13108,75,12,-inf,,-26.854108,-inf,-inf
1048576,1048640,2097280,0.106,222311,32,80,13108,75,13,-inf,,-29.091945,-inf,-inf
1048576,1048640,2097280,0.106,222311,32,80,13108,75,14,-inf,,-31.329782,-inf,-inf
1048576,1048640,2097280,0.106,222311,32,80,13108,75,15,-inf,,-33.567618,-inf,-inf
1048576,1048640,2097280,0.106,222311,32,80,13108,75,16,-inf,,-35.805453,-inf,-inf
1048576,1048640,2097280,0.106,222311,32,80,13108,75,17,-inf,,-38.043288,-inf,-inf
1048576,1048640,2097280,0.106,222311,32,80,13108,75,18,-inf,,-40.281121,-inf,-inf
1048576,1048640,2097280,0.106,222311,32,80,13108,75,19,-inf,,-42.518954,-inf,-inf
1048576,1048640,2097280,0.106,222311,32,80,13108,75,20,-inf,,-44.756786,-inf,-inf
1048576,1048640,2097280,0.106,222311,32,80,13108,75,21,-inf,,-46.994617,-inf,-inf
1048576,1048640,2097280,0.106,222311,32,80,13108,75,22,-inf,,-49.232447,-inf,-inf
1048576,1048640,2097280,0.106,222311,32,80,13108,75,23,-inf,,-51.470276,-inf,-inf
1048576,1048640,2097280,0.106,222311,32,80,13108,75,24,-inf,,-53.708104,-inf,-inf
1048576,1048640,2097280,0.106,222311,32,80,13108,75,25,-inf,,-55.945932,-inf,-inf
1048576,1048640,2097280,0.106,222311,32,80,13108,75,26,-inf,,-58.183758,-inf,-inf
1048576,1048640,2097280,0.106,222311,32,80,13108,75,27,-inf,,-60.421583,-inf,-inf
1048576,1048640,2097280,0.106,222311,32,80,13108,75,28,-inf,,-62.659406,-inf,-inf
1048576,1048640,2097280,0.106,222311,32,80,13108,75,29,-inf,,-64.897229,-inf,-inf
1048576,1048640,2097280,0.106,222311,32,80,13108,75,30,-inf,,-67.135050,-inf,-inf
1048576,1048640,2097280,0.106,222311,32,80,13108,75,31,-inf,,-69.372869,-inf,-inf
1048576,1048640,2097280,0.106,222311,32,80,13108,75,32,-inf,,-71.610687,-inf,-inf
1048576,1048640,2097280,0.106,222311,32,80,13108,75,33,-inf,,-73.848504,-inf,-inf
1048576,1048640,2097280,0.106,222311,32,80,13108,75,34,-inf,,-76.086318,-inf,-inf
1048576,1048640,2097280,0.106,222311,32,80,13108,75,35,-inf,,-78.324131,-inf,-inf
1048576,1048640,2097280,0.106,222311,32,80,13108,75,36,-inf,,-80.561941,-inf,-inf
1048576,1048640,2097280,0.106,222311,32,80,13108,75,37,-inf,,-82.799749,-inf,-inf
1048576,1048640,2097280,0.106,222311,32,80,13108,75,38,-inf,,-85.037554,-inf,-inf
1048576,1048640,2097280,0.106,222311,32,80,13108,75,39,-inf,,-87.275356,-inf,-inf
1048576,1048640,2097280,0.106,222311,32,80,13108,75,40,-inf,,-89.513155,-inf,-inf
1048576,1048640,2097280,0.106,222311,32,80,13108,75,41,-inf,,-91.750951,-inf,-inf
1048576,1048640,2097280,0.106,222311,32,80,13108,75,42,-inf,,-93.988742,-inf,-inf
1048576,1048640,2097280,0.106,222311,32,80,13108,75,43,-inf,,-96.226529,-inf,-inf
1048576,1048640,2097280,0.106,222311,32,80,13108,75,44,-inf,,-98.464311,-inf,-inf
1048576,1048640,2097280,0.106,222311,32,80,13108,75,45,-inf,,-100.702087,-inf,-inf
1048576,1048640,2097280,0.106,222311,32,80,13108,75,46,-inf,,-102.939857,-inf,-inf
1048576,1048640,2097280,0.106,222311,32,80,13108,75,47,-inf,,-105.177620,-inf,-inf
1048576,1048640,2097280,0.106,222311,32,80,13108,75,48,-inf,,-107.415376,-inf,-inf
1048576,1048640,2097280,0.106,222311,32,80,13108,75,49,-inf,,-109.653122,-inf,-inf
1048576,1048640,2097280,0.106,222311,32,80,13108,75,50,-inf,,-111.890859,-inf,-inf
1048576,1048640,2097280,0.106,222311,32,80,13108,75,51,-inf,,-114.128584,-inf,-inf
1048576,1048640,2097280,0.106,222311,32,80,13108,75,52,-inf,,-116.366297,-inf,-inf
1048576,1048640,2097280,0.106,222311,32,80,13108,75,53,-inf,,-118.603995,-inf,-inf
1048576,1048640,2097280,0.106,222311,32,80,13108,75,54,-inf,,-120.841678,-inf,-inf
1048576,1048640,2097280,0.106,222311,32,80,13108,75,55,-inf,,-123.079343,-inf,-inf
1048576,1048640,2097280,0.106,222311,32,80,13108,75,56,-inf,,-125.316987,-inf,-inf
1048576,1048640,2097280,0.106,222311,32,80,13108,75,57,-inf,,-127.554609,-inf,-inf
1048576,1048640,2097280,0.106,222311,32,80,13108,75,58,-inf,,-129.792205,-inf,-inf
1048576,1048640,2097280,0.106,222311,32,80,13108,75,59,-inf,,-132.029772,-inf,-inf
1048576,1048640,2097280,0.106,222311,32,80,13108,75,60,-inf,,-134.267306,-inf,-inf
1048576,1048640,2097280,0.106,222311,32,80,13108,75,61,-inf,,-136.504804,-inf,-inf
1048576,1048640,2097280,0.106,222311,32,80,13108,75,62,-inf,,-138.742260,-inf,-inf
1048576,1048640,2097280,0.106,222311,32,80,13108,75,63,-inf,,-140.979669,-inf,-inf
1048576,1048640,2097280,0.106,222311,32,80,13108,75,64,-inf,,-143.217026,-inf,-inf
1048576,1048640,2097280,0.106,222311,32,80,13108,75,65,-inf,,-145.454324,-inf,-inf
1048576,1048640,2097280,0.106,222311,32,80,13108,75,66,-inf,,-147.691555,-inf,-inf
1048576,1048640,2097280,0.106,222311,32,80,13108,75,67,-inf,,-149.928710,-inf,-inf
1048576,1048640,2097280,0.106,222311,32,80,13108,75,68,-inf,,-152.165781,-inf,-inf
1048576,1048640,2097280,0.106,222311,32,80,13108,75,69,-inf,,-154.402757,-inf,-inf
1048576,1048640,2097280,0.106,222311,32,80,13108,75,70,-inf,,-156.639626,-inf,-inf
1048576,1048640,2097280,0.106,222311,32,80,13108,75,71,-inf,,-158.876374,-inf,-inf
1048576,1048640,2097280,0.106,222311,32,80,13108,75,72,-inf,,-161.112986,-inf,-inf
1048576,1048640,2097280,0.106,222311,32,80,13108,75,73,-inf,,-163.349447,-inf,-inf
1048576,1048640,2097280,0.106,222311,32,80,13108,75,74,-inf,,-165.585736,-inf,-inf
1048576,1048640,2097280,0.106,222311,32,80,13108,75,75,89.818852,0.322086170895,-167.821833,-78.002981,-78.002981
1048576,1048640,2097280,0.106,222311,32,80,13108,75,76,91.401603,0.395687834785,-170.057715,-78.656112,-77.292898
1048576,1048640,2097280,0.106,222311,32,80,13108,75,77,92.739169,0.395687834785,-172.293355,-79.554186,-77.019578
1048576,1048640,2097280,0.106,222311,32,80,13108,75,78,94.076734,0.395687834785,-174.528724,-80.451990,-76.891776
1048576,1048640,2097280,0.106,222311,32,80,13108,75,79,95.414299,0.395687834785,-176.763788,-81.349489,-76.827571
1048576,1048640,2097280,0.106,222311,32,80,13108,75,80,96.751865,0.395687834785,-178.998512,-82.246648,-76.794240
1048576,1048640,2097280,0.106,222311,32,80,13108,75,81,98.089430,0.395687834785,-181.232855,-83.143425,-76.776652
1048576,1048640,2097280,0.106,222311,32,80,13108,75,82,99.426996,0.395687834785,-183.466772,-84.039777,-76.767290
1048576,1048640,2097280,0.106,222311,32,80,13108,75,83,100.764561,0.395687834785,-185.700212,-84.935651,-76.762284
1048576,1048640,2097280,0.106,222311,32,80,13108,75,84,102.102126,0.395687834785,-187.933121,-85.830995,-76.759600
1048576,1048640,2097280,0.106,222311,32,80,13108,75,85,103.439692,0.395687834785,-190.165436,-86.725744,-76.758158
1048576,1048640,2097280,0.106,222311,32,80,13108,75,86,104.777257,0.395687834785,-192.397090,-87.619832,-76.757383
1048576,1048640,2097280,0.106,222311,32,80,13108,75,87,106.114822,0.395687834785,-194.628006,-88.513184,-76.756966
1048576,1048640,2097280,0.106,222311,32,80,13108,75,88,107.319722,0.438574127744,-196.858104,-89.538382,-76.756761
1048576,1048640,2097280,0.106,222311,32,80,13108,75,89,108.508829,0.438574127744,-199.087293,-90.578463,-76.756662
1048576,1048640,2097280,0.106,222311,32,80,13108,75,90,109.697937,0.438574127744,-201.315473,-91.617536,-76.756613
1048576,1048640,2097280,0.106,222311,32,80,13108,75,91,110.887044,0.438574127744,-203.542536,-92.655492,-76.756589
1048576,1048640,2097280,0.106,222311,32,80,13108,75,92,112.076152,0.438574127744,-205.768365,-93.692214,-76.756578
1048576,1048640,2097280,0.106,222311,32,80,13108,75,93,113.265259,0.438574127744,-207.992832,-94.727573,-76.756572
1048576,1048640,2097280,0.106,222311,32,80,13108,75,94,114.454366,0.438574127744,-210.215800,-95.761434,-76.756570
1048576,1048640,2097280,0.106,222311,32,80,13108,75,95,115.643474,0.438574127744,-212.437121,-96.793648,-76.756568
1048576,1048640,2097280,0.106,222311,32,80,13108,75,96,116.832581,0.438574127744,-214.656639,-97.824057,-76.756568
1048576,1048640,2097280,0.106,222311,32,80,13108,75,97,118.021688,0.438574127744,-216.874183,-98.852494,-76.756567
1048576,1048640,2097280,0.106,222311,32,80,13108,75,98,119.210796,0.438574127744,-219.089579,-99.878783,-76.756567
1048576,1048640,2097280,0.106,222311,32,80,13108,75,99,120.399903,0.438574127744,-221.302639,-100.902736,-76.756567
1048576,1048640,2097280,0.106,222311,32,80,13108,75,100,121.589011,0.438574127744,-223.513174,-101.924163,-76.756567
1048576,1048640,2097280,0.106,222311,32,80,13108,75,101,122.778118,0.438574127744,-225.720982,-102.942864,-76.756567
1048576,1048640,2097280,0.106,222311,32,80,13108,75,102,123.967225,0.438574127744,-227.925862,-103.958637,-76.756567
1048576,1048640,2097280,0.106,222311,32,80,13108,75,103,125.156333,0.438574127744,-230.127608,-104.971276,-76.756567
1048576,1048640,2097280,0.106,222311,32,80,13108,75,104,126.345440,0.438574127744,-232.326017,-105.980577,-76.756567
1048576,1048640,2097280,0.106,222311,32,80,13108,75,105,127.534548,0.438574127744,-234.520892,-106.986344,-76.756567
1048576,1048640,2097280,0.106,222311,32,80,13108,75,106,128.723655,0.438574127744,-236.712034,-107.988379,-76.756567
1048576,1048640,2097280,0.106,222311,32,80,13108,75,107,129.912762,0.438574127744,-238.899265,-108.986502,-76.756567
1048576,1048640,2097280,0.106,222311,32,80,13108,75,108,131.101870,0.438574127744,-241.082416,-109.980547,-76.756567
1048576,1048640,2097280,0.106,222311,32,80,13108,75,109,132.290977,0.438574127744,-243.261334,-110.970357,-76.756567
1048576,1048640,2097280,0.106,222311,32,80,13108,75,110,133.480085,0.438574127744,-245.435890,-111.955805,-76.756567
1048576,1048640,2097280,0.106,222311,32,80,13108,75,111,134.669192,0.438574127744,-247.605979,-112.936787,-76.756567
1048576,1048640,2097280,0.106,222311,32,80,13108,75,112,135.858299,0.438574127744,-249.771519,-113.913219,-76.756567
1048576,1048640,2097280,0.106,222311,32,80,13108,75,113,137.047407,0.438574127744,-251.932459,-114.885052,-76.756567
1048576,1048640,2097280,0.106,222311,32,80,13108,75,114,138.236514,0.438574127744,-254.088781,-115.852266,-76.756567
1048576,1048640,2097280,0.106,222311,32,80,13108,75,115,139.425621,0.438574127744,-256.240489,-116.814868,-76.756567
1048576,1048640,2097280,0.106,222311,32,80,13108,75,116,140.614729,0.438574127744,-258.387626,-117.772897,-76.756567
1048576,1048640,2097280,0.106,222311,32,80,13108,75,117,141.803836,0.438574127744,-260.530262,-118.726426,-76.756567
1048576,1048640,2097280,0.106,222311,32,80,13108,75,118,142.992944,0.438574127744,-262.668490,-119.675547,-76.756567
1048576,1048640,2097280,0.106,222311,32,80,13108,75,119,144.182051,0.438574127744,-264.802434,-120.620383,-76.756567
1048576,1048640,2097280,0.106,222311,32,80,13108,75,120,145.371158,0.438574127744,-266.932240,-121.561082,-76.756567
1048576,1048640,2097280,0.106,222311,32,80,13108,75,121,146.560266,0.438574127744,-269.058068,-122.497802,-76.756567
1048576,1048640,2097280,0.106,222311,32,80,13108,75,122,147.749373,0.438574127744,-271.180098,-123.430725,-76.756567
1048576,1048640,2097280,0.106,222311,32,80,13108,75,123,148.938481,0.438574127744,-273.298525,-124.360044,-76.756567
1048576,1048640,2097280,0.106,222311,32,80,13108,75,124,150.127588,0.438574127744,-275.413544,-125.285956,-76.756567
1048576,1048640,2097280,0.106,222311,32,80,13108,75,125,151.316695,0.438574127744,-277.525364,-126.208669,-76.756567
1048576,1048640,2097280,0.106,222311,32,80,13108,75,126,152.505803,0.438574127744,-279.634192,-127.128390,-76.756567
1048576,1048640,2097280,0.106,222311,32,80,13108,75,127,153.694910,0.438574127744,-281.740235,-128.045324,-76.756567
1048576,1048640,2097280,0.106,222311,32,80,13108,75,128,154.884018,0.438574127744,-283.843696,-128.959678,-76.756567
1048576,1048640,2097280,0.106,222311,32,80,13108,75,129,156.073125,0.438574127744,-285.944776,-129.871651,-76.756567
1048576,1048640,2097280,0.106,222311,32,80,13108,75,130,157.262232,0.438574127744,-288.043665,-130.781433,-76.756567
1048576,1048640,2097280,0.106,222311,32,80,13108,75,131,158.451340,0.438574127744,-290.140548,-131.689209,-76.756567
1048576,1048640,2097280,0.106,222311,32,80,13108,75,132,159.640447,0.438574127744,-292.235603,-132.595155,-76.756567
1048576,1048640,2097280,0.106,222311,32,80,13108,75,133,160.829554,0.438574127744,-294.328991,-133.499436,-76.756567
1048576,1048640,2097280,0.106,222311,32,80,13108,75,134,162.018662,0.438574127744,-296.420869,-134.402208,-76.756567
1048576,1048640,2097280,0.106,222311,32,80,13108,75,135,163.207769,0.438574127744,-298.511384,-135.303615,-76.756567
1048576,1048640,2097280,0.106,222311,32,80,13108,75,136,164.396877,0.438574127744,-300.600669,-136.203792,-76.756567
1048576,1048640,2097280,0.106,222311,32,80,13108,75,137,165.585984,0.438574127744,-302.688848,-137.102864,-76.756567
1048576,1048640,2097280,0.106,222311,32,80,13108,75,138,166.775091,0.438574127744,-304.776039,-138.000947,-76.756567
1048576,1048640,2097280,0.106,222311,32,80,13108,75,139,167.964199,0.438574127744,-306.862344,-138.898145,-76.756567
1048576,1048640,2097280,0.106,222311,32,80,13108,75,140,169.153306,0.438574127744,-308.947862,-139.794556,-76.756567
1048576,1048640,2097280,0.106,222311,32,80,13108,75,141,170.342414,0.438574127744,-311.032682,-140.690268,-76.756567
1048576,1048640,2097280,0.106,222311,32,80,13108,75,142,171.531521,0.438574127744,-313.116882,-141.585361,-76.756567
1048576,1048640,2097280,0.106,222311,32,80,13108,75,143,172.720628,0.438574127744,-315.200536,-142.479908,-76.756567
1048576,1048640,2097280,0.106,222311,32,80,13108,75,144,173.909736,0.438574127744,-317.283711,-143.373975,-76.756567
1048576,1048640,2097280,0.106,222311,32,80,13108,75,145,175.098843,0.438574127744,-319.366466,-144.267623,-76.756567
1048576,1048640,2097280,0.106,222311,32,80,13108,75,146,176.287950,0.438574127744,-321.448856,-145.160906,-76.756567
1048576,1048640,2097280,0.106,222311,32,80,13108,75,147,177.477058,0.438574127744,-323.530929,-146.053871,-76.756567
1048576,1048640,2097280,0.106,222311,32,80,13108,75,148,178.666165,0.438574127744,-325.612729,-146.946564,-76.756567
1048576,1048640,2097280,0.106,222311,32,80,13108,75,149,179.855273,0.438574127744,-327.694296,-147.839023,-76.756567
1048576,1048640,2097280,0.106,222311,32,80,13108,75,150,181.044380,0.438574127744,-329.775665,-148.731285,-76.756567
1048576,1048640,2097280,0.106,222311,32,80,13108,75,151,182.233487,0.438574127744,-331.856868,-149.623381,-76.756567
1048576,1048640,2097280,0.106,222311,32,80,13108,75,152,183.422595,0.438574127744,-333.937933,-150.515338,-76.756567
1048576,1048640,2097280,0.106,222311,32,80,13108,75,153,184.611702,0.438574127744,-336.018886,-151.407184,-76.756567
1048576,1048640,2097280,0.106,222311,32,80,13108,75,154,185.800810,0.438574127744,-338.099750,-152.298941,-76.756567
1048576,1048640,2097280,0.106,222311,32,80,13108,75,155,186.989917,0.438574127744,-340.180545,-153.190628,-76.756567
1048576,1048640,2097280,0.106,222311,32,80,13108,75,156,188.179024,0.438574127744,-342.261288,-154.082264,-76.756567
1048576,1048640,2097280,0.106,222311,32,80,13108,75,157,189.368132,0.438574127744,-344.341998,-154.973866,-76.756567
1048576,1048640,2097280,0.106,222311,32,80,13108,75,158,190.557239,0.438574127744,-346.422686,-155.865447,-76.756567
1048576,1048640,2097280,0.106,222311,32,80,13108,75,159,191.746347,0.438574127744,-348.503367,-156.757021,-76.756567
1048576,1048640,2097280,0.106,222311,32,80,13108,75,160,192.935454,0.438574127744,-350.584052,-157.648598,-76.756567
1048576,1048640,2097280,0.106,222311,32,80,13108,76,1,-inf,,-2.237846,-inf,-inf
1048576,1048640,2097280,0.106,222311,32,80,13108,76,2,-inf,,-4.475692,-inf,-inf
1048576,1048640,2097280,0.106,222311,32,80,13108,76,3,-inf,,-6.713537,-inf,-inf
1048576,1048640,2097280,0.106,222311,32,80,13108,76,4,-inf,,-8.951381,-inf,-inf
1048576,1048640,2097280,0.106,222311,32,80,13108,76,5,-inf,,-11.189224,-inf,-inf
1048576,1048640,2097280,0.106,222311,32,80,13108,76,6,-inf,,-13.427067,-inf,-inf
1048576,1048640,2097280,0.106,222311,32,80,13108,76,7,-inf,,-15.664909,-inf,-inf
1048576,1048640,2097280,0.106,222311,32,80,13108,76,8,-inf,,-17.902750,-inf,-inf
1048576,1048640,2097280,0.106,222311,32,80,13108,76,9,-inf,,-20.140591,-inf,-inf
1048576,1048640,2097280,0.106,222311,32,80,13108,76,10,-inf,,-22.378431,-inf,-inf
1048576,1048640,2097280,0.106,222311,32,80,13108,76,11,-inf,,-24.616270,-inf,-inf
1048576,1048640,2097280,0.106,222311,32,80,13108,76,12,-inf,,-26.854108,-inf,-inf
1048576,1048640,2097280,0.106,222311,32,80,13108,76,13,-inf,,-29.091945,-inf,-inf
1048576,1048640,2097280,0.106,222311,32,80,13108,76,14,-inf,,-31.329782,-inf,-inf
1048576,1048640,2097280,0.106,222311,32,80,13108,76,15,-inf,,-33.567618,-inf,-inf
1048576,1048640,2097280,0.106,222311,32,80,13108,76,16,-inf,,-35.805453,-inf,-inf
1048576,1048640,2097280,0.106,222311,32,80,13108,76,17,-inf,,-38.043288,-inf,-inf
1048576,1048640,2097280,0.106,222311,32,80,13108,76,18,-inf,,-40.281121,-inf,-inf
1048576,1048640,2097280,0.106,222311,32,80,13108,76,19,-inf,,-42.518954,-inf,-inf
1048576,1048640,2097280,0.106,222311,32,80,13108,76,20,-inf,,-44.756786,-inf,-inf
1048576,1048640,2097280,0.106,222311,32,80,13108,76,21,-inf,,-46.994617,-inf,-inf
1048576,1048640,2097280,0.106,222311,32,80,13108,76,22,-inf,,-49.232447,-inf,-inf
1048576,1048640,2097280,0.106,222311,32,80,13108,76,23,-inf,,-51.470276,-inf,-inf
1048576,1048640,2097280,0.106,222311,32,80,13108,76,24,-inf,,-53.708104,-inf,-inf
1048576,1048640,2097280,0.106,222311,32,80,13108,76,25,-inf,,-55.945932,-inf,-inf
1048576,1048640,2097280,0.106,222311,32,80,13108,76,26,-inf,,-58.183758,-inf,-inf
1048576,1048640,2097280,0.106,222311,32,80,13108,76,27,-inf,,-60.421583,-inf,-inf
1048576,1048640,2097280,0.106,222311,32,80,13108,76,28,-inf,,-62.659406,-inf,-inf
1048576,1048640,2097280,0.106,222311,32,80,13108,76,29,-inf,,-64.897229,-inf,-inf
1048576,1048640,2097280,0.106,222311,32,80,13108,76,30,-inf,,-67.135050,-inf,-inf
1048576,1048640,2097280,0.106,222311,32,80,13108,76,31,-inf,,-69.372869,-inf,-inf
1048576,1048640,2097280,0.106,222311,32,80,13108,76,32,-inf,,-71.610687,-inf,-inf
1048576,1048640,2097280,0.106,222311,32,80,13108,76,33,-inf,,-73.848504,-inf,-inf
1048576,1048640,2097280,0.106,222311,32,80,13108,76,34,-inf,,-76.086318,-inf,-inf
1048576,1048640,2097280,0.106,222311,32,80,13108,76,35,-inf,,-78.324131,-inf,-inf
1048576,1048640,2097280,0.106,222311,32,80,13108,76,36,-inf,,-80.561941,-inf,-inf
1048576,1048640,2097280,0.106,222311,32,80,13108,76,37,-inf,,-82.799749,-inf,-inf
1048576,1048640,2097280,0.106,222311,32,80,13108,76,38,-inf,,-85.037554,-inf,-inf
1048576,1048640,2097280,0.106,222311,32,80,13108,76,39,-inf,,-87.275356,-inf,-inf
1048576,1048640,2097280,0.106,222311,32,80,13108,76,40,-inf,,-89.513155,-inf,-inf
1048576,1048640,2097280,0.106,222311,32,80,13108,76,41,-inf,,-91.750951,-inf,-inf
1048576,1048640,2097280,0.106,222311,32,80,13108,76,42,-inf,,-93.988742,-inf,-inf
1048576,1048640,2097280,0.106,222311,32,80,13108,76,43,-inf,,-96.226529,-inf,-inf
1048576,1048640,2097280,0.106,222311,32,80,13108,76,44,-inf,,-98.464311,-inf,-inf
1048576,1048640,2097280,0.106,222311,32,80,13108,76,45,-inf,,-100.702087,-inf,-inf
1048576,1048640,2097280,0.106,222311,32,80,13108,76,46,-inf,,-102.939857,-inf,-inf
1048576,1048640,2097280,0.106,222311,32,80,13108,76,47,-inf,,-105.177620,-inf,-inf
1048576,1048640,2097280,0.106,222311,32,80,13108,76,48,-inf,,-107.415376,-inf,-inf
1048576,1048640,2097280,0.106,222311,32,80,13108,76,49,-inf,,-109.653122,-inf,-inf
1048576,1048640,2097280,0.106,222311,32,80,13108,76,50,-inf,,-111.890859,-inf,-inf
1048576,1048640,2097280,0.106,222311,32,80,13108,76,51,-inf,,-114.128584,-inf,-inf
1048576,1048640,2097280,0.106,222311,32,80,13108,76,52,-inf,,-116.366297,-inf,-inf
1048576,1048640,2097280,0.106,222311,32,80,13108,76,53,-inf,,-118.603995,-inf,-inf
1048576,1048640,2097280,0.106,222311,32,80,13108,76,54,-inf,,-120.841678,-inf,-inf
1048576,1048640,2097280,0.106,222311,32,80,13108,76,55,-inf,,-123.079343,-inf,-inf
1048576,1048640,2097280,0.106,222311,32,80,13108,76,56,-inf,,-125.316987,-inf,-inf
1048576,1048640,2097280,0.106,222311,32,80,13108,76,57,-inf,,-127.554609,-inf,-inf
1048576,1048640,2097280,0.106,222311,32,80,13108,76,58,-inf,,-129.792205,-inf,-inf
1048576,1048640,2097280,0.106,222311,32,80,13108,76,59,-inf,,-132.029772,-inf,-inf
1048576,1048640,2097280,0.106,222311,32,80,13108,76,60,-inf,,-134.267306,-inf,-inf
1048576,1048640,2097280,0.106,222311,32,80,13108,76,61,-inf,,-136.504804,-inf,-inf
1048576,1048640,2097280,0.106,222311,32,80,13108,76,62,-inf,,-138.742260,-inf,-inf
1048576,1048640,2097280,0.106,222311,32,80,13108,76,63,-inf,,-140.979669,-inf,-inf
1048576,1048640,2097280,0.106,222311,32,80,13108,76,64,-inf,,-143.217026,-inf,-inf
1048576,1048640,2097280,0.106,222311,32,80,13108,76,65,-inf,,-145.454324,-inf,-inf
1048576,1048640,2097280,0.106,222311,32,80,13108,76,66,-inf,,-147.691555,-inf,-inf
1048576,1048640,2097280,0.106,222311,32,80,13108,76,67,-inf,,-149.928710,-inf,-inf
1048576,1048640,2097280,0.106,222311,32,80,13108,76,68,-inf,,-152.165781,-inf,-inf
1048576,1048640,2097280,0.106,222311,32,80,13108,76,69,-inf,,-154.402757,-inf,-inf
1048576,1048640,2097280,0.106,222311,32,80,13108,76,70,-inf,,-156.639626,-inf,-inf
1048576,1048640,2097280,0.106,222311,32,80,13108,76,71,-inf,,-158.876374,-inf,-inf
1048576,1048640,2097280,0.106,222311,32,80,13108,76,72,-inf,,-161.112986,-inf,-inf
1048576,1048640,2097280,0.106,222311,32,80,13108,76,73,-inf,,-163.349447,-inf,-inf
1048576,1048640,2097280,0.106,222311,32,80,13108,76,74,-inf,,-165.585736,-inf,-inf
1048576,1048640,2097280,0.106,222311,32,80,13108,76,75,-inf,,-167.821833,-inf,-inf
1048576,1048640,2097280,0.106,222311,32,80,13108,76,76,89.898745,0.322086170895,-170.057715,-80.158971,-80.158971
1048576,1048640,2097280,0.106,222311,32,80,13108,76,77,91.533226,0.322086170895,-172.293355,-80.760129,-79.428462
1048576,1048640,2097280,0.106,222311,32,80,13108,76,78,92.874059,0.395687834785,-174.528724,-81.654665,-79.149025
1048576,1048640,2097280,0.106,222311,32,80,13108,76,79,94.211624,0.395687834785,-176.763788,-82.552164,-79.018719
1048576,1048640,2097280,0.106,222311,32,80,13108,76,80,95.549189,0.395687834785,-178.998512,-83.449323,-78.953323
1048576,1048640,2097280,0.106,222311,32,80,13108,76,81,96.886755,0.395687834785,-181.232855,-84.346101,-78.919386
1048576,1048640,2097280,0.106,222311,32,80,13108,76,82,98.197325,0.438574127744,-183.466772,-85.269448,-78.901808
1048576,1048640,2097280,0.106,222311,32,80,13108,76,83,99.386432,0.438574127744,-185.700212,-86.313781,-78.893362
1048576,1048640,2097280,0.106,222311,32,80,13108,76,84,100.575539,0.438574127744,-187.933121,-87.357582,-78.889283
1048576,1048640,2097280,0.106,222311,32,80,13108,76,85,101.764647,0.438574127744,-190.165436,-88.400789,-78.887307
1048576,1048640,2097280,0.106,222311,32,80,13108,76,86,102.953754,0.438574127744,-192.397090,-89.443335,-78.886349
1048576,1048640,2097280,0.106,222311,32,80,13108,76,87,104.142861,0.438574127744,-194.628006,-90.485145,-78.885884
1048576,1048640,2097280,0.106,222311,32,80,13108,76,88,105.331969,0.438574127744,-196.858104,-91.526136,-78.885658
1048576,1048640,2097280,0.106,222311,32,80,13108,76,89,106.521076,0.438574127744,-199.087293,-92.566216,-78.885549
1048576,1048640,2097280,0.106,222311,32,80,13108,76,90,107.710184,0.438574127744,-201.315473,-93.605289,-78.885495
1048576,1048640,2097280,0.106,222311,32,80,13108,76,91,108.899291,0.438574127744,-203.542536,-94.643245,-78.885469
1048576,1048640,2097280,0.106,222311,32,80,13108,76,92,110.088398,0.438574127744,-205.768365,-95.679967,-78.885456
1048576,1048640,2097280,0.106,222311,32,80,13108,76,93,111.277506,0.438574127744,-207.992832,-96.715326,-78.885450
1048576,1048640,2097280,0.106,222311,32,80,13108,76,94,112.466613,0.438574127744,-210.215800,-97.749187,-78.885447
1048576,1048640,2097280,0.106,222311,32,80,13108,76,95,113.655721,0.438574127744,-212.437121,-98.781401,-78.885446
1048576,1048640,2097280,0.106,222311,32,80,13108,76,96,114.844828,0.438574127744,-214.656639,-99.811811,-78.885445
1048576,1048640,2097280,0.106,222311,32,80,13108,76,97,116.033935,0.438574127744,-216.874183,-100.840247,-78.885445
1048576,1048640,2097280,0.106,222311,32,80,13108,76,98,117.223043,0.438574127744,-219.089579,-101.866536,-78.885444
1048576,1048640,2097280,0.106,222311,32,80,13108,76,99,118.412150,0.438574127744,-221.302639,-102.890489,-78.885444
1048576,1048640,2097280,0.106,222311,32,80,13108,76,100,119.601257,0.438574127744,-223.513174,-103.911917,-78.885444
1048576,1048640,2097280,0.106,222311,32,80,13108,76,101,120.790365,0.438574127744,-225.720982,-104.930617,-78.885444
1048576,1048640,2097280,0.106,222311,32,80,13108,76,102,121.979472,0.438574127744,-227.925862,-105.946390,-78.885444
1048576,1048640,2097280,0.106,222311,32,80,13108,76,103,123.168580,0.438574127744,-230.127608,-106.959029,-78.885444
1048576,1048640,2097280,0.106,222311,32,80,13108,76,104,124.357687,0.438574127744,-232.326017,-107.968330,-78.885444
1048576,1048640,2097280,0.106,222311,32,80,13108,76,105,125.546794,0.438574127744,-234.520892,-108.974097,-78.885444
1048576,1048640,2097280,0.106,222311,32,80,13108,76,106,126.735902,0.438574127744,-236.712034,-109.976133,-78.885444
1048576,1048640,2097280,0.106,222311,32,80,13108,76,107,127.925009,0.438574127744,-238.899265,-110.974256,-78.885444
1048576,1048640,2097280,0.106,222311,32,80,13108,76,108,129.114117,0.438574127744,-241.082416,-111.968300,-78.885444
1048576,1048640,2097280,0.106,222311,32,80,13108,76,109,130.303224,0.438574127744,-243.261334,-112.958110,-78.885444
1048576,1048640,2097280,0.106,222311,32,80,13108,76,110,131.492331,0.438574127744,-245.435890,-113.943559,-78.885444
1048576,1048640,2097280,0.106,222311,32,80,13108,76,111,132.681439,0.438574127744,-247.605979,-114.924540,-78.885444
1048576,1048640,2097280,0.106,222311,32,80,13108,76,112,133.870546,0.438574127744,-249.771519,-115.900973,-78.885444
1048576,1048640,2097280,0.106,222311,32,80,13108,76,113,135.059654,0.438574127744,-251.932459,-116.872805,-78.885444
1048576,1048640,2097280,0.106,222311,32,80,13108,76,114,136.248761,0.438574127744,-254.088781,-117.840020,-78.885444
1048576,1048640,2097280,0.106,222311,32,80,13108,76,115,137.437868,0.438574127744,-256.240489,-118.802621,-78.885444
1048576,1048640,2097280,0.106,222311,32,80,13108,76,116,138.626976,0.438574127744,-258.387626,-119.760650,-78.885444
1048576,1048640,2097280,0.106,222311,32,80,13108,76,117,139.816083,0.438574127744,-260.530262,-120.714179,-78.885444
1048576,1048640,2097280,0.106,222311,32,80,13108,76,118,141.005190,0.438574127744,-262.668490,-121.663300,-78.885444
1048576,1048640,2097280,0.106,222311,32,80,13108,76,119,142.194298,0.438574127744,-264.802434,-122.608137,-78.885444
1048576,1048640,2097280,0.106,222311,32,80,13108,76,120,143.383405,0.438574127744,-266.932240,-123.548835,-78.885444
1048576,1048640,2097280,0.106,222311,32,80,13108,76,121,144.572513,0.438574127744,-269.058068,-124.485555,-78.885444
1048576,1048640,2097280,0.106,222311,32,80,13108,76,122,145.761620,0.438574127744,-271.180098,-125.418478,-78.885444
1048576,1048640,2097280,0.106,222311,32,80,13108,76,123,146.950727,0.438574127744,-273.298525,-126.347797,-78.885444
1048576,1048640,2097280,0.106,222311,32,80,13108,76,124,148.139835,0.438574127744,-275.413544,-127.273710,-78.885444
1048576,1048640,2097280,0.106,222311,32,80,13108,76,125,149.328942,0.438574127744,-277.525364,-128.196422,-78.885444
1048576,1048640,2097280,0.106,222311,32,80,13108,76,126,150.518050,0.438574127744,-279.634192,-129.116143,-78.885444
1048576,1048640,2097280,0.106,222311,32,80,13108,76,127,151.707157,0.438574127744,-281.740235,-130.033078,-78.885444
1048576,1048640,2097280,0.106,222311,32,80,13108,76,128,152.896264,0.438574127744,-283.843696,-130.947431,-78.885444
1048576,1048640,2097280,0.106,222311,32,80,13108,76,129,154.085372,0.438574127744,-285.944776,-131.859404,-78.885444
1048576,1048640,2097280,0.106,222311,32,80,13108,76,130,155.274479,0.438574127744,-288.043665,-132.769186,-78.885444
1048576,1048640,2097280,0.106,222311,32,80,13108,76,131,156.463586,0.438574127744,-290.140548,-133.676962,-78.885444
1048576,1048640,2097280,0.106,222311,32,80,13108,76,132,157.652694,0.438574127744,-292.235603,-134.582909,-78.885444
1048576,1048640,2097280,0.106,222311,32,80,13108,76,133,158.841801,0.438574127744,-294.328991,-135.487190,-78.885444
1048576,1048640,2097280,0.106,222311,32,80,13108,76,134,160.030909,0.438574127744,-296.420869,-136.389961,-78.885444
1048576,1048640,2097280,0.106,222311,32,80,13108,76,135,161.220016,0.438574127744,-298.511384,-137.291368,-78.885444
1048576,1048640,2097280,0.106,222311,32,80,13108,76,136,162.409123,0.438574127744,-300.600669,-138.191545,-78.885444
1048576,1048640,2097280,0.106,222311,32,80,13108,76,137,163.598231,0.438574127744,-302.688848,-139.090618,-78.885444
1048576,1048640,2097280,0.106,222311,32,80,13108,76,138,164.787338,0.438574127744,-304.776039,-139.988700,-78.885444
1048576,1048640,2097280,0.106,222311,32,80,13108,76,139,165.976446,0.438574127744,-306.862344,-140.885899,-78.885444
1048576,1048640,2097280,0.106,222311,32,80,13108,76,140,167.165553,0.438574127744,-308.947862,-141.782309,-78.885444
1048576,1048640,2097280,0.106,222311,32,80,13108,76,141,168.354660,0.438574127744,-311.032682,-142.678021,-78.885444
1048576,1048640,2097280,0.106,222311,32,80,13108,76,142,169.543768,0.438574127744,-313.116882,-143.573114,-78.885444
1048576,1048640,2097280,0.106,222311,32,80,13108,76,143,170.732875,0.438574127744,-315.200536,-144.467661,-78.885444
1048576,1048640,2097280,0.106,222311,32,80,13108,76,144,171.921983,0.438574127744,-317.283711,-145.361729,-78.885444
1048576,1048640,2097280,0.106,222311,32,80,13108,76,145,173.111090,0.438574127744,-319.366466,-146.255376,-78.885444
1048576,1048640,2097280,0.106,222311,32,80,13108,76,146,174.300197,0.438574127744,-321.448856,-147.148659,-78.885444
1048576,1048640,2097280,0.106,222311,32,80,13108,76,147,175.489305,0.438574127744,-323.530929,-148.041625,-78.885444
1048576,1048640,2097280,0.106,222311,32,80,13108,76,148,176.678412,0.438574127744,-325.612729,-148.934317,-78.885444
1048576,1048640,2097280,0.106,222311,32,80,13108,76,149,177.867519,0.438574127744,-327.694296,-149.826777,-78.885444
1048576,1048640,2097280,0.106,222311,32,80,13108,76,150,179.056627,0.438574127744,-329.775665,-150.719038,-78.885444
1048576,1048640,2097280,0.106,222311,32,80,13108,76,151,180.245734,0.438574127744,-331.856868,-151.611134,-78.885444
1048576,1048640,2097280,0.106,222311,32,80,13108,76,152,181.434842,0.438574127744,-333.937933,-152.503092,-78.885444
1048576,1048640,2097280,0.106,222311,32,80,13108,76,153,182.623949,0.438574127744,-336.018886,-153.394937,-78.885444
1048576,1048640,2097280,0.106,222311,32,80,13108,76,154,183.813056,0.438574127744,-338.099750,-154.286694,-78.885444
1048576,1048640,2097280,0.106,222311,32,80,13108,76,155,185.002164,0.438574127744,-340.180545,-155.178381,-78.885444
1048576,1048640,2097280,0.106,222311,32,80,13108,76,156,186.191271,0.438574127744,-342.261288,-156.070017,-78.885444
1048576,1048640,2097280,0.106,222311,32,80,13108,76,157,187.380379,0.438574127744,-344.341998,-156.961619,-78.885444
1048576,1048640,2097280,0.106,222311,32,80,13108,76,158,188.569486,0.438574127744,-346.422686,-157.853200,-78.885444
1048576,1048640,2097280,0.106,222311,32,80,13108,76,159,189.758593,0.438574127744,-348.503367,-158.744774,-78.885444
1048576,1048640,2097280,0.106,222311,32,80,13108,76,160,190.947701,0.438574127744,-350.584052,-159.636351,-78.885444
1048576,1048640,2097280,0.106,222311,32,80,13108,77,1,-inf,,-2.237846,-inf,-inf
1048576,1048640,2097280,0.106,222311,32,80,13108,77,2,-inf,,-4.475692,-inf,-inf
1048576,1048640,2097280,0.106,222311,32,80,13108,77,3,-inf,,-6.713537,-inf,-inf
1048576,1048640,2097280,0.106,222311,32,80,13108,77,4,-inf,,-8.951381,-inf,-inf
1048576,1048640,2097280,0.106,222311,32,80,13108,77,5,-inf,,-11.189224,-inf,-inf
1048576,1048640,2097280,0.106,222311,32,80,13108,77,6,-inf,,-13.427067,-inf,-inf
1048576,1048640,2097280,0.106,222311,32,80,13108,77,7,-inf,,-15.664909,-inf,-inf
1048576,1048640,2097280,0.106,222311,32,80,13108,77,8,-inf,,-17.902750,-inf,-inf
1048576,1048640,2097280,0.106,222311,32,80,13108,77,9,-inf,,-20.140591,-inf,-inf
1048576,1048640,2097280,0.106,222311,32,80,13108,77,10,-inf,,-22.378431,-inf,-inf
1048576,1048640,2097280,0.106,222311,32,80,13108,77,11,-inf,,-24.616270,-inf,-inf
1048576,1048640,2097280,0.106,222311,32,80,13108,77,12,-inf,,-26.854108,-inf,-inf
1048576,1048640,2097280,0.106,222311,32,80,13108,77,13,-inf,,-29.091945,-inf,-inf
1048576,1048640,2097280,0.106,222311,32,80,13108,77,14,-inf,,-31.329782,-inf,-inf
1048576,1048640,2097280,0.106,222311,32,80,13108,77,15,-inf,,-33.567618,-inf,-inf
1048576,1048640,2097280,0.106,222311,32,80,13108,77,16,-inf,,-35.805453,-inf,-inf
1048576,1048640,2097280,0.106,222311,32,80,13108,77,17,-inf,,-38.043288,-inf,-inf
1048576,1048640,2097280,0.106,222311,32,80,13108,77,18,-inf,,-40.281121,-inf,-inf
1048576,1048640,2097280,0.106,222311,32,80,13108,77,19,-inf,,-42.518954,-inf,-inf
1048576,1048640,2097280,0.106,222311,32,80,13108,77,20,-inf,,-44.756786,-inf,-inf
1048576,1048640,2097280,0.106,222311,32,80,13108,77,21,-inf,,-46.994617,-inf,-inf
1048576,1048640,2097280,0.106,222311,32,80,13108,77,22,-inf,,-49.232447,-inf,-inf
1048576,1048640,2097280,0.106,222311,32,80,13108,77,23,-inf,,-51.470276,-inf,-inf
1048576,1048640,2097280,0.106,222311,32,80,13108,77,24,-inf,,-53.708104,-inf,-inf
1048576,1048640,2097280,0.106,222311,32,80,13108,77,25,-inf,,-55.945932,-inf,-inf
1048576,1048640,2097280,0.106,222311,32,80,13108,77,26,-inf,,-58.183758,-inf,-inf
1048576,1048640,2097280,0.106,222311,32,80,13108,77,27,-inf,,-60.421583,-inf,-inf
1048576,1048640,2097280,0.106,222311,32,80,13108,77,28,-inf,,-62.659406,-inf,-inf
1048576,1048640,2097280,0.106,222311,32,80,13108,77,29,-inf,,-64.897229,-inf,-inf
1048576,1048640,2097280,0.106,222311,32,80,13108,77,30,-inf,,-67.135050,-inf,-inf
1048576,1048640,2097280,0.106,222311,32,80,13108,77,31,-inf,,-69.372869,-inf,-inf
1048576,1048640,2097280,0.106,222311,32,80,13108,77,32,-inf,,-71.610687,-inf,-inf
1048576,1048640,2097280,0.106,222311,32,80,13108,77,33,-inf,,-73.848504,-inf,-inf
1048576,1048640,2097280,0.106,222311,32,80,13108,77,34,-inf,,-76.086318,-inf,-inf
1048576,1048640,2097280,0.106,222311,32,80,13108,77,35,-inf,,-78.324131,-inf,-inf
1048576,1048640,2097280,0.106,222311,32,80,13108,77,36,-inf,,-80.561941,-inf,-inf
1048576,1048640,2097280,0.106,222311,32,80,13108,77,37,-inf,,-82.799749,-inf,-inf
1048576,1048640,2097280,0.106,222311,32,80,13108,77,38,-inf,,-85.037554,-inf,-inf
1048576,1048640,2097280,0.106,222311,32,80,13108,77,39,-inf,,-87.275356,-inf,-inf
1048576,1048640,2097280,0.106,222311,32,80,13108,77,40,-inf,,-89.513155,-inf,-inf
1048576,1048640,2097280,0.106,222311,32,80,13108,77,41,-inf,,-91.750951,-inf,-inf
1048576,1048640,2097280,0.106,222311,32,80,13108,77,42,-inf,,-93.988742,-inf,-inf
1048576,1048640,2097280,0.106,222311,32,80,13108,77,43,-inf,,-96.226529,-inf,-inf
1048576,1048640,2097280,0.106,222311,32,80,13108,77,44,-inf,,-98.464311,-inf,-inf
1048576,1048640,2097280,0.106,222311,32,80,13108,77,45,-inf,,-100.702087,-inf,-inf
1048576,1048640,2097280,0.106,222311,32,80,13108,77,46,-inf,,-102.939857,-inf,-inf
1048576,1048640,2097280,0.106,222311,32,80,13108,77,47,-inf,,-105.177620,-inf,-inf
1048576,1048640,2097280,0.106,222311,32,80,13108,77,48,-inf,,-107.415376,-inf,-inf
1048576,1048640,2097280,0.106,222311,32,80,13108,77,49,-inf,,-109.653122,-inf,-inf
1048576,1048640,2097280,0.106,222311,32,80,13108,77,50,-inf,,-111.890859,-inf,-inf
1048576,1048640,2097280,0.106,222311,32,80,13108,77,51,-inf,,-114.128584,-inf,-inf
1048576,1048640,2097280,0.106,222311,32,80,13108,77,52,-inf,,-116.366297,-inf,-inf
1048576,1048640,2097280,0.106,222311,32,80,13108,77,53,-inf,,-118.603995,-inf,-inf
1048576,1048640,2097280,0.106,222311,32,80,13108,77,54,-inf,,-120.841678,-inf,-inf
1048576,1048640,2097280,0.106,222311,32,80,13108,77,55,-inf,,-123.079343,-inf,-inf
1048576,1048640,2097280,0.106,222311,32,80,13108,77,56,-inf,,-125.316987,-inf,-inf
1048576,1048640,2097280,0.106,222311,32,80,13108,77,57,-inf,,-127.554609,-inf,-inf
1048576,1048640,2097280,0.106,222311,32,80,13108,77,58,-inf,,-129.792205,-inf,-inf
1048576,1048640,2097280,0.106,222311,32,80,13108,77,59,-inf,,-132.029772,-inf,-inf
1048576,1048640,2097280,0.106,222311,32,80,13108,77,60,-inf,,-134.267306,-inf,-inf
1048576,1048640,2097280,0.106,222311,32,80,13108,77,61,-inf,,-136.504804,-inf,-inf
1048576,1048640,2097280,0.106,222311,32,80,13108,77,62,-inf,,-138.742260,-inf,-inf
1048576,1048640,2097280,0.106,222311,32,80,13108,77,63,-inf,,-140.979669,-inf,-inf
1048576,1048640,2097280,0.106,222311,32,80,13108,77,64,-inf,,-143.217026,-inf,-inf
1048576,1048640,2097280,0.106,222311,32,80,13108,77,65,-inf,,-145.454324,-inf,-inf
1048576,1048640,2097280,0.106,222311,32,80,13108,77,66,-inf,,-147.691555,-inf,-inf
1048576,1048640,2097280,0.106,222311,32,80,13108,77,67,-inf,,-149.928710,-inf,-inf
1048576,1048640,2097280,0.106,222311,32,80,13108,77,68,-inf,,-152.165781,-inf,-inf
1048576,1048640,2097280,0.106,222311,32,80,13108,77,69,-inf,,-154.402757,-inf,-inf
1048576,1048640,2097280,0.106,222311,32,80,13108,77,70,-inf,,-156.639626,-inf,-inf
1048576,1048640,2097280,0.106,222311,32,80,13108,77,71,-inf,,-158.876374,-inf,-inf
1048576,1048640,2097280,0.106,222311,32,80,13108,77,72,-inf,,-161.112986,-inf,-inf
1048576,1048640,2097280,0.106,222311,32,80,13108,77,73,-inf,,-163.349447,-inf,-inf
1048576,1048640,2097280,0.106,222311,32,80,13108,77,74,-inf,,-165.585736,-inf,-inf
1048576,1048640,2097280,0.106,222311,32,80,13108,77,75,-inf,,-167.821833,-inf,-inf
1048576,1048640,2097280,0.106,222311,32,80,13108,77,76,-inf,,-170.057715,-inf,-inf
1048576,1048640,2097280,0.106,222311,32,80,13108,77,77,89.855154,0.322086170895,-172.293355,-82.438201,-82.438201
1048576,1048640,2097280,0.106,222311,32,80,13108,77,78,91.489635,0.322086170895,-174.528724,-83.039088,-81.707584
1048576,1048640,2097280,0.106,222311,32,80,13108,77,79,92.974263,0.395687834785,-176.763788,-83.789525,-81.401676
1048576,1048640,2097280,0.106,222311,32,80,13108,77,80,94.311829,0.395687834785,-178.998512,-84.686684,-81.260777
1048576,1048640,2097280,0.106,222311,32,80,13108,77,81,95.503610,0.438574127744,-181.232855,-85.729245,-81.197038
1048576,1048640,2097280,0.106,222311,32,80,13108,77,82,96.692717,0.438574127744,-183.466772,-86.774055,-81.167128
1048576,1048640,2097280,0.106,222311,32,80,13108,77,83,97.881825,0.438574127744,-185.700212,-87.818388,-81.152846
1048576,1048640,2097280,0.106,222311,32,80,13108,77,84,99.070932,0.438574127744,-187.933121,-88.862189,-81.145969
1048576,1048640,2097280,0.106,222311,32,80,13108,77,85,100.260039,0.438574127744,-190.165436,-89.905396,-81.142644
1048576,1048640,2097280,0.106,222311,32,80,13108,77,86,101.449147,0.438574127744,-192.397090,-90.947943,-81.141032
1048576,1048640,2097280,0.106,222311,32,80,13108,77,87,102.638254,0.438574127744,-194.628006,-91.989752,-81.140250
1048576,1048640,2097280,0.106,222311,32,80,13108,77,88,103.827362,0.438574127744,-196.858104,-93.030743,-81.139870
1048576,1048640,2097280,0.106,222311,32,80,13108,77,89,105.016469,0.438574127744,-199.087293,-94.070824,-81.139686
1048576,1048640,2097280,0.106,222311,32,80,13108,77,90,106.205576,0.438574127744,-201.315473,-95.109897,-81.139596
1048576,1048640,2097280,0.106,222311,32,80,13108,77,91,107.394684,0.438574127744,-203.542536,-96.147852,-81.139552
1048576,1048640,2097280,0.106,222311,32,80,13108,77,92,108.583791,0.438574127744,-205.768365,-97.184574,-81.139531
1048576,1048640,2097280,0.106,222311,32,80,13108,77,93,109.772898,0.438574127744,-207.992832,-98.219933,-81.139520
1048576,1048640,2097280,0.106,222311,32,80,13108,77,94,110.962006,0.438574127744,-210.215800,-99.253795,-81.139515
1048576,1048640,2097280,0.106,222311,32,80,13108,77,95,112.151113,0.438574127744,-212.437121,-100.286008,-81.139513
1048576,1048640,2097280,0.106,222311,32,80,13108,77,96,113.340221,0.438574127744,-214.656639,-101.316418,-81.139511
1048576,1048640,2097280,0.106,222311,32,80,13108,77,97,114.529328,0.438574127744,-216.874183,-102.344855,-81.139511
1048576,1048640,2097280,0.106,222311,32,80,13108,77,98,115.718435,0.438574127744,-219.089579,-103.371143,-81.139510
1048576,1048640,2097280,0.106,222311,32,80,13108,77,99,116.907543,0.438574127744,-221.302639,-104.395097,-81.139510
1048576,1048640,2097280,0.106,222311,32,80,13108,77,100,118.096650,0.438574127744,-223.513174,-105.416524,-81.139510
1048576,1048640,2097280,0.106,222311,32,80,13108,77,101,119.285758,0.438574127744,-225.720982,-106.435224,-81.139510
1048576,1048640,2097280,0.106,222311,32,80,13108,77,102,120.474865,0.438574127744,-227.925862,-107.450998,-81.139510
1048576,1048640,2097280,0.106,222311,32,80,13108,77,103,121.663972,0.438574127744,-230.127608,-108.463636,-81.139510
1048576,1048640,2097280,0.106,222311,32,80,13108,77,104,122.853080,0.438574127744,-232.326017,-109.472938,-81.139510
1048576,1048640,2097280,0.106,222311,32,80,13108,77,105,124.042187,0.438574127744,-234.520892,-110.478705,-81.139510
1048576,1048640,2097280,0.106,222311,32,80,13108,77,106,125.231294,0.438574127744,-236.712034,-111.480740,-81.139510
1048576,1048640,2097280,0.106,222311,32,80,13108,77,107,126.420402,0.438574127744,-238.899265,-112.478863,-81.139510
1048576,1048640,2097280,0.106,222311,32,80,13108,77,108,127.609509,0.438574127744,-241.082416,-113.472907,-81.139510
1048576,1048640,2097280,0.106,222311,32,80,13108,77,109,128.798617,0.438574127744,-243.261334,-114.462717,-81.139510
1048576,1048640,2097280,0.106,222311,32,80,13108,77,110,129.987724,0.438574127744,-245.435890,-115.448166,-81.139510
1048576,1048640,2097280,0.106,222311,32,80,13108,77,111,131.176831,0.438574127744,-247.605979,-116.429148,-81.139510
1048576,1048640,2097280,0.106,222311,32,80,13108,77,112,132.365939,0.438574127744,-249.771519,-117.405580,-81.139510
1048576,1048640,2097280,0.106,222311,32,80,13108,77,113,133.555046,0.438574127744,-251.932459,-118.377413,-81.139510
1048576,1048640,2097280,0.106,222311,32,80,13108,77,114,134.744154,0.438574127744,-254.088781,-119.344627,-81.139510
1048576,1048640,2097280,0.106,222311,32,80,13108,77,115,135.933261,0.438574127744,-256.240489,-120.307228,-81.139510
1048576,1048640,2097280,0.106,222311,32,80,13108,77,116,137.122368,0.438574127744,-258.387626,-121.265258,-81.139510
1048576,1048640,2097280,0.106,222311,32,80,13108,77,117,138.311476,0.438574127744,-260.530262,-122.218786,-81.139510
1048576,1048640,2097280,0.106,222311,32,80,13108,77,118,139.500583,0.438574127744,-262.668490,-123.167907,-81.139510
1048576,1048640,2097280,0.106,222311,32,80,13108,77,119,140.689691,0.438574127744,-264.802434,-124.112744,-81.139510
1048576,1048640,2097280,0.106,222311,32,80,13108,77,120,141.878798,0.438574127744,-266.932240,-125.053442,-81.139510
1048576,1048640,2097280,0.106,222311,32,80,13108,77,121,143.067905,0.438574127744,-269.058068,-125.990163,-81.139510
1048576,1048640,2097280,0.106,222311,32,80,13108,77,122,144.257013,0.438574127744,-271.180098,-126.923086,-81.139510
1048576,1048640,2097280,0.106,222311,32,80,13108,77,123,145.446120,0.438574127744,-273.298525,-127.852405,-81.139510
1048576,1048640,2097280,0.106,222311,32,80,13108,77,124,146.635227,0.438574127744,-275.413544,-128.778317,-81.139510
1048576,1048640,2097280,0.106,222311,32,80,13108,77,125,147.824335,0.438574127744,-277.525364,-129.701029,-81.139510
1048576,1048640,2097280,0.106,222311,32,80,13108,77,126,149.013442,0.438574127744,-279.634192,-130.620750,-81.139510
1048576,1048640,2097280,0.106,222311,32,80,13108,77,127,150.202550,0.438574127744,-281.740235,-131.537685,-81.139510
1048576,1048640,2097280,0.106,222311,32,80,13108,77,128,151.391657,0.438574127744,-283.843696,-132.452039,-81.139510
1048576,1048640,2097280,0.106,222311,32,80,13108,77,129,152.580764,0.438574127744,-285.944776,-133.364011,-81.139510
1048576,1048640,2097280,0.106,222311,32,80,13108,77,130,153.769872,0.438574127744,-288.043665,-134.273793,-81.139510
1048576,1048640,2097280,0.106,222311,32,80,13108,77,131,154.958979,0.438574127744,-290.140548,-135.181569,-81.139510
1048576,1048640,2097280,0.106,222311,32,80,13108,77,132,156.148087,0.438574127744,-292.235603,-136.087516,-81.139510
1048576,1048640,2097280,0.106,222311,32,80,13108,77,133,157.337194,0.438574127744,-294.328991,-136.991797,-81.139510
1048576,1048640,2097280,0.106,222311,32,80,13108,77,134,158.526301,0.438574127744,-296.420869,-137.894568,-81.139510
1048576,1048640,2097280,0.106,222311,32,80,13108,77,135,159.715409,0.438574127744,-298.511384,-138.795976,-81.139510
1048576,1048640,2097280,0.106,222311,32,80,13108,77,136,160.904516,0.438574127744,-300.600669,-139.696153,-81.139510
1048576,1048640,2097280,0.106,222311,32,80,13108,77,137,162.093623,0.438574127744,-302.688848,-140.595225,-81.139510
1048576,1048640,2097280,0.106,222311,32,80,13108,77,138,163.282731,0.438574127744,-304.776039,-141.493308,-81.139510
1048576,1048640,2097280,0.106,222311,32,80,13108,77,139,164.471838,0.438574127744,-306.862344,-142.390506,-81.139510
1048576,1048640,2097280,0.106,222311,32,80,13108,77,140,165.660946,0.438574127744,-308.947862,-143.286917,-81.139510
1048576,1048640,2097280,0.106,222311,32,80,13108,77,141,166.850053,0.438574127744,-311.032682,-144.182629,-81.139510
1048576,1048640,2097280,0.106,222311,32,80,13108,77,142,168.039160,0.438574127744,-313.116882,-145.077721,-81.139510
1048576,1048640,2097280,0.106,222311,32,80,13108,77,143,169.228268,0.438574127744,-315.200536,-145.972268,-81.139510
1048576,1048640,2097280,0.106,222311,32,80,13108,77,144,170.417375,0.438574127744,-317.283711,-146.866336,-81.139510
1048576,1048640,2097280,0.106,222311,32,80,13108,77,145,171.606483,0.438574127744,-319.366466,-147.759984,-81.139510
1048576,1048640,2097280,0.106,222311,32,80,13108,77,146,172.795590,0.438574127744,-321.448856,-148.653266,-81.139510
1048576,1048640,2097280,0.106,222311,32,80,13108,77,147,173.984697,0.438574127744,-323.530929,-149.546232,-81.139510
1048576,1048640,2097280,0.106,222311,32,80,13108,77,148,175.173805,0.438574127744,-325.612729,-150.438925,-81.139510
1048576,1048640,2097280,0.106,222311,32,80,13108,77,149,176.362912,0.438574127744,-327.694296,-151.331384,-81.139510
1048576,1048640,2097280,0.106,222311,32,80,13108,77,150,177.552020,0.438574127744,-329.775665,-152.223646,-81.139510
1048576,1048640,2097280,0.106,222311,32,80,13108,77,151,178.741127,0.438574127744,-331.856868,-153.115741,-81.139510
1048576,1048640,2097280,0.106,222311,32,80,13108,77,152,179.930234,0.438574127744,-333.937933,-154.007699,-81.139510
1048576,1048640,2097280,0.106,222311,32,80,13108,77,153,181.119342,0.438574127744,-336.018886,-154.899545,-81.139510
1048576,1048640,2097280,0.106,222311,32,80,13108,77,154,182.308449,0.438574127744,-338.099750,-155.791301,-81.139510
1048576,1048640,2097280,0.106,222311,32,80,13108,77,155,183.497556,0.438574127744,-340.180545,-156.682988,-81.139510
1048576,1048640,2097280,0.106,222311,32,80,13108,77,156,184.686664,0.438574127744,-342.261288,-157.574625,-81.139510
1048576,1048640,2097280,0.106,222311,32,80,13108,77,157,185.875771,0.438574127744,-344.341998,-158.466226,-81.139510
1048576,1048640,2097280,0.106,222311,32,80,13108,77,158,187.064879,0.438574127744,-346.422686,-159.357808,-81.139510
1048576,1048640,2097280,0.106,222311,32,80,13108,77,159,188.253986,0.438574127744,-348.503367,-160.249381,-81.139510
1048576,1048640,2097280,0.106,222311,32,80,13108,77,160,189.443093,0.438574127744,-350.584052,-161.140958,-81.139510
1048576,1048640,2097280,0.106,222311,32,80,13108,78,1,-inf,,-2.237846,-inf,-inf
1048576,1048640,2097280,0.106,222311,32,80,13108,78,2,-inf,,-4.475692,-inf,-inf
1048576,1048640,2097280,0.106,222311,32,80,13108,78,3,-inf,,-6.713537,-inf,-inf
1048576,1048640,2097280,0.106,222311,32,80,13108,78,4,-inf,,-8.951381,-inf,-inf
1048576,1048640,2097280,0.106,222311,32,80,13108,78,5,-inf,,-11.189224,-inf,-inf
1048576,1048640,2097280,0.106,222311,32,80,13108,78,6,-inf,,-13.427067,-inf,-inf
1048576,1048640,2097280,0.106,222311,32,80,13108,78,7,-inf,,-15.664909,-inf,-inf
1048576,1048640,2097280,0.106,222311,32,80,13108,78,8,-inf,,-17.902750,-inf,-inf
1048576,1048640,2097280,0.106,222311,32,80,13108,78,9,-inf,,-20.140591,-inf,-inf
1048576,1048640,2097280,0.106,222311,32,80,13108,78,10,-inf,,-22.378431,-inf,-inf
1048576,1048640,2097280,0.106,222311,32,80,13108,78,11,-inf,,-24.616270,-inf,-inf
1048576,1048640,2097280,0.106,222311,32,80,13108,78,12,-inf,,-26.854108,-inf,-inf
1048576,1048640,2097280,0.106,222311,32,80,13108,78,13,-inf,,-29.091945,-inf,-inf
1048576,1048640,2097280,0.106,222311,32,80,13108,78,14,-inf,,-31.329782,-inf,-inf
1048576,1048640,2097280,0.106,222311,32,80,13108,78,15,-inf,,-33.567618,-inf,-inf
1048576,1048640,2097280,0.106,222311,32,80,13108,78,16,-inf,,-35.805453,-inf,-inf
1048576,1048640,2097280,0.106,222311,32,80,13108,78,17,-inf,,-38.043288,-inf,-inf
1048576,1048640,2097280,0.106,222311,32,80,13108,78,18,-inf,,-40.281121,-inf,-inf
1048576,1048640,2097280,0.106,222311,32,80,13108,78,19,-inf,,-42.518954,-inf,-inf
1048576,1048640,2097280,0.106,222311,32,80,13108,78,20,-inf,,-44.756786,-inf,-inf
1048576,1048640,2097280,0.106,222311,32,80,13108,78,21,-inf,,-46.994617,-inf,-inf
1048576,1048640,2097280,0.106,222311,32,80,13108,78,22,-inf,,-49.232447,-inf,-inf
1048576,1048640,2097280,0.106,222311,32,80,13108,78,23,-inf,,-51.470276,-inf,-inf
1048576,1048640,2097280,0.106,222311,32,80,13108,78,24,-inf,,-53.708104,-inf,-inf
1048576,1048640,2097280,0.106,222311,32,80,13108,78,25,-inf,,-55.945932,-inf,-inf
1048576,1048640,2097280,0.106,222311,32,80,13108,78,26,-inf,,-58.183758,-inf,-inf
1048576,1048640,2097280,0.106,222311,32,80,13108,78,27,-inf,,-60.421583,-inf,-inf
1048576,1048640,2097280,0.106,222311,32,80,13108,78,28,-inf,,-62.659406,-inf,-inf
1048576,1048640,2097280,0.106,222311,32,80,13108,78,29,-inf,,-64.897229,-inf,-inf
1048576,1048640,2097280,0.106,222311,32,80,13108,78,30,-inf,,-67.135050,-inf,-inf
1048576,1048640,2097280,0.106,222311,32,80,13108,78,31,-inf,,-69.372869,-inf,-inf
1048576,1048640,2097280,0.106,222311,32,80,13108,78,32,-inf,,-71.610687,-inf,-inf
1048576,1048640,2097280,0.106,222311,32,80,13108,78,33,-inf,,-73.848504,-inf,-inf
1048576,1048640,2097280,0.106,222311,32,80,13108,78,34,-inf,,-76.086318,-inf,-inf
1048576,1048640,2097280,0.106,222311,32,80,13108,78,35,-inf,,-78.324131,-inf,-inf
1048576,1048640,2097280,0.106,222311,32,80,13108,78,36,-inf,,-80.561941,-inf,-inf
1048576,1048640,2097280,0.106,222311,32,80,13108,78,37,-inf,,-82.799749,-inf,-inf
1048576,1048640,2097280,0.106,222311,32,80,13108,78,38,-inf,,-85.037554,-inf,-inf
1048576,1048640,2097280,0.106,222311,32,80,13108,78,39,-inf,,-87.275356,-inf,-inf
1048576,1048640,2097280,0.106,222311,32,80,13108,78,40,-inf,,-89.513155,-inf,-inf
1048576,1048640,2097280,0.106,222311,32,80,13108,78,41,-inf,,-91.750951,-inf,-inf
1048576,1048640,2097280,0.106,222311,32,80,13108,78,42,-inf,,-93.988742,-inf,-inf
1048576,1048640,2097280,0.106,222311,32,80,13108,78,43,-inf,,-96.226529,-inf,-inf
1048576,1048640,2097280,0.106,222311,32,80,13108,78,44,-inf,,-98.464311,-inf,-inf
1048576,1048640,2097280,0.106,222311,32,80,13108,78,45,-inf,,-100.702087,-inf,-inf
1048576,1048640,2097280,0.106,222311,32,80,13108,78,46,-inf,,-102.939857,-inf,-inf
1048576,1048640,2097280,0.106,222311,32,80,13108,78,47,-inf,,-105.177620,-inf,-inf
1048576,1048640,2097280,0.106,222311,32,80,13108,78,48,-inf,,-107.415376,-inf,-inf
1048576,1048640,2097280,0.106,222311,32,80,13108,78,49,-inf,,-109.653122,-inf,-inf
1048576,1048640,2097280,0.106,222311,32,80,13108,78,50,-inf,,-111.890859,-inf,-inf
1048576,1048640,2097280,0.106,222311,32,80,13108,78,51,-inf,,-114.128584,-inf,-inf
1048576,1048640,2097280,0.106,222311,32,80,13108,78,52,-inf,,-116.366297,-inf,-inf
1048576,1048640,2097280,0.106,222311,32,80,13108,78,53,-inf,,-118.603995,-inf,-inf
1048576,1048640,2097280,0.106,222311,32,80,13108,78,54,-inf,,-120.841678,-inf,-inf
1048576,1048640,2097280,0.106,222311,32,80,13108,78,55,-inf,,-123.079343,-inf,-inf
1048576,1048640,2097280,0.106,222311,32,80,13108,78,56,-inf,,-125.316987,-inf,-inf
1048576,1048640,2097280,0.106,222311,32,80,13108,78,57,-inf,,-127.554609,-inf,-inf
1048576,1048640,2097280,0.106,222311,32,80,13108,78,58,-inf,,-129.792205,-inf,-inf
1048576,1048640,2097280,0.106,222311,32,80,13108,78,59,-inf,,-132.029772,-inf,-inf
1048576,1048640,2097280,0.106,222311,32,80,13108,78,60,-inf,,-134.267306,-inf,-inf
1048576,1048640,2097280,0.106,222311,32,80,13108,78,61,-inf,,-136.504804,-inf,-inf
1048576,1048640,2097280,0.106,222311,32,80,13108,78,62,-inf,,-138.742260,-inf,-inf
1048576,1048640,2097280,0.106,222311,32,80,13108,78,63,-inf,,-140.979669,-inf,-inf
1048576,1048640,2097280,0.106,222311,32,80,13108,78,64,-inf,,-143.217026,-inf,-inf
1048576,1048640,2097280,0.106,222311,32,80,13108,78,65,-inf,,-145.454324,-inf,-inf
1048576,1048640,2097280,0.106,222311,32,80,13108,78,66,-inf,,-147.691555,-inf,-inf
1048576,1048640,2097280,0.106,222311,32,80,13108,78,67,-inf,,-149.928710,-inf,-inf
1048576,1048640,2097280,0.106,222311,32,80,13108,78,68,-inf,,-152.165781,-inf,-inf
1048576,1048640,2097280,0.106,222311,32,80,13108,78,69,-inf,,-154.402757,-inf,-inf
1048576,1048640,2097280,0.106,222311,32,80,13108,78,70,-inf,,-156.639626,-inf,-inf
1048576,1048640,2097280,0.106,222311,32,80,13108,78,71,-inf,,-158.876374,-inf,-inf
1048576,1048640,2097280,0.106,222311,32,80,13108,78,72,-inf,,-161.112986,-inf,-inf
1048576,1048640,2097280,0.106,222311,32,80,13108,78,73,-inf,,-163.349447,-inf,-inf
1048576,1048640,2097280,0.106,222311,32,80,13108,78,74,-inf,,-165.585736,-inf,-inf
1048576,1048640,2097280,0.106,222311,32,80,13108,78,75,-inf,,-167.821833,-inf,-inf
1048576,1048640,2097280,0.106,222311,32,80,13108,78,76,-inf,,-170.057715,-inf,-inf
1048576,1048640,2097280,0.106,222311,32,80,13108,78,77,-inf,,-172.293355,-inf,-inf
1048576,1048640,2097280,0.106,222311,32,80,13108,78,78,89.167707,0.322086170895,-174.528724,-85.361016,-85.361016
1048576,1048640,2097280,0.106,222311,32,80,13108,78,79,90.802189,0.322086170895,-176.763788,-85.961599,-84.630279
1048576,1048640,2097280,0.106,222311,32,80,13108,78,80,92.436670,0.322086170895,-178.998512,-86.561842,-84.294401
1048576,1048640,2097280,0.106,222311,32,80,13108,78,81,94.071151,0.322086170895,-181.232855,-87.161704,-84.109115
1048576,1048640,2097280,0.106,222311,32,80,13108,78,82,95.378815,0.438574127744,-183.466772,-88.087957,-84.020399
1048576,1048640,2097280,0.106,222311,32,80,13108,78,83,96.567922,0.438574127744,-185.700212,-89.132290,-83.979271
1048576,1048640,2097280,0.106,222311,32,80,13108,78,84,97.757030,0.438574127744,-187.933121,-90.176091,-83.959736
1048576,1048640,2097280,0.106,222311,32,80,13108,78,85,98.946137,0.438574127744,-190.165436,-91.219299,-83.950352
1048576,1048640,2097280,0.106,222311,32,80,13108,78,86,100.135244,0.438574127744,-192.397090,-92.261845,-83.945818
1048576,1048640,2097280,0.106,222311,32,80,13108,78,87,101.324352,0.438574127744,-194.628006,-93.303654,-83.943621
1048576,1048640,2097280,0.106,222311,32,80,13108,78,88,102.513459,0.438574127744,-196.858104,-94.344645,-83.942554
1048576,1048640,2097280,0.106,222311,32,80,13108,78,89,103.702567,0.438574127744,-199.087293,-95.384726,-83.942036
1048576,1048640,2097280,0.106,222311,32,80,13108,78,90,104.891674,0.438574127744,-201.315473,-96.423799,-83.941783
1048576,1048640,2097280,0.106,222311,32,80,13108,78,91,106.080781,0.438574127744,-203.542536,-97.461754,-83.941661
1048576,1048640,2097280,0.106,222311,32,80,13108,78,92,107.269889,0.438574127744,-205.768365,-98.498476,-83.941601
1048576,1048640,2097280,0.106,222311,32,80,13108,78,93,108.458996,0.438574127744,-207.992832,-99.533836,-83.941571
1048576,1048640,2097280,0.106,222311,32,80,13108,78,94,109.648104,0.438574127744,-210.215800,-100.567697,-83.941557
1048576,1048640,2097280,0.106,222311,32,80,13108,78,95,110.837211,0.438574127744,-212.437121,-101.599910,-83.941550
1048576,1048640,2097280,0.106,222311,32,80,13108,78,96,112.026318,0.438574127744,-214.656639,-102.630320,-83.941547
1048576,1048640,2097280,0.106,222311,32,80,13108,78,97,113.215426,0.438574127744,-216.874183,-103.658757,-83.941545
1048576,1048640,2097280,0.106,222311,32,80,13108,78,98,114.404533,0.438574127744,-219.089579,-104.685046,-83.941544
1048576,1048640,2097280,0.106,222311,32,80,13108,78,99,115.593641,0.438574127744,-221.302639,-105.708999,-83.941544
1048576,1048640,2097280,0.106,222311,32,80,13108,78,100,116.782748,0.438574127744,-223.513174,-106.730426,-83.941544
1048576,1048640,2097280,0.106,222311,32,80,13108,78,101,117.971855,0.438574127744,-225.720982,-107.749126,-83.941544
1048576,1048640,2097280,0.106,222311,32,80,13108,78,102,119.160963,0.438574127744,-227.925862,-108.764900,-83.941544
1048576,1048640,2097280,0.106,222311,32,80,13108,78,103,120.350070,0.438574127744,-230.127608,-109.777538,-83.941544
1048576,1048640,2097280,0.106,222311,32,80,13108,78,104,121.539177,0.438574127744,-232.326017,-110.786840,-83.941544
1048576,1048640,2097280,0.106,222311,32,80,13108,78,105,122.728285,0.438574127744,-234.520892,-111.792607,-83.941544
1048576,1048640,2097280,0.106,222311,32,80,13108,78,106,123.917392,0.438574127744,-236.712034,-112.794642,-83.941544
1048576,1048640,2097280,0.106,222311,32,80,13108,78,107,125.106500,0.438574127744,-238.899265,-113.792765,-83.941544
1048576,1048640,2097280,0.106,222311,32,80,13108,78,108,126.295607,0.438574127744,-241.082416,-114.786809,-83.941544
1048576,1048640,2097280,0.106,222311,32,80,13108,78,109,127.484714,0.438574127744,-243.261334,-115.776620,-83.941544
1048576,1048640,2097280,0.106,222311,32,80,13108,78,110,128.673822,0.438574127744,-245.435890,-116.762068,-83.941544
1048576,1048640,2097280,0.106,222311,32,80,13108,78,111,129.862929,0.438574127744,-247.605979,-117.743050,-83.941544
1048576,1048640,2097280,0.106,222311,32,80,13108,78,112,131.052037,0.438574127744,-249.771519,-118.719482,-83.941544
1048576,1048640,2097280,0.106,222311,32,80,13108,78,113,132.241144,0.438574127744,-251.932459,-119.691315,-83.941544
1048576,1048640,2097280,0.106,222311,32,80,13108,78,114,133.430251,0.438574127744,-254.088781,-120.658529,-83.941544
1048576,1048640,2097280,0.106,222311,32,80,13108,78,115,134.619359,0.438574127744,-256.240489,-121.621130,-83.941544
1048576,1048640,2097280,0.106,222311,32,80,13108,78,116,135.808466,0.438574127744,-258.387626,-122.579160,-83.941544
1048576,1048640,2097280,0.106,222311,32,80,13108,78,117,136.997573,0.438574127744,-260.530262,-123.532689,-83.941544
1048576,1048640,2097280,0.106,222311,32,80,13108,78,118,138.186681,0.438574127744,-262.668490,-124.481810,-83.941544
1048576,1048640,2097280,0.106,222311,32,80,13108,78,119,139.375788,0.438574127744,-264.802434,-125.426646,-83.941544
1048576,1048640,2097280,0.106,222311,32,80,13108,78,120,140.564896,0.438574127744,-266.932240,-126.367344,-83.941544
1048576,1048640,2097280,0.106,222311,32,80,13108,78,121,141.754003,0.438574127744,-269.058068,-127.304065,-83.941544
1048576,1048640,2097280,0.106,222311,32,80,13108,78,122,142.943110,0.438574127744,-271.180098,-128.236988,-83.941544
1048576,1048640,2097280,0.106,222311,32,80,13108,78,123,144.132218,0.438574127744,-273.298525,-129.166307,-83.941544
1048576,1048640,2097280,0.106,222311,32,80,13108,78,124,145.321325,0.438574127744,-275.413544,-130.092219,-83.941544
1048576,1048640,2097280,0.106,222311,32,80,13108,78,125,146.510433,0.438574127744,-277.525364,-131.014931,-83.941544
1048576,1048640,2097280,0.106,222311,32,80,13108,78,126,147.699540,0.438574127744,-279.634192,-131.934652,-83.941544
1048576,1048640,2097280,0.106,222311,32,80,13108,78,127,148.888647,0.438574127744,-281.740235,-132.851587,-83.941544
1048576,1048640,2097280,0.106,222311,32,80,13108,78,128,150.077755,0.438574127744,-283.843696,-133.765941,-83.941544
1048576,1048640,2097280,0.106,222311,32,80,13108,78,129,151.266862,0.438574127744,-285.944776,-134.677914,-83.941544
1048576,1048640,2097280,0.106,222311,32,80,13108,78,130,152.455970,0.438574127744,-288.043665,-135.587695,-83.941544
1048576,1048640,2097280,0.106,222311,32,80,13108,78,131,153.645077,0.438574127744,-290.140548,-136.495472,-83.941544
1048576,1048640,2097280,0.106,222311,32,80,13108,78,132,154.834184,0.438574127744,-292.235603,-137.401418,-83.941544
1048576,1048640,2097280,0.106,222311,32,80,13108,78,133,156.023292,0.438574127744,-294.328991,-138.305699,-83.941544
1048576,1048640,2097280,0.106,222311,32,80,13108,78,134,157.212399,0.438574127744,-296.420869,-139.208470,-83.941544
1048576,1048640,2097280,0.106,222311,32,80,13108,78,135,158.401506,0.438574127744,-298.511384,-140.109878,-83.941544
1048576,1048640,2097280,0.106,222311,32,80,13108,78,136,159.590614,0.438574127744,-300.600669,-141.010055,-83.941544
1048576,1048640,2097280,0.106,222311,32,80,13108,78,137,160.779721,0.438574127744,-302.688848,-141.909127,-83.941544
1048576,1048640,2097280,0.106,222311,32,80,13108,78,138,161.968829,0.438574127744,-304.776039,-142.807210,-83.941544
1048576,1048640,2097280,0.106,222311,32,80,13108,78,139,163.157936,0.438574127744,-306.862344,-143.704408,-83.941544
1048576,1048640,2097280,0.106,222311,32,80,13108,78,140,164.347043,0.438574127744,-308.947862,-144.600819,-83.941544
1048576,1048640,2097280,0.106,222311,32,80,13108,78,141,165.536151,0.438574127744,-311.032682,-145.496531,-83.941544
1048576,1048640,2097280,0.106,222311,32,80,13108,78,142,166.725258,0.438574127744,-313.116882,-146.391623,-83.941544
1048576,1048640,2097280,0.106,222311,32,80,13108,78,143,167.914366,0.438574127744,-315.200536,-147.286170,-83.941544
1048576,1048640,2097280,0.106,222311,32,80,13108,78,144,169.103473,0.438574127744,-317.283711,-148.180238,-83.941544
1048576,1048640,2097280,0.106,222311,32,80,13108,78,145,170.292580,0.438574127744,-319.366466,-149.073886,-83.941544
1048576,1048640,2097280,0.106,222311,32,80,13108,78,146,171.481688,0.438574127744,-321.448856,-149.967168,-83.941544
1048576,1048640,2097280,0.106,222311,32,80,13108,78,147,172.670795,0.438574127744,-323.530929,-150.860134,-83.941544
1048576,1048640,2097280,0.106,222311,32,80,13108,78,148,173.859903,0.438574127744,-325.612729,-151.752827,-83.941544
1048576,1048640,2097280,0.106,222311,32,80,13108,78,149,175.049010,0.438574127744,-327.694296,-152.645286,-83.941544
1048576,1048640,2097280,0.106,222311,32,80,13108,78,150,176.238117,0.438574127744,-329.775665,-153.537548,-83.941544
1048576,1048640,2097280,0.106,222311,32,80,13108,78,151,177.427225,0.438574127744,-331.856868,-154.429643,-83.941544
1048576,1048640,2097280,0.106,222311,32,80,13108,78,152,178.616332,0.438574127744,-333.937933,-155.321601,-83.941544
1048576,1048640,2097280,0.106,222311,32,80,13108,78,153,179.805439,0.438574127744,-336.018886,-156.213447,-83.941544
1048576,1048640,2097280,0.106,222311,32,80,13108,78,154,180.994547,0.438574127744,-338.099750,-157.105203,-83.941544
1048576,1048640,2097280,0.106,222311,32,80,13108,78,155,182.183654,0.438574127744,-340.180545,-157.996891,-83.941544
1048576,1048640,2097280,0.106,222311,32,80,13108,78,156,183.372762,0.438574127744,-342.261288,-158.888527,-83.941544
1048576,1048640,2097280,0.106,222311,32,80,13108,78,157,184.561869,0.438574127744,-344.341998,-159.780129,-83.941544
1048576,1048640,2097280,0.106,222311,32,80,13108,78,158,185.750976,0.438574127744,-346.422686,-160.671710,-83.941544
1048576,1048640,2097280,0.106,222311,32,80,13108,78,159,186.940084,0.438574127744,-348.503367,-161.563283,-83.941544
1048576,1048640,2097280,0.106,222311,32,80,13108,78,160,188.129191,0.438574127744,-350.584052,-162.454861,-83.941544
1048576,1048640,2097280,0.106,222311,32,80,13108,79,1,-inf,,-2.237846,-inf,-inf
1048576,1048640,2097280,0.106,222311,32,80,13108,79,2,-inf,,-4.475692,-inf,-inf
1048576,1048640,2097280,0.106,222311,32,80,13108,79,3,-inf,,-6.713537,-inf,-inf
1048576,1048640,2097280,0.106,222311,32,80,13108,79,4,-inf,,-8.951381,-inf,-inf
1048576,1048640,2097280,0.106,222311,32,80,13108,79,5,-inf,,-11.189224,-inf,-inf
1048576,1048640,2097280,0.106,222311,32,80,13108,79,6,-inf,,-13.427067,-inf,-inf
1048576,1048640,2097280,0.106,222311,32,80,13108,79,7,-inf,,-15.664909,-inf,-inf
1048576,1048640,2097280,0.106,222311,32,80,13108,79,8,-inf,,-17.902750,-inf,-inf
1048576,1048640,2097280,0.106,222311,32,80,13108,79,9,-inf,,-20.140591,-inf,-inf
1048576,1048640,2097280,0.106,222311,32,80,13108,79,10,-inf,,-22.378431,-inf,-inf
1048576,1048640,2097280,0.106,222311,32,80,13108,79,11,-inf,,-24.616270,-inf,-inf
1048576,1048640,2097280,0.106,222311,32,80,13108,79,12,-inf,,-26.854108,-inf,-inf
1048576,1048640,2097280,0.106,222311,32,80,13108,79,13,-inf,,-29.091945,-inf,-inf
1048576,1048640,2097280,0.106,222311,32,80,13108,79,14,-inf,,-31.329782,-inf,-inf
1048576,1048640,2097280,0.106,222311,32,80,13108,79,15,-inf,,-33.567618,-inf,-inf
1048576,1048640,2097280,0.106,222311,32,80,13108,79,16,-inf,,-35.805453,-inf,-inf
1048576,1048640,2097280,0.106,222311,32,80,13108,79,17,-inf,,-38.043288,-inf,-inf
1048576,1048640,2097280,0.106,222311,32,80,13108,79,18,-inf,,-40.281121,-inf,-inf
1048576,1048640,2097280,0.106,222311,32,80,13108,79,19,-inf,,-42.518954,-inf,-inf
1048576,1048640,2097280,0.106,222311,32,80,13108,79,20,-inf,,-44.756786,-inf,-inf
1048576,1048640,2097280,0.106,222311,32,80,13108,79,21,-inf,,-46.994617,-inf,-inf
1048576,1048640,2097280,0.106,222311,32,80,13108,79,22,-inf,,-49.232447,-inf,-inf
1048576,1048640,2097280,0.106,222311,32,80,13108,79,23,-inf,,-51.470276,-inf,-inf
1048576,1048640,2097280,0.106,222311,32,80,13108,79,24,-inf,,-53.708104,-inf,-inf
1048576,1048640,2097280,0.106,222311,32,80,13108,79,25,-inf,,-55.945932,-inf,-inf
1048576,1048640,2097280,0.106,222311,32,80,13108,79,26,-inf,,-58.183758,-inf,-inf
1048576,1048640,2097280,0.106,222311,32,80,13108,79,27,-inf,,-60.421583,-inf,-inf
1048576,1048640,2097280,0.106,222311,32,80,13108,79,28,-inf,,-62.659406,-inf,-inf
1048576,1048640,2097280,0.106,222311,32,80,13108,79,29,-inf,,-64.897229,-inf,-inf
1048576,1048640,2097280,0.106,222311,32,80,13108,79,30,-inf,,-67.135050,-inf,-inf
1048576,1048640,2097280,0.106,222311,32,80,13108,79,31,-inf,,-69.372869,-inf,-inf
1048576,1048640,2097280,0.106,222311,32,80,13108,79,32,-inf,,-71.610687,-inf,-inf
1048576,1048640,2097280,0.106,222311,32,80,13108,79,33,-inf,,-73.848504,-inf,-inf
1048576,1048640,2097280,0.106,222311,32,80,13108,79,34,-inf,,-76.086318,-inf,-inf
1048576,1048640,2097280,0.106,222311,32,80,13108,79,35,-inf,,-78.324131,-inf,-inf
1048576,1048640,2097280,0.106,222311,32,80,13108,79,36,-inf,,-80.561941,-inf,-inf
1048576,1048640,2097280,0.106,222311,32,80,13108,79,37,-inf,,-82.799749,-inf,-inf
1048576,1048640,2097280,0.106,222311,32,80,13108,79,38,-inf,,-85.037554,-inf,-inf
1048576,1048640,2097280,0.106,222311,32,80,13108,79,39,-inf,,-87.275356,-inf,-inf
1048576,1048640,2097280,0.106,222311,32,80,13108,79,40,-inf,,-89.513155,-inf,-inf
1048576,1048640,2097280,0.106,222311,32,80,13108,79,41,-inf,,-91.750951,-inf,-inf
1048576,1048640,2097280,0.106,222311,32,80,13108,79,42,-inf,,-93.988742,-inf,-inf
1048576,1048640,2097280,0.106,222311,32,80,13108,79,43,-inf,,-96.226529,-inf,-inf
1048576,1048640,2097280,0.106,222311,32,80,13108,79,44,-inf,,-98.464311,-inf,-inf
1048576,1048640,2097280,0.106,222311,32,80,13108,79,45,-inf,,-100.702087,-inf,-inf
1048576,1048640,2097280,0.106,222311,32,80,13108,79,46,-inf,,-102.939857,-inf,-inf
1048576,1048640,2097280,0.106,222311,32,80,13108,79,47,-inf,,-105.177620,-inf,-inf
1048576,1048640,2097280,0.106,222311,32,80,13108,79,48,-inf,,-107.415376,-inf,-inf
1048576,1048640,2097280,0.106,222311,32,80,13108,79,49,-inf,,-109.653122,-inf,-inf
1048576,1048640,2097280,0.106,222311,32,80,13108,79,50,-inf,,-111.890859,-inf,-inf
1048576,1048640,2097280,0.106,222311,32,80,13108,79,51,-inf,,-114.128584,-inf,-inf
1048576,1048640,2097280,0.106,222311,32,80,13108,79,52,-inf,,-116.366297,-inf,-inf
1048576,1048640,2097280,0.106,222311,32,80,13108,79,53,-inf,,-118.603995,-inf,-inf
1048576,1048640,2097280,0.106,222311,32,80,13108,79,54,-inf,,-120.841678,-inf,-inf
1048576,1048640,2097280,0.106,222311,32,80,13108,79,55,-inf,,-123.079343,-inf,-inf
1048576,1048640,2097280,0.106,222311,32,80,13108,79,56,-inf,,-125.316987,-inf,-inf
1048576,1048640,2097280,0.106,222311,32,80,13108,79,57,-inf,,-127.554609,-inf,-inf
1048576,1048640,2097280,0.106,222311,32,80,13108,79,58,-inf,,-129.792205,-inf,-inf
1048576,1048640,2097280,0.106,222311,32,80,13108,79,59,-inf,,-132.029772,-inf,-inf
1048576,1048640,2097280,0.106,222311,32,80,13108,79,60,-inf,,-134.267306,-inf,-inf
1048576,1048640,2097280,0.106,222311,32,80,13108,79,61,-inf,,-136.504804,-inf,-inf
1048576,1048640,2097280,0.106,222311,32,80,13108,79,62,-inf,,-138.742260,-inf,-inf
1048576,1048640,2097280,0.106,222311,32,80,13108,79,63,-inf,,-140.979669,-inf,-inf
1048576,1048640,2097280,0.106,222311,32,80,13108,79,64,-inf,,-143.217026,-inf,-inf
1048576,1048640,2097280,0.106,222311,32,80,13108,79,65,-inf,,-145.454324,-inf,-inf
1048576,1048640,2097280,0.106,222311,32,80,13108,79,66,-inf,,-147.691555,-inf,-inf
1048576,1048640,2097280,0.106,222311,32,80,13108,79,67,-inf,,-149.928710,-inf,-inf
1048576,1048640,2097280,0.106,222311,32,80,13108,79,68,-inf,,-152.165781,-inf,-inf
1048576,1048640,2097280,0.106,222311,32,80,13108,79,69,-inf,,-154.402757,-inf,-inf
1048576,1048640,2097280,0.106,222311,32,80,13108,79,70,-inf,,-156.639626,-inf,-inf
1048576,1048640,2097280,0.106,222311,32,80,13108,79,71,-inf,,-158.876374,-inf,-inf
1048576,1048640,2097280,0.106,222311,32,80,13108,79,72,-inf,,-161.112986,-inf,-inf
1048576,1048640,2097280,0.106,222311,32,80,13108,79,73,-inf,,-163.349447,-inf,-inf
1048576,1048640,2097280,0.106,222311,32,80,13108,79,74,-inf,,-165.585736,-inf,-inf
1048576,1048640,2097280,0.106,222311,32,80,13108,79,75,-inf,,-167.821833,-inf,-inf
1048576,1048640,2097280,0.106,222311,32,80,13108,79,76,-inf,,-170.057715,-inf,-inf
1048576,1048640,2097280,0.106,222311,32,80,13108,79,77,-inf,,-172.293355,-inf,-inf
1048576,1048640,2097280,0.106,222311,32,80,13108,79,78,-inf,,-174.528724,-inf,-inf
1048576,1048640,2097280,0.106,222311,32,80,13108,79,79,90.307027,0.356995209458,-176.763788,-86.456761,-86.456761
1048576,1048640,2097280,0.106,222311,32,80,13108,79,80,91.732592,0.395687834785,-178.998512,-87.265921,-85.805340
1048576,1048640,2097280,0.106,222311,32,80,13108,79,81,92.942654,0.438574127744,-181.232855,-88.290201,-85.568215
1048576,1048640,2097280,0.106,222311,32,80,13108,79,82,94.131761,0.438574127744,-183.466772,-89.335011,-85.465940
1048576,1048640,2097280,0.106,222311,32,80,13108,79,83,95.320869,0.438574127744,-185.700212,-90.379344,-85.418844
1048576,1048640,2097280,0.106,222311,32,80,13108,79,84,96.509976,0.438574127744,-187.933121,-91.423145,-85.396542
1048576,1048640,2097280,0.106,222311,32,80,13108,79,85,97.699083,0.438574127744,-190.165436,-92.466352,-85.385843
1048576,1048640,2097280,0.106,222311,32,80,13108,79,86,98.888191,0.438574127744,-192.397090,-93.508899,-85.380678
1048576,1048640,2097280,0.106,222311,32,80,13108,79,87,100.077298,0.438574127744,-194.628006,-94.550708,-85.378175
1048576,1048640,2097280,0.106,222311,32,80,13108,79,88,101.266405,0.438574127744,-196.858104,-95.591699,-85.376961
1048576,1048640,2097280,0.106,222311,32,80,13108,79,89,102.455513,0.438574127744,-199.087293,-96.631780,-85.376371
1048576,1048640,2097280,0.106,222311,32,80,13108,79,90,103.644620,0.438574127744,-201.315473,-97.670853,-85.376083
1048576,1048640,2097280,0.106,222311,32,80,13108,79,91,104.833728,0.438574127744,-203.542536,-98.708808,-85.375944
1048576,1048640,2097280,0.106,222311,32,80,13108,79,92,106.022835,0.438574127744,-205.768365,-99.745530,-85.375875
1048576,1048640,2097280,0.106,222311,32,80,13108,79,93,107.211942,0.438574127744,-207.992832,-100.780889,-85.375842
1048576,1048640,2097280,0.106,222311,32,80,13108,79,94,108.401050,0.438574127744,-210.215800,-101.814751,-85.375826
1048576,1048640,2097280,0.106,222311,32,80,13108,79,95,109.590157,0.438574127744,-212.437121,-102.846964,-85.375818
1048576,1048640,2097280,0.106,222311,32,80,13108,79,96,110.779265,0.438574127744,-214.656639,-103.877374,-85.375814
1048576,1048640,2097280,0.106,222311,32,80,13108,79,97,111.968372,0.438574127744,-216.874183,-104.905811,-85.375812
1048576,1048640,2097280,0.106,222311,32,80,13108,79,98,113.157479,0.438574127744,-219.089579,-105.932099,-85.375811
1048576,1048640,2097280,0.106,222311,32,80,13108,79,99,114.346587,0.438574127744,-221.302639,-106.956053,-85.375811
1048576,1048640,2097280,0.106,222311,32,80,13108,79,100,115.535694,0.438574127744,-223.513174,-107.977480,-85.375811
1048576,1048640,2097280,0.106,222311,32,80,13108,79,101,116.724802,0.438574127744,-225.720982,-108.996180,-85.375810
1048576,1048640,2097280,0.106,222311,32,80,13108,79,102,117.913909,0.438574127744,-227.925862,-110.011954,-85.375810
1048576,1048640,2097280,0.106,222311,32,80,13108,79,103,119.103016,0.438574127744,-230.127608,-111.024592,-85.375810
1048576,1048640,2097280,0.106,222311,32,80,13108,79,104,120.292124,0.438574127744,-232.326017,-112.033894,-85.375810
1048576,1048640,2097280,0.106,222311,32,80,13108,79,105,121.481231,0.438574127744,-234.520892,-113.039661,-85.375810
1048576,1048640,2097280,0.106,222311,32,80,13108,79,106,122.670338,0.438574127744,-236.712034,-114.041696,-85.375810
1048576,1048640,2097280,0.106,222311,32,80,13108,79,107,123.859446,0.438574127744,-238.899265,-115.039819,-85.375810
1048576,1048640,2097280,0.106,222311,32,80,13108,79,108,125.048553,0.438574127744,-241.082416,-116.033863,-85.375810
1048576,1048640,2097280,0.106,222311,32,80,13108,79,109,126.237661,0.438574127744,-243.261334,-117.023674,-85.375810
1048576,1048640,2097280,0.106,222311,32,80,13108,79,110,127.426768,0.438574127744,-245.435890,-118.009122,-85.375810
1048576,1048640,2097280,0.106,222311,32,80,13108,79,111,128.615875,0.438574127744,-247.605979,-118.990104,-85.375810
1048576,1048640,2097280,0.106,222311,32,80,13108,79,112,129.804983,0.438574127744,-249.771519,-119.966536,-85.375810
1048576,1048640,2097280,0.106,222311,32,80,13108,79,113,130.994090,0.438574127744,-251.932459,-120.938369,-85.375810
1048576,1048640,2097280,0.106,222311,32,80,13108,79,114,132.183198,0.438574127744,-254.088781,-121.905583,-85.375810
1048576,1048640,2097280,0.106,222311,32,80,13108,79,115,133.372305,0.438574127744,-256.240489,-122.868184,-85.375810
1048576,1048640,2097280,0.106,222311,32,80,13108,79,116,134.561412,0.438574127744,-258.387626,-123.826214,-85.375810
1048576,1048640,2097280,0.106,222311,32,80,13108,79,117,135.750520,0.438574127744,-260.530262,-124.779742,-85.375810
1048576,1048640,2097280,0.106,222311,32,80,13108,79,118,136.939627,0.438574127744,-262.668490,-125.728863,-85.375810
1048576,1048640,2097280,0.106,222311,32,80,13108,79,119,138.128734,0.438574127744,-264.802434,-126.673700,-85.375810
1048576,1048640,2097280,0.106,222311,32,80,13108,79,120,139.317842,0.438574127744,-266.932240,-127.614398,-85.375810
1048576,1048640,2097280,0.106,222311,32,80,13108,79,121,140.506949,0.438574127744,-269.058068,-128.551119,-85.375810
1048576,1048640,2097280,0.106,222311,32,80,13108,79,122,141.696057,0.438574127744,-271.180098,-129.484042,-85.375810
1048576,1048640,2097280,0.106,222311,32,80,13108,79,123,142.885164,0.438574127744,-273.298525,-130.413361,-85.375810
1048576,1048640,2097280,0.106,222311,32,80,13108,79,124,144.074271,0.438574127744,-275.413544,-131.339273,-85.375810
1048576,1048640,2097280,0.106,222311,32,80,13108,79,125,145.263379,0.438574127744,-277.525364,-132.261985,-85.375810
1048576,1048640,2097280,0.106,222311,32,80,13108,79,126,146.452486,0.438574127744,-279.634192,-133.181706,-85.375810
1048576,1048640,2097280,0.106,222311,32,80,13108,79,127,147.641594,0.438574127744,-281.740235,-134.098641,-85.375810
1048576,1048640,2097280,0.106,222311,32,80,13108,79,128,148.830701,0.438574127744,-283.843696,-135.012995,-85.375810
1048576,1048640,2097280,0.106,222311,32,80,13108,79,129,150.019808,0.438574127744,-285.944776,-135.924967,-85.375810
1048576,1048640,2097280,0.106,222311,32,80,13108,79,130,151.208916,0.438574127744,-288.043665,-136.834749,-85.375810
1048576,1048640,2097280,0.106,222311,32,80,13108,79,131,152.398023,0.438574127744,-290.140548,-137.742525,-85.375810
1048576,1048640,2097280,0.106,222311,32,80,13108,79,132,153.587131,0.438574127744,-292.235603,-138.648472,-85.375810
1048576,1048640,2097280,0.106,222311,32,80,13108,79,133,154.776238,0.438574127744,-294.328991,-139.552753,-85.375810
1048576,1048640,2097280,0.106,222311,32,80,13108,79,134,155.965345,0.438574127744,-296.420869,-140.455524,-85.375810
1048576,1048640,2097280,0.106,222311,32,80,13108,79,135,157.154453,0.438574127744,-298.511384,-141.356932,-85.375810
1048576,1048640,2097280,0.106,222311,32,80,13108,79,136,158.343560,0.438574127744,-300.600669,-142.257109,-85.375810
1048576,1048640,2097280,0.106,222311,32,80,13108,79,137,159.532667,0.438574127744,-302.688848,-143.156181,-85.375810
1048576,1048640,2097280,0.106,222311,32,80,13108,79,138,160.721775,0.438574127744,-304.776039,-144.054264,-85.375810
1048576,1048640,2097280,0.106,222311,32,80,13108,79,139,161.910882,0.438574127744,-306.862344,-144.951462,-85.375810
1048576,1048640,2097280,0.106,222311,32,80,13108,79,140,163.099990,0.438574127744,-308.947862,-145.847873,-85.375810
1048576,1048640,2097280,0.106,222311,32,80,13108,79,141,164.289097,0.438574127744,-311.032682,-146.743585,-85.375810
1048576,1048640,2097280,0.106,222311,32,80,13108,79,142,165.478204,0.438574127744,-313.116882,-147.638677,-85.375810
1048576,1048640,2097280,0.106,222311,32,80,13108,79,143,166.667312,0.438574127744,-315.200536,-148.533224,-85.375810
1048576,1048640,2097280,0.106,222311,32,80,13108,79,144,167.856419,0.438574127744,-317.283711,-149.427292,-85.375810
1048576,1048640,2097280,0.106,222311,32,80,13108,79,145,169.045527,0.438574127744,-319.366466,-150.320940,-85.375810
1048576,1048640,2097280,0.106,222311,32,80,13108,79,146,170.234634,0.438574127744,-321.448856,-151.214222,-85.375810
1048576,1048640,2097280,0.106,222311,32,80,13108,79,147,171.423741,0.438574127744,-323.530929,-152.107188,-85.375810
1048576,1048640,2097280,0.106,222311,32,80,13108,79,148,172.612849,0.438574127744,-325.612729,-152.999881,-85.375810
1048576,1048640,2097280,0.106,222311,32,80,13108,79,149,173.801956,0.438574127744,-327.694296,-153.892340,-85.375810
1048576,1048640,2097280,0.106,222311,32,80,13108,79,150,174.991063,0.438574127744,-329.775665,-154.784602,-85.375810
1048576,1048640,2097280,0.106,222311,32,80,13108,79,151,176.180171,0.438574127744,-331.856868,-155.676697,-85.375810
1048576,1048640,2097280,0.106,222311,32,80,13108,79,152,177.369278,0.438574127744,-333.937933,-156.568655,-85.375810
1048576,1048640,2097280,0.106,222311,32,80,13108,79,153,178.558386,0.438574127744,-336.018886,-157.460501,-85.375810
1048576,1048640,2097280,0.106,222311,32,80,13108,79,154,179.747493,0.438574127744,-338.099750,-158.352257,-85.375810
1048576,1048640,2097280,0.106,222311,32,80,13108,79,155,180.936600,0.438574127744,-340.180545,-159.243944,-85.375810
1048576,1048640,2097280,0.106,222311,32,80,13108,79,156,182.125708,0.438574127744,-342.261288,-160.135581,-85.375810
1048576,1048640,2097280,0.106,222311,32,80,13108,79,157,183.314815,0.438574127744,-344.341998,-161.027182,-85.375810
1048576,1048640,2097280,0.106,222311,32,80,13108,79,158,184.503923,0.438574127744,-346.422686,-161.918764,-85.375810
1048576,1048640,2097280,0.106,222311,32,80,13108,79,159,185.693030,0.438574127744,-348.503367,-162.810337,-85.375810
1048576,1048640,2097280,0.106,222311,32,80,13108,79,160,186.882137,0.438574127744,-350.584052,-163.701914,-85.375810
1048576,1048640,2097280,0.106,222311,32,80,13108,80,1,-inf,,-2.237846,-inf,-inf
1048576,1048640,2097280,0.106,222311,32,80,13108,80,2,-inf,,-4.475692,-inf,-inf
1048576,1048640,2097280,0.106,222311,32,80,13108,80,3,-inf,,-6.713537,-inf,-inf
1048576,1048640,2097280,0.106,222311,32,80,13108,80,4,-inf,,-8.951381,-inf,-inf
1048576,1048640,2097280,0.106,222311,32,80,13108,80,5,-inf,,-11.189224,-inf,-inf
1048576,1048640,2097280,0.106,222311,32,80,13108,80,6,-inf,,-13.427067,-inf,-inf
1048576,1048640,2097280,0.106,222311,32,80,13108,80,7,-inf,,-15.664909,-inf,-inf
1048576,1048640,2097280,0.106,222311,32,80,13108,80,8,-inf,,-17.902750,-inf,-inf
1048576,1048640,2097280,0.106,222311,32,80,13108,80,9,-inf,,-20.140591,-inf,-inf
1048576,1048640,2097280,0.106,222311,32,80,13108,80,10,-inf,,-22.378431,-inf,-inf
1048576,1048640,2097280,0.106,222311,32,80,13108,80,11,-inf,,-24.616270,-inf,-inf
1048576,1048640,2097280,0.106,222311,32,80,13108,80,12,-inf,,-26.854108,-inf,-inf
1048576,1048640,2097280,0.106,222311,32,80,13108,80,13,-inf,,-29.091945,-inf,-inf
1048576,1048640,2097280,0.106,222311,32,80,13108,80,14,-inf,,-31.329782,-inf,-inf
1048576,1048640,2097280,0.106,222311,32,80,13108,80,15,-inf,,-33.567618,-inf,-inf
1048576,1048640,2097280,0.106,222311,32,80,13108,80,16,-inf,,-35.805453,-inf,-inf
1048576,1048640,2097280,0.106,222311,32,80,13108,80,17,-inf,,-38.043288,-inf,-inf
1048576,1048640,2097280,0.106,222311,32,80,13108,80,18,-inf,,-40.281121,-inf,-inf
1048576,1048640,2097280,0.106,222311,32,80,13108,80,19,-inf,,-42.518954,-inf,-inf
1048576,1048640,2097280,0.106,222311,32,80,13108,80,20,-inf,,-44.756786,-inf,-inf
1048576,1048640,2097280,0.106,222311,32,80,13108,80,21,-inf,,-46.994617,-inf,-inf
1048576,1048640,2097280,0.106,222311,32,80,13108,80,22,-inf,,-49.232447,-inf,-inf
1048576,1048640,2097280,0.106,222311,32,80,13108,80,23,-inf,,-51.470276,-inf,-inf
1048576,1048640,2097280,0.106,222311,32,80,13108,80,24,-inf,,-53.708104,-inf,-inf
1048576,1048640,2097280,0.106,222311,32,80,13108,80,25,-inf,,-55.945932,-inf,-inf
1048576,1048640,2097280,0.106,222311,32,80,13108,80,26,-inf,,-58.183758,-inf,-inf
1048576,1048640,2097280,0.106,222311,32,80,13108,80,27,-inf,,-60.421583,-inf,-inf
1048576,1048640,2097280,0.106,222311,32,80,13108,80,28,-inf,,-62.659406,-inf,-inf
1048576,1048640,2097280,0.106,222311,32,80,13108,80,29,-inf,,-64.897229,-inf,-inf
1048576,1048640,2097280,0.106,222311,32,80,13108,80,30,-inf,,-67.135050,-inf,-inf
1048576,1048640,2097280,0.106,222311,32,80,13108,80,31,-inf,,-69.372869,-inf,-inf
1048576,1048640,2097280,0.106,222311,32,80,13108,80,32,-inf,,-71.610687,-inf,-inf
1048576,1048640,2097280,0.106,222311,32,80,13108,80,33,-inf,,-73.848504,-inf,-inf
1048576,1048640,2097280,0.106,222311,32,80,13108,80,34,-inf,,-76.086318,-inf,-inf
1048576,1048640,2097280,0.106,222311,32,80,13108,80,35,-inf,,-78.324131,-inf,-inf
1048576,1048640,2097280,0.106,222311,32,80,13108,80,36,-inf,,-80.561941,-inf,-inf
1048576,1048640,2097280,0.106,222311,32,80,13108,80,37,-inf,,-82.799749,-inf,-inf
1048576,1048640,2097280,0.106,222311,32,80,13108,80,38,-inf,,-85.037554,-inf,-inf
1048576,1048640,2097280,0.106,222311,32,80,13108,80,39,-inf,,-87.275356,-inf,-inf
1048576,1048640,2097280,0.106,222311,32,80,13108,80,40,-inf,,-89.513155,-inf,-inf
1048576,1048640,2097280,0.106,222311,32,80,13108,80,41,-inf,,-91.750951,-inf,-inf
1048576,1048640,2097280,0.106,222311,32,80,13108,80,42,-inf,,-93.988742,-inf,-inf
1048576,1048640,2097280,0.106,222311,32,80,13108,80,43,-inf,,-96.226529,-inf,-inf
1048576,1048640,2097280,0.106,222311,32,80,13108,80,44,-inf,,-98.464311,-inf,-inf
1048576,1048640,2097280,0.106,222311,32,80,13108,80,45,-inf,,-100.702087,-inf,-inf
1048576,1048640,2097280,0.106,222311,32,80,13108,80,46,-inf,,-102.939857,-inf,-inf
1048576,1048640,2097280,0.106,222311,32,80,13108,80,47,-inf,,-105.177620,-inf,-inf
1048576,1048640,2097280,0.106,222311,32,80,13108,80,48,-inf,,-107.415376,-inf,-inf
1048576,1048640,2097280,0.106,222311,32,80,13108,80,49,-inf,,-109.653122,-inf,-inf
1048576,1048640,2097280,0.106,222311,32,80,13108,80,50,-inf,,-111.890859,-inf,-inf
1048576,1048640,2097280,0.106,222311,32,80,13108,80,51,-inf,,-114.128584,-inf,-inf
1048576,1048640,2097280,0.106,222311,32,80,13108,80,52,-inf,,-116.366297,-inf,-inf
1048576,1048640,2097280,0.106,222311,32,80,13108,80,53,-inf,,-118.603995,-inf,-inf
1048576,1048640,2097280,0.106,222311,32,80,13108,80,54,-inf,,-120.841678,-inf,-inf
1048576,1048640,2097280,0.106,222311,32,80,13108,80,55,-inf,,-123.079343,-inf,-inf
1048576,1048640,2097280,0.106,222311,32,80,13108,80,56,-inf,,-125.316987,-inf,-inf
1048576,1048640,2097280,0.106,222311,32,80,13108,80,57,-inf,,-127.554609,-inf,-inf
1048576,1048640,2097280,0.106,222311,32,80,13108,80,58,-inf,,-129.792205,-inf,-inf
1048576,1048640,2097280,0.106,222311,32,80,13108,80,59,-inf,,-132.029772,-inf,-inf
1048576,1048640,2097280,0.106,222311,32,80,13108,80,60,-inf,,-134.267306,-inf,-inf
1048576,1048640,2097280,0.106,222311,32,80,13108,80,61,-inf,,-136.504804,-inf,-inf
1048576,1048640,2097280,0.106,222311,32,80,13108,80,62,-inf,,-138.742260,-inf,-inf
1048576,1048640,2097280,0.106,222311,32,80,13108,80,63,-inf,,-140.979669,-inf,-inf
1048576,1048640,2097280,0.106,222311,32,80,13108,80,64,-inf,,-143.217026,-inf,-inf
1048576,1048640,2097280,0.106,222311,32,80,13108,80,65,-inf,,-145.454324,-inf,-inf
1048576,1048640,2097280,0.106,222311,32,80,13108,80,66,-inf,,-147.691555,-inf,-inf
1048576,1048640,2097280,0.106,222311,32,80,13108,80,67,-inf,,-149.928710,-inf,-inf
1048576,1048640,2097280,0.106,222311,32,80,13108,80,68,-inf,,-152.165781,-inf,-inf
1048576,1048640,2097280,0.106,222311,32,80,13108,80,69,-inf,,-154.402757,-inf,-inf
1048576,1048640,2097280,0.106,222311,32,80,13108,80,70,-inf,,-156.639626,-inf,-inf
1048576,1048640,2097280,0.106,222311,32,80,13108,80,71,-inf,,-158.876374,-inf,-inf
1048576,1048640,2097280,0.106,222311,32,80,13108,80,72,-inf,,-161.112986,-inf,-inf
1048576,1048640,2097280,0.106,222311,32,80,13108,80,73,-inf,,-163.349447,-inf,-inf
1048576,1048640,2097280,0.106,222311,32,80,13108,80,74,-inf,,-165.585736,-inf,-inf
1048576,1048640,2097280,0.106,222311,32,80,13108,80,75,-inf,,-167.821833,-inf,-inf
1048576,1048640,2097280,0.106,222311,32,80,13108,80,76,-inf,,-170.057715,-inf,-inf
1048576,1048640,2097280,0.106,222311,32,80,13108,80,77,-inf,,-172.293355,-inf,-inf
1048576,1048640,2097280,0.106,222311,32,80,13108,80,78,-inf,,-174.528724,-inf,-inf
1048576,1048640,2097280,0.106,222311,32,80,13108,80,79,-inf,,-176.763788,-inf,-inf
1048576,1048640,2097280,0.106,222311,32,80,13108,80,80,90.304864,0.356995209458,-178.998512,-88.693648,-88.693648
1048576,1048640,2097280,0.106,222311,32,80,13108,80,81,91.707278,0.438574127744,-181.232855,-89.525578,-88.050459
1048576,1048640,2097280,0.106,222311,32,80,13108,80,82,92.896385,0.438574127744,-183.466772,-90.570387,-87.818595
1048576,1048640,2097280,0.106,222311,32,80,13108,80,83,94.085492,0.438574127744,-185.700212,-91.614720,-87.718308
1048576,1048640,2097280,0.106,222311,32,80,13108,80,84,95.274600,0.438574127744,-187.933121,-92.658521,-87.672065
1048576,1048640,2097280,0.106,222311,32,80,13108,80,85,96.463707,0.438574127744,-190.165436,-93.701729,-87.650149
1048576,1048640,2097280,0.106,222311,32,80,13108,80,86,97.652815,0.438574127744,-192.397090,-94.744275,-87.639628
1048576,1048640,2097280,0.106,222311,32,80,13108,80,87,98.841922,0.438574127744,-194.628006,-95.786084,-87.634546
1048576,1048640,2097280,0.106,222311,32,80,13108,80,88,100.031029,0.438574127744,-196.858104,-96.827075,-87.632082
1048576,1048640,2097280,0.106,222311,32,80,13108,80,89,101.220137,0.438574127744,-199.087293,-97.867156,-87.630886
1048576,1048640,2097280,0.106,222311,32,80,13108,80,90,102.409244,0.438574127744,-201.315473,-98.906229,-87.630304
1048576,1048640,2097280,0.106,222311,32,80,13108,80,91,103.598352,0.438574127744,-203.542536,-99.944184,-87.630020
1048576,1048640,2097280,0.106,222311,32,80,13108,80,92,104.787459,0.438574127744,-205.768365,-100.980906,-87.629882
1048576,1048640,2097280,0.106,222311,32,80,13108,80,93,105.976566,0.438574127744,-207.992832,-102.016266,-87.629815
1048576,1048640,2097280,0.106,222311,32,80,13108,80,94,107.165674,0.438574127744,-210.215800,-103.050127,-87.629782
1048576,1048640,2097280,0.106,222311,32,80,13108,80,95,108.354781,0.438574127744,-212.437121,-104.082340,-87.629766
1048576,1048640,2097280,0.106,222311,32,80,13108,80,96,109.543888,0.438574127744,-214.656639,-105.112750,-87.629758
1048576,1048640,2097280,0.106,222311,32,80,13108,80,97,110.732996,0.438574127744,-216.874183,-106.141187,-87.629754
1048576,1048640,2097280,0.106,222311,32,80,13108,80,98,111.922103,0.438574127744,-219.089579,-107.167476,-87.629752
1048576,1048640,2097280,0.106,222311,32,80,13108,80,99,113.111211,0.438574127744,-221.302639,-108.191429,-87.629751
1048576,1048640,2097280,0.106,222311,32,80,13108,80,100,114.300318,0.438574127744,-223.513174,-109.212856,-87.629751
1048576,1048640,2097280,0.106,222311,32,80,13108,80,101,115.489425,0.438574127744,-225.720982,-110.231556,-87.629751
1048576,1048640,2097280,0.106,222311,32,80,13108,80,102,116.678533,0.438574127744,-227.925862,-111.247330,-87.629750
1048576,1048640,2097280,0.106,222311,32,80,13108,80,103,117.867640,0.438574127744,-230.127608,-112.259968,-87.629750
1048576,1048640,2097280,0.106,222311,32,80,13108,80,104,119.056748,0.438574127744,-232.326017,-113.269270,-87.629750
1048576,1048640,2097280,0.106,222311,32,80,13108,80,105,120.245855,0.438574127744,-234.520892,-114.275037,-87.629750
1048576,1048640,2097280,0.106,222311,32,80,13108,80,106,121.434962,0.438574127744,-236.712034,-115.277072,-87.629750
1048576,1048640,2097280,0.106,222311,32,80,13108,80,107,122.624070,0.438574127744,-238.899265,-116.275195,-87.629750
1048576,1048640,2097280,0.106,222311,32,80,13108,80,108,123.813177,0.438574127744,-241.082416,-117.269239,-87.629750
1048576,1048640,2097280,0.106,222311,32,80,13108,80,109,125.002285,0.438574127744,-243.261334,-118.259050,-87.629750
1048576,1048640,2097280,0.106,222311,32,80,13108,80,110,126.191392,0.438574127744,-245.435890,-119.244498,-87.629750
1048576,1048640,2097280,0.106,222311,32,80,13108,80,111,127.380499,0.438574127744,-247.605979,-120.225480,-87.629750
1048576,1048640,2097280,0.106,222311,32,80,13108,80,112,128.569607,0.438574127744,-249.771519,-121.201912,-87.629750
1048576,1048640,2097280,0.106,222311,32,80,13108,80,113,129.758714,0.438574127744,-251.932459,-122.173745,-87.629750
1048576,1048640,2097280,0.106,222311,32,80,13108,80,114,130.947821,0.438574127744,-254.088781,-123.140959,-87.629750
1048576,1048640,2097280,0.106,222311,32,80,13108,80,115,132.136929,0.438574127744,-256.240489,-124.103560,-87.629750
1048576,1048640,2097280,0.106,222311,32,80,13108,80,116,133.326036,0.438574127744,-258.387626,-125.061590,-87.629750
1048576,1048640,2097280,0.106,222311,32,80,13108,80,117,134.515144,0.438574127744,-260.530262,-126.015119,-87.629750
1048576,1048640,2097280,0.106,222311,32,80,13108,80,118,135.704251,0.438574127744,-262.668490,-126.964239,-87.629750
1048576,1048640,2097280,0.106,222311,32,80,13108,80,119,136.893358,0.438574127744,-264.802434,-127.909076,-87.629750
1048576,1048640,2097280,0.106,222311,32,80,13108,80,120,138.082466,0.438574127744,-266.932240,-128.849774,-87.629750
1048576,1048640,2097280,0.106,222311,32,80,13108,80,121,139.271573,0.438574127744,-269.058068,-129.786495,-87.629750
1048576,1048640,2097280,0.106,222311,32,80,13108,80,122,140.460681,0.438574127744,-271.180098,-130.719418,-87.629750
1048576,1048640,2097280,0.106,222311,32,80,13108,80,123,141.649788,0.438574127744,-273.298525,-131.648737,-87.629750
1048576,1048640,2097280,0.106,222311,32,80,13108,80,124,142.838895,0.438574127744,-275.413544,-132.574649,-87.629750
1048576,1048640,2097280,0.106,222311,32,80,13108,80,125,144.028003,0.438574127744,-277.525364,-133.497361,-87.629750
1048576,1048640,2097280,0.106,222311,32,80,13108,80,126,145.217110,0.438574127744,-279.634192,-134.417082,-87.629750
1048576,1048640,2097280,0.106,222311,32,80,13108,80,127,146.406217,0.438574127744,-281.740235,-135.334017,-87.629750
1048576,1048640,2097280,0.106,222311,32,80,13108,80,128,147.595325,0.438574127744,-283.843696,-136.248371,-87.629750
1048576,1048640,2097280,0.106,222311,32,80,13108,80,129,148.784432,0.438574127744,-285.944776,-137.160343,-87.629750
1048576,1048640,2097280,0.106,222311,32,80,13108,80,130,149.973540,0.438574127744,-288.043665,-138.070125,-87.629750
1048576,1048640,2097280,0.106,222311,32,80,13108,80,131,151.162647,0.438574127744,-290.140548,-138.977901,-87.629750
1048576,1048640,2097280,0.106,222311,32,80,13108,80,132,152.351754,0.438574127744,-292.235603,-139.883848,-87.629750
1048576,1048640,2097280,0.106,222311,32,80,13108,80,133,153.540862,0.438574127744,-294.328991,-140.788129,-87.629750
1048576,1048640,2097280,0.106,222311,32,80,13108,80,134,154.729969,0.438574127744,-296.420869,-141.690900,-87.629750
1048576,1048640,2097280,0.106,222311,32,80,13108,80,135,155.919077,0.438574127744,-298.511384,-142.592308,-87.629750
1048576,1048640,2097280,0.106,222311,32,80,13108,80,136,157.108184,0.438574127744,-300.600669,-143.492485,-87.629750
1048576,1048640,2097280,0.106,222311,32,80,13108,80,137,158.297291,0.438574127744,-302.688848,-144.391557,-87.629750
1048576,1048640,2097280,0.106,222311,32,80,13108,80,138,159.486399,0.438574127744,-304.776039,-145.289640,-87.629750
1048576,1048640,2097280,0.106,222311,32,80,13108,80,139,160.675506,0.438574127744,-306.862344,-146.186838,-87.629750
1048576,1048640,2097280,0.106,222311,32,80,13108,80,140,161.864614,0.438574127744,-308.947862,-147.083249,-87.629750
1048576,1048640,2097280,0.106,222311,32,80,13108,80,141,163.053721,0.438574127744,-311.032682,-147.978961,-87.629750
1048576,1048640,2097280,0.106,222311,32,80,13108,80,142,164.242828,0.438574127744,-313.116882,-148.874053,-87.629750
1048576,1048640,2097280,0.106,222311,32,80,13108,80,143,165.431936,0.438574127744,-315.200536,-149.768600,-87.629750
1048576,1048640,2097280,0.106,222311,32,80,13108,80,144,166.621043,0.438574127744,-317.283711,-150.662668,-87.629750
1048576,1048640,2097280,0.106,222311,32,80,13108,80,145,167.810150,0.438574127744,-319.366466,-151.556316,-87.629750
1048576,1048640,2097280,0.106,222311,32,80,13108,80,146,168.999258,0.438574127744,-321.448856,-152.449598,-87.629750
1048576,1048640,2097280,0.106,222311,32,80,13108,80,147,170.188365,0.438574127744,-323.530929,-153.342564,-87.629750
1048576,1048640,2097280,0.106,222311,32,80,13108,80,148,171.377473,0.438574127744,-325.612729,-154.235257,-87.629750
1048576,1048640,2097280,0.106,222311,32,80,13108,80,149,172.566580,0.438574127744,-327.694296,-155.127716,-87.629750
1048576,1048640,2097280,0.106,222311,32,80,13108,80,150,173.755687,0.438574127744,-329.775665,-156.019978,-87.629750
1048576,1048640,2097280,0.106,222311,32,80,13108,80,151,174.944795,0.438574127744,-331.856868,-156.912073,-87.629750
1048576,1048640,2097280,0.106,222311,32,80,13108,80,152,176.133902,0.438574127744,-333.937933,-157.804031,-87.629750
1048576,1048640,2097280,0.106,222311,32,80,13108,80,153,177.323010,0.438574127744,-336.018886,-158.695877,-87.629750
1048576,1048640,2097280,0.106,222311,32,80,13108,80,154,178.512117,0.438574127744,-338.099750,-159.587633,-87.629750
1048576,1048640,2097280,0.106,222311,32,80,13108,80,155,179.701224,0.438574127744,-340.180545,-160.479320,-87.629750
1048576,1048640,2097280,0.106,222311,32,80,13108,80,156,180.890332,0.438574127744,-342.261288,-161.370957,-87.629750
1048576,1048640,2097280,0.106,222311,32,80,13108,80,157,182.079439,0.438574127744,-344.341998,-162.262558,-87.629750
1048576,1048640,2097280,0.106,222311,32,80,13108,80,158,183.268546,0.438574127744,-346.422686,-163.154140,-87.629750
1048576,1048640,2097280,0.106,222311,32,80,13108,80,159,184.457654,0.438574127744,-348.503367,-164.045713,-87.629750
1048576,1048640,2097280,0.106,222311,32,80,13108,80,160,185.646761,0.438574127744,-350.584052,-164.937291,-87.629750
