k,k_eff,N,delta,d,sigma,block_bits,blocks,d0,h,outer_log2,outer_z,inner_log2,term_log2,cum_log2
1048576,1048576,2097152,0.106,222298,32,256,4096,40,1,-inf,,-2.237843,-inf,-inf
1048576,1048576,2097152,0.106,222298,32,256,4096,40,2,-inf,,-4.475684,-inf,-inf
1048576,1048576,2097152,0.106,222298,32,256,4096,40,3,-inf,,-6.713526,-inf,-inf
1048576,1048576,2097152,0.106,222298,32,256,4096,40,4,-inf,,-8.951366,-inf,-inf
1048576,1048576,2097152,0.106,222298,32,256,4096,40,5,-inf,,-11.189206,-inf,-inf
1048576,1048576,2097152,0.106,222298,32,256,4096,40,6,-inf,,-13.427045,-inf,-inf
1048576,1048576,2097152,0.106,222298,32,256,4096,40,7,-inf,,-15.664883,-inf,-inf
1048576,1048576,2097152,0.106,222298,32,256,4096,40,8,-inf,,-17.902721,-inf,-inf
1048576,1048576,2097152,0.106,222298,32,256,4096,40,9,-inf,,-20.140558,-inf,-inf
1048576,1048576,2097152,0.106,222298,32,256,4096,40,10,-inf,,-22.378394,-inf,-inf
1048576,1048576,2097152,0.106,222298,32,256,4096,40,11,-inf,,-24.616229,-inf,-inf
1048576,1048576,2097152,0.106,222298,32,256,4096,40,12,-inf,,-26.854064,-inf,-inf
1048576,1048576,2097152,0.106,222298,32,256,4096,40,13,-inf,,-29.091897,-inf,-inf
1048576,1048576,2097152,0.106,222298,32,256,4096,40,14,-inf,,-31.329731,-inf,-inf
1048576,1048576,2097152,0.106,222298,32,256,4096,40,15,-inf,,-33.567563,-inf,-inf
1048576,1048576,2097152,0.106,222298,32,256,4096,40,16,-inf,,-35.805394,-inf,-inf
1048576,1048576,2097152,0.106,222298,32,256,4096,40,17,-inf,,-38.043225,-inf,-inf
1048576,1048576,2097152,0.106,222298,32,256,4096,40,18,-inf,,-40.281055,-inf,-inf
1048576,1048576,2097152,0.106,222298,32,256,4096,40,19,-inf,,-42.518884,-inf,-inf
1048576,1048576,2097152,0.106,222298,32,256,4096,40,20,-inf,,-44.756712,-inf,-inf
1048576,1048576,2097152,0.106,222298,32,256,4096,40,21,-inf,,-46.994540,-inf,-inf
1048576,1048576,2097152,0.106,222298,32,256,4096,40,22,-inf,,-49.232366,-inf,-inf
1048576,1048576,2097152,0.106,222298,32,256,4096,40,23,-inf,,-51.470191,-inf,-inf
1048576,1048576,2097152,0.106,222298,32,256,4096,40,24,-inf,,-53.708016,-inf,-inf
1048576,1048576,2097152,0.106,222298,32,256,4096,40,25,-inf,,-55.945839,-inf,-inf
1048576,1048576,2097152,0.106,222298,32,256,4096,40,26,-inf,,-58.183662,-inf,-inf
1048576,1048576,2097152,0.106,222298,32,256,4096,40,27,-inf,,-60.421483,-inf,-inf
1048576,1048576,2097152,0.106,222298,32,256,4096,40,28,-inf,,-62.659303,-inf,-inf
1048576,1048576,2097152,0.106,222298,32,256,4096,40,29,-inf,,-64.897122,-inf,-inf
1048576,1048576,2097152,0.106,222298,32,256,4096,40,30,-inf,,-67.134939,-inf,-inf
1048576,1048576,2097152,0.106,222298,32,256,4096,40,31,-inf,,-69.372755,-inf,-inf
1048576,1048576,2097152,0.106,222298,32,256,4096,40,32,-inf,,-71.610569,-inf,-inf
1048576,1048576,2097152,0.106,222298,32,256,4096,40,33,-inf,,-73.848382,-inf,-inf
1048576,1048576,2097152,0.106,222298,32,256,4096,40,34,-inf,,-76.086193,-inf,-inf
1048576,1048576,2097152,0.106,222298,32,256,4096,40,35,-inf,,-78.324002,-inf,-inf
1048576,1048576,2097152,0.106,222298,32,256,4096,40,36,-inf,,-80.561808,-inf,-inf
1048576,1048576,2097152,0.106,222298,32,256,4096,40,37,-inf,,-82.799612,-inf,-inf
1048576,1048576,2097152,0.106,222298,32,256,4096,40,38,-inf,,-85.037414,-inf,-inf
1048576,1048576,2097152,0.106,222298,32,256,4096,40,39,-inf,,-87.275213,-inf,-inf
1048576,1048576,2097152,0.106,222298,32,256,4096,40,40,39.090172,0.352176111989,-89.513008,-50.422836,-50.422836
1048576,1048576,2097152,0.106,222298,32,256,4096,40,41,40.595803,0.352176111989,-91.750800,-51.154997,-49.742961
1048576,1048576,2097152,0.106,222298,32,256,4096,40,42,42.101434,0.352176111989,-93.988588,-51.887154,-49.448741
1048576,1048576,2097152,0.106,222298,32,256,4096,40,43,43.607065,0.352176111989,-96.226371,-52.619306,-49.296802
1048576,1048576,2097152,0.106,222298,32,256,4096,40,44,45.112696,0.352176111989,-98.464149,-53.351454,-49.212498
1048576,1048576,2097152,0.106,222298,32,256,4096,40,45,46.618327,0.352176111989,-100.701922,-54.083595,-49.164023
1048576,1048576,2097152,0.106,222298,32,256,4096,40,46,48.123958,0.352176111989,-102.939689,-54.815731,-49.135608
1048576,1048576,2097152,0.106,222298,32,256,4096,40,47,49.629589,0.352176111989,-105.177448,-55.547859,-49.118767
1048576,1048576,2097152,0.106,222298,32,256,4096,40,48,51.135220,0.352176111989,-107.415200,-56.279980,-49.108723
1048576,1048576,2097152,0.106,222298,32,256,4096,40,49,52.640851,0.352176111989,-109.652943,-57.012092,-49.102709
1048576,1048576,2097152,0.106,222298,32,256,4096,40,50,54.146482,0.352176111989,-111.890676,-57.744194,-49.099101
1048576,1048576,2097152,0.106,222298,32,256,4096,40,51,55.652113,0.352176111989,-114.128398,-58.476285,-49.096933
1048576,1048576,2097152,0.106,222298,32,256,4096,40,52,57.157744,0.352176111989,-116.366107,-59.208363,-49.095630
1048576,1048576,2097152,0.106,222298,32,256,4096,40,53,58.663375,0.352176111989,-118.603803,-59.940428,-49.094845
1048576,1048576,2097152,0.106,222298,32,256,4096,40,54,60.169006,0.352176111989,-120.841482,-60.672476,-49.094374
1048576,1048576,2097152,0.106,222298,32,256,4096,40,55,61.674637,0.352176111989,-123.079144,-61.404507,-49.094089
1048576,1048576,2097152,0.106,222298,32,256,4096,40,56,63.180268,0.352176111989,-125.316785,-62.136517,-49.093918
1048576,1048576,2097152,0.106,222298,32,256,4096,40,57,64.685899,0.352176111989,-127.554404,-62.868505,-49.093816
1048576,1048576,2097152,0.106,222298,32,256,4096,40,58,66.191530,0.352176111989,-129.791997,-63.600467,-49.093754
1048576,1048576,2097152,0.106,222298,32,256,4096,40,59,67.697161,0.352176111989,-132.029562,-64.332400,-49.093716
1048576,1048576,2097152,0.106,222298,32,256,4096,40,60,69.202792,0.352176111989,-134.267094,-65.064301,-49.093694
1048576,1048576,2097152,0.106,222298,32,256,4096,40,61,70.708423,0.352176111989,-136.504589,-65.796165,-49.093680
1048576,1048576,2097152,0.106,222298,32,256,4096,40,62,72.214054,0.352176111989,-138.742043,-66.527988,-49.093672
1048576,1048576,2097152,0.106,222298,32,256,4096,40,63,73.719686,0.352176111989,-140.979450,-67.259765,-49.093667
1048576,1048576,2097152,0.106,222298,32,256,4096,40,64,75.225317,0.352176111989,-143.216806,-67.991489,-49.093664
1048576,1048576,2097152,0.106,222298,32,256,4096,40,65,76.730948,0.352176111989,-145.454102,-68.723154,-49.093662
1048576,1048576,2097152,0.106,222298,32,256,4096,40,66,78.236579,0.352176111989,-147.691331,-69.454753,-49.093661
1048576,1048576,2097152,0.106,222298,32,256,4096,40,67,79.742210,0.352176111989,-149.928486,-70.186277,-49.093661
1048576,1048576,2097152,0.106,222298,32,256,4096,40,68,81.247841,0.352176111989,-152.165557,-70.917716,-49.093660
1048576,1048576,2097152,0.106,222298,32,256,4096,40,69,82.753472,0.352176111989,-154.402533,-71.649061,-49.093660
1048576,1048576,2097152,0.106,222298,32,256,4096,40,70,84.259103,0.352176111989,-156.639403,-72.380300,-49.093660
1048576,1048576,2097152,0.106,222298,32,256,4096,40,71,85.764734,0.352176111989,-158.876152,-73.111418,-49.093660
1048576,1048576,2097152,0.106,222298,32,256,4096,40,72,87.270365,0.352176111989,-161.112767,-73.842402,-49.093660
1048576,1048576,2097152,0.106,222298,32,256,4096,40,73,88.775996,0.352176111989,-163.349231,-74.573235,-49.093660
1048576,1048576,2097152,0.106,222298,32,256,4096,40,74,90.281627,0.352176111989,-165.585524,-75.303897,-49.093660
1048576,1048576,2097152,0.106,222298,32,256,4096,40,75,91.787258,0.352176111989,-167.821627,-76.034369,-49.093660
1048576,1048576,2097152,0.106,222298,32,256,4096,40,76,93.292889,0.352176111989,-170.057515,-76.764626,-49.093660
1048576,1048576,2097152,0.106,222298,32,256,4096,40,77,94.798520,0.352176111989,-172.293162,-77.494642,-49.093660
1048576,1048576,2097152,0.106,222298,32,256,4096,40,78,96.304151,0.352176111989,-174.528540,-78.224389,-49.093660
1048576,1048576,2097152,0.106,222298,32,256,4096,40,79,97.809782,0.352176111989,-176.763616,-78.953833,-49.093660
1048576,1048576,2097152,0.106,222298,32,256,4096,40,80,99.315413,0.352176111989,-178.998353,-79.682940,-49.093660
1048576,1048576,2097152,0.106,222298,32,256,4096,40,81,100.821044,0.352176111989,-181.232711,-80.411667,-49.093660
1048576,1048576,2097152,0.106,222298,32,256,4096,40,82,102.326675,0.352176111989,-183.466646,-81.139971,-49.093660
1048576,1048576,2097152,0.106,222298,32,256,4096,40,83,103.832306,0.352176111989,-185.700107,-81.867800,-49.093660
1048576,1048576,2097152,0.106,222298,32,256,4096,40,84,105.337937,0.352176111989,-187.933039,-82.595102,-49.093660
1048576,1048576,2097152,0.106,222298,32,256,4096,40,85,106.843568,0.352176111989,-190.165381,-83.321813,-49.093660
1048576,1048576,2097152,0.106,222298,32,256,4096,40,86,108.349199,0.352176111989,-192.397066,-84.047867,-49.093660
1048576,1048576,2097152,0.106,222298,32,256,4096,40,87,109.854830,0.352176111989,-194.628018,-84.773188,-49.093660
1048576,1048576,2097152,0.106,222298,32,256,4096,40,88,111.360462,0.352176111989,-196.858157,-85.497695,-49.093660
1048576,1048576,2097152,0.106,222298,32,256,4096,40,89,112.866093,0.352176111989,-199.087391,-86.221298,-49.093660
1048576,1048576,2097152,0.106,222298,32,256,4096,40,90,114.371724,0.352176111989,-201.315623,-86.943900,-49.093660
1048576,1048576,2097152,0.106,222298,32,256,4096,40,91,115.877355,0.352176111989,-203.542744,-87.665390,-49.093660
1048576,1048576,2097152,0.106,222298,32,256,4096,40,92,117.382986,0.352176111989,-205.768640,-88.385654,-49.093660
1048576,1048576,2097152,0.106,222298,32,256,4096,40,93,118.888617,0.352176111989,-207.993180,-89.104563,-49.093660
1048576,1048576,2097152,0.106,222298,32,256,4096,40,94,120.394248,0.352176111989,-210.216231,-89.821983,-49.093660
1048576,1048576,2097152,0.106,222298,32,256,4096,40,95,121.899879,0.352176111989,-212.437643,-90.537765,-49.093660
1048576,1048576,2097152,0.106,222298,32,256,4096,40,96,123.405510,0.352176111989,-214.657262,-91.251753,-49.093660
1048576,1048576,2097152,0.106,222298,32,256,4096,40,97,124.911141,0.352176111989,-216.874919,-91.963778,-49.093660
1048576,1048576,2097152,0.106,222298,32,256,4096,40,98,126.416772,0.352176111989,-219.090440,-92.673668,-49.093660
1048576,1048576,2097152,0.106,222298,32,256,4096,40,99,127.922403,0.352176111989,-221.303637,-93.381234,-49.093660
1048576,1048576,2097152,0.106,222298,32,256,4096,40,100,129.428034,0.352176111989,-223.514322,-94.086288,-49.093660
1048576,1048576,2097152,0.106,222298,32,256,4096,40,101,130.933665,0.352176111989,-225.722292,-94.788627,-49.093660
1048576,1048576,2097152,0.106,222298,32,256,4096,40,102,132.439296,0.352176111989,-227.927350,-95.488054,-49.093660
1048576,1048576,2097152,0.106,222298,32,256,4096,40,103,133.944927,0.352176111989,-230.129288,-96.184361,-49.093660
1048576,1048576,2097152,0.106,222298,32,256,4096,40,104,135.450558,0.352176111989,-232.327903,-96.877345,-49.093660
1048576,1048576,2097152,0.106,222298,32,256,4096,40,105,136.956189,0.352176111989,-234.522998,-97.566809,-49.093660
1048576,1048576,2097152,0.106,222298,32,256,4096,40,106,138.461820,0.352176111989,-236.714376,-98.252556,-49.093660
1048576,1048576,2097152,0.106,222298,32,256,4096,40,107,139.967451,0.352176111989,-238.901855,-98.934404,-49.093660
1048576,1048576,2097152,0.106,222298,32,256,4096,40,108,141.473082,0.352176111989,-241.085269,-99.612187,-49.093660
1048576,1048576,2097152,0.106,222298,32,256,4096,40,109,142.978713,0.352176111989,-243.264462,-100.285748,-49.093660
1048576,1048576,2097152,0.106,222298,32,256,4096,40,110,144.484344,0.352176111989,-245.439303,-100.954959,-49.093660
1048576,1048576,2097152,0.106,222298,32,256,4096,40,111,145.989975,0.352176111989,-247.609688,-101.619713,-49.093660
1048576,1048576,2097152,0.106,222298,32,256,4096,40,112,147.495606,0.352176111989,-249.775532,-102.279926,-49.093660
1048576,1048576,2097152,0.106,222298,32,256,4096,40,113,149.001238,0.352176111989,-251.936783,-102.935546,-49.093660
1048576,1048576,2097152,0.106,222298,32,256,4096,40,114,150.506869,0.352176111989,-254.093421,-103.586552,-49.093660
1048576,1048576,2097152,0.106,222298,32,256,4096,40,115,152.012500,0.352176111989,-256.245448,-104.232948,-49.093660
1048576,1048576,2097152,0.106,222298,32,256,4096,40,116,153.518131,0.352176111989,-258.392905,-104.874774,-49.093660
1048576,1048576,2097152,0.106,222298,32,256,4096,40,117,155.023762,0.352176111989,-260.535860,-105.512098,-49.093660
1048576,1048576,2097152,0.106,222298,32,256,4096,40,118,156.529393,0.352176111989,-262.674404,-106.145011,-49.093660
1048576,1048576,2097152,0.106,222298,32,256,4096,40,119,158.035024,0.352176111989,-264.808660,-106.773636,-49.093660
1048576,1048576,2097152,0.106,222298,32,256,4096,40,120,159.540655,0.352176111989,-266.938772,-107.398117,-49.093660
1048576,1048576,2097152,0.106,222298,32,256,4096,40,121,161.046286,0.352176111989,-269.064898,-108.018612,-49.093660
1048576,1048576,2097152,0.106,222298,32,256,4096,40,122,162.551917,0.352176111989,-271.187219,-108.635302,-49.093660
1048576,1048576,2097152,0.106,222298,32,256,4096,40,123,164.057548,0.352176111989,-273.305926,-109.248378,-49.093660
1048576,1048576,2097152,0.106,222298,32,256,4096,40,124,165.563179,0.352176111989,-275.421216,-109.858037,-49.093660
1048576,1048576,2097152,0.106,222298,32,256,4096,40,125,167.068810,0.352176111989,-277.533295,-110.464485,-49.093660
1048576,1048576,2097152,0.106,222298,32,256,4096,40,126,168.574441,0.352176111989,-279.642372,-111.067931,-49.093660
1048576,1048576,2097152,0.106,222298,32,256,4096,40,127,170.080072,0.352176111989,-281.748651,-111.668579,-49.093660
1048576,1048576,2097152,0.106,222298,32,256,4096,40,128,171.585703,0.352176111989,-283.852337,-112.266634,-49.093660
1048576,1048576,2097152,0.106,222298,32,256,4096,40,129,173.091334,0.352176111989,-285.953631,-112.862297,-49.093660
1048576,1048576,2097152,0.106,222298,32,256,4096,40,130,174.596965,0.352176111989,-288.052724,-113.455758,-49.093660
1048576,1048576,2097152,0.106,222298,32,256,4096,40,131,176.102596,0.352176111989,-290.149799,-114.047203,-49.093660
1048576,1048576,2097152,0.106,222298,32,256,4096,40,132,177.608227,0.352176111989,-292.245035,-114.636808,-49.093660
1048576,1048576,2097152,0.106,222298,32,256,4096,40,133,179.113858,0.352176111989,-294.338595,-115.224737,-49.093660
1048576,1048576,2097152,0.106,222298,32,256,4096,40,134,180.619489,0.352176111989,-296.430636,-115.811146,-49.093660
1048576,1048576,2097152,0.106,222298,32,256,4096,40,135,182.125120,0.352176111989,-298.521304,-116.396183,-49.093660
1048576,1048576,2097152,0.106,222298,32,256,4096,40,136,183.630751,0.352176111989,-300.610733,-116.979982,-49.093660
1048576,1048576,2097152,0.106,222298,32,256,4096,40,137,185.136382,0.352176111989,-302.699049,-117.562667,-49.093660
1048576,1048576,2097152,0.106,222298,32,256,4096,40,138,186.642014,0.352176111989,-304.786369,-118.144355,-49.093660
1048576,1048576,2097152,0.106,222298,32,256,4096,40,139,188.147645,0.352176111989,-306.872797,-118.725152,-49.093660
1048576,1048576,2097152,0.106,222298,32,256,4096,40,140,189.653276,0.352176111989,-308.958431,-119.305155,-49.093660
1048576,1048576,2097152,0.106,222298,32,256,4096,40,141,191.158907,0.352176111989,-311.043360,-119.884453,-49.093660
1048576,1048576,2097152,0.106,222298,32,256,4096,40,142,192.664538,0.352176111989,-313.127665,-120.463127,-49.093660
1048576,1048576,2097152,0.106,222298,32,256,4096,40,143,194.170169,0.352176111989,-315.211418,-121.041250,-49.093660
1048576,1048576,2097152,0.106,222298,32,256,4096,40,144,195.675800,0.352176111989,-317.294688,-121.618888,-49.093660
1048576,1048576,2097152,0.106,222298,32,256,4096,40,145,197.181431,0.352176111989,-319.377534,-122.196103,-49.093660
1048576,1048576,2097152,0.106,222298,32,256,4096,40,146,198.687062,0.352176111989,-321.460010,-122.772948,-49.093660
1048576,1048576,2097152,0.106,222298,32,256,4096,40,147,200.192693,0.352176111989,-323.542166,-123.349473,-49.093660
1048576,1048576,2097152,0.106,222298,32,256,4096,40,148,201.698324,0.352176111989,-325.624045,-123.925721,-49.093660
1048576,1048576,2097152,0.106,222298,32,256,4096,40,149,203.203955,0.352176111989,-327.705688,-124.501733,-49.093660
1048576,1048576,2097152,0.106,222298,32,256,4096,40,150,204.709586,0.352176111989,-329.787131,-125.077545,-49.093660
1048576,1048576,2097152,0.106,222298,32,256,4096,40,151,206.215217,0.352176111989,-331.868404,-125.653187,-49.093660
1048576,1048576,2097152,0.106,222298,32,256,4096,40,152,207.720848,0.352176111989,-333.949538,-126.228690,-49.093660
1048576,1048576,2097152,0.106,222298,32,256,4096,40,153,209.226479,0.352176111989,-336.030557,-126.804078,-49.093660
1048576,1048576,2097152,0.106,222298,32,256,4096,40,154,210.732110,0.352176111989,-338.111485,-127.379375,-49.093660
1048576,1048576,2097152,0.106,222298,32,256,4096,40,155,212.237741,0.352176111989,-340.192342,-127.954601,-49.093660
1048576,1048576,2097152,0.106,222298,32,256,4096,40,156,213.743372,0.352176111989,-342.273146,-128.529774,-49.093660
1048576,1048576,2097152,0.106,222298,32,256,4096,40,157,215.249003,0.352176111989,-344.353915,-129.104911,-49.093660
1048576,1048576,2097152,0.106,222298,32,256,4096,40,158,216.754634,0.352176111989,-346.434661,-129.680026,-49.093660
1048576,1048576,2097152,0.106,222298,32,256,4096,40,159,218.260265,0.352176111989,-348.515398,-130.255132,-49.093660
1048576,1048576,2097152,0.106,222298,32,256,4096,40,160,219.765896,0.352176111989,-350.596137,-130.830241,-49.093660
1048576,1048576,2097152,0.106,222298,32,256,4096,40,161,221.271527,0.352176111989,-352.676889,-131.405362,-49.093660
1048576,1048576,2097152,0.106,222298,32,256,4096,40,162,222.777158,0.352176111989,-354.757663,-131.980504,-49.093660
1048576,1048576,2097152,0.106,222298,32,256,4096,40,163,224.282790,0.352176111989,-356.838466,-132.555676,-49.093660
1048576,1048576,2097152,0.106,222298,32,256,4096,40,164,225.782218,0.395431832347,-358.919305,-133.137087,-49.093660
1048576,1048576,2097152,0.106,222298,32,256,4096,40,165,227.120717,0.395431832347,-361.000187,-133.879470,-49.093660
1048576,1048576,2097152,0.106,222298,32,256,4096,40,166,228.459216,0.395431832347,-363.081117,-134.621901,-49.093660
1048576,1048576,2097152,0.106,222298,32,256,4096,40,167,229.797715,0.395431832347,-365.162100,-135.364385,-49.093660
1048576,1048576,2097152,0.106,222298,32,256,4096,40,168,231.136214,0.395431832347,-367.243139,-136.106925,-49.093660
1048576,1048576,2097152,0.106,222298,32,256,4096,40,169,232.474713,0.395431832347,-369.324239,-136.849526,-49.093660
1048576,1048576,2097152,0.106,222298,32,256,4096,40,170,233.813212,0.395431832347,-371.405403,-137.592191,-49.093660
1048576,1048576,2097152,0.106,222298,32,256,4096,40,171,235.151711,0.395431832347,-373.486633,-138.334922,-49.093660
1048576,1048576,2097152,0.106,222298,32,256,4096,40,172,236.490211,0.395431832347,-375.567932,-139.077721,-49.093660
1048576,1048576,2097152,0.106,222298,32,256,4096,40,173,237.828710,0.395431832347,-377.649301,-139.820592,-49.093660
1048576,1048576,2097152,0.106,222298,32,256,4096,40,174,239.167209,0.395431832347,-379.730743,-140.563534,-49.093660
1048576,1048576,2097152,0.106,222298,32,256,4096,40,175,240.505708,0.395431832347,-381.812258,-141.306551,-49.093660
1048576,1048576,2097152,0.106,222298,32,256,4096,40,176,241.844207,0.395431832347,-383.893849,-142.049642,-49.093660
1048576,1048576,2097152,0.106,222298,32,256,4096,40,177,243.182706,0.395431832347,-385.975515,-142.792809,-49.093660
1048576,1048576,2097152,0.106,222298,32,256,4096,40,178,244.521205,0.395431832347,-388.057258,-143.536053,-49.093660
1048576,1048576,2097152,0.106,222298,32,256,4096,40,179,245.859704,0.395431832347,-390.139078,-144.279374,-49.093660
1048576,1048576,2097152,0.106,222298,32,256,4096,40,180,247.198203,0.395431832347,-392.220977,-145.022773,-49.093660
1048576,1048576,2097152,0.106,222298,32,256,4096,40,181,248.536702,0.395431832347,-394.302953,-145.766251,-49.093660
1048576,1048576,2097152,0.106,222298,32,256,4096,40,182,249.875201,0.395431832347,-396.385007,-146.509806,-49.093660
1048576,1048576,2097152,0.106,222298,32,256,4096,40,183,251.213700,0.395431832347,-398.467140,-147.253440,-49.093660
1048576,1048576,2097152,0.106,222298,32,256,4096,40,184,252.552200,0.395431832347,-400.549352,-147.997152,-49.093660
1048576,1048576,2097152,0.106,222298,32,256,4096,40,185,253.890699,0.395431832347,-402.631641,-148.740943,-49.093660
1048576,1048576,2097152,0.106,222298,32,256,4096,40,186,255.229198,0.395431832347,-404.714009,-149.484812,-49.093660
1048576,1048576,2097152,0.106,222298,32,256,4096,40,187,256.567697,0.395431832347,-406.796455,-150.228759,-49.093660
1048576,1048576,2097152,0.106,222298,32,256,4096,40,188,257.906196,0.395431832347,-408.878979,-150.972783,-49.093660
1048576,1048576,2097152,0.106,222298,32,256,4096,40,189,259.244695,0.395431832347,-410.961581,-151.716886,-49.093660
1048576,1048576,2097152,0.106,222298,32,256,4096,40,190,260.583194,0.395431832347,-413.044259,-152.461065,-49.093660
1048576,1048576,2097152,0.106,222298,32,256,4096,40,191,261.921693,0.395431832347,-415.127014,-153.205321,-49.093660
1048576,1048576,2097152,0.106,222298,32,256,4096,40,192,263.260192,0.395431832347,-417.209846,-153.949654,-49.093660
1048576,1048576,2097152,0.106,222298,32,256,4096,40,193,264.598691,0.395431832347,-419.292754,-154.694062,-49.093660
1048576,1048576,2097152,0.106,222298,32,256,4096,40,194,265.937190,0.395431832347,-421.375737,-155.438546,-49.093660
1048576,1048576,2097152,0.106,222298,32,256,4096,40,195,267.275689,0.395431832347,-423.458795,-156.183105,-49.093660
1048576,1048576,2097152,0.106,222298,32,256,4096,40,196,268.614188,0.395431832347,-425.541927,-156.927739,-49.093660
1048576,1048576,2097152,0.106,222298,32,256,4096,40,197,269.952688,0.395431832347,-427.625134,-157.672446,-49.093660
1048576,1048576,2097152,0.106,222298,32,256,4096,40,198,271.291187,0.395431832347,-429.708413,-158.417227,-49.093660
1048576,1048576,2097152,0.106,222298,32,256,4096,40,199,272.629686,0.395431832347,-431.791766,-159.162080,-49.093660
1048576,1048576,2097152,0.106,222298,32,256,4096,40,200,273.968185,0.395431832347,-433.875191,-159.907006,-49.093660
1048576,1048576,2097152,0.106,222298,32,256,4096,40,201,275.306684,0.395431832347,-435.958688,-160.652004,-49.093660
1048576,1048576,2097152,0.106,222298,32,256,4096,40,202,276.645183,0.395431832347,-438.042256,-161.397073,-49.093660
1048576,1048576,2097152,0.106,222298,32,256,4096,40,203,277.983682,0.395431832347,-440.125895,-162.142213,-49.093660
1048576,1048576,2097152,0.106,222298,32,256,4096,40,204,279.322181,0.395431832347,-442.209604,-162.887423,-49.093660
1048576,1048576,2097152,0.106,222298,32,256,4096,40,205,280.660680,0.395431832347,-444.293383,-163.632703,-49.093660
1048576,1048576,2097152,0.106,222298,32,256,4096,40,206,281.999179,0.395431832347,-446.377230,-164.378051,-49.093660
1048576,1048576,2097152,0.106,222298,32,256,4096,40,207,283.337678,0.395431832347,-448.461146,-165.123468,-49.093660
1048576,1048576,2097152,0.106,222298,32,256,4096,40,208,284.676177,0.395431832347,-450.545130,-165.868953,-49.093660
1048576,1048576,2097152,0.106,222298,32,256,4096,40,209,286.014677,0.395431832347,-452.629181,-166.614505,-49.093660
1048576,1048576,2097152,0.106,222298,32,256,4096,40,210,287.353176,0.395431832347,-454.713299,-167.360124,-49.093660
1048576,1048576,2097152,0.106,222298,32,256,4096,40,211,288.691675,0.395431832347,-456.797483,-168.105809,-49.093660
1048576,1048576,2097152,0.106,222298,32,256,4096,40,212,290.030174,0.395431832347,-458.881733,-168.851559,-49.093660
1048576,1048576,2097152,0.106,222298,32,256,4096,40,213,291.368673,0.395431832347,-460.966048,-169.597375,-49.093660
1048576,1048576,2097152,0.106,222298,32,256,4096,40,214,292.707172,0.395431832347,-463.050428,-170.343256,-49.093660
1048576,1048576,2097152,0.106,222298,32,256,4096,40,215,294.045671,0.395431832347,-465.134871,-171.089200,-49.093660
1048576,1048576,2097152,0.106,222298,32,256,4096,40,216,295.384170,0.395431832347,-467.219378,-171.835208,-49.093660
1048576,1048576,2097152,0.106,222298,32,256,4096,40,217,296.722669,0.395431832347,-469.303948,-172.581279,-49.093660
1048576,1048576,2097152,0.106,222298,32,256,4096,40,218,298.061168,0.395431832347,-471.388581,-173.327412,-49.093660
1048576,1048576,2097152,0.106,222298,32,256,4096,40,219,299.399667,0.395431832347,-473.473275,-174.073607,-49.093660
1048576,1048576,2097152,0.106,222298,32,256,4096,40,220,300.738166,0.395431832347,-475.558031,-174.819864,-49.093660
1048576,1048576,2097152,0.106,222298,32,256,4096,42,1,-inf,,-2.237843,-inf,-inf
1048576,1048576,2097152,0.106,222298,32,256,4096,42,2,-inf,,-4.475684,-inf,-inf
1048576,1048576,2097152,0.106,222298,32,256,4096,42,3,-inf,,-6.713526,-inf,-inf
1048576,1048576,2097152,0.106,222298,32,256,4096,42,4,-inf,,-8.951366,-inf,-inf
1048576,1048576,2097152,0.106,222298,32,256,4096,42,5,-inf,,-11.189206,-inf,-inf
1048576,1048576,2097152,0.106,222298,32,256,4096,42,6,-inf,,-13.427045,-inf,-inf
1048576,1048576,2097152,0.106,222298,32,256,4096,42,7,-inf,,-15.664883,-inf,-inf
1048576,1048576,2097152,0.106,222298,32,256,4096,42,8,-inf,,-17.902721,-inf,-inf
1048576,1048576,2097152,0.106,222298,32,256,4096,42,9,-inf,,-20.140558,-inf,-inf
1048576,1048576,2097152,0.106,222298,32,256,4096,42,10,-inf,,-22.378394,-inf,-inf
1048576,1048576,2097152,0.106,222298,32,256,4096,42,11,-inf,,-24.616229,-inf,-inf
1048576,1048576,2097152,0.106,222298,32,256,4096,42,12,-inf,,-26.854064,-inf,-inf
1048576,1048576,2097152,0.106,222298,32,256,4096,42,13,-inf,,-29.091897,-inf,-inf
1048576,1048576,2097152,0.106,222298,32,256,4096,42,14,-inf,,-31.329731,-inf,-inf
1048576,1048576,2097152,0.106,222298,32,256,4096,42,15,-inf,,-33.567563,-inf,-inf
1048576,1048576,2097152,0.106,222298,32,256,4096,42,16,-inf,,-35.805394,-inf,-inf
1048576,1048576,2097152,0.106,222298,32,256,4096,42,17,-inf,,-38.043225,-inf,-inf
1048576,1048576,2097152,0.106,222298,32,256,4096,42,18,-inf,,-40.281055,-inf,-inf
1048576,1048576,2097152,0.106,222298,32,256,4096,42,19,-inf,,-42.518884,-inf,-inf
1048576,1048576,2097152,0.106,222298,32,256,4096,42,20,-inf,,-44.756712,-inf,-inf
1048576,1048576,2097152,0.106,222298,32,256,4096,42,21,-inf,,-46.994540,-inf,-inf
1048576,1048576,2097152,0.106,222298,32,256,4096,42,22,-inf,,-49.232366,-inf,-inf
1048576,1048576,2097152,0.106,222298,32,256,4096,42,23,-inf,,-51.470191,-inf,-inf
1048576,1048576,2097152,0.106,222298,32,256,4096,42,24,-inf,,-53.708016,-inf,-inf
1048576,1048576,2097152,0.106,222298,32,256,4096,42,25,-inf,,-55.945839,-inf,-inf
1048576,1048576,2097152,0.106,222298,32,256,4096,42,26,-inf,,-58.183662,-inf,-inf
1048576,1048576,2097152,0.106,222298,32,256,4096,42,27,-inf,,-60.421483,-inf,-inf
1048576,1048576,2097152,0.106,222298,32,256,4096,42,28,-inf,,-62.659303,-inf,-inf
1048576,1048576,2097152,0.106,222298,32,256,4096,42,29,-inf,,-64.897122,-inf,-inf
1048576,1048576,2097152,0.106,222298,32,256,4096,42,30,-inf,,-67.134939,-inf,-inf
1048576,1048576,2097152,0.106,222298,32,256,4096,42,31,-inf,,-69.372755,-inf,-inf
1048576,1048576,2097152,0.106,222298,32,256,4096,42,32,-inf,,-71.610569,-inf,-inf
1048576,1048576,2097152,0.106,222298,32,256,4096,42,33,-inf,,-73.848382,-inf,-inf
1048576,1048576,2097152,0.106,222298,32,256,4096,42,34,-inf,,-76.086193,-inf,-inf
1048576,1048576,2097152,0.106,222298,32,256,4096,42,35,-inf,,-78.324002,-inf,-inf
1048576,1048576,2097152,0.106,222298,32,256,4096,42,36,-inf,,-80.561808,-inf,-inf
1048576,1048576,2097152,0.106,222298,32,256,4096,42,37,-inf,,-82.799612,-inf,-inf
1048576,1048576,2097152,0.106,222298,32,256,4096,42,38,-inf,,-85.037414,-inf,-inf
1048576,1048576,2097152,0.106,222298,32,256,4096,42,39,-inf,,-87.275213,-inf,-inf
1048576,1048576,2097152,0.106,222298,32,256,4096,42,40,-inf,,-89.513008,-inf,-inf
1048576,1048576,2097152,0.106,222298,32,256,4096,42,41,-inf,,-91.750800,-inf,-inf
1048576,1048576,2097152,0.106,222298,32,256,4096,42,42,42.101434,0.352176111989,-93.988588,-51.887154,-51.887154
1048576,1048576,2097152,0.106,222298,32,256,4096,42,43,43.607065,0.352176111989,-96.226371,-52.619306,-51.207275
1048576,1048576,2097152,0.106,222298,32,256,4096,42,44,45.112696,0.352176111989,-98.464149,-53.351454,-50.913053
1048576,1048576,2097152,0.106,222298,32,256,4096,42,45,46.618327,0.352176111989,-100.701922,-54.083595,-50.761112
1048576,1048576,2097152,0.106,222298,32,256,4096,42,46,48.123958,0.352176111989,-102.939689,-54.815731,-50.676805
1048576,1048576,2097152,0.106,222298,32,256,4096,42,47,49.629589,0.352176111989,-105.177448,-55.547859,-50.628329
1048576,1048576,2097152,0.106,222298,32,256,4096,42,48,51.135220,0.352176111989,-107.415200,-56.279980,-50.599913
1048576,1048576,2097152,0.106,222298,32,256,4096,42,49,52.640851,0.352176111989,-109.652943,-57.012092,-50.583071
1048576,1048576,2097152,0.106,222298,32,256,4096,42,50,54.146482,0.352176111989,-111.890676,-57.744194,-50.573026
1048576,1048576,2097152,0.106,222298,32,256,4096,42,51,55.652113,0.352176111989,-114.128398,-58.476285,-50.567012
1048576,1048576,2097152,0.106,222298,32,256,4096,42,52,57.157744,0.352176111989,-116.366107,-59.208363,-50.563404
1048576,1048576,2097152,0.106,222298,32,256,4096,42,53,58.663375,0.352176111989,-118.603803,-59.940428,-50.561236
1048576,1048576,2097152,0.106,222298,32,256,4096,42,54,60.169006,0.352176111989,-120.841482,-60.672476,-50.559932
1048576,1048576,2097152,0.106,222298,32,256,4096,42,55,61.674637,0.352176111989,-123.079144,-61.404507,-50.559148
1048576,1048576,2097152,0.106,222298,32,256,4096,42,56,63.180268,0.352176111989,-125.316785,-62.136517,-50.558676
1048576,1048576,2097152,0.106,222298,32,256,4096,42,57,64.685899,0.352176111989,-127.554404,-62.868505,-50.558392
1048576,1048576,2097152,0.106,222298,32,256,4096,42,58,66.191530,0.352176111989,-129.791997,-63.600467,-50.558220
1048576,1048576,2097152,0.106,222298,32,256,4096,42,59,67.697161,0.352176111989,-132.029562,-64.332400,-50.558118
1048576,1048576,2097152,0.106,222298,32,256,4096,42,60,69.202792,0.352176111989,-134.267094,-65.064301,-50.558056
1048576,1048576,2097152,0.106,222298,32,256,4096,42,61,70.708423,0.352176111989,-136.504589,-65.796165,-50.558018
1048576,1048576,2097152,0.106,222298,32,256,4096,42,62,72.214054,0.352176111989,-138.742043,-66.527988,-50.557996
1048576,1048576,2097152,0.106,222298,32,256,4096,42,63,73.719686,0.352176111989,-140.979450,-67.259765,-50.557982
1048576,1048576,2097152,0.106,222298,32,256,4096,42,64,75.225317,0.352176111989,-143.216806,-67.991489,-50.557974
1048576,1048576,2097152,0.106,222298,32,256,4096,42,65,76.730948,0.352176111989,-145.454102,-68.723154,-50.557969
1048576,1048576,2097152,0.106,222298,32,256,4096,42,66,78.236579,0.352176111989,-147.691331,-69.454753,-50.557966
1048576,1048576,2097152,0.106,222298,32,256,4096,42,67,79.742210,0.352176111989,-149.928486,-70.186277,-50.557964
1048576,1048576,2097152,0.106,222298,32,256,4096,42,68,81.247841,0.352176111989,-152.165557,-70.917716,-50.557963
1048576,1048576,2097152,0.106,222298,32,256,4096,42,69,82.753472,0.352176111989,-154.402533,-71.649061,-50.557963
1048576,1048576,2097152,0.106,222298,32,256,4096,42,70,84.259103,0.352176111989,-156.639403,-72.380300,-50.557962
1048576,1048576,2097152,0.106,222298,32,256,4096,42,71,85.764734,0.352176111989,-158.876152,-73.111418,-50.557962
1048576,1048576,2097152,0.106,222298,32,256,4096,42,72,87.270365,0.352176111989,-161.112767,-73.842402,-50.557962
1048576,1048576,2097152,0.106,222298,32,256,4096,42,73,88.775996,0.352176111989,-163.349231,-74.573235,-50.557962
1048576,1048576,2097152,0.106,222298,32,256,4096,42,74,90.281627,0.352176111989,-165.585524,-75.303897,-50.557962
1048576,1048576,2097152,0.106,222298,32,256,4096,42,75,91.787258,0.352176111989,-167.821627,-76.034369,-50.557962
1048576,1048576,2097152,0.106,222298,32,256,4096,42,76,93.292889,0.352176111989,-170.057515,-76.764626,-50.557962
1048576,1048576,2097152,0.106,222298,32,256,4096,42,77,94.798520,0.352176111989,-172.293162,-77.494642,-50.557962
1048576,1048576,2097152,0.106,222298,32,256,4096,42,78,96.304151,0.352176111989,-174.528540,-78.224389,-50.557962
1048576,1048576,2097152,0.106,222298,32,256,4096,42,79,97.809782,0.352176111989,-176.763616,-78.953833,-50.557962
1048576,1048576,2097152,0.106,222298,32,256,4096,42,80,99.315413,0.352176111989,-178.998353,-79.682940,-50.557962
1048576,1048576,2097152,0.106,222298,32,256,4096,42,81,100.821044,0.352176111989,-181.232711,-80.411667,-50.557962
1048576,1048576,2097152,0.106,222298,32,256,4096,42,82,102.326675,0.352176111989,-183.466646,-81.139971,-50.557962
1048576,1048576,2097152,0.106,222298,32,256,4096,42,83,103.832306,0.352176111989,-185.700107,-81.867800,-50.557962
1048576,1048576,2097152,0.106,222298,32,256,4096,42,84,105.337937,0.352176111989,-187.933039,-82.595102,-50.557962
1048576,1048576,2097152,0.106,222298,32,256,4096,42,85,106.843568,0.352176111989,-190.165381,-83.321813,-50.557962
1048576,1048576,2097152,0.106,222298,32,256,4096,42,86,108.349199,0.352176111989,-192.397066,-84.047867,-50.557962
1048576,1048576,2097152,0.106,222298,32,256,4096,42,87,109.854830,0.352176111989,-194.628018,-84.773188,-50.557962
1048576,1048576,2097152,0.106,222298,32,256,4096,42,88,111.360462,0.352176111989,-196.858157,-85.497695,-50.557962
1048576,1048576,2097152,0.106,222298,32,256,4096,42,89,112.866093,0.352176111989,-199.087391,-86.221298,-50.557962
1048576,1048576,2097152,0.106,222298,32,256,4096,42,90,114.371724,0.352176111989,-201.315623,-86.943900,-50.557962
1048576,1048576,2097152,0.106,222298,32,256,4096,42,91,115.877355,0.352176111989,-203.542744,-87.665390,-50.557962
1048576,1048576,2097152,0.106,222298,32,256,4096,42,92,117.382986,0.352176111989,-205.768640,-88.385654,-50.557962
1048576,1048576,2097152,0.106,222298,32,256,4096,42,93,118.888617,0.352176111989,-207.993180,-89.104563,-50.557962
1048576,1048576,2097152,0.106,222298,32,256,4096,42,94,120.394248,0.352176111989,-210.216231,-89.821983,-50.557962
1048576,1048576,2097152,0.106,222298,32,256,4096,42,95,121.899879,0.352176111989,-212.437643,-90.537765,-50.557962
1048576,1048576,2097152,0.106,222298,32,256,4096,42,96,123.405510,0.352176111989,-214.657262,-91.251753,-50.557962
1048576,1048576,2097152,0.106,222298,32,256,4096,42,97,124.911141,0.352176111989,-216.874919,-91.963778,-50.557962
1048576,1048576,2097152,0.106,222298,32,256,4096,42,98,126.416772,0.352176111989,-219.090440,-92.673668,-50.557962
1048576,1048576,2097152,0.106,222298,32,256,4096,42,99,127.922403,0.352176111989,-221.303637,-93.381234,-50.557962
1048576,1048576,2097152,0.106,222298,32,256,4096,42,100,129.428034,0.352176111989,-223.514322,-94.086288,-50.557962
1048576,1048576,2097152,0.106,222298,32,256,4096,42,101,130.933665,0.352176111989,-225.722292,-94.788627,-50.557962
1048576,1048576,2097152,0.106,222298,32,256,4096,42,102,132.439296,0.352176111989,-227.927350,-95.488054,-50.557962
1048576,1048576,2097152,0.106,222298,32,256,4096,42,103,133.944927,0.352176111989,-230.129288,-96.184361,-50.557962
1048576,1048576,2097152,0.106,222298,32,256,4096,42,104,135.450558,0.352176111989,-232.327903,-96.877345,-50.557962
1048576,1048576,2097152,0.106,222298,32,256,4096,42,105,136.956189,0.352176111989,-234.522998,-97.566809,-50.557962
1048576,1048576,2097152,0.106,222298,32,256,4096,42,106,138.461820,0.352176111989,-236.714376,-98.252556,-50.557962
1048576,1048576,2097152,0.106,222298,32,256,4096,42,107,139.967451,0.352176111989,-238.901855,-98.934404,-50.557962
1048576,1048576,2097152,0.106,222298,32,256,4096,42,108,141.473082,0.352176111989,-241.085269,-99.612187,-50.557962
1048576,1048576,2097152,0.106,222298,32,256,4096,42,109,142.978713,0.352176111989,-243.264462,-100.285748,-50.557962
1048576,1048576,2097152,0.106,222298,32,256,4096,42,110,144.484344,0.352176111989,-245.439303,-100.954959,-50.557962
1048576,1048576,2097152,0.106,222298,32,256,4096,42,111,145.989975,0.352176111989,-247.609688,-101.619713,-50.557962
1048576,1048576,2097152,0.106,222298,32,256,4096,42,112,147.495606,0.352176111989,-249.775532,-102.279926,-50.557962
1048576,1048576,2097152,0.106,222298,32,256,4096,42,113,149.001238,0.352176111989,-251.936783,-102.935546,-50.557962
1048576,1048576,2097152,0.106,222298,32,256,4096,42,114,150.506869,0.352176111989,-254.093421,-103.586552,-50.557962
1048576,1048576,2097152,0.106,222298,32,256,4096,42,115,152.012500,0.352176111989,-256.245448,-104.232948,-50.557962
1048576,1048576,2097152,0.106,222298,32,256,4096,42,116,153.518131,0.352176111989,-258.392905,-104.874774,-50.557962
1048576,1048576,2097152,0.106,222298,32,256,4096,42,117,155.023762,0.352176111989,-260.535860,-105.512098,-50.557962
1048576,1048576,2097152,0.106,222298,32,256,4096,42,118,156.529393,0.352176111989,-262.674404,-106.145011,-50.557962
1048576,1048576,2097152,0.106,222298,32,256,4096,42,119,158.035024,0.352176111989,-264.808660,-106.773636,-50.557962
1048576,1048576,2097152,0.106,222298,32,256,4096,42,120,159.540655,0.352176111989,-266.938772,-107.398117,-50.557962
1048576,1048576,2097152,0.106,222298,32,256,4096,42,121,161.046286,0.352176111989,-269.064898,-108.018612,-50.557962
1048576,1048576,2097152,0.106,222298,32,256,4096,42,122,162.551917,0.352176111989,-271.187219,-108.635302,-50.557962
1048576,1048576,2097152,0.106,222298,32,256,4096,42,123,164.057548,0.352176111989,-273.305926,-109.248378,-50.557962
1048576,1048576,2097152,0.106,222298,32,256,4096,42,124,165.563179,0.352176111989,-275.421216,-109.858037,-50.557962
1048576,1048576,2097152,0.106,222298,32,256,4096,42,125,167.068810,0.352176111989,-277.533295,-110.464485,-50.557962
1048576,1048576,2097152,0.106,222298,32,256,4096,42,126,168.574441,0.352176111989,-279.642372,-111.067931,-50.557962
1048576,1048576,2097152,0.106,222298,32,256,4096,42,127,170.080072,0.352176111989,-281.748651,-111.668579,-50.557962
1048576,1048576,2097152,0.106,222298,32,256,4096,42,128,171.585703,0.352176111989,-283.852337,-112.266634,-50.557962
1048576,1048576,2097152,0.106,222298,32,256,4096,42,129,173.091334,0.352176111989,-285.953631,-112.862297,-50.557962
1048576,1048576,2097152,0.106,222298,32,256,4096,42,130,174.596965,0.352176111989,-288.052724,-113.455758,-50.557962
1048576,1048576,2097152,0.106,222298,32,256,4096,42,131,176.102596,0.352176111989,-290.149799,-114.047203,-50.557962
1048576,1048576,2097152,0.106,222298,32,256,4096,42,132,177.608227,0.352176111989,-292.245035,-114.636808,-50.557962
1048576,1048576,2097152,0.106,222298,32,256,4096,42,133,179.113858,0.352176111989,-294.338595,-115.224737,-50.557962
1048576,1048576,2097152,0.106,222298,32,256,4096,42,134,180.619489,0.352176111989,-296.430636,-115.811146,-50.557962
1048576,1048576,2097152,0.106,222298,32,256,4096,42,135,182.125120,0.352176111989,-298.521304,-116.396183,-50.557962
1048576,1048576,2097152,0.106,222298,32,256,4096,42,136,183.630751,0.352176111989,-300.610733,-116.979982,-50.557962
1048576,1048576,2097152,0.106,222298,32,256,4096,42,137,185.136382,0.352176111989,-302.699049,-117.562667,-50.557962
1048576,1048576,2097152,0.106,222298,32,256,4096,42,138,186.642014,0.352176111989,-304.786369,-118.144355,-50.557962
1048576,1048576,2097152,0.106,222298,32,256,4096,42,139,188.147645,0.352176111989,-306.872797,-118.725152,-50.557962
1048576,1048576,2097152,0.106,222298,32,256,4096,42,140,189.653276,0.352176111989,-308.958431,-119.305155,-50.557962
1048576,1048576,2097152,0.106,222298,32,256,4096,42,141,191.158907,0.352176111989,-311.043360,-119.884453,-50.557962
1048576,1048576,2097152,0.106,222298,32,256,4096,42,142,192.664538,0.352176111989,-313.127665,-120.463127,-50.557962
1048576,1048576,2097152,0.106,222298,32,256,4096,42,143,194.170169,0.352176111989,-315.211418,-121.041250,-50.557962
1048576,1048576,2097152,0.106,222298,32,256,4096,42,144,195.675800,0.352176111989,-317.294688,-121.618888,-50.557962
1048576,1048576,2097152,0.106,222298,32,256,4096,42,145,197.181431,0.352176111989,-319.377534,-122.196103,-50.557962
1048576,1048576,2097152,0.106,222298,32,256,4096,42,146,198.687062,0.352176111989,-321.460010,-122.772948,-50.557962
1048576,1048576,2097152,0.106,222298,32,256,4096,42,147,200.192693,0.352176111989,-323.542166,-123.349473,-50.557962
1048576,1048576,2097152,0.106,222298,32,256,4096,42,148,201.698324,0.352176111989,-325.624045,-123.925721,-50.557962
1048576,1048576,2097152,0.106,222298,32,256,4096,42,149,203.203955,0.352176111989,-327.705688,-124.501733,-50.557962
1048576,1048576,2097152,0.106,222298,32,256,4096,42,150,204.709586,0.352176111989,-329.787131,-125.077545,-50.557962
1048576,1048576,2097152,0.106,222298,32,256,4096,42,151,206.215217,0.352176111989,-331.868404,-125.653187,-50.557962
1048576,1048576,2097152,0.106,222298,32,256,4096,42,152,207.720848,0.352176111989,-333.949538,-126.228690,-50.557962
1048576,1048576,2097152,0.106,222298,32,256,4096,42,153,209.226479,0.352176111989,-336.030557,-126.804078,-50.557962
1048576,1048576,2097152,0.106,222298,32,256,4096,42,154,210.732110,0.352176111989,-338.111485,-127.379375,-50.557962
1048576,1048576,2097152,0.106,222298,32,256,4096,42,155,212.237741,0.352176111989,-340.192342,-127.954601,-50.557962
1048576,1048576,2097152,0.106,222298,32,256,4096,42,156,213.743372,0.352176111989,-342.273146,-128.529774,-50.557962
1048576,1048576,2097152,0.106,222298,32,256,4096,42,157,215.249003,0.352176111989,-344.353915,-129.104911,-50.557962
1048576,1048576,2097152,0.106,222298,32,256,4096,42,158,216.754634,0.352176111989,-346.434661,-129.680026,-50.557962
1048576,1048576,2097152,0.106,222298,32,256,4096,42,159,218.260265,0.352176111989,-348.515398,-130.255132,-50.557962
1048576,1048576,2097152,0.106,222298,32,256,4096,42,160,219.765896,0.352176111989,-350.596137,-130.830241,-50.557962
1048576,1048576,2097152,0.106,222298,32,256,4096,42,161,221.271527,0.352176111989,-352.676889,-131.405362,-50.557962
1048576,1048576,2097152,0.106,222298,32,256,4096,42,162,222.777158,0.352176111989,-354.757663,-131.980504,-50.557962
1048576,1048576,2097152,0.106,222298,32,256,4096,42,163,224.282790,0.352176111989,-356.838466,-132.555676,-50.557962
1048576,1048576,2097152,0.106,222298,32,256,4096,42,164,225.782218,0.395431832347,-358.919305,-133.137087,-50.557962
1048576,1048576,2097152,0.106,222298,32,256,4096,42,165,227.120717,0.395431832347,-361.000187,-133.879470,-50.557962
1048576,1048576,2097152,0.106,222298,32,256,4096,42,166,228.459216,0.395431832347,-363.081117,-134.621901,-50.557962
1048576,1048576,2097152,0.106,222298,32,256,4096,42,167,229.797715,0.395431832347,-365.162100,-135.364385,-50.557962
1048576,1048576,2097152,0.106,222298,32,256,4096,42,168,231.136214,0.395431832347,-367.243139,-136.106925,-50.557962
1048576,1048576,2097152,0.106,222298,32,256,4096,42,169,232.474713,0.395431832347,-369.324239,-136.849526,-50.557962
1048576,1048576,2097152,0.106,222298,32,256,4096,42,170,233.813212,0.395431832347,-371.405403,-137.592191,-50.557962
1048576,1048576,2097152,0.106,222298,32,256,4096,42,171,235.151711,0.395431832347,-373.486633,-138.334922,-50.557962
1048576,1048576,2097152,0.106,222298,32,256,4096,42,172,236.490211,0.395431832347,-375.567932,-139.077721,-50.557962
1048576,1048576,2097152,0.106,222298,32,256,4096,42,173,237.828710,0.395431832347,-377.649301,-139.820592,-50.557962
1048576,1048576,2097152,0.106,222298,32,256,4096,42,174,239.167209,0.395431832347,-379.730743,-140.563534,-50.557962
1048576,1048576,2097152,0.106,222298,32,256,4096,42,175,240.505708,0.395431832347,-381.812258,-141.306551,-50.557962
1048576,1048576,2097152,0.106,222298,32,256,4096,42,176,241.844207,0.395431832347,-383.893849,-142.049642,-50.557962
1048576,1048576,2097152,0.106,222298,32,256,4096,42,177,243.182706,0.395431832347,-385.975515,-142.792809,-50.557962
1048576,1048576,2097152,0.106,222298,32,256,4096,42,178,244.521205,0.395431832347,-388.057258,-143.536053,-50.557962
1048576,1048576,2097152,0.106,222298,32,256,4096,42,179,245.859704,0.395431832347,-390.139078,-144.279374,-50.557962
1048576,1048576,2097152,0.106,222298,32,256,4096,42,180,247.198203,0.395431832347,-392.220977,-145.022773,-50.557962
1048576,1048576,2097152,0.106,222298,32,256,4096,42,181,248.536702,0.395431832347,-394.302953,-145.766251,-50.557962
1048576,1048576,2097152,0.106,222298,32,256,4096,42,182,249.875201,0.395431832347,-396.385007,-146.509806,-50.557962
1048576,1048576,2097152,0.106,222298,32,256,4096,42,183,251.213700,0.395431832347,-398.467140,-147.253440,-50.557962
1048576,1048576,2097152,0.106,222298,32,256,4096,42,184,252.552200,0.395431832347,-400.549352,-147.997152,-50.557962
1048576,1048576,2097152,0.106,222298,32,256,4096,42,185,253.890699,0.395431832347,-402.631641,-148.740943,-50.557962
1048576,1048576,2097152,0.106,222298,32,256,4096,42,186,255.229198,0.395431832347,-404.714009,-149.484812,-50.557962
1048576,1048576,2097152,0.106,222298,32,256,4096,42,187,256.567697,0.395431832347,-406.796455,-150.228759,-50.557962
1048576,1048576,2097152,0.106,222298,32,256,4096,42,188,257.906196,0.395431832347,-408.878979,-150.972783,-50.557962
1048576,1048576,2097152,0.106,222298,32,256,4096,42,189,259.244695,0.395431832347,-410.961581,-151.716886,-50.557962
1048576,1048576,2097152,0.106,222298,32,256,4096,42,190,260.583194,0.395431832347,-413.044259,-152.461065,-50.557962
1048576,1048576,2097152,0.106,222298,32,256,4096,42,191,261.921693,0.395431832347,-415.127014,-153.205321,-50.557962
1048576,1048576,2097152,0.106,222298,32,256,4096,42,192,263.260192,0.395431832347,-417.209846,-153.949654,-50.557962
1048576,1048576,2097152,0.106,222298,32,256,4096,42,193,264.598691,0.395431832347,-419.292754,-154.694062,-50.557962
1048576,1048576,2097152,0.106,222298,32,256,4096,42,194,265.937190,0.395431832347,-421.375737,-155.438546,-50.557962
1048576,1048576,2097152,0.106,222298,32,256,4096,42,195,267.275689,0.395431832347,-423.458795,-156.183105,-50.557962
1048576,1048576,2097152,0.106,222298,32,256,4096,42,196,268.614188,0.395431832347,-425.541927,-156.927739,-50.557962
1048576,1048576,2097152,0.106,222298,32,256,4096,42,197,269.952688,0.395431832347,-427.625134,-157.672446,-50.557962
1048576,1048576,2097152,0.106,222298,32,256,4096,42,198,271.291187,0.395431832347,-429.708413,-158.417227,-50.557962
1048576,1048576,2097152,0.106,222298,32,256,4096,42,199,272.629686,0.395431832347,-431.791766,-159.162080,-50.557962
1048576,1048576,2097152,0.106,222298,32,256,4096,42,200,273.968185,0.395431832347,-433.875191,-159.907006,-50.557962
1048576,1048576,2097152,0.106,222298,32,256,4096,42,201,275.306684,0.395431832347,-435.958688,-160.652004,-50.557962
1048576,1048576,2097152,0.106,222298,32,256,4096,42,202,276.645183,0.395431832347,-438.042256,-161.397073,-50.557962
1048576,1048576,2097152,0.106,222298,32,256,4096,42,203,277.983682,0.395431832347,-440.125895,-162.142213,-50.557962
1048576,1048576,2097152,0.106,222298,32,256,4096,42,204,279.322181,0.395431832347,-442.209604,-162.887423,-50.557962
1048576,1048576,2097152,0.106,222298,32,256,4096,42,205,280.660680,0.395431832347,-444.293383,-163.632703,-50.557962
1048576,1048576,2097152,0.106,222298,32,256,4096,42,206,281.999179,0.395431832347,-446.377230,-164.378051,-50.557962
1048576,1048576,2097152,0.106,222298,32,256,4096,42,207,283.337678,0.395431832347,-448.461146,-165.123468,-50.557962
1048576,1048576,2097152,0.106,222298,32,256,4096,42,208,284.676177,0.395431832347,-450.545130,-165.868953,-50.557962
1048576,1048576,2097152,0.106,222298,32,256,4096,42,209,286.014677,0.395431832347,-452.629181,-166.614505,-50.557962
1048576,1048576,2097152,0.106,222298,32,256,4096,42,210,287.353176,0.395431832347,-454.713299,-167.360124,-50.557962
1048576,1048576,2097152,0.106,222298,32,256,4096,42,211,288.691675,0.395431832347,-456.797483,-168.105809,-50.557962
1048576,1048576,2097152,0.106,222298,32,256,4096,42,212,290.030174,0.395431832347,-458.881733,-168.851559,-50.557962
1048576,1048576,2097152,0.106,222298,32,256,4096,42,213,291.368673,0.395431832347,-460.966048,-169.597375,-50.557962
1048576,1048576,2097152,0.106,222298,32,256,4096,42,214,292.707172,0.395431832347,-463.050428,-170.343256,-50.557962
1048576,1048576,2097152,0.106,222298,32,256,4096,42,215,294.045671,0.395431832347,-465.134871,-171.089200,-50.557962
1048576,1048576,2097152,0.106,222298,32,256,4096,42,216,295.384170,0.395431832347,-467.219378,-171.835208,-50.557962
1048576,1048576,2097152,0.106,222298,32,256,4096,42,217,296.722669,0.395431832347,-469.303948,-172.581279,-50.557962
1048576,1048576,2097152,0.106,222298,32,256,4096,42,218,298.061168,0.395431832347,-471.388581,-173.327412,-50.557962
1048576,1048576,2097152,0.106,222298,32,256,4096,42,219,299.399667,0.395431832347,-473.473275,-174.073607,-50.557962
1048576,1048576,2097152,0.106,222298,32,256,4096,42,220,300.738166,0.395431832347,-475.558031,-174.819864,-50.557962
1048576,1048576,2097152,0.106,222298,32,256,4096,44,1,-inf,,-2.237843,-inf,-inf
1048576,1048576,2097152,0.106,222298,32,256,4096,44,2,-inf,,-4.475684,-inf,-inf
1048576,1048576,2097152,0.106,222298,32,256,4096,44,3,-inf,,-6.713526,-inf,-inf
1048576,1048576,2097152,0.106,222298,32,256,4096,44,4,-inf,,-8.951366,-inf,-inf
1048576,1048576,2097152,0.106,222298,32,256,4096,44,5,-inf,,-11.189206,-inf,-inf
1048576,1048576,2097152,0.106,222298,32,256,4096,44,6,-inf,,-13.427045,-inf,-inf
1048576,1048576,2097152,0.106,222298,32,256,4096,44,7,-inf,,-15.664883,-inf,-inf
1048576,1048576,2097152,0.106,222298,32,256,4096,44,8,-inf,,-17.902721,-inf,-inf
1048576,1048576,2097152,0.106,222298,32,256,4096,44,9,-inf,,-20.140558,-inf,-inf
1048576,1048576,2097152,0.106,222298,32,256,4096,44,10,-inf,,-22.378394,-inf,-inf
1048576,1048576,2097152,0.106,222298,32,256,4096,44,11,-inf,,-24.616229,-inf,-inf
1048576,1048576,2097152,0.106,222298,32,256,4096,44,12,-inf,,-26.854064,-inf,-inf
1048576,1048576,2097152,0.106,222298,32,256,4096,44,13,-inf,,-29.091897,-inf,-inf
1048576,1048576,2097152,0.106,222298,32,256,4096,44,14,-inf,,-31.329731,-inf,-inf
1048576,1048576,2097152,0.106,222298,32,256,4096,44,15,-inf,,-33.567563,-inf,-inf
1048576,1048576,2097152,0.106,222298,32,256,4096,44,16,-inf,,-35.805394,-inf,-inf
1048576,1048576,2097152,0.106,222298,32,256,4096,44,17,-inf,,-38.043225,-inf,-inf
1048576,1048576,2097152,0.106,222298,32,256,4096,44,18,-inf,,-40.281055,-inf,-inf
1048576,1048576,2097152,0.106,222298,32,256,4096,44,19,-inf,,-42.518884,-inf,-inf
1048576,1048576,2097152,0.106,222298,32,256,4096,44,20,-inf,,-44.756712,-inf,-inf
1048576,1048576,2097152,0.106,222298,32,256,4096,44,21,-inf,,-46.994540,-inf,-inf
1048576,1048576,2097152,0.106,222298,32,256,4096,44,22,-inf,,-49.232366,-inf,-inf
1048576,1048576,2097152,0.106,222298,32,256,4096,44,23,-inf,,-51.470191,-inf,-inf
1048576,1048576,2097152,0.106,222298,32,256,4096,44,24,-inf,,-53.708016,-inf,-inf
1048576,1048576,2097152,0.106,222298,32,256,4096,44,25,-inf,,-55.945839,-inf,-inf
1048576,1048576,2097152,0.106,222298,32,256,4096,44,26,-inf,,-58.183662,-inf,-inf
1048576,1048576,2097152,0.106,222298,32,256,4096,44,27,-inf,,-60.421483,-inf,-inf
1048576,1048576,2097152,0.106,222298,32,256,4096,44,28,-inf,,-62.659303,-inf,-inf
1048576,1048576,2097152,0.106,222298,32,256,4096,44,29,-inf,,-64.897122,-inf,-inf
1048576,1048576,2097152,0.106,222298,32,256,4096,44,30,-inf,,-67.134939,-inf,-inf
1048576,1048576,2097152,0.106,222298,32,256,4096,44,31,-inf,,-69.372755,-inf,-inf
1048576,1048576,2097152,0.106,222298,32,256,4096,44,32,-inf,,-71.610569,-inf,-inf
1048576,1048576,2097152,0.106,222298,32,256,4096,44,33,-inf,,-73.848382,-inf,-inf
1048576,1048576,2097152,0.106,222298,32,256,4096,44,34,-inf,,-76.086193,-inf,-inf
1048576,1048576,2097152,0.106,222298,32,256,4096,44,35,-inf,,-78.324002,-inf,-inf
1048576,1048576,2097152,0.106,222298,32,256,4096,44,36,-inf,,-80.561808,-inf,-inf
1048576,1048576,2097152,0.106,222298,32,256,4096,44,37,-inf,,-82.799612,-inf,-inf
1048576,1048576,2097152,0.106,222298,32,256,4096,44,38,-inf,,-85.037414,-inf,-inf
1048576,1048576,2097152,0.106,222298,32,256,4096,44,39,-inf,,-87.275213,-inf,-inf
1048576,1048576,2097152,0.106,222298,32,256,4096,44,40,-inf,,-89.513008,-inf,-inf
1048576,1048576,2097152,0.106,222298,32,256,4096,44,41,-inf,,-91.750800,-inf,-inf
1048576,1048576,2097152,0.106,222298,32,256,4096,44,42,-inf,,-93.988588,-inf,-inf
1048576,1048576,2097152,0.106,222298,32,256,4096,44,43,-inf,,-96.226371,-inf,-inf
1048576,1048576,2097152,0.106,222298,32,256,4096,44,44,45.112696,0.352176111989,-98.464149,-53.351454,-53.351454
1048576,1048576,2097152,0.106,222298,32,256,4096,44,45,46.618327,0.352176111989,-100.701922,-54.083595,-52.671571
1048576,1048576,2097152,0.106,222298,32,256,4096,44,46,48.123958,0.352176111989,-102.939689,-54.815731,-52.377345
1048576,1048576,2097152,0.106,222298,32,256,4096,44,47,49.629589,0.352176111989,-105.177448,-55.547859,-52.225401
1048576,1048576,2097152,0.106,222298,32,256,4096,44,48,51.135220,0.352176111989,-107.415200,-56.279980,-52.141092
1048576,1048576,2097152,0.106,222298,32,256,4096,44,49,52.640851,0.352176111989,-109.652943,-57.012092,-52.092615
1048576,1048576,2097152,0.106,222298,32,256,4096,44,50,54.146482,0.352176111989,-111.890676,-57.744194,-52.064197
1048576,1048576,2097152,0.106,222298,32,256,4096,44,51,55.652113,0.352176111989,-114.128398,-58.476285,-52.047354
1048576,1048576,2097152,0.106,222298,32,256,4096,44,52,57.157744,0.352176111989,-116.366107,-59.208363,-52.037308
1048576,1048576,2097152,0.106,222298,32,256,4096,44,53,58.663375,0.352176111989,-118.603803,-59.940428,-52.031294
1048576,1048576,2097152,0.106,222298,32,256,4096,44,54,60.169006,0.352176111989,-120.841482,-60.672476,-52.027685
1048576,1048576,2097152,0.106,222298,32,256,4096,44,55,61.674637,0.352176111989,-123.079144,-61.404507,-52.025517
1048576,1048576,2097152,0.106,222298,32,256,4096,44,56,63.180268,0.352176111989,-125.316785,-62.136517,-52.024213
1048576,1048576,2097152,0.106,222298,32,256,4096,44,57,64.685899,0.352176111989,-127.554404,-62.868505,-52.023428
1048576,1048576,2097152,0.106,222298,32,256,4096,44,58,66.191530,0.352176111989,-129.791997,-63.600467,-52.022956
1048576,1048576,2097152,0.106,222298,32,256,4096,44,59,67.697161,0.352176111989,-132.029562,-64.332400,-52.022672
1048576,1048576,2097152,0.106,222298,32,256,4096,44,60,69.202792,0.352176111989,-134.267094,-65.064301,-52.022501
1048576,1048576,2097152,0.106,222298,32,256,4096,44,61,70.708423,0.352176111989,-136.504589,-65.796165,-52.022398
1048576,1048576,2097152,0.106,222298,32,256,4096,44,62,72.214054,0.352176111989,-138.742043,-66.527988,-52.022336
1048576,1048576,2097152,0.106,222298,32,256,4096,44,63,73.719686,0.352176111989,-140.979450,-67.259765,-52.022298
1048576,1048576,2097152,0.106,222298,32,256,4096,44,64,75.225317,0.352176111989,-143.216806,-67.991489,-52.022276
1048576,1048576,2097152,0.106,222298,32,256,4096,44,65,76.730948,0.352176111989,-145.454102,-68.723154,-52.022262
1048576,1048576,2097152,0.106,222298,32,256,4096,44,66,78.236579,0.352176111989,-147.691331,-69.454753,-52.022254
1048576,1048576,2097152,0.106,222298,32,256,4096,44,67,79.742210,0.352176111989,-149.928486,-70.186277,-52.022249
1048576,1048576,2097152,0.106,222298,32,256,4096,44,68,81.247841,0.352176111989,-152.165557,-70.917716,-52.022246
1048576,1048576,2097152,0.106,222298,32,256,4096,44,69,82.753472,0.352176111989,-154.402533,-71.649061,-52.022244
1048576,1048576,2097152,0.106,222298,32,256,4096,44,70,84.259103,0.352176111989,-156.639403,-72.380300,-52.022243
1048576,1048576,2097152,0.106,222298,32,256,4096,44,71,85.764734,0.352176111989,-158.876152,-73.111418,-52.022243
1048576,1048576,2097152,0.106,222298,32,256,4096,44,72,87.270365,0.352176111989,-161.112767,-73.842402,-52.022242
1048576,1048576,2097152,0.106,222298,32,256,4096,44,73,88.775996,0.352176111989,-163.349231,-74.573235,-52.022242
1048576,1048576,2097152,0.106,222298,32,256,4096,44,74,90.281627,0.352176111989,-165.585524,-75.303897,-52.022242
1048576,1048576,2097152,0.106,222298,32,256,4096,44,75,91.787258,0.352176111989,-167.821627,-76.034369,-52.022242
1048576,1048576,2097152,0.106,222298,32,256,4096,44,76,93.292889,0.352176111989,-170.057515,-76.764626,-52.022242
1048576,1048576,2097152,0.106,222298,32,256,4096,44,77,94.798520,0.352176111989,-172.293162,-77.494642,-52.022242
1048576,1048576,2097152,0.106,222298,32,256,4096,44,78,96.304151,0.352176111989,-174.528540,-78.224389,-52.022242
1048576,1048576,2097152,0.106,222298,32,256,4096,44,79,97.809782,0.352176111989,-176.763616,-78.953833,-52.022242
1048576,1048576,2097152,0.106,222298,32,256,4096,44,80,99.315413,0.352176111989,-178.998353,-79.682940,-52.022242
1048576,1048576,2097152,0.106,222298,32,256,4096,44,81,100.821044,0.352176111989,-181.232711,-80.411667,-52.022242
1048576,1048576,2097152,0.106,222298,32,256,4096,44,82,102.326675,0.352176111989,-183.466646,-81.139971,-52.022242
1048576,1048576,2097152,0.106,222298,32,256,4096,44,83,103.832306,0.352176111989,-185.700107,-81.867800,-52.022242
1048576,1048576,2097152,0.106,222298,32,256,4096,44,84,105.337937,0.352176111989,-187.933039,-82.595102,-52.022242
1048576,1048576,2097152,0.106,222298,32,256,4096,44,85,106.843568,0.352176111989,-190.165381,-83.321813,-52.022242
1048576,1048576,2097152,0.106,222298,32,256,4096,44,86,108.349199,0.352176111989,-192.397066,-84.047867,-52.022242
1048576,1048576,2097152,0.106,222298,32,256,4096,44,87,109.854830,0.352176111989,-194.628018,-84.773188,-52.022242
1048576,1048576,2097152,0.106,222298,32,256,4096,44,88,111.360462,0.352176111989,-196.858157,-85.497695,-52.022242
1048576,1048576,2097152,0.106,222298,32,256,4096,44,89,112.866093,0.352176111989,-199.087391,-86.221298,-52.022242
1048576,1048576,2097152,0.106,222298,32,256,4096,44,90,114.371724,0.352176111989,-201.315623,-86.943900,-52.022242
1048576,1048576,2097152,0.106,222298,32,256,4096,44,91,115.877355,0.352176111989,-203.542744,-87.665390,-52.022242
1048576,1048576,2097152,0.106,222298,32,256,4096,44,92,117.382986,0.352176111989,-205.768640,-88.385654,-52.022242
1048576,1048576,2097152,0.106,222298,32,256,4096,44,93,118.888617,0.352176111989,-207.993180,-89.104563,-52.022242
1048576,1048576,2097152,0.106,222298,32,256,4096,44,94,120.394248,0.352176111989,-210.216231,-89.821983,-52.022242
1048576,1048576,2097152,0.106,222298,32,256,4096,44,95,121.899879,0.352176111989,-212.437643,-90.537765,-52.022242
1048576,1048576,2097152,0.106,222298,32,256,4096,44,96,123.405510,0.352176111989,-214.657262,-91.251753,-52.022242
1048576,1048576,2097152,0.106,222298,32,256,4096,44,97,124.911141,0.352176111989,-216.874919,-91.963778,-52.022242
1048576,1048576,2097152,0.106,222298,32,256,4096,44,98,126.416772,0.352176111989,-219.090440,-92.673668,-52.022242
1048576,1048576,2097152,0.106,222298,32,256,4096,44,99,127.922403,0.352176111989,-221.303637,-93.381234,-52.022242
1048576,1048576,2097152,0.106,222298,32,256,4096,44,100,129.428034,0.352176111989,-223.514322,-94.086288,-52.022242
1048576,1048576,2097152,0.106,222298,32,256,4096,44,101,130.933665,0.352176111989,-225.722292,-94.788627,-52.022242
1048576,1048576,2097152,0.106,222298,32,256,4096,44,102,132.439296,0.352176111989,-227.927350,-95.488054,-52.022242
1048576,1048576,2097152,0.106,222298,32,256,4096,44,103,133.944927,0.352176111989,-230.129288,-96.184361,-52.022242
1048576,1048576,2097152,0.106,222298,32,256,4096,44,104,135.450558,0.352176111989,-232.327903,-96.877345,-52.022242
1048576,1048576,2097152,0.106,222298,32,256,4096,44,105,136.956189,0.352176111989,-234.522998,-97.566809,-52.022242
1048576,1048576,2097152,0.106,222298,32,256,4096,44,106,138.461820,0.352176111989,-236.714376,-98.252556,-52.022242
1048576,1048576,2097152,0.106,222298,32,256,4096,44,107,139.967451,0.352176111989,-238.901855,-98.934404,-52.022242
1048576,1048576,2097152,0.106,222298,32,256,4096,44,108,141.473082,0.352176111989,-241.085269,-99.612187,-52.022242
1048576,1048576,2097152,0.106,222298,32,256,4096,44,109,142.978713,0.352176111989,-243.264462,-100.285748,-52.022242
1048576,1048576,2097152,0.106,222298,32,256,4096,44,110,144.484344,0.352176111989,-245.439303,-100.954959,-52.022242
1048576,1048576,2097152,0.106,222298,32,256,4096,44,111,145.989975,0.352176111989,-247.609688,-101.619713,-52.022242
1048576,1048576,2097152,0.106,222298,32,256,4096,44,112,147.495606,0.352176111989,-249.775532,-102.279926,-52.022242
1048576,1048576,2097152,0.106,222298,32,256,4096,44,113,149.001238,0.352176111989,-251.936783,-102.935546,-52.022242
1048576,1048576,2097152,0.106,222298,32,256,4096,44,114,150.506869,0.352176111989,-254.093421,-103.586552,-52.022242
1048576,1048576,2097152,0.106,222298,32,256,4096,44,115,152.012500,0.352176111989,-256.245448,-104.232948,-52.022242
1048576,1048576,2097152,0.106,222298,32,256,4096,44,116,153.518131,0.352176111989,-258.392905,-104.874774,-52.022242
1048576,1048576,2097152,0.106,222298,32,256,4096,44,117,155.023762,0.352176111989,-260.535860,-105.512098,-52.022242
1048576,1048576,2097152,0.106,222298,32,256,4096,44,118,156.529393,0.352176111989,-262.674404,-106.145011,-52.022242
1048576,1048576,2097152,0.106,222298,32,256,4096,44,119,158.035024,0.352176111989,-264.808660,-106.773636,-52.022242
1048576,1048576,2097152,0.106,222298,32,256,4096,44,120,159.540655,0.352176111989,-266.938772,-107.398117,-52.022242
1048576,1048576,2097152,0.106,222298,32,256,4096,44,121,161.046286,0.352176111989,-269.064898,-108.018612,-52.022242
1048576,1048576,2097152,0.106,222298,32,256,4096,44,122,162.551917,0.352176111989,-271.187219,-108.635302,-52.022242
1048576,1048576,2097152,0.106,222298,32,256,4096,44,123,164.057548,0.352176111989,-273.305926,-109.248378,-52.022242
1048576,1048576,2097152,0.106,222298,32,256,4096,44,124,165.563179,0.352176111989,-275.421216,-109.858037,-52.022242
1048576,1048576,2097152,0.106,222298,32,256,4096,44,125,167.068810,0.352176111989,-277.533295,-110.464485,-52.022242
1048576,1048576,2097152,0.106,222298,32,256,4096,44,126,168.574441,0.352176111989,-279.642372,-111.067931,-52.022242
1048576,1048576,2097152,0.106,222298,32,256,4096,44,127,170.080072,0.352176111989,-281.748651,-111.668579,-52.022242
1048576,1048576,2097152,0.106,222298,32,256,4096,44,128,171.585703,0.352176111989,-283.852337,-112.266634,-52.022242
1048576,1048576,2097152,0.106,222298,32,256,4096,44,129,173.091334,0.352176111989,-285.953631,-112.862297,-52.022242
1048576,1048576,2097152,0.106,222298,32,256,4096,44,130,174.596965,0.352176111989,-288.052724,-113.455758,-52.022242
1048576,1048576,2097152,0.106,222298,32,256,4096,44,131,176.102596,0.352176111989,-290.149799,-114.047203,-52.022242
1048576,1048576,2097152,0.106,222298,32,256,4096,44,132,177.608227,0.352176111989,-292.245035,-114.636808,-52.022242
1048576,1048576,2097152,0.106,222298,32,256,4096,44,133,179.113858,0.352176111989,-294.338595,-115.224737,-52.022242
1048576,1048576,2097152,0.106,222298,32,256,4096,44,134,180.619489,0.352176111989,-296.430636,-115.811146,-52.022242
1048576,1048576,2097152,0.106,222298,32,256,4096,44,135,182.125120,0.352176111989,-298.521304,-116.396183,-52.022242
1048576,1048576,2097152,0.106,222298,32,256,4096,44,136,183.630751,0.352176111989,-300.610733,-116.979982,-52.022242
1048576,1048576,2097152,0.106,222298,32,256,4096,44,137,185.136382,0.352176111989,-302.699049,-117.562667,-52.022242
1048576,1048576,2097152,0.106,222298,32,256,4096,44,138,186.642014,0.352176111989,-304.786369,-118.144355,-52.022242
1048576,1048576,2097152,0.106,222298,32,256,4096,44,139,188.147645,0.352176111989,-306.872797,-118.725152,-52.022242
1048576,1048576,2097152,0.106,222298,32,256,4096,44,140,189.653276,0.352176111989,-308.958431,-119.305155,-52.022242
1048576,1048576,2097152,0.106,222298,32,256,4096,44,141,191.158907,0.352176111989,-311.043360,-119.884453,-52.022242
1048576,1048576,2097152,0.106,222298,32,256,4096,44,142,192.664538,0.352176111989,-313.127665,-120.463127,-52.022242
1048576,1048576,2097152,0.106,222298,32,256,4096,44,143,194.170169,0.352176111989,-315.211418,-121.041250,-52.022242
1048576,1048576,2097152,0.106,222298,32,256,4096,44,144,195.675800,0.352176111989,-317.294688,-121.618888,-52.022242
1048576,1048576,2097152,0.106,222298,32,256,4096,44,145,197.181431,0.352176111989,-319.377534,-122.196103,-52.022242
1048576,1048576,2097152,0.106,222298,32,256,4096,44,146,198.687062,0.352176111989,-321.460010,-122.772948,-52.022242
1048576,1048576,2097152,0.106,222298,32,256,4096,44,147,200.192693,0.352176111989,-323.542166,-123.349473,-52.022242
1048576,1048576,2097152,0.106,222298,32,256,4096,44,148,201.698324,0.352176111989,-325.624045,-123.925721,-52.022242
1048576,1048576,2097152,0.106,222298,32,256,4096,44,149,203.203955,0.352176111989,-327.705688,-124.501733,-52.022242
1048576,1048576,2097152,0.106,222298,32,256,4096,44,150,204.709586,0.352176111989,-329.787131,-125.077545,-52.022242
1048576,1048576,2097152,0.106,222298,32,256,4096,44,151,206.215217,0.352176111989,-331.868404,-125.653187,-52.022242
1048576,1048576,2097152,0.106,222298,32,256,4096,44,152,207.720848,0.352176111989,-333.949538,-126.228690,-52.022242
1048576,1048576,2097152,0.106,222298,32,256,4096,44,153,209.226479,0.352176111989,-336.030557,-126.804078,-52.022242
1048576,1048576,2097152,0.106,222298,32,256,4096,44,154,210.732110,0.352176111989,-338.111485,-127.379375,-52.022242
1048576,1048576,2097152,0.106,222298,32,256,4096,44,155,212.237741,0.352176111989,-340.192342,-127.954601,-52.022242
1048576,1048576,2097152,0.106,222298,32,256,4096,44,156,213.743372,0.352176111989,-342.273146,-128.529774,-52.022242
1048576,1048576,2097152,0.106,222298,32,256,4096,44,157,215.249003,0.352176111989,-344.353915,-129.104911,-52.022242
1048576,1048576,2097152,0.106,222298,32,256,4096,44,158,216.754634,0.352176111989,-346.434661,-129.680026,-52.022242
1048576,1048576,2097152,0.106,222298,32,256,4096,44,159,218.260265,0.352176111989,-348.515398,-130.255132,-52.022242
1048576,1048576,2097152,0.106,222298,32,256,4096,44,160,219.765896,0.352176111989,-350.596137,-130.830241,-52.022242
1048576,1048576,2097152,0.106,222298,32,256,4096,44,161,221.271527,0.352176111989,-352.676889,-131.405362,-52.022242
1048576,1048576,2097152,0.106,222298,32,256,4096,44,162,222.777158,0.352176111989,-354.757663,-131.980504,-52.022242
1048576,1048576,2097152,0.106,222298,32,256,4096,44,163,224.282790,0.352176111989,-356.838466,-132.555676,-52.022242
1048576,1048576,2097152,0.106,222298,32,256,4096,44,164,225.782218,0.395431832347,-358.919305,-133.137087,-52.022242
1048576,1048576,2097152,0.106,222298,32,256,4096,44,165,227.120717,0.395431832347,-361.000187,-133.879470,-52.022242
1048576,1048576,2097152,0.106,222298,32,256,4096,44,166,228.459216,0.395431832347,-363.081117,-134.621901,-52.022242
1048576,1048576,2097152,0.106,222298,32,256,4096,44,167,229.797715,0.395431832347,-365.162100,-135.364385,-52.022242
1048576,1048576,2097152,0.106,222298,32,256,4096,44,168,231.136214,0.395431832347,-367.243139,-136.106925,-52.022242
1048576,1048576,2097152,0.106,222298,32,256,4096,44,169,232.474713,0.395431832347,-369.324239,-136.849526,-52.022242
1048576,1048576,2097152,0.106,222298,32,256,4096,44,170,233.813212,0.395431832347,-371.405403,-137.592191,-52.022242
1048576,1048576,2097152,0.106,222298,32,256,4096,44,171,235.151711,0.395431832347,-373.486633,-138.334922,-52.022242
1048576,1048576,2097152,0.106,222298,32,256,4096,44,172,236.490211,0.395431832347,-375.567932,-139.077721,-52.022242
1048576,1048576,2097152,0.106,222298,32,256,4096,44,173,237.828710,0.395431832347,-377.649301,-139.820592,-52.022242
1048576,1048576,2097152,0.106,222298,32,256,4096,44,174,239.167209,0.395431832347,-379.730743,-140.563534,-52.022242
1048576,1048576,2097152,0.106,222298,32,256,4096,44,175,240.505708,0.395431832347,-381.812258,-141.306551,-52.022242
1048576,1048576,2097152,0.106,222298,32,256,4096,44,176,241.844207,0.395431832347,-383.893849,-142.049642,-52.022242
1048576,1048576,2097152,0.106,222298,32,256,4096,44,177,243.182706,0.395431832347,-385.975515,-142.792809,-52.022242
1048576,1048576,2097152,0.106,222298,32,256,4096,44,178,244.521205,0.395431832347,-388.057258,-143.536053,-52.022242
1048576,1048576,2097152,0.106,222298,32,256,4096,44,179,245.859704,0.395431832347,-390.139078,-144.279374,-52.022242
1048576,1048576,2097152,0.106,222298,32,256,4096,44,180,247.198203,0.395431832347,-392.220977,-145.022773,-52.022242
1048576,1048576,2097152,0.106,222298,32,256,4096,44,181,248.536702,0.395431832347,-394.302953,-145.766251,-52.022242
1048576,1048576,2097152,0.106,222298,32,256,4096,44,182,249.875201,0.395431832347,-396.385007,-146.509806,-52.022242
1048576,1048576,2097152,0.106,222298,32,256,4096,44,183,251.213700,0.395431832347,-398.467140,-147.253440,-52.022242
1048576,1048576,2097152,0.106,222298,32,256,4096,44,184,252.552200,0.395431832347,-400.549352,-147.997152,-52.022242
1048576,1048576,2097152,0.106,222298,32,256,4096,44,185,253.890699,0.395431832347,-402.631641,-148.740943,-52.022242
1048576,1048576,2097152,0.106,222298,32,256,4096,44,186,255.229198,0.395431832347,-404.714009,-149.484812,-52.022242
1048576,1048576,2097152,0.106,222298,32,256,4096,44,187,256.567697,0.395431832347,-406.796455,-150.228759,-52.022242
1048576,1048576,2097152,0.106,222298,32,256,4096,44,188,257.906196,0.395431832347,-408.878979,-150.972783,-52.022242
1048576,1048576,2097152,0.106,222298,32,256,4096,44,189,259.244695,0.395431832347,-410.961581,-151.716886,-52.022242
1048576,1048576,2097152,0.106,222298,32,256,4096,44,190,260.583194,0.395431832347,-413.044259,-152.461065,-52.022242
1048576,1048576,2097152,0.106,222298,32,256,4096,44,191,261.921693,0.395431832347,-415.127014,-153.205321,-52.022242
1048576,1048576,2097152,0.106,222298,32,256,4096,44,192,263.260192,0.395431832347,-417.209846,-153.949654,-52.022242
1048576,1048576,2097152,0.106,222298,32,256,4096,44,193,264.598691,0.395431832347,-419.292754,-154.694062,-52.022242
1048576,1048576,2097152,0.106,222298,32,256,4096,44,194,265.937190,0.395431832347,-421.375737,-155.438546,-52.022242
1048576,1048576,2097152,0.106,222298,32,256,4096,44,195,267.275689,0.395431832347,-423.458795,-156.183105,-52.022242
1048576,1048576,2097152,0.106,222298,32,256,4096,44,196,268.614188,0.395431832347,-425.541927,-156.927739,-52.022242
1048576,1048576,2097152,0.106,222298,32,256,4096,44,197,269.952688,0.395431832347,-427.625134,-157.672446,-52.022242
1048576,1048576,2097152,0.106,222298,32,256,4096,44,198,271.291187,0.395431832347,-429.708413,-158.417227,-52.022242
1048576,1048576,2097152,0.106,222298,32,256,4096,44,199,272.629686,0.395431832347,-431.791766,-159.162080,-52.022242
1048576,1048576,2097152,0.106,222298,32,256,4096,44,200,273.968185,0.395431832347,-433.875191,-159.907006,-52.022242
1048576,1048576,2097152,0.106,222298,32,256,4096,44,201,275.306684,0.395431832347,-435.958688,-160.652004,-52.022242
1048576,1048576,2097152,0.106,222298,32,256,4096,44,202,276.645183,0.395431832347,-438.042256,-161.397073,-52.022242
1048576,1048576,2097152,0.106,222298,32,256,4096,44,203,277.983682,0.395431832347,-440.125895,-162.142213,-52.022242
1048576,1048576,2097152,0.106,222298,32,256,4096,44,204,279.322181,0.395431832347,-442.209604,-162.887423,-52.022242
1048576,1048576,2097152,0.106,222298,32,256,4096,44,205,280.660680,0.395431832347,-444.293383,-163.632703,-52.022242
1048576,1048576,2097152,0.106,222298,32,256,4096,44,206,281.999179,0.395431832347,-446.377230,-164.378051,-52.022242
1048576,1048576,2097152,0.106,222298,32,256,4096,44,207,283.337678,0.395431832347,-448.461146,-165.123468,-52.022242
1048576,1048576,2097152,0.106,222298,32,256,4096,44,208,284.676177,0.395431832347,-450.545130,-165.868953,-52.022242
1048576,1048576,2097152,0.106,222298,32,256,4096,44,209,286.014677,0.395431832347,-452.629181,-166.614505,-52.022242
1048576,1048576,2097152,0.106,222298,32,256,4096,44,210,287.353176,0.395431832347,-454.713299,-167.360124,-52.022242
1048576,1048576,2097152,0.106,222298,32,256,4096,44,211,288.691675,0.395431832347,-456.797483,-168.105809,-52.022242
1048576,1048576,2097152,0.106,222298,32,256,4096,44,212,290.030174,0.395431832347,-458.881733,-168.851559,-52.022242
1048576,1048576,2097152,0.106,222298,32,256,4096,44,213,291.368673,0.395431832347,-460.966048,-169.597375,-52.022242
1048576,1048576,2097152,0.106,222298,32,256,4096,44,214,292.707172,0.395431832347,-463.050428,-170.343256,-52.022242
1048576,1048576,2097152,0.106,222298,32,256,4096,44,215,294.045671,0.395431832347,-465.134871,-171.089200,-52.022242
1048576,1048576,2097152,0.106,222298,32,256,4096,44,216,295.384170,0.395431832347,-467.219378,-171.835208,-52.022242
1048576,1048576,2097152,0.106,222298,32,256,4096,44,217,296.722669,0.395431832347,-469.303948,-172.581279,-52.022242
1048576,1048576,2097152,0.106,222298,32,256,4096,44,218,298.061168,0.395431832347,-471.388581,-173.327412,-52.022242
1048576,1048576,2097152,0.106,222298,32,256,4096,44,219,299.399667,0.395431832347,-473.473275,-174.073607,-52.022242
1048576,1048576,2097152,0.106,222298,32,256,4096,44,220,300.738166,0.395431832347,-475.558031,-174.819864,-52.022242
1048576,1048576,2097152,0.106,222298,32,256,4096,46,1,-inf,,-2.237843,-inf,-inf
1048576,1048576,2097152,0.106,222298,32,256,4096,46,2,-inf,,-4.475684,-inf,-inf
1048576,1048576,2097152,0.106,222298,32,256,4096,46,3,-inf,,-6.713526,-inf,-inf
1048576,1048576,2097152,0.106,222298,32,256,4096,46,4,-inf,,-8.951366,-inf,-inf
1048576,1048576,2097152,0.106,222298,32,256,4096,46,5,-inf,,-11.189206,-inf,-inf
1048576,1048576,2097152,0.106,222298,32,256,4096,46,6,-inf,,-13.427045,-inf,-inf
1048576,1048576,2097152,0.106,222298,32,256,4096,46,7,-inf,,-15.664883,-inf,-inf
1048576,1048576,2097152,0.106,222298,32,256,4096,46,8,-inf,,-17.902721,-inf,-inf
1048576,1048576,2097152,0.106,222298,32,256,4096,46,9,-inf,,-20.140558,-inf,-inf
1048576,1048576,2097152,0.106,222298,32,256,4096,46,10,-inf,,-22.378394,-inf,-inf
1048576,1048576,2097152,0.106,222298,32,256,4096,46,11,-inf,,-24.616229,-inf,-inf
1048576,1048576,2097152,0.106,222298,32,256,4096,46,12,-inf,,-26.854064,-inf,-inf
1048576,1048576,2097152,0.106,222298,32,256,4096,46,13,-inf,,-29.091897,-inf,-inf
1048576,1048576,2097152,0.106,222298,32,256,4096,46,14,-inf,,-31.329731,-inf,-inf
1048576,1048576,2097152,0.106,222298,32,256,4096,46,15,-inf,,-33.567563,-inf,-inf
1048576,1048576,2097152,0.106,222298,32,256,4096,46,16,-inf,,-35.805394,-inf,-inf
1048576,1048576,2097152,0.106,222298,32,256,4096,46,17,-inf,,-38.043225,-inf,-inf
1048576,1048576,2097152,0.106,222298,32,256,4096,46,18,-inf,,-40.281055,-inf,-inf
1048576,1048576,2097152,0.106,222298,32,256,4096,46,19,-inf,,-42.518884,-inf,-inf
1048576,1048576,2097152,0.106,222298,32,256,4096,46,20,-inf,,-44.756712,-inf,-inf
1048576,1048576,2097152,0.106,222298,32,256,4096,46,21,-inf,,-46.994540,-inf,-inf
1048576,1048576,2097152,0.106,222298,32,256,4096,46,22,-inf,,-49.232366,-inf,-inf
1048576,1048576,2097152,0.106,222298,32,256,4096,46,23,-inf,,-51.470191,-inf,-inf
1048576,1048576,2097152,0.106,222298,32,256,4096,46,24,-inf,,-53.708016,-inf,-inf
1048576,1048576,2097152,0.106,222298,32,256,4096,46,25,-inf,,-55.945839,-inf,-inf
1048576,1048576,2097152,0.106,222298,32,256,4096,46,26,-inf,,-58.183662,-inf,-inf
1048576,1048576,2097152,0.106,222298,32,256,4096,46,27,-inf,,-60.421483,-inf,-inf
1048576,1048576,2097152,0.106,222298,32,256,4096,46,28,-inf,,-62.659303,-inf,-inf
1048576,1048576,2097152,0.106,222298,32,256,4096,46,29,-inf,,-64.897122,-inf,-inf
1048576,1048576,2097152,0.106,222298,32,256,4096,46,30,-inf,,-67.134939,-inf,-inf
1048576,1048576,2097152,0.106,222298,32,256,4096,46,31,-inf,,-69.372755,-inf,-inf
1048576,1048576,2097152,0.106,222298,32,256,4096,46,32,-inf,,-71.610569,-inf,-inf
1048576,1048576,2097152,0.106,222298,32,256,4096,46,33,-inf,,-73.848382,-inf,-inf
1048576,1048576,2097152,0.106,222298,32,256,4096,46,34,-inf,,-76.086193,-inf,-inf
1048576,1048576,2097152,0.106,222298,32,256,4096,46,35,-inf,,-78.324002,-inf,-inf
1048576,1048576,2097152,0.106,222298,32,256,4096,46,36,-inf,,-80.561808,-inf,-inf
1048576,1048576,2097152,0.106,222298,32,256,4096,46,37,-inf,,-82.799612,-inf,-inf
1048576,1048576,2097152,0.106,222298,32,256,4096,46,38,-inf,,-85.037414,-inf,-inf
1048576,1048576,2097152,0.106,222298,32,256,4096,46,39,-inf,,-87.275213,-inf,-inf
1048576,1048576,2097152,0.106,222298,32,256,4096,46,40,-inf,,-89.513008,-inf,-inf
1048576,1048576,2097152,0.106,222298,32,256,4096,46,41,-inf,,-91.750800,-inf,-inf
1048576,1048576,2097152,0.106,222298,32,256,4096,46,42,-inf,,-93.988588,-inf,-inf
1048576,1048576,2097152,0.106,222298,32,256,4096,46,43,-inf,,-96.226371,-inf,-inf
1048576,1048576,2097152,0.106,222298,32,256,4096,46,44,-inf,,-98.464149,-inf,-inf
1048576,1048576,2097152,0.106,222298,32,256,4096,46,45,-inf,,-100.701922,-inf,-inf
1048576,1048576,2097152,0.106,222298,32,256,4096,46,46,48.123958,0.352176111989,-102.939689,-54.815731,-54.815731
1048576,1048576,2097152,0.106,222298,32,256,4096,46,47,49.629589,0.352176111989,-105.177448,-55.547859,-54.135843
1048576,1048576,2097152,0.106,222298,32,256,4096,46,48,51.135220,0.352176111989,-107.415200,-56.279980,-53.841613
1048576,1048576,2097152,0.106,222298,32,256,4096,46,49,52.640851,0.352176111989,-109.652943,-57.012092,-53.689666
1048576,1048576,2097152,0.106,222298,32,256,4096,46,50,54.146482,0.352176111989,-111.890676,-57.744194,-53.605354
1048576,1048576,2097152,0.106,222298,32,256,4096,46,51,55.652113,0.352176111989,-114.128398,-58.476285,-53.556874
1048576,1048576,2097152,0.106,222298,32,256,4096,46,52,57.157744,0.352176111989,-116.366107,-59.208363,-53.528454
1048576,1048576,2097152,0.106,222298,32,256,4096,46,53,58.663375,0.352176111989,-118.603803,-59.940428,-53.511610
1048576,1048576,2097152,0.106,222298,32,256,4096,46,54,60.169006,0.352176111989,-120.841482,-60.672476,-53.501564
1048576,1048576,2097152,0.106,222298,32,256,4096,46,55,61.674637,0.352176111989,-123.079144,-61.404507,-53.495549
1048576,1048576,2097152,0.106,222298,32,256,4096,46,56,63.180268,0.352176111989,-125.316785,-62.136517,-53.491939
1048576,1048576,2097152,0.106,222298,32,256,4096,46,57,64.685899,0.352176111989,-127.554404,-62.868505,-53.489770
1048576,1048576,2097152,0.106,222298,32,256,4096,46,58,66.191530,0.352176111989,-129.791997,-63.600467,-53.488466
1048576,1048576,2097152,0.106,222298,32,256,4096,46,59,67.697161,0.352176111989,-132.029562,-64.332400,-53.487681
1048576,1048576,2097152,0.106,222298,32,256,4096,46,60,69.202792,0.352176111989,-134.267094,-65.064301,-53.487209
1048576,1048576,2097152,0.106,222298,32,256,4096,46,61,70.708423,0.352176111989,-136.504589,-65.796165,-53.486925
1048576,1048576,2097152,0.106,222298,32,256,4096,46,62,72.214054,0.352176111989,-138.742043,-66.527988,-53.486754
1048576,1048576,2097152,0.106,222298,32,256,4096,46,63,73.719686,0.352176111989,-140.979450,-67.259765,-53.486651
1048576,1048576,2097152,0.106,222298,32,256,4096,46,64,75.225317,0.352176111989,-143.216806,-67.991489,-53.486588
1048576,1048576,2097152,0.106,222298,32,256,4096,46,65,76.730948,0.352176111989,-145.454102,-68.723154,-53.486551
1048576,1048576,2097152,0.106,222298,32,256,4096,46,66,78.236579,0.352176111989,-147.691331,-69.454753,-53.486529
1048576,1048576,2097152,0.106,222298,32,256,4096,46,67,79.742210,0.352176111989,-149.928486,-70.186277,-53.486515
1048576,1048576,2097152,0.106,222298,32,256,4096,46,68,81.247841,0.352176111989,-152.165557,-70.917716,-53.486507
1048576,1048576,2097152,0.106,222298,32,256,4096,46,69,82.753472,0.352176111989,-154.402533,-71.649061,-53.486502
1048576,1048576,2097152,0.106,222298,32,256,4096,46,70,84.259103,0.352176111989,-156.639403,-72.380300,-53.486499
1048576,1048576,2097152,0.106,222298,32,256,4096,46,71,85.764734,0.352176111989,-158.876152,-73.111418,-53.486497
1048576,1048576,2097152,0.106,222298,32,256,4096,46,72,87.270365,0.352176111989,-161.112767,-73.842402,-53.486496
1048576,1048576,2097152,0.106,222298,32,256,4096,46,73,88.775996,0.352176111989,-163.349231,-74.573235,-53.486496
1048576,1048576,2097152,0.106,222298,32,256,4096,46,74,90.281627,0.352176111989,-165.585524,-75.303897,-53.486495
1048576,1048576,2097152,0.106,222298,32,256,4096,46,75,91.787258,0.352176111989,-167.821627,-76.034369,-53.486495
1048576,1048576,2097152,0.106,222298,32,256,4096,46,76,93.292889,0.352176111989,-170.057515,-76.764626,-53.486495
1048576,1048576,2097152,0.106,222298,32,256,4096,46,77,94.798520,0.352176111989,-172.293162,-77.494642,-53.486495
1048576,1048576,2097152,0.106,222298,32,256,4096,46,78,96.304151,0.352176111989,-174.528540,-78.224389,-53.486495
1048576,1048576,2097152,0.106,222298,32,256,4096,46,79,97.809782,0.352176111989,-176.763616,-78.953833,-53.486495
1048576,1048576,2097152,0.106,222298,32,256,4096,46,80,99.315413,0.352176111989,-178.998353,-79.682940,-53.486495
1048576,1048576,2097152,0.106,222298,32,256,4096,46,81,100.821044,0.352176111989,-181.232711,-80.411667,-53.486495
1048576,1048576,2097152,0.106,222298,32,256,4096,46,82,102.326675,0.352176111989,-183.466646,-81.139971,-53.486495
1048576,1048576,2097152,0.106,222298,32,256,4096,46,83,103.832306,0.352176111989,-185.700107,-81.867800,-53.486495
1048576,1048576,2097152,0.106,222298,32,256,4096,46,84,105.337937,0.352176111989,-187.933039,-82.595102,-53.486495
1048576,1048576,2097152,0.106,222298,32,256,4096,46,85,106.843568,0.352176111989,-190.165381,-83.321813,-53.486495
1048576,1048576,2097152,0.106,222298,32,256,4096,46,86,108.349199,0.352176111989,-192.397066,-84.047867,-53.486495
1048576,1048576,2097152,0.106,222298,32,256,4096,46,87,109.854830,0.352176111989,-194.628018,-84.773188,-53.486495
1048576,1048576,2097152,0.106,222298,32,256,4096,46,88,111.360462,0.352176111989,-196.858157,-85.497695,-53.486495
1048576,1048576,2097152,0.106,222298,32,256,4096,46,89,112.866093,0.352176111989,-199.087391,-86.221298,-53.486495
1048576,1048576,2097152,0.106,222298,32,256,4096,46,90,114.371724,0.352176111989,-201.315623,-86.943900,-53.486495
1048576,1048576,2097152,0.106,222298,32,256,4096,46,91,115.877355,0.352176111989,-203.542744,-87.665390,-53.486495
1048576,1048576,2097152,0.106,222298,32,256,4096,46,92,117.382986,0.352176111989,-205.768640,-88.385654,-53.486495
1048576,1048576,2097152,0.106,222298,32,256,4096,46,93,118.888617,0.352176111989,-207.993180,-89.104563,-53.486495
1048576,1048576,2097152,0.106,222298,32,256,4096,46,94,120.394248,0.352176111989,-210.216231,-89.821983,-53.486495
1048576,1048576,2097152,0.106,222298,32,256,4096,46,95,121.899879,0.352176111989,-212.437643,-90.537765,-53.486495
1048576,1048576,2097152,0.106,222298,32,256,4096,46,96,123.405510,0.352176111989,-214.657262,-91.251753,-53.486495
1048576,1048576,2097152,0.106,222298,32,256,4096,46,97,124.911141,0.352176111989,-216.874919,-91.963778,-53.486495
1048576,1048576,2097152,0.106,222298,32,256,4096,46,98,126.416772,0.352176111989,-219.090440,-92.673668,-53.486495
1048576,1048576,2097152,0.106,222298,32,256,4096,46,99,127.922403,0.352176111989,-221.303637,-93.381234,-53.486495
1048576,1048576,2097152,0.106,222298,32,256,4096,46,100,129.428034,0.352176111989,-223.514322,-94.086288,-53.486495
1048576,1048576,2097152,0.106,222298,32,256,4096,46,101,130.933665,0.352176111989,-225.722292,-94.788627,-53.486495
1048576,1048576,2097152,0.106,222298,32,256,4096,46,102,132.439296,0.352176111989,-227.927350,-95.488054,-53.486495
1048576,1048576,2097152,0.106,222298,32,256,4096,46,103,133.944927,0.352176111989,-230.129288,-96.184361,-53.486495
1048576,1048576,2097152,0.106,222298,32,256,4096,46,104,135.450558,0.352176111989,-232.327903,-96.877345,-53.486495
1048576,1048576,2097152,0.106,222298,32,256,4096,46,105,136.956189,0.352176111989,-234.522998,-97.566809,-53.486495
1048576,1048576,2097152,0.106,222298,32,256,4096,46,106,138.461820,0.352176111989,-236.714376,-98.252556,-53.486495
1048576,1048576,2097152,0.106,222298,32,256,4096,46,107,139.967451,0.352176111989,-238.901855,-98.934404,-53.486495
1048576,1048576,2097152,0.106,222298,32,256,4096,46,108,141.473082,0.352176111989,-241.085269,-99.612187,-53.486495
1048576,1048576,2097152,0.106,222298,32,256,4096,46,109,142.978713,0.352176111989,-243.264462,-100.285748,-53.486495
1048576,1048576,2097152,0.106,222298,32,256,4096,46,110,144.484344,0.352176111989,-245.439303,-100.954959,-53.486495
1048576,1048576,2097152,0.106,222298,32,256,4096,46,111,145.989975,0.352176111989,-247.609688,-101.619713,-53.486495
1048576,1048576,2097152,0.106,222298,32,256,4096,46,112,147.495606,0.352176111989,-249.775532,-102.279926,-53.486495
1048576,1048576,2097152,0.106,222298,32,256,4096,46,113,149.001238,0.352176111989,-251.936783,-102.935546,-53.486495
1048576,1048576,2097152,0.106,222298,32,256,4096,46,114,150.506869,0.352176111989,-254.093421,-103.586552,-53.486495
1048576,1048576,2097152,0.106,222298,32,256,4096,46,115,152.012500,0.352176111989,-256.245448,-104.232948,-53.486495
1048576,1048576,2097152,0.106,222298,32,256,4096,46,116,153.518131,0.352176111989,-258.392905,-104.874774,-53.486495
1048576,1048576,2097152,0.106,222298,32,256,4096,46,117,155.023762,0.352176111989,-260.535860,-105.512098,-53.486495
1048576,1048576,2097152,0.106,222298,32,256,4096,46,118,156.529393,0.352176111989,-262.674404,-106.145011,-53.486495
1048576,1048576,2097152,0.106,222298,32,256,4096,46,119,158.035024,0.352176111989,-264.808660,-106.773636,-53.486495
1048576,1048576,2097152,0.106,222298,32,256,4096,46,120,159.540655,0.352176111989,-266.938772,-107.398117,-53.486495
1048576,1048576,2097152,0.106,222298,32,256,4096,46,121,161.046286,0.352176111989,-269.064898,-108.018612,-53.486495
1048576,1048576,2097152,0.106,222298,32,256,4096,46,122,162.551917,0.352176111989,-271.187219,-108.635302,-53.486495
1048576,1048576,2097152,0.106,222298,32,256,4096,46,123,164.057548,0.352176111989,-273.305926,-109.248378,-53.486495
1048576,1048576,2097152,0.106,222298,32,256,4096,46,124,165.563179,0.352176111989,-275.421216,-109.858037,-53.486495
1048576,1048576,2097152,0.106,222298,32,256,4096,46,125,167.068810,0.352176111989,-277.533295,-110.464485,-53.486495
1048576,1048576,2097152,0.106,222298,32,256,4096,46,126,168.574441,0.352176111989,-279.642372,-111.067931,-53.486495
1048576,1048576,2097152,0.106,222298,32,256,4096,46,127,170.080072,0.352176111989,-281.748651,-111.668579,-53.486495
1048576,1048576,2097152,0.106,222298,32,256,4096,46,128,171.585703,0.352176111989,-283.852337,-112.266634,-53.486495
1048576,1048576,2097152,0.106,222298,32,256,4096,46,129,173.091334,0.352176111989,-285.953631,-112.862297,-53.486495
1048576,1048576,2097152,0.106,222298,32,256,4096,46,130,174.596965,0.352176111989,-288.052724,-113.455758,-53.486495
1048576,1048576,2097152,0.106,222298,32,256,4096,46,131,176.102596,0.352176111989,-290.149799,-114.047203,-53.486495
1048576,1048576,2097152,0.106,222298,32,256,4096,46,132,177.608227,0.352176111989,-292.245035,-114.636808,-53.486495
1048576,1048576,2097152,0.106,222298,32,256,4096,46,133,179.113858,0.352176111989,-294.338595,-115.224737,-53.486495
1048576,1048576,2097152,0.106,222298,32,256,4096,46,134,180.619489,0.352176111989,-296.430636,-115.811146,-53.486495
1048576,1048576,2097152,0.106,222298,32,256,4096,46,135,182.125120,0.352176111989,-298.521304,-116.396183,-53.486495
1048576,1048576,2097152,0.106,222298,32,256,4096,46,136,183.630751,0.352176111989,-300.610733,-116.979982,-53.486495
1048576,1048576,2097152,0.106,222298,32,256,4096,46,137,185.136382,0.352176111989,-302.699049,-117.562667,-53.486495
1048576,1048576,2097152,0.106,222298,32,256,4096,46,138,186.642014,0.352176111989,-304.786369,-118.144355,-53.486495
1048576,1048576,2097152,0.106,222298,32,256,4096,46,139,188.147645,0.352176111989,-306.872797,-118.725152,-53.486495
1048576,1048576,2097152,0.106,222298,32,256,4096,46,140,189.653276,0.352176111989,-308.958431,-119.305155,-53.486495
1048576,1048576,2097152,0.106,222298,32,256,4096,46,141,191.158907,0.352176111989,-311.043360,-119.884453,-53.486495
1048576,1048576,2097152,0.106,222298,32,256,4096,46,142,192.664538,0.352176111989,-313.127665,-120.463127,-53.486495
1048576,1048576,2097152,0.106,222298,32,256,4096,46,143,194.170169,0.352176111989,-315.211418,-121.041250,-53.486495
1048576,1048576,2097152,0.106,222298,32,256,4096,46,144,195.675800,0.352176111989,-317.294688,-121.618888,-53.486495
1048576,1048576,2097152,0.106,222298,32,256,4096,46,145,197.181431,0.352176111989,-319.377534,-122.196103,-53.486495
1048576,1048576,2097152,0.106,222298,32,256,4096,46,146,198.687062,0.352176111989,-321.460010,-122.772948,-53.486495
1048576,1048576,2097152,0.106,222298,32,256,4096,46,147,200.192693,0.352176111989,-323.542166,-123.349473,-53.486495
1048576,1048576,2097152,0.106,222298,32,256,4096,46,148,201.698324,0.352176111989,-325.624045,-123.925721,-53.486495
1048576,1048576,2097152,0.106,222298,32,256,4096,46,149,203.203955,0.352176111989,-327.705688,-124.501733,-53.486495
1048576,1048576,2097152,0.106,222298,32,256,4096,46,150,204.709586,0.352176111989,-329.787131,-125.077545,-53.486495
1048576,1048576,2097152,0.106,222298,32,256,4096,46,151,206.215217,0.352176111989,-331.868404,-125.653187,-53.486495
1048576,1048576,2097152,0.106,222298,32,256,4096,46,152,207.720848,0.352176111989,-333.949538,-126.228690,-53.486495
1048576,1048576,2097152,0.106,222298,32,256,4096,46,153,209.226479,0.352176111989,-336.030557,-126.804078,-53.486495
1048576,1048576,2097152,0.106,222298,32,256,4096,46,154,210.732110,0.352176111989,-338.111485,-127.379375,-53.486495
1048576,1048576,2097152,0.106,222298,32,256,4096,46,155,212.237741,0.352176111989,-340.192342,-127.954601,-53.486495
1048576,1048576,2097152,0.106,222298,32,256,4096,46,156,213.743372,0.352176111989,-342.273146,-128.529774,-53.486495
1048576,1048576,2097152,0.106,222298,32,256,4096,46,157,215.249003,0.352176111989,-344.353915,-129.104911,-53.486495
1048576,1048576,2097152,0.106,222298,32,256,4096,46,158,216.754634,0.352176111989,-346.434661,-129.680026,-53.486495
1048576,1048576,2097152,0.106,222298,32,256,4096,46,159,218.260265,0.352176111989,-348.515398,-130.255132,-53.486495
1048576,1048576,2097152,0.106,222298,32,256,4096,46,160,219.765896,0.352176111989,-350.596137,-130.830241,-53.486495
1048576,1048576,2097152,0.106,222298,32,256,4096,46,161,221.271527,0.352176111989,-352.676889,-131.405362,-53.486495
1048576,1048576,2097152,0.106,222298,32,256,4096,46,162,222.777158,0.352176111989,-354.757663,-131.980504,-53.486495
1048576,1048576,2097152,0.106,222298,32,256,4096,46,163,224.282790,0.352176111989,-356.838466,-132.555676,-53.486495
1048576,1048576,2097152,0.106,222298,32,256,4096,46,164,225.782218,0.395431832347,-358.919305,-133.137087,-53.486495
1048576,1048576,2097152,0.106,222298,32,256,4096,46,165,227.120717,0.395431832347,-361.000187,-133.879470,-53.486495
1048576,1048576,2097152,0.106,222298,32,256,4096,46,166,228.459216,0.395431832347,-363.081117,-134.621901,-53.486495
1048576,1048576,2097152,0.106,222298,32,256,4096,46,167,229.797715,0.395431832347,-365.162100,-135.364385,-53.486495
1048576,1048576,2097152,0.106,222298,32,256,4096,46,168,231.136214,0.395431832347,-367.243139,-136.106925,-53.486495
1048576,1048576,2097152,0.106,222298,32,256,4096,46,169,232.474713,0.395431832347,-369.324239,-136.849526,-53.486495
1048576,1048576,2097152,0.106,222298,32,256,4096,46,170,233.813212,0.395431832347,-371.405403,-137.592191,-53.486495
1048576,1048576,2097152,0.106,222298,32,256,4096,46,171,235.151711,0.395431832347,-373.486633,-138.334922,-53.486495
1048576,1048576,2097152,0.106,222298,32,256,4096,46,172,236.490211,0.395431832347,-375.567932,-139.077721,-53.486495
1048576,1048576,2097152,0.106,222298,32,256,4096,46,173,237.828710,0.395431832347,-377.649301,-139.820592,-53.486495
1048576,1048576,2097152,0.106,222298,32,256,4096,46,174,239.167209,0.395431832347,-379.730743,-140.563534,-53.486495
1048576,1048576,2097152,0.106,222298,32,256,4096,46,175,240.505708,0.395431832347,-381.812258,-141.306551,-53.486495
1048576,1048576,2097152,0.106,222298,32,256,4096,46,176,241.844207,0.395431832347,-383.893849,-142.049642,-53.486495
1048576,1048576,2097152,0.106,222298,32,256,4096,46,177,243.182706,0.395431832347,-385.975515,-142.792809,-53.486495
1048576,1048576,2097152,0.106,222298,32,256,4096,46,178,244.521205,0.395431832347,-388.057258,-143.536053,-53.486495
1048576,1048576,2097152,0.106,222298,32,256,4096,46,179,245.859704,0.395431832347,-390.139078,-144.279374,-53.486495
1048576,1048576,2097152,0.106,222298,32,256,4096,46,180,247.198203,0.395431832347,-392.220977,-145.022773,-53.486495
1048576,1048576,2097152,0.106,222298,32,256,4096,46,181,248.536702,0.395431832347,-394.302953,-145.766251,-53.486495
1048576,1048576,2097152,0.106,222298,32,256,4096,46,182,249.875201,0.395431832347,-396.385007,-146.509806,-53.486495
1048576,1048576,2097152,0.106,222298,32,256,4096,46,183,251.213700,0.395431832347,-398.467140,-147.253440,-53.486495
1048576,1048576,2097152,0.106,222298,32,256,4096,46,184,252.552200,0.395431832347,-400.549352,-147.997152,-53.486495
1048576,1048576,2097152,0.106,222298,32,256,4096,46,185,253.890699,0.395431832347,-402.631641,-148.740943,-53.486495
1048576,1048576,2097152,0.106,222298,32,256,4096,46,186,255.229198,0.395431832347,-404.714009,-149.484812,-53.486495
1048576,1048576,2097152,0.106,222298,32,256,4096,46,187,256.567697,0.395431832347,-406.796455,-150.228759,-53.486495
1048576,1048576,2097152,0.106,222298,32,256,4096,46,188,257.906196,0.395431832347,-408.878979,-150.972783,-53.486495
1048576,1048576,2097152,0.106,222298,32,256,4096,46,189,259.244695,0.395431832347,-410.961581,-151.716886,-53.486495
1048576,1048576,2097152,0.106,222298,32,256,4096,46,190,260.583194,0.395431832347,-413.044259,-152.461065,-53.486495
1048576,1048576,2097152,0.106,222298,32,256,4096,46,191,261.921693,0.395431832347,-415.127014,-153.205321,-53.486495
1048576,1048576,2097152,0.106,222298,32,256,4096,46,192,263.260192,0.395431832347,-417.209846,-153.949654,-53.486495
1048576,1048576,2097152,0.106,222298,32,256,4096,46,193,264.598691,0.395431832347,-419.292754,-154.694062,-53.486495
1048576,1048576,2097152,0.106,222298,32,256,4096,46,194,265.937190,0.395431832347,-421.375737,-155.438546,-53.486495
1048576,1048576,2097152,0.106,222298,32,256,4096,46,195,267.275689,0.395431832347,-423.458795,-156.183105,-53.486495
1048576,1048576,2097152,0.106,222298,32,256,4096,46,196,268.614188,0.395431832347,-425.541927,-156.927739,-53.486495
1048576,1048576,2097152,0.106,222298,32,256,4096,46,197,269.952688,0.395431832347,-427.625134,-157.672446,-53.486495
1048576,1048576,2097152,0.106,222298,32,256,4096,46,198,271.291187,0.395431832347,-429.708413,-158.417227,-53.486495
1048576,1048576,2097152,0.106,222298,32,256,4096,46,199,272.629686,0.395431832347,-431.791766,-159.162080,-53.486495
1048576,1048576,2097152,0.106,222298,32,256,4096,46,200,273.968185,0.395431832347,-433.875191,-159.907006,-53.486495
1048576,1048576,2097152,0.106,222298,32,256,4096,46,201,275.306684,0.395431832347,-435.958688,-160.652004,-53.486495
1048576,1048576,2097152,0.106,222298,32,256,4096,46,202,276.645183,0.395431832347,-438.042256,-161.397073,-53.486495
1048576,1048576,2097152,0.106,222298,32,256,4096,46,203,277.983682,0.395431832347,-440.125895,-162.142213,-53.486495
1048576,1048576,2097152,0.106,222298,32,256,4096,46,204,279.322181,0.395431832347,-442.209604,-162.887423,-53.486495
1048576,1048576,2097152,0.106,222298,32,256,4096,46,205,280.660680,0.395431832347,-444.293383,-163.632703,-53.486495
1048576,1048576,2097152,0.106,222298,32,256,4096,46,206,281.999179,0.395431832347,-446.377230,-164.378051,-53.486495
1048576,1048576,2097152,0.106,222298,32,256,4096,46,207,283.337678,0.395431832347,-448.461146,-165.123468,-53.486495
1048576,1048576,2097152,0.106,222298,32,256,4096,46,208,284.676177,0.395431832347,-450.545130,-165.868953,-53.486495
1048576,1048576,2097152,0.106,222298,32,256,4096,46,209,286.014677,0.395431832347,-452.629181,-166.614505,-53.486495
1048576,1048576,2097152,0.106,222298,32,256,4096,46,210,287.353176,0.395431832347,-454.713299,-167.360124,-53.486495
1048576,1048576,2097152,0.106,222298,32,256,4096,46,211,288.691675,0.395431832347,-456.797483,-168.105809,-53.486495
1048576,1048576,2097152,0.106,222298,32,256,4096,46,212,290.030174,0.395431832347,-458.881733,-168.851559,-53.486495
1048576,1048576,2097152,0.106,222298,32,256,4096,46,213,291.368673,0.395431832347,-460.966048,-169.597375,-53.486495
1048576,1048576,2097152,0.106,222298,32,256,4096,46,214,292.707172,0.395431832347,-463.050428,-170.343256,-53.486495
1048576,1048576,2097152,0.106,222298,32,256,4096,46,215,294.045671,0.395431832347,-465.134871,-171.089200,-53.486495
1048576,1048576,2097152,0.106,222298,32,256,4096,46,216,295.384170,0.395431832347,-467.219378,-171.835208,-53.486495
1048576,1048576,2097152,0.106,222298,32,256,4096,46,217,296.722669,0.395431832347,-469.303948,-172.581279,-53.486495
1048576,1048576,2097152,0.106,222298,32,256,4096,46,218,298.061168,0.395431832347,-471.388581,-173.327412,-53.486495
1048576,1048576,2097152,0.106,222298,32,256,4096,46,219,299.399667,0.395431832347,-473.473275,-174.073607,-53.486495
1048576,1048576,2097152,0.106,222298,32,256,4096,46,220,300.738166,0.395431832347,-475.558031,-174.819864,-53.486495
1048576,1048576,2097152,0.106,222298,32,256,4096,48,1,-inf,,-2.237843,-inf,-inf
1048576,1048576,2097152,0.106,222298,32,256,4096,48,2,-inf,,-4.475684,-inf,-inf
1048576,1048576,2097152,0.106,222298,32,256,4096,48,3,-inf,,-6.713526,-inf,-inf
1048576,1048576,2097152,0.106,222298,32,256,4096,48,4,-inf,,-8.951366,-inf,-inf
1048576,1048576,2097152,0.106,222298,32,256,4096,48,5,-inf,,-11.189206,-inf,-inf
1048576,1048576,2097152,0.106,222298,32,256,4096,48,6,-inf,,-13.427045,-inf,-inf
1048576,1048576,2097152,0.106,222298,32,256,4096,48,7,-inf,,-15.664883,-inf,-inf
1048576,1048576,2097152,0.106,222298,32,256,4096,48,8,-inf,,-17.902721,-inf,-inf
1048576,1048576,2097152,0.106,222298,32,256,4096,48,9,-inf,,-20.140558,-inf,-inf
1048576,1048576,2097152,0.106,222298,32,256,4096,48,10,-inf,,-22.378394,-inf,-inf
1048576,1048576,2097152,0.106,222298,32,256,4096,48,11,-inf,,-24.616229,-inf,-inf
1048576,1048576,2097152,0.106,222298,32,256,4096,48,12,-inf,,-26.854064,-inf,-inf
1048576,1048576,2097152,0.106,222298,32,256,4096,48,13,-inf,,-29.091897,-inf,-inf
1048576,1048576,2097152,0.106,222298,32,256,4096,48,14,-inf,,-31.329731,-inf,-inf
1048576,1048576,2097152,0.106,222298,32,256,4096,48,15,-inf,,-33.567563,-inf,-inf
1048576,1048576,2097152,0.106,222298,32,256,4096,48,16,-inf,,-35.805394,-inf,-inf
1048576,1048576,2097152,0.106,222298,32,256,4096,48,17,-inf,,-38.043225,-inf,-inf
1048576,1048576,2097152,0.106,222298,32,256,4096,48,18,-inf,,-40.281055,-inf,-inf
1048576,1048576,2097152,0.106,222298,32,256,4096,48,19,-inf,,-42.518884,-inf,-inf
1048576,1048576,2097152,0.106,222298,32,256,4096,48,20,-inf,,-44.756712,-inf,-inf
1048576,1048576,2097152,0.106,222298,32,256,4096,48,21,-inf,,-46.994540,-inf,-inf
1048576,1048576,2097152,0.106,222298,32,256,4096,48,22,-inf,,-49.232366,-inf,-inf
1048576,1048576,2097152,0.106,222298,32,256,4096,48,23,-inf,,-51.470191,-inf,-inf
1048576,1048576,2097152,0.106,222298,32,256,4096,48,24,-inf,,-53.708016,-inf,-inf
1048576,1048576,2097152,0.106,222298,32,256,4096,48,25,-inf,,-55.945839,-inf,-inf
1048576,1048576,2097152,0.106,222298,32,256,4096,48,26,-inf,,-58.183662,-inf,-inf
1048576,1048576,2097152,0.106,222298,32,256,4096,48,27,-inf,,-60.421483,-inf,-inf
1048576,1048576,2097152,0.106,222298,32,256,4096,48,28,-inf,,-62.659303,-inf,-inf
1048576,1048576,2097152,0.106,222298,32,256,4096,48,29,-inf,,-64.897122,-inf,-inf
1048576,1048576,2097152,0.106,222298,32,256,4096,48,30,-inf,,-67.134939,-inf,-inf
1048576,1048576,2097152,0.106,222298,32,256,4096,48,31,-inf,,-69.372755,-inf,-inf
1048576,1048576,2097152,0.106,222298,32,256,4096,48,32,-inf,,-71.610569,-inf,-inf
1048576,1048576,2097152,0.106,222298,32,256,4096,48,33,-inf,,-73.848382,-inf,-inf
1048576,1048576,2097152,0.106,222298,32,256,4096,48,34,-inf,,-76.086193,-inf,-inf
1048576,1048576,2097152,0.106,222298,32,256,4096,48,35,-inf,,-78.324002,-inf,-inf
1048576,1048576,2097152,0.106,222298,32,256,4096,48,36,-inf,,-80.561808,-inf,-inf
1048576,1048576,2097152,0.106,222298,32,256,4096,48,37,-inf,,-82.799612,-inf,-inf
1048576,1048576,2097152,0.106,222298,32,256,4096,48,38,-inf,,-85.037414,-inf,-inf
1048576,1048576,2097152,0.106,222298,32,256,4096,48,39,-inf,,-87.275213,-inf,-inf
1048576,1048576,2097152,0.106,222298,32,256,4096,48,40,-inf,,-89.513008,-inf,-inf
1048576,1048576,2097152,0.106,222298,32,256,4096,48,41,-inf,,-91.750800,-inf,-inf
1048576,1048576,2097152,0.106,222298,32,256,4096,48,42,-inf,,-93.988588,-inf,-inf
1048576,1048576,2097152,0.106,222298,32,256,4096,48,43,-inf,,-96.226371,-inf,-inf
1048576,1048576,2097152,0.106,222298,32,256,4096,48,44,-inf,,-98.464149,-inf,-inf
1048576,1048576,2097152,0.106,222298,32,256,4096,48,45,-inf,,-100.701922,-inf,-inf
1048576,1048576,2097152,0.106,222298,32,256,4096,48,46,-inf,,-102.939689,-inf,-inf
1048576,1048576,2097152,0.106,222298,32,256,4096,48,47,-inf,,-105.177448,-inf,-inf
1048576,1048576,2097152,0.106,222298,32,256,4096,48,48,51.135220,0.352176111989,-107.415200,-56.279980,-56.279980
1048576,1048576,2097152,0.106,222298,32,256,4096,48,49,52.640851,0.352176111989,-109.652943,-57.012092,-55.600086
1048576,1048576,2097152,0.106,222298,32,256,4096,48,50,54.146482,0.352176111989,-111.890676,-57.744194,-55.305851
1048576,1048576,2097152,0.106,222298,32,256,4096,48,51,55.652113,0.352176111989,-114.128398,-58.476285,-55.153899
1048576,1048576,2097152,0.106,222298,32,256,4096,48,52,57.157744,0.352176111989,-116.366107,-59.208363,-55.069583
1048576,1048576,2097152,0.106,222298,32,256,4096,48,53,58.663375,0.352176111989,-118.603803,-59.940428,-55.021101
1048576,1048576,2097152,0.106,222298,32,256,4096,48,54,60.169006,0.352176111989,-120.841482,-60.672476,-54.992679
1048576,1048576,2097152,0.106,222298,32,256,4096,48,55,61.674637,0.352176111989,-123.079144,-61.404507,-54.975833
1048576,1048576,2097152,0.106,222298,32,256,4096,48,56,63.180268,0.352176111989,-125.316785,-62.136517,-54.965785
1048576,1048576,2097152,0.106,222298,32,256,4096,48,57,64.685899,0.352176111989,-127.554404,-62.868505,-54.959769
1048576,1048576,2097152,0.106,222298,32,256,4096,48,58,66.191530,0.352176111989,-129.791997,-63.600467,-54.956159
1048576,1048576,2097152,0.106,222298,32,256,4096,48,59,67.697161,0.352176111989,-132.029562,-64.332400,-54.953990
1048576,1048576,2097152,0.106,222298,32,256,4096,48,60,69.202792,0.352176111989,-134.267094,-65.064301,-54.952685
1048576,1048576,2097152,0.106,222298,32,256,4096,48,61,70.708423,0.352176111989,-136.504589,-65.796165,-54.951900
1048576,1048576,2097152,0.106,222298,32,256,4096,48,62,72.214054,0.352176111989,-138.742043,-66.527988,-54.951428
1048576,1048576,2097152,0.106,222298,32,256,4096,48,63,73.719686,0.352176111989,-140.979450,-67.259765,-54.951143
1048576,1048576,2097152,0.106,222298,32,256,4096,48,64,75.225317,0.352176111989,-143.216806,-67.991489,-54.950972
1048576,1048576,2097152,0.106,222298,32,256,4096,48,65,76.730948,0.352176111989,-145.454102,-68.723154,-54.950869
1048576,1048576,2097152,0.106,222298,32,256,4096,48,66,78.236579,0.352176111989,-147.691331,-69.454753,-54.950807
1048576,1048576,2097152,0.106,222298,32,256,4096,48,67,79.742210,0.352176111989,-149.928486,-70.186277,-54.950769
1048576,1048576,2097152,0.106,222298,32,256,4096,48,68,81.247841,0.352176111989,-152.165557,-70.917716,-54.950747
1048576,1048576,2097152,0.106,222298,32,256,4096,48,69,82.753472,0.352176111989,-154.402533,-71.649061,-54.950733
1048576,1048576,2097152,0.106,222298,32,256,4096,48,70,84.259103,0.352176111989,-156.639403,-72.380300,-54.950725
1048576,1048576,2097152,0.106,222298,32,256,4096,48,71,85.764734,0.352176111989,-158.876152,-73.111418,-54.950720
1048576,1048576,2097152,0.106,222298,32,256,4096,48,72,87.270365,0.352176111989,-161.112767,-73.842402,-54.950717
1048576,1048576,2097152,0.106,222298,32,256,4096,48,73,88.775996,0.352176111989,-163.349231,-74.573235,-54.950716
1048576,1048576,2097152,0.106,222298,32,256,4096,48,74,90.281627,0.352176111989,-165.585524,-75.303897,-54.950714
1048576,1048576,2097152,0.106,222298,32,256,4096,48,75,91.787258,0.352176111989,-167.821627,-76.034369,-54.950714
1048576,1048576,2097152,0.106,222298,32,256,4096,48,76,93.292889,0.352176111989,-170.057515,-76.764626,-54.950713
1048576,1048576,2097152,0.106,222298,32,256,4096,48,77,94.798520,0.352176111989,-172.293162,-77.494642,-54.950713
1048576,1048576,2097152,0.106,222298,32,256,4096,48,78,96.304151,0.352176111989,-174.528540,-78.224389,-54.950713
1048576,1048576,2097152,0.106,222298,32,256,4096,48,79,97.809782,0.352176111989,-176.763616,-78.953833,-54.950713
1048576,1048576,2097152,0.106,222298,32,256,4096,48,80,99.315413,0.352176111989,-178.998353,-79.682940,-54.950713
1048576,1048576,2097152,0.106,222298,32,256,4096,48,81,100.821044,0.352176111989,-181.232711,-80.411667,-54.950713
1048576,1048576,2097152,0.106,222298,32,256,4096,48,82,102.326675,0.352176111989,-183.466646,-81.139971,-54.950713
1048576,1048576,2097152,0.106,222298,32,256,4096,48,83,103.832306,0.352176111989,-185.700107,-81.867800,-54.950713
1048576,1048576,2097152,0.106,222298,32,256,4096,48,84,105.337937,0.352176111989,-187.933039,-82.595102,-54.950713
1048576,1048576,2097152,0.106,222298,32,256,4096,48,85,106.843568,0.352176111989,-190.165381,-83.321813,-54.950713
1048576,1048576,2097152,0.106,222298,32,256,4096,48,86,108.349199,0.352176111989,-192.397066,-84.047867,-54.950713
1048576,1048576,2097152,0.106,222298,32,256,4096,48,87,109.854830,0.352176111989,-194.628018,-84.773188,-54.950713
1048576,1048576,2097152,0.106,222298,32,256,4096,48,88,111.360462,0.352176111989,-196.858157,-85.497695,-54.950713
1048576,1048576,2097152,0.106,222298,32,256,4096,48,89,112.866093,0.352176111989,-199.087391,-86.221298,-54.950713
1048576,1048576,2097152,0.106,222298,32,256,4096,48,90,114.371724,0.352176111989,-201.315623,-86.943900,-54.950713
1048576,1048576,2097152,0.106,222298,32,256,4096,48,91,115.877355,0.352176111989,-203.542744,-87.665390,-54.950713
1048576,1048576,2097152,0.106,222298,32,256,4096,48,92,117.382986,0.352176111989,-205.768640,-88.385654,-54.950713
1048576,1048576,2097152,0.106,222298,32,256,4096,48,93,118.888617,0.352176111989,-207.993180,-89.104563,-54.950713
1048576,1048576,2097152,0.106,222298,32,256,4096,48,94,120.394248,0.352176111989,-210.216231,-89.821983,-54.950713
1048576,1048576,2097152,0.106,222298,32,256,4096,48,95,121.899879,0.352176111989,-212.437643,-90.537765,-54.950713
1048576,1048576,2097152,0.106,222298,32,256,4096,48,96,123.405510,0.352176111989,-214.657262,-91.251753,-54.950713
1048576,1048576,2097152,0.106,222298,32,256,4096,48,97,124.911141,0.352176111989,-216.874919,-91.963778,-54.950713
1048576,1048576,2097152,0.106,222298,32,256,4096,48,98,126.416772,0.352176111989,-219.090440,-92.673668,-54.950713
1048576,1048576,2097152,0.106,222298,32,256,4096,48,99,127.922403,0.352176111989,-221.303637,-93.381234,-54.950713
1048576,1048576,2097152,0.106,222298,32,256,4096,48,100,129.428034,0.352176111989,-223.514322,-94.086288,-54.950713
1048576,1048576,2097152,0.106,222298,32,256,4096,48,101,130.933665,0.352176111989,-225.722292,-94.788627,-54.950713
1048576,1048576,2097152,0.106,222298,32,256,4096,48,102,132.439296,0.352176111989,-227.927350,-95.488054,-54.950713
1048576,1048576,2097152,0.106,222298,32,256,4096,48,103,133.944927,0.352176111989,-230.129288,-96.184361,-54.950713
1048576,1048576,2097152,0.106,222298,32,256,4096,48,104,135.450558,0.352176111989,-232.327903,-96.877345,-54.950713
1048576,1048576,2097152,0.106,222298,32,256,4096,48,105,136.956189,0.352176111989,-234.522998,-97.566809,-54.950713
1048576,1048576,2097152,0.106,222298,32,256,4096,48,106,138.461820,0.352176111989,-236.714376,-98.252556,-54.950713
1048576,1048576,2097152,0.106,222298,32,256,4096,48,107,139.967451,0.352176111989,-238.901855,-98.934404,-54.950713
1048576,1048576,2097152,0.106,222298,32,256,4096,48,108,141.473082,0.352176111989,-241.085269,-99.612187,-54.950713
1048576,1048576,2097152,0.106,222298,32,256,4096,48,109,142.978713,0.352176111989,-243.264462,-100.285748,-54.950713
1048576,1048576,2097152,0.106,222298,32,256,4096,48,110,144.484344,0.352176111989,-245.439303,-100.954959,-54.950713
1048576,1048576,2097152,0.106,222298,32,256,4096,48,111,145.989975,0.352176111989,-247.609688,-101.619713,-54.950713
1048576,1048576,2097152,0.106,222298,32,256,4096,48,112,147.495606,0.352176111989,-249.775532,-102.279926,-54.950713
1048576,1048576,2097152,0.106,222298,32,256,4096,48,113,149.001238,0.352176111989,-251.936783,-102.935546,-54.950713
1048576,1048576,2097152,0.106,222298,32,256,4096,48,114,150.506869,0.352176111989,-254.093421,-103.586552,-54.950713
1048576,1048576,2097152,0.106,222298,32,256,4096,48,115,152.012500,0.352176111989,-256.245448,-104.232948,-54.950713
1048576,1048576,2097152,0.106,222298,32,256,4096,48,116,153.518131,0.352176111989,-258.392905,-104.874774,-54.950713
1048576,1048576,2097152,0.106,222298,32,256,4096,48,117,155.023762,0.352176111989,-260.535860,-105.512098,-54.950713
1048576,1048576,2097152,0.106,222298,32,256,4096,48,118,156.529393,0.352176111989,-262.674404,-106.145011,-54.950713
1048576,1048576,2097152,0.106,222298,32,256,4096,48,119,158.035024,0.352176111989,-264.808660,-106.773636,-54.950713
1048576,1048576,2097152,0.106,222298,32,256,4096,48,120,159.540655,0.352176111989,-266.938772,-107.398117,-54.950713
1048576,1048576,2097152,0.106,222298,32,256,4096,48,121,161.046286,0.352176111989,-269.064898,-108.018612,-54.950713
1048576,1048576,2097152,0.106,222298,32,256,4096,48,122,162.551917,0.352176111989,-271.187219,-108.635302,-54.950713
1048576,1048576,2097152,0.106,222298,32,256,4096,48,123,164.057548,0.352176111989,-273.305926,-109.248378,-54.950713
1048576,1048576,2097152,0.106,222298,32,256,4096,48,124,165.563179,0.352176111989,-275.421216,-109.858037,-54.950713
1048576,1048576,2097152,0.106,222298,32,256,4096,48,125,167.068810,0.352176111989,-277.533295,-110.464485,-54.950713
1048576,1048576,2097152,0.106,222298,32,256,4096,48,126,168.574441,0.352176111989,-279.642372,-111.067931,-54.950713
1048576,1048576,2097152,0.106,222298,32,256,4096,48,127,170.080072,0.352176111989,-281.748651,-111.668579,-54.950713
1048576,1048576,2097152,0.106,222298,32,256,4096,48,128,171.585703,0.352176111989,-283.852337,-112.266634,-54.950713
1048576,1048576,2097152,0.106,222298,32,256,4096,48,129,173.091334,0.352176111989,-285.953631,-112.862297,-54.950713
1048576,1048576,2097152,0.106,222298,32,256,4096,48,130,174.596965,0.352176111989,-288.052724,-113.455758,-54.950713
1048576,1048576,2097152,0.106,222298,32,256,4096,48,131,176.102596,0.352176111989,-290.149799,-114.047203,-54.950713
1048576,1048576,2097152,0.106,222298,32,256,4096,48,132,177.608227,0.352176111989,-292.245035,-114.636808,-54.950713
1048576,1048576,2097152,0.106,222298,32,256,4096,48,133,179.113858,0.352176111989,-294.338595,-115.224737,-54.950713
1048576,1048576,2097152,0.106,222298,32,256,4096,48,134,180.619489,0.352176111989,-296.430636,-115.811146,-54.950713
1048576,1048576,2097152,0.106,222298,32,256,4096,48,135,182.125120,0.352176111989,-298.521304,-116.396183,-54.950713
1048576,1048576,2097152,0.106,222298,32,256,4096,48,136,183.630751,0.352176111989,-300.610733,-116.979982,-54.950713
1048576,1048576,2097152,0.106,222298,32,256,4096,48,137,185.136382,0.352176111989,-302.699049,-117.562667,-54.950713
1048576,1048576,2097152,0.106,222298,32,256,4096,48,138,186.642014,0.352176111989,-304.786369,-118.144355,-54.950713
1048576,1048576,2097152,0.106,222298,32,256,4096,48,139,188.147645,0.352176111989,-306.872797,-118.725152,-54.950713
1048576,1048576,2097152,0.106,222298,32,256,4096,48,140,189.653276,0.352176111989,-308.958431,-119.305155,-54.950713
1048576,1048576,2097152,0.106,222298,32,256,4096,48,141,191.158907,0.352176111989,-311.043360,-119.884453,-54.950713
1048576,1048576,2097152,0.106,222298,32,256,4096,48,142,192.664538,0.352176111989,-313.127665,-120.463127,-54.950713
1048576,1048576,2097152,0.106,222298,32,256,4096,48,143,194.170169,0.352176111989,-315.211418,-121.041250,-54.950713
1048576,1048576,2097152,0.106,222298,32,256,4096,48,144,195.675800,0.352176111989,-317.294688,-121.618888,-54.950713
1048576,1048576,2097152,0.106,222298,32,256,4096,48,145,197.181431,0.352176111989,-319.377534,-122.196103,-54.950713
1048576,1048576,2097152,0.106,222298,32,256,4096,48,146,198.687062,0.352176111989,-321.460010,-122.772948,-54.950713
1048576,1048576,2097152,0.106,222298,32,256,4096,48,147,200.192693,0.352176111989,-323.542166,-123.349473,-54.950713
1048576,1048576,2097152,0.106,222298,32,256,4096,48,148,201.698324,0.352176111989,-325.624045,-123.925721,-54.950713
1048576,1048576,2097152,0.106,222298,32,256,4096,48,149,203.203955,0.352176111989,-327.705688,-124.501733,-54.950713
1048576,1048576,2097152,0.106,222298,32,256,4096,48,150,204.709586,0.352176111989,-329.787131,-125.077545,-54.950713
1048576,1048576,2097152,0.106,222298,32,256,4096,48,151,206.215217,0.352176111989,-331.868404,-125.653187,-54.950713
1048576,1048576,2097152,0.106,222298,32,256,4096,48,152,207.720848,0.352176111989,-333.949538,-126.228690,-54.950713
1048576,1048576,2097152,0.106,222298,32,256,4096,48,153,209.226479,0.352176111989,-336.030557,-126.804078,-54.950713
1048576,1048576,2097152,0.106,222298,32,256,4096,48,154,210.732110,0.352176111989,-338.111485,-127.379375,-54.950713
1048576,1048576,2097152,0.106,222298,32,256,4096,48,155,212.237741,0.352176111989,-340.192342,-127.954601,-54.950713
1048576,1048576,2097152,0.106,222298,32,256,4096,48,156,213.743372,0.352176111989,-342.273146,-128.529774,-54.950713
1048576,1048576,2097152,0.106,222298,32,256,4096,48,157,215.249003,0.352176111989,-344.353915,-129.104911,-54.950713
1048576,1048576,2097152,0.106,222298,32,256,4096,48,158,216.754634,0.352176111989,-346.434661,-129.680026,-54.950713
1048576,1048576,2097152,0.106,222298,32,256,4096,48,159,218.260265,0.352176111989,-348.515398,-130.255132,-54.950713
1048576,1048576,2097152,0.106,222298,32,256,4096,48,160,219.765896,0.352176111989,-350.596137,-130.830241,-54.950713
1048576,1048576,2097152,0.106,222298,32,256,4096,48,161,221.271527,0.352176111989,-352.676889,-131.405362,-54.950713
1048576,1048576,2097152,0.106,222298,32,256,4096,48,162,222.777158,0.352176111989,-354.757663,-131.980504,-54.950713
1048576,1048576,2097152,0.106,222298,32,256,4096,48,163,224.282790,0.352176111989,-356.838466,-132.555676,-54.950713
1048576,1048576,2097152,0.106,222298,32,256,4096,48,164,225.782218,0.395431832347,-358.919305,-133.137087,-54.950713
1048576,1048576,2097152,0.106,222298,32,256,4096,48,165,227.120717,0.395431832347,-361.000187,-133.879470,-54.950713
1048576,1048576,2097152,0.106,222298,32,256,4096,48,166,228.459216,0.395431832347,-363.081117,-134.621901,-54.950713
1048576,1048576,2097152,0.106,222298,32,256,4096,48,167,229.797715,0.395431832347,-365.162100,-135.364385,-54.950713
1048576,1048576,2097152,0.106,222298,32,256,4096,48,168,231.136214,0.395431832347,-367.243139,-136.106925,-54.950713
1048576,1048576,2097152,0.106,222298,32,256,4096,48,169,232.474713,0.395431832347,-369.324239,-136.849526,-54.950713
1048576,1048576,2097152,0.106,222298,32,256,4096,48,170,233.813212,0.395431832347,-371.405403,-137.592191,-54.950713
1048576,1048576,2097152,0.106,222298,32,256,4096,48,171,235.151711,0.395431832347,-373.486633,-138.334922,-54.950713
1048576,1048576,2097152,0.106,222298,32,256,4096,48,172,236.490211,0.395431832347,-375.567932,-139.077721,-54.950713
1048576,1048576,2097152,0.106,222298,32,256,4096,48,173,237.828710,0.395431832347,-377.649301,-139.820592,-54.950713
1048576,1048576,2097152,0.106,222298,32,256,4096,48,174,239.167209,0.395431832347,-379.730743,-140.563534,-54.950713
1048576,1048576,2097152,0.106,222298,32,256,4096,48,175,240.505708,0.395431832347,-381.812258,-141.306551,-54.950713
1048576,1048576,2097152,0.106,222298,32,256,4096,48,176,241.844207,0.395431832347,-383.893849,-142.049642,-54.950713
1048576,1048576,2097152,0.106,222298,32,256,4096,48,177,243.182706,0.395431832347,-385.975515,-142.792809,-54.950713
1048576,1048576,2097152,0.106,222298,32,256,4096,48,178,244.521205,0.395431832347,-388.057258,-143.536053,-54.950713
1048576,1048576,2097152,0.106,222298,32,256,4096,48,179,245.859704,0.395431832347,-390.139078,-144.279374,-54.950713
1048576,1048576,2097152,0.106,222298,32,256,4096,48,180,247.198203,0.395431832347,-392.220977,-145.022773,-54.950713
1048576,1048576,2097152,0.106,222298,32,256,4096,48,181,248.536702,0.395431832347,-394.302953,-145.766251,-54.950713
1048576,1048576,2097152,0.106,222298,32,256,4096,48,182,249.875201,0.395431832347,-396.385007,-146.509806,-54.950713
1048576,1048576,2097152,0.106,222298,32,256,4096,48,183,251.213700,0.395431832347,-398.467140,-147.253440,-54.950713
1048576,1048576,2097152,0.106,222298,32,256,4096,48,184,252.552200,0.395431832347,-400.549352,-147.997152,-54.950713
1048576,1048576,2097152,0.106,222298,32,256,4096,48,185,253.890699,0.395431832347,-402.631641,-148.740943,-54.950713
1048576,1048576,2097152,0.106,222298,32,256,4096,48,186,255.229198,0.395431832347,-404.714009,-149.484812,-54.950713
1048576,1048576,2097152,0.106,222298,32,256,4096,48,187,256.567697,0.395431832347,-406.796455,-150.228759,-54.950713
1048576,1048576,2097152,0.106,222298,32,256,4096,48,188,257.906196,0.395431832347,-408.878979,-150.972783,-54.950713
1048576,1048576,2097152,0.106,222298,32,256,4096,48,189,259.244695,0.395431832347,-410.961581,-151.716886,-54.950713
1048576,1048576,2097152,0.106,222298,32,256,4096,48,190,260.583194,0.395431832347,-413.044259,-152.461065,-54.950713
1048576,1048576,2097152,0.106,222298,32,256,4096,48,191,261.921693,0.395431832347,-415.127014,-153.205321,-54.950713
1048576,1048576,2097152,0.106,222298,32,256,4096,48,192,263.260192,0.395431832347,-417.209846,-153.949654,-54.950713
1048576,1048576,2097152,0.106,222298,32,256,4096,48,193,264.598691,0.395431832347,-419.292754,-154.694062,-54.950713
1048576,1048576,2097152,0.106,222298,32,256,4096,48,194,265.937190,0.395431832347,-421.375737,-155.438546,-54.950713
1048576,1048576,2097152,0.106,222298,32,256,4096,48,195,267.275689,0.395431832347,-423.458795,-156.183105,-54.950713
1048576,1048576,2097152,0.106,222298,32,256,4096,48,196,268.614188,0.395431832347,-425.541927,-156.927739,-54.950713
1048576,1048576,2097152,0.106,222298,32,256,4096,48,197,269.952688,0.395431832347,-427.625134,-157.672446,-54.950713
1048576,1048576,2097152,0.106,222298,32,256,4096,48,198,271.291187,0.395431832347,-429.708413,-158.417227,-54.950713
1048576,1048576,2097152,0.106,222298,32,256,4096,48,199,272.629686,0.395431832347,-431.791766,-159.162080,-54.950713
1048576,1048576,2097152,0.106,222298,32,256,4096,48,200,273.968185,0.395431832347,-433.875191,-159.907006,-54.950713
1048576,1048576,2097152,0.106,222298,32,256,4096,48,201,275.306684,0.395431832347,-435.958688,-160.652004,-54.950713
1048576,1048576,2097152,0.106,222298,32,256,4096,48,202,276.645183,0.395431832347,-438.042256,-161.397073,-54.950713
1048576,1048576,2097152,0.106,222298,32,256,4096,48,203,277.983682,0.395431832347,-440.125895,-162.142213,-54.950713
1048576,1048576,2097152,0.106,222298,32,256,4096,48,204,279.322181,0.395431832347,-442.209604,-162.887423,-54.950713
1048576,1048576,2097152,0.106,222298,32,256,4096,48,205,280.660680,0.395431832347,-444.293383,-163.632703,-54.950713
1048576,1048576,2097152,0.106,222298,32,256,4096,48,206,281.999179,0.395431832347,-446.377230,-164.378051,-54.950713
1048576,1048576,2097152,0.106,222298,32,256,4096,48,207,283.337678,0.395431832347,-448.461146,-165.123468,-54.950713
1048576,1048576,2097152,0.106,222298,32,256,4096,48,208,284.676177,0.395431832347,-450.545130,-165.868953,-54.950713
1048576,1048576,2097152,0.106,222298,32,256,4096,48,209,286.014677,0.395431832347,-452.629181,-166.614505,-54.950713
1048576,1048576,2097152,0.106,222298,32,256,4096,48,210,287.353176,0.395431832347,-454.713299,-167.360124,-54.950713
1048576,1048576,2097152,0.106,222298,32,256,4096,48,211,288.691675,0.395431832347,-456.797483,-168.105809,-54.950713
1048576,1048576,2097152,0.106,222298,32,256,4096,48,212,290.030174,0.395431832347,-458.881733,-168.851559,-54.950713
1048576,1048576,2097152,0.106,222298,32,256,4096,48,213,291.368673,0.395431832347,-460.966048,-169.597375,-54.950713
1048576,1048576,2097152,0.106,222298,32,256,4096,48,214,292.707172,0.395431832347,-463.050428,-170.343256,-54.950713
1048576,1048576,2097152,0.106,222298,32,256,4096,48,215,294.045671,0.395431832347,-465.134871,-171.089200,-54.950713
1048576,1048576,2097152,0.106,222298,32,256,4096,48,216,295.384170,0.395431832347,-467.219378,-171.835208,-54.950713
1048576,1048576,2097152,0.106,222298,32,256,4096,48,217,296.722669,0.395431832347,-469.303948,-172.581279,-54.950713
1048576,1048576,2097152,0.106,222298,32,256,4096,48,218,298.061168,0.395431832347,-471.388581,-173.327412,-54.950713
1048576,1048576,2097152,0.106,222298,32,256,4096,48,219,299.399667,0.395431832347,-473.473275,-174.073607,-54.950713
1048576,1048576,2097152,0.106,222298,32,256,4096,48,220,300.738166,0.395431832347,-475.558031,-174.819864,-54.950713
1048576,1048576,2097152,0.106,222298,32,256,4096,50,1,-inf,,-2.237843,-inf,-inf
1048576,1048576,2097152,0.106,222298,32,256,4096,50,2,-inf,,-4.475684,-inf,-inf
1048576,1048576,2097152,0.106,222298,32,256,4096,50,3,-inf,,-6.713526,-inf,-inf
1048576,1048576,2097152,0.106,222298,32,256,4096,50,4,-inf,,-8.951366,-inf,-inf
1048576,1048576,2097152,0.106,222298,32,256,4096,50,5,-inf,,-11.189206,-inf,-inf
1048576,1048576,2097152,0.106,222298,32,256,4096,50,6,-inf,,-13.427045,-inf,-inf
1048576,1048576,2097152,0.106,222298,32,256,4096,50,7,-inf,,-15.664883,-inf,-inf
1048576,1048576,2097152,0.106,222298,32,256,4096,50,8,-inf,,-17.902721,-inf,-inf
1048576,1048576,2097152,0.106,222298,32,256,4096,50,9,-inf,,-20.140558,-inf,-inf
1048576,1048576,2097152,0.106,222298,32,256,4096,50,10,-inf,,-22.378394,-inf,-inf
1048576,1048576,2097152,0.106,222298,32,256,4096,50,11,-inf,,-24.616229,-inf,-inf
1048576,1048576,2097152,0.106,222298,32,256,4096,50,12,-inf,,-26.854064,-inf,-inf
1048576,1048576,2097152,0.106,222298,32,256,4096,50,13,-inf,,-29.091897,-inf,-inf
1048576,1048576,2097152,0.106,222298,32,256,4096,50,14,-inf,,-31.329731,-inf,-inf
1048576,1048576,2097152,0.106,222298,32,256,4096,50,15,-inf,,-33.567563,-inf,-inf
1048576,1048576,2097152,0.106,222298,32,256,4096,50,16,-inf,,-35.805394,-inf,-inf
1048576,1048576,2097152,0.106,222298,32,256,4096,50,17,-inf,,-38.043225,-inf,-inf
1048576,1048576,2097152,0.106,222298,32,256,4096,50,18,-inf,,-40.281055,-inf,-inf
1048576,1048576,2097152,0.106,222298,32,256,4096,50,19,-inf,,-42.518884,-inf,-inf
1048576,1048576,2097152,0.106,222298,32,256,4096,50,20,-inf,,-44.756712,-inf,-inf
1048576,1048576,2097152,0.106,222298,32,256,4096,50,21,-inf,,-46.994540,-inf,-inf
1048576,1048576,2097152,0.106,222298,32,256,4096,50,22,-inf,,-49.232366,-inf,-inf
1048576,1048576,2097152,0.106,222298,32,256,4096,50,23,-inf,,-51.470191,-inf,-inf
1048576,1048576,2097152,0.106,222298,32,256,4096,50,24,-inf,,-53.708016,-inf,-inf
1048576,1048576,2097152,0.106,222298,32,256,4096,50,25,-inf,,-55.945839,-inf,-inf
1048576,1048576,2097152,0.106,222298,32,256,4096,50,26,-inf,,-58.183662,-inf,-inf
1048576,1048576,2097152,0.106,222298,32,256,4096,50,27,-inf,,-60.421483,-inf,-inf
1048576,1048576,2097152,0.106,222298,32,256,4096,50,28,-inf,,-62.659303,-inf,-inf
1048576,1048576,2097152,0.106,222298,32,256,4096,50,29,-inf,,-64.897122,-inf,-inf
1048576,1048576,2097152,0.106,222298,32,256,4096,50,30,-inf,,-67.134939,-inf,-inf
1048576,1048576,2097152,0.106,222298,32,256,4096,50,31,-inf,,-69.372755,-inf,-inf
1048576,1048576,2097152,0.106,222298,32,256,4096,50,32,-inf,,-71.610569,-inf,-inf
1048576,1048576,2097152,0.106,222298,32,256,4096,50,33,-inf,,-73.848382,-inf,-inf
1048576,1048576,2097152,0.106,222298,32,256,4096,50,34,-inf,,-76.086193,-inf,-inf
1048576,1048576,2097152,0.106,222298,32,256,4096,50,35,-inf,,-78.324002,-inf,-inf
1048576,1048576,2097152,0.106,222298,32,256,4096,50,36,-inf,,-80.561808,-inf,-inf
1048576,1048576,2097152,0.106,222298,32,256,4096,50,37,-inf,,-82.799612,-inf,-inf
1048576,1048576,2097152,0.106,222298,32,256,4096,50,38,-inf,,-85.037414,-inf,-inf
1048576,1048576,2097152,0.106,222298,32,256,4096,50,39,-inf,,-87.275213,-inf,-inf
1048576,1048576,2097152,0.106,222298,32,256,4096,50,40,-inf,,-89.513008,-inf,-inf
1048576,1048576,2097152,0.106,222298,32,256,4096,50,41,-inf,,-91.750800,-inf,-inf
1048576,1048576,2097152,0.106,222298,32,256,4096,50,42,-inf,,-93.988588,-inf,-inf
1048576,1048576,2097152,0.106,222298,32,256,4096,50,43,-inf,,-96.226371,-inf,-inf
1048576,1048576,2097152,0.106,222298,32,256,4096,50,44,-inf,,-98.464149,-inf,-inf
1048576,1048576,2097152,0.106,222298,32,256,4096,50,45,-inf,,-100.701922,-inf,-inf
1048576,1048576,2097152,0.106,222298,32,256,4096,50,46,-inf,,-102.939689,-inf,-inf
1048576,1048576,2097152,0.106,222298,32,256,4096,50,47,-inf,,-105.177448,-inf,-inf
1048576,1048576,2097152,0.106,222298,32,256,4096,50,48,-inf,,-107.415200,-inf,-inf
1048576,1048576,2097152,0.106,222298,32,256,4096,50,49,-inf,,-109.652943,-inf,-inf
1048576,1048576,2097152,0.106,222298,32,256,4096,50,50,54.146482,0.352176111989,-111.890676,-57.744194,-57.744194
1048576,1048576,2097152,0.106,222298,32,256,4096,50,51,55.652113,0.352176111989,-114.128398,-58.476285,-57.064292
1048576,1048576,2097152,0.106,222298,32,256,4096,50,52,57.157744,0.352176111989,-116.366107,-59.208363,-56.770050
1048576,1048576,2097152,0.106,222298,32,256,4096,50,53,58.663375,0.352176111989,-118.603803,-59.940428,-56.618092
1048576,1048576,2097152,0.106,222298,32,256,4096,50,54,60.169006,0.352176111989,-120.841482,-60.672476,-56.533773
1048576,1048576,2097152,0.106,222298,32,256,4096,50,55,61.674637,0.352176111989,-123.079144,-61.404507,-56.485286
1048576,1048576,2097152,0.106,222298,32,256,4096,50,56,63.180268,0.352176111989,-125.316785,-62.136517,-56.456861
1048576,1048576,2097152,0.106,222298,32,256,4096,50,57,64.685899,0.352176111989,-127.554404,-62.868505,-56.440014
1048576,1048576,2097152,0.106,222298,32,256,4096,50,58,66.191530,0.352176111989,-129.791997,-63.600467,-56.429964
1048576,1048576,2097152,0.106,222298,32,256,4096,50,59,67.697161,0.352176111989,-132.029562,-64.332400,-56.423947
1048576,1048576,2097152,0.106,222298,32,256,4096,50,60,69.202792,0.352176111989,-134.267094,-65.064301,-56.420336
1048576,1048576,2097152,0.106,222298,32,256,4096,50,61,70.708423,0.352176111989,-136.504589,-65.796165,-56.418166
1048576,1048576,2097152,0.106,222298,32,256,4096,50,62,72.214054,0.352176111989,-138.742043,-66.527988,-56.416861
1048576,1048576,2097152,0.106,222298,32,256,4096,50,63,73.719686,0.352176111989,-140.979450,-67.259765,-56.416076
1048576,1048576,2097152,0.106,222298,32,256,4096,50,64,75.225317,0.352176111989,-143.216806,-67.991489,-56.415603
1048576,1048576,2097152,0.106,222298,32,256,4096,50,65,76.730948,0.352176111989,-145.454102,-68.723154,-56.415318
1048576,1048576,2097152,0.106,222298,32,256,4096,50,66,78.236579,0.352176111989,-147.691331,-69.454753,-56.415147
1048576,1048576,2097152,0.106,222298,32,256,4096,50,67,79.742210,0.352176111989,-149.928486,-70.186277,-56.415044
1048576,1048576,2097152,0.106,222298,32,256,4096,50,68,81.247841,0.352176111989,-152.165557,-70.917716,-56.414982
1048576,1048576,2097152,0.106,222298,32,256,4096,50,69,82.753472,0.352176111989,-154.402533,-71.649061,-56.414944
1048576,1048576,2097152,0.106,222298,32,256,4096,50,70,84.259103,0.352176111989,-156.639403,-72.380300,-56.414922
1048576,1048576,2097152,0.106,222298,32,256,4096,50,71,85.764734,0.352176111989,-158.876152,-73.111418,-56.414908
1048576,1048576,2097152,0.106,222298,32,256,4096,50,72,87.270365,0.352176111989,-161.112767,-73.842402,-56.414900
1048576,1048576,2097152,0.106,222298,32,256,4096,50,73,88.775996,0.352176111989,-163.349231,-74.573235,-56.414895
1048576,1048576,2097152,0.106,222298,32,256,4096,50,74,90.281627,0.352176111989,-165.585524,-75.303897,-56.414892
1048576,1048576,2097152,0.106,222298,32,256,4096,50,75,91.787258,0.352176111989,-167.821627,-76.034369,-56.414890
1048576,1048576,2097152,0.106,222298,32,256,4096,50,76,93.292889,0.352176111989,-170.057515,-76.764626,-56.414889
1048576,1048576,2097152,0.106,222298,32,256,4096,50,77,94.798520,0.352176111989,-172.293162,-77.494642,-56.414888
1048576,1048576,2097152,0.106,222298,32,256,4096,50,78,96.304151,0.352176111989,-174.528540,-78.224389,-56.414888
1048576,1048576,2097152,0.106,222298,32,256,4096,50,79,97.809782,0.352176111989,-176.763616,-78.953833,-56.414888
1048576,1048576,2097152,0.106,222298,32,256,4096,50,80,99.315413,0.352176111989,-178.998353,-79.682940,-56.414888
1048576,1048576,2097152,0.106,222298,32,256,4096,50,81,100.821044,0.352176111989,-181.232711,-80.411667,-56.414888
1048576,1048576,2097152,0.106,222298,32,256,4096,50,82,102.326675,0.352176111989,-183.466646,-81.139971,-56.414888
1048576,1048576,2097152,0.106,222298,32,256,4096,50,83,103.832306,0.352176111989,-185.700107,-81.867800,-56.414888
1048576,1048576,2097152,0.106,222298,32,256,4096,50,84,105.337937,0.352176111989,-187.933039,-82.595102,-56.414888
1048576,1048576,2097152,0.106,222298,32,256,4096,50,85,106.843568,0.352176111989,-190.165381,-83.321813,-56.414888
1048576,1048576,2097152,0.106,222298,32,256,4096,50,86,108.349199,0.352176111989,-192.397066,-84.047867,-56.414888
1048576,1048576,2097152,0.106,222298,32,256,4096,50,87,109.854830,0.352176111989,-194.628018,-84.773188,-56.414888
1048576,1048576,2097152,0.106,222298,32,256,4096,50,88,111.360462,0.352176111989,-196.858157,-85.497695,-56.414888
1048576,1048576,2097152,0.106,222298,32,256,4096,50,89,112.866093,0.352176111989,-199.087391,-86.221298,-56.414888
1048576,1048576,2097152,0.106,222298,32,256,4096,50,90,114.371724,0.352176111989,-201.315623,-86.943900,-56.414888
1048576,1048576,2097152,0.106,222298,32,256,4096,50,91,115.877355,0.352176111989,-203.542744,-87.665390,-56.414888
1048576,1048576,2097152,0.106,222298,32,256,4096,50,92,117.382986,0.352176111989,-205.768640,-88.385654,-56.414888
1048576,1048576,2097152,0.106,222298,32,256,4096,50,93,118.888617,0.352176111989,-207.993180,-89.104563,-56.414888
1048576,1048576,2097152,0.106,222298,32,256,4096,50,94,120.394248,0.352176111989,-210.216231,-89.821983,-56.414888
1048576,1048576,2097152,0.106,222298,32,256,4096,50,95,121.899879,0.352176111989,-212.437643,-90.537765,-56.414888
1048576,1048576,2097152,0.106,222298,32,256,4096,50,96,123.405510,0.352176111989,-214.657262,-91.251753,-56.414888
1048576,1048576,2097152,0.106,222298,32,256,4096,50,97,124.911141,0.352176111989,-216.874919,-91.963778,-56.414888
1048576,1048576,2097152,0.106,222298,32,256,4096,50,98,126.416772,0.352176111989,-219.090440,-92.673668,-56.414888
1048576,1048576,2097152,0.106,222298,32,256,4096,50,99,127.922403,0.352176111989,-221.303637,-93.381234,-56.414888
1048576,1048576,2097152,0.106,222298,32,256,4096,50,100,129.428034,0.352176111989,-223.514322,-94.086288,-56.414888
1048576,1048576,2097152,0.106,222298,32,256,4096,50,101,130.933665,0.352176111989,-225.722292,-94.788627,-56.414888
1048576,1048576,2097152,0.106,222298,32,256,4096,50,102,132.439296,0.352176111989,-227.927350,-95.488054,-56.414888
1048576,1048576,2097152,0.106,222298,32,256,4096,50,103,133.944927,0.352176111989,-230.129288,-96.184361,-56.414888
1048576,1048576,2097152,0.106,222298,32,256,4096,50,104,135.450558,0.352176111989,-232.327903,-96.877345,-56.414888
1048576,1048576,2097152,0.106,222298,32,256,4096,50,105,136.956189,0.352176111989,-234.522998,-97.566809,-56.414888
1048576,1048576,2097152,0.106,222298,32,256,4096,50,106,138.461820,0.352176111989,-236.714376,-98.252556,-56.414888
1048576,1048576,2097152,0.106,222298,32,256,4096,50,107,139.967451,0.352176111989,-238.901855,-98.934404,-56.414888
1048576,1048576,2097152,0.106,222298,32,256,4096,50,108,141.473082,0.352176111989,-241.085269,-99.612187,-56.414888
1048576,1048576,2097152,0.106,222298,32,256,4096,50,109,142.978713,0.352176111989,-243.264462,-100.285748,-56.414888
1048576,1048576,2097152,0.106,222298,32,256,4096,50,110,144.484344,0.352176111989,-245.439303,-100.954959,-56.414888
1048576,1048576,2097152,0.106,222298,32,256,4096,50,111,145.989975,0.352176111989,-247.609688,-101.619713,-56.414888
1048576,1048576,2097152,0.106,222298,32,256,4096,50,112,147.495606,0.352176111989,-249.775532,-102.279926,-56.414888
1048576,1048576,2097152,0.106,222298,32,256,4096,50,113,149.001238,0.352176111989,-251.936783,-102.935546,-56.414888
1048576,1048576,2097152,0.106,222298,32,256,4096,50,114,150.506869,0.352176111989,-254.093421,-103.586552,-56.414888
1048576,1048576,2097152,0.106,222298,32,256,4096,50,115,152.012500,0.352176111989,-256.245448,-104.232948,-56.414888
1048576,1048576,2097152,0.106,222298,32,256,4096,50,116,153.518131,0.352176111989,-258.392905,-104.874774,-56.414888
1048576,1048576,2097152,0.106,222298,32,256,4096,50,117,155.023762,0.352176111989,-260.535860,-105.512098,-56.414888
1048576,1048576,2097152,0.106,222298,32,256,4096,50,118,156.529393,0.352176111989,-262.674404,-106.145011,-56.414888
1048576,1048576,2097152,0.106,222298,32,256,4096,50,119,158.035024,0.352176111989,-264.808660,-106.773636,-56.414888
1048576,1048576,2097152,0.106,222298,32,256,4096,50,120,159.540655,0.352176111989,-266.938772,-107.398117,-56.414888
1048576,1048576,2097152,0.106,222298,32,256,4096,50,121,161.046286,0.352176111989,-269.064898,-108.018612,-56.414888
1048576,1048576,2097152,0.106,222298,32,256,4096,50,122,162.551917,0.352176111989,-271.187219,-108.635302,-56.414888
1048576,1048576,2097152,0.106,222298,32,256,4096,50,123,164.057548,0.352176111989,-273.305926,-109.248378,-56.414888
1048576,1048576,2097152,0.106,222298,32,256,4096,50,124,165.563179,0.352176111989,-275.421216,-109.858037,-56.414888
1048576,1048576,2097152,0.106,222298,32,256,4096,50,125,167.068810,0.352176111989,-277.533295,-110.464485,-56.414888
1048576,1048576,2097152,0.106,222298,32,256,4096,50,126,168.574441,0.352176111989,-279.642372,-111.067931,-56.414888
1048576,1048576,2097152,0.106,222298,32,256,4096,50,127,170.080072,0.352176111989,-281.748651,-111.668579,-56.414888
1048576,1048576,2097152,0.106,222298,32,256,4096,50,128,171.585703,0.352176111989,-283.852337,-112.266634,-56.414888
1048576,1048576,2097152,0.106,222298,32,256,4096,50,129,173.091334,0.352176111989,-285.953631,-112.862297,-56.414888
1048576,1048576,2097152,0.106,222298,32,256,4096,50,130,174.596965,0.352176111989,-288.052724,-113.455758,-56.414888
1048576,1048576,2097152,0.106,222298,32,256,4096,50,131,176.102596,0.352176111989,-290.149799,-114.047203,-56.414888
1048576,1048576,2097152,0.106,222298,32,256,4096,50,132,177.608227,0.352176111989,-292.245035,-114.636808,-56.414888
1048576,1048576,2097152,0.106,222298,32,256,4096,50,133,179.113858,0.352176111989,-294.338595,-115.224737,-56.414888
1048576,1048576,2097152,0.106,222298,32,256,4096,50,134,180.619489,0.352176111989,-296.430636,-115.811146,-56.414888
1048576,1048576,2097152,0.106,222298,32,256,4096,50,135,182.125120,0.352176111989,-298.521304,-116.396183,-56.414888
1048576,1048576,2097152,0.106,222298,32,256,4096,50,136,183.630751,0.352176111989,-300.610733,-116.979982,-56.414888
1048576,1048576,2097152,0.106,222298,32,256,4096,50,137,185.136382,0.352176111989,-302.699049,-117.562667,-56.414888
1048576,1048576,2097152,0.106,222298,32,256,4096,50,138,186.642014,0.352176111989,-304.786369,-118.144355,-56.414888
1048576,1048576,2097152,0.106,222298,32,256,4096,50,139,188.147645,0.352176111989,-306.872797,-118.725152,-56.414888
1048576,1048576,2097152,0.106,222298,32,256,4096,50,140,189.653276,0.352176111989,-308.958431,-119.305155,-56.414888
1048576,1048576,2097152,0.106,222298,32,256,4096,50,141,191.158907,0.352176111989,-311.043360,-119.884453,-56.414888
1048576,1048576,2097152,0.106,222298,32,256,4096,50,142,192.664538,0.352176111989,-313.127665,-120.463127,-56.414888
1048576,1048576,2097152,0.106,222298,32,256,4096,50,143,194.170169,0.352176111989,-315.211418,-121.041250,-56.414888
1048576,1048576,2097152,0.106,222298,32,256,4096,50,144,195.675800,0.352176111989,-317.294688,-121.618888,-56.414888
1048576,1048576,2097152,0.106,222298,32,256,4096,50,145,197.181431,0.352176111989,-319.377534,-122.196103,-56.414888
1048576,1048576,2097152,0.106,222298,32,256,4096,50,146,198.687062,0.352176111989,-321.460010,-122.772948,-56.414888
1048576,1048576,2097152,0.106,222298,32,256,4096,50,147,200.192693,0.352176111989,-323.542166,-123.349473,-56.414888
1048576,1048576,2097152,0.106,222298,32,256,4096,50,148,201.698324,0.352176111989,-325.624045,-123.925721,-56.414888
1048576,1048576,2097152,0.106,222298,32,256,4096,50,149,203.203955,0.352176111989,-327.705688,-124.501733,-56.414888
1048576,1048576,2097152,0.106,222298,32,256,4096,50,150,204.709586,0.352176111989,-329.787131,-125.077545,-56.414888
1048576,1048576,2097152,0.106,222298,32,256,4096,50,151,206.215217,0.352176111989,-331.868404,-125.653187,-56.414888
1048576,1048576,2097152,0.106,222298,32,256,4096,50,152,207.720848,0.352176111989,-333.949538,-126.228690,-56.414888
1048576,1048576,2097152,0.106,222298,32,256,4096,50,153,209.226479,0.352176111989,-336.030557,-126.804078,-56.414888
1048576,1048576,2097152,0.106,222298,32,256,4096,50,154,210.732110,0.352176111989,-338.111485,-127.379375,-56.414888
1048576,1048576,2097152,0.106,222298,32,256,4096,50,155,212.237741,0.352176111989,-340.192342,-127.954601,-56.414888
1048576,1048576,2097152,0.106,222298,32,256,4096,50,156,213.743372,0.352176111989,-342.273146,-128.529774,-56.414888
1048576,1048576,2097152,0.106,222298,32,256,4096,50,157,215.249003,0.352176111989,-344.353915,-129.104911,-56.414888
1048576,1048576,2097152,0.106,222298,32,256,4096,50,158,216.754634,0.352176111989,-346.434661,-129.680026,-56.414888
1048576,1048576,2097152,0.106,222298,32,256,4096,50,159,218.260265,0.352176111989,-348.515398,-130.255132,-56.414888
1048576,1048576,2097152,0.106,222298,32,256,4096,50,160,219.765896,0.352176111989,-350.596137,-130.830241,-56.414888
1048576,1048576,2097152,0.106,222298,32,256,4096,50,161,221.271527,0.352176111989,-352.676889,-131.405362,-56.414888
1048576,1048576,2097152,0.106,222298,32,256,4096,50,162,222.777158,0.352176111989,-354.757663,-131.980504,-56.414888
1048576,1048576,2097152,0.106,222298,32,256,4096,50,163,224.282790,0.352176111989,-356.838466,-132.555676,-56.414888
1048576,1048576,2097152,0.106,222298,32,256,4096,50,164,225.782218,0.395431832347,-358.919305,-133.137087,-56.414888
1048576,1048576,2097152,0.106,222298,32,256,4096,50,165,227.120717,0.395431832347,-361.000187,-133.879470,-56.414888
1048576,1048576,2097152,0.106,222298,32,256,4096,50,166,228.459216,0.395431832347,-363.081117,-134.621901,-56.414888
1048576,1048576,2097152,0.106,222298,32,256,4096,50,167,229.797715,0.395431832347,-365.162100,-135.364385,-56.414888
1048576,1048576,2097152,0.106,222298,32,256,4096,50,168,231.136214,0.395431832347,-367.243139,-136.106925,-56.414888
1048576,1048576,2097152,0.106,222298,32,256,4096,50,169,232.474713,0.395431832347,-369.324239,-136.849526,-56.414888
1048576,1048576,2097152,0.106,222298,32,256,4096,50,170,233.813212,0.395431832347,-371.405403,-137.592191,-56.414888
1048576,1048576,2097152,0.106,222298,32,256,4096,50,171,235.151711,0.395431832347,-373.486633,-138.334922,-56.414888
1048576,1048576,2097152,0.106,222298,32,256,4096,50,172,236.490211,0.395431832347,-375.567932,-139.077721,-56.414888
1048576,1048576,2097152,0.106,222298,32,256,4096,50,173,237.828710,0.395431832347,-377.649301,-139.820592,-56.414888
1048576,1048576,2097152,0.106,222298,32,256,4096,50,174,239.167209,0.395431832347,-379.730743,-140.563534,-56.414888
1048576,1048576,2097152,0.106,222298,32,256,4096,50,175,240.505708,0.395431832347,-381.812258,-141.306551,-56.414888
1048576,1048576,2097152,0.106,222298,32,256,4096,50,176,241.844207,0.395431832347,-383.893849,-142.049642,-56.414888
1048576,1048576,2097152,0.106,222298,32,256,4096,50,177,243.182706,0.395431832347,-385.975515,-142.792809,-56.414888
1048576,1048576,2097152,0.106,222298,32,256,4096,50,178,244.521205,0.395431832347,-388.057258,-143.536053,-56.414888
1048576,1048576,2097152,0.106,222298,32,256,4096,50,179,245.859704,0.395431832347,-390.139078,-144.279374,-56.414888
1048576,1048576,2097152,0.106,222298,32,256,4096,50,180,247.198203,0.395431832347,-392.220977,-145.022773,-56.414888
1048576,1048576,2097152,0.106,222298,32,256,4096,50,181,248.536702,0.395431832347,-394.302953,-145.766251,-56.414888
1048576,1048576,2097152,0.106,222298,32,256,4096,50,182,249.875201,0.395431832347,-396.385007,-146.509806,-56.414888
1048576,1048576,2097152,0.106,222298,32,256,4096,50,183,251.213700,0.395431832347,-398.467140,-147.253440,-56.414888
1048576,1048576,2097152,0.106,222298,32,256,4096,50,184,252.552200,0.395431832347,-400.549352,-147.997152,-56.414888
1048576,1048576,2097152,0.106,222298,32,256,4096,50,185,253.890699,0.395431832347,-402.631641,-148.740943,-56.414888
1048576,1048576,2097152,0.106,222298,32,256,4096,50,186,255.229198,0.395431832347,-404.714009,-149.484812,-56.414888
1048576,1048576,2097152,0.106,222298,32,256,4096,50,187,256.567697,0.395431832347,-406.796455,-150.228759,-56.414888
1048576,1048576,2097152,0.106,222298,32,256,4096,50,188,257.906196,0.395431832347,-408.878979,-150.972783,-56.414888
1048576,1048576,2097152,0.106,222298,32,256,4096,50,189,259.244695,0.395431832347,-410.961581,-151.716886,-56.414888
1048576,1048576,2097152,0.106,222298,32,256,4096,50,190,260.583194,0.395431832347,-413.044259,-152.461065,-56.414888
1048576,1048576,2097152,0.106,222298,32,256,4096,50,191,261.921693,0.395431832347,-415.127014,-153.205321,-56.414888
1048576,1048576,2097152,0.106,222298,32,256,4096,50,192,263.260192,0.395431832347,-417.209846,-153.949654,-56.414888
1048576,1048576,2097152,0.106,222298,32,256,4096,50,193,264.598691,0.395431832347,-419.292754,-154.694062,-56.414888
1048576,1048576,2097152,0.106,222298,32,256,4096,50,194,265.937190,0.395431832347,-421.375737,-155.438546,-56.414888
1048576,1048576,2097152,0.106,222298,32,256,4096,50,195,267.275689,0.395431832347,-423.458795,-156.183105,-56.414888
1048576,1048576,2097152,0.106,222298,32,256,4096,50,196,268.614188,0.395431832347,-425.541927,-156.927739,-56.414888
1048576,1048576,2097152,0.106,222298,32,256,4096,50,197,269.952688,0.395431832347,-427.625134,-157.672446,-56.414888
1048576,1048576,2097152,0.106,222298,32,256,4096,50,198,271.291187,0.395431832347,-429.708413,-158.417227,-56.414888
1048576,1048576,2097152,0.106,222298,32,256,4096,50,199,272.629686,0.395431832347,-431.791766,-159.162080,-56.414888
1048576,1048576,2097152,0.106,222298,32,256,4096,50,200,273.968185,0.395431832347,-433.875191,-159.907006,-56.414888
1048576,1048576,2097152,0.106,222298,32,256,4096,50,201,275.306684,0.395431832347,-435.958688,-160.652004,-56.414888
1048576,1048576,2097152,0.106,222298,32,256,4096,50,202,276.645183,0.395431832347,-438.042256,-161.397073,-56.414888
1048576,1048576,2097152,0.106,222298,32,256,4096,50,203,277.983682,0.395431832347,-440.125895,-162.142213,-56.414888
1048576,1048576,2097152,0.106,222298,32,256,4096,50,204,279.322181,0.395431832347,-442.209604,-162.887423,-56.414888
1048576,1048576,2097152,0.106,222298,32,256,4096,50,205,280.660680,0.395431832347,-444.293383,-163.632703,-56.414888
1048576,1048576,2097152,0.106,222298,32,256,4096,50,206,281.999179,0.395431832347,-446.377230,-164.378051,-56.414888
1048576,1048576,2097152,0.106,222298,32,256,4096,50,207,283.337678,0.395431832347,-448.461146,-165.123468,-56.414888
1048576,1048576,2097152,0.106,222298,32,256,4096,50,208,284.676177,0.395431832347,-450.545130,-165.868953,-56.414888
1048576,1048576,2097152,0.106,222298,32,256,4096,50,209,286.014677,0.395431832347,-452.629181,-166.614505,-56.414888
1048576,1048576,2097152,0.106,222298,32,256,4096,50,210,287.353176,0.395431832347,-454.713299,-167.360124,-56.414888
1048576,1048576,2097152,0.106,222298,32,256,4096,50,211,288.691675,0.395431832347,-456.797483,-168.105809,-56.414888
1048576,1048576,2097152,0.106,222298,32,256,4096,50,212,290.030174,0.395431832347,-458.881733,-168.851559,-56.414888
1048576,1048576,2097152,0.106,222298,32,256,4096,50,213,291.368673,0.395431832347,-460.966048,-169.597375,-56.414888
1048576,1048576,2097152,0.106,222298,32,256,4096,50,214,292.707172,0.395431832347,-463.050428,-170.343256,-56.414888
1048576,1048576,2097152,0.106,222298,32,256,4096,50,215,294.045671,0.395431832347,-465.134871,-171.089200,-56.414888
1048576,1048576,2097152,0.106,222298,32,256,4096,50,216,295.384170,0.395431832347,-467.219378,-171.835208,-56.414888
1048576,1048576,2097152,0.106,222298,32,256,4096,50,217,296.722669,0.395431832347,-469.303948,-172.581279,-56.414888
1048576,1048576,2097152,0.106,222298,32,256,4096,50,218,298.061168,0.395431832347,-471.388581,-173.327412,-56.414888
1048576,1048576,2097152,0.106,222298,32,256,4096,50,219,299.399667,0.395431832347,-473.473275,-174.073607,-56.414888
1048576,1048576,2097152,0.106,222298,32,256,4096,50,220,300.738166,0.395431832347,-475.558031,-174.819864,-56.414888
1048576,1048576,2097152,0.106,222298,32,256,4096,52,1,-inf,,-2.237843,-inf,-inf
1048576,1048576,2097152,0.106,222298,32,256,4096,52,2,-inf,,-4.475684,-inf,-inf
1048576,1048576,2097152,0.106,222298,32,256,4096,52,3,-inf,,-6.713526,-inf,-inf
1048576,1048576,2097152,0.106,222298,32,256,4096,52,4,-inf,,-8.951366,-inf,-inf
1048576,1048576,2097152,0.106,222298,32,256,4096,52,5,-inf,,-11.189206,-inf,-inf
1048576,1048576,2097152,0.106,222298,32,256,4096,52,6,-inf,,-13.427045,-inf,-inf
1048576,1048576,2097152,0.106,222298,32,256,4096,52,7,-inf,,-15.664883,-inf,-inf
1048576,1048576,2097152,0.106,222298,32,256,4096,52,8,-inf,,-17.902721,-inf,-inf
1048576,1048576,2097152,0.106,222298,32,256,4096,52,9,-inf,,-20.140558,-inf,-inf
1048576,1048576,2097152,0.106,222298,32,256,4096,52,10,-inf,,-22.378394,-inf,-inf
1048576,1048576,2097152,0.106,222298,32,256,4096,52,11,-inf,,-24.616229,-inf,-inf
1048576,1048576,2097152,0.106,222298,32,256,4096,52,12,-inf,,-26.854064,-inf,-inf
1048576,1048576,2097152,0.106,222298,32,256,4096,52,13,-inf,,-29.091897,-inf,-inf
1048576,1048576,2097152,0.106,222298,32,256,4096,52,14,-inf,,-31.329731,-inf,-inf
1048576,1048576,2097152,0.106,222298,32,256,4096,52,15,-inf,,-33.567563,-inf,-inf
1048576,1048576,2097152,0.106,222298,32,256,4096,52,16,-inf,,-35.805394,-inf,-inf
1048576,1048576,2097152,0.106,222298,32,256,4096,52,17,-inf,,-38.043225,-inf,-inf
1048576,1048576,2097152,0.106,222298,32,256,4096,52,18,-inf,,-40.281055,-inf,-inf
1048576,1048576,2097152,0.106,222298,32,256,4096,52,19,-inf,,-42.518884,-inf,-inf
1048576,1048576,2097152,0.106,222298,32,256,4096,52,20,-inf,,-44.756712,-inf,-inf
1048576,1048576,2097152,0.106,222298,32,256,4096,52,21,-inf,,-46.994540,-inf,-inf
1048576,1048576,2097152,0.106,222298,32,256,4096,52,22,-inf,,-49.232366,-inf,-inf
1048576,1048576,2097152,0.106,222298,32,256,4096,52,23,-inf,,-51.470191,-inf,-inf
1048576,1048576,2097152,0.106,222298,32,256,4096,52,24,-inf,,-53.708016,-inf,-inf
1048576,1048576,2097152,0.106,222298,32,256,4096,52,25,-inf,,-55.945839,-inf,-inf
1048576,1048576,2097152,0.106,222298,32,256,4096,52,26,-inf,,-58.183662,-inf,-inf
1048576,1048576,2097152,0.106,222298,32,256,4096,52,27,-inf,,-60.421483,-inf,-inf
1048576,1048576,2097152,0.106,222298,32,256,4096,52,28,-inf,,-62.659303,-inf,-inf
1048576,1048576,2097152,0.106,222298,32,256,4096,52,29,-inf,,-64.897122,-inf,-inf
1048576,1048576,2097152,0.106,222298,32,256,4096,52,30,-inf,,-67.134939,-inf,-inf
1048576,1048576,2097152,0.106,222298,32,256,4096,52,31,-inf,,-69.372755,-inf,-inf
1048576,1048576,2097152,0.106,222298,32,256,4096,52,32,-inf,,-71.610569,-inf,-inf
1048576,1048576,2097152,0.106,222298,32,256,4096,52,33,-inf,,-73.848382,-inf,-inf
1048576,1048576,2097152,0.106,222298,32,256,4096,52,34,-inf,,-76.086193,-inf,-inf
1048576,1048576,2097152,0.106,222298,32,256,4096,52,35,-inf,,-78.324002,-inf,-inf
1048576,1048576,2097152,0.106,222298,32,256,4096,52,36,-inf,,-80.561808,-inf,-inf
1048576,1048576,2097152,0.106,222298,32,256,4096,52,37,-inf,,-82.799612,-inf,-inf
1048576,1048576,2097152,0.106,222298,32,256,4096,52,38,-inf,,-85.037414,-inf,-inf
1048576,1048576,2097152,0.106,222298,32,256,4096,52,39,-inf,,-87.275213,-inf,-inf
1048576,1048576,2097152,0.106,222298,32,256,4096,52,40,-inf,,-89.513008,-inf,-inf
1048576,1048576,2097152,0.106,222298,32,256,4096,52,41,-inf,,-91.750800,-inf,-inf
1048576,1048576,2097152,0.106,222298,32,256,4096,52,42,-inf,,-93.988588,-inf,-inf
1048576,1048576,2097152,0.106,222298,32,256,4096,52,43,-inf,,-96.226371,-inf,-inf
1048576,1048576,2097152,0.106,222298,32,256,4096,52,44,-inf,,-98.464149,-inf,-inf
1048576,1048576,2097152,0.106,222298,32,256,4096,52,45,-inf,,-100.701922,-inf,-inf
1048576,1048576,2097152,0.106,222298,32,256,4096,52,46,-inf,,-102.939689,-inf,-inf
1048576,1048576,2097152,0.106,222298,32,256,4096,52,47,-inf,,-105.177448,-inf,-inf
1048576,1048576,2097152,0.106,222298,32,256,4096,52,48,-inf,,-107.415200,-inf,-inf
1048576,1048576,2097152,0.106,222298,32,256,4096,52,49,-inf,,-109.652943,-inf,-inf
1048576,1048576,2097152,0.106,222298,32,256,4096,52,50,-inf,,-111.890676,-inf,-inf
1048576,1048576,2097152,0.106,222298,32,256,4096,52,51,-inf,,-114.128398,-inf,-inf
1048576,1048576,2097152,0.106,222298,32,256,4096,52,52,57.157744,0.352176111989,-116.366107,-59.208363,-59.208363
1048576,1048576,2097152,0.106,222298,32,256,4096,52,53,58.663375,0.352176111989,-118.603803,-59.940428,-58.528452
1048576,1048576,2097152,0.106,222298,32,256,4096,52,54,60.169006,0.352176111989,-120.841482,-60.672476,-58.234201
1048576,1048576,2097152,0.106,222298,32,256,4096,52,55,61.674637,0.352176111989,-123.079144,-61.404507,-58.082236
1048576,1048576,2097152,0.106,222298,32,256,4096,52,56,63.180268,0.352176111989,-125.316785,-62.136517,-57.997910
1048576,1048576,2097152,0.106,222298,32,256,4096,52,57,64.685899,0.352176111989,-127.554404,-62.868505,-57.949419
1048576,1048576,2097152,0.106,222298,32,256,4096,52,58,66.191530,0.352176111989,-129.791997,-63.600467,-57.920991
1048576,1048576,2097152,0.106,222298,32,256,4096,52,59,67.697161,0.352176111989,-132.029562,-64.332400,-57.904140
1048576,1048576,2097152,0.106,222298,32,256,4096,52,60,69.202792,0.352176111989,-134.267094,-65.064301,-57.894089
1048576,1048576,2097152,0.106,222298,32,256,4096,52,61,70.708423,0.352176111989,-136.504589,-65.796165,-57.888070
1048576,1048576,2097152,0.106,222298,32,256,4096,52,62,72.214054,0.352176111989,-138.742043,-66.527988,-57.884458
1048576,1048576,2097152,0.106,222298,32,256,4096,52,63,73.719686,0.352176111989,-140.979450,-67.259765,-57.882287
1048576,1048576,2097152,0.106,222298,32,256,4096,52,64,75.225317,0.352176111989,-143.216806,-67.991489,-57.880982
1048576,1048576,2097152,0.106,222298,32,256,4096,52,65,76.730948,0.352176111989,-145.454102,-68.723154,-57.880196
1048576,1048576,2097152,0.106,222298,32,256,4096,52,66,78.236579,0.352176111989,-147.691331,-69.454753,-57.879723
1048576,1048576,2097152,0.106,222298,32,256,4096,52,67,79.742210,0.352176111989,-149.928486,-70.186277,-57.879438
1048576,1048576,2097152,0.106,222298,32,256,4096,52,68,81.247841,0.352176111989,-152.165557,-70.917716,-57.879267
1048576,1048576,2097152,0.106,222298,32,256,4096,52,69,82.753472,0.352176111989,-154.402533,-71.649061,-57.879164
1048576,1048576,2097152,0.106,222298,32,256,4096,52,70,84.259103,0.352176111989,-156.639403,-72.380300,-57.879101
1048576,1048576,2097152,0.106,222298,32,256,4096,52,71,85.764734,0.352176111989,-158.876152,-73.111418,-57.879064
1048576,1048576,2097152,0.106,222298,32,256,4096,52,72,87.270365,0.352176111989,-161.112767,-73.842402,-57.879041
1048576,1048576,2097152,0.106,222298,32,256,4096,52,73,88.775996,0.352176111989,-163.349231,-74.573235,-57.879028
1048576,1048576,2097152,0.106,222298,32,256,4096,52,74,90.281627,0.352176111989,-165.585524,-75.303897,-57.879020
1048576,1048576,2097152,0.106,222298,32,256,4096,52,75,91.787258,0.352176111989,-167.821627,-76.034369,-57.879015
1048576,1048576,2097152,0.106,222298,32,256,4096,52,76,93.292889,0.352176111989,-170.057515,-76.764626,-57.879012
1048576,1048576,2097152,0.106,222298,32,256,4096,52,77,94.798520,0.352176111989,-172.293162,-77.494642,-57.879010
1048576,1048576,2097152,0.106,222298,32,256,4096,52,78,96.304151,0.352176111989,-174.528540,-78.224389,-57.879009
1048576,1048576,2097152,0.106,222298,32,256,4096,52,79,97.809782,0.352176111989,-176.763616,-78.953833,-57.879008
1048576,1048576,2097152,0.106,222298,32,256,4096,52,80,99.315413,0.352176111989,-178.998353,-79.682940,-57.879008
1048576,1048576,2097152,0.106,222298,32,256,4096,52,81,100.821044,0.352176111989,-181.232711,-80.411667,-57.879007
1048576,1048576,2097152,0.106,222298,32,256,4096,52,82,102.326675,0.352176111989,-183.466646,-81.139971,-57.879007
1048576,1048576,2097152,0.106,222298,32,256,4096,52,83,103.832306,0.352176111989,-185.700107,-81.867800,-57.879007
1048576,1048576,2097152,0.106,222298,32,256,4096,52,84,105.337937,0.352176111989,-187.933039,-82.595102,-57.879007
1048576,1048576,2097152,0.106,222298,32,256,4096,52,85,106.843568,0.352176111989,-190.165381,-83.321813,-57.879007
1048576,1048576,2097152,0.106,222298,32,256,4096,52,86,108.349199,0.352176111989,-192.397066,-84.047867,-57.879007
1048576,1048576,2097152,0.106,222298,32,256,4096,52,87,109.854830,0.352176111989,-194.628018,-84.773188,-57.879007
1048576,1048576,2097152,0.106,222298,32,256,4096,52,88,111.360462,0.352176111989,-196.858157,-85.497695,-57.879007
1048576,1048576,2097152,0.106,222298,32,256,4096,52,89,112.866093,0.352176111989,-199.087391,-86.221298,-57.879007
1048576,1048576,2097152,0.106,222298,32,256,4096,52,90,114.371724,0.352176111989,-201.315623,-86.943900,-57.879007
1048576,1048576,2097152,0.106,222298,32,256,4096,52,91,115.877355,0.352176111989,-203.542744,-87.665390,-57.879007
1048576,1048576,2097152,0.106,222298,32,256,4096,52,92,117.382986,0.352176111989,-205.768640,-88.385654,-57.879007
1048576,1048576,2097152,0.106,222298,32,256,4096,52,93,118.888617,0.352176111989,-207.993180,-89.104563,-57.879007
1048576,1048576,2097152,0.106,222298,32,256,4096,52,94,120.394248,0.352176111989,-210.216231,-89.821983,-57.879007
1048576,1048576,2097152,0.106,222298,32,256,4096,52,95,121.899879,0.352176111989,-212.437643,-90.537765,-57.879007
1048576,1048576,2097152,0.106,222298,32,256,4096,52,96,123.405510,0.352176111989,-214.657262,-91.251753,-57.879007
1048576,1048576,2097152,0.106,222298,32,256,4096,52,97,124.911141,0.352176111989,-216.874919,-91.963778,-57.879007
1048576,1048576,2097152,0.106,222298,32,256,4096,52,98,126.416772,0.352176111989,-219.090440,-92.673668,-57.879007
1048576,1048576,2097152,0.106,222298,32,256,4096,52,99,127.922403,0.352176111989,-221.303637,-93.381234,-57.879007
1048576,1048576,2097152,0.106,222298,32,256,4096,52,100,129.428034,0.352176111989,-223.514322,-94.086288,-57.879007
1048576,1048576,2097152,0.106,222298,32,256,4096,52,101,130.933665,0.352176111989,-225.722292,-94.788627,-57.879007
1048576,1048576,2097152,0.106,222298,32,256,4096,52,102,132.439296,0.352176111989,-227.927350,-95.488054,-57.879007
1048576,1048576,2097152,0.106,222298,32,256,4096,52,103,133.944927,0.352176111989,-230.129288,-96.184361,-57.879007
1048576,1048576,2097152,0.106,222298,32,256,4096,52,104,135.450558,0.352176111989,-232.327903,-96.877345,-57.879007
1048576,1048576,2097152,0.106,222298,32,256,4096,52,105,136.956189,0.352176111989,-234.522998,-97.566809,-57.879007
1048576,1048576,2097152,0.106,222298,32,256,4096,52,106,138.461820,0.352176111989,-236.714376,-98.252556,-57.879007
1048576,1048576,2097152,0.106,222298,32,256,4096,52,107,139.967451,0.352176111989,-238.901855,-98.934404,-57.879007
1048576,1048576,2097152,0.106,222298,32,256,4096,52,108,141.473082,0.352176111989,-241.085269,-99.612187,-57.879007
1048576,1048576,2097152,0.106,222298,32,256,4096,52,109,142.978713,0.352176111989,-243.264462,-100.285748,-57.879007
1048576,1048576,2097152,0.106,222298,32,256,4096,52,110,144.484344,0.352176111989,-245.439303,-100.954959,-57.879007
1048576,1048576,2097152,0.106,222298,32,256,4096,52,111,145.989975,0.352176111989,-247.609688,-101.619713,-57.879007
1048576,1048576,2097152,0.106,222298,32,256,4096,52,112,147.495606,0.352176111989,-249.775532,-102.279926,-57.879007
1048576,1048576,2097152,0.106,222298,32,256,4096,52,113,149.001238,0.352176111989,-251.936783,-102.935546,-57.879007
1048576,1048576,2097152,0.106,222298,32,256,4096,52,114,150.506869,0.352176111989,-254.093421,-103.586552,-57.879007
1048576,1048576,2097152,0.106,222298,32,256,4096,52,115,152.012500,0.352176111989,-256.245448,-104.232948,-57.879007
1048576,1048576,2097152,0.106,222298,32,256,4096,52,116,153.518131,0.352176111989,-258.392905,-104.874774,-57.879007
1048576,1048576,2097152,0.106,222298,32,256,4096,52,117,155.023762,0.352176111989,-260.535860,-105.512098,-57.879007
1048576,1048576,2097152,0.106,222298,32,256,4096,52,118,156.529393,0.352176111989,-262.674404,-106.145011,-57.879007
1048576,1048576,2097152,0.106,222298,32,256,4096,52,119,158.035024,0.352176111989,-264.808660,-106.773636,-57.879007
1048576,1048576,2097152,0.106,222298,32,256,4096,52,120,159.540655,0.352176111989,-266.938772,-107.398117,-57.879007
1048576,1048576,2097152,0.106,222298,32,256,4096,52,121,161.046286,0.352176111989,-269.064898,-108.018612,-57.879007
1048576,1048576,2097152,0.106,222298,32,256,4096,52,122,162.551917,0.352176111989,-271.187219,-108.635302,-57.879007
1048576,1048576,2097152,0.106,222298,32,256,4096,52,123,164.057548,0.352176111989,-273.305926,-109.248378,-57.879007
1048576,1048576,2097152,0.106,222298,32,256,4096,52,124,165.563179,0.352176111989,-275.421216,-109.858037,-57.879007
1048576,1048576,2097152,0.106,222298,32,256,4096,52,125,167.068810,0.352176111989,-277.533295,-110.464485,-57.879007
1048576,1048576,2097152,0.106,222298,32,256,4096,52,126,168.574441,0.352176111989,-279.642372,-111.067931,-57.879007
1048576,1048576,2097152,0.106,222298,32,256,4096,52,127,170.080072,0.352176111989,-281.748651,-111.668579,-57.879007
1048576,1048576,2097152,0.106,222298,32,256,4096,52,128,171.585703,0.352176111989,-283.852337,-112.266634,-57.879007
1048576,1048576,2097152,0.106,222298,32,256,4096,52,129,173.091334,0.352176111989,-285.953631,-112.862297,-57.879007
1048576,1048576,2097152,0.106,222298,32,256,4096,52,130,174.596965,0.352176111989,-288.052724,-113.455758,-57.879007
1048576,1048576,2097152,0.106,222298,32,256,4096,52,131,176.102596,0.352176111989,-290.149799,-114.047203,-57.879007
1048576,1048576,2097152,0.106,222298,32,256,4096,52,132,177.608227,0.352176111989,-292.245035,-114.636808,-57.879007
1048576,1048576,2097152,0.106,222298,32,256,4096,52,133,179.113858,0.352176111989,-294.338595,-115.224737,-57.879007
1048576,1048576,2097152,0.106,222298,32,256,4096,52,134,180.619489,0.352176111989,-296.430636,-115.811146,-57.879007
1048576,1048576,2097152,0.106,222298,32,256,4096,52,135,182.125120,0.352176111989,-298.521304,-116.396183,-57.879007
1048576,1048576,2097152,0.106,222298,32,256,4096,52,136,183.630751,0.352176111989,-300.610733,-116.979982,-57.879007
1048576,1048576,2097152,0.106,222298,32,256,4096,52,137,185.136382,0.352176111989,-302.699049,-117.562667,-57.879007
1048576,1048576,2097152,0.106,222298,32,256,4096,52,138,186.642014,0.352176111989,-304.786369,-118.144355,-57.879007
1048576,1048576,2097152,0.106,222298,32,256,4096,52,139,188.147645,0.352176111989,-306.872797,-118.725152,-57.879007
1048576,1048576,2097152,0.106,222298,32,256,4096,52,140,189.653276,0.352176111989,-308.958431,-119.305155,-57.879007
1048576,1048576,2097152,0.106,222298,32,256,4096,52,141,191.158907,0.352176111989,-311.043360,-119.884453,-57.879007
1048576,1048576,2097152,0.106,222298,32,256,4096,52,142,192.664538,0.352176111989,-313.127665,-120.463127,-57.879007
1048576,1048576,2097152,0.106,222298,32,256,4096,52,143,194.170169,0.352176111989,-315.211418,-121.041250,-57.879007
1048576,1048576,2097152,0.106,222298,32,256,4096,52,144,195.675800,0.352176111989,-317.294688,-121.618888,-57.879007
1048576,1048576,2097152,0.106,222298,32,256,4096,52,145,197.181431,0.352176111989,-319.377534,-122.196103,-57.879007
1048576,1048576,2097152,0.106,222298,32,256,4096,52,146,198.687062,0.352176111989,-321.460010,-122.772948,-57.879007
1048576,1048576,2097152,0.106,222298,32,256,4096,52,147,200.192693,0.352176111989,-323.542166,-123.349473,-57.879007
1048576,1048576,2097152,0.106,222298,32,256,4096,52,148,201.698324,0.352176111989,-325.624045,-123.925721,-57.879007
1048576,1048576,2097152,0.106,222298,32,256,4096,52,149,203.203955,0.352176111989,-327.705688,-124.501733,-57.879007
1048576,1048576,2097152,0.106,222298,32,256,4096,52,150,204.709586,0.352176111989,-329.787131,-125.077545,-57.879007
1048576,1048576,2097152,0.106,222298,32,256,4096,52,151,206.215217,0.352176111989,-331.868404,-125.653187,-57.879007
1048576,1048576,2097152,0.106,222298,32,256,4096,52,152,207.720848,0.352176111989,-333.949538,-126.228690,-57.879007
1048576,1048576,2097152,0.106,222298,32,256,4096,52,153,209.226479,0.352176111989,-336.030557,-126.804078,-57.879007
1048576,1048576,2097152,0.106,222298,32,256,4096,52,154,210.732110,0.352176111989,-338.111485,-127.379375,-57.879007
1048576,1048576,2097152,0.106,222298,32,256,4096,52,155,212.237741,0.352176111989,-340.192342,-127.954601,-57.879007
1048576,1048576,2097152,0.106,222298,32,256,4096,52,156,213.743372,0.352176111989,-342.273146,-128.529774,-57.879007
1048576,1048576,2097152,0.106,222298,32,256,4096,52,157,215.249003,0.352176111989,-344.353915,-129.104911,-57.879007
1048576,1048576,2097152,0.106,222298,32,256,4096,52,158,216.754634,0.352176111989,-346.434661,-129.680026,-57.879007
1048576,1048576,2097152,0.106,222298,32,256,4096,52,159,218.260265,0.352176111989,-348.515398,-130.255132,-57.879007
1048576,1048576,2097152,0.106,222298,32,256,4096,52,160,219.765896,0.352176111989,-350.596137,-130.830241,-57.879007
1048576,1048576,2097152,0.106,222298,32,256,4096,52,161,221.271527,0.352176111989,-352.676889,-131.405362,-57.879007
1048576,1048576,2097152,0.106,222298,32,256,4096,52,162,222.777158,0.352176111989,-354.757663,-131.980504,-57.879007
1048576,1048576,2097152,0.106,222298,32,256,4096,52,163,224.282790,0.352176111989,-356.838466,-132.555676,-57.879007
1048576,1048576,2097152,0.106,222298,32,256,4096,52,164,225.782218,0.395431832347,-358.919305,-133.137087,-57.879007
1048576,1048576,2097152,0.106,222298,32,256,4096,52,165,227.120717,0.395431832347,-361.000187,-133.879470,-57.879007
1048576,1048576,2097152,0.106,222298,32,256,4096,52,166,228.459216,0.395431832347,-363.081117,-134.621901,-57.879007
1048576,1048576,2097152,0.106,222298,32,256,4096,52,167,229.797715,0.395431832347,-365.162100,-135.364385,-57.879007
1048576,1048576,2097152,0.106,222298,32,256,4096,52,168,231.136214,0.395431832347,-367.243139,-136.106925,-57.879007
1048576,1048576,2097152,0.106,222298,32,256,4096,52,169,232.474713,0.395431832347,-369.324239,-136.849526,-57.879007
1048576,1048576,2097152,0.106,222298,32,256,4096,52,170,233.813212,0.395431832347,-371.405403,-137.592191,-57.879007
1048576,1048576,2097152,0.106,222298,32,256,4096,52,171,235.151711,0.395431832347,-373.486633,-138.334922,-57.879007
1048576,1048576,2097152,0.106,222298,32,256,4096,52,172,236.490211,0.395431832347,-375.567932,-139.077721,-57.879007
1048576,1048576,2097152,0.106,222298,32,256,4096,52,173,237.828710,0.395431832347,-377.649301,-139.820592,-57.879007
1048576,1048576,2097152,0.106,222298,32,256,4096,52,174,239.167209,0.395431832347,-379.730743,-140.563534,-57.879007
1048576,1048576,2097152,0.106,222298,32,256,4096,52,175,240.505708,0.395431832347,-381.812258,-141.306551,-57.879007
1048576,1048576,2097152,0.106,222298,32,256,4096,52,176,241.844207,0.395431832347,-383.893849,-142.049642,-57.879007
1048576,1048576,2097152,0.106,222298,32,256,4096,52,177,243.182706,0.395431832347,-385.975515,-142.792809,-57.879007
1048576,1048576,2097152,0.106,222298,32,256,4096,52,178,244.521205,0.395431832347,-388.057258,-143.536053,-57.879007
1048576,1048576,2097152,0.106,222298,32,256,4096,52,179,245.859704,0.395431832347,-390.139078,-144.279374,-57.879007
1048576,1048576,2097152,0.106,222298,32,256,4096,52,180,247.198203,0.395431832347,-392.220977,-145.022773,-57.879007
1048576,1048576,2097152,0.106,222298,32,256,4096,52,181,248.536702,0.395431832347,-394.302953,-145.766251,-57.879007
1048576,1048576,2097152,0.106,222298,32,256,4096,52,182,249.875201,0.395431832347,-396.385007,-146.509806,-57.879007
1048576,1048576,2097152,0.106,222298,32,256,4096,52,183,251.213700,0.395431832347,-398.467140,-147.253440,-57.879007
1048576,1048576,2097152,0.106,222298,32,256,4096,52,184,252.552200,0.395431832347,-400.549352,-147.997152,-57.879007
1048576,1048576,2097152,0.106,222298,32,256,4096,52,185,253.890699,0.395431832347,-402.631641,-148.740943,-57.879007
1048576,1048576,2097152,0.106,222298,32,256,4096,52,186,255.229198,0.395431832347,-404.714009,-149.484812,-57.879007
1048576,1048576,2097152,0.106,222298,32,256,4096,52,187,256.567697,0.395431832347,-406.796455,-150.228759,-57.879007
1048576,1048576,2097152,0.106,222298,32,256,4096,52,188,257.906196,0.395431832347,-408.878979,-150.972783,-57.879007
1048576,1048576,2097152,0.106,222298,32,256,4096,52,189,259.244695,0.395431832347,-410.961581,-151.716886,-57.879007
1048576,1048576,2097152,0.106,222298,32,256,4096,52,190,260.583194,0.395431832347,-413.044259,-152.461065,-57.879007
1048576,1048576,2097152,0.106,222298,32,256,4096,52,191,261.921693,0.395431832347,-415.127014,-153.205321,-57.879007
1048576,1048576,2097152,0.106,222298,32,256,4096,52,192,263.260192,0.395431832347,-417.209846,-153.949654,-57.879007
1048576,1048576,2097152,0.106,222298,32,256,4096,52,193,264.598691,0.395431832347,-419.292754,-154.694062,-57.879007
1048576,1048576,2097152,0.106,222298,32,256,4096,52,194,265.937190,0.395431832347,-421.375737,-155.438546,-57.879007
1048576,1048576,2097152,0.106,222298,32,256,4096,52,195,267.275689,0.395431832347,-423.458795,-156.183105,-57.879007
1048576,1048576,2097152,0.106,222298,32,256,4096,52,196,268.614188,0.395431832347,-425.541927,-156.927739,-57.879007
1048576,1048576,2097152,0.106,222298,32,256,4096,52,197,269.952688,0.395431832347,-427.625134,-157.672446,-57.879007
1048576,1048576,2097152,0.106,222298,32,256,4096,52,198,271.291187,0.395431832347,-429.708413,-158.417227,-57.879007
1048576,1048576,2097152,0.106,222298,32,256,4096,52,199,272.629686,0.395431832347,-431.791766,-159.162080,-57.879007
1048576,1048576,2097152,0.106,222298,32,256,4096,52,200,273.968185,0.395431832347,-433.875191,-159.907006,-57.879007
1048576,1048576,2097152,0.106,222298,32,256,4096,52,201,275.306684,0.395431832347,-435.958688,-160.652004,-57.879007
1048576,1048576,2097152,0.106,222298,32,256,4096,52,202,276.645183,0.395431832347,-438.042256,-161.397073,-57.879007
1048576,1048576,2097152,0.106,222298,32,256,4096,52,203,277.983682,0.395431832347,-440.125895,-162.142213,-57.879007
1048576,1048576,2097152,0.106,222298,32,256,4096,52,204,279.322181,0.395431832347,-442.209604,-162.887423,-57.879007
1048576,1048576,2097152,0.106,222298,32,256,4096,52,205,280.660680,0.395431832347,-444.293383,-163.632703,-57.879007
1048576,1048576,2097152,0.106,222298,32,256,4096,52,206,281.999179,0.395431832347,-446.377230,-164.378051,-57.879007
1048576,1048576,2097152,0.106,222298,32,256,4096,52,207,283.337678,0.395431832347,-448.461146,-165.123468,-57.879007
1048576,1048576,2097152,0.106,222298,32,256,4096,52,208,284.676177,0.395431832347,-450.545130,-165.868953,-57.879007
1048576,1048576,2097152,0.106,222298,32,256,4096,52,209,286.014677,0.395431832347,-452.629181,-166.614505,-57.879007
1048576,1048576,2097152,0.106,222298,32,256,4096,52,210,287.353176,0.395431832347,-454.713299,-167.360124,-57.879007
1048576,1048576,2097152,0.106,222298,32,256,4096,52,211,288.691675,0.395431832347,-456.797483,-168.105809,-57.879007
1048576,1048576,2097152,0.106,222298,32,256,4096,52,212,290.030174,0.395431832347,-458.881733,-168.851559,-57.879007
1048576,1048576,2097152,0.106,222298,32,256,4096,52,213,291.368673,0.395431832347,-460.966048,-169.597375,-57.879007
1048576,1048576,2097152,0.106,222298,32,256,4096,52,214,292.707172,0.395431832347,-463.050428,-170.343256,-57.879007
1048576,1048576,2097152,0.106,222298,32,256,4096,52,215,294.045671,0.395431832347,-465.134871,-171.089200,-57.879007
1048576,1048576,2097152,0.106,222298,32,256,4096,52,216,295.384170,0.395431832347,-467.219378,-171.835208,-57.879007
1048576,1048576,2097152,0.106,222298,32,256,4096,52,217,296.722669,0.395431832347,-469.303948,-172.581279,-57.879007
1048576,1048576,2097152,0.106,222298,32,256,4096,52,218,298.061168,0.395431832347,-471.388581,-173.327412,-57.879007
1048576,1048576,2097152,0.106,222298,32,256,4096,52,219,299.399667,0.395431832347,-473.473275,-174.073607,-57.879007
1048576,1048576,2097152,0.106,222298,32,256,4096,52,220,300.738166,0.395431832347,-475.558031,-174.819864,-57.879007
1048576,1048576,2097152,0.106,222298,32,256,4096,54,1,-inf,,-2.237843,-inf,-inf
1048576,1048576,2097152,0.106,222298,32,256,4096,54,2,-inf,,-4.475684,-inf,-inf
1048576,1048576,2097152,0.106,222298,32,256,4096,54,3,-inf,,-6.713526,-inf,-inf
1048576,1048576,2097152,0.106,222298,32,256,4096,54,4,-inf,,-8.951366,-inf,-inf
1048576,1048576,2097152,0.106,222298,32,256,4096,54,5,-inf,,-11.189206,-inf,-inf
1048576,1048576,2097152,0.106,222298,32,256,4096,54,6,-inf,,-13.427045,-inf,-inf
1048576,1048576,2097152,0.106,222298,32,256,4096,54,7,-inf,,-15.664883,-inf,-inf
1048576,1048576,2097152,0.106,222298,32,256,4096,54,8,-inf,,-17.902721,-inf,-inf
1048576,1048576,2097152,0.106,222298,32,256,4096,54,9,-inf,,-20.140558,-inf,-inf
1048576,1048576,2097152,0.106,222298,32,256,4096,54,10,-inf,,-22.378394,-inf,-inf
1048576,1048576,2097152,0.106,222298,32,256,4096,54,11,-inf,,-24.616229,-inf,-inf
1048576,1048576,2097152,0.106,222298,32,256,4096,54,12,-inf,,-26.854064,-inf,-inf
1048576,1048576,2097152,0.106,222298,32,256,4096,54,13,-inf,,-29.091897,-inf,-inf
1048576,1048576,2097152,0.106,222298,32,256,4096,54,14,-inf,,-31.329731,-inf,-inf
1048576,1048576,2097152,0.106,222298,32,256,4096,54,15,-inf,,-33.567563,-inf,-inf
1048576,1048576,2097152,0.106,222298,32,256,4096,54,16,-inf,,-35.805394,-inf,-inf
1048576,1048576,2097152,0.106,222298,32,256,4096,54,17,-inf,,-38.043225,-inf,-inf
1048576,1048576,2097152,0.106,222298,32,256,4096,54,18,-inf,,-40.281055,-inf,-inf
1048576,1048576,2097152,0.106,222298,32,256,4096,54,19,-inf,,-42.518884,-inf,-inf
1048576,1048576,2097152,0.106,222298,32,256,4096,54,20,-inf,,-44.756712,-inf,-inf
1048576,1048576,2097152,0.106,222298,32,256,4096,54,21,-inf,,-46.994540,-inf,-inf
1048576,1048576,2097152,0.106,222298,32,256,4096,54,22,-inf,,-49.232366,-inf,-inf
1048576,1048576,2097152,0.106,222298,32,256,4096,54,23,-inf,,-51.470191,-inf,-inf
1048576,1048576,2097152,0.106,222298,32,256,4096,54,24,-inf,,-53.708016,-inf,-inf
1048576,1048576,2097152,0.106,222298,32,256,4096,54,25,-inf,,-55.945839,-inf,-inf
1048576,1048576,2097152,0.106,222298,32,256,4096,54,26,-inf,,-58.183662,-inf,-inf
1048576,1048576,2097152,0.106,222298,32,256,4096,54,27,-inf,,-60.421483,-inf,-inf
1048576,1048576,2097152,0.106,222298,32,256,4096,54,28,-inf,,-62.659303,-inf,-inf
1048576,1048576,2097152,0.106,222298,32,256,4096,54,29,-inf,,-64.897122,-inf,-inf
1048576,1048576,2097152,0.106,222298,32,256,4096,54,30,-inf,,-67.134939,-inf,-inf
1048576,1048576,2097152,0.106,222298,32,256,4096,54,31,-inf,,-69.372755,-inf,-inf
1048576,1048576,2097152,0.106,222298,32,256,4096,54,32,-inf,,-71.610569,-inf,-inf
1048576,1048576,2097152,0.106,222298,32,256,4096,54,33,-inf,,-73.848382,-inf,-inf
1048576,1048576,2097152,0.106,222298,32,256,4096,54,34,-inf,,-76.086193,-inf,-inf
1048576,1048576,2097152,0.106,222298,32,256,4096,54,35,-inf,,-78.324002,-inf,-inf
1048576,1048576,2097152,0.106,222298,32,256,4096,54,36,-inf,,-80.561808,-inf,-inf
1048576,1048576,2097152,0.106,222298,32,256,4096,54,37,-inf,,-82.799612,-inf,-inf
1048576,1048576,2097152,0.106,222298,32,256,4096,54,38,-inf,,-85.037414,-inf,-inf
1048576,1048576,2097152,0.106,222298,32,256,4096,54,39,-inf,,-87.275213,-inf,-inf
1048576,1048576,2097152,0.106,222298,32,256,4096,54,40,-inf,,-89.513008,-inf,-inf
1048576,1048576,2097152,0.106,222298,32,256,4096,54,41,-inf,,-91.750800,-inf,-inf
1048576,1048576,2097152,0.106,222298,32,256,4096,54,42,-inf,,-93.988588,-inf,-inf
1048576,1048576,2097152,0.106,222298,32,256,4096,54,43,-inf,,-96.226371,-inf,-inf
1048576,1048576,2097152,0.106,222298,32,256,4096,54,44,-inf,,-98.464149,-inf,-inf
1048576,1048576,2097152,0.106,222298,32,256,4096,54,45,-inf,,-100.701922,-inf,-inf
1048576,1048576,2097152,0.106,222298,32,256,4096,54,46,-inf,,-102.939689,-inf,-inf
1048576,1048576,2097152,0.106,222298,32,256,4096,54,47,-inf,,-105.177448,-inf,-inf
1048576,1048576,2097152,0.106,222298,32,256,4096,54,48,-inf,,-107.415200,-inf,-inf
1048576,1048576,2097152,0.106,222298,32,256,4096,54,49,-inf,,-109.652943,-inf,-inf
1048576,1048576,2097152,0.106,222298,32,256,4096,54,50,-inf,,-111.890676,-inf,-inf
1048576,1048576,2097152,0.106,222298,32,256,4096,54,51,-inf,,-114.128398,-inf,-inf
1048576,1048576,2097152,0.106,222298,32,256,4096,54,52,-inf,,-116.366107,-inf,-inf
1048576,1048576,2097152,0.106,222298,32,256,4096,54,53,-inf,,-118.603803,-inf,-inf
1048576,1048576,2097152,0.106,222298,32,256,4096,54,54,60.169006,0.352176111989,-120.841482,-60.672476,-60.672476
1048576,1048576,2097152,0.106,222298,32,256,4096,54,55,61.674637,0.352176111989,-123.079144,-61.404507,-59.992552
1048576,1048576,2097152,0.106,222298,32,256,4096,54,56,63.180268,0.352176111989,-125.316785,-62.136517,-59.698290
1048576,1048576,2097152,0.106,222298,32,256,4096,54,57,64.685899,0.352176111989,-127.554404,-62.868505,-59.546316
1048576,1048576,2097152,0.106,222298,32,256,4096,54,58,66.191530,0.352176111989,-129.791997,-63.600467,-59.461983
1048576,1048576,2097152,0.106,222298,32,256,4096,54,59,67.697161,0.352176111989,-132.029562,-64.332400,-59.413486
1048576,1048576,2097152,0.106,222298,32,256,4096,54,60,69.202792,0.352176111989,-134.267094,-65.064301,-59.385053
1048576,1048576,2097152,0.106,222298,32,256,4096,54,61,70.708423,0.352176111989,-136.504589,-65.796165,-59.368199
1048576,1048576,2097152,0.106,222298,32,256,4096,54,62,72.214054,0.352176111989,-138.742043,-66.527988,-59.358145
1048576,1048576,2097152,0.106,222298,32,256,4096,54,63,73.719686,0.352176111989,-140.979450,-67.259765,-59.352124
1048576,1048576,2097152,0.106,222298,32,256,4096,54,64,75.225317,0.352176111989,-143.216806,-67.991489,-59.348511
1048576,1048576,2097152,0.106,222298,32,256,4096,54,65,76.730948,0.352176111989,-145.454102,-68.723154,-59.346339
1048576,1048576,2097152,0.106,222298,32,256,4096,54,66,78.236579,0.352176111989,-147.691331,-69.454753,-59.345033
1048576,1048576,2097152,0.106,222298,32,256,4096,54,67,79.742210,0.352176111989,-149.928486,-70.186277,-59.344247
1048576,1048576,2097152,0.106,222298,32,256,4096,54,68,81.247841,0.352176111989,-152.165557,-70.917716,-59.343774
1048576,1048576,2097152,0.106,222298,32,256,4096,54,69,82.753472,0.352176111989,-154.402533,-71.649061,-59.343489
1048576,1048576,2097152,0.106,222298,32,256,4096,54,70,84.259103,0.352176111989,-156.639403,-72.380300,-59.343317
1048576,1048576,2097152,0.106,222298,32,256,4096,54,71,85.764734,0.352176111989,-158.876152,-73.111418,-59.343213
1048576,1048576,2097152,0.106,222298,32,256,4096,54,72,87.270365,0.352176111989,-161.112767,-73.842402,-59.343151
1048576,1048576,2097152,0.106,222298,32,256,4096,54,73,88.775996,0.352176111989,-163.349231,-74.573235,-59.343114
1048576,1048576,2097152,0.106,222298,32,256,4096,54,74,90.281627,0.352176111989,-165.585524,-75.303897,-59.343091
1048576,1048576,2097152,0.106,222298,32,256,4096,54,75,91.787258,0.352176111989,-167.821627,-76.034369,-59.343077
1048576,1048576,2097152,0.106,222298,32,256,4096,54,76,93.292889,0.352176111989,-170.057515,-76.764626,-59.343069
1048576,1048576,2097152,0.106,222298,32,256,4096,54,77,94.798520,0.352176111989,-172.293162,-77.494642,-59.343064
1048576,1048576,2097152,0.106,222298,32,256,4096,54,78,96.304151,0.352176111989,-174.528540,-78.224389,-59.343061
1048576,1048576,2097152,0.106,222298,32,256,4096,54,79,97.809782,0.352176111989,-176.763616,-78.953833,-59.343059
1048576,1048576,2097152,0.106,222298,32,256,4096,54,80,99.315413,0.352176111989,-178.998353,-79.682940,-59.343058
1048576,1048576,2097152,0.106,222298,32,256,4096,54,81,100.821044,0.352176111989,-181.232711,-80.411667,-59.343058
1048576,1048576,2097152,0.106,222298,32,256,4096,54,82,102.326675,0.352176111989,-183.466646,-81.139971,-59.343057
1048576,1048576,2097152,0.106,222298,32,256,4096,54,83,103.832306,0.352176111989,-185.700107,-81.867800,-59.343057
1048576,1048576,2097152,0.106,222298,32,256,4096,54,84,105.337937,0.352176111989,-187.933039,-82.595102,-59.343057
1048576,1048576,2097152,0.106,222298,32,256,4096,54,85,106.843568,0.352176111989,-190.165381,-83.321813,-59.343057
1048576,1048576,2097152,0.106,222298,32,256,4096,54,86,108.349199,0.352176111989,-192.397066,-84.047867,-59.343057
1048576,1048576,2097152,0.106,222298,32,256,4096,54,87,109.854830,0.352176111989,-194.628018,-84.773188,-59.343057
1048576,1048576,2097152,0.106,222298,32,256,4096,54,88,111.360462,0.352176111989,-196.858157,-85.497695,-59.343057
1048576,1048576,2097152,0.106,222298,32,256,4096,54,89,112.866093,0.352176111989,-199.087391,-86.221298,-59.343057
1048576,1048576,2097152,0.106,222298,32,256,4096,54,90,114.371724,0.352176111989,-201.315623,-86.943900,-59.343057
1048576,1048576,2097152,0.106,222298,32,256,4096,54,91,115.877355,0.352176111989,-203.542744,-87.665390,-59.343057
1048576,1048576,2097152,0.106,222298,32,256,4096,54,92,117.382986,0.352176111989,-205.768640,-88.385654,-59.343057
1048576,1048576,2097152,0.106,222298,32,256,4096,54,93,118.888617,0.352176111989,-207.993180,-89.104563,-59.343057
1048576,1048576,2097152,0.106,222298,32,256,4096,54,94,120.394248,0.352176111989,-210.216231,-89.821983,-59.343057
1048576,1048576,2097152,0.106,222298,32,256,4096,54,95,121.899879,0.352176111989,-212.437643,-90.537765,-59.343057
1048576,1048576,2097152,0.106,222298,32,256,4096,54,96,123.405510,0.352176111989,-214.657262,-91.251753,-59.343057
1048576,1048576,2097152,0.106,222298,32,256,4096,54,97,124.911141,0.352176111989,-216.874919,-91.963778,-59.343057
1048576,1048576,2097152,0.106,222298,32,256,4096,54,98,126.416772,0.352176111989,-219.090440,-92.673668,-59.343057
1048576,1048576,2097152,0.106,222298,32,256,4096,54,99,127.922403,0.352176111989,-221.303637,-93.381234,-59.343057
1048576,1048576,2097152,0.106,222298,32,256,4096,54,100,129.428034,0.352176111989,-223.514322,-94.086288,-59.343057
1048576,1048576,2097152,0.106,222298,32,256,4096,54,101,130.933665,0.352176111989,-225.722292,-94.788627,-59.343057
1048576,1048576,2097152,0.106,222298,32,256,4096,54,102,132.439296,0.352176111989,-227.927350,-95.488054,-59.343057
1048576,1048576,2097152,0.106,222298,32,256,4096,54,103,133.944927,0.352176111989,-230.129288,-96.184361,-59.343057
1048576,1048576,2097152,0.106,222298,32,256,4096,54,104,135.450558,0.352176111989,-232.327903,-96.877345,-59.343057
1048576,1048576,2097152,0.106,222298,32,256,4096,54,105,136.956189,0.352176111989,-234.522998,-97.566809,-59.343057
1048576,1048576,2097152,0.106,222298,32,256,4096,54,106,138.461820,0.352176111989,-236.714376,-98.252556,-59.343057
1048576,1048576,2097152,0.106,222298,32,256,4096,54,107,139.967451,0.352176111989,-238.901855,-98.934404,-59.343057
1048576,1048576,2097152,0.106,222298,32,256,4096,54,108,141.473082,0.352176111989,-241.085269,-99.612187,-59.343057
1048576,1048576,2097152,0.106,222298,32,256,4096,54,109,142.978713,0.352176111989,-243.264462,-100.285748,-59.343057
1048576,1048576,2097152,0.106,222298,32,256,4096,54,110,144.484344,0.352176111989,-245.439303,-100.954959,-59.343057
1048576,1048576,2097152,0.106,222298,32,256,4096,54,111,145.989975,0.352176111989,-247.609688,-101.619713,-59.343057
1048576,1048576,2097152,0.106,222298,32,256,4096,54,112,147.495606,0.352176111989,-249.775532,-102.279926,-59.343057
1048576,1048576,2097152,0.106,222298,32,256,4096,54,113,149.001238,0.352176111989,-251.936783,-102.935546,-59.343057
1048576,1048576,2097152,0.106,222298,32,256,4096,54,114,150.506869,0.352176111989,-254.093421,-103.586552,-59.343057
1048576,1048576,2097152,0.106,222298,32,256,4096,54,115,152.012500,0.352176111989,-256.245448,-104.232948,-59.343057
1048576,1048576,2097152,0.106,222298,32,256,4096,54,116,153.518131,0.352176111989,-258.392905,-104.874774,-59.343057
1048576,1048576,2097152,0.106,222298,32,256,4096,54,117,155.023762,0.352176111989,-260.535860,-105.512098,-59.343057
1048576,1048576,2097152,0.106,222298,32,256,4096,54,118,156.529393,0.352176111989,-262.674404,-106.145011,-59.343057
1048576,1048576,2097152,0.106,222298,32,256,4096,54,119,158.035024,0.352176111989,-264.808660,-106.773636,-59.343057
1048576,1048576,2097152,0.106,222298,32,256,4096,54,120,159.540655,0.352176111989,-266.938772,-107.398117,-59.343057
1048576,1048576,2097152,0.106,222298,32,256,4096,54,121,161.046286,0.352176111989,-269.064898,-108.018612,-59.343057
1048576,1048576,2097152,0.106,222298,32,256,4096,54,122,162.551917,0.352176111989,-271.187219,-108.635302,-59.343057
1048576,1048576,2097152,0.106,222298,32,256,4096,54,123,164.057548,0.352176111989,-273.305926,-109.248378,-59.343057
1048576,1048576,2097152,0.106,222298,32,256,4096,54,124,165.563179,0.352176111989,-275.421216,-109.858037,-59.343057
1048576,1048576,2097152,0.106,222298,32,256,4096,54,125,167.068810,0.352176111989,-277.533295,-110.464485,-59.343057
1048576,1048576,2097152,0.106,222298,32,256,4096,54,126,168.574441,0.352176111989,-279.642372,-111.067931,-59.343057
1048576,1048576,2097152,0.106,222298,32,256,4096,54,127,170.080072,0.352176111989,-281.748651,-111.668579,-59.343057
1048576,1048576,2097152,0.106,222298,32,256,4096,54,128,171.585703,0.352176111989,-283.852337,-112.266634,-59.343057
1048576,1048576,2097152,0.106,222298,32,256,4096,54,129,173.091334,0.352176111989,-285.953631,-112.862297,-59.343057
1048576,1048576,2097152,0.106,222298,32,256,4096,54,130,174.596965,0.352176111989,-288.052724,-113.455758,-59.343057
1048576,1048576,2097152,0.106,222298,32,256,4096,54,131,176.102596,0.352176111989,-290.149799,-114.047203,-59.343057
1048576,1048576,2097152,0.106,222298,32,256,4096,54,132,177.608227,0.352176111989,-292.245035,-114.636808,-59.343057
1048576,1048576,2097152,0.106,222298,32,256,4096,54,133,179.113858,0.352176111989,-294.338595,-115.224737,-59.343057
1048576,1048576,2097152,0.106,222298,32,256,4096,54,134,180.619489,0.352176111989,-296.430636,-115.811146,-59.343057
1048576,1048576,2097152,0.106,222298,32,256,4096,54,135,182.125120,0.352176111989,-298.521304,-116.396183,-59.343057
1048576,1048576,2097152,0.106,222298,32,256,4096,54,136,183.630751,0.352176111989,-300.610733,-116.979982,-59.343057
1048576,1048576,2097152,0.106,222298,32,256,4096,54,137,185.136382,0.352176111989,-302.699049,-117.562667,-59.343057
1048576,1048576,2097152,0.106,222298,32,256,4096,54,138,186.642014,0.352176111989,-304.786369,-118.144355,-59.343057
1048576,1048576,2097152,0.106,222298,32,256,4096,54,139,188.147645,0.352176111989,-306.872797,-118.725152,-59.343057
1048576,1048576,2097152,0.106,222298,32,256,4096,54,140,189.653276,0.352176111989,-308.958431,-119.305155,-59.343057
1048576,1048576,2097152,0.106,222298,32,256,4096,54,141,191.158907,0.352176111989,-311.043360,-119.884453,-59.343057
1048576,1048576,2097152,0.106,222298,32,256,4096,54,142,192.664538,0.352176111989,-313.127665,-120.463127,-59.343057
1048576,1048576,2097152,0.106,222298,32,256,4096,54,143,194.170169,0.352176111989,-315.211418,-121.041250,-59.343057
1048576,1048576,2097152,0.106,222298,32,256,4096,54,144,195.675800,0.352176111989,-317.294688,-121.618888,-59.343057
1048576,1048576,2097152,0.106,222298,32,256,4096,54,145,197.181431,0.352176111989,-319.377534,-122.196103,-59.343057
1048576,1048576,2097152,0.106,222298,32,256,4096,54,146,198.687062,0.352176111989,-321.460010,-122.772948,-59.343057
1048576,1048576,2097152,0.106,222298,32,256,4096,54,147,200.192693,0.352176111989,-323.542166,-123.349473,-59.343057
1048576,1048576,2097152,0.106,222298,32,256,4096,54,148,201.698324,0.352176111989,-325.624045,-123.925721,-59.343057
1048576,1048576,2097152,0.106,222298,32,256,4096,54,149,203.203955,0.352176111989,-327.705688,-124.501733,-59.343057
1048576,1048576,2097152,0.106,222298,32,256,4096,54,150,204.709586,0.352176111989,-329.787131,-125.077545,-59.343057
1048576,1048576,2097152,0.106,222298,32,256,4096,54,151,206.215217,0.352176111989,-331.868404,-125.653187,-59.343057
1048576,1048576,2097152,0.106,222298,32,256,4096,54,152,207.720848,0.352176111989,-333.949538,-126.228690,-59.343057
1048576,1048576,2097152,0.106,222298,32,256,4096,54,153,209.226479,0.352176111989,-336.030557,-126.804078,-59.343057
1048576,1048576,2097152,0.106,222298,32,256,4096,54,154,210.732110,0.352176111989,-338.111485,-127.379375,-59.343057
1048576,1048576,2097152,0.106,222298,32,256,4096,54,155,212.237741,0.352176111989,-340.192342,-127.954601,-59.343057
1048576,1048576,2097152,0.106,222298,32,256,4096,54,156,213.743372,0.352176111989,-342.273146,-128.529774,-59.343057
1048576,1048576,2097152,0.106,222298,32,256,4096,54,157,215.249003,0.352176111989,-344.353915,-129.104911,-59.343057
1048576,1048576,2097152,0.106,222298,32,256,4096,54,158,216.754634,0.352176111989,-346.434661,-129.680026,-59.343057
1048576,1048576,2097152,0.106,222298,32,256,4096,54,159,218.260265,0.352176111989,-348.515398,-130.255132,-59.343057
1048576,1048576,2097152,0.106,222298,32,256,4096,54,160,219.765896,0.352176111989,-350.596137,-130.830241,-59.343057
1048576,1048576,2097152,0.106,222298,32,256,4096,54,161,221.271527,0.352176111989,-352.676889,-131.405362,-59.343057
1048576,1048576,2097152,0.106,222298,32,256,4096,54,162,222.777158,0.352176111989,-354.757663,-131.980504,-59.343057
1048576,1048576,2097152,0.106,222298,32,256,4096,54,163,224.282790,0.352176111989,-356.838466,-132.555676,-59.343057
1048576,1048576,2097152,0.106,222298,32,256,4096,54,164,225.782218,0.395431832347,-358.919305,-133.137087,-59.343057
1048576,1048576,2097152,0.106,222298,32,256,4096,54,165,227.120717,0.395431832347,-361.000187,-133.879470,-59.343057
1048576,1048576,2097152,0.106,222298,32,256,4096,54,166,228.459216,0.395431832347,-363.081117,-134.621901,-59.343057
1048576,1048576,2097152,0.106,222298,32,256,4096,54,167,229.797715,0.395431832347,-365.162100,-135.364385,-59.343057
1048576,1048576,2097152,0.106,222298,32,256,4096,54,168,231.136214,0.395431832347,-367.243139,-136.106925,-59.343057
1048576,1048576,2097152,0.106,222298,32,256,4096,54,169,232.474713,0.395431832347,-369.324239,-136.849526,-59.343057
1048576,1048576,2097152,0.106,222298,32,256,4096,54,170,233.813212,0.395431832347,-371.405403,-137.592191,-59.343057
1048576,1048576,2097152,0.106,222298,32,256,4096,54,171,235.151711,0.395431832347,-373.486633,-138.334922,-59.343057
1048576,1048576,2097152,0.106,222298,32,256,4096,54,172,236.490211,0.395431832347,-375.567932,-139.077721,-59.343057
1048576,1048576,2097152,0.106,222298,32,256,4096,54,173,237.828710,0.395431832347,-377.649301,-139.820592,-59.343057
1048576,1048576,2097152,0.106,222298,32,256,4096,54,174,239.167209,0.395431832347,-379.730743,-140.563534,-59.343057
1048576,1048576,2097152,0.106,222298,32,256,4096,54,175,240.505708,0.395431832347,-381.812258,-141.306551,-59.343057
1048576,1048576,2097152,0.106,222298,32,256,4096,54,176,241.844207,0.395431832347,-383.893849,-142.049642,-59.343057
1048576,1048576,2097152,0.106,222298,32,256,4096,54,177,243.182706,0.395431832347,-385.975515,-142.792809,-59.343057
1048576,1048576,2097152,0.106,222298,32,256,4096,54,178,244.521205,0.395431832347,-388.057258,-143.536053,-59.343057
1048576,1048576,2097152,0.106,222298,32,256,4096,54,179,245.859704,0.395431832347,-390.139078,-144.279374,-59.343057
1048576,1048576,2097152,0.106,222298,32,256,4096,54,180,247.198203,0.395431832347,-392.220977,-145.022773,-59.343057
1048576,1048576,2097152,0.106,222298,32,256,4096,54,181,248.536702,0.395431832347,-394.302953,-145.766251,-59.343057
1048576,1048576,2097152,0.106,222298,32,256,4096,54,182,249.875201,0.395431832347,-396.385007,-146.509806,-59.343057
1048576,1048576,2097152,0.106,222298,32,256,4096,54,183,251.213700,0.395431832347,-398.467140,-147.253440,-59.343057
1048576,1048576,2097152,0.106,222298,32,256,4096,54,184,252.552200,0.395431832347,-400.549352,-147.997152,-59.343057
1048576,1048576,2097152,0.106,222298,32,256,4096,54,185,253.890699,0.395431832347,-402.631641,-148.740943,-59.343057
1048576,1048576,2097152,0.106,222298,32,256,4096,54,186,255.229198,0.395431832347,-404.714009,-149.484812,-59.343057
1048576,1048576,2097152,0.106,222298,32,256,4096,54,187,256.567697,0.395431832347,-406.796455,-150.228759,-59.343057
1048576,1048576,2097152,0.106,222298,32,256,4096,54,188,257.906196,0.395431832347,-408.878979,-150.972783,-59.343057
1048576,1048576,2097152,0.106,222298,32,256,4096,54,189,259.244695,0.395431832347,-410.961581,-151.716886,-59.343057
1048576,1048576,2097152,0.106,222298,32,256,4096,54,190,260.583194,0.395431832347,-413.044259,-152.461065,-59.343057
1048576,1048576,2097152,0.106,222298,32,256,4096,54,191,261.921693,0.395431832347,-415.127014,-153.205321,-59.343057
1048576,1048576,2097152,0.106,222298,32,256,4096,54,192,263.260192,0.395431832347,-417.209846,-153.949654,-59.343057
1048576,1048576,2097152,0.106,222298,32,256,4096,54,193,264.598691,0.395431832347,-419.292754,-154.694062,-59.343057
1048576,1048576,2097152,0.106,222298,32,256,4096,54,194,265.937190,0.395431832347,-421.375737,-155.438546,-59.343057
1048576,1048576,2097152,0.106,222298,32,256,4096,54,195,267.275689,0.395431832347,-423.458795,-156.183105,-59.343057
1048576,1048576,2097152,0.106,222298,32,256,4096,54,196,268.614188,0.395431832347,-425.541927,-156.927739,-59.343057
1048576,1048576,2097152,0.106,222298,32,256,4096,54,197,269.952688,0.395431832347,-427.625134,-157.672446,-59.343057
1048576,1048576,2097152,0.106,222298,32,256,4096,54,198,271.291187,0.395431832347,-429.708413,-158.417227,-59.343057
1048576,1048576,2097152,0.106,222298,32,256,4096,54,199,272.629686,0.395431832347,-431.791766,-159.162080,-59.343057
1048576,1048576,2097152,0.106,222298,32,256,4096,54,200,273.968185,0.395431832347,-433.875191,-159.907006,-59.343057
1048576,1048576,2097152,0.106,222298,32,256,4096,54,201,275.306684,0.395431832347,-435.958688,-160.652004,-59.343057
1048576,1048576,2097152,0.106,222298,32,256,4096,54,202,276.645183,0.395431832347,-438.042256,-161.397073,-59.343057
1048576,1048576,2097152,0.106,222298,32,256,4096,54,203,277.983682,0.395431832347,-440.125895,-162.142213,-59.343057
1048576,1048576,2097152,0.106,222298,32,256,4096,54,204,279.322181,0.395431832347,-442.209604,-162.887423,-59.343057
1048576,1048576,2097152,0.106,222298,32,256,4096,54,205,280.660680,0.395431832347,-444.293383,-163.632703,-59.343057
1048576,1048576,2097152,0.106,222298,32,256,4096,54,206,281.999179,0.395431832347,-446.377230,-164.378051,-59.343057
1048576,1048576,2097152,0.106,222298,32,256,4096,54,207,283.337678,0.395431832347,-448.461146,-165.123468,-59.343057
1048576,1048576,2097152,0.106,222298,32,256,4096,54,208,284.676177,0.395431832347,-450.545130,-165.868953,-59.343057
1048576,1048576,2097152,0.106,222298,32,256,4096,54,209,286.014677,0.395431832347,-452.629181,-166.614505,-59.343057
1048576,1048576,2097152,0.106,222298,32,256,4096,54,210,287.353176,0.395431832347,-454.713299,-167.360124,-59.343057
1048576,1048576,2097152,0.106,222298,32,256,4096,54,211,288.691675,0.395431832347,-456.797483,-168.105809,-59.343057
1048576,1048576,2097152,0.106,222298,32,256,4096,54,212,290.030174,0.395431832347,-458.881733,-168.851559,-59.343057
1048576,1048576,2097152,0.106,222298,32,256,4096,54,213,291.368673,0.395431832347,-460.966048,-169.597375,-59.343057
1048576,1048576,2097152,0.106,222298,32,256,4096,54,214,292.707172,0.395431832347,-463.050428,-170.343256,-59.343057
1048576,1048576,2097152,0.106,222298,32,256,4096,54,215,294.045671,0.395431832347,-465.134871,-171.089200,-59.343057
1048576,1048576,2097152,0.106,222298,32,256,4096,54,216,295.384170,0.395431832347,-467.219378,-171.835208,-59.343057
1048576,1048576,2097152,0.106,222298,32,256,4096,54,217,296.722669,0.395431832347,-469.303948,-172.581279,-59.343057
1048576,1048576,2097152,0.106,222298,32,256,4096,54,218,298.061168,0.395431832347,-471.388581,-173.327412,-59.343057
1048576,1048576,2097152,0.106,222298,32,256,4096,54,219,299.399667,0.395431832347,-473.473275,-174.073607,-59.343057
1048576,1048576,2097152,0.106,222298,32,256,4096,54,220,300.738166,0.395431832347,-475.558031,-174.819864,-59.343057
1048576,1048576,2097152,0.106,222298,32,256,4096,56,1,-inf,,-2.237843,-inf,-inf
1048576,1048576,2097152,0.106,222298,32,256,4096,56,2,-inf,,-4.475684,-inf,-inf
1048576,1048576,2097152,0.106,222298,32,256,4096,56,3,-inf,,-6.713526,-inf,-inf
1048576,1048576,2097152,0.106,222298,32,256,4096,56,4,-inf,,-8.951366,-inf,-inf
1048576,1048576,2097152,0.106,222298,32,256,4096,56,5,-inf,,-11.189206,-inf,-inf
1048576,1048576,2097152,0.106,222298,32,256,4096,56,6,-inf,,-13.427045,-inf,-inf
1048576,1048576,2097152,0.106,222298,32,256,4096,56,7,-inf,,-15.664883,-inf,-inf
1048576,1048576,2097152,0.106,222298,32,256,4096,56,8,-inf,,-17.902721,-inf,-inf
1048576,1048576,2097152,0.106,222298,32,256,4096,56,9,-inf,,-20.140558,-inf,-inf
1048576,1048576,2097152,0.106,222298,32,256,4096,56,10,-inf,,-22.378394,-inf,-inf
1048576,1048576,2097152,0.106,222298,32,256,4096,56,11,-inf,,-24.616229,-inf,-inf
1048576,1048576,2097152,0.106,222298,32,256,4096,56,12,-inf,,-26.854064,-inf,-inf
1048576,1048576,2097152,0.106,222298,32,256,4096,56,13,-inf,,-29.091897,-inf,-inf
1048576,1048576,2097152,0.106,222298,32,256,4096,56,14,-inf,,-31.329731,-inf,-inf
1048576,1048576,2097152,0.106,222298,32,256,4096,56,15,-inf,,-33.567563,-inf,-inf
1048576,1048576,2097152,0.106,222298,32,256,4096,56,16,-inf,,-35.805394,-inf,-inf
1048576,1048576,2097152,0.106,222298,32,256,4096,56,17,-inf,,-38.043225,-inf,-inf
1048576,1048576,2097152,0.106,222298,32,256,4096,56,18,-inf,,-40.281055,-inf,-inf
1048576,1048576,2097152,0.106,222298,32,256,4096,56,19,-inf,,-42.518884,-inf,-inf
1048576,1048576,2097152,0.106,222298,32,256,4096,56,20,-inf,,-44.756712,-inf,-inf
1048576,1048576,2097152,0.106,222298,32,256,4096,56,21,-inf,,-46.994540,-inf,-inf
1048576,1048576,2097152,0.106,222298,32,256,4096,56,22,-inf,,-49.232366,-inf,-inf
1048576,1048576,2097152,0.106,222298,32,256,4096,56,23,-inf,,-51.470191,-inf,-inf
1048576,1048576,2097152,0.106,222298,32,256,4096,56,24,-inf,,-53.708016,-inf,-inf
1048576,1048576,2097152,0.106,222298,32,256,4096,56,25,-inf,,-55.945839,-inf,-inf
1048576,1048576,2097152,0.106,222298,32,256,4096,56,26,-inf,,-58.183662,-inf,-inf
1048576,1048576,2097152,0.106,222298,32,256,4096,56,27,-inf,,-60.421483,-inf,-inf
1048576,1048576,2097152,0.106,222298,32,256,4096,56,28,-inf,,-62.659303,-inf,-inf
1048576,1048576,2097152,0.106,222298,32,256,4096,56,29,-inf,,-64.897122,-inf,-inf
1048576,1048576,2097152,0.106,222298,32,256,4096,56,30,-inf,,-67.134939,-inf,-inf
1048576,1048576,2097152,0.106,222298,32,256,4096,56,31,-inf,,-69.372755,-inf,-inf
1048576,1048576,2097152,0.106,222298,32,256,4096,56,32,-inf,,-71.610569,-inf,-inf
1048576,1048576,2097152,0.106,222298,32,256,4096,56,33,-inf,,-73.848382,-inf,-inf
1048576,1048576,2097152,0.106,222298,32,256,4096,56,34,-inf,,-76.086193,-inf,-inf
1048576,1048576,2097152,0.106,222298,32,256,4096,56,35,-inf,,-78.324002,-inf,-inf
1048576,1048576,2097152,0.106,222298,32,256,4096,56,36,-inf,,-80.561808,-inf,-inf
1048576,1048576,2097152,0.106,222298,32,256,4096,56,37,-inf,,-82.799612,-inf,-inf
1048576,1048576,2097152,0.106,222298,32,256,4096,56,38,-inf,,-85.037414,-inf,-inf
1048576,1048576,2097152,0.106,222298,32,256,4096,56,39,-inf,,-87.275213,-inf,-inf
1048576,1048576,2097152,0.106,222298,32,256,4096,56,40,-inf,,-89.513008,-inf,-inf
1048576,1048576,2097152,0.106,222298,32,256,4096,56,41,-inf,,-91.750800,-inf,-inf
1048576,1048576,2097152,0.106,222298,32,256,4096,56,42,-inf,,-93.988588,-inf,-inf
1048576,1048576,2097152,0.106,222298,32,256,4096,56,43,-inf,,-96.226371,-inf,-inf
1048576,1048576,2097152,0.106,222298,32,256,4096,56,44,-inf,,-98.464149,-inf,-inf
1048576,1048576,2097152,0.106,222298,32,256,4096,56,45,-inf,,-100.701922,-inf,-inf
1048576,1048576,2097152,0.106,222298,32,256,4096,56,46,-inf,,-102.939689,-inf,-inf
1048576,1048576,2097152,0.106,222298,32,256,4096,56,47,-inf,,-105.177448,-inf,-inf
1048576,1048576,2097152,0.106,222298,32,256,4096,56,48,-inf,,-107.415200,-inf,-inf
1048576,1048576,2097152,0.106,222298,32,256,4096,56,49,-inf,,-109.652943,-inf,-inf
1048576,1048576,2097152,0.106,222298,32,256,4096,56,50,-inf,,-111.890676,-inf,-inf
1048576,1048576,2097152,0.106,222298,32,256,4096,56,51,-inf,,-114.128398,-inf,-inf
1048576,1048576,2097152,0.106,222298,32,256,4096,56,52,-inf,,-116.366107,-inf,-inf
1048576,1048576,2097152,0.106,222298,32,256,4096,56,53,-inf,,-118.603803,-inf,-inf
1048576,1048576,2097152,0.106,222298,32,256,4096,56,54,-inf,,-120.841482,-inf,-inf
1048576,1048576,2097152,0.106,222298,32,256,4096,56,55,-inf,,-123.079144,-inf,-inf
1048576,1048576,2097152,0.106,222298,32,256,4096,56,56,63.180268,0.352176111989,-125.316785,-62.136517,-62.136517
1048576,1048576,2097152,0.106,222298,32,256,4096,56,57,64.685899,0.352176111989,-127.554404,-62.868505,-61.456577
1048576,1048576,2097152,0.106,222298,32,256,4096,56,58,66.191530,0.352176111989,-129.791997,-63.600467,-61.162301
1048576,1048576,2097152,0.106,222298,32,256,4096,56,59,67.697161,0.352176111989,-132.029562,-64.332400,-61.010316
1048576,1048576,2097152,0.106,222298,32,256,4096,56,60,69.202792,0.352176111989,-134.267094,-65.064301,-60.925973
1048576,1048576,2097152,0.106,222298,32,256,4096,56,61,70.708423,0.352176111989,-136.504589,-65.796165,-60.877469
1048576,1048576,2097152,0.106,222298,32,256,4096,56,62,72.214054,0.352176111989,-138.742043,-66.527988,-60.849030
1048576,1048576,2097152,0.106,222298,32,256,4096,56,63,73.719686,0.352176111989,-140.979450,-67.259765,-60.832172
1048576,1048576,2097152,0.106,222298,32,256,4096,56,64,75.225317,0.352176111989,-143.216806,-67.991489,-60.822114
1048576,1048576,2097152,0.106,222298,32,256,4096,56,65,76.730948,0.352176111989,-145.454102,-68.723154,-60.816091
1048576,1048576,2097152,0.106,222298,32,256,4096,56,66,78.236579,0.352176111989,-147.691331,-69.454753,-60.812476
1048576,1048576,2097152,0.106,222298,32,256,4096,56,67,79.742210,0.352176111989,-149.928486,-70.186277,-60.810303
1048576,1048576,2097152,0.106,222298,32,256,4096,56,68,81.247841,0.352176111989,-152.165557,-70.917716,-60.808996
1048576,1048576,2097152,0.106,222298,32,256,4096,56,69,82.753472,0.352176111989,-154.402533,-71.649061,-60.808209
1048576,1048576,2097152,0.106,222298,32,256,4096,56,70,84.259103,0.352176111989,-156.639403,-72.380300,-60.807735
1048576,1048576,2097152,0.106,222298,32,256,4096,56,71,85.764734,0.352176111989,-158.876152,-73.111418,-60.807450
1048576,1048576,2097152,0.106,222298,32,256,4096,56,72,87.270365,0.352176111989,-161.112767,-73.842402,-60.807278
1048576,1048576,2097152,0.106,222298,32,256,4096,56,73,88.775996,0.352176111989,-163.349231,-74.573235,-60.807175
1048576,1048576,2097152,0.106,222298,32,256,4096,56,74,90.281627,0.352176111989,-165.585524,-75.303897,-60.807112
1048576,1048576,2097152,0.106,222298,32,256,4096,56,75,91.787258,0.352176111989,-167.821627,-76.034369,-60.807075
1048576,1048576,2097152,0.106,222298,32,256,4096,56,76,93.292889,0.352176111989,-170.057515,-76.764626,-60.807052
1048576,1048576,2097152,0.106,222298,32,256,4096,56,77,94.798520,0.352176111989,-172.293162,-77.494642,-60.807038
1048576,1048576,2097152,0.106,222298,32,256,4096,56,78,96.304151,0.352176111989,-174.528540,-78.224389,-60.807030
1048576,1048576,2097152,0.106,222298,32,256,4096,56,79,97.809782,0.352176111989,-176.763616,-78.953833,-60.807025
1048576,1048576,2097152,0.106,222298,32,256,4096,56,80,99.315413,0.352176111989,-178.998353,-79.682940,-60.807022
1048576,1048576,2097152,0.106,222298,32,256,4096,56,81,100.821044,0.352176111989,-181.232711,-80.411667,-60.807020
1048576,1048576,2097152,0.106,222298,32,256,4096,56,82,102.326675,0.352176111989,-183.466646,-81.139971,-60.807019
1048576,1048576,2097152,0.106,222298,32,256,4096,56,83,103.832306,0.352176111989,-185.700107,-81.867800,-60.807018
1048576,1048576,2097152,0.106,222298,32,256,4096,56,84,105.337937,0.352176111989,-187.933039,-82.595102,-60.807018
1048576,1048576,2097152,0.106,222298,32,256,4096,56,85,106.843568,0.352176111989,-190.165381,-83.321813,-60.807018
1048576,1048576,2097152,0.106,222298,32,256,4096,56,86,108.349199,0.352176111989,-192.397066,-84.047867,-60.807018
1048576,1048576,2097152,0.106,222298,32,256,4096,56,87,109.854830,0.352176111989,-194.628018,-84.773188,-60.807018
1048576,1048576,2097152,0.106,222298,32,256,4096,56,88,111.360462,0.352176111989,-196.858157,-85.497695,-60.807017
1048576,1048576,2097152,0.106,222298,32,256,4096,56,89,112.866093,0.352176111989,-199.087391,-86.221298,-60.807017
1048576,1048576,2097152,0.106,222298,32,256,4096,56,90,114.371724,0.352176111989,-201.315623,-86.943900,-60.807017
1048576,1048576,2097152,0.106,222298,32,256,4096,56,91,115.877355,0.352176111989,-203.542744,-87.665390,-60.807017
1048576,1048576,2097152,0.106,222298,32,256,4096,56,92,117.382986,0.352176111989,-205.768640,-88.385654,-60.807017
1048576,1048576,2097152,0.106,222298,32,256,4096,56,93,118.888617,0.352176111989,-207.993180,-89.104563,-60.807017
1048576,1048576,2097152,0.106,222298,32,256,4096,56,94,120.394248,0.352176111989,-210.216231,-89.821983,-60.807017
1048576,1048576,2097152,0.106,222298,32,256,4096,56,95,121.899879,0.352176111989,-212.437643,-90.537765,-60.807017
1048576,1048576,2097152,0.106,222298,32,256,4096,56,96,123.405510,0.352176111989,-214.657262,-91.251753,-60.807017
1048576,1048576,2097152,0.106,222298,32,256,4096,56,97,124.911141,0.352176111989,-216.874919,-91.963778,-60.807017
1048576,1048576,2097152,0.106,222298,32,256,4096,56,98,126.416772,0.352176111989,-219.090440,-92.673668,-60.807017
1048576,1048576,2097152,0.106,222298,32,256,4096,56,99,127.922403,0.352176111989,-221.303637,-93.381234,-60.807017
1048576,1048576,2097152,0.106,222298,32,256,4096,56,100,129.428034,0.352176111989,-223.514322,-94.086288,-60.807017
1048576,1048576,2097152,0.106,222298,32,256,4096,56,101,130.933665,0.352176111989,-225.722292,-94.788627,-60.807017
1048576,1048576,2097152,0.106,222298,32,256,4096,56,102,132.439296,0.352176111989,-227.927350,-95.488054,-60.807017
1048576,1048576,2097152,0.106,222298,32,256,4096,56,103,133.944927,0.352176111989,-230.129288,-96.184361,-60.807017
1048576,1048576,2097152,0.106,222298,32,256,4096,56,104,135.450558,0.352176111989,-232.327903,-96.877345,-60.807017
1048576,1048576,2097152,0.106,222298,32,256,4096,56,105,136.956189,0.352176111989,-234.522998,-97.566809,-60.807017
1048576,1048576,2097152,0.106,222298,32,256,4096,56,106,138.461820,0.352176111989,-236.714376,-98.252556,-60.807017
1048576,1048576,2097152,0.106,222298,32,256,4096,56,107,139.967451,0.352176111989,-238.901855,-98.934404,-60.807017
1048576,1048576,2097152,0.106,222298,32,256,4096,56,108,141.473082,0.352176111989,-241.085269,-99.612187,-60.807017
1048576,1048576,2097152,0.106,222298,32,256,4096,56,109,142.978713,0.352176111989,-243.264462,-100.285748,-60.807017
1048576,1048576,2097152,0.106,222298,32,256,4096,56,110,144.484344,0.352176111989,-245.439303,-100.954959,-60.807017
1048576,1048576,2097152,0.106,222298,32,256,4096,56,111,145.989975,0.352176111989,-247.609688,-101.619713,-60.807017
1048576,1048576,2097152,0.106,222298,32,256,4096,56,112,147.495606,0.352176111989,-249.775532,-102.279926,-60.807017
1048576,1048576,2097152,0.106,222298,32,256,4096,56,113,149.001238,0.352176111989,-251.936783,-102.935546,-60.807017
1048576,1048576,2097152,0.106,222298,32,256,4096,56,114,150.506869,0.352176111989,-254.093421,-103.586552,-60.807017
1048576,1048576,2097152,0.106,222298,32,256,4096,56,115,152.012500,0.352176111989,-256.245448,-104.232948,-60.807017
1048576,1048576,2097152,0.106,222298,32,256,4096,56,116,153.518131,0.352176111989,-258.392905,-104.874774,-60.807017
1048576,1048576,2097152,0.106,222298,32,256,4096,56,117,155.023762,0.352176111989,-260.535860,-105.512098,-60.807017
1048576,1048576,2097152,0.106,222298,32,256,4096,56,118,156.529393,0.352176111989,-262.674404,-106.145011,-60.807017
1048576,1048576,2097152,0.106,222298,32,256,4096,56,119,158.035024,0.352176111989,-264.808660,-106.773636,-60.807017
1048576,1048576,2097152,0.106,222298,32,256,4096,56,120,159.540655,0.352176111989,-266.938772,-107.398117,-60.807017
1048576,1048576,2097152,0.106,222298,32,256,4096,56,121,161.046286,0.352176111989,-269.064898,-108.018612,-60.807017
1048576,1048576,2097152,0.106,222298,32,256,4096,56,122,162.551917,0.352176111989,-271.187219,-108.635302,-60.807017
1048576,1048576,2097152,0.106,222298,32,256,4096,56,123,164.057548,0.352176111989,-273.305926,-109.248378,-60.807017
1048576,1048576,2097152,0.106,222298,32,256,4096,56,124,165.563179,0.352176111989,-275.421216,-109.858037,-60.807017
1048576,1048576,2097152,0.106,222298,32,256,4096,56,125,167.068810,0.352176111989,-277.533295,-110.464485,-60.807017
1048576,1048576,2097152,0.106,222298,32,256,4096,56,126,168.574441,0.352176111989,-279.642372,-111.067931,-60.807017
1048576,1048576,2097152,0.106,222298,32,256,4096,56,127,170.080072,0.352176111989,-281.748651,-111.668579,-60.807017
1048576,1048576,2097152,0.106,222298,32,256,4096,56,128,171.585703,0.352176111989,-283.852337,-112.266634,-60.807017
1048576,1048576,2097152,0.106,222298,32,256,4096,56,129,173.091334,0.352176111989,-285.953631,-112.862297,-60.807017
1048576,1048576,2097152,0.106,222298,32,256,4096,56,130,174.596965,0.352176111989,-288.052724,-113.455758,-60.807017
1048576,1048576,2097152,0.106,222298,32,256,4096,56,131,176.102596,0.352176111989,-290.149799,-114.047203,-60.807017
1048576,1048576,2097152,0.106,222298,32,256,4096,56,132,177.608227,0.352176111989,-292.245035,-114.636808,-60.807017
1048576,1048576,2097152,0.106,222298,32,256,4096,56,133,179.113858,0.352176111989,-294.338595,-115.224737,-60.807017
1048576,1048576,2097152,0.106,222298,32,256,4096,56,134,180.619489,0.352176111989,-296.430636,-115.811146,-60.807017
1048576,1048576,2097152,0.106,222298,32,256,4096,56,135,182.125120,0.352176111989,-298.521304,-116.396183,-60.807017
1048576,1048576,2097152,0.106,222298,32,256,4096,56,136,183.630751,0.352176111989,-300.610733,-116.979982,-60.807017
1048576,1048576,2097152,0.106,222298,32,256,4096,56,137,185.136382,0.352176111989,-302.699049,-117.562667,-60.807017
1048576,1048576,2097152,0.106,222298,32,256,4096,56,138,186.642014,0.352176111989,-304.786369,-118.144355,-60.807017
1048576,1048576,2097152,0.106,222298,32,256,4096,56,139,188.147645,0.352176111989,-306.872797,-118.725152,-60.807017
1048576,1048576,2097152,0.106,222298,32,256,4096,56,140,189.653276,0.352176111989,-308.958431,-119.305155,-60.807017
1048576,1048576,2097152,0.106,222298,32,256,4096,56,141,191.158907,0.352176111989,-311.043360,-119.884453,-60.807017
1048576,1048576,2097152,0.106,222298,32,256,4096,56,142,192.664538,0.352176111989,-313.127665,-120.463127,-60.807017
1048576,1048576,2097152,0.106,222298,32,256,4096,56,143,194.170169,0.352176111989,-315.211418,-121.041250,-60.807017
1048576,1048576,2097152,0.106,222298,32,256,4096,56,144,195.675800,0.352176111989,-317.294688,-121.618888,-60.807017
1048576,1048576,2097152,0.106,222298,32,256,4096,56,145,197.181431,0.352176111989,-319.377534,-122.196103,-60.807017
1048576,1048576,2097152,0.106,222298,32,256,4096,56,146,198.687062,0.352176111989,-321.460010,-122.772948,-60.807017
1048576,1048576,2097152,0.106,222298,32,256,4096,56,147,200.192693,0.352176111989,-323.542166,-123.349473,-60.807017
1048576,1048576,2097152,0.106,222298,32,256,4096,56,148,201.698324,0.352176111989,-325.624045,-123.925721,-60.807017
1048576,1048576,2097152,0.106,222298,32,256,4096,56,149,203.203955,0.352176111989,-327.705688,-124.501733,-60.807017
1048576,1048576,2097152,0.106,222298,32,256,4096,56,150,204.709586,0.352176111989,-329.787131,-125.077545,-60.807017
1048576,1048576,2097152,0.106,222298,32,256,4096,56,151,206.215217,0.352176111989,-331.868404,-125.653187,-60.807017
1048576,1048576,2097152,0.106,222298,32,256,4096,56,152,207.720848,0.352176111989,-333.949538,-126.228690,-60.807017
1048576,1048576,2097152,0.106,222298,32,256,4096,56,153,209.226479,0.352176111989,-336.030557,-126.804078,-60.807017
1048576,1048576,2097152,0.106,222298,32,256,4096,56,154,210.732110,0.352176111989,-338.111485,-127.379375,-60.807017
1048576,1048576,2097152,0.106,222298,32,256,4096,56,155,212.237741,0.352176111989,-340.192342,-127.954601,-60.807017
1048576,1048576,2097152,0.106,222298,32,256,4096,56,156,213.743372,0.352176111989,-342.273146,-128.529774,-60.807017
1048576,1048576,2097152,0.106,222298,32,256,4096,56,157,215.249003,0.352176111989,-344.353915,-129.104911,-60.807017
1048576,1048576,2097152,0.106,222298,32,256,4096,56,158,216.754634,0.352176111989,-346.434661,-129.680026,-60.807017
1048576,1048576,2097152,0.106,222298,32,256,4096,56,159,218.260265,0.352176111989,-348.515398,-130.255132,-60.807017
1048576,1048576,2097152,0.106,222298,32,256,4096,56,160,219.765896,0.352176111989,-350.596137,-130.830241,-60.807017
1048576,1048576,2097152,0.106,222298,32,256,4096,56,161,221.271527,0.352176111989,-352.676889,-131.405362,-60.807017
1048576,1048576,2097152,0.106,222298,32,256,4096,56,162,222.777158,0.352176111989,-354.757663,-131.980504,-60.807017
1048576,1048576,2097152,0.106,222298,32,256,4096,56,163,224.282790,0.352176111989,-356.838466,-132.555676,-60.807017
1048576,1048576,2097152,0.106,222298,32,256,4096,56,164,225.782218,0.395431832347,-358.919305,-133.137087,-60.807017
1048576,1048576,2097152,0.106,222298,32,256,4096,56,165,227.120717,0.395431832347,-361.000187,-133.879470,-60.807017
1048576,1048576,2097152,0.106,222298,32,256,4096,56,166,228.459216,0.395431832347,-363.081117,-134.621901,-60.807017
1048576,1048576,2097152,0.106,222298,32,256,4096,56,167,229.797715,0.395431832347,-365.162100,-135.364385,-60.807017
1048576,1048576,2097152,0.106,222298,32,256,4096,56,168,231.136214,0.395431832347,-367.243139,-136.106925,-60.807017
1048576,1048576,2097152,0.106,222298,32,256,4096,56,169,232.474713,0.395431832347,-369.324239,-136.849526,-60.807017
1048576,1048576,2097152,0.106,222298,32,256,4096,56,170,233.813212,0.395431832347,-371.405403,-137.592191,-60.807017
1048576,1048576,2097152,0.106,222298,32,256,4096,56,171,235.151711,0.395431832347,-373.486633,-138.334922,-60.807017
1048576,1048576,2097152,0.106,222298,32,256,4096,56,172,236.490211,0.395431832347,-375.567932,-139.077721,-60.807017
1048576,1048576,2097152,0.106,222298,32,256,4096,56,173,237.828710,0.395431832347,-377.649301,-139.820592,-60.807017
1048576,1048576,2097152,0.106,222298,32,256,4096,56,174,239.167209,0.395431832347,-379.730743,-140.563534,-60.807017
1048576,1048576,2097152,0.106,222298,32,256,4096,56,175,240.505708,0.395431832347,-381.812258,-141.306551,-60.807017
1048576,1048576,2097152,0.106,222298,32,256,4096,56,176,241.844207,0.395431832347,-383.893849,-142.049642,-60.807017
1048576,1048576,2097152,0.106,222298,32,256,4096,56,177,243.182706,0.395431832347,-385.975515,-142.792809,-60.807017
1048576,1048576,2097152,0.106,222298,32,256,4096,56,178,244.521205,0.395431832347,-388.057258,-143.536053,-60.807017
1048576,1048576,2097152,0.106,222298,32,256,4096,56,179,245.859704,0.395431832347,-390.139078,-144.279374,-60.807017
1048576,1048576,2097152,0.106,222298,32,256,4096,56,180,247.198203,0.395431832347,-392.220977,-145.022773,-60.807017
1048576,1048576,2097152,0.106,222298,32,256,4096,56,181,248.536702,0.395431832347,-394.302953,-145.766251,-60.807017
1048576,1048576,2097152,0.106,222298,32,256,4096,56,182,249.875201,0.395431832347,-396.385007,-146.509806,-60.807017
1048576,1048576,2097152,0.106,222298,32,256,4096,56,183,251.213700,0.395431832347,-398.467140,-147.253440,-60.807017
1048576,1048576,2097152,0.106,222298,32,256,4096,56,184,252.552200,0.395431832347,-400.549352,-147.997152,-60.807017
1048576,1048576,2097152,0.106,222298,32,256,4096,56,185,253.890699,0.395431832347,-402.631641,-148.740943,-60.807017
1048576,1048576,2097152,0.106,222298,32,256,4096,56,186,255.229198,0.395431832347,-404.714009,-149.484812,-60.807017
1048576,1048576,2097152,0.106,222298,32,256,4096,56,187,256.567697,0.395431832347,-406.796455,-150.228759,-60.807017
1048576,1048576,2097152,0.106,222298,32,256,4096,56,188,257.906196,0.395431832347,-408.878979,-150.972783,-60.807017
1048576,1048576,2097152,0.106,222298,32,256,4096,56,189,259.244695,0.395431832347,-410.961581,-151.716886,-60.807017
1048576,1048576,2097152,0.106,222298,32,256,4096,56,190,260.583194,0.395431832347,-413.044259,-152.461065,-60.807017
1048576,1048576,2097152,0.106,222298,32,256,4096,56,191,261.921693,0.395431832347,-415.127014,-153.205321,-60.807017
1048576,1048576,2097152,0.106,222298,32,256,4096,56,192,263.260192,0.395431832347,-417.209846,-153.949654,-60.807017
1048576,1048576,2097152,0.106,222298,32,256,4096,56,193,264.598691,0.395431832347,-419.292754,-154.694062,-60.807017
1048576,1048576,2097152,0.106,222298,32,256,4096,56,194,265.937190,0.395431832347,-421.375737,-155.438546,-60.807017
1048576,1048576,2097152,0.106,222298,32,256,4096,56,195,267.275689,0.395431832347,-423.458795,-156.183105,-60.807017
1048576,1048576,2097152,0.106,222298,32,256,4096,56,196,268.614188,0.395431832347,-425.541927,-156.927739,-60.807017
1048576,1048576,2097152,0.106,222298,32,256,4096,56,197,269.952688,0.395431832347,-427.625134,-157.672446,-60.807017
1048576,1048576,2097152,0.106,222298,32,256,4096,56,198,271.291187,0.395431832347,-429.708413,-158.417227,-60.807017
1048576,1048576,2097152,0.106,222298,32,256,4096,56,199,272.629686,0.395431832347,-431.791766,-159.162080,-60.807017
1048576,1048576,2097152,0.106,222298,32,256,4096,56,200,273.968185,0.395431832347,-433.875191,-159.907006,-60.807017
1048576,1048576,2097152,0.106,222298,32,256,4096,56,201,275.306684,0.395431832347,-435.958688,-160.652004,-60.807017
1048576,1048576,2097152,0.106,222298,32,256,4096,56,202,276.645183,0.395431832347,-438.042256,-161.397073,-60.807017
1048576,1048576,2097152,0.106,222298,32,256,4096,56,203,277.983682,0.395431832347,-440.125895,-162.142213,-60.807017
1048576,1048576,2097152,0.106,222298,32,256,4096,56,204,279.322181,0.395431832347,-442.209604,-162.887423,-60.807017
1048576,1048576,2097152,0.106,222298,32,256,4096,56,205,280.660680,0.395431832347,-444.293383,-163.632703,-60.807017
1048576,1048576,2097152,0.106,222298,32,256,4096,56,206,281.999179,0.395431832347,-446.377230,-164.378051,-60.807017
1048576,1048576,2097152,0.106,222298,32,256,4096,56,207,283.337678,0.395431832347,-448.461146,-165.123468,-60.807017
1048576,1048576,2097152,0.106,222298,32,256,4096,56,208,284.676177,0.395431832347,-450.545130,-165.868953,-60.807017
1048576,1048576,2097152,0.106,222298,32,256,4096,56,209,286.014677,0.395431832347,-452.629181,-166.614505,-60.807017
1048576,1048576,2097152,0.106,222298,32,256,4096,56,210,287.353176,0.395431832347,-454.713299,-167.360124,-60.807017
1048576,1048576,2097152,0.106,222298,32,256,4096,56,211,288.691675,0.395431832347,-456.797483,-168.105809,-60.807017
1048576,1048576,2097152,0.106,222298,32,256,4096,56,212,290.030174,0.395431832347,-458.881733,-168.851559,-60.807017
1048576,1048576,2097152,0.106,222298,32,256,4096,56,213,291.368673,0.395431832347,-460.966048,-169.597375,-60.807017
1048576,1048576,2097152,0.106,222298,32,256,4096,56,214,292.707172,0.395431832347,-463.050428,-170.343256,-60.807017
1048576,1048576,2097152,0.106,222298,32,256,4096,56,215,294.045671,0.395431832347,-465.134871,-171.089200,-60.807017
1048576,1048576,2097152,0.106,222298,32,256,4096,56,216,295.384170,0.395431832347,-467.219378,-171.835208,-60.807017
1048576,1048576,2097152,0.106,222298,32,256,4096,56,217,296.722669,0.395431832347,-469.303948,-172.581279,-60.807017
1048576,1048576,2097152,0.106,222298,32,256,4096,56,218,298.061168,0.395431832347,-471.388581,-173.327412,-60.807017
1048576,1048576,2097152,0.106,222298,32,256,4096,56,219,299.399667,0.395431832347,-473.473275,-174.073607,-60.807017
1048576,1048576,2097152,0.106,222298,32,256,4096,56,220,300.738166,0.395431832347,-475.558031,-174.819864,-60.807017
1048576,1048576,2097152,0.106,222298,32,256,4096,58,1,-inf,,-2.237843,-inf,-inf
1048576,1048576,2097152,0.106,222298,32,256,4096,58,2,-inf,,-4.475684,-inf,-inf
1048576,1048576,2097152,0.106,222298,32,256,4096,58,3,-inf,,-6.713526,-inf,-inf
1048576,1048576,2097152,0.106,222298,32,256,4096,58,4,-inf,,-8.951366,-inf,-inf
1048576,1048576,2097152,0.106,222298,32,256,4096,58,5,-inf,,-11.189206,-inf,-inf
1048576,1048576,2097152,0.106,222298,32,256,4096,58,6,-inf,,-13.427045,-inf,-inf
1048576,1048576,2097152,0.106,222298,32,256,4096,58,7,-inf,,-15.664883,-inf,-inf
1048576,1048576,2097152,0.106,222298,32,256,4096,58,8,-inf,,-17.902721,-inf,-inf
1048576,1048576,2097152,0.106,222298,32,256,4096,58,9,-inf,,-20.140558,-inf,-inf
1048576,1048576,2097152,0.106,222298,32,256,4096,58,10,-inf,,-22.378394,-inf,-inf
1048576,1048576,2097152,0.106,222298,32,256,4096,58,11,-inf,,-24.616229,-inf,-inf
1048576,1048576,2097152,0.106,222298,32,256,4096,58,12,-inf,,-26.854064,-inf,-inf
1048576,1048576,2097152,0.106,222298,32,256,4096,58,13,-inf,,-29.091897,-inf,-inf
1048576,1048576,2097152,0.106,222298,32,256,4096,58,14,-inf,,-31.329731,-inf,-inf
1048576,1048576,2097152,0.106,222298,32,256,4096,58,15,-inf,,-33.567563,-inf,-inf
1048576,1048576,2097152,0.106,222298,32,256,4096,58,16,-inf,,-35.805394,-inf,-inf
1048576,1048576,2097152,0.106,222298,32,256,4096,58,17,-inf,,-38.043225,-inf,-inf
1048576,1048576,2097152,0.106,222298,32,256,4096,58,18,-inf,,-40.281055,-inf,-inf
1048576,1048576,2097152,0.106,222298,32,256,4096,58,19,-inf,,-42.518884,-inf,-inf
1048576,1048576,2097152,0.106,222298,32,256,4096,58,20,-inf,,-44.756712,-inf,-inf
1048576,1048576,2097152,0.106,222298,32,256,4096,58,21,-inf,,-46.994540,-inf,-inf
1048576,1048576,2097152,0.106,222298,32,256,4096,58,22,-inf,,-49.232366,-inf,-inf
1048576,1048576,2097152,0.106,222298,32,256,4096,58,23,-inf,,-51.470191,-inf,-inf
1048576,1048576,2097152,0.106,222298,32,256,4096,58,24,-inf,,-53.708016,-inf,-inf
1048576,1048576,2097152,0.106,222298,32,256,4096,58,25,-inf,,-55.945839,-inf,-inf
1048576,1048576,2097152,0.106,222298,32,256,4096,58,26,-inf,,-58.183662,-inf,-inf
1048576,1048576,2097152,0.106,222298,32,256,4096,58,27,-inf,,-60.421483,-inf,-inf
1048576,1048576,2097152,0.106,222298,32,256,4096,58,28,-inf,,-62.659303,-inf,-inf
1048576,1048576,2097152,0.106,222298,32,256,4096,58,29,-inf,,-64.897122,-inf,-inf
1048576,1048576,2097152,0.106,222298,32,256,4096,58,30,-inf,,-67.134939,-inf,-inf
1048576,1048576,2097152,0.106,222298,32,256,4096,58,31,-inf,,-69.372755,-inf,-inf
1048576,1048576,2097152,0.106,222298,32,256,4096,58,32,-inf,,-71.610569,-inf,-inf
1048576,1048576,2097152,0.106,222298,32,256,4096,58,33,-inf,,-73.848382,-inf,-inf
1048576,1048576,2097152,0.106,222298,32,256,4096,58,34,-inf,,-76.086193,-inf,-inf
1048576,1048576,2097152,0.106,222298,32,256,4096,58,35,-inf,,-78.324002,-inf,-inf
1048576,1048576,2097152,0.106,222298,32,256,4096,58,36,-inf,,-80.561808,-inf,-inf
1048576,1048576,2097152,0.106,222298,32,256,4096,58,37,-inf,,-82.799612,-inf,-inf
1048576,1048576,2097152,0.106,222298,32,256,4096,58,38,-inf,,-85.037414,-inf,-inf
1048576,1048576,2097152,0.106,222298,32,256,4096,58,39,-inf,,-87.275213,-inf,-inf
1048576,1048576,2097152,0.106,222298,32,256,4096,58,40,-inf,,-89.513008,-inf,-inf
1048576,1048576,2097152,0.106,222298,32,256,4096,58,41,-inf,,-91.750800,-inf,-inf
1048576,1048576,2097152,0.106,222298,32,256,4096,58,42,-inf,,-93.988588,-inf,-inf
1048576,1048576,2097152,0.106,222298,32,256,4096,58,43,-inf,,-96.226371,-inf,-inf
1048576,1048576,2097152,0.106,222298,32,256,4096,58,44,-inf,,-98.464149,-inf,-inf
1048576,1048576,2097152,0.106,222298,32,256,4096,58,45,-inf,,-100.701922,-inf,-inf
1048576,1048576,2097152,0.106,222298,32,256,4096,58,46,-inf,,-102.939689,-inf,-inf
1048576,1048576,2097152,0.106,222298,32,256,4096,58,47,-inf,,-105.177448,-inf,-inf
1048576,1048576,2097152,0.106,222298,32,256,4096,58,48,-inf,,-107.415200,-inf,-inf
1048576,1048576,2097152,0.106,222298,32,256,4096,58,49,-inf,,-109.652943,-inf,-inf
1048576,1048576,2097152,0.106,222298,32,256,4096,58,50,-inf,,-111.890676,-inf,-inf
1048576,1048576,2097152,0.106,222298,32,256,4096,58,51,-inf,,-114.128398,-inf,-inf
1048576,1048576,2097152,0.106,222298,32,256,4096,58,52,-inf,,-116.366107,-inf,-inf
1048576,1048576,2097152,0.106,222298,32,256,4096,58,53,-inf,,-118.603803,-inf,-inf
1048576,1048576,2097152,0.106,222298,32,256,4096,58,54,-inf,,-120.841482,-inf,-inf
1048576,1048576,2097152,0.106,222298,32,256,4096,58,55,-inf,,-123.079144,-inf,-inf
1048576,1048576,2097152,0.106,222298,32,256,4096,58,56,-inf,,-125.316785,-inf,-inf
1048576,1048576,2097152,0.106,222298,32,256,4096,58,57,-inf,,-127.554404,-inf,-inf
1048576,1048576,2097152,0.106,222298,32,256,4096,58,58,66.191530,0.352176111989,-129.791997,-63.600467,-63.600467
1048576,1048576,2097152,0.106,222298,32,256,4096,58,59,67.697161,0.352176111989,-132.029562,-64.332400,-62.920506
1048576,1048576,2097152,0.106,222298,32,256,4096,58,60,69.202792,0.352176111989,-134.267094,-65.064301,-62.626213
1048576,1048576,2097152,0.106,222298,32,256,4096,58,61,70.708423,0.352176111989,-136.504589,-65.796165,-62.474213
1048576,1048576,2097152,0.106,222298,32,256,4096,58,62,72.214054,0.352176111989,-138.742043,-66.527988,-62.389858
1048576,1048576,2097152,0.106,222298,32,256,4096,58,63,73.719686,0.352176111989,-140.979450,-67.259765,-62.341345
1048576,1048576,2097152,0.106,222298,32,256,4096,58,64,75.225317,0.352176111989,-143.216806,-67.991489,-62.312899
1048576,1048576,2097152,0.106,222298,32,256,4096,58,65,76.730948,0.352176111989,-145.454102,-68.723154,-62.296035
1048576,1048576,2097152,0.106,222298,32,256,4096,58,66,78.236579,0.352176111989,-147.691331,-69.454753,-62.285973
1048576,1048576,2097152,0.106,222298,32,256,4096,58,67,79.742210,0.352176111989,-149.928486,-70.186277,-62.279947
1048576,1048576,2097152,0.106,222298,32,256,4096,58,68,81.247841,0.352176111989,-152.165557,-70.917716,-62.276329
1048576,1048576,2097152,0.106,222298,32,256,4096,58,69,82.753472,0.352176111989,-154.402533,-71.649061,-62.274155
1048576,1048576,2097152,0.106,222298,32,256,4096,58,70,84.259103,0.352176111989,-156.639403,-72.380300,-62.272847
1048576,1048576,2097152,0.106,222298,32,256,4096,58,71,85.764734,0.352176111989,-158.876152,-73.111418,-62.272059
1048576,1048576,2097152,0.106,222298,32,256,4096,58,72,87.270365,0.352176111989,-161.112767,-73.842402,-62.271585
1048576,1048576,2097152,0.106,222298,32,256,4096,58,73,88.775996,0.352176111989,-163.349231,-74.573235,-62.271299
1048576,1048576,2097152,0.106,222298,32,256,4096,58,74,90.281627,0.352176111989,-165.585524,-75.303897,-62.271127
1048576,1048576,2097152,0.106,222298,32,256,4096,58,75,91.787258,0.352176111989,-167.821627,-76.034369,-62.271023
1048576,1048576,2097152,0.106,222298,32,256,4096,58,76,93.292889,0.352176111989,-170.057515,-76.764626,-62.270960
1048576,1048576,2097152,0.106,222298,32,256,4096,58,77,94.798520,0.352176111989,-172.293162,-77.494642,-62.270923
1048576,1048576,2097152,0.106,222298,32,256,4096,58,78,96.304151,0.352176111989,-174.528540,-78.224389,-62.270900
1048576,1048576,2097152,0.106,222298,32,256,4096,58,79,97.809782,0.352176111989,-176.763616,-78.953833,-62.270886
1048576,1048576,2097152,0.106,222298,32,256,4096,58,80,99.315413,0.352176111989,-178.998353,-79.682940,-62.270878
1048576,1048576,2097152,0.106,222298,32,256,4096,58,81,100.821044,0.352176111989,-181.232711,-80.411667,-62.270873
1048576,1048576,2097152,0.106,222298,32,256,4096,58,82,102.326675,0.352176111989,-183.466646,-81.139971,-62.270870
1048576,1048576,2097152,0.106,222298,32,256,4096,58,83,103.832306,0.352176111989,-185.700107,-81.867800,-62.270868
1048576,1048576,2097152,0.106,222298,32,256,4096,58,84,105.337937,0.352176111989,-187.933039,-82.595102,-62.270867
1048576,1048576,2097152,0.106,222298,32,256,4096,58,85,106.843568,0.352176111989,-190.165381,-83.321813,-62.270866
1048576,1048576,2097152,0.106,222298,32,256,4096,58,86,108.349199,0.352176111989,-192.397066,-84.047867,-62.270866
1048576,1048576,2097152,0.106,222298,32,256,4096,58,87,109.854830,0.352176111989,-194.628018,-84.773188,-62.270866
1048576,1048576,2097152,0.106,222298,32,256,4096,58,88,111.360462,0.352176111989,-196.858157,-85.497695,-62.270866
1048576,1048576,2097152,0.106,222298,32,256,4096,58,89,112.866093,0.352176111989,-199.087391,-86.221298,-62.270866
1048576,1048576,2097152,0.106,222298,32,256,4096,58,90,114.371724,0.352176111989,-201.315623,-86.943900,-62.270865
1048576,1048576,2097152,0.106,222298,32,256,4096,58,91,115.877355,0.352176111989,-203.542744,-87.665390,-62.270865
1048576,1048576,2097152,0.106,222298,32,256,4096,58,92,117.382986,0.352176111989,-205.768640,-88.385654,-62.270865
1048576,1048576,2097152,0.106,222298,32,256,4096,58,93,118.888617,0.352176111989,-207.993180,-89.104563,-62.270865
1048576,1048576,2097152,0.106,222298,32,256,4096,58,94,120.394248,0.352176111989,-210.216231,-89.821983,-62.270865
1048576,1048576,2097152,0.106,222298,32,256,4096,58,95,121.899879,0.352176111989,-212.437643,-90.537765,-62.270865
1048576,1048576,2097152,0.106,222298,32,256,4096,58,96,123.405510,0.352176111989,-214.657262,-91.251753,-62.270865
1048576,1048576,2097152,0.106,222298,32,256,4096,58,97,124.911141,0.352176111989,-216.874919,-91.963778,-62.270865
1048576,1048576,2097152,0.106,222298,32,256,4096,58,98,126.416772,0.352176111989,-219.090440,-92.673668,-62.270865
1048576,1048576,2097152,0.106,222298,32,256,4096,58,99,127.922403,0.352176111989,-221.303637,-93.381234,-62.270865
1048576,1048576,2097152,0.106,222298,32,256,4096,58,100,129.428034,0.352176111989,-223.514322,-94.086288,-62.270865
1048576,1048576,2097152,0.106,222298,32,256,4096,58,101,130.933665,0.352176111989,-225.722292,-94.788627,-62.270865
1048576,1048576,2097152,0.106,222298,32,256,4096,58,102,132.439296,0.352176111989,-227.927350,-95.488054,-62.270865
1048576,1048576,2097152,0.106,222298,32,256,4096,58,103,133.944927,0.352176111989,-230.129288,-96.184361,-62.270865
1048576,1048576,2097152,0.106,222298,32,256,4096,58,104,135.450558,0.352176111989,-232.327903,-96.877345,-62.270865
1048576,1048576,2097152,0.106,222298,32,256,4096,58,105,136.956189,0.352176111989,-234.522998,-97.566809,-62.270865
1048576,1048576,2097152,0.106,222298,32,256,4096,58,106,138.461820,0.352176111989,-236.714376,-98.252556,-62.270865
1048576,1048576,2097152,0.106,222298,32,256,4096,58,107,139.967451,0.352176111989,-238.901855,-98.934404,-62.270865
1048576,1048576,2097152,0.106,222298,32,256,4096,58,108,141.473082,0.352176111989,-241.085269,-99.612187,-62.270865
1048576,1048576,2097152,0.106,222298,32,256,4096,58,109,142.978713,0.352176111989,-243.264462,-100.285748,-62.270865
1048576,1048576,2097152,0.106,222298,32,256,4096,58,110,144.484344,0.352176111989,-245.439303,-100.954959,-62.270865
1048576,1048576,2097152,0.106,222298,32,256,4096,58,111,145.989975,0.352176111989,-247.609688,-101.619713,-62.270865
1048576,1048576,2097152,0.106,222298,32,256,4096,58,112,147.495606,0.352176111989,-249.775532,-102.279926,-62.270865
1048576,1048576,2097152,0.106,222298,32,256,4096,58,113,149.001238,0.352176111989,-251.936783,-102.935546,-62.270865
1048576,1048576,2097152,0.106,222298,32,256,4096,58,114,150.506869,0.352176111989,-254.093421,-103.586552,-62.270865
1048576,1048576,2097152,0.106,222298,32,256,4096,58,115,152.012500,0.352176111989,-256.245448,-104.232948,-62.270865
1048576,1048576,2097152,0.106,222298,32,256,4096,58,116,153.518131,0.352176111989,-258.392905,-104.874774,-62.270865
1048576,1048576,2097152,0.106,222298,32,256,4096,58,117,155.023762,0.352176111989,-260.535860,-105.512098,-62.270865
1048576,1048576,2097152,0.106,222298,32,256,4096,58,118,156.529393,0.352176111989,-262.674404,-106.145011,-62.270865
1048576,1048576,2097152,0.106,222298,32,256,4096,58,119,158.035024,0.352176111989,-264.808660,-106.773636,-62.270865
1048576,1048576,2097152,0.106,222298,32,256,4096,58,120,159.540655,0.352176111989,-266.938772,-107.398117,-62.270865
1048576,1048576,2097152,0.106,222298,32,256,4096,58,121,161.046286,0.352176111989,-269.064898,-108.018612,-62.270865
1048576,1048576,2097152,0.106,222298,32,256,4096,58,122,162.551917,0.352176111989,-271.187219,-108.635302,-62.270865
1048576,1048576,2097152,0.106,222298,32,256,4096,58,123,164.057548,0.352176111989,-273.305926,-109.248378,-62.270865
1048576,1048576,2097152,0.106,222298,32,256,4096,58,124,165.563179,0.352176111989,-275.421216,-109.858037,-62.270865
1048576,1048576,2097152,0.106,222298,32,256,4096,58,125,167.068810,0.352176111989,-277.533295,-110.464485,-62.270865
1048576,1048576,2097152,0.106,222298,32,256,4096,58,126,168.574441,0.352176111989,-279.642372,-111.067931,-62.270865
1048576,1048576,2097152,0.106,222298,32,256,4096,58,127,170.080072,0.352176111989,-281.748651,-111.668579,-62.270865
1048576,1048576,2097152,0.106,222298,32,256,4096,58,128,171.585703,0.352176111989,-283.852337,-112.266634,-62.270865
1048576,1048576,2097152,0.106,222298,32,256,4096,58,129,173.091334,0.352176111989,-285.953631,-112.862297,-62.270865
1048576,1048576,2097152,0.106,222298,32,256,4096,58,130,174.596965,0.352176111989,-288.052724,-113.455758,-62.270865
1048576,1048576,2097152,0.106,222298,32,256,4096,58,131,176.102596,0.352176111989,-290.149799,-114.047203,-62.270865
1048576,1048576,2097152,0.106,222298,32,256,4096,58,132,177.608227,0.352176111989,-292.245035,-114.636808,-62.270865
1048576,1048576,2097152,0.106,222298,32,256,4096,58,133,179.113858,0.352176111989,-294.338595,-115.224737,-62.270865
1048576,1048576,2097152,0.106,222298,32,256,4096,58,134,180.619489,0.352176111989,-296.430636,-115.811146,-62.270865
1048576,1048576,2097152,0.106,222298,32,256,4096,58,135,182.125120,0.352176111989,-298.521304,-116.396183,-62.270865
1048576,1048576,2097152,0.106,222298,32,256,4096,58,136,183.630751,0.352176111989,-300.610733,-116.979982,-62.270865
1048576,1048576,2097152,0.106,222298,32,256,4096,58,137,185.136382,0.352176111989,-302.699049,-117.562667,-62.270865
1048576,1048576,2097152,0.106,222298,32,256,4096,58,138,186.642014,0.352176111989,-304.786369,-118.144355,-62.270865
1048576,1048576,2097152,0.106,222298,32,256,4096,58,139,188.147645,0.352176111989,-306.872797,-118.725152,-62.270865
1048576,1048576,2097152,0.106,222298,32,256,4096,58,140,189.653276,0.352176111989,-308.958431,-119.305155,-62.270865
1048576,1048576,2097152,0.106,222298,32,256,4096,58,141,191.158907,0.352176111989,-311.043360,-119.884453,-62.270865
1048576,1048576,2097152,0.106,222298,32,256,4096,58,142,192.664538,0.352176111989,-313.127665,-120.463127,-62.270865
1048576,1048576,2097152,0.106,222298,32,256,4096,58,143,194.170169,0.352176111989,-315.211418,-121.041250,-62.270865
1048576,1048576,2097152,0.106,222298,32,256,4096,58,144,195.675800,0.352176111989,-317.294688,-121.618888,-62.270865
1048576,1048576,2097152,0.106,222298,32,256,4096,58,145,197.181431,0.352176111989,-319.377534,-122.196103,-62.270865
1048576,1048576,2097152,0.106,222298,32,256,4096,58,146,198.687062,0.352176111989,-321.460010,-122.772948,-62.270865
1048576,1048576,2097152,0.106,222298,32,256,4096,58,147,200.192693,0.352176111989,-323.542166,-123.349473,-62.270865
1048576,1048576,2097152,0.106,222298,32,256,4096,58,148,201.698324,0.352176111989,-325.624045,-123.925721,-62.270865
1048576,1048576,2097152,0.106,222298,32,256,4096,58,149,203.203955,0.352176111989,-327.705688,-124.501733,-62.270865
1048576,1048576,2097152,0.106,222298,32,256,4096,58,150,204.709586,0.352176111989,-329.787131,-125.077545,-62.270865
1048576,1048576,2097152,0.106,222298,32,256,4096,58,151,206.215217,0.352176111989,-331.868404,-125.653187,-62.270865
1048576,1048576,2097152,0.106,222298,32,256,4096,58,152,207.720848,0.352176111989,-333.949538,-126.228690,-62.270865
1048576,1048576,2097152,0.106,222298,32,256,4096,58,153,209.226479,0.352176111989,-336.030557,-126.804078,-62.270865
1048576,1048576,2097152,0.106,222298,32,256,4096,58,154,210.732110,0.352176111989,-338.111485,-127.379375,-62.270865
1048576,1048576,2097152,0.106,222298,32,256,4096,58,155,212.237741,0.352176111989,-340.192342,-127.954601,-62.270865
1048576,1048576,2097152,0.106,222298,32,256,4096,58,156,213.743372,0.352176111989,-342.273146,-128.529774,-62.270865
1048576,1048576,2097152,0.106,222298,32,256,4096,58,157,215.249003,0.352176111989,-344.353915,-129.104911,-62.270865
1048576,1048576,2097152,0.106,222298,32,256,4096,58,158,216.754634,0.352176111989,-346.434661,-129.680026,-62.270865
1048576,1048576,2097152,0.106,222298,32,256,4096,58,159,218.260265,0.352176111989,-348.515398,-130.255132,-62.270865
1048576,1048576,2097152,0.106,222298,32,256,4096,58,160,219.765896,0.352176111989,-350.596137,-130.830241,-62.270865
1048576,1048576,2097152,0.106,222298,32,256,4096,58,161,221.271527,0.352176111989,-352.676889,-131.405362,-62.270865
1048576,1048576,2097152,0.106,222298,32,256,4096,58,162,222.777158,0.352176111989,-354.757663,-131.980504,-62.270865
1048576,1048576,2097152,0.106,222298,32,256,4096,58,163,224.282790,0.352176111989,-356.838466,-132.555676,-62.270865
1048576,1048576,2097152,0.106,222298,32,256,4096,58,164,225.782218,0.395431832347,-358.919305,-133.137087,-62.270865
1048576,1048576,2097152,0.106,222298,32,256,4096,58,165,227.120717,0.395431832347,-361.000187,-133.879470,-62.270865
1048576,1048576,2097152,0.106,222298,32,256,4096,58,166,228.459216,0.395431832347,-363.081117,-134.621901,-62.270865
1048576,1048576,2097152,0.106,222298,32,256,4096,58,167,229.797715,0.395431832347,-365.162100,-135.364385,-62.270865
1048576,1048576,2097152,0.106,222298,32,256,4096,58,168,231.136214,0.395431832347,-367.243139,-136.106925,-62.270865
1048576,1048576,2097152,0.106,222298,32,256,4096,58,169,232.474713,0.395431832347,-369.324239,-136.849526,-62.270865
1048576,1048576,2097152,0.106,222298,32,256,4096,58,170,233.813212,0.395431832347,-371.405403,-137.592191,-62.270865
1048576,1048576,2097152,0.106,222298,32,256,4096,58,171,235.151711,0.395431832347,-373.486633,-138.334922,-62.270865
1048576,1048576,2097152,0.106,222298,32,256,4096,58,172,236.490211,0.395431832347,-375.567932,-139.077721,-62.270865
1048576,1048576,2097152,0.106,222298,32,256,4096,58,173,237.828710,0.395431832347,-377.649301,-139.820592,-62.270865
1048576,1048576,2097152,0.106,222298,32,256,4096,58,174,239.167209,0.395431832347,-379.730743,-140.563534,-62.270865
1048576,1048576,2097152,0.106,222298,32,256,4096,58,175,240.505708,0.395431832347,-381.812258,-141.306551,-62.270865
1048576,1048576,2097152,0.106,222298,32,256,4096,58,176,241.844207,0.395431832347,-383.893849,-142.049642,-62.270865
1048576,1048576,2097152,0.106,222298,32,256,4096,58,177,243.182706,0.395431832347,-385.975515,-142.792809,-62.270865
1048576,1048576,2097152,0.106,222298,32,256,4096,58,178,244.521205,0.395431832347,-388.057258,-143.536053,-62.270865
1048576,1048576,2097152,0.106,222298,32,256,4096,58,179,245.859704,0.395431832347,-390.139078,-144.279374,-62.270865
1048576,1048576,2097152,0.106,222298,32,256,4096,58,180,247.198203,0.395431832347,-392.220977,-145.022773,-62.270865
1048576,1048576,2097152,0.106,222298,32,256,4096,58,181,248.536702,0.395431832347,-394.302953,-145.766251,-62.270865
1048576,1048576,2097152,0.106,222298,32,256,4096,58,182,249.875201,0.395431832347,-396.385007,-146.509806,-62.270865
1048576,1048576,2097152,0.106,222298,32,256,4096,58,183,251.213700,0.395431832347,-398.467140,-147.253440,-62.270865
1048576,1048576,2097152,0.106,222298,32,256,4096,58,184,252.552200,0.395431832347,-400.549352,-147.997152,-62.270865
1048576,1048576,2097152,0.106,222298,32,256,4096,58,185,253.890699,0.395431832347,-402.631641,-148.740943,-62.270865
1048576,1048576,2097152,0.106,222298,32,256,4096,58,186,255.229198,0.395431832347,-404.714009,-149.484812,-62.270865
1048576,1048576,2097152,0.106,222298,32,256,4096,58,187,256.567697,0.395431832347,-406.796455,-150.228759,-62.270865
1048576,1048576,2097152,0.106,222298,32,256,4096,58,188,257.906196,0.395431832347,-408.878979,-150.972783,-62.270865
1048576,1048576,2097152,0.106,222298,32,256,4096,58,189,259.244695,0.395431832347,-410.961581,-151.716886,-62.270865
1048576,1048576,2097152,0.106,222298,32,256,4096,58,190,260.583194,0.395431832347,-413.044259,-152.461065,-62.270865
1048576,1048576,2097152,0.106,222298,32,256,4096,58,191,261.921693,0.395431832347,-415.127014,-153.205321,-62.270865
1048576,1048576,2097152,0.106,222298,32,256,4096,58,192,263.260192,0.395431832347,-417.209846,-153.949654,-62.270865
1048576,1048576,2097152,0.106,222298,32,256,4096,58,193,264.598691,0.395431832347,-419.292754,-154.694062,-62.270865
1048576,1048576,2097152,0.106,222298,32,256,4096,58,194,265.937190,0.395431832347,-421.375737,-155.438546,-62.270865
1048576,1048576,2097152,0.106,222298,32,256,4096,58,195,267.275689,0.395431832347,-423.458795,-156.183105,-62.270865
1048576,1048576,2097152,0.106,222298,32,256,4096,58,196,268.614188,0.395431832347,-425.541927,-156.927739,-62.270865
1048576,1048576,2097152,0.106,222298,32,256,4096,58,197,269.952688,0.395431832347,-427.625134,-157.672446,-62.270865
1048576,1048576,2097152,0.106,222298,32,256,4096,58,198,271.291187,0.395431832347,-429.708413,-158.417227,-62.270865
1048576,1048576,2097152,0.106,222298,32,256,4096,58,199,272.629686,0.395431832347,-431.791766,-159.162080,-62.270865
1048576,1048576,2097152,0.106,222298,32,256,4096,58,200,273.968185,0.395431832347,-433.875191,-159.907006,-62.270865
1048576,1048576,2097152,0.106,222298,32,256,4096,58,201,275.306684,0.395431832347,-435.958688,-160.652004,-62.270865
1048576,1048576,2097152,0.106,222298,32,256,4096,58,202,276.645183,0.395431832347,-438.042256,-161.397073,-62.270865
1048576,1048576,2097152,0.106,222298,32,256,4096,58,203,277.983682,0.395431832347,-440.125895,-162.142213,-62.270865
1048576,1048576,2097152,0.106,222298,32,256,4096,58,204,279.322181,0.395431832347,-442.209604,-162.887423,-62.270865
1048576,1048576,2097152,0.106,222298,32,256,4096,58,205,280.660680,0.395431832347,-444.293383,-163.632703,-62.270865
1048576,1048576,2097152,0.106,222298,32,256,4096,58,206,281.999179,0.395431832347,-446.377230,-164.378051,-62.270865
1048576,1048576,2097152,0.106,222298,32,256,4096,58,207,283.337678,0.395431832347,-448.461146,-165.123468,-62.270865
1048576,1048576,2097152,0.106,222298,32,256,4096,58,208,284.676177,0.395431832347,-450.545130,-165.868953,-62.270865
1048576,1048576,2097152,0.106,222298,32,256,4096,58,209,286.014677,0.395431832347,-452.629181,-166.614505,-62.270865
1048576,1048576,2097152,0.106,222298,32,256,4096,58,210,287.353176,0.395431832347,-454.713299,-167.360124,-62.270865
1048576,1048576,2097152,0.106,222298,32,256,4096,58,211,288.691675,0.395431832347,-456.797483,-168.105809,-62.270865
1048576,1048576,2097152,0.106,222298,32,256,4096,58,212,290.030174,0.395431832347,-458.881733,-168.851559,-62.270865
1048576,1048576,2097152,0.106,222298,32,256,4096,58,213,291.368673,0.395431832347,-460.966048,-169.597375,-62.270865
1048576,1048576,2097152,0.106,222298,32,256,4096,58,214,292.707172,0.395431832347,-463.050428,-170.343256,-62.270865
1048576,1048576,2097152,0.106,222298,32,256,4096,58,215,294.045671,0.395431832347,-465.134871,-171.089200,-62.270865
1048576,1048576,2097152,0.106,222298,32,256,4096,58,216,295.384170,0.395431832347,-467.219378,-171.835208,-62.270865
1048576,1048576,2097152,0.106,222298,32,256,4096,58,217,296.722669,0.395431832347,-469.303948,-172.581279,-62.270865
1048576,1048576,2097152,0.106,222298,32,256,4096,58,218,298.061168,0.395431832347,-471.388581,-173.327412,-62.270865
1048576,1048576,2097152,0.106,222298,32,256,4096,58,219,299.399667,0.395431832347,-473.473275,-174.073607,-62.270865
1048576,1048576,2097152,0.106,222298,32,256,4096,58,220,300.738166,0.395431832347,-475.558031,-174.819864,-62.270865
1048576,1048576,2097152,0.106,222298,32,256,4096,60,1,-inf,,-2.237843,-inf,-inf
1048576,1048576,2097152,0.106,222298,32,256,4096,60,2,-inf,,-4.475684,-inf,-inf
1048576,1048576,2097152,0.106,222298,32,256,4096,60,3,-inf,,-6.713526,-inf,-inf
1048576,1048576,2097152,0.106,222298,32,256,4096,60,4,-inf,,-8.951366,-inf,-inf
1048576,1048576,2097152,0.106,222298,32,256,4096,60,5,-inf,,-11.189206,-inf,-inf
1048576,1048576,2097152,0.106,222298,32,256,4096,60,6,-inf,,-13.427045,-inf,-inf
1048576,1048576,2097152,0.106,222298,32,256,4096,60,7,-inf,,-15.664883,-inf,-inf
1048576,1048576,2097152,0.106,222298,32,256,4096,60,8,-inf,,-17.902721,-inf,-inf
1048576,1048576,2097152,0.106,222298,32,256,4096,60,9,-inf,,-20.140558,-inf,-inf
1048576,1048576,2097152,0.106,222298,32,256,4096,60,10,-inf,,-22.378394,-inf,-inf
1048576,1048576,2097152,0.106,222298,32,256,4096,60,11,-inf,,-24.616229,-inf,-inf
1048576,1048576,2097152,0.106,222298,32,256,4096,60,12,-inf,,-26.854064,-inf,-inf
1048576,1048576,2097152,0.106,222298,32,256,4096,60,13,-inf,,-29.091897,-inf,-inf
1048576,1048576,2097152,0.106,222298,32,256,4096,60,14,-inf,,-31.329731,-inf,-inf
1048576,1048576,2097152,0.106,222298,32,256,4096,60,15,-inf,,-33.567563,-inf,-inf
1048576,1048576,2097152,0.106,222298,32,256,4096,60,16,-inf,,-35.805394,-inf,-inf
1048576,1048576,2097152,0.106,222298,32,256,4096,60,17,-inf,,-38.043225,-inf,-inf
1048576,1048576,2097152,0.106,222298,32,256,4096,60,18,-inf,,-40.281055,-inf,-inf
1048576,1048576,2097152,0.106,222298,32,256,4096,60,19,-inf,,-42.518884,-inf,-inf
1048576,1048576,2097152,0.106,222298,32,256,4096,60,20,-inf,,-44.756712,-inf,-inf
1048576,1048576,2097152,0.106,222298,32,256,4096,60,21,-inf,,-46.994540,-inf,-inf
1048576,1048576,2097152,0.106,222298,32,256,4096,60,22,-inf,,-49.232366,-inf,-inf
1048576,1048576,2097152,0.106,222298,32,256,4096,60,23,-inf,,-51.470191,-inf,-inf
1048576,1048576,2097152,0.106,222298,32,256,4096,60,24,-inf,,-53.708016,-inf,-inf
1048576,1048576,2097152,0.106,222298,32,256,4096,60,25,-inf,,-55.945839,-inf,-inf
1048576,1048576,2097152,0.106,222298,32,256,4096,60,26,-inf,,-58.183662,-inf,-inf
1048576,1048576,2097152,0.106,222298,32,256,4096,60,27,-inf,,-60.421483,-inf,-inf
1048576,1048576,2097152,0.106,222298,32,256,4096,60,28,-inf,,-62.659303,-inf,-inf
1048576,1048576,2097152,0.106,222298,32,256,4096,60,29,-inf,,-64.897122,-inf,-inf
1048576,1048576,2097152,0.106,222298,32,256,4096,60,30,-inf,,-67.134939,-inf,-inf
1048576,1048576,2097152,0.106,222298,32,256,4096,60,31,-inf,,-69.372755,-inf,-inf
1048576,1048576,2097152,0.106,222298,32,256,4096,60,32,-inf,,-71.610569,-inf,-inf
1048576,1048576,2097152,0.106,222298,32,256,4096,60,33,-inf,,-73.848382,-inf,-inf
1048576,1048576,2097152,0.106,222298,32,256,4096,60,34,-inf,,-76.086193,-inf,-inf
1048576,1048576,2097152,0.106,222298,32,256,4096,60,35,-inf,,-78.324002,-inf,-inf
1048576,1048576,2097152,0.106,222298,32,256,4096,60,36,-inf,,-80.561808,-inf,-inf
1048576,1048576,2097152,0.106,222298,32,256,4096,60,37,-inf,,-82.799612,-inf,-inf
1048576,1048576,2097152,0.106,222298,32,256,4096,60,38,-inf,,-85.037414,-inf,-inf
1048576,1048576,2097152,0.106,222298,32,256,4096,60,39,-inf,,-87.275213,-inf,-inf
1048576,1048576,2097152,0.106,222298,32,256,4096,60,40,-inf,,-89.513008,-inf,-inf
1048576,1048576,2097152,0.106,222298,32,256,4096,60,41,-inf,,-91.750800,-inf,-inf
1048576,1048576,2097152,0.106,222298,32,256,4096,60,42,-inf,,-93.988588,-inf,-inf
1048576,1048576,2097152,0.106,222298,32,256,4096,60,43,-inf,,-96.226371,-inf,-inf
1048576,1048576,2097152,0.106,222298,32,256,4096,60,44,-inf,,-98.464149,-inf,-inf
1048576,1048576,2097152,0.106,222298,32,256,4096,60,45,-inf,,-100.701922,-inf,-inf
1048576,1048576,2097152,0.106,222298,32,256,4096,60,46,-inf,,-102.939689,-inf,-inf
1048576,1048576,2097152,0.106,222298,32,256,4096,60,47,-inf,,-105.177448,-inf,-inf
1048576,1048576,2097152,0.106,222298,32,256,4096,60,48,-inf,,-107.415200,-inf,-inf
1048576,1048576,2097152,0.106,222298,32,256,4096,60,49,-inf,,-109.652943,-inf,-inf
1048576,1048576,2097152,0.106,222298,32,256,4096,60,50,-inf,,-111.890676,-inf,-inf
1048576,1048576,2097152,0.106,222298,32,256,4096,60,51,-inf,,-114.128398,-inf,-inf
1048576,1048576,2097152,0.106,222298,32,256,4096,60,52,-inf,,-116.366107,-inf,-inf
1048576,1048576,2097152,0.106,222298,32,256,4096,60,53,-inf,,-118.603803,-inf,-inf
1048576,1048576,2097152,0.106,222298,32,256,4096,60,54,-inf,,-120.841482,-inf,-inf
1048576,1048576,2097152,0.106,222298,32,256,4096,60,55,-inf,,-123.079144,-inf,-inf
1048576,1048576,2097152,0.106,222298,32,256,4096,60,56,-inf,,-125.316785,-inf,-inf
1048576,1048576,2097152,0.106,222298,32,256,4096,60,57,-inf,,-127.554404,-inf,-inf
1048576,1048576,2097152,0.106,222298,32,256,4096,60,58,-inf,,-129.791997,-inf,-inf
1048576,1048576,2097152,0.106,222298,32,256,4096,60,59,-inf,,-132.029562,-inf,-inf
1048576,1048576,2097152,0.106,222298,32,256,4096,60,60,69.202792,0.352176111989,-134.267094,-65.064301,-65.064301
1048576,1048576,2097152,0.106,222298,32,256,4096,60,61,70.708423,0.352176111989,-136.504589,-65.796165,-64.384314
1048576,1048576,2097152,0.106,222298,32,256,4096,60,62,72.214054,0.352176111989,-138.742043,-66.527988,-64.089999
1048576,1048576,2097152,0.106,222298,32,256,4096,60,63,73.719686,0.352176111989,-140.979450,-67.259765,-63.937980
1048576,1048576,2097152,0.106,222298,32,256,4096,60,64,75.225317,0.352176111989,-143.216806,-67.991489,-63.853610
1048576,1048576,2097152,0.106,222298,32,256,4096,60,65,76.730948,0.352176111989,-145.454102,-68.723154,-63.805085
1048576,1048576,2097152,0.106,222298,32,256,4096,60,66,78.236579,0.352176111989,-147.691331,-69.454753,-63.776629
1048576,1048576,2097152,0.106,222298,32,256,4096,60,67,79.742210,0.352176111989,-149.928486,-70.186277,-63.759758
1048576,1048576,2097152,0.106,222298,32,256,4096,60,68,81.247841,0.352176111989,-152.165557,-70.917716,-63.749691
1048576,1048576,2097152,0.106,222298,32,256,4096,60,69,82.753472,0.352176111989,-154.402533,-71.649061,-63.743661
1048576,1048576,2097152,0.106,222298,32,256,4096,60,70,84.259103,0.352176111989,-156.639403,-72.380300,-63.740041
1048576,1048576,2097152,0.106,222298,32,256,4096,60,71,85.764734,0.352176111989,-158.876152,-73.111418,-63.737865
1048576,1048576,2097152,0.106,222298,32,256,4096,60,72,87.270365,0.352176111989,-161.112767,-73.842402,-63.736555
1048576,1048576,2097152,0.106,222298,32,256,4096,60,73,88.775996,0.352176111989,-163.349231,-74.573235,-63.735766
1048576,1048576,2097152,0.106,222298,32,256,4096,60,74,90.281627,0.352176111989,-165.585524,-75.303897,-63.735291
1048576,1048576,2097152,0.106,222298,32,256,4096,60,75,91.787258,0.352176111989,-167.821627,-76.034369,-63.735005
1048576,1048576,2097152,0.106,222298,32,256,4096,60,76,93.292889,0.352176111989,-170.057515,-76.764626,-63.734832
1048576,1048576,2097152,0.106,222298,32,256,4096,60,77,94.798520,0.352176111989,-172.293162,-77.494642,-63.734728
1048576,1048576,2097152,0.106,222298,32,256,4096,60,78,96.304151,0.352176111989,-174.528540,-78.224389,-63.734666
1048576,1048576,2097152,0.106,222298,32,256,4096,60,79,97.809782,0.352176111989,-176.763616,-78.953833,-63.734628
1048576,1048576,2097152,0.106,222298,32,256,4096,60,80,99.315413,0.352176111989,-178.998353,-79.682940,-63.734605
1048576,1048576,2097152,0.106,222298,32,256,4096,60,81,100.821044,0.352176111989,-181.232711,-80.411667,-63.734591
1048576,1048576,2097152,0.106,222298,32,256,4096,60,82,102.326675,0.352176111989,-183.466646,-81.139971,-63.734583
1048576,1048576,2097152,0.106,222298,32,256,4096,60,83,103.832306,0.352176111989,-185.700107,-81.867800,-63.734578
1048576,1048576,2097152,0.106,222298,32,256,4096,60,84,105.337937,0.352176111989,-187.933039,-82.595102,-63.734575
1048576,1048576,2097152,0.106,222298,32,256,4096,60,85,106.843568,0.352176111989,-190.165381,-83.321813,-63.734573
1048576,1048576,2097152,0.106,222298,32,256,4096,60,86,108.349199,0.352176111989,-192.397066,-84.047867,-63.734572
1048576,1048576,2097152,0.106,222298,32,256,4096,60,87,109.854830,0.352176111989,-194.628018,-84.773188,-63.734571
1048576,1048576,2097152,0.106,222298,32,256,4096,60,88,111.360462,0.352176111989,-196.858157,-85.497695,-63.734571
1048576,1048576,2097152,0.106,222298,32,256,4096,60,89,112.866093,0.352176111989,-199.087391,-86.221298,-63.734571
1048576,1048576,2097152,0.106,222298,32,256,4096,60,90,114.371724,0.352176111989,-201.315623,-86.943900,-63.734570
1048576,1048576,2097152,0.106,222298,32,256,4096,60,91,115.877355,0.352176111989,-203.542744,-87.665390,-63.734570
1048576,1048576,2097152,0.106,222298,32,256,4096,60,92,117.382986,0.352176111989,-205.768640,-88.385654,-63.734570
1048576,1048576,2097152,0.106,222298,32,256,4096,60,93,118.888617,0.352176111989,-207.993180,-89.104563,-63.734570
1048576,1048576,2097152,0.106,222298,32,256,4096,60,94,120.394248,0.352176111989,-210.216231,-89.821983,-63.734570
1048576,1048576,2097152,0.106,222298,32,256,4096,60,95,121.899879,0.352176111989,-212.437643,-90.537765,-63.734570
1048576,1048576,2097152,0.106,222298,32,256,4096,60,96,123.405510,0.352176111989,-214.657262,-91.251753,-63.734570
1048576,1048576,2097152,0.106,222298,32,256,4096,60,97,124.911141,0.352176111989,-216.874919,-91.963778,-63.734570
1048576,1048576,2097152,0.106,222298,32,256,4096,60,98,126.416772,0.352176111989,-219.090440,-92.673668,-63.734570
1048576,1048576,2097152,0.106,222298,32,256,4096,60,99,127.922403,0.352176111989,-221.303637,-93.381234,-63.734570
1048576,1048576,2097152,0.106,222298,32,256,4096,60,100,129.428034,0.352176111989,-223.514322,-94.086288,-63.734570
1048576,1048576,2097152,0.106,222298,32,256,4096,60,101,130.933665,0.352176111989,-225.722292,-94.788627,-63.734570
1048576,1048576,2097152,0.106,222298,32,256,4096,60,102,132.439296,0.352176111989,-227.927350,-95.488054,-63.734570
1048576,1048576,2097152,0.106,222298,32,256,4096,60,103,133.944927,0.352176111989,-230.129288,-96.184361,-63.734570
1048576,1048576,2097152,0.106,222298,32,256,4096,60,104,135.450558,0.352176111989,-232.327903,-96.877345,-63.734570
1048576,1048576,2097152,0.106,222298,32,256,4096,60,105,136.956189,0.352176111989,-234.522998,-97.566809,-63.734570
1048576,1048576,2097152,0.106,222298,32,256,4096,60,106,138.461820,0.352176111989,-236.714376,-98.252556,-63.734570
1048576,1048576,2097152,0.106,222298,32,256,4096,60,107,139.967451,0.352176111989,-238.901855,-98.934404,-63.734570
1048576,1048576,2097152,0.106,222298,32,256,4096,60,108,141.473082,0.352176111989,-241.085269,-99.612187,-63.734570
1048576,1048576,2097152,0.106,222298,32,256,4096,60,109,142.978713,0.352176111989,-243.264462,-100.285748,-63.734570
1048576,1048576,2097152,0.106,222298,32,256,4096,60,110,144.484344,0.352176111989,-245.439303,-100.954959,-63.734570
1048576,1048576,2097152,0.106,222298,32,256,4096,60,111,145.989975,0.352176111989,-247.609688,-101.619713,-63.734570
1048576,1048576,2097152,0.106,222298,32,256,4096,60,112,147.495606,0.352176111989,-249.775532,-102.279926,-63.734570
1048576,1048576,2097152,0.106,222298,32,256,4096,60,113,149.001238,0.352176111989,-251.936783,-102.935546,-63.734570
1048576,1048576,2097152,0.106,222298,32,256,4096,60,114,150.506869,0.352176111989,-254.093421,-103.586552,-63.734570
1048576,1048576,2097152,0.106,222298,32,256,4096,60,115,152.012500,0.352176111989,-256.245448,-104.232948,-63.734570
1048576,1048576,2097152,0.106,222298,32,256,4096,60,116,153.518131,0.352176111989,-258.392905,-104.874774,-63.734570
1048576,1048576,2097152,0.106,222298,32,256,4096,60,117,155.023762,0.352176111989,-260.535860,-105.512098,-63.734570
1048576,1048576,2097152,0.106,222298,32,256,4096,60,118,156.529393,0.352176111989,-262.674404,-106.145011,-63.734570
1048576,1048576,2097152,0.106,222298,32,256,4096,60,119,158.035024,0.352176111989,-264.808660,-106.773636,-63.734570
1048576,1048576,2097152,0.106,222298,32,256,4096,60,120,159.540655,0.352176111989,-266.938772,-107.398117,-63.734570
1048576,1048576,2097152,0.106,222298,32,256,4096,60,121,161.046286,0.352176111989,-269.064898,-108.018612,-63.734570
1048576,1048576,2097152,0.106,222298,32,256,4096,60,122,162.551917,0.352176111989,-271.187219,-108.635302,-63.734570
1048576,1048576,2097152,0.106,222298,32,256,4096,60,123,164.057548,0.352176111989,-273.305926,-109.248378,-63.734570
1048576,1048576,2097152,0.106,222298,32,256,4096,60,124,165.563179,0.352176111989,-275.421216,-109.858037,-63.734570
1048576,1048576,2097152,0.106,222298,32,256,4096,60,125,167.068810,0.352176111989,-277.533295,-110.464485,-63.734570
1048576,1048576,2097152,0.106,222298,32,256,4096,60,126,168.574441,0.352176111989,-279.642372,-111.067931,-63.734570
1048576,1048576,2097152,0.106,222298,32,256,4096,60,127,170.080072,0.352176111989,-281.748651,-111.668579,-63.734570
1048576,1048576,2097152,0.106,222298,32,256,4096,60,128,171.585703,0.352176111989,-283.852337,-112.266634,-63.734570
1048576,1048576,2097152,0.106,222298,32,256,4096,60,129,173.091334,0.352176111989,-285.953631,-112.862297,-63.734570
1048576,1048576,2097152,0.106,222298,32,256,4096,60,130,174.596965,0.352176111989,-288.052724,-113.455758,-63.734570
1048576,1048576,2097152,0.106,222298,32,256,4096,60,131,176.102596,0.352176111989,-290.149799,-114.047203,-63.734570
1048576,1048576,2097152,0.106,222298,32,256,4096,60,132,177.608227,0.352176111989,-292.245035,-114.636808,-63.734570
1048576,1048576,2097152,0.106,222298,32,256,4096,60,133,179.113858,0.352176111989,-294.338595,-115.224737,-63.734570
1048576,1048576,2097152,0.106,222298,32,256,4096,60,134,180.619489,0.352176111989,-296.430636,-115.811146,-63.734570
1048576,1048576,2097152,0.106,222298,32,256,4096,60,135,182.125120,0.352176111989,-298.521304,-116.396183,-63.734570
1048576,1048576,2097152,0.106,222298,32,256,4096,60,136,183.630751,0.352176111989,-300.610733,-116.979982,-63.734570
1048576,1048576,2097152,0.106,222298,32,256,4096,60,137,185.136382,0.352176111989,-302.699049,-117.562667,-63.734570
1048576,1048576,2097152,0.106,222298,32,256,4096,60,138,186.642014,0.352176111989,-304.786369,-118.144355,-63.734570
1048576,1048576,2097152,0.106,222298,32,256,4096,60,139,188.147645,0.352176111989,-306.872797,-118.725152,-63.734570
1048576,1048576,2097152,0.106,222298,32,256,4096,60,140,189.653276,0.352176111989,-308.958431,-119.305155,-63.734570
1048576,1048576,2097152,0.106,222298,32,256,4096,60,141,191.158907,0.352176111989,-311.043360,-119.884453,-63.734570
1048576,1048576,2097152,0.106,222298,32,256,4096,60,142,192.664538,0.352176111989,-313.127665,-120.463127,-63.734570
1048576,1048576,2097152,0.106,222298,32,256,4096,60,143,194.170169,0.352176111989,-315.211418,-121.041250,-63.734570
1048576,1048576,2097152,0.106,222298,32,256,4096,60,144,195.675800,0.352176111989,-317.294688,-121.618888,-63.734570
1048576,1048576,2097152,0.106,222298,32,256,4096,60,145,197.181431,0.352176111989,-319.377534,-122.196103,-63.734570
1048576,1048576,2097152,0.106,222298,32,256,4096,60,146,198.687062,0.352176111989,-321.460010,-122.772948,-63.734570
1048576,1048576,2097152,0.106,222298,32,256,4096,60,147,200.192693,0.352176111989,-323.542166,-123.349473,-63.734570
1048576,1048576,2097152,0.106,222298,32,256,4096,60,148,201.698324,0.352176111989,-325.624045,-123.925721,-63.734570
1048576,1048576,2097152,0.106,222298,32,256,4096,60,149,203.203955,0.352176111989,-327.705688,-124.501733,-63.734570
1048576,1048576,2097152,0.106,222298,32,256,4096,60,150,204.709586,0.352176111989,-329.787131,-125.077545,-63.734570
1048576,1048576,2097152,0.106,222298,32,256,4096,60,151,206.215217,0.352176111989,-331.868404,-125.653187,-63.734570
1048576,1048576,2097152,0.106,222298,32,256,4096,60,152,207.720848,0.352176111989,-333.949538,-126.228690,-63.734570
1048576,1048576,2097152,0.106,222298,32,256,4096,60,153,209.226479,0.352176111989,-336.030557,-126.804078,-63.734570
1048576,1048576,2097152,0.106,222298,32,256,4096,60,154,210.732110,0.352176111989,-338.111485,-127.379375,-63.734570
1048576,1048576,2097152,0.106,222298,32,256,4096,60,155,212.237741,0.352176111989,-340.192342,-127.954601,-63.734570
1048576,1048576,2097152,0.106,222298,32,256,4096,60,156,213.743372,0.352176111989,-342.273146,-128.529774,-63.734570
1048576,1048576,2097152,0.106,222298,32,256,4096,60,157,215.249003,0.352176111989,-344.353915,-129.104911,-63.734570
1048576,1048576,2097152,0.106,222298,32,256,4096,60,158,216.754634,0.352176111989,-346.434661,-129.680026,-63.734570
1048576,1048576,2097152,0.106,222298,32,256,4096,60,159,218.260265,0.352176111989,-348.515398,-130.255132,-63.734570
1048576,1048576,2097152,0.106,222298,32,256,4096,60,160,219.765896,0.352176111989,-350.596137,-130.830241,-63.734570
1048576,1048576,2097152,0.106,222298,32,256,4096,60,161,221.271527,0.352176111989,-352.676889,-131.405362,-63.734570
1048576,1048576,2097152,0.106,222298,32,256,4096,60,162,222.777158,0.352176111989,-354.757663,-131.980504,-63.734570
1048576,1048576,2097152,0.106,222298,32,256,4096,60,163,224.282790,0.352176111989,-356.838466,-132.555676,-63.734570
1048576,1048576,2097152,0.106,222298,32,256,4096,60,164,225.782218,0.395431832347,-358.919305,-133.137087,-63.734570
1048576,1048576,2097152,0.106,222298,32,256,4096,60,165,227.120717,0.395431832347,-361.000187,-133.879470,-63.734570
1048576,1048576,2097152,0.106,222298,32,256,4096,60,166,228.459216,0.395431832347,-363.081117,-134.621901,-63.734570
1048576,1048576,2097152,0.106,222298,32,256,4096,60,167,229.797715,0.395431832347,-365.162100,-135.364385,-63.734570
1048576,1048576,2097152,0.106,222298,32,256,4096,60,168,231.136214,0.395431832347,-367.243139,-136.106925,-63.734570
1048576,1048576,2097152,0.106,222298,32,256,4096,60,169,232.474713,0.395431832347,-369.324239,-136.849526,-63.734570
1048576,1048576,2097152,0.106,222298,32,256,4096,60,170,233.813212,0.395431832347,-371.405403,-137.592191,-63.734570
1048576,1048576,2097152,0.106,222298,32,256,4096,60,171,235.151711,0.395431832347,-373.486633,-138.334922,-63.734570
1048576,1048576,2097152,0.106,222298,32,256,4096,60,172,236.490211,0.395431832347,-375.567932,-139.077721,-63.734570
1048576,1048576,2097152,0.106,222298,32,256,4096,60,173,237.828710,0.395431832347,-377.649301,-139.820592,-63.734570
1048576,1048576,2097152,0.106,222298,32,256,4096,60,174,239.167209,0.395431832347,-379.730743,-140.563534,-63.734570
1048576,1048576,2097152,0.106,222298,32,256,4096,60,175,240.505708,0.395431832347,-381.812258,-141.306551,-63.734570
1048576,1048576,2097152,0.106,222298,32,256,4096,60,176,241.844207,0.395431832347,-383.893849,-142.049642,-63.734570
1048576,1048576,2097152,0.106,222298,32,256,4096,60,177,243.182706,0.395431832347,-385.975515,-142.792809,-63.734570
1048576,1048576,2097152,0.106,222298,32,256,4096,60,178,244.521205,0.395431832347,-388.057258,-143.536053,-63.734570
1048576,1048576,2097152,0.106,222298,32,256,4096,60,179,245.859704,0.395431832347,-390.139078,-144.279374,-63.734570
1048576,1048576,2097152,0.106,222298,32,256,4096,60,180,247.198203,0.395431832347,-392.220977,-145.022773,-63.734570
1048576,1048576,2097152,0.106,222298,32,256,4096,60,181,248.536702,0.395431832347,-394.302953,-145.766251,-63.734570
1048576,1048576,2097152,0.106,222298,32,256,4096,60,182,249.875201,0.395431832347,-396.385007,-146.509806,-63.734570
1048576,1048576,2097152,0.106,222298,32,256,4096,60,183,251.213700,0.395431832347,-398.467140,-147.253440,-63.734570
1048576,1048576,2097152,0.106,222298,32,256,4096,60,184,252.552200,0.395431832347,-400.549352,-147.997152,-63.734570
1048576,1048576,2097152,0.106,222298,32,256,4096,60,185,253.890699,0.395431832347,-402.631641,-148.740943,-63.734570
1048576,1048576,2097152,0.106,222298,32,256,4096,60,186,255.229198,0.395431832347,-404.714009,-149.484812,-63.734570
1048576,1048576,2097152,0.106,222298,32,256,4096,60,187,256.567697,0.395431832347,-406.796455,-150.228759,-63.734570
1048576,1048576,2097152,0.106,222298,32,256,4096,60,188,257.906196,0.395431832347,-408.878979,-150.972783,-63.734570
1048576,1048576,2097152,0.106,222298,32,256,4096,60,189,259.244695,0.395431832347,-410.961581,-151.716886,-63.734570
1048576,1048576,2097152,0.106,222298,32,256,4096,60,190,260.583194,0.395431832347,-413.044259,-152.461065,-63.734570
1048576,1048576,2097152,0.106,222298,32,256,4096,60,191,261.921693,0.395431832347,-415.127014,-153.205321,-63.734570
1048576,1048576,2097152,0.106,222298,32,256,4096,60,192,263.260192,0.395431832347,-417.209846,-153.949654,-63.734570
1048576,1048576,2097152,0.106,222298,32,256,4096,60,193,264.598691,0.395431832347,-419.292754,-154.694062,-63.734570
1048576,1048576,2097152,0.106,222298,32,256,4096,60,194,265.937190,0.395431832347,-421.375737,-155.438546,-63.734570
1048576,1048576,2097152,0.106,222298,32,256,4096,60,195,267.275689,0.395431832347,-423.458795,-156.183105,-63.734570
1048576,1048576,2097152,0.106,222298,32,256,4096,60,196,268.614188,0.395431832347,-425.541927,-156.927739,-63.734570
1048576,1048576,2097152,0.106,222298,32,256,4096,60,197,269.952688,0.395431832347,-427.625134,-157.672446,-63.734570
1048576,1048576,2097152,0.106,222298,32,256,4096,60,198,271.291187,0.395431832347,-429.708413,-158.417227,-63.734570
1048576,1048576,2097152,0.106,222298,32,256,4096,60,199,272.629686,0.395431832347,-431.791766,-159.162080,-63.734570
1048576,1048576,2097152,0.106,222298,32,256,4096,60,200,273.968185,0.395431832347,-433.875191,-159.907006,-63.734570
1048576,1048576,2097152,0.106,222298,32,256,4096,60,201,275.306684,0.395431832347,-435.958688,-160.652004,-63.734570
1048576,1048576,2097152,0.106,222298,32,256,4096,60,202,276.645183,0.395431832347,-438.042256,-161.397073,-63.734570
1048576,1048576,2097152,0.106,222298,32,256,4096,60,203,277.983682,0.395431832347,-440.125895,-162.142213,-63.734570
1048576,1048576,2097152,0.106,222298,32,256,4096,60,204,279.322181,0.395431832347,-442.209604,-162.887423,-63.734570
1048576,1048576,2097152,0.106,222298,32,256,4096,60,205,280.660680,0.395431832347,-444.293383,-163.632703,-63.734570
1048576,1048576,2097152,0.106,222298,32,256,4096,60,206,281.999179,0.395431832347,-446.377230,-164.378051,-63.734570
1048576,1048576,2097152,0.106,222298,32,256,4096,60,207,283.337678,0.395431832347,-448.461146,-165.123468,-63.734570
1048576,1048576,2097152,0.106,222298,32,256,4096,60,208,284.676177,0.395431832347,-450.545130,-165.868953,-63.734570
1048576,1048576,2097152,0.106,222298,32,256,4096,60,209,286.014677,0.395431832347,-452.629181,-166.614505,-63.734570
1048576,1048576,2097152,0.106,222298,32,256,4096,60,210,287.353176,0.395431832347,-454.713299,-167.360124,-63.734570
1048576,1048576,2097152,0.106,222298,32,256,4096,60,211,288.691675,0.395431832347,-456.797483,-168.105809,-63.734570
1048576,1048576,2097152,0.106,222298,32,256,4096,60,212,290.030174,0.395431832347,-458.881733,-168.851559,-63.734570
1048576,1048576,2097152,0.106,222298,32,256,4096,60,213,291.368673,0.395431832347,-460.966048,-169.597375,-63.734570
1048576,1048576,2097152,0.106,222298,32,256,4096,60,214,292.707172,0.395431832347,-463.050428,-170.343256,-63.734570
1048576,1048576,2097152,0.106,222298,32,256,4096,60,215,294.045671,0.395431832347,-465.134871,-171.089200,-63.734570
1048576,1048576,2097152,0.106,222298,32,256,4096,60,216,295.384170,0.395431832347,-467.219378,-171.835208,-63.734570
1048576,1048576,2097152,0.106,222298,32,256,4096,60,217,296.722669,0.395431832347,-469.303948,-172.581279,-63.734570
1048576,1048576,2097152,0.106,222298,32,256,4096,60,218,298.061168,0.395431832347,-471.388581,-173.327412,-63.734570
1048576,1048576,2097152,0.106,222298,32,256,4096,60,219,299.399667,0.395431832347,-473.473275,-174.073607,-63.734570
1048576,1048576,2097152,0.106,222298,32,256,4096,60,220,300.738166,0.395431832347,-475.558031,-174.819864,-63.734570
1048576,1048576,2097152,0.106,222298,32,256,4096,62,1,-inf,,-2.237843,-inf,-inf
1048576,1048576,2097152,0.106,222298,32,256,4096,62,2,-inf,,-4.475684,-inf,-inf
1048576,1048576,2097152,0.106,222298,32,256,4096,62,3,-inf,,-6.713526,-inf,-inf
1048576,1048576,2097152,0.106,222298,32,256,4096,62,4,-inf,,-8.951366,-inf,-inf
1048576,1048576,2097152,0.106,222298,32,256,4096,62,5,-inf,,-11.189206,-inf,-inf
1048576,1048576,2097152,0.106,222298,32,256,4096,62,6,-inf,,-13.427045,-inf,-inf
1048576,1048576,2097152,0.106,222298,32,256,4096,62,7,-inf,,-15.664883,-inf,-inf
1048576,1048576,2097152,0.106,222298,32,256,4096,62,8,-inf,,-17.902721,-inf,-inf
1048576,1048576,2097152,0.106,222298,32,256,4096,62,9,-inf,,-20.140558,-inf,-inf
1048576,1048576,2097152,0.106,222298,32,256,4096,62,10,-inf,,-22.378394,-inf,-inf
1048576,1048576,2097152,0.106,222298,32,256,4096,62,11,-inf,,-24.616229,-inf,-inf
1048576,1048576,2097152,0.106,222298,32,256,4096,62,12,-inf,,-26.854064,-inf,-inf
1048576,1048576,2097152,0.106,222298,32,256,4096,62,13,-inf,,-29.091897,-inf,-inf
1048576,1048576,2097152,0.106,222298,32,256,4096,62,14,-inf,,-31.329731,-inf,-inf
1048576,1048576,2097152,0.106,222298,32,256,4096,62,15,-inf,,-33.567563,-inf,-inf
1048576,1048576,2097152,0.106,222298,32,256,4096,62,16,-inf,,-35.805394,-inf,-inf
1048576,1048576,2097152,0.106,222298,32,256,4096,62,17,-inf,,-38.043225,-inf,-inf
1048576,1048576,2097152,0.106,222298,32,256,4096,62,18,-inf,,-40.281055,-inf,-inf
1048576,1048576,2097152,0.106,222298,32,256,4096,62,19,-inf,,-42.518884,-inf,-inf
1048576,1048576,2097152,0.106,222298,32,256,4096,62,20,-inf,,-44.756712,-inf,-inf
1048576,1048576,2097152,0.106,222298,32,256,4096,62,21,-inf,,-46.994540,-inf,-inf
1048576,1048576,2097152,0.106,222298,32,256,4096,62,22,-inf,,-49.232366,-inf,-inf
1048576,1048576,2097152,0.106,222298,32,256,4096,62,23,-inf,,-51.470191,-inf,-inf
1048576,1048576,2097152,0.106,222298,32,256,4096,62,24,-inf,,-53.708016,-inf,-inf
1048576,1048576,2097152,0.106,222298,32,256,4096,62,25,-inf,,-55.945839,-inf,-inf
1048576,1048576,2097152,0.106,222298,32,256,4096,62,26,-inf,,-58.183662,-inf,-inf
1048576,1048576,2097152,0.106,222298,32,256,4096,62,27,-inf,,-60.421483,-inf,-inf
1048576,1048576,2097152,0.106,222298,32,256,4096,62,28,-inf,,-62.659303,-inf,-inf
1048576,1048576,2097152,0.106,222298,32,256,4096,62,29,-inf,,-64.897122,-inf,-inf
1048576,1048576,2097152,0.106,222298,32,256,4096,62,30,-inf,,-67.134939,-inf,-inf
1048576,1048576,2097152,0.106,222298,32,256,4096,62,31,-inf,,-69.372755,-inf,-inf
1048576,1048576,2097152,0.106,222298,32,256,4096,62,32,-inf,,-71.610569,-inf,-inf
1048576,1048576,2097152,0.106,222298,32,256,4096,62,33,-inf,,-73.848382,-inf,-inf
1048576,1048576,2097152,0.106,222298,32,256,4096,62,34,-inf,,-76.086193,-inf,-inf
1048576,1048576,2097152,0.106,222298,32,256,4096,62,35,-inf,,-78.324002,-inf,-inf
1048576,1048576,2097152,0.106,222298,32,256,4096,62,36,-inf,,-80.561808,-inf,-inf
1048576,1048576,2097152,0.106,222298,32,256,4096,62,37,-inf,,-82.799612,-inf,-inf
1048576,1048576,2097152,0.106,222298,32,256,4096,62,38,-inf,,-85.037414,-inf,-inf
1048576,1048576,2097152,0.106,222298,32,256,4096,62,39,-inf,,-87.275213,-inf,-inf
1048576,1048576,2097152,0.106,222298,32,256,4096,62,40,-inf,,-89.513008,-inf,-inf
1048576,1048576,2097152,0.106,222298,32,256,4096,62,41,-inf,,-91.750800,-inf,-inf
1048576,1048576,2097152,0.106,222298,32,256,4096,62,42,-inf,,-93.988588,-inf,-inf
1048576,1048576,2097152,0.106,222298,32,256,4096,62,43,-inf,,-96.226371,-inf,-inf
1048576,1048576,2097152,0.106,222298,32,256,4096,62,44,-inf,,-98.464149,-inf,-inf
1048576,1048576,2097152,0.106,222298,32,256,4096,62,45,-inf,,-100.701922,-inf,-inf
1048576,1048576,2097152,0.106,222298,32,256,4096,62,46,-inf,,-102.939689,-inf,-inf
1048576,1048576,2097152,0.106,222298,32,256,4096,62,47,-inf,,-105.177448,-inf,-inf
1048576,1048576,2097152,0.106,222298,32,256,4096,62,48,-inf,,-107.415200,-inf,-inf
1048576,1048576,2097152,0.106,222298,32,256,4096,62,49,-inf,,-109.652943,-inf,-inf
1048576,1048576,2097152,0.106,222298,32,256,4096,62,50,-inf,,-111.890676,-inf,-inf
1048576,1048576,2097152,0.106,222298,32,256,4096,62,51,-inf,,-114.128398,-inf,-inf
1048576,1048576,2097152,0.106,222298,32,256,4096,62,52,-inf,,-116.366107,-inf,-inf
1048576,1048576,2097152,0.106,222298,32,256,4096,62,53,-inf,,-118.603803,-inf,-inf
1048576,1048576,2097152,0.106,222298,32,256,4096,62,54,-inf,,-120.841482,-inf,-inf
1048576,1048576,2097152,0.106,222298,32,256,4096,62,55,-inf,,-123.079144,-inf,-inf
1048576,1048576,2097152,0.106,222298,32,256,4096,62,56,-inf,,-125.316785,-inf,-inf
1048576,1048576,2097152,0.106,222298,32,256,4096,62,57,-inf,,-127.554404,-inf,-inf
1048576,1048576,2097152,0.106,222298,32,256,4096,62,58,-inf,,-129.791997,-inf,-inf
1048576,1048576,2097152,0.106,222298,32,256,4096,62,59,-inf,,-132.029562,-inf,-inf
1048576,1048576,2097152,0.106,222298,32,256,4096,62,60,-inf,,-134.267094,-inf,-inf
1048576,1048576,2097152,0.106,222298,32,256,4096,62,61,-inf,,-136.504589,-inf,-inf
1048576,1048576,2097152,0.106,222298,32,256,4096,62,62,72.214054,0.352176111989,-138.742043,-66.527988,-66.527988
1048576,1048576,2097152,0.106,222298,32,256,4096,62,63,73.719686,0.352176111989,-140.979450,-67.259765,-65.847968
1048576,1048576,2097152,0.106,222298,32,256,4096,62,64,75.225317,0.352176111989,-143.216806,-67.991489,-65.553625
1048576,1048576,2097152,0.106,222298,32,256,4096,62,65,76.730948,0.352176111989,-145.454102,-68.723154,-65.401582
1048576,1048576,2097152,0.106,222298,32,256,4096,62,66,78.236579,0.352176111989,-147.691331,-69.454753,-65.317193
1048576,1048576,2097152,0.106,222298,32,256,4096,62,67,79.742210,0.352176111989,-149.928486,-70.186277,-65.268652
1048576,1048576,2097152,0.106,222298,32,256,4096,62,68,81.247841,0.352176111989,-152.165557,-70.917716,-65.240185
1048576,1048576,2097152,0.106,222298,32,256,4096,62,69,82.753472,0.352176111989,-154.402533,-71.649061,-65.223305
1048576,1048576,2097152,0.106,222298,32,256,4096,62,70,84.259103,0.352176111989,-156.639403,-72.380300,-65.213232
1048576,1048576,2097152,0.106,222298,32,256,4096,62,71,85.764734,0.352176111989,-158.876152,-73.111418,-65.207197
1048576,1048576,2097152,0.106,222298,32,256,4096,62,72,87.270365,0.352176111989,-161.112767,-73.842402,-65.203573
1048576,1048576,2097152,0.106,222298,32,256,4096,62,73,88.775996,0.352176111989,-163.349231,-74.573235,-65.201394
1048576,1048576,2097152,0.106,222298,32,256,4096,62,74,90.281627,0.352176111989,-165.585524,-75.303897,-65.200082
1048576,1048576,2097152,0.106,222298,32,256,4096,62,75,91.787258,0.352176111989,-167.821627,-76.034369,-65.199292
1048576,1048576,2097152,0.106,222298,32,256,4096,62,76,93.292889,0.352176111989,-170.057515,-76.764626,-65.198816
1048576,1048576,2097152,0.106,222298,32,256,4096,62,77,94.798520,0.352176111989,-172.293162,-77.494642,-65.198529
1048576,1048576,2097152,0.106,222298,32,256,4096,62,78,96.304151,0.352176111989,-174.528540,-78.224389,-65.198356
1048576,1048576,2097152,0.106,222298,32,256,4096,62,79,97.809782,0.352176111989,-176.763616,-78.953833,-65.198252
1048576,1048576,2097152,0.106,222298,32,256,4096,62,80,99.315413,0.352176111989,-178.998353,-79.682940,-65.198189
1048576,1048576,2097152,0.106,222298,32,256,4096,62,81,100.821044,0.352176111989,-181.232711,-80.411667,-65.198151
1048576,1048576,2097152,0.106,222298,32,256,4096,62,82,102.326675,0.352176111989,-183.466646,-81.139971,-65.198128
1048576,1048576,2097152,0.106,222298,32,256,4096,62,83,103.832306,0.352176111989,-185.700107,-81.867800,-65.198114
1048576,1048576,2097152,0.106,222298,32,256,4096,62,84,105.337937,0.352176111989,-187.933039,-82.595102,-65.198106
1048576,1048576,2097152,0.106,222298,32,256,4096,62,85,106.843568,0.352176111989,-190.165381,-83.321813,-65.198101
1048576,1048576,2097152,0.106,222298,32,256,4096,62,86,108.349199,0.352176111989,-192.397066,-84.047867,-65.198098
1048576,1048576,2097152,0.106,222298,32,256,4096,62,87,109.854830,0.352176111989,-194.628018,-84.773188,-65.198096
1048576,1048576,2097152,0.106,222298,32,256,4096,62,88,111.360462,0.352176111989,-196.858157,-85.497695,-65.198095
1048576,1048576,2097152,0.106,222298,32,256,4096,62,89,112.866093,0.352176111989,-199.087391,-86.221298,-65.198094
1048576,1048576,2097152,0.106,222298,32,256,4096,62,90,114.371724,0.352176111989,-201.315623,-86.943900,-65.198094
1048576,1048576,2097152,0.106,222298,32,256,4096,62,91,115.877355,0.352176111989,-203.542744,-87.665390,-65.198094
1048576,1048576,2097152,0.106,222298,32,256,4096,62,92,117.382986,0.352176111989,-205.768640,-88.385654,-65.198093
1048576,1048576,2097152,0.106,222298,32,256,4096,62,93,118.888617,0.352176111989,-207.993180,-89.104563,-65.198093
1048576,1048576,2097152,0.106,222298,32,256,4096,62,94,120.394248,0.352176111989,-210.216231,-89.821983,-65.198093
1048576,1048576,2097152,0.106,222298,32,256,4096,62,95,121.899879,0.352176111989,-212.437643,-90.537765,-65.198093
1048576,1048576,2097152,0.106,222298,32,256,4096,62,96,123.405510,0.352176111989,-214.657262,-91.251753,-65.198093
1048576,1048576,2097152,0.106,222298,32,256,4096,62,97,124.911141,0.352176111989,-216.874919,-91.963778,-65.198093
1048576,1048576,2097152,0.106,222298,32,256,4096,62,98,126.416772,0.352176111989,-219.090440,-92.673668,-65.198093
1048576,1048576,2097152,0.106,222298,32,256,4096,62,99,127.922403,0.352176111989,-221.303637,-93.381234,-65.198093
1048576,1048576,2097152,0.106,222298,32,256,4096,62,100,129.428034,0.352176111989,-223.514322,-94.086288,-65.198093
1048576,1048576,2097152,0.106,222298,32,256,4096,62,101,130.933665,0.352176111989,-225.722292,-94.788627,-65.198093
1048576,1048576,2097152,0.106,222298,32,256,4096,62,102,132.439296,0.352176111989,-227.927350,-95.488054,-65.198093
1048576,1048576,2097152,0.106,222298,32,256,4096,62,103,133.944927,0.352176111989,-230.129288,-96.184361,-65.198093
1048576,1048576,2097152,0.106,222298,32,256,4096,62,104,135.450558,0.352176111989,-232.327903,-96.877345,-65.198093
1048576,1048576,2097152,0.106,222298,32,256,4096,62,105,136.956189,0.352176111989,-234.522998,-97.566809,-65.198093
1048576,1048576,2097152,0.106,222298,32,256,4096,62,106,138.461820,0.352176111989,-236.714376,-98.252556,-65.198093
1048576,1048576,2097152,0.106,222298,32,256,4096,62,107,139.967451,0.352176111989,-238.901855,-98.934404,-65.198093
1048576,1048576,2097152,0.106,222298,32,256,4096,62,108,141.473082,0.352176111989,-241.085269,-99.612187,-65.198093
1048576,1048576,2097152,0.106,222298,32,256,4096,62,109,142.978713,0.352176111989,-243.264462,-100.285748,-65.198093
1048576,1048576,2097152,0.106,222298,32,256,4096,62,110,144.484344,0.352176111989,-245.439303,-100.954959,-65.198093
1048576,1048576,2097152,0.106,222298,32,256,4096,62,111,145.989975,0.352176111989,-247.609688,-101.619713,-65.198093
1048576,1048576,2097152,0.106,222298,32,256,4096,62,112,147.495606,0.352176111989,-249.775532,-102.279926,-65.198093
1048576,1048576,2097152,0.106,222298,32,256,4096,62,113,149.001238,0.352176111989,-251.936783,-102.935546,-65.198093
1048576,1048576,2097152,0.106,222298,32,256,4096,62,114,150.506869,0.352176111989,-254.093421,-103.586552,-65.198093
1048576,1048576,2097152,0.106,222298,32,256,4096,62,115,152.012500,0.352176111989,-256.245448,-104.232948,-65.198093
1048576,1048576,2097152,0.106,222298,32,256,4096,62,116,153.518131,0.352176111989,-258.392905,-104.874774,-65.198093
1048576,1048576,2097152,0.106,222298,32,256,4096,62,117,155.023762,0.352176111989,-260.535860,-105.512098,-65.198093
1048576,1048576,2097152,0.106,222298,32,256,4096,62,118,156.529393,0.352176111989,-262.674404,-106.145011,-65.198093
1048576,1048576,2097152,0.106,222298,32,256,4096,62,119,158.035024,0.352176111989,-264.808660,-106.773636,-65.198093
1048576,1048576,2097152,0.106,222298,32,256,4096,62,120,159.540655,0.352176111989,-266.938772,-107.398117,-65.198093
1048576,1048576,2097152,0.106,222298,32,256,4096,62,121,161.046286,0.352176111989,-269.064898,-108.018612,-65.198093
1048576,1048576,2097152,0.106,222298,32,256,4096,62,122,162.551917,0.352176111989,-271.187219,-108.635302,-65.198093
1048576,1048576,2097152,0.106,222298,32,256,4096,62,123,164.057548,0.352176111989,-273.305926,-109.248378,-65.198093
1048576,1048576,2097152,0.106,222298,32,256,4096,62,124,165.563179,0.352176111989,-275.421216,-109.858037,-65.198093
1048576,1048576,2097152,0.106,222298,32,256,4096,62,125,167.068810,0.352176111989,-277.533295,-110.464485,-65.198093
1048576,1048576,2097152,0.106,222298,32,256,4096,62,126,168.574441,0.352176111989,-279.642372,-111.067931,-65.198093
1048576,1048576,2097152,0.106,222298,32,256,4096,62,127,170.080072,0.352176111989,-281.748651,-111.668579,-65.198093
1048576,1048576,2097152,0.106,222298,32,256,4096,62,128,171.585703,0.352176111989,-283.852337,-112.266634,-65.198093
1048576,1048576,2097152,0.106,222298,32,256,4096,62,129,173.091334,0.352176111989,-285.953631,-112.862297,-65.198093
1048576,1048576,2097152,0.106,222298,32,256,4096,62,130,174.596965,0.352176111989,-288.052724,-113.455758,-65.198093
1048576,1048576,2097152,0.106,222298,32,256,4096,62,131,176.102596,0.352176111989,-290.149799,-114.047203,-65.198093
1048576,1048576,2097152,0.106,222298,32,256,4096,62,132,177.608227,0.352176111989,-292.245035,-114.636808,-65.198093
1048576,1048576,2097152,0.106,222298,32,256,4096,62,133,179.113858,0.352176111989,-294.338595,-115.224737,-65.198093
1048576,1048576,2097152,0.106,222298,32,256,4096,62,134,180.619489,0.352176111989,-296.430636,-115.811146,-65.198093
1048576,1048576,2097152,0.106,222298,32,256,4096,62,135,182.125120,0.352176111989,-298.521304,-116.396183,-65.198093
1048576,1048576,2097152,0.106,222298,32,256,4096,62,136,183.630751,0.352176111989,-300.610733,-116.979982,-65.198093
1048576,1048576,2097152,0.106,222298,32,256,4096,62,137,185.136382,0.352176111989,-302.699049,-117.562667,-65.198093
1048576,1048576,2097152,0.106,222298,32,256,4096,62,138,186.642014,0.352176111989,-304.786369,-118.144355,-65.198093
1048576,1048576,2097152,0.106,222298,32,256,4096,62,139,188.147645,0.352176111989,-306.872797,-118.725152,-65.198093
1048576,1048576,2097152,0.106,222298,32,256,4096,62,140,189.653276,0.352176111989,-308.958431,-119.305155,-65.198093
1048576,1048576,2097152,0.106,222298,32,256,4096,62,141,191.158907,0.352176111989,-311.043360,-119.884453,-65.198093
1048576,1048576,2097152,0.106,222298,32,256,4096,62,142,192.664538,0.352176111989,-313.127665,-120.463127,-65.198093
1048576,1048576,2097152,0.106,222298,32,256,4096,62,143,194.170169,0.352176111989,-315.211418,-121.041250,-65.198093
1048576,1048576,2097152,0.106,222298,32,256,4096,62,144,195.675800,0.352176111989,-317.294688,-121.618888,-65.198093
1048576,1048576,2097152,0.106,222298,32,256,4096,62,145,197.181431,0.352176111989,-319.377534,-122.196103,-65.198093
1048576,1048576,2097152,0.106,222298,32,256,4096,62,146,198.687062,0.352176111989,-321.460010,-122.772948,-65.198093
1048576,1048576,2097152,0.106,222298,32,256,4096,62,147,200.192693,0.352176111989,-323.542166,-123.349473,-65.198093
1048576,1048576,2097152,0.106,222298,32,256,4096,62,148,201.698324,0.352176111989,-325.624045,-123.925721,-65.198093
1048576,1048576,2097152,0.106,222298,32,256,4096,62,149,203.203955,0.352176111989,-327.705688,-124.501733,-65.198093
1048576,1048576,2097152,0.106,222298,32,256,4096,62,150,204.709586,0.352176111989,-329.787131,-125.077545,-65.198093
1048576,1048576,2097152,0.106,222298,32,256,4096,62,151,206.215217,0.352176111989,-331.868404,-125.653187,-65.198093
1048576,1048576,2097152,0.106,222298,32,256,4096,62,152,207.720848,0.352176111989,-333.949538,-126.228690,-65.198093
1048576,1048576,2097152,0.106,222298,32,256,4096,62,153,209.226479,0.352176111989,-336.030557,-126.804078,-65.198093
1048576,1048576,2097152,0.106,222298,32,256,4096,62,154,210.732110,0.352176111989,-338.111485,-127.379375,-65.198093
1048576,1048576,2097152,0.106,222298,32,256,4096,62,155,212.237741,0.352176111989,-340.192342,-127.954601,-65.198093
1048576,1048576,2097152,0.106,222298,32,256,4096,62,156,213.743372,0.352176111989,-342.273146,-128.529774,-65.198093
1048576,1048576,2097152,0.106,222298,32,256,4096,62,157,215.249003,0.352176111989,-344.353915,-129.104911,-65.198093
1048576,1048576,2097152,0.106,222298,32,256,4096,62,158,216.754634,0.352176111989,-346.434661,-129.680026,-65.198093
1048576,1048576,2097152,0.106,222298,32,256,4096,62,159,218.260265,0.352176111989,-348.515398,-130.255132,-65.198093
1048576,1048576,2097152,0.106,222298,32,256,4096,62,160,219.765896,0.352176111989,-350.596137,-130.830241,-65.198093
1048576,1048576,2097152,0.106,222298,32,256,4096,62,161,221.271527,0.352176111989,-352.676889,-131.405362,-65.198093
1048576,1048576,2097152,0.106,222298,32,256,4096,62,162,222.777158,0.352176111989,-354.757663,-131.980504,-65.198093
1048576,1048576,2097152,0.106,222298,32,256,4096,62,163,224.282790,0.352176111989,-356.838466,-132.555676,-65.198093
1048576,1048576,2097152,0.106,222298,32,256,4096,62,164,225.782218,0.395431832347,-358.919305,-133.137087,-65.198093
1048576,1048576,2097152,0.106,222298,32,256,4096,62,165,227.120717,0.395431832347,-361.000187,-133.879470,-65.198093
1048576,1048576,2097152,0.106,222298,32,256,4096,62,166,228.459216,0.395431832347,-363.081117,-134.621901,-65.198093
1048576,1048576,2097152,0.106,222298,32,256,4096,62,167,229.797715,0.395431832347,-365.162100,-135.364385,-65.198093
1048576,1048576,2097152,0.106,222298,32,256,4096,62,168,231.136214,0.395431832347,-367.243139,-136.106925,-65.198093
1048576,1048576,2097152,0.106,222298,32,256,4096,62,169,232.474713,0.395431832347,-369.324239,-136.849526,-65.198093
1048576,1048576,2097152,0.106,222298,32,256,4096,62,170,233.813212,0.395431832347,-371.405403,-137.592191,-65.198093
1048576,1048576,2097152,0.106,222298,32,256,4096,62,171,235.151711,0.395431832347,-373.486633,-138.334922,-65.198093
1048576,1048576,2097152,0.106,222298,32,256,4096,62,172,236.490211,0.395431832347,-375.567932,-139.077721,-65.198093
1048576,1048576,2097152,0.106,222298,32,256,4096,62,173,237.828710,0.395431832347,-377.649301,-139.820592,-65.198093
1048576,1048576,2097152,0.106,222298,32,256,4096,62,174,239.167209,0.395431832347,-379.730743,-140.563534,-65.198093
1048576,1048576,2097152,0.106,222298,32,256,4096,62,175,240.505708,0.395431832347,-381.812258,-141.306551,-65.198093
1048576,1048576,2097152,0.106,222298,32,256,4096,62,176,241.844207,0.395431832347,-383.893849,-142.049642,-65.198093
1048576,1048576,2097152,0.106,222298,32,256,4096,62,177,243.182706,0.395431832347,-385.975515,-142.792809,-65.198093
1048576,1048576,2097152,0.106,222298,32,256,4096,62,178,244.521205,0.395431832347,-388.057258,-143.536053,-65.198093
1048576,1048576,2097152,0.106,222298,32,256,4096,62,179,245.859704,0.395431832347,-390.139078,-144.279374,-65.198093
1048576,1048576,2097152,0.106,222298,32,256,4096,62,180,247.198203,0.395431832347,-392.220977,-145.022773,-65.198093
1048576,1048576,2097152,0.106,222298,32,256,4096,62,181,248.536702,0.395431832347,-394.302953,-145.766251,-65.198093
1048576,1048576,2097152,0.106,222298,32,256,4096,62,182,249.875201,0.395431832347,-396.385007,-146.509806,-65.198093
1048576,1048576,2097152,0.106,222298,32,256,4096,62,183,251.213700,0.395431832347,-398.467140,-147.253440,-65.198093
1048576,1048576,2097152,0.106,222298,32,256,4096,62,184,252.552200,0.395431832347,-400.549352,-147.997152,-65.198093
1048576,1048576,2097152,0.106,222298,32,256,4096,62,185,253.890699,0.395431832347,-402.631641,-148.740943,-65.198093
1048576,1048576,2097152,0.106,222298,32,256,4096,62,186,255.229198,0.395431832347,-404.714009,-149.484812,-65.198093
1048576,1048576,2097152,0.106,222298,32,256,4096,62,187,256.567697,0.395431832347,-406.796455,-150.228759,-65.198093
1048576,1048576,2097152,0.106,222298,32,256,4096,62,188,257.906196,0.395431832347,-408.878979,-150.972783,-65.198093
1048576,1048576,2097152,0.106,222298,32,256,4096,62,189,259.244695,0.395431832347,-410.961581,-151.716886,-65.198093
1048576,1048576,2097152,0.106,222298,32,256,4096,62,190,260.583194,0.395431832347,-413.044259,-152.461065,-65.198093
1048576,1048576,2097152,0.106,222298,32,256,4096,62,191,261.921693,0.395431832347,-415.127014,-153.205321,-65.198093
1048576,1048576,2097152,0.106,222298,32,256,4096,62,192,263.260192,0.395431832347,-417.209846,-153.949654,-65.198093
1048576,1048576,2097152,0.106,222298,32,256,4096,62,193,264.598691,0.395431832347,-419.292754,-154.694062,-65.198093
1048576,1048576,2097152,0.106,222298,32,256,4096,62,194,265.937190,0.395431832347,-421.375737,-155.438546,-65.198093
1048576,1048576,2097152,0.106,222298,32,256,4096,62,195,267.275689,0.395431832347,-423.458795,-156.183105,-65.198093
1048576,1048576,2097152,0.106,222298,32,256,4096,62,196,268.614188,0.395431832347,-425.541927,-156.927739,-65.198093
1048576,1048576,2097152,0.106,222298,32,256,4096,62,197,269.952688,0.395431832347,-427.625134,-157.672446,-65.198093
1048576,1048576,2097152,0.106,222298,32,256,4096,62,198,271.291187,0.395431832347,-429.708413,-158.417227,-65.198093
1048576,1048576,2097152,0.106,222298,32,256,4096,62,199,272.629686,0.395431832347,-431.791766,-159.162080,-65.198093
1048576,1048576,2097152,0.106,222298,32,256,4096,62,200,273.968185,0.395431832347,-433.875191,-159.907006,-65.198093
1048576,1048576,2097152,0.106,222298,32,256,4096,62,201,275.306684,0.395431832347,-435.958688,-160.652004,-65.198093
1048576,1048576,2097152,0.106,222298,32,256,4096,62,202,276.645183,0.395431832347,-438.042256,-161.397073,-65.198093
1048576,1048576,2097152,0.106,222298,32,256,4096,62,203,277.983682,0.395431832347,-440.125895,-162.142213,-65.198093
1048576,1048576,2097152,0.106,222298,32,256,4096,62,204,279.322181,0.395431832347,-442.209604,-162.887423,-65.198093
1048576,1048576,2097152,0.106,222298,32,256,4096,62,205,280.660680,0.395431832347,-444.293383,-163.632703,-65.198093
1048576,1048576,2097152,0.106,222298,32,256,4096,62,206,281.999179,0.395431832347,-446.377230,-164.378051,-65.198093
1048576,1048576,2097152,0.106,222298,32,256,4096,62,207,283.337678,0.395431832347,-448.461146,-165.123468,-65.198093
1048576,1048576,2097152,0.106,222298,32,256,4096,62,208,284.676177,0.395431832347,-450.545130,-165.868953,-65.198093
1048576,1048576,2097152,0.106,222298,32,256,4096,62,209,286.014677,0.395431832347,-452.629181,-166.614505,-65.198093
1048576,1048576,2097152,0.106,222298,32,256,4096,62,210,287.353176,0.395431832347,-454.713299,-167.360124,-65.198093
1048576,1048576,2097152,0.106,222298,32,256,4096,62,211,288.691675,0.395431832347,-456.797483,-168.105809,-65.198093
1048576,1048576,2097152,0.106,222298,32,256,4096,62,212,290.030174,0.395431832347,-458.881733,-168.851559,-65.198093
1048576,1048576,2097152,0.106,222298,32,256,4096,62,213,291.368673,0.395431832347,-460.966048,-169.597375,-65.198093
1048576,1048576,2097152,0.106,222298,32,256,4096,62,214,292.707172,0.395431832347,-463.050428,-170.343256,-65.198093
1048576,1048576,2097152,0.106,222298,32,256,4096,62,215,294.045671,0.395431832347,-465.134871,-171.089200,-65.198093
1048576,1048576,2097152,0.106,222298,32,256,4096,62,216,295.384170,0.395431832347,-467.219378,-171.835208,-65.198093
1048576,1048576,2097152,0.106,222298,32,256,4096,62,217,296.722669,0.395431832347,-469.303948,-172.581279,-65.198093
1048576,1048576,2097152,0.106,222298,32,256,4096,62,218,298.061168,0.395431832347,-471.388581,-173.327412,-65.198093
1048576,1048576,2097152,0.106,222298,32,256,4096,62,219,299.399667,0.395431832347,-473.473275,-174.073607,-65.198093
1048576,1048576,2097152,0.106,222298,32,256,4096,62,220,300.738166,0.395431832347,-475.558031,-174.819864,-65.198093
1048576,1048576,2097152,0.106,222298,32,256,4096,64,1,-inf,,-2.237843,-inf,-inf
1048576,1048576,2097152,0.106,222298,32,256,4096,64,2,-inf,,-4.475684,-inf,-inf
1048576,1048576,2097152,0.106,222298,32,256,4096,64,3,-inf,,-6.713526,-inf,-inf
1048576,1048576,2097152,0.106,222298,32,256,4096,64,4,-inf,,-8.951366,-inf,-inf
1048576,1048576,2097152,0.106,222298,32,256,4096,64,5,-inf,,-11.189206,-inf,-inf
1048576,1048576,2097152,0.106,222298,32,256,4096,64,6,-inf,,-13.427045,-inf,-inf
1048576,1048576,2097152,0.106,222298,32,256,4096,64,7,-inf,,-15.664883,-inf,-inf
1048576,1048576,2097152,0.106,222298,32,256,4096,64,8,-inf,,-17.902721,-inf,-inf
1048576,1048576,2097152,0.106,222298,32,256,4096,64,9,-inf,,-20.140558,-inf,-inf
1048576,1048576,2097152,0.106,222298,32,256,4096,64,10,-inf,,-22.378394,-inf,-inf
1048576,1048576,2097152,0.106,222298,32,256,4096,64,11,-inf,,-24.616229,-inf,-inf
1048576,1048576,2097152,0.106,222298,32,256,4096,64,12,-inf,,-26.854064,-inf,-inf
1048576,1048576,2097152,0.106,222298,32,256,4096,64,13,-inf,,-29.091897,-inf,-inf
1048576,1048576,2097152,0.106,222298,32,256,4096,64,14,-inf,,-31.329731,-inf,-inf
1048576,1048576,2097152,0.106,222298,32,256,4096,64,15,-inf,,-33.567563,-inf,-inf
1048576,1048576,2097152,0.106,222298,32,256,4096,64,16,-inf,,-35.805394,-inf,-inf
1048576,1048576,2097152,0.106,222298,32,256,4096,64,17,-inf,,-38.043225,-inf,-inf
1048576,1048576,2097152,0.106,222298,32,256,4096,64,18,-inf,,-40.281055,-inf,-inf
1048576,1048576,2097152,0.106,222298,32,256,4096,64,19,-inf,,-42.518884,-inf,-inf
1048576,1048576,2097152,0.106,222298,32,256,4096,64,20,-inf,,-44.756712,-inf,-inf
1048576,1048576,2097152,0.106,222298,32,256,4096,64,21,-inf,,-46.994540,-inf,-inf
1048576,1048576,2097152,0.106,222298,32,256,4096,64,22,-inf,,-49.232366,-inf,-inf
1048576,1048576,2097152,0.106,222298,32,256,4096,64,23,-inf,,-51.470191,-inf,-inf
1048576,1048576,2097152,0.106,222298,32,256,4096,64,24,-inf,,-53.708016,-inf,-inf
1048576,1048576,2097152,0.106,222298,32,256,4096,64,25,-inf,,-55.945839,-inf,-inf
1048576,1048576,2097152,0.106,222298,32,256,4096,64,26,-inf,,-58.183662,-inf,-inf
1048576,1048576,2097152,0.106,222298,32,256,4096,64,27,-inf,,-60.421483,-inf,-inf
1048576,1048576,2097152,0.106,222298,32,256,4096,64,28,-inf,,-62.659303,-inf,-inf
1048576,1048576,2097152,0.106,222298,32,256,4096,64,29,-inf,,-64.897122,-inf,-inf
1048576,1048576,2097152,0.106,222298,32,256,4096,64,30,-inf,,-67.134939,-inf,-inf
1048576,1048576,2097152,0.106,222298,32,256,4096,64,31,-inf,,-69.372755,-inf,-inf
1048576,1048576,2097152,0.106,222298,32,256,4096,64,32,-inf,,-71.610569,-inf,-inf
1048576,1048576,2097152,0.106,222298,32,256,4096,64,33,-inf,,-73.848382,-inf,-inf
1048576,1048576,2097152,0.106,222298,32,256,4096,64,34,-inf,,-76.086193,-inf,-inf
1048576,1048576,2097152,0.106,222298,32,256,4096,64,35,-inf,,-78.324002,-inf,-inf
1048576,1048576,2097152,0.106,222298,32,256,4096,64,36,-inf,,-80.561808,-inf,-inf
1048576,1048576,2097152,0.106,222298,32,256,4096,64,37,-inf,,-82.799612,-inf,-inf
1048576,1048576,2097152,0.106,222298,32,256,4096,64,38,-inf,,-85.037414,-inf,-inf
1048576,1048576,2097152,0.106,222298,32,256,4096,64,39,-inf,,-87.275213,-inf,-inf
1048576,1048576,2097152,0.106,222298,32,256,4096,64,40,-inf,,-89.513008,-inf,-inf
1048576,1048576,2097152,0.106,222298,32,256,4096,64,41,-inf,,-91.750800,-inf,-inf
1048576,1048576,2097152,0.106,222298,32,256,4096,64,42,-inf,,-93.988588,-inf,-inf
1048576,1048576,2097152,0.106,222298,32,256,4096,64,43,-inf,,-96.226371,-inf,-inf
1048576,1048576,2097152,0.106,222298,32,256,4096,64,44,-inf,,-98.464149,-inf,-inf
1048576,1048576,2097152,0.106,222298,32,256,4096,64,45,-inf,,-100.701922,-inf,-inf
1048576,1048576,2097152,0.106,222298,32,256,4096,64,46,-inf,,-102.939689,-inf,-inf
1048576,1048576,2097152,0.106,222298,32,256,4096,64,47,-inf,,-105.177448,-inf,-inf
1048576,1048576,2097152,0.106,222298,32,256,4096,64,48,-inf,,-107.415200,-inf,-inf
1048576,1048576,2097152,0.106,222298,32,256,4096,64,49,-inf,,-109.652943,-inf,-inf
1048576,1048576,2097152,0.106,222298,32,256,4096,64,50,-inf,,-111.890676,-inf,-inf
1048576,1048576,2097152,0.106,222298,32,256,4096,64,51,-inf,,-114.128398,-inf,-inf
1048576,1048576,2097152,0.106,222298,32,256,4096,64,52,-inf,,-116.366107,-inf,-inf
1048576,1048576,2097152,0.106,222298,32,256,4096,64,53,-inf,,-118.603803,-inf,-inf
1048576,1048576,2097152,0.106,222298,32,256,4096,64,54,-inf,,-120.841482,-inf,-inf
1048576,1048576,2097152,0.106,222298,32,256,4096,64,55,-inf,,-123.079144,-inf,-inf
1048576,1048576,2097152,0.106,222298,32,256,4096,64,56,-inf,,-125.316785,-inf,-inf
1048576,1048576,2097152,0.106,222298,32,256,4096,64,57,-inf,,-127.554404,-inf,-inf
1048576,1048576,2097152,0.106,222298,32,256,4096,64,58,-inf,,-129.791997,-inf,-inf
1048576,1048576,2097152,0.106,222298,32,256,4096,64,59,-inf,,-132.029562,-inf,-inf
1048576,1048576,2097152,0.106,222298,32,256,4096,64,60,-inf,,-134.267094,-inf,-inf
1048576,1048576,2097152,0.106,222298,32,256,4096,64,61,-inf,,-136.504589,-inf,-inf
1048576,1048576,2097152,0.106,222298,32,256,4096,64,62,-inf,,-138.742043,-inf,-inf
1048576,1048576,2097152,0.106,222298,32,256,4096,64,63,-inf,,-140.979450,-inf,-inf
1048576,1048576,2097152,0.106,222298,32,256,4096,64,64,75.225317,0.352176111989,-143.216806,-67.991489,-67.991489
1048576,1048576,2097152,0.106,222298,32,256,4096,64,65,76.730948,0.352176111989,-145.454102,-68.723154,-67.311427
1048576,1048576,2097152,0.106,222298,32,256,4096,64,66,78.236579,0.352176111989,-147.691331,-69.454753,-67.017048
1048576,1048576,2097152,0.106,222298,32,256,4096,64,67,79.742210,0.352176111989,-149.928486,-70.186277,-66.864975
1048576,1048576,2097152,0.106,222298,32,256,4096,64,68,81.247841,0.352176111989,-152.165557,-70.917716,-66.780562
1048576,1048576,2097152,0.106,222298,32,256,4096,64,69,82.753472,0.352176111989,-154.402533,-71.649061,-66.732001
1048576,1048576,2097152,0.106,222298,32,256,4096,64,70,84.259103,0.352176111989,-156.639403,-72.380300,-66.703519
1048576,1048576,2097152,0.106,222298,32,256,4096,64,71,85.764734,0.352176111989,-158.876152,-73.111418,-66.686628
1048576,1048576,2097152,0.106,222298,32,256,4096,64,72,87.270365,0.352176111989,-161.112767,-73.842402,-66.676546
1048576,1048576,2097152,0.106,222298,32,256,4096,64,73,88.775996,0.352176111989,-163.349231,-74.573235,-66.670505
1048576,1048576,2097152,0.106,222298,32,256,4096,64,74,90.281627,0.352176111989,-165.585524,-75.303897,-66.666876
1048576,1048576,2097152,0.106,222298,32,256,4096,64,75,91.787258,0.352176111989,-167.821627,-76.034369,-66.664694
1048576,1048576,2097152,0.106,222298,32,256,4096,64,76,93.292889,0.352176111989,-170.057515,-76.764626,-66.663380
1048576,1048576,2097152,0.106,222298,32,256,4096,64,77,94.798520,0.352176111989,-172.293162,-77.494642,-66.662588
1048576,1048576,2097152,0.106,222298,32,256,4096,64,78,96.304151,0.352176111989,-174.528540,-78.224389,-66.662111
1048576,1048576,2097152,0.106,222298,32,256,4096,64,79,97.809782,0.352176111989,-176.763616,-78.953833,-66.661823
1048576,1048576,2097152,0.106,222298,32,256,4096,64,80,99.315413,0.352176111989,-178.998353,-79.682940,-66.661650
1048576,1048576,2097152,0.106,222298,32,256,4096,64,81,100.821044,0.352176111989,-181.232711,-80.411667,-66.661545
1048576,1048576,2097152,0.106,222298,32,256,4096,64,82,102.326675,0.352176111989,-183.466646,-81.139971,-66.661482
1048576,1048576,2097152,0.106,222298,32,256,4096,64,83,103.832306,0.352176111989,-185.700107,-81.867800,-66.661444
1048576,1048576,2097152,0.106,222298,32,256,4096,64,84,105.337937,0.352176111989,-187.933039,-82.595102,-66.661421
1048576,1048576,2097152,0.106,222298,32,256,4096,64,85,106.843568,0.352176111989,-190.165381,-83.321813,-66.661407
1048576,1048576,2097152,0.106,222298,32,256,4096,64,86,108.349199,0.352176111989,-192.397066,-84.047867,-66.661398
1048576,1048576,2097152,0.106,222298,32,256,4096,64,87,109.854830,0.352176111989,-194.628018,-84.773188,-66.661393
1048576,1048576,2097152,0.106,222298,32,256,4096,64,88,111.360462,0.352176111989,-196.858157,-85.497695,-66.661390
1048576,1048576,2097152,0.106,222298,32,256,4096,64,89,112.866093,0.352176111989,-199.087391,-86.221298,-66.661388
1048576,1048576,2097152,0.106,222298,32,256,4096,64,90,114.371724,0.352176111989,-201.315623,-86.943900,-66.661387
1048576,1048576,2097152,0.106,222298,32,256,4096,64,91,115.877355,0.352176111989,-203.542744,-87.665390,-66.661386
1048576,1048576,2097152,0.106,222298,32,256,4096,64,92,117.382986,0.352176111989,-205.768640,-88.385654,-66.661386
1048576,1048576,2097152,0.106,222298,32,256,4096,64,93,118.888617,0.352176111989,-207.993180,-89.104563,-66.661386
1048576,1048576,2097152,0.106,222298,32,256,4096,64,94,120.394248,0.352176111989,-210.216231,-89.821983,-66.661386
1048576,1048576,2097152,0.106,222298,32,256,4096,64,95,121.899879,0.352176111989,-212.437643,-90.537765,-66.661386
1048576,1048576,2097152,0.106,222298,32,256,4096,64,96,123.405510,0.352176111989,-214.657262,-91.251753,-66.661386
1048576,1048576,2097152,0.106,222298,32,256,4096,64,97,124.911141,0.352176111989,-216.874919,-91.963778,-66.661385
1048576,1048576,2097152,0.106,222298,32,256,4096,64,98,126.416772,0.352176111989,-219.090440,-92.673668,-66.661385
1048576,1048576,2097152,0.106,222298,32,256,4096,64,99,127.922403,0.352176111989,-221.303637,-93.381234,-66.661385
1048576,1048576,2097152,0.106,222298,32,256,4096,64,100,129.428034,0.352176111989,-223.514322,-94.086288,-66.661385
1048576,1048576,2097152,0.106,222298,32,256,4096,64,101,130.933665,0.352176111989,-225.722292,-94.788627,-66.661385
1048576,1048576,2097152,0.106,222298,32,256,4096,64,102,132.439296,0.352176111989,-227.927350,-95.488054,-66.661385
1048576,1048576,2097152,0.106,222298,32,256,4096,64,103,133.944927,0.352176111989,-230.129288,-96.184361,-66.661385
1048576,1048576,2097152,0.106,222298,32,256,4096,64,104,135.450558,0.352176111989,-232.327903,-96.877345,-66.661385
1048576,1048576,2097152,0.106,222298,32,256,4096,64,105,136.956189,0.352176111989,-234.522998,-97.566809,-66.661385
1048576,1048576,2097152,0.106,222298,32,256,4096,64,106,138.461820,0.352176111989,-236.714376,-98.252556,-66.661385
1048576,1048576,2097152,0.106,222298,32,256,4096,64,107,139.967451,0.352176111989,-238.901855,-98.934404,-66.661385
1048576,1048576,2097152,0.106,222298,32,256,4096,64,108,141.473082,0.352176111989,-241.085269,-99.612187,-66.661385
1048576,1048576,2097152,0.106,222298,32,256,4096,64,109,142.978713,0.352176111989,-243.264462,-100.285748,-66.661385
1048576,1048576,2097152,0.106,222298,32,256,4096,64,110,144.484344,0.352176111989,-245.439303,-100.954959,-66.661385
1048576,1048576,2097152,0.106,222298,32,256,4096,64,111,145.989975,0.352176111989,-247.609688,-101.619713,-66.661385
1048576,1048576,2097152,0.106,222298,32,256,4096,64,112,147.495606,0.352176111989,-249.775532,-102.279926,-66.661385
1048576,1048576,2097152,0.106,222298,32,256,4096,64,113,149.001238,0.352176111989,-251.936783,-102.935546,-66.661385
1048576,1048576,2097152,0.106,222298,32,256,4096,64,114,150.506869,0.352176111989,-254.093421,-103.586552,-66.661385
1048576,1048576,2097152,0.106,222298,32,256,4096,64,115,152.012500,0.352176111989,-256.245448,-104.232948,-66.661385
1048576,1048576,2097152,0.106,222298,32,256,4096,64,116,153.518131,0.352176111989,-258.392905,-104.874774,-66.661385
1048576,1048576,2097152,0.106,222298,32,256,4096,64,117,155.023762,0.352176111989,-260.535860,-105.512098,-66.661385
1048576,1048576,2097152,0.106,222298,32,256,4096,64,118,156.529393,0.352176111989,-262.674404,-106.145011,-66.661385
1048576,1048576,2097152,0.106,222298,32,256,4096,64,119,158.035024,0.352176111989,-264.808660,-106.773636,-66.661385
1048576,1048576,2097152,0.106,222298,32,256,4096,64,120,159.540655,0.352176111989,-266.938772,-107.398117,-66.661385
1048576,1048576,2097152,0.106,222298,32,256,4096,64,121,161.046286,0.352176111989,-269.064898,-108.018612,-66.661385
1048576,1048576,2097152,0.106,222298,32,256,4096,64,122,162.551917,0.352176111989,-271.187219,-108.635302,-66.661385
1048576,1048576,2097152,0.106,222298,32,256,4096,64,123,164.057548,0.352176111989,-273.305926,-109.248378,-66.661385
1048576,1048576,2097152,0.106,222298,32,256,4096,64,124,165.563179,0.352176111989,-275.421216,-109.858037,-66.661385
1048576,1048576,2097152,0.106,222298,32,256,4096,64,125,167.068810,0.352176111989,-277.533295,-110.464485,-66.661385
1048576,1048576,2097152,0.106,222298,32,256,4096,64,126,168.574441,0.352176111989,-279.642372,-111.067931,-66.661385
1048576,1048576,2097152,0.106,222298,32,256,4096,64,127,170.080072,0.352176111989,-281.748651,-111.668579,-66.661385
1048576,1048576,2097152,0.106,222298,32,256,4096,64,128,171.585703,0.352176111989,-283.852337,-112.266634,-66.661385
1048576,1048576,2097152,0.106,222298,32,256,4096,64,129,173.091334,0.352176111989,-285.953631,-112.862297,-66.661385
1048576,1048576,2097152,0.106,222298,32,256,4096,64,130,174.596965,0.352176111989,-288.052724,-113.455758,-66.661385
1048576,1048576,2097152,0.106,222298,32,256,4096,64,131,176.102596,0.352176111989,-290.149799,-114.047203,-66.661385
1048576,1048576,2097152,0.106,222298,32,256,4096,64,132,177.608227,0.352176111989,-292.245035,-114.636808,-66.661385
1048576,1048576,2097152,0.106,222298,32,256,4096,64,133,179.113858,0.352176111989,-294.338595,-115.224737,-66.661385
1048576,1048576,2097152,0.106,222298,32,256,4096,64,134,180.619489,0.352176111989,-296.430636,-115.811146,-66.661385
1048576,1048576,2097152,0.106,222298,32,256,4096,64,135,182.125120,0.352176111989,-298.521304,-116.396183,-66.661385
1048576,1048576,2097152,0.106,222298,32,256,4096,64,136,183.630751,0.352176111989,-300.610733,-116.979982,-66.661385
1048576,1048576,2097152,0.106,222298,32,256,4096,64,137,185.136382,0.352176111989,-302.699049,-117.562667,-66.661385
1048576,1048576,2097152,0.106,222298,32,256,4096,64,138,186.642014,0.352176111989,-304.786369,-118.144355,-66.661385
1048576,1048576,2097152,0.106,222298,32,256,4096,64,139,188.147645,0.352176111989,-306.872797,-118.725152,-66.661385
1048576,1048576,2097152,0.106,222298,32,256,4096,64,140,189.653276,0.352176111989,-308.958431,-119.305155,-66.661385
1048576,1048576,2097152,0.106,222298,32,256,4096,64,141,191.158907,0.352176111989,-311.043360,-119.884453,-66.661385
1048576,1048576,2097152,0.106,222298,32,256,4096,64,142,192.664538,0.352176111989,-313.127665,-120.463127,-66.661385
1048576,1048576,2097152,0.106,222298,32,256,4096,64,143,194.170169,0.352176111989,-315.211418,-121.041250,-66.661385
1048576,1048576,2097152,0.106,222298,32,256,4096,64,144,195.675800,0.352176111989,-317.294688,-121.618888,-66.661385
1048576,1048576,2097152,0.106,222298,32,256,4096,64,145,197.181431,0.352176111989,-319.377534,-122.196103,-66.661385
1048576,1048576,2097152,0.106,222298,32,256,4096,64,146,198.687062,0.352176111989,-321.460010,-122.772948,-66.661385
1048576,1048576,2097152,0.106,222298,32,256,4096,64,147,200.192693,0.352176111989,-323.542166,-123.349473,-66.661385
1048576,1048576,2097152,0.106,222298,32,256,4096,64,148,201.698324,0.352176111989,-325.624045,-123.925721,-66.661385
1048576,1048576,2097152,0.106,222298,32,256,4096,64,149,203.203955,0.352176111989,-327.705688,-124.501733,-66.661385
1048576,1048576,2097152,0.106,222298,32,256,4096,64,150,204.709586,0.352176111989,-329.787131,-125.077545,-66.661385
1048576,1048576,2097152,0.106,222298,32,256,4096,64,151,206.215217,0.352176111989,-331.868404,-125.653187,-66.661385
1048576,1048576,2097152,0.106,222298,32,256,4096,64,152,207.720848,0.352176111989,-333.949538,-126.228690,-66.661385
1048576,1048576,2097152,0.106,222298,32,256,4096,64,153,209.226479,0.352176111989,-336.030557,-126.804078,-66.661385
1048576,1048576,2097152,0.106,222298,32,256,4096,64,154,210.732110,0.352176111989,-338.111485,-127.379375,-66.661385
1048576,1048576,2097152,0.106,222298,32,256,4096,64,155,212.237741,0.352176111989,-340.192342,-127.954601,-66.661385
1048576,1048576,2097152,0.106,222298,32,256,4096,64,156,213.743372,0.352176111989,-342.273146,-128.529774,-66.661385
1048576,1048576,2097152,0.106,222298,32,256,4096,64,157,215.249003,0.352176111989,-344.353915,-129.104911,-66.661385
1048576,1048576,2097152,0.106,222298,32,256,4096,64,158,216.754634,0.352176111989,-346.434661,-129.680026,-66.661385
1048576,1048576,2097152,0.106,222298,32,256,4096,64,159,218.260265,0.352176111989,-348.515398,-130.255132,-66.661385
1048576,1048576,2097152,0.106,222298,32,256,4096,64,160,219.765896,0.352176111989,-350.596137,-130.830241,-66.661385
1048576,1048576,2097152,0.106,222298,32,256,4096,64,161,221.271527,0.352176111989,-352.676889,-131.405362,-66.661385
1048576,1048576,2097152,0.106,222298,32,256,4096,64,162,222.777158,0.352176111989,-354.757663,-131.980504,-66.661385
1048576,1048576,2097152,0.106,222298,32,256,4096,64,163,224.282790,0.352176111989,-356.838466,-132.555676,-66.661385
1048576,1048576,2097152,0.106,222298,32,256,4096,64,164,225.782218,0.395431832347,-358.919305,-133.137087,-66.661385
1048576,1048576,2097152,0.106,222298,32,256,4096,64,165,227.120717,0.395431832347,-361.000187,-133.879470,-66.661385
1048576,1048576,2097152,0.106,222298,32,256,4096,64,166,228.459216,0.395431832347,-363.081117,-134.621901,-66.661385
1048576,1048576,2097152,0.106,222298,32,256,4096,64,167,229.797715,0.395431832347,-365.162100,-135.364385,-66.661385
1048576,1048576,2097152,0.106,222298,32,256,4096,64,168,231.136214,0.395431832347,-367.243139,-136.106925,-66.661385
1048576,1048576,2097152,0.106,222298,32,256,4096,64,169,232.474713,0.395431832347,-369.324239,-136.849526,-66.661385
1048576,1048576,2097152,0.106,222298,32,256,4096,64,170,233.813212,0.395431832347,-371.405403,-137.592191,-66.661385
1048576,1048576,2097152,0.106,222298,32,256,4096,64,171,235.151711,0.395431832347,-373.486633,-138.334922,-66.661385
1048576,1048576,2097152,0.106,222298,32,256,4096,64,172,236.490211,0.395431832347,-375.567932,-139.077721,-66.661385
1048576,1048576,2097152,0.106,222298,32,256,4096,64,173,237.828710,0.395431832347,-377.649301,-139.820592,-66.661385
1048576,1048576,2097152,0.106,222298,32,256,4096,64,174,239.167209,0.395431832347,-379.730743,-140.563534,-66.661385
1048576,1048576,2097152,0.106,222298,32,256,4096,64,175,240.505708,0.395431832347,-381.812258,-141.306551,-66.661385
1048576,1048576,2097152,0.106,222298,32,256,4096,64,176,241.844207,0.395431832347,-383.893849,-142.049642,-66.661385
1048576,1048576,2097152,0.106,222298,32,256,4096,64,177,243.182706,0.395431832347,-385.975515,-142.792809,-66.661385
1048576,1048576,2097152,0.106,222298,32,256,4096,64,178,244.521205,0.395431832347,-388.057258,-143.536053,-66.661385
1048576,1048576,2097152,0.106,222298,32,256,4096,64,179,245.859704,0.395431832347,-390.139078,-144.279374,-66.661385
1048576,1048576,2097152,0.106,222298,32,256,4096,64,180,247.198203,0.395431832347,-392.220977,-145.022773,-66.661385
1048576,1048576,2097152,0.106,222298,32,256,4096,64,181,248.536702,0.395431832347,-394.302953,-145.766251,-66.661385
1048576,1048576,2097152,0.106,222298,32,256,4096,64,182,249.875201,0.395431832347,-396.385007,-146.509806,-66.661385
1048576,1048576,2097152,0.106,222298,32,256,4096,64,183,251.213700,0.395431832347,-398.467140,-147.253440,-66.661385
1048576,1048576,2097152,0.106,222298,32,256,4096,64,184,252.552200,0.395431832347,-400.549352,-147.997152,-66.661385
1048576,1048576,2097152,0.106,222298,32,256,4096,64,185,253.890699,0.395431832347,-402.631641,-148.740943,-66.661385
1048576,1048576,2097152,0.106,222298,32,256,4096,64,186,255.229198,0.395431832347,-404.714009,-149.484812,-66.661385
1048576,1048576,2097152,0.106,222298,32,256,4096,64,187,256.567697,0.395431832347,-406.796455,-150.228759,-66.661385
1048576,1048576,2097152,0.106,222298,32,256,4096,64,188,257.906196,0.395431832347,-408.878979,-150.972783,-66.661385
1048576,1048576,2097152,0.106,222298,32,256,4096,64,189,259.244695,0.395431832347,-410.961581,-151.716886,-66.661385
1048576,1048576,2097152,0.106,222298,32,256,4096,64,190,260.583194,0.395431832347,-413.044259,-152.461065,-66.661385
1048576,1048576,2097152,0.106,222298,32,256,4096,64,191,261.921693,0.395431832347,-415.127014,-153.205321,-66.661385
1048576,1048576,2097152,0.106,222298,32,256,4096,64,192,263.260192,0.395431832347,-417.209846,-153.949654,-66.661385
1048576,1048576,2097152,0.106,222298,32,256,4096,64,193,264.598691,0.395431832347,-419.292754,-154.694062,-66.661385
1048576,1048576,2097152,0.106,222298,32,256,4096,64,194,265.937190,0.395431832347,-421.375737,-155.438546,-66.661385
1048576,1048576,2097152,0.106,222298,32,256,4096,64,195,267.275689,0.395431832347,-423.458795,-156.183105,-66.661385
1048576,1048576,2097152,0.106,222298,32,256,4096,64,196,268.614188,0.395431832347,-425.541927,-156.927739,-66.661385
1048576,1048576,2097152,0.106,222298,32,256,4096,64,197,269.952688,0.395431832347,-427.625134,-157.672446,-66.661385
1048576,1048576,2097152,0.106,222298,32,256,4096,64,198,271.291187,0.395431832347,-429.708413,-158.417227,-66.661385
1048576,1048576,2097152,0.106,222298,32,256,4096,64,199,272.629686,0.395431832347,-431.791766,-159.162080,-66.661385
1048576,1048576,2097152,0.106,222298,32,256,4096,64,200,273.968185,0.395431832347,-433.875191,-159.907006,-66.661385
1048576,1048576,2097152,0.106,222298,32,256,4096,64,201,275.306684,0.395431832347,-435.958688,-160.652004,-66.661385
1048576,1048576,2097152,0.106,222298,32,256,4096,64,202,276.645183,0.395431832347,-438.042256,-161.397073,-66.661385
1048576,1048576,2097152,0.106,222298,32,256,4096,64,203,277.983682,0.395431832347,-440.125895,-162.142213,-66.661385
1048576,1048576,2097152,0.106,222298,32,256,4096,64,204,279.322181,0.395431832347,-442.209604,-162.887423,-66.661385
1048576,1048576,2097152,0.106,222298,32,256,4096,64,205,280.660680,0.395431832347,-444.293383,-163.632703,-66.661385
1048576,1048576,2097152,0.106,222298,32,256,4096,64,206,281.999179,0.395431832347,-446.377230,-164.378051,-66.661385
1048576,1048576,2097152,0.106,222298,32,256,4096,64,207,283.337678,0.395431832347,-448.461146,-165.123468,-66.661385
1048576,1048576,2097152,0.106,222298,32,256,4096,64,208,284.676177,0.395431832347,-450.545130,-165.868953,-66.661385
1048576,1048576,2097152,0.106,222298,32,256,4096,64,209,286.014677,0.395431832347,-452.629181,-166.614505,-66.661385
1048576,1048576,2097152,0.106,222298,32,256,4096,64,210,287.353176,0.395431832347,-454.713299,-167.360124,-66.661385
1048576,1048576,2097152,0.106,222298,32,256,4096,64,211,288.691675,0.395431832347,-456.797483,-168.105809,-66.661385
1048576,1048576,2097152,0.106,222298,32,256,4096,64,212,290.030174,0.395431832347,-458.881733,-168.851559,-66.661385
1048576,1048576,2097152,0.106,222298,32,256,4096,64,213,291.368673,0.395431832347,-460.966048,-169.597375,-66.661385
1048576,1048576,2097152,0.106,222298,32,256,4096,64,214,292.707172,0.395431832347,-463.050428,-170.343256,-66.661385
1048576,1048576,2097152,0.106,222298,32,256,4096,64,215,294.045671,0.395431832347,-465.134871,-171.089200,-66.661385
1048576,1048576,2097152,0.106,222298,32,256,4096,64,216,295.384170,0.395431832347,-467.219378,-171.835208,-66.661385
1048576,1048576,2097152,0.106,222298,32,256,4096,64,217,296.722669,0.395431832347,-469.303948,-172.581279,-66.661385
1048576,1048576,2097152,0.106,222298,32,256,4096,64,218,298.061168,0.395431832347,-471.388581,-173.327412,-66.661385
1048576,1048576,2097152,0.106,222298,32,256,4096,64,219,299.399667,0.395431832347,-473.473275,-174.073607,-66.661385
1048576,1048576,2097152,0.106,222298,32,256,4096,64,220,300.738166,0.395431832347,-475.558031,-174.819864,-66.661385
1048576,1048576,2097152,0.106,222298,32,256,4096,66,1,-inf,,-2.237843,-inf,-inf
1048576,1048576,2097152,0.106,222298,32,256,4096,66,2,-inf,,-4.475684,-inf,-inf
1048576,1048576,2097152,0.106,222298,32,256,4096,66,3,-inf,,-6.713526,-inf,-inf
1048576,1048576,2097152,0.106,222298,32,256,4096,66,4,-inf,,-8.951366,-inf,-inf
1048576,1048576,2097152,0.106,222298,32,256,4096,66,5,-inf,,-11.189206,-inf,-inf
1048576,1048576,2097152,0.106,222298,32,256,4096,66,6,-inf,,-13.427045,-inf,-inf
1048576,1048576,2097152,0.106,222298,32,256,4096,66,7,-inf,,-15.664883,-inf,-inf
1048576,1048576,2097152,0.106,222298,32,256,4096,66,8,-inf,,-17.902721,-inf,-inf
1048576,1048576,2097152,0.106,222298,32,256,4096,66,9,-inf,,-20.140558,-inf,-inf
1048576,1048576,2097152,0.106,222298,32,256,4096,66,10,-inf,,-22.378394,-inf,-inf
1048576,1048576,2097152,0.106,222298,32,256,4096,66,11,-inf,,-24.616229,-inf,-inf
1048576,1048576,2097152,0.106,222298,32,256,4096,66,12,-inf,,-26.854064,-inf,-inf
1048576,1048576,2097152,0.106,222298,32,256,4096,66,13,-inf,,-29.091897,-inf,-inf
1048576,1048576,2097152,0.106,222298,32,256,4096,66,14,-inf,,-31.329731,-inf,-inf
1048576,1048576,2097152,0.106,222298,32,256,4096,66,15,-inf,,-33.567563,-inf,-inf
1048576,1048576,2097152,0.106,222298,32,256,4096,66,16,-inf,,-35.805394,-inf,-inf
1048576,1048576,2097152,0.106,222298,32,256,4096,66,17,-inf,,-38.043225,-inf,-inf
1048576,1048576,2097152,0.106,222298,32,256,4096,66,18,-inf,,-40.281055,-inf,-inf
1048576,1048576,2097152,0.106,222298,32,256,4096,66,19,-inf,,-42.518884,-inf,-inf
1048576,1048576,2097152,0.106,222298,32,256,4096,66,20,-inf,,-44.756712,-inf,-inf
1048576,1048576,2097152,0.106,222298,32,256,4096,66,21,-inf,,-46.994540,-inf,-inf
1048576,1048576,2097152,0.106,222298,32,256,4096,66,22,-inf,,-49.232366,-inf,-inf
1048576,1048576,2097152,0.106,222298,32,256,4096,66,23,-inf,,-51.470191,-inf,-inf
1048576,1048576,2097152,0.106,222298,32,256,4096,66,24,-inf,,-53.708016,-inf,-inf
1048576,1048576,2097152,0.106,222298,32,256,4096,66,25,-inf,,-55.945839,-inf,-inf
1048576,1048576,2097152,0.106,222298,32,256,4096,66,26,-inf,,-58.183662,-inf,-inf
1048576,1048576,2097152,0.106,222298,32,256,4096,66,27,-inf,,-60.421483,-inf,-inf
1048576,1048576,2097152,0.106,222298,32,256,4096,66,28,-inf,,-62.659303,-inf,-inf
1048576,1048576,2097152,0.106,222298,32,256,4096,66,29,-inf,,-64.897122,-inf,-inf
1048576,1048576,2097152,0.106,222298,32,256,4096,66,30,-inf,,-67.134939,-inf,-inf
1048576,1048576,2097152,0.106,222298,32,256,4096,66,31,-inf,,-69.372755,-inf,-inf
1048576,1048576,2097152,0.106,222298,32,256,4096,66,32,-inf,,-71.610569,-inf,-inf
1048576,1048576,2097152,0.106,222298,32,256,4096,66,33,-inf,,-73.848382,-inf,-inf
1048576,1048576,2097152,0.106,222298,32,256,4096,66,34,-inf,,-76.086193,-inf,-inf
1048576,1048576,2097152,0.106,222298,32,256,4096,66,35,-inf,,-78.324002,-inf,-inf
1048576,1048576,2097152,0.106,222298,32,256,4096,66,36,-inf,,-80.561808,-inf,-inf
1048576,1048576,2097152,0.106,222298,32,256,4096,66,37,-inf,,-82.799612,-inf,-inf
1048576,1048576,2097152,0.106,222298,32,256,4096,66,38,-inf,,-85.037414,-inf,-inf
1048576,1048576,2097152,0.106,222298,32,256,4096,66,39,-inf,,-87.275213,-inf,-inf
1048576,1048576,2097152,0.106,222298,32,256,4096,66,40,-inf,,-89.513008,-inf,-inf
1048576,1048576,2097152,0.106,222298,32,256,4096,66,41,-inf,,-91.750800,-inf,-inf
1048576,1048576,2097152,0.106,222298,32,256,4096,66,42,-inf,,-93.988588,-inf,-inf
1048576,1048576,2097152,0.106,222298,32,256,4096,66,43,-inf,,-96.226371,-inf,-inf
1048576,1048576,2097152,0.106,222298,32,256,4096,66,44,-inf,,-98.464149,-inf,-inf
1048576,1048576,2097152,0.106,222298,32,256,4096,66,45,-inf,,-100.701922,-inf,-inf
1048576,1048576,2097152,0.106,222298,32,256,4096,66,46,-inf,,-102.939689,-inf,-inf
1048576,1048576,2097152,0.106,222298,32,256,4096,66,47,-inf,,-105.177448,-inf,-inf
1048576,1048576,2097152,0.106,222298,32,256,4096,66,48,-inf,,-107.415200,-inf,-inf
1048576,1048576,2097152,0.106,222298,32,256,4096,66,49,-inf,,-109.652943,-inf,-inf
1048576,1048576,2097152,0.106,222298,32,256,4096,66,50,-inf,,-111.890676,-inf,-inf
1048576,1048576,2097152,0.106,222298,32,256,4096,66,51,-inf,,-114.128398,-inf,-inf
1048576,1048576,2097152,0.106,222298,32,256,4096,66,52,-inf,,-116.366107,-inf,-inf
1048576,1048576,2097152,0.106,222298,32,256,4096,66,53,-inf,,-118.603803,-inf,-inf
1048576,1048576,2097152,0.106,222298,32,256,4096,66,54,-inf,,-120.841482,-inf,-inf
1048576,1048576,2097152,0.106,222298,32,256,4096,66,55,-inf,,-123.079144,-inf,-inf
1048576,1048576,2097152,0.106,222298,32,256,4096,66,56,-inf,,-125.316785,-inf,-inf
1048576,1048576,2097152,0.106,222298,32,256,4096,66,57,-inf,,-127.554404,-inf,-inf
1048576,1048576,2097152,0.106,222298,32,256,4096,66,58,-inf,,-129.791997,-inf,-inf
1048576,1048576,2097152,0.106,222298,32,256,4096,66,59,-inf,,-132.029562,-inf,-inf
1048576,1048576,2097152,0.106,222298,32,256,4096,66,60,-inf,,-134.267094,-inf,-inf
1048576,1048576,2097152,0.106,222298,32,256,4096,66,61,-inf,,-136.504589,-inf,-inf
1048576,1048576,2097152,0.106,222298,32,256,4096,66,62,-inf,,-138.742043,-inf,-inf
1048576,1048576,2097152,0.106,222298,32,256,4096,66,63,-inf,,-140.979450,-inf,-inf
1048576,1048576,2097152,0.106,222298,32,256,4096,66,64,-inf,,-143.216806,-inf,-inf
1048576,1048576,2097152,0.106,222298,32,256,4096,66,65,-inf,,-145.454102,-inf,-inf
1048576,1048576,2097152,0.106,222298,32,256,4096,66,66,78.236579,0.352176111989,-147.691331,-69.454753,-69.454753
1048576,1048576,2097152,0.106,222298,32,256,4096,66,67,79.742210,0.352176111989,-149.928486,-70.186277,-68.774638
1048576,1048576,2097152,0.106,222298,32,256,4096,66,68,81.247841,0.352176111989,-152.165557,-70.917716,-68.480213
1048576,1048576,2097152,0.106,222298,32,256,4096,66,69,82.753472,0.352176111989,-154.402533,-71.649061,-68.328102
1048576,1048576,2097152,0.106,222298,32,256,4096,66,70,84.259103,0.352176111989,-156.639403,-72.380300,-68.243658
1048576,1048576,2097152,0.106,222298,32,256,4096,66,71,85.764734,0.352176111989,-158.876152,-73.111418,-68.195073
1048576,1048576,2097152,0.106,222298,32,256,4096,66,72,87.270365,0.352176111989,-161.112767,-73.842402,-68.166572
1048576,1048576,2097152,0.106,222298,32,256,4096,66,73,88.775996,0.352176111989,-163.349231,-74.573235,-68.149666
1048576,1048576,2097152,0.106,222298,32,256,4096,66,74,90.281627,0.352176111989,-165.585524,-75.303897,-68.139574
1048576,1048576,2097152,0.106,222298,32,256,4096,66,75,91.787258,0.352176111989,-167.821627,-76.034369,-68.133524
1048576,1048576,2097152,0.106,222298,32,256,4096,66,76,93.292889,0.352176111989,-170.057515,-76.764626,-68.129890
1048576,1048576,2097152,0.106,222298,32,256,4096,66,77,94.798520,0.352176111989,-172.293162,-77.494642,-68.127704
1048576,1048576,2097152,0.106,222298,32,256,4096,66,78,96.304151,0.352176111989,-174.528540,-78.224389,-68.126387
1048576,1048576,2097152,0.106,222298,32,256,4096,66,79,97.809782,0.352176111989,-176.763616,-78.953833,-68.125593
1048576,1048576,2097152,0.106,222298,32,256,4096,66,80,99.315413,0.352176111989,-178.998353,-79.682940,-68.125114
1048576,1048576,2097152,0.106,222298,32,256,4096,66,81,100.821044,0.352176111989,-181.232711,-80.411667,-68.124826
1048576,1048576,2097152,0.106,222298,32,256,4096,66,82,102.326675,0.352176111989,-183.466646,-81.139971,-68.124651
1048576,1048576,2097152,0.106,222298,32,256,4096,66,83,103.832306,0.352176111989,-185.700107,-81.867800,-68.124546
1048576,1048576,2097152,0.106,222298,32,256,4096,66,84,105.337937,0.352176111989,-187.933039,-82.595102,-68.124483
1048576,1048576,2097152,0.106,222298,32,256,4096,66,85,106.843568,0.352176111989,-190.165381,-83.321813,-68.124444
1048576,1048576,2097152,0.106,222298,32,256,4096,66,86,108.349199,0.352176111989,-192.397066,-84.047867,-68.124421
1048576,1048576,2097152,0.106,222298,32,256,4096,66,87,109.854830,0.352176111989,-194.628018,-84.773188,-68.124407
1048576,1048576,2097152,0.106,222298,32,256,4096,66,88,111.360462,0.352176111989,-196.858157,-85.497695,-68.124398
1048576,1048576,2097152,0.106,222298,32,256,4096,66,89,112.866093,0.352176111989,-199.087391,-86.221298,-68.124393
1048576,1048576,2097152,0.106,222298,32,256,4096,66,90,114.371724,0.352176111989,-201.315623,-86.943900,-68.124390
1048576,1048576,2097152,0.106,222298,32,256,4096,66,91,115.877355,0.352176111989,-203.542744,-87.665390,-68.124388
1048576,1048576,2097152,0.106,222298,32,256,4096,66,92,117.382986,0.352176111989,-205.768640,-88.385654,-68.124387
1048576,1048576,2097152,0.106,222298,32,256,4096,66,93,118.888617,0.352176111989,-207.993180,-89.104563,-68.124386
1048576,1048576,2097152,0.106,222298,32,256,4096,66,94,120.394248,0.352176111989,-210.216231,-89.821983,-68.124386
1048576,1048576,2097152,0.106,222298,32,256,4096,66,95,121.899879,0.352176111989,-212.437643,-90.537765,-68.124386
1048576,1048576,2097152,0.106,222298,32,256,4096,66,96,123.405510,0.352176111989,-214.657262,-91.251753,-68.124386
1048576,1048576,2097152,0.106,222298,32,256,4096,66,97,124.911141,0.352176111989,-216.874919,-91.963778,-68.124385
1048576,1048576,2097152,0.106,222298,32,256,4096,66,98,126.416772,0.352176111989,-219.090440,-92.673668,-68.124385
1048576,1048576,2097152,0.106,222298,32,256,4096,66,99,127.922403,0.352176111989,-221.303637,-93.381234,-68.124385
1048576,1048576,2097152,0.106,222298,32,256,4096,66,100,129.428034,0.352176111989,-223.514322,-94.086288,-68.124385
1048576,1048576,2097152,0.106,222298,32,256,4096,66,101,130.933665,0.352176111989,-225.722292,-94.788627,-68.124385
1048576,1048576,2097152,0.106,222298,32,256,4096,66,102,132.439296,0.352176111989,-227.927350,-95.488054,-68.124385
1048576,1048576,2097152,0.106,222298,32,256,4096,66,103,133.944927,0.352176111989,-230.129288,-96.184361,-68.124385
1048576,1048576,2097152,0.106,222298,32,256,4096,66,104,135.450558,0.352176111989,-232.327903,-96.877345,-68.124385
1048576,1048576,2097152,0.106,222298,32,256,4096,66,105,136.956189,0.352176111989,-234.522998,-97.566809,-68.124385
1048576,1048576,2097152,0.106,222298,32,256,4096,66,106,138.461820,0.352176111989,-236.714376,-98.252556,-68.124385
1048576,1048576,2097152,0.106,222298,32,256,4096,66,107,139.967451,0.352176111989,-238.901855,-98.934404,-68.124385
1048576,1048576,2097152,0.106,222298,32,256,4096,66,108,141.473082,0.352176111989,-241.085269,-99.612187,-68.124385
1048576,1048576,2097152,0.106,222298,32,256,4096,66,109,142.978713,0.352176111989,-243.264462,-100.285748,-68.124385
1048576,1048576,2097152,0.106,222298,32,256,4096,66,110,144.484344,0.352176111989,-245.439303,-100.954959,-68.124385
1048576,1048576,2097152,0.106,222298,32,256,4096,66,111,145.989975,0.352176111989,-247.609688,-101.619713,-68.124385
1048576,1048576,2097152,0.106,222298,32,256,4096,66,112,147.495606,0.352176111989,-249.775532,-102.279926,-68.124385
1048576,1048576,2097152,0.106,222298,32,256,4096,66,113,149.001238,0.352176111989,-251.936783,-102.935546,-68.124385
1048576,1048576,2097152,0.106,222298,32,256,4096,66,114,150.506869,0.352176111989,-254.093421,-103.586552,-68.124385
1048576,1048576,2097152,0.106,222298,32,256,4096,66,115,152.012500,0.352176111989,-256.245448,-104.232948,-68.124385
1048576,1048576,2097152,0.106,222298,32,256,4096,66,116,153.518131,0.352176111989,-258.392905,-104.874774,-68.124385
1048576,1048576,2097152,0.106,222298,32,256,4096,66,117,155.023762,0.352176111989,-260.535860,-105.512098,-68.124385
1048576,1048576,2097152,0.106,222298,32,256,4096,66,118,156.529393,0.352176111989,-262.674404,-106.145011,-68.124385
1048576,1048576,2097152,0.106,222298,32,256,4096,66,119,158.035024,0.352176111989,-264.808660,-106.773636,-68.124385
1048576,1048576,2097152,0.106,222298,32,256,4096,66,120,159.540655,0.352176111989,-266.938772,-107.398117,-68.124385
1048576,1048576,2097152,0.106,222298,32,256,4096,66,121,161.046286,0.352176111989,-269.064898,-108.018612,-68.124385
1048576,1048576,2097152,0.106,222298,32,256,4096,66,122,162.551917,0.352176111989,-271.187219,-108.635302,-68.124385
1048576,1048576,2097152,0.106,222298,32,256,4096,66,123,164.057548,0.352176111989,-273.305926,-109.248378,-68.124385
1048576,1048576,2097152,0.106,222298,32,256,4096,66,124,165.563179,0.352176111989,-275.421216,-109.858037,-68.124385
1048576,1048576,2097152,0.106,222298,32,256,4096,66,125,167.068810,0.352176111989,-277.533295,-110.464485,-68.124385
1048576,1048576,2097152,0.106,222298,32,256,4096,66,126,168.574441,0.352176111989,-279.642372,-111.067931,-68.124385
1048576,1048576,2097152,0.106,222298,32,256,4096,66,127,170.080072,0.352176111989,-281.748651,-111.668579,-68.124385
1048576,1048576,2097152,0.106,222298,32,256,4096,66,128,171.585703,0.352176111989,-283.852337,-112.266634,-68.124385
1048576,1048576,2097152,0.106,222298,32,256,4096,66,129,173.091334,0.352176111989,-285.953631,-112.862297,-68.124385
1048576,1048576,2097152,0.106,222298,32,256,4096,66,130,174.596965,0.352176111989,-288.052724,-113.455758,-68.124385
1048576,1048576,2097152,0.106,222298,32,256,4096,66,131,176.102596,0.352176111989,-290.149799,-114.047203,-68.124385
1048576,1048576,2097152,0.106,222298,32,256,4096,66,132,177.608227,0.352176111989,-292.245035,-114.636808,-68.124385
1048576,1048576,2097152,0.106,222298,32,256,4096,66,133,179.113858,0.352176111989,-294.338595,-115.224737,-68.124385
1048576,1048576,2097152,0.106,222298,32,256,4096,66,134,180.619489,0.352176111989,-296.430636,-115.811146,-68.124385
1048576,1048576,2097152,0.106,222298,32,256,4096,66,135,182.125120,0.352176111989,-298.521304,-116.396183,-68.124385
1048576,1048576,2097152,0.106,222298,32,256,4096,66,136,183.630751,0.352176111989,-300.610733,-116.979982,-68.124385
1048576,1048576,2097152,0.106,222298,32,256,4096,66,137,185.136382,0.352176111989,-302.699049,-117.562667,-68.124385
1048576,1048576,2097152,0.106,222298,32,256,4096,66,138,186.642014,0.352176111989,-304.786369,-118.144355,-68.124385
1048576,1048576,2097152,0.106,222298,32,256,4096,66,139,188.147645,0.352176111989,-306.872797,-118.725152,-68.124385
1048576,1048576,2097152,0.106,222298,32,256,4096,66,140,189.653276,0.352176111989,-308.958431,-119.305155,-68.124385
1048576,1048576,2097152,0.106,222298,32,256,4096,66,141,191.158907,0.352176111989,-311.043360,-119.884453,-68.124385
1048576,1048576,2097152,0.106,222298,32,256,4096,66,142,192.664538,0.352176111989,-313.127665,-120.463127,-68.124385
1048576,1048576,2097152,0.106,222298,32,256,4096,66,143,194.170169,0.352176111989,-315.211418,-121.041250,-68.124385
1048576,1048576,2097152,0.106,222298,32,256,4096,66,144,195.675800,0.352176111989,-317.294688,-121.618888,-68.124385
1048576,1048576,2097152,0.106,222298,32,256,4096,66,145,197.181431,0.352176111989,-319.377534,-122.196103,-68.124385
1048576,1048576,2097152,0.106,222298,32,256,4096,66,146,198.687062,0.352176111989,-321.460010,-122.772948,-68.124385
1048576,1048576,2097152,0.106,222298,32,256,4096,66,147,200.192693,0.352176111989,-323.542166,-123.349473,-68.124385
1048576,1048576,2097152,0.106,222298,32,256,4096,66,148,201.698324,0.352176111989,-325.624045,-123.925721,-68.124385
1048576,1048576,2097152,0.106,222298,32,256,4096,66,149,203.203955,0.352176111989,-327.705688,-124.501733,-68.124385
1048576,1048576,2097152,0.106,222298,32,256,4096,66,150,204.709586,0.352176111989,-329.787131,-125.077545,-68.124385
1048576,1048576,2097152,0.106,222298,32,256,4096,66,151,206.215217,0.352176111989,-331.868404,-125.653187,-68.124385
1048576,1048576,2097152,0.106,222298,32,256,4096,66,152,207.720848,0.352176111989,-333.949538,-126.228690,-68.124385
1048576,1048576,2097152,0.106,222298,32,256,4096,66,153,209.226479,0.352176111989,-336.030557,-126.804078,-68.124385
1048576,1048576,2097152,0.106,222298,32,256,4096,66,154,210.732110,0.352176111989,-338.111485,-127.379375,-68.124385
1048576,1048576,2097152,0.106,222298,32,256,4096,66,155,212.237741,0.352176111989,-340.192342,-127.954601,-68.124385
1048576,1048576,2097152,0.106,222298,32,256,4096,66,156,213.743372,0.352176111989,-342.273146,-128.529774,-68.124385
1048576,1048576,2097152,0.106,222298,32,256,4096,66,157,215.249003,0.352176111989,-344.353915,-129.104911,-68.124385
1048576,1048576,2097152,0.106,222298,32,256,4096,66,158,216.754634,0.352176111989,-346.434661,-129.680026,-68.124385
1048576,1048576,2097152,0.106,222298,32,256,4096,66,159,218.260265,0.352176111989,-348.515398,-130.255132,-68.124385
1048576,1048576,2097152,0.106,222298,32,256,4096,66,160,219.765896,0.352176111989,-350.596137,-130.830241,-68.124385
1048576,1048576,2097152,0.106,222298,32,256,4096,66,161,221.271527,0.352176111989,-352.676889,-131.405362,-68.124385
1048576,1048576,2097152,0.106,222298,32,256,4096,66,162,222.777158,0.352176111989,-354.757663,-131.980504,-68.124385
1048576,1048576,2097152,0.106,222298,32,256,4096,66,163,224.282790,0.352176111989,-356.838466,-132.555676,-68.124385
1048576,1048576,2097152,0.106,222298,32,256,4096,66,164,225.782218,0.395431832347,-358.919305,-133.137087,-68.124385
1048576,1048576,2097152,0.106,222298,32,256,4096,66,165,227.120717,0.395431832347,-361.000187,-133.879470,-68.124385
1048576,1048576,2097152,0.106,222298,32,256,4096,66,166,228.459216,0.395431832347,-363.081117,-134.621901,-68.124385
1048576,1048576,2097152,0.106,222298,32,256,4096,66,167,229.797715,0.395431832347,-365.162100,-135.364385,-68.124385
1048576,1048576,2097152,0.106,222298,32,256,4096,66,168,231.136214,0.395431832347,-367.243139,-136.106925,-68.124385
1048576,1048576,2097152,0.106,222298,32,256,4096,66,169,232.474713,0.395431832347,-369.324239,-136.849526,-68.124385
1048576,1048576,2097152,0.106,222298,32,256,4096,66,170,233.813212,0.395431832347,-371.405403,-137.592191,-68.124385
1048576,1048576,2097152,0.106,222298,32,256,4096,66,171,235.151711,0.395431832347,-373.486633,-138.334922,-68.124385
1048576,1048576,2097152,0.106,222298,32,256,4096,66,172,236.490211,0.395431832347,-375.567932,-139.077721,-68.124385
1048576,1048576,2097152,0.106,222298,32,256,4096,66,173,237.828710,0.395431832347,-377.649301,-139.820592,-68.124385
1048576,1048576,2097152,0.106,222298,32,256,4096,66,174,239.167209,0.395431832347,-379.730743,-140.563534,-68.124385
1048576,1048576,2097152,0.106,222298,32,256,4096,66,175,240.505708,0.395431832347,-381.812258,-141.306551,-68.124385
1048576,1048576,2097152,0.106,222298,32,256,4096,66,176,241.844207,0.395431832347,-383.893849,-142.049642,-68.124385
1048576,1048576,2097152,0.106,222298,32,256,4096,66,177,243.182706,0.395431832347,-385.975515,-142.792809,-68.124385
1048576,1048576,2097152,0.106,222298,32,256,4096,66,178,244.521205,0.395431832347,-388.057258,-143.536053,-68.124385
1048576,1048576,2097152,0.106,222298,32,256,4096,66,179,245.859704,0.395431832347,-390.139078,-144.279374,-68.124385
1048576,1048576,2097152,0.106,222298,32,256,4096,66,180,247.198203,0.395431832347,-392.220977,-145.022773,-68.124385
1048576,1048576,2097152,0.106,222298,32,256,4096,66,181,248.536702,0.395431832347,-394.302953,-145.766251,-68.124385
1048576,1048576,2097152,0.106,222298,32,256,4096,66,182,249.875201,0.395431832347,-396.385007,-146.509806,-68.124385
1048576,1048576,2097152,0.106,222298,32,256,4096,66,183,251.213700,0.395431832347,-398.467140,-147.253440,-68.124385
1048576,1048576,2097152,0.106,222298,32,256,4096,66,184,252.552200,0.395431832347,-400.549352,-147.997152,-68.124385
1048576,1048576,2097152,0.106,222298,32,256,4096,66,185,253.890699,0.395431832347,-402.631641,-148.740943,-68.124385
1048576,1048576,2097152,0.106,222298,32,256,4096,66,186,255.229198,0.395431832347,-404.714009,-149.484812,-68.124385
1048576,1048576,2097152,0.106,222298,32,256,4096,66,187,256.567697,0.395431832347,-406.796455,-150.228759,-68.124385
1048576,1048576,2097152,0.106,222298,32,256,4096,66,188,257.906196,0.395431832347,-408.878979,-150.972783,-68.124385
1048576,1048576,2097152,0.106,222298,32,256,4096,66,189,259.244695,0.395431832347,-410.961581,-151.716886,-68.124385
1048576,1048576,2097152,0.106,222298,32,256,4096,66,190,260.583194,0.395431832347,-413.044259,-152.461065,-68.124385
1048576,1048576,2097152,0.106,222298,32,256,4096,66,191,261.921693,0.395431832347,-415.127014,-153.205321,-68.124385
1048576,1048576,2097152,0.106,222298,32,256,4096,66,192,263.260192,0.395431832347,-417.209846,-153.949654,-68.124385
1048576,1048576,2097152,0.106,222298,32,256,4096,66,193,264.598691,0.395431832347,-419.292754,-154.694062,-68.124385
1048576,1048576,2097152,0.106,222298,32,256,4096,66,194,265.937190,0.395431832347,-421.375737,-155.438546,-68.124385
1048576,1048576,2097152,0.106,222298,32,256,4096,66,195,267.275689,0.395431832347,-423.458795,-156.183105,-68.124385
1048576,1048576,2097152,0.106,222298,32,256,4096,66,196,268.614188,0.395431832347,-425.541927,-156.927739,-68.124385
1048576,1048576,2097152,0.106,222298,32,256,4096,66,197,269.952688,0.395431832347,-427.625134,-157.672446,-68.124385
1048576,1048576,2097152,0.106,222298,32,256,4096,66,198,271.291187,0.395431832347,-429.708413,-158.417227,-68.124385
1048576,1048576,2097152,0.106,222298,32,256,4096,66,199,272.629686,0.395431832347,-431.791766,-159.162080,-68.124385
1048576,1048576,2097152,0.106,222298,32,256,4096,66,200,273.968185,0.395431832347,-433.875191,-159.907006,-68.124385
1048576,1048576,2097152,0.106,222298,32,256,4096,66,201,275.306684,0.395431832347,-435.958688,-160.652004,-68.124385
1048576,1048576,2097152,0.106,222298,32,256,4096,66,202,276.645183,0.395431832347,-438.042256,-161.397073,-68.124385
1048576,1048576,2097152,0.106,222298,32,256,4096,66,203,277.983682,0.395431832347,-440.125895,-162.142213,-68.124385
1048576,1048576,2097152,0.106,222298,32,256,4096,66,204,279.322181,0.395431832347,-442.209604,-162.887423,-68.124385
1048576,1048576,2097152,0.106,222298,32,256,4096,66,205,280.660680,0.395431832347,-444.293383,-163.632703,-68.124385
1048576,1048576,2097152,0.106,222298,32,256,4096,66,206,281.999179,0.395431832347,-446.377230,-164.378051,-68.124385
1048576,1048576,2097152,0.106,222298,32,256,4096,66,207,283.337678,0.395431832347,-448.461146,-165.123468,-68.124385
1048576,1048576,2097152,0.106,222298,32,256,4096,66,208,284.676177,0.395431832347,-450.545130,-165.868953,-68.124385
1048576,1048576,2097152,0.106,222298,32,256,4096,66,209,286.014677,0.395431832347,-452.629181,-166.614505,-68.124385
1048576,1048576,2097152,0.106,222298,32,256,4096,66,210,287.353176,0.395431832347,-454.713299,-167.360124,-68.124385
1048576,1048576,2097152,0.106,222298,32,256,4096,66,211,288.691675,0.395431832347,-456.797483,-168.105809,-68.124385
1048576,1048576,2097152,0.106,222298,32,256,4096,66,212,290.030174,0.395431832347,-458.881733,-168.851559,-68.124385
1048576,1048576,2097152,0.106,222298,32,256,4096,66,213,291.368673,0.395431832347,-460.966048,-169.597375,-68.124385
1048576,1048576,2097152,0.106,222298,32,256,4096,66,214,292.707172,0.395431832347,-463.050428,-170.343256,-68.124385
1048576,1048576,2097152,0.106,222298,32,256,4096,66,215,294.045671,0.395431832347,-465.134871,-171.089200,-68.124385
1048576,1048576,2097152,0.106,222298,32,256,4096,66,216,295.384170,0.395431832347,-467.219378,-171.835208,-68.124385
1048576,1048576,2097152,0.106,222298,32,256,4096,66,217,296.722669,0.395431832347,-469.303948,-172.581279,-68.124385
1048576,1048576,2097152,0.106,222298,32,256,4096,66,218,298.061168,0.395431832347,-471.388581,-173.327412,-68.124385
1048576,1048576,2097152,0.106,222298,32,256,4096,66,219,299.399667,0.395431832347,-473.473275,-174.073607,-68.124385
1048576,1048576,2097152,0.106,222298,32,256,4096,66,220,300.738166,0.395431832347,-475.558031,-174.819864,-68.124385
1048576,1048576,2097152,0.106,222298,32,256,4096,68,1,-inf,,-2.237843,-inf,-inf
1048576,1048576,2097152,0.106,222298,32,256,4096,68,2,-inf,,-4.475684,-inf,-inf
1048576,1048576,2097152,0.106,222298,32,256,4096,68,3,-inf,,-6.713526,-inf,-inf
1048576,1048576,2097152,0.106,222298,32,256,4096,68,4,-inf,,-8.951366,-inf,-inf
1048576,1048576,2097152,0.106,222298,32,256,4096,68,5,-inf,,-11.189206,-inf,-inf
1048576,1048576,2097152,0.106,222298,32,256,4096,68,6,-inf,,-13.427045,-inf,-inf
1048576,1048576,2097152,0.106,222298,32,256,4096,68,7,-inf,,-15.664883,-inf,-inf
1048576,1048576,2097152,0.106,222298,32,256,4096,68,8,-inf,,-17.902721,-inf,-inf
1048576,1048576,2097152,0.106,222298,32,256,4096,68,9,-inf,,-20.140558,-inf,-inf
1048576,1048576,2097152,0.106,222298,32,256,4096,68,10,-inf,,-22.378394,-inf,-inf
1048576,1048576,2097152,0.106,222298,32,256,4096,68,11,-inf,,-24.616229,-inf,-inf
1048576,1048576,2097152,0.106,222298,32,256,4096,68,12,-inf,,-26.854064,-inf,-inf
1048576,1048576,2097152,0.106,222298,32,256,4096,68,13,-inf,,-29.091897,-inf,-inf
1048576,1048576,2097152,0.106,222298,32,256,4096,68,14,-inf,,-31.329731,-inf,-inf
1048576,1048576,2097152,0.106,222298,32,256,4096,68,15,-inf,,-33.567563,-inf,-inf
1048576,1048576,2097152,0.106,222298,32,256,4096,68,16,-inf,,-35.805394,-inf,-inf
1048576,1048576,2097152,0.106,222298,32,256,4096,68,17,-inf,,-38.043225,-inf,-inf
1048576,1048576,2097152,0.106,222298,32,256,4096,68,18,-inf,,-40.281055,-inf,-inf
1048576,1048576,2097152,0.106,222298,32,256,4096,68,19,-inf,,-42.518884,-inf,-inf
1048576,1048576,2097152,0.106,222298,32,256,4096,68,20,-inf,,-44.756712,-inf,-inf
1048576,1048576,2097152,0.106,222298,32,256,4096,68,21,-inf,,-46.994540,-inf,-inf
1048576,1048576,2097152,0.106,222298,32,256,4096,68,22,-inf,,-49.232366,-inf,-inf
1048576,1048576,2097152,0.106,222298,32,256,4096,68,23,-inf,,-51.470191,-inf,-inf
1048576,1048576,2097152,0.106,222298,32,256,4096,68,24,-inf,,-53.708016,-inf,-inf
1048576,1048576,2097152,0.106,222298,32,256,4096,68,25,-inf,,-55.945839,-inf,-inf
1048576,1048576,2097152,0.106,222298,32,256,4096,68,26,-inf,,-58.183662,-inf,-inf
1048576,1048576,2097152,0.106,222298,32,256,4096,68,27,-inf,,-60.421483,-inf,-inf
1048576,1048576,2097152,0.106,222298,32,256,4096,68,28,-inf,,-62.659303,-inf,-inf
1048576,1048576,2097152,0.106,222298,32,256,4096,68,29,-inf,,-64.897122,-inf,-inf
1048576,1048576,2097152,0.106,222298,32,256,4096,68,30,-inf,,-67.134939,-inf,-inf
1048576,1048576,2097152,0.106,222298,32,256,4096,68,31,-inf,,-69.372755,-inf,-inf
1048576,1048576,2097152,0.106,222298,32,256,4096,68,32,-inf,,-71.610569,-inf,-inf
1048576,1048576,2097152,0.106,222298,32,256,4096,68,33,-inf,,-73.848382,-inf,-inf
1048576,1048576,2097152,0.106,222298,32,256,4096,68,34,-inf,,-76.086193,-inf,-inf
1048576,1048576,2097152,0.106,222298,32,256,4096,68,35,-inf,,-78.324002,-inf,-inf
1048576,1048576,2097152,0.106,222298,32,256,4096,68,36,-inf,,-80.561808,-inf,-inf
1048576,1048576,2097152,0.106,222298,32,256,4096,68,37,-inf,,-82.799612,-inf,-inf
1048576,1048576,2097152,0.106,222298,32,256,4096,68,38,-inf,,-85.037414,-inf,-inf
1048576,1048576,2097152,0.106,222298,32,256,4096,68,39,-inf,,-87.275213,-inf,-inf
1048576,1048576,2097152,0.106,222298,32,256,4096,68,40,-inf,,-89.513008,-inf,-inf
1048576,1048576,2097152,0.106,222298,32,256,4096,68,41,-inf,,-91.750800,-inf,-inf
1048576,1048576,2097152,0.106,222298,32,256,4096,68,42,-inf,,-93.988588,-inf,-inf
1048576,1048576,2097152,0.106,222298,32,256,4096,68,43,-inf,,-96.226371,-inf,-inf
1048576,1048576,2097152,0.106,222298,32,256,4096,68,44,-inf,,-98.464149,-inf,-inf
1048576,1048576,2097152,0.106,222298,32,256,4096,68,45,-inf,,-100.701922,-inf,-inf
1048576,1048576,2097152,0.106,222298,32,256,4096,68,46,-inf,,-102.939689,-inf,-inf
1048576,1048576,2097152,0.106,222298,32,256,4096,68,47,-inf,,-105.177448,-inf,-inf
1048576,1048576,2097152,0.106,222298,32,256,4096,68,48,-inf,,-107.415200,-inf,-inf
1048576,1048576,2097152,0.106,222298,32,256,4096,68,49,-inf,,-109.652943,-inf,-inf
1048576,1048576,2097152,0.106,222298,32,256,4096,68,50,-inf,,-111.890676,-inf,-inf
1048576,1048576,2097152,0.106,222298,32,256,4096,68,51,-inf,,-114.128398,-inf,-inf
1048576,1048576,2097152,0.106,222298,32,256,4096,68,52,-inf,,-116.366107,-inf,-inf
1048576,1048576,2097152,0.106,222298,32,256,4096,68,53,-inf,,-118.603803,-inf,-inf
1048576,1048576,2097152,0.106,222298,32,256,4096,68,54,-inf,,-120.841482,-inf,-inf
1048576,1048576,2097152,0.106,222298,32,256,4096,68,55,-inf,,-123.079144,-inf,-inf
1048576,1048576,2097152,0.106,222298,32,256,4096,68,56,-inf,,-125.316785,-inf,-inf
1048576,1048576,2097152,0.106,222298,32,256,4096,68,57,-inf,,-127.554404,-inf,-inf
1048576,1048576,2097152,0.106,222298,32,256,4096,68,58,-inf,,-129.791997,-inf,-inf
1048576,1048576,2097152,0.106,222298,32,256,4096,68,59,-inf,,-132.029562,-inf,-inf
1048576,1048576,2097152,0.106,222298,32,256,4096,68,60,-inf,,-134.267094,-inf,-inf
1048576,1048576,2097152,0.106,222298,32,256,4096,68,61,-inf,,-136.504589,-inf,-inf
1048576,1048576,2097152,0.106,222298,32,256,4096,68,62,-inf,,-138.742043,-inf,-inf
1048576,1048576,2097152,0.106,222298,32,256,4096,68,63,-inf,,-140.979450,-inf,-inf
1048576,1048576,2097152,0.106,222298,32,256,4096,68,64,-inf,,-143.216806,-inf,-inf
1048576,1048576,2097152,0.106,222298,32,256,4096,68,65,-inf,,-145.454102,-inf,-inf
1048576,1048576,2097152,0.106,222298,32,256,4096,68,66,-inf,,-147.691331,-inf,-inf
1048576,1048576,2097152,0.106,222298,32,256,4096,68,67,-inf,,-149.928486,-inf,-inf
1048576,1048576,2097152,0.106,222298,32,256,4096,68,68,81.247841,0.352176111989,-152.165557,-70.917716,-70.917716
1048576,1048576,2097152,0.106,222298,32,256,4096,68,69,82.753472,0.352176111989,-154.402533,-71.649061,-70.237534
1048576,1048576,2097152,0.106,222298,32,256,4096,68,70,84.259103,0.352176111989,-156.639403,-72.380300,-69.943051
1048576,1048576,2097152,0.106,222298,32,256,4096,68,71,85.764734,0.352176111989,-158.876152,-73.111418,-69.790892
1048576,1048576,2097152,0.106,222298,32,256,4096,68,72,87.270365,0.352176111989,-161.112767,-73.842402,-69.706409
1048576,1048576,2097152,0.106,222298,32,256,4096,68,73,88.775996,0.352176111989,-163.349231,-74.573235,-69.657794
1048576,1048576,2097152,0.106,222298,32,256,4096,68,74,90.281627,0.352176111989,-165.585524,-75.303897,-69.629268
1048576,1048576,2097152,0.106,222298,32,256,4096,68,75,91.787258,0.352176111989,-167.821627,-76.034369,-69.612345
1048576,1048576,2097152,0.106,222298,32,256,4096,68,76,93.292889,0.352176111989,-170.057515,-76.764626,-69.602238
1048576,1048576,2097152,0.106,222298,32,256,4096,68,77,94.798520,0.352176111989,-172.293162,-77.494642,-69.596179
1048576,1048576,2097152,0.106,222298,32,256,4096,68,78,96.304151,0.352176111989,-174.528540,-78.224389,-69.592538
1048576,1048576,2097152,0.106,222298,32,256,4096,68,79,97.809782,0.352176111989,-176.763616,-78.953833,-69.590346
1048576,1048576,2097152,0.106,222298,32,256,4096,68,80,99.315413,0.352176111989,-178.998353,-79.682940,-69.589025
1048576,1048576,2097152,0.106,222298,32,256,4096,68,81,100.821044,0.352176111989,-181.232711,-80.411667,-69.588229
1048576,1048576,2097152,0.106,222298,32,256,4096,68,82,102.326675,0.352176111989,-183.466646,-81.139971,-69.587748
1048576,1048576,2097152,0.106,222298,32,256,4096,68,83,103.832306,0.352176111989,-185.700107,-81.867800,-69.587458
1048576,1048576,2097152,0.106,222298,32,256,4096,68,84,105.337937,0.352176111989,-187.933039,-82.595102,-69.587283
1048576,1048576,2097152,0.106,222298,32,256,4096,68,85,106.843568,0.352176111989,-190.165381,-83.321813,-69.587177
1048576,1048576,2097152,0.106,222298,32,256,4096,68,86,108.349199,0.352176111989,-192.397066,-84.047867,-69.587113
1048576,1048576,2097152,0.106,222298,32,256,4096,68,87,109.854830,0.352176111989,-194.628018,-84.773188,-69.587074
1048576,1048576,2097152,0.106,222298,32,256,4096,68,88,111.360462,0.352176111989,-196.858157,-85.497695,-69.587051
1048576,1048576,2097152,0.106,222298,32,256,4096,68,89,112.866093,0.352176111989,-199.087391,-86.221298,-69.587037
1048576,1048576,2097152,0.106,222298,32,256,4096,68,90,114.371724,0.352176111989,-201.315623,-86.943900,-69.587028
1048576,1048576,2097152,0.106,222298,32,256,4096,68,91,115.877355,0.352176111989,-203.542744,-87.665390,-69.587023
1048576,1048576,2097152,0.106,222298,32,256,4096,68,92,117.382986,0.352176111989,-205.768640,-88.385654,-69.587020
1048576,1048576,2097152,0.106,222298,32,256,4096,68,93,118.888617,0.352176111989,-207.993180,-89.104563,-69.587018
1048576,1048576,2097152,0.106,222298,32,256,4096,68,94,120.394248,0.352176111989,-210.216231,-89.821983,-69.587017
1048576,1048576,2097152,0.106,222298,32,256,4096,68,95,121.899879,0.352176111989,-212.437643,-90.537765,-69.587016
1048576,1048576,2097152,0.106,222298,32,256,4096,68,96,123.405510,0.352176111989,-214.657262,-91.251753,-69.587016
1048576,1048576,2097152,0.106,222298,32,256,4096,68,97,124.911141,0.352176111989,-216.874919,-91.963778,-69.587015
1048576,1048576,2097152,0.106,222298,32,256,4096,68,98,126.416772,0.352176111989,-219.090440,-92.673668,-69.587015
1048576,1048576,2097152,0.106,222298,32,256,4096,68,99,127.922403,0.352176111989,-221.303637,-93.381234,-69.587015
1048576,1048576,2097152,0.106,222298,32,256,4096,68,100,129.428034,0.352176111989,-223.514322,-94.086288,-69.587015
1048576,1048576,2097152,0.106,222298,32,256,4096,68,101,130.933665,0.352176111989,-225.722292,-94.788627,-69.587015
1048576,1048576,2097152,0.106,222298,32,256,4096,68,102,132.439296,0.352176111989,-227.927350,-95.488054,-69.587015
1048576,1048576,2097152,0.106,222298,32,256,4096,68,103,133.944927,0.352176111989,-230.129288,-96.184361,-69.587015
1048576,1048576,2097152,0.106,222298,32,256,4096,68,104,135.450558,0.352176111989,-232.327903,-96.877345,-69.587015
1048576,1048576,2097152,0.106,222298,32,256,4096,68,105,136.956189,0.352176111989,-234.522998,-97.566809,-69.587015
1048576,1048576,2097152,0.106,222298,32,256,4096,68,106,138.461820,0.352176111989,-236.714376,-98.252556,-69.587015
1048576,1048576,2097152,0.106,222298,32,256,4096,68,107,139.967451,0.352176111989,-238.901855,-98.934404,-69.587015
1048576,1048576,2097152,0.106,222298,32,256,4096,68,108,141.473082,0.352176111989,-241.085269,-99.612187,-69.587015
1048576,1048576,2097152,0.106,222298,32,256,4096,68,109,142.978713,0.352176111989,-243.264462,-100.285748,-69.587015
1048576,1048576,2097152,0.106,222298,32,256,4096,68,110,144.484344,0.352176111989,-245.439303,-100.954959,-69.587015
1048576,1048576,2097152,0.106,222298,32,256,4096,68,111,145.989975,0.352176111989,-247.609688,-101.619713,-69.587015
1048576,1048576,2097152,0.106,222298,32,256,4096,68,112,147.495606,0.352176111989,-249.775532,-102.279926,-69.587015
1048576,1048576,2097152,0.106,222298,32,256,4096,68,113,149.001238,0.352176111989,-251.936783,-102.935546,-69.587015
1048576,1048576,2097152,0.106,222298,32,256,4096,68,114,150.506869,0.352176111989,-254.093421,-103.586552,-69.587015
1048576,1048576,2097152,0.106,222298,32,256,4096,68,115,152.012500,0.352176111989,-256.245448,-104.232948,-69.587015
1048576,1048576,2097152,0.106,222298,32,256,4096,68,116,153.518131,0.352176111989,-258.392905,-104.874774,-69.587015
1048576,1048576,2097152,0.106,222298,32,256,4096,68,117,155.023762,0.352176111989,-260.535860,-105.512098,-69.587015
1048576,1048576,2097152,0.106,222298,32,256,4096,68,118,156.529393,0.352176111989,-262.674404,-106.145011,-69.587015
1048576,1048576,2097152,0.106,222298,32,256,4096,68,119,158.035024,0.352176111989,-264.808660,-106.773636,-69.587015
1048576,1048576,2097152,0.106,222298,32,256,4096,68,120,159.540655,0.352176111989,-266.938772,-107.398117,-69.587015
1048576,1048576,2097152,0.106,222298,32,256,4096,68,121,161.046286,0.352176111989,-269.064898,-108.018612,-69.587015
1048576,1048576,2097152,0.106,222298,32,256,4096,68,122,162.551917,0.352176111989,-271.187219,-108.635302,-69.587015
1048576,1048576,2097152,0.106,222298,32,256,4096,68,123,164.057548,0.352176111989,-273.305926,-109.248378,-69.587015
1048576,1048576,2097152,0.106,222298,32,256,4096,68,124,165.563179,0.352176111989,-275.421216,-109.858037,-69.587015
1048576,1048576,2097152,0.106,222298,32,256,4096,68,125,167.068810,0.352176111989,-277.533295,-110.464485,-69.587015
1048576,1048576,2097152,0.106,222298,32,256,4096,68,126,168.574441,0.352176111989,-279.642372,-111.067931,-69.587015
1048576,1048576,2097152,0.106,222298,32,256,4096,68,127,170.080072,0.352176111989,-281.748651,-111.668579,-69.587015
1048576,1048576,2097152,0.106,222298,32,256,4096,68,128,171.585703,0.352176111989,-283.852337,-112.266634,-69.587015
1048576,1048576,2097152,0.106,222298,32,256,4096,68,129,173.091334,0.352176111989,-285.953631,-112.862297,-69.587015
1048576,1048576,2097152,0.106,222298,32,256,4096,68,130,174.596965,0.352176111989,-288.052724,-113.455758,-69.587015
1048576,1048576,2097152,0.106,222298,32,256,4096,68,131,176.102596,0.352176111989,-290.149799,-114.047203,-69.587015
1048576,1048576,2097152,0.106,222298,32,256,4096,68,132,177.608227,0.352176111989,-292.245035,-114.636808,-69.587015
1048576,1048576,2097152,0.106,222298,32,256,4096,68,133,179.113858,0.352176111989,-294.338595,-115.224737,-69.587015
1048576,1048576,2097152,0.106,222298,32,256,4096,68,134,180.619489,0.352176111989,-296.430636,-115.811146,-69.587015
1048576,1048576,2097152,0.106,222298,32,256,4096,68,135,182.125120,0.352176111989,-298.521304,-116.396183,-69.587015
1048576,1048576,2097152,0.106,222298,32,256,4096,68,136,183.630751,0.352176111989,-300.610733,-116.979982,-69.587015
1048576,1048576,2097152,0.106,222298,32,256,4096,68,137,185.136382,0.352176111989,-302.699049,-117.562667,-69.587015
1048576,1048576,2097152,0.106,222298,32,256,4096,68,138,186.642014,0.352176111989,-304.786369,-118.144355,-69.587015
1048576,1048576,2097152,0.106,222298,32,256,4096,68,139,188.147645,0.352176111989,-306.872797,-118.725152,-69.587015
1048576,1048576,2097152,0.106,222298,32,256,4096,68,140,189.653276,0.352176111989,-308.958431,-119.305155,-69.587015
1048576,1048576,2097152,0.106,222298,32,256,4096,68,141,191.158907,0.352176111989,-311.043360,-119.884453,-69.587015
1048576,1048576,2097152,0.106,222298,32,256,4096,68,142,192.664538,0.352176111989,-313.127665,-120.463127,-69.587015
1048576,1048576,2097152,0.106,222298,32,256,4096,68,143,194.170169,0.352176111989,-315.211418,-121.041250,-69.587015
1048576,1048576,2097152,0.106,222298,32,256,4096,68,144,195.675800,0.352176111989,-317.294688,-121.618888,-69.587015
1048576,1048576,2097152,0.106,222298,32,256,4096,68,145,197.181431,0.352176111989,-319.377534,-122.196103,-69.587015
1048576,1048576,2097152,0.106,222298,32,256,4096,68,146,198.687062,0.352176111989,-321.460010,-122.772948,-69.587015
1048576,1048576,2097152,0.106,222298,32,256,4096,68,147,200.192693,0.352176111989,-323.542166,-123.349473,-69.587015
1048576,1048576,2097152,0.106,222298,32,256,4096,68,148,201.698324,0.352176111989,-325.624045,-123.925721,-69.587015
1048576,1048576,2097152,0.106,222298,32,256,4096,68,149,203.203955,0.352176111989,-327.705688,-124.501733,-69.587015
1048576,1048576,2097152,0.106,222298,32,256,4096,68,150,204.709586,0.352176111989,-329.787131,-125.077545,-69.587015
1048576,1048576,2097152,0.106,222298,32,256,4096,68,151,206.215217,0.352176111989,-331.868404,-125.653187,-69.587015
1048576,1048576,2097152,0.106,222298,32,256,4096,68,152,207.720848,0.352176111989,-333.949538,-126.228690,-69.587015
1048576,1048576,2097152,0.106,222298,32,256,4096,68,153,209.226479,0.352176111989,-336.030557,-126.804078,-69.587015
1048576,1048576,2097152,0.106,222298,32,256,4096,68,154,210.732110,0.352176111989,-338.111485,-127.379375,-69.587015
1048576,1048576,2097152,0.106,222298,32,256,4096,68,155,212.237741,0.352176111989,-340.192342,-127.954601,-69.587015
1048576,1048576,2097152,0.106,222298,32,256,4096,68,156,213.743372,0.352176111989,-342.273146,-128.529774,-69.587015
1048576,1048576,2097152,0.106,222298,32,256,4096,68,157,215.249003,0.352176111989,-344.353915,-129.104911,-69.587015
1048576,1048576,2097152,0.106,222298,32,256,4096,68,158,216.754634,0.352176111989,-346.434661,-129.680026,-69.587015
1048576,1048576,2097152,0.106,222298,32,256,4096,68,159,218.260265,0.352176111989,-348.515398,-130.255132,-69.587015
1048576,1048576,2097152,0.106,222298,32,256,4096,68,160,219.765896,0.352176111989,-350.596137,-130.830241,-69.587015
1048576,1048576,2097152,0.106,222298,32,256,4096,68,161,221.271527,0.352176111989,-352.676889,-131.405362,-69.587015
1048576,1048576,2097152,0.106,222298,32,256,4096,68,162,222.777158,0.352176111989,-354.757663,-131.980504,-69.587015
1048576,1048576,2097152,0.106,222298,32,256,4096,68,163,224.282790,0.352176111989,-356.838466,-132.555676,-69.587015
1048576,1048576,2097152,0.106,222298,32,256,4096,68,164,225.782218,0.395431832347,-358.919305,-133.137087,-69.587015
1048576,1048576,2097152,0.106,222298,32,256,4096,68,165,227.120717,0.395431832347,-361.000187,-133.879470,-69.587015
1048576,1048576,2097152,0.106,222298,32,256,4096,68,166,228.459216,0.395431832347,-363.081117,-134.621901,-69.587015
1048576,1048576,2097152,0.106,222298,32,256,4096,68,167,229.797715,0.395431832347,-365.162100,-135.364385,-69.587015
1048576,1048576,2097152,0.106,222298,32,256,4096,68,168,231.136214,0.395431832347,-367.243139,-136.106925,-69.587015
1048576,1048576,2097152,0.106,222298,32,256,4096,68,169,232.474713,0.395431832347,-369.324239,-136.849526,-69.587015
1048576,1048576,2097152,0.106,222298,32,256,4096,68,170,233.813212,0.395431832347,-371.405403,-137.592191,-69.587015
1048576,1048576,2097152,0.106,222298,32,256,4096,68,171,235.151711,0.395431832347,-373.486633,-138.334922,-69.587015
1048576,1048576,2097152,0.106,222298,32,256,4096,68,172,236.490211,0.395431832347,-375.567932,-139.077721,-69.587015
1048576,1048576,2097152,0.106,222298,32,256,4096,68,173,237.828710,0.395431832347,-377.649301,-139.820592,-69.587015
1048576,1048576,2097152,0.106,222298,32,256,4096,68,174,239.167209,0.395431832347,-379.730743,-140.563534,-69.587015
1048576,1048576,2097152,0.106,222298,32,256,4096,68,175,240.505708,0.395431832347,-381.812258,-141.306551,-69.587015
1048576,1048576,2097152,0.106,222298,32,256,4096,68,176,241.844207,0.395431832347,-383.893849,-142.049642,-69.587015
1048576,1048576,2097152,0.106,222298,32,256,4096,68,177,243.182706,0.395431832347,-385.975515,-142.792809,-69.587015
1048576,1048576,2097152,0.106,222298,32,256,4096,68,178,244.521205,0.395431832347,-388.057258,-143.536053,-69.587015
1048576,1048576,2097152,0.106,222298,32,256,4096,68,179,245.859704,0.395431832347,-390.139078,-144.279374,-69.587015
1048576,1048576,2097152,0.106,222298,32,256,4096,68,180,247.198203,0.395431832347,-392.220977,-145.022773,-69.587015
1048576,1048576,2097152,0.106,222298,32,256,4096,68,181,248.536702,0.395431832347,-394.302953,-145.766251,-69.587015
1048576,1048576,2097152,0.106,222298,32,256,4096,68,182,249.875201,0.395431832347,-396.385007,-146.509806,-69.587015
1048576,1048576,2097152,0.106,222298,32,256,4096,68,183,251.213700,0.395431832347,-398.467140,-147.253440,-69.587015
1048576,1048576,2097152,0.106,222298,32,256,4096,68,184,252.552200,0.395431832347,-400.549352,-147.997152,-69.587015
1048576,1048576,2097152,0.106,222298,32,256,4096,68,185,253.890699,0.395431832347,-402.631641,-148.740943,-69.587015
1048576,1048576,2097152,0.106,222298,32,256,4096,68,186,255.229198,0.395431832347,-404.714009,-149.484812,-69.587015
1048576,1048576,2097152,0.106,222298,32,256,4096,68,187,256.567697,0.395431832347,-406.796455,-150.228759,-69.587015
1048576,1048576,2097152,0.106,222298,32,256,4096,68,188,257.906196,0.395431832347,-408.878979,-150.972783,-69.587015
1048576,1048576,2097152,0.106,222298,32,256,4096,68,189,259.244695,0.395431832347,-410.961581,-151.716886,-69.587015
1048576,1048576,2097152,0.106,222298,32,256,4096,68,190,260.583194,0.395431832347,-413.044259,-152.461065,-69.587015
1048576,1048576,2097152,0.106,222298,32,256,4096,68,191,261.921693,0.395431832347,-415.127014,-153.205321,-69.587015
1048576,1048576,2097152,0.106,222298,32,256,4096,68,192,263.260192,0.395431832347,-417.209846,-153.949654,-69.587015
1048576,1048576,2097152,0.106,222298,32,256,4096,68,193,264.598691,0.395431832347,-419.292754,-154.694062,-69.587015
1048576,1048576,2097152,0.106,222298,32,256,4096,68,194,265.937190,0.395431832347,-421.375737,-155.438546,-69.587015
1048576,1048576,2097152,0.106,222298,32,256,4096,68,195,267.275689,0.395431832347,-423.458795,-156.183105,-69.587015
1048576,1048576,2097152,0.106,222298,32,256,4096,68,196,268.614188,0.395431832347,-425.541927,-156.927739,-69.587015
1048576,1048576,2097152,0.106,222298,32,256,4096,68,197,269.952688,0.395431832347,-427.625134,-157.672446,-69.587015
1048576,1048576,2097152,0.106,222298,32,256,4096,68,198,271.291187,0.395431832347,-429.708413,-158.417227,-69.587015
1048576,1048576,2097152,0.106,222298,32,256,4096,68,199,272.629686,0.395431832347,-431.791766,-159.162080,-69.587015
1048576,1048576,2097152,0.106,222298,32,256,4096,68,200,273.968185,0.395431832347,-433.875191,-159.907006,-69.587015
1048576,1048576,2097152,0.106,222298,32,256,4096,68,201,275.306684,0.395431832347,-435.958688,-160.652004,-69.587015
1048576,1048576,2097152,0.106,222298,32,256,4096,68,202,276.645183,0.395431832347,-438.042256,-161.397073,-69.587015
1048576,1048576,2097152,0.106,222298,32,256,4096,68,203,277.983682,0.395431832347,-440.125895,-162.142213,-69.587015
1048576,1048576,2097152,0.106,222298,32,256,4096,68,204,279.322181,0.395431832347,-442.209604,-162.887423,-69.587015
1048576,1048576,2097152,0.106,222298,32,256,4096,68,205,280.660680,0.395431832347,-444.293383,-163.632703,-69.587015
1048576,1048576,2097152,0.106,222298,32,256,4096,68,206,281.999179,0.395431832347,-446.377230,-164.378051,-69.587015
1048576,1048576,2097152,0.106,222298,32,256,4096,68,207,283.337678,0.395431832347,-448.461146,-165.123468,-69.587015
1048576,1048576,2097152,0.106,222298,32,256,4096,68,208,284.676177,0.395431832347,-450.545130,-165.868953,-69.587015
1048576,1048576,2097152,0.106,222298,32,256,4096,68,209,286.014677,0.395431832347,-452.629181,-166.614505,-69.587015
1048576,1048576,2097152,0.106,222298,32,256,4096,68,210,287.353176,0.395431832347,-454.713299,-167.360124,-69.587015
1048576,1048576,2097152,0.106,222298,32,256,4096,68,211,288.691675,0.395431832347,-456.797483,-168.105809,-69.587015
1048576,1048576,2097152,0.106,222298,32,256,4096,68,212,290.030174,0.395431832347,-458.881733,-168.851559,-69.587015
1048576,1048576,2097152,0.106,222298,32,256,4096,68,213,291.368673,0.395431832347,-460.966048,-169.597375,-69.587015
1048576,1048576,2097152,0.106,222298,32,256,4096,68,214,292.707172,0.395431832347,-463.050428,-170.343256,-69.587015
1048576,1048576,2097152,0.106,222298,32,256,4096,68,215,294.045671,0.395431832347,-465.134871,-171.089200,-69.587015
1048576,1048576,2097152,0.106,222298,32,256,4096,68,216,295.384170,0.395431832347,-467.219378,-171.835208,-69.587015
1048576,1048576,2097152,0.106,222298,32,256,4096,68,217,296.722669,0.395431832347,-469.303948,-172.581279,-69.587015
1048576,1048576,2097152,0.106,222298,32,256,4096,68,218,298.061168,0.395431832347,-471.388581,-173.327412,-69.587015
1048576,1048576,2097152,0.106,222298,32,256,4096,68,219,299.399667,0.395431832347,-473.473275,-174.073607,-69.587015
1048576,1048576,2097152,0.106,222298,32,256,4096,68,220,300.738166,0.395431832347,-475.558031,-174.819864,-69.587015
1048576,1048576,2097152,0.106,222298,32,256,4096,70,1,-inf,,-2.237843,-inf,-inf
1048576,1048576,2097152,0.106,222298,32,256,4096,70,2,-inf,,-4.475684,-inf,-inf
1048576,1048576,2097152,0.106,222298,32,256,4096,70,3,-inf,,-6.713526,-inf,-inf
1048576,1048576,2097152,0.106,222298,32,256,4096,70,4,-inf,,-8.951366,-inf,-inf
1048576,1048576,2097152,0.106,222298,32,256,4096,70,5,-inf,,-11.189206,-inf,-inf
1048576,1048576,2097152,0.106,222298,32,256,4096,70,6,-inf,,-13.427045,-inf,-inf
1048576,1048576,2097152,0.106,222298,32,256,4096,70,7,-inf,,-15.664883,-inf,-inf
1048576,1048576,2097152,0.106,222298,32,256,4096,70,8,-inf,,-17.902721,-inf,-inf
1048576,1048576,2097152,0.106,222298,32,256,4096,70,9,-inf,,-20.140558,-inf,-inf
1048576,1048576,2097152,0.106,222298,32,256,4096,70,10,-inf,,-22.378394,-inf,-inf
1048576,1048576,2097152,0.106,222298,32,256,4096,70,11,-inf,,-24.616229,-inf,-inf
1048576,1048576,2097152,0.106,222298,32,256,4096,70,12,-inf,,-26.854064,-inf,-inf
1048576,1048576,2097152,0.106,222298,32,256,4096,70,13,-inf,,-29.091897,-inf,-inf
1048576,1048576,2097152,0.106,222298,32,256,4096,70,14,-inf,,-31.329731,-inf,-inf
1048576,1048576,2097152,0.106,222298,32,256,4096,70,15,-inf,,-33.567563,-inf,-inf
1048576,1048576,2097152,0.106,222298,32,256,4096,70,16,-inf,,-35.805394,-inf,-inf
1048576,1048576,2097152,0.106,222298,32,256,4096,70,17,-inf,,-38.043225,-inf,-inf
1048576,1048576,2097152,0.106,222298,32,256,4096,70,18,-inf,,-40.281055,-inf,-inf
1048576,1048576,2097152,0.106,222298,32,256,4096,70,19,-inf,,-42.518884,-inf,-inf
1048576,1048576,2097152,0.106,222298,32,256,4096,70,20,-inf,,-44.756712,-inf,-inf
1048576,1048576,2097152,0.106,222298,32,256,4096,70,21,-inf,,-46.994540,-inf,-inf
1048576,1048576,2097152,0.106,222298,32,256,4096,70,22,-inf,,-49.232366,-inf,-inf
1048576,1048576,2097152,0.106,222298,32,256,4096,70,23,-inf,,-51.470191,-inf,-inf
1048576,1048576,2097152,0.106,222298,32,256,4096,70,24,-inf,,-53.708016,-inf,-inf
1048576,1048576,2097152,0.106,222298,32,256,4096,70,25,-inf,,-55.945839,-inf,-inf
1048576,1048576,2097152,0.106,222298,32,256,4096,70,26,-inf,,-58.183662,-inf,-inf
1048576,1048576,2097152,0.106,222298,32,256,4096,70,27,-inf,,-60.421483,-inf,-inf
1048576,1048576,2097152,0.106,222298,32,256,4096,70,28,-inf,,-62.659303,-inf,-inf
1048576,1048576,2097152,0.106,222298,32,256,4096,70,29,-inf,,-64.897122,-inf,-inf
1048576,1048576,2097152,0.106,222298,32,256,4096,70,30,-inf,,-67.134939,-inf,-inf
1048576,1048576,2097152,0.106,222298,32,256,4096,70,31,-inf,,-69.372755,-inf,-inf
1048576,1048576,2097152,0.106,222298,32,256,4096,70,32,-inf,,-71.610569,-inf,-inf
1048576,1048576,2097152,0.106,222298,32,256,4096,70,33,-inf,,-73.848382,-inf,-inf
1048576,1048576,2097152,0.106,222298,32,256,4096,70,34,-inf,,-76.086193,-inf,-inf
1048576,1048576,2097152,0.106,222298,32,256,4096,70,35,-inf,,-78.324002,-inf,-inf
1048576,1048576,2097152,0.106,222298,32,256,4096,70,36,-inf,,-80.561808,-inf,-inf
1048576,1048576,2097152,0.106,222298,32,256,4096,70,37,-inf,,-82.799612,-inf,-inf
1048576,1048576,2097152,0.106,222298,32,256,4096,70,38,-inf,,-85.037414,-inf,-inf
1048576,1048576,2097152,0.106,222298,32,256,4096,70,39,-inf,,-87.275213,-inf,-inf
1048576,1048576,2097152,0.106,222298,32,256,4096,70,40,-inf,,-89.513008,-inf,-inf
1048576,1048576,2097152,0.106,222298,32,256,4096,70,41,-inf,,-91.750800,-inf,-inf
1048576,1048576,2097152,0.106,222298,32,256,4096,70,42,-inf,,-93.988588,-inf,-inf
1048576,1048576,2097152,0.106,222298,32,256,4096,70,43,-inf,,-96.226371,-inf,-inf
1048576,1048576,2097152,0.106,222298,32,256,4096,70,44,-inf,,-98.464149,-inf,-inf
1048576,1048576,2097152,0.106,222298,32,256,4096,70,45,-inf,,-100.701922,-inf,-inf
1048576,1048576,2097152,0.106,222298,32,256,4096,70,46,-inf,,-102.939689,-inf,-inf
1048576,1048576,2097152,0.106,222298,32,256,4096,70,47,-inf,,-105.177448,-inf,-inf
1048576,1048576,2097152,0.106,222298,32,256,4096,70,48,-inf,,-107.415200,-inf,-inf
1048576,1048576,2097152,0.106,222298,32,256,4096,70,49,-inf,,-109.652943,-inf,-inf
1048576,1048576,2097152,0.106,222298,32,256,4096,70,50,-inf,,-111.890676,-inf,-inf
1048576,1048576,2097152,0.106,222298,32,256,4096,70,51,-inf,,-114.128398,-inf,-inf
1048576,1048576,2097152,0.106,222298,32,256,4096,70,52,-inf,,-116.366107,-inf,-inf
1048576,1048576,2097152,0.106,222298,32,256,4096,70,53,-inf,,-118.603803,-inf,-inf
1048576,1048576,2097152,0.106,222298,32,256,4096,70,54,-inf,,-120.841482,-inf,-inf
1048576,1048576,2097152,0.106,222298,32,256,4096,70,55,-inf,,-123.079144,-inf,-inf
1048576,1048576,2097152,0.106,222298,32,256,4096,70,56,-inf,,-125.316785,-inf,-inf
1048576,1048576,2097152,0.106,222298,32,256,4096,70,57,-inf,,-127.554404,-inf,-inf
1048576,1048576,2097152,0.106,222298,32,256,4096,70,58,-inf,,-129.791997,-inf,-inf
1048576,1048576,2097152,0.106,222298,32,256,4096,70,59,-inf,,-132.029562,-inf,-inf
1048576,1048576,2097152,0.106,222298,32,256,4096,70,60,-inf,,-134.267094,-inf,-inf
1048576,1048576,2097152,0.106,222298,32,256,4096,70,61,-inf,,-136.504589,-inf,-inf
1048576,1048576,2097152,0.106,222298,32,256,4096,70,62,-inf,,-138.742043,-inf,-inf
1048576,1048576,2097152,0.106,222298,32,256,4096,70,63,-inf,,-140.979450,-inf,-inf
1048576,1048576,2097152,0.106,222298,32,256,4096,70,64,-inf,,-143.216806,-inf,-inf
1048576,1048576,2097152,0.106,222298,32,256,4096,70,65,-inf,,-145.454102,-inf,-inf
1048576,1048576,2097152,0.106,222298,32,256,4096,70,66,-inf,,-147.691331,-inf,-inf
1048576,1048576,2097152,0.106,222298,32,256,4096,70,67,-inf,,-149.928486,-inf,-inf
1048576,1048576,2097152,0.106,222298,32,256,4096,70,68,-inf,,-152.165557,-inf,-inf
1048576,1048576,2097152,0.106,222298,32,256,4096,70,69,-inf,,-154.402533,-inf,-inf
1048576,1048576,2097152,0.106,222298,32,256,4096,70,70,84.259103,0.352176111989,-156.639403,-72.380300,-72.380300
1048576,1048576,2097152,0.106,222298,32,256,4096,70,71,85.764734,0.352176111989,-158.876152,-73.111418,-71.700033
1048576,1048576,2097152,0.106,222298,32,256,4096,70,72,87.270365,0.352176111989,-161.112767,-73.842402,-71.405477
1048576,1048576,2097152,0.106,222298,32,256,4096,70,73,88.775996,0.352176111989,-163.349231,-74.573235,-71.253257
1048576,1048576,2097152,0.106,222298,32,256,4096,70,74,90.281627,0.352176111989,-165.585524,-75.303897,-71.168724
1048576,1048576,2097152,0.106,222298,32,256,4096,70,75,91.787258,0.352176111989,-167.821627,-76.034369,-71.120069
1048576,1048576,2097152,0.106,222298,32,256,4096,70,76,93.292889,0.352176111989,-170.057515,-76.764626,-71.091514
1048576,1048576,2097152,0.106,222298,32,256,4096,70,77,94.798520,0.352176111989,-172.293162,-77.494642,-71.074567
1048576,1048576,2097152,0.106,222298,32,256,4096,70,78,96.304151,0.352176111989,-174.528540,-78.224389,-71.064443
1048576,1048576,2097152,0.106,222298,32,256,4096,70,79,97.809782,0.352176111989,-176.763616,-78.953833,-71.058372
1048576,1048576,2097152,0.106,222298,32,256,4096,70,80,99.315413,0.352176111989,-178.998353,-79.682940,-71.054721
1048576,1048576,2097152,0.106,222298,32,256,4096,70,81,100.821044,0.352176111989,-181.232711,-80.411667,-71.052522
1048576,1048576,2097152,0.106,222298,32,256,4096,70,82,102.326675,0.352176111989,-183.466646,-81.139971,-71.051197
1048576,1048576,2097152,0.106,222298,32,256,4096,70,83,103.832306,0.352176111989,-185.700107,-81.867800,-71.050397
1048576,1048576,2097152,0.106,222298,32,256,4096,70,84,105.337937,0.352176111989,-187.933039,-82.595102,-71.049914
1048576,1048576,2097152,0.106,222298,32,256,4096,70,85,106.843568,0.352176111989,-190.165381,-83.321813,-71.049623
1048576,1048576,2097152,0.106,222298,32,256,4096,70,86,108.349199,0.352176111989,-192.397066,-84.047867,-71.049446
1048576,1048576,2097152,0.106,222298,32,256,4096,70,87,109.854830,0.352176111989,-194.628018,-84.773188,-71.049340
1048576,1048576,2097152,0.106,222298,32,256,4096,70,88,111.360462,0.352176111989,-196.858157,-85.497695,-71.049275
1048576,1048576,2097152,0.106,222298,32,256,4096,70,89,112.866093,0.352176111989,-199.087391,-86.221298,-71.049236
1048576,1048576,2097152,0.106,222298,32,256,4096,70,90,114.371724,0.352176111989,-201.315623,-86.943900,-71.049212
1048576,1048576,2097152,0.106,222298,32,256,4096,70,91,115.877355,0.352176111989,-203.542744,-87.665390,-71.049198
1048576,1048576,2097152,0.106,222298,32,256,4096,70,92,117.382986,0.352176111989,-205.768640,-88.385654,-71.049189
1048576,1048576,2097152,0.106,222298,32,256,4096,70,93,118.888617,0.352176111989,-207.993180,-89.104563,-71.049184
1048576,1048576,2097152,0.106,222298,32,256,4096,70,94,120.394248,0.352176111989,-210.216231,-89.821983,-71.049181
1048576,1048576,2097152,0.106,222298,32,256,4096,70,95,121.899879,0.352176111989,-212.437643,-90.537765,-71.049179
1048576,1048576,2097152,0.106,222298,32,256,4096,70,96,123.405510,0.352176111989,-214.657262,-91.251753,-71.049178
1048576,1048576,2097152,0.106,222298,32,256,4096,70,97,124.911141,0.352176111989,-216.874919,-91.963778,-71.049177
1048576,1048576,2097152,0.106,222298,32,256,4096,70,98,126.416772,0.352176111989,-219.090440,-92.673668,-71.049177
1048576,1048576,2097152,0.106,222298,32,256,4096,70,99,127.922403,0.352176111989,-221.303637,-93.381234,-71.049176
1048576,1048576,2097152,0.106,222298,32,256,4096,70,100,129.428034,0.352176111989,-223.514322,-94.086288,-71.049176
1048576,1048576,2097152,0.106,222298,32,256,4096,70,101,130.933665,0.352176111989,-225.722292,-94.788627,-71.049176
1048576,1048576,2097152,0.106,222298,32,256,4096,70,102,132.439296,0.352176111989,-227.927350,-95.488054,-71.049176
1048576,1048576,2097152,0.106,222298,32,256,4096,70,103,133.944927,0.352176111989,-230.129288,-96.184361,-71.049176
1048576,1048576,2097152,0.106,222298,32,256,4096,70,104,135.450558,0.352176111989,-232.327903,-96.877345,-71.049176
1048576,1048576,2097152,0.106,222298,32,256,4096,70,105,136.956189,0.352176111989,-234.522998,-97.566809,-71.049176
1048576,1048576,2097152,0.106,222298,32,256,4096,70,106,138.461820,0.352176111989,-236.714376,-98.252556,-71.049176
1048576,1048576,2097152,0.106,222298,32,256,4096,70,107,139.967451,0.352176111989,-238.901855,-98.934404,-71.049176
1048576,1048576,2097152,0.106,222298,32,256,4096,70,108,141.473082,0.352176111989,-241.085269,-99.612187,-71.049176
1048576,1048576,2097152,0.106,222298,32,256,4096,70,109,142.978713,0.352176111989,-243.264462,-100.285748,-71.049176
1048576,1048576,2097152,0.106,222298,32,256,4096,70,110,144.484344,0.352176111989,-245.439303,-100.954959,-71.049176
1048576,1048576,2097152,0.106,222298,32,256,4096,70,111,145.989975,0.352176111989,-247.609688,-101.619713,-71.049176
1048576,1048576,2097152,0.106,222298,32,256,4096,70,112,147.495606,0.352176111989,-249.775532,-102.279926,-71.049176
1048576,1048576,2097152,0.106,222298,32,256,4096,70,113,149.001238,0.352176111989,-251.936783,-102.935546,-71.049176
1048576,1048576,2097152,0.106,222298,32,256,4096,70,114,150.506869,0.352176111989,-254.093421,-103.586552,-71.049176
1048576,1048576,2097152,0.106,222298,32,256,4096,70,115,152.012500,0.352176111989,-256.245448,-104.232948,-71.049176
1048576,1048576,2097152,0.106,222298,32,256,4096,70,116,153.518131,0.352176111989,-258.392905,-104.874774,-71.049176
1048576,1048576,2097152,0.106,222298,32,256,4096,70,117,155.023762,0.352176111989,-260.535860,-105.512098,-71.049176
1048576,1048576,2097152,0.106,222298,32,256,4096,70,118,156.529393,0.352176111989,-262.674404,-106.145011,-71.049176
1048576,1048576,2097152,0.106,222298,32,256,4096,70,119,158.035024,0.352176111989,-264.808660,-106.773636,-71.049176
1048576,1048576,2097152,0.106,222298,32,256,4096,70,120,159.540655,0.352176111989,-266.938772,-107.398117,-71.049176
1048576,1048576,2097152,0.106,222298,32,256,4096,70,121,161.046286,0.352176111989,-269.064898,-108.018612,-71.049176
1048576,1048576,2097152,0.106,222298,32,256,4096,70,122,162.551917,0.352176111989,-271.187219,-108.635302,-71.049176
1048576,1048576,2097152,0.106,222298,32,256,4096,70,123,164.057548,0.352176111989,-273.305926,-109.248378,-71.049176
1048576,1048576,2097152,0.106,222298,32,256,4096,70,124,165.563179,0.352176111989,-275.421216,-109.858037,-71.049176
1048576,1048576,2097152,0.106,222298,32,256,4096,70,125,167.068810,0.352176111989,-277.533295,-110.464485,-71.049176
1048576,1048576,2097152,0.106,222298,32,256,4096,70,126,168.574441,0.352176111989,-279.642372,-111.067931,-71.049176
1048576,1048576,2097152,0.106,222298,32,256,4096,70,127,170.080072,0.352176111989,-281.748651,-111.668579,-71.049176
1048576,1048576,2097152,0.106,222298,32,256,4096,70,128,171.585703,0.352176111989,-283.852337,-112.266634,-71.049176
1048576,1048576,2097152,0.106,222298,32,256,4096,70,129,173.091334,0.352176111989,-285.953631,-112.862297,-71.049176
1048576,1048576,2097152,0.106,222298,32,256,4096,70,130,174.596965,0.352176111989,-288.052724,-113.455758,-71.049176
1048576,1048576,2097152,0.106,222298,32,256,4096,70,131,176.102596,0.352176111989,-290.149799,-114.047203,-71.049176
1048576,1048576,2097152,0.106,222298,32,256,4096,70,132,177.608227,0.352176111989,-292.245035,-114.636808,-71.049176
1048576,1048576,2097152,0.106,222298,32,256,4096,70,133,179.113858,0.352176111989,-294.338595,-115.224737,-71.049176
1048576,1048576,2097152,0.106,222298,32,256,4096,70,134,180.619489,0.352176111989,-296.430636,-115.811146,-71.049176
1048576,1048576,2097152,0.106,222298,32,256,4096,70,135,182.125120,0.352176111989,-298.521304,-116.396183,-71.049176
1048576,1048576,2097152,0.106,222298,32,256,4096,70,136,183.630751,0.352176111989,-300.610733,-116.979982,-71.049176
1048576,1048576,2097152,0.106,222298,32,256,4096,70,137,185.136382,0.352176111989,-302.699049,-117.562667,-71.049176
1048576,1048576,2097152,0.106,222298,32,256,4096,70,138,186.642014,0.352176111989,-304.786369,-118.144355,-71.049176
1048576,1048576,2097152,0.106,222298,32,256,4096,70,139,188.147645,0.352176111989,-306.872797,-118.725152,-71.049176
1048576,1048576,2097152,0.106,222298,32,256,4096,70,140,189.653276,0.352176111989,-308.958431,-119.305155,-71.049176
1048576,1048576,2097152,0.106,222298,32,256,4096,70,141,191.158907,0.352176111989,-311.043360,-119.884453,-71.049176
1048576,1048576,2097152,0.106,222298,32,256,4096,70,142,192.664538,0.352176111989,-313.127665,-120.463127,-71.049176
1048576,1048576,2097152,0.106,222298,32,256,4096,70,143,194.170169,0.352176111989,-315.211418,-121.041250,-71.049176
1048576,1048576,2097152,0.106,222298,32,256,4096,70,144,195.675800,0.352176111989,-317.294688,-121.618888,-71.049176
1048576,1048576,2097152,0.106,222298,32,256,4096,70,145,197.181431,0.352176111989,-319.377534,-122.196103,-71.049176
1048576,1048576,2097152,0.106,222298,32,256,4096,70,146,198.687062,0.352176111989,-321.460010,-122.772948,-71.049176
1048576,1048576,2097152,0.106,222298,32,256,4096,70,147,200.192693,0.352176111989,-323.542166,-123.349473,-71.049176
1048576,1048576,2097152,0.106,222298,32,256,4096,70,148,201.698324,0.352176111989,-325.624045,-123.925721,-71.049176
1048576,1048576,2097152,0.106,222298,32,256,4096,70,149,203.203955,0.352176111989,-327.705688,-124.501733,-71.049176
1048576,1048576,2097152,0.106,222298,32,256,4096,70,150,204.709586,0.352176111989,-329.787131,-125.077545,-71.049176
1048576,1048576,2097152,0.106,222298,32,256,4096,70,151,206.215217,0.352176111989,-331.868404,-125.653187,-71.049176
1048576,1048576,2097152,0.106,222298,32,256,4096,70,152,207.720848,0.352176111989,-333.949538,-126.228690,-71.049176
1048576,1048576,2097152,0.106,222298,32,256,4096,70,153,209.226479,0.352176111989,-336.030557,-126.804078,-71.049176
1048576,1048576,2097152,0.106,222298,32,256,4096,70,154,210.732110,0.352176111989,-338.111485,-127.379375,-71.049176
1048576,1048576,2097152,0.106,222298,32,256,4096,70,155,212.237741,0.352176111989,-340.192342,-127.954601,-71.049176
1048576,1048576,2097152,0.106,222298,32,256,4096,70,156,213.743372,0.352176111989,-342.273146,-128.529774,-71.049176
1048576,1048576,2097152,0.106,222298,32,256,4096,70,157,215.249003,0.352176111989,-344.353915,-129.104911,-71.049176
1048576,1048576,2097152,0.106,222298,32,256,4096,70,158,216.754634,0.352176111989,-346.434661,-129.680026,-71.049176
1048576,1048576,2097152,0.106,222298,32,256,4096,70,159,218.260265,0.352176111989,-348.515398,-130.255132,-71.049176
1048576,1048576,2097152,0.106,222298,32,256,4096,70,160,219.765896,0.352176111989,-350.596137,-130.830241,-71.049176
1048576,1048576,2097152,0.106,222298,32,256,4096,70,161,221.271527,0.352176111989,-352.676889,-131.405362,-71.049176
1048576,1048576,2097152,0.106,222298,32,256,4096,70,162,222.777158,0.352176111989,-354.757663,-131.980504,-71.049176
1048576,1048576,2097152,0.106,222298,32,256,4096,70,163,224.282790,0.352176111989,-356.838466,-132.555676,-71.049176
1048576,1048576,2097152,0.106,222298,32,256,4096,70,164,225.782218,0.395431832347,-358.919305,-133.137087,-71.049176
1048576,1048576,2097152,0.106,222298,32,256,4096,70,165,227.120717,0.395431832347,-361.000187,-133.879470,-71.049176
1048576,1048576,2097152,0.106,222298,32,256,4096,70,166,228.459216,0.395431832347,-363.081117,-134.621901,-71.049176
1048576,1048576,2097152,0.106,222298,32,256,4096,70,167,229.797715,0.395431832347,-365.162100,-135.364385,-71.049176
1048576,1048576,2097152,0.106,222298,32,256,4096,70,168,231.136214,0.395431832347,-367.243139,-136.106925,-71.049176
1048576,1048576,2097152,0.106,222298,32,256,4096,70,169,232.474713,0.395431832347,-369.324239,-136.849526,-71.049176
1048576,1048576,2097152,0.106,222298,32,256,4096,70,170,233.813212,0.395431832347,-371.405403,-137.592191,-71.049176
1048576,1048576,2097152,0.106,222298,32,256,4096,70,171,235.151711,0.395431832347,-373.486633,-138.334922,-71.049176
1048576,1048576,2097152,0.106,222298,32,256,4096,70,172,236.490211,0.395431832347,-375.567932,-139.077721,-71.049176
1048576,1048576,2097152,0.106,222298,32,256,4096,70,173,237.828710,0.395431832347,-377.649301,-139.820592,-71.049176
1048576,1048576,2097152,0.106,222298,32,256,4096,70,174,239.167209,0.395431832347,-379.730743,-140.563534,-71.049176
1048576,1048576,2097152,0.106,222298,32,256,4096,70,175,240.505708,0.395431832347,-381.812258,-141.306551,-71.049176
1048576,1048576,2097152,0.106,222298,32,256,4096,70,176,241.844207,0.395431832347,-383.893849,-142.049642,-71.049176
1048576,1048576,2097152,0.106,222298,32,256,4096,70,177,243.182706,0.395431832347,-385.975515,-142.792809,-71.049176
1048576,1048576,2097152,0.106,222298,32,256,4096,70,178,244.521205,0.395431832347,-388.057258,-143.536053,-71.049176
1048576,1048576,2097152,0.106,222298,32,256,4096,70,179,245.859704,0.395431832347,-390.139078,-144.279374,-71.049176
1048576,1048576,2097152,0.106,222298,32,256,4096,70,180,247.198203,0.395431832347,-392.220977,-145.022773,-71.049176
1048576,1048576,2097152,0.106,222298,32,256,4096,70,181,248.536702,0.395431832347,-394.302953,-145.766251,-71.049176
1048576,1048576,2097152,0.106,222298,32,256,4096,70,182,249.875201,0.395431832347,-396.385007,-146.509806,-71.049176
1048576,1048576,2097152,0.106,222298,32,256,4096,70,183,251.213700,0.395431832347,-398.467140,-147.253440,-71.049176
1048576,1048576,2097152,0.106,222298,32,256,4096,70,184,252.552200,0.395431832347,-400.549352,-147.997152,-71.049176
1048576,1048576,2097152,0.106,222298,32,256,4096,70,185,253.890699,0.395431832347,-402.631641,-148.740943,-71.049176
1048576,1048576,2097152,0.106,222298,32,256,4096,70,186,255.229198,0.395431832347,-404.714009,-149.484812,-71.049176
1048576,1048576,2097152,0.106,222298,32,256,4096,70,187,256.567697,0.395431832347,-406.796455,-150.228759,-71.049176
1048576,1048576,2097152,0.106,222298,32,256,4096,70,188,257.906196,0.395431832347,-408.878979,-150.972783,-71.049176
1048576,1048576,2097152,0.106,222298,32,256,4096,70,189,259.244695,0.395431832347,-410.961581,-151.716886,-71.049176
1048576,1048576,2097152,0.106,222298,32,256,4096,70,190,260.583194,0.395431832347,-413.044259,-152.461065,-71.049176
1048576,1048576,2097152,0.106,222298,32,256,4096,70,191,261.921693,0.395431832347,-415.127014,-153.205321,-71.049176
1048576,1048576,2097152,0.106,222298,32,256,4096,70,192,263.260192,0.395431832347,-417.209846,-153.949654,-71.049176
1048576,1048576,2097152,0.106,222298,32,256,4096,70,193,264.598691,0.395431832347,-419.292754,-154.694062,-71.049176
1048576,1048576,2097152,0.106,222298,32,256,4096,70,194,265.937190,0.395431832347,-421.375737,-155.438546,-71.049176
1048576,1048576,2097152,0.106,222298,32,256,4096,70,195,267.275689,0.395431832347,-423.458795,-156.183105,-71.049176
1048576,1048576,2097152,0.106,222298,32,256,4096,70,196,268.614188,0.395431832347,-425.541927,-156.927739,-71.049176
1048576,1048576,2097152,0.106,222298,32,256,4096,70,197,269.952688,0.395431832347,-427.625134,-157.672446,-71.049176
1048576,1048576,2097152,0.106,222298,32,256,4096,70,198,271.291187,0.395431832347,-429.708413,-158.417227,-71.049176
1048576,1048576,2097152,0.106,222298,32,256,4096,70,199,272.629686,0.395431832347,-431.791766,-159.162080,-71.049176
1048576,1048576,2097152,0.106,222298,32,256,4096,70,200,273.968185,0.395431832347,-433.875191,-159.907006,-71.049176
1048576,1048576,2097152,0.106,222298,32,256,4096,70,201,275.306684,0.395431832347,-435.958688,-160.652004,-71.049176
1048576,1048576,2097152,0.106,222298,32,256,4096,70,202,276.645183,0.395431832347,-438.042256,-161.397073,-71.049176
1048576,1048576,2097152,0.106,222298,32,256,4096,70,203,277.983682,0.395431832347,-440.125895,-162.142213,-71.049176
1048576,1048576,2097152,0.106,222298,32,256,4096,70,204,279.322181,0.395431832347,-442.209604,-162.887423,-71.049176
1048576,1048576,2097152,0.106,222298,32,256,4096,70,205,280.660680,0.395431832347,-444.293383,-163.632703,-71.049176
1048576,1048576,2097152,0.106,222298,32,256,4096,70,206,281.999179,0.395431832347,-446.377230,-164.378051,-71.049176
1048576,1048576,2097152,0.106,222298,32,256,4096,70,207,283.337678,0.395431832347,-448.461146,-165.123468,-71.049176
1048576,1048576,2097152,0.106,222298,32,256,4096,70,208,284.676177,0.395431832347,-450.545130,-165.868953,-71.049176
1048576,1048576,2097152,0.106,222298,32,256,4096,70,209,286.014677,0.395431832347,-452.629181,-166.614505,-71.049176
1048576,1048576,2097152,0.106,222298,32,256,4096,70,210,287.353176,0.395431832347,-454.713299,-167.360124,-71.049176
1048576,1048576,2097152,0.106,222298,32,256,4096,70,211,288.691675,0.395431832347,-456.797483,-168.105809,-71.049176
1048576,1048576,2097152,0.106,222298,32,256,4096,70,212,290.030174,0.395431832347,-458.881733,-168.851559,-71.049176
1048576,1048576,2097152,0.106,222298,32,256,4096,70,213,291.368673,0.395431832347,-460.966048,-169.597375,-71.049176
1048576,1048576,2097152,0.106,222298,32,256,4096,70,214,292.707172,0.395431832347,-463.050428,-170.343256,-71.049176
1048576,1048576,2097152,0.106,222298,32,256,4096,70,215,294.045671,0.395431832347,-465.134871,-171.089200,-71.049176
1048576,1048576,2097152,0.106,222298,32,256,4096,70,216,295.384170,0.395431832347,-467.219378,-171.835208,-71.049176
1048576,1048576,2097152,0.106,222298,32,256,4096,70,217,296.722669,0.395431832347,-469.303948,-172.581279,-71.049176
1048576,1048576,2097152,0.106,222298,32,256,4096,70,218,298.061168,0.395431832347,-471.388581,-173.327412,-71.049176
1048576,1048576,2097152,0.106,222298,32,256,4096,70,219,299.399667,0.395431832347,-473.473275,-174.073607,-71.049176
1048576,1048576,2097152,0.106,222298,32,256,4096,70,220,300.738166,0.395431832347,-475.558031,-174.819864,-71.049176
1048576,1048576,2097152,0.106,222298,32,256,4096,72,1,-inf,,-2.237843,-inf,-inf
1048576,1048576,2097152,0.106,222298,32,256,4096,72,2,-inf,,-4.475684,-inf,-inf
1048576,1048576,2097152,0.106,222298,32,256,4096,72,3,-inf,,-6.713526,-inf,-inf
1048576,1048576,2097152,0.106,222298,32,256,4096,72,4,-inf,,-8.951366,-inf,-inf
1048576,1048576,2097152,0.106,222298,32,256,4096,72,5,-inf,,-11.189206,-inf,-inf
1048576,1048576,2097152,0.106,222298,32,256,4096,72,6,-inf,,-13.427045,-inf,-inf
1048576,1048576,2097152,0.106,222298,32,256,4096,72,7,-inf,,-15.664883,-inf,-inf
1048576,1048576,2097152,0.106,222298,32,256,4096,72,8,-inf,,-17.902721,-inf,-inf
1048576,1048576,2097152,0.106,222298,32,256,4096,72,9,-inf,,-20.140558,-inf,-inf
1048576,1048576,2097152,0.106,222298,32,256,4096,72,10,-inf,,-22.378394,-inf,-inf
1048576,1048576,2097152,0.106,222298,32,256,4096,72,11,-inf,,-24.616229,-inf,-inf
1048576,1048576,2097152,0.106,222298,32,256,4096,72,12,-inf,,-26.854064,-inf,-inf
1048576,1048576,2097152,0.106,222298,32,256,4096,72,13,-inf,,-29.091897,-inf,-inf
1048576,1048576,2097152,0.106,222298,32,256,4096,72,14,-inf,,-31.329731,-inf,-inf
1048576,1048576,2097152,0.106,222298,32,256,4096,72,15,-inf,,-33.567563,-inf,-inf
1048576,1048576,2097152,0.106,222298,32,256,4096,72,16,-inf,,-35.805394,-inf,-inf
1048576,1048576,2097152,0.106,222298,32,256,4096,72,17,-inf,,-38.043225,-inf,-inf
1048576,1048576,2097152,0.106,222298,32,256,4096,72,18,-inf,,-40.281055,-inf,-inf
1048576,1048576,2097152,0.106,222298,32,256,4096,72,19,-inf,,-42.518884,-inf,-inf
1048576,1048576,2097152,0.106,222298,32,256,4096,72,20,-inf,,-44.756712,-inf,-inf
1048576,1048576,2097152,0.106,222298,32,256,4096,72,21,-inf,,-46.994540,-inf,-inf
1048576,1048576,2097152,0.106,222298,32,256,4096,72,22,-inf,,-49.232366,-inf,-inf
1048576,1048576,2097152,0.106,222298,32,256,4096,72,23,-inf,,-51.470191,-inf,-inf
1048576,1048576,2097152,0.106,222298,32,256,4096,72,24,-inf,,-53.708016,-inf,-inf
1048576,1048576,2097152,0.106,222298,32,256,4096,72,25,-inf,,-55.945839,-inf,-inf
1048576,1048576,2097152,0.106,222298,32,256,4096,72,26,-inf,,-58.183662,-inf,-inf
1048576,1048576,2097152,0.106,222298,32,256,4096,72,27,-inf,,-60.421483,-inf,-inf
1048576,1048576,2097152,0.106,222298,32,256,4096,72,28,-inf,,-62.659303,-inf,-inf
1048576,1048576,2097152,0.106,222298,32,256,4096,72,29,-inf,,-64.897122,-inf,-inf
1048576,1048576,2097152,0.106,222298,32,256,4096,72,30,-inf,,-67.134939,-inf,-inf
1048576,1048576,2097152,0.106,222298,32,256,4096,72,31,-inf,,-69.372755,-inf,-inf
1048576,1048576,2097152,0.106,222298,32,256,4096,72,32,-inf,,-71.610569,-inf,-inf
1048576,1048576,2097152,0.106,222298,32,256,4096,72,33,-inf,,-73.848382,-inf,-inf
1048576,1048576,2097152,0.106,222298,32,256,4096,72,34,-inf,,-76.086193,-inf,-inf
1048576,1048576,2097152,0.106,222298,32,256,4096,72,35,-inf,,-78.324002,-inf,-inf
1048576,1048576,2097152,0.106,222298,32,256,4096,72,36,-inf,,-80.561808,-inf,-inf
1048576,1048576,2097152,0.106,222298,32,256,4096,72,37,-inf,,-82.799612,-inf,-inf
1048576,1048576,2097152,0.106,222298,32,256,4096,72,38,-inf,,-85.037414,-inf,-inf
1048576,1048576,2097152,0.106,222298,32,256,4096,72,39,-inf,,-87.275213,-inf,-inf
1048576,1048576,2097152,0.106,222298,32,256,4096,72,40,-inf,,-89.513008,-inf,-inf
1048576,1048576,2097152,0.106,222298,32,256,4096,72,41,-inf,,-91.750800,-inf,-inf
1048576,1048576,2097152,0.106,222298,32,256,4096,72,42,-inf,,-93.988588,-inf,-inf
1048576,1048576,2097152,0.106,222298,32,256,4096,72,43,-inf,,-96.226371,-inf,-inf
1048576,1048576,2097152,0.106,222298,32,256,4096,72,44,-inf,,-98.464149,-inf,-inf
1048576,1048576,2097152,0.106,222298,32,256,4096,72,45,-inf,,-100.701922,-inf,-inf
1048576,1048576,2097152,0.106,222298,32,256,4096,72,46,-inf,,-102.939689,-inf,-inf
1048576,1048576,2097152,0.106,222298,32,256,4096,72,47,-inf,,-105.177448,-inf,-inf
1048576,1048576,2097152,0.106,222298,32,256,4096,72,48,-inf,,-107.415200,-inf,-inf
1048576,1048576,2097152,0.106,222298,32,256,4096,72,49,-inf,,-109.652943,-inf,-inf
1048576,1048576,2097152,0.106,222298,32,256,4096,72,50,-inf,,-111.890676,-inf,-inf
1048576,1048576,2097152,0.106,222298,32,256,4096,72,51,-inf,,-114.128398,-inf,-inf
1048576,1048576,2097152,0.106,222298,32,256,4096,72,52,-inf,,-116.366107,-inf,-inf
1048576,1048576,2097152,0.106,222298,32,256,4096,72,53,-inf,,-118.603803,-inf,-inf
1048576,1048576,2097152,0.106,222298,32,256,4096,72,54,-inf,,-120.841482,-inf,-inf
1048576,1048576,2097152,0.106,222298,32,256,4096,72,55,-inf,,-123.079144,-inf,-inf
1048576,1048576,2097152,0.106,222298,32,256,4096,72,56,-inf,,-125.316785,-inf,-inf
1048576,1048576,2097152,0.106,222298,32,256,4096,72,57,-inf,,-127.554404,-inf,-inf
1048576,1048576,2097152,0.106,222298,32,256,4096,72,58,-inf,,-129.791997,-inf,-inf
1048576,1048576,2097152,0.106,222298,32,256,4096,72,59,-inf,,-132.029562,-inf,-inf
1048576,1048576,2097152,0.106,222298,32,256,4096,72,60,-inf,,-134.267094,-inf,-inf
1048576,1048576,2097152,0.106,222298,32,256,4096,72,61,-inf,,-136.504589,-inf,-inf
1048576,1048576,2097152,0.106,222298,32,256,4096,72,62,-inf,,-138.742043,-inf,-inf
1048576,1048576,2097152,0.106,222298,32,256,4096,72,63,-inf,,-140.979450,-inf,-inf
1048576,1048576,2097152,0.106,222298,32,256,4096,72,64,-inf,,-143.216806,-inf,-inf
1048576,1048576,2097152,0.106,222298,32,256,4096,72,65,-inf,,-145.454102,-inf,-inf
1048576,1048576,2097152,0.106,222298,32,256,4096,72,66,-inf,,-147.691331,-inf,-inf
1048576,1048576,2097152,0.106,222298,32,256,4096,72,67,-inf,,-149.928486,-inf,-inf
1048576,1048576,2097152,0.106,222298,32,256,4096,72,68,-inf,,-152.165557,-inf,-inf
1048576,1048576,2097152,0.106,222298,32,256,4096,72,69,-inf,,-154.402533,-inf,-inf
1048576,1048576,2097152,0.106,222298,32,256,4096,72,70,-inf,,-156.639403,-inf,-inf
1048576,1048576,2097152,0.106,222298,32,256,4096,72,71,-inf,,-158.876152,-inf,-inf
1048576,1048576,2097152,0.106,222298,32,256,4096,72,72,87.270365,0.352176111989,-161.112767,-73.842402,-73.842402
1048576,1048576,2097152,0.106,222298,32,256,4096,72,73,88.775996,0.352176111989,-163.349231,-74.573235,-73.162028
1048576,1048576,2097152,0.106,222298,32,256,4096,72,74,90.281627,0.352176111989,-165.585524,-75.303897,-72.867379
1048576,1048576,2097152,0.106,222298,32,256,4096,72,75,91.787258,0.352176111989,-167.821627,-76.034369,-72.715082
1048576,1048576,2097152,0.106,222298,32,256,4096,72,76,93.292889,0.352176111989,-170.057515,-76.764626,-72.630487
1048576,1048576,2097152,0.106,222298,32,256,4096,72,77,94.798520,0.352176111989,-172.293162,-77.494642,-72.581783
1048576,1048576,2097152,0.106,222298,32,256,4096,72,78,96.304151,0.352176111989,-174.528540,-78.224389,-72.553189
1048576,1048576,2097152,0.106,222298,32,256,4096,72,79,97.809782,0.352176111989,-176.763616,-78.953833,-72.536213
1048576,1048576,2097152,0.106,222298,32,256,4096,72,80,99.315413,0.352176111989,-178.998353,-79.682940,-72.526068
1048576,1048576,2097152,0.106,222298,32,256,4096,72,81,100.821044,0.352176111989,-181.232711,-80.411667,-72.519980
1048576,1048576,2097152,0.106,222298,32,256,4096,72,82,102.326675,0.352176111989,-183.466646,-81.139971,-72.516318
1048576,1048576,2097152,0.106,222298,32,256,4096,72,83,103.832306,0.352176111989,-185.700107,-81.867800,-72.514111
1048576,1048576,2097152,0.106,222298,32,256,4096,72,84,105.337937,0.352176111989,-187.933039,-82.595102,-72.512780
1048576,1048576,2097152,0.106,222298,32,256,4096,72,85,106.843568,0.352176111989,-190.165381,-83.321813,-72.511976
1048576,1048576,2097152,0.106,222298,32,256,4096,72,86,108.349199,0.352176111989,-192.397066,-84.047867,-72.511490
1048576,1048576,2097152,0.106,222298,32,256,4096,72,87,109.854830,0.352176111989,-194.628018,-84.773188,-72.511196
1048576,1048576,2097152,0.106,222298,32,256,4096,72,88,111.360462,0.352176111989,-196.858157,-85.497695,-72.511019
1048576,1048576,2097152,0.106,222298,32,256,4096,72,89,112.866093,0.352176111989,-199.087391,-86.221298,-72.510911
1048576,1048576,2097152,0.106,222298,32,256,4096,72,90,114.371724,0.352176111989,-201.315623,-86.943900,-72.510846
1048576,1048576,2097152,0.106,222298,32,256,4096,72,91,115.877355,0.352176111989,-203.542744,-87.665390,-72.510806
1048576,1048576,2097152,0.106,222298,32,256,4096,72,92,117.382986,0.352176111989,-205.768640,-88.385654,-72.510782
1048576,1048576,2097152,0.106,222298,32,256,4096,72,93,118.888617,0.352176111989,-207.993180,-89.104563,-72.510768
1048576,1048576,2097152,0.106,222298,32,256,4096,72,94,120.394248,0.352176111989,-210.216231,-89.821983,-72.510759
1048576,1048576,2097152,0.106,222298,32,256,4096,72,95,121.899879,0.352176111989,-212.437643,-90.537765,-72.510753
1048576,1048576,2097152,0.106,222298,32,256,4096,72,96,123.405510,0.352176111989,-214.657262,-91.251753,-72.510750
1048576,1048576,2097152,0.106,222298,32,256,4096,72,97,124.911141,0.352176111989,-216.874919,-91.963778,-72.510748
1048576,1048576,2097152,0.106,222298,32,256,4096,72,98,126.416772,0.352176111989,-219.090440,-92.673668,-72.510747
1048576,1048576,2097152,0.106,222298,32,256,4096,72,99,127.922403,0.352176111989,-221.303637,-93.381234,-72.510746
1048576,1048576,2097152,0.106,222298,32,256,4096,72,100,129.428034,0.352176111989,-223.514322,-94.086288,-72.510746
1048576,1048576,2097152,0.106,222298,32,256,4096,72,101,130.933665,0.352176111989,-225.722292,-94.788627,-72.510745
1048576,1048576,2097152,0.106,222298,32,256,4096,72,102,132.439296,0.352176111989,-227.927350,-95.488054,-72.510745
1048576,1048576,2097152,0.106,222298,32,256,4096,72,103,133.944927,0.352176111989,-230.129288,-96.184361,-72.510745
1048576,1048576,2097152,0.106,222298,32,256,4096,72,104,135.450558,0.352176111989,-232.327903,-96.877345,-72.510745
1048576,1048576,2097152,0.106,222298,32,256,4096,72,105,136.956189,0.352176111989,-234.522998,-97.566809,-72.510745
1048576,1048576,2097152,0.106,222298,32,256,4096,72,106,138.461820,0.352176111989,-236.714376,-98.252556,-72.510745
1048576,1048576,2097152,0.106,222298,32,256,4096,72,107,139.967451,0.352176111989,-238.901855,-98.934404,-72.510745
1048576,1048576,2097152,0.106,222298,32,256,4096,72,108,141.473082,0.352176111989,-241.085269,-99.612187,-72.510745
1048576,1048576,2097152,0.106,222298,32,256,4096,72,109,142.978713,0.352176111989,-243.264462,-100.285748,-72.510745
1048576,1048576,2097152,0.106,222298,32,256,4096,72,110,144.484344,0.352176111989,-245.439303,-100.954959,-72.510745
1048576,1048576,2097152,0.106,222298,32,256,4096,72,111,145.989975,0.352176111989,-247.609688,-101.619713,-72.510745
1048576,1048576,2097152,0.106,222298,32,256,4096,72,112,147.495606,0.352176111989,-249.775532,-102.279926,-72.510745
1048576,1048576,2097152,0.106,222298,32,256,4096,72,113,149.001238,0.352176111989,-251.936783,-102.935546,-72.510745
1048576,1048576,2097152,0.106,222298,32,256,4096,72,114,150.506869,0.352176111989,-254.093421,-103.586552,-72.510745
1048576,1048576,2097152,0.106,222298,32,256,4096,72,115,152.012500,0.352176111989,-256.245448,-104.232948,-72.510745
1048576,1048576,2097152,0.106,222298,32,256,4096,72,116,153.518131,0.352176111989,-258.392905,-104.874774,-72.510745
1048576,1048576,2097152,0.106,222298,32,256,4096,72,117,155.023762,0.352176111989,-260.535860,-105.512098,-72.510745
1048576,1048576,2097152,0.106,222298,32,256,4096,72,118,156.529393,0.352176111989,-262.674404,-106.145011,-72.510745
1048576,1048576,2097152,0.106,222298,32,256,4096,72,119,158.035024,0.352176111989,-264.808660,-106.773636,-72.510745
1048576,1048576,2097152,0.106,222298,32,256,4096,72,120,159.540655,0.352176111989,-266.938772,-107.398117,-72.510745
1048576,1048576,2097152,0.106,222298,32,256,4096,72,121,161.046286,0.352176111989,-269.064898,-108.018612,-72.510745
1048576,1048576,2097152,0.106,222298,32,256,4096,72,122,162.551917,0.352176111989,-271.187219,-108.635302,-72.510745
1048576,1048576,2097152,0.106,222298,32,256,4096,72,123,164.057548,0.352176111989,-273.305926,-109.248378,-72.510745
1048576,1048576,2097152,0.106,222298,32,256,4096,72,124,165.563179,0.352176111989,-275.421216,-109.858037,-72.510745
1048576,1048576,2097152,0.106,222298,32,256,4096,72,125,167.068810,0.352176111989,-277.533295,-110.464485,-72.510745
1048576,1048576,2097152,0.106,222298,32,256,4096,72,126,168.574441,0.352176111989,-279.642372,-111.067931,-72.510745
1048576,1048576,2097152,0.106,222298,32,256,4096,72,127,170.080072,0.352176111989,-281.748651,-111.668579,-72.510745
1048576,1048576,2097152,0.106,222298,32,256,4096,72,128,171.585703,0.352176111989,-283.852337,-112.266634,-72.510745
1048576,1048576,2097152,0.106,222298,32,256,4096,72,129,173.091334,0.352176111989,-285.953631,-112.862297,-72.510745
1048576,1048576,2097152,0.106,222298,32,256,4096,72,130,174.596965,0.352176111989,-288.052724,-113.455758,-72.510745
1048576,1048576,2097152,0.106,222298,32,256,4096,72,131,176.102596,0.352176111989,-290.149799,-114.047203,-72.510745
1048576,1048576,2097152,0.106,222298,32,256,4096,72,132,177.608227,0.352176111989,-292.245035,-114.636808,-72.510745
1048576,1048576,2097152,0.106,222298,32,256,4096,72,133,179.113858,0.352176111989,-294.338595,-115.224737,-72.510745
1048576,1048576,2097152,0.106,222298,32,256,4096,72,134,180.619489,0.352176111989,-296.430636,-115.811146,-72.510745
1048576,1048576,2097152,0.106,222298,32,256,4096,72,135,182.125120,0.352176111989,-298.521304,-116.396183,-72.510745
1048576,1048576,2097152,0.106,222298,32,256,4096,72,136,183.630751,0.352176111989,-300.610733,-116.979982,-72.510745
1048576,1048576,2097152,0.106,222298,32,256,4096,72,137,185.136382,0.352176111989,-302.699049,-117.562667,-72.510745
1048576,1048576,2097152,0.106,222298,32,256,4096,72,138,186.642014,0.352176111989,-304.786369,-118.144355,-72.510745
1048576,1048576,2097152,0.106,222298,32,256,4096,72,139,188.147645,0.352176111989,-306.872797,-118.725152,-72.510745
1048576,1048576,2097152,0.106,222298,32,256,4096,72,140,189.653276,0.352176111989,-308.958431,-119.305155,-72.510745
1048576,1048576,2097152,0.106,222298,32,256,4096,72,141,191.158907,0.352176111989,-311.043360,-119.884453,-72.510745
1048576,1048576,2097152,0.106,222298,32,256,4096,72,142,192.664538,0.352176111989,-313.127665,-120.463127,-72.510745
1048576,1048576,2097152,0.106,222298,32,256,4096,72,143,194.170169,0.352176111989,-315.211418,-121.041250,-72.510745
1048576,1048576,2097152,0.106,222298,32,256,4096,72,144,195.675800,0.352176111989,-317.294688,-121.618888,-72.510745
1048576,1048576,2097152,0.106,222298,32,256,4096,72,145,197.181431,0.352176111989,-319.377534,-122.196103,-72.510745
1048576,1048576,2097152,0.106,222298,32,256,4096,72,146,198.687062,0.352176111989,-321.460010,-122.772948,-72.510745
1048576,1048576,2097152,0.106,222298,32,256,4096,72,147,200.192693,0.352176111989,-323.542166,-123.349473,-72.510745
1048576,1048576,2097152,0.106,222298,32,256,4096,72,148,201.698324,0.352176111989,-325.624045,-123.925721,-72.510745
1048576,1048576,2097152,0.106,222298,32,256,4096,72,149,203.203955,0.352176111989,-327.705688,-124.501733,-72.510745
1048576,1048576,2097152,0.106,222298,32,256,4096,72,150,204.709586,0.352176111989,-329.787131,-125.077545,-72.510745
1048576,1048576,2097152,0.106,222298,32,256,4096,72,151,206.215217,0.352176111989,-331.868404,-125.653187,-72.510745
1048576,1048576,2097152,0.106,222298,32,256,4096,72,152,207.720848,0.352176111989,-333.949538,-126.228690,-72.510745
1048576,1048576,2097152,0.106,222298,32,256,4096,72,153,209.226479,0.352176111989,-336.030557,-126.804078,-72.510745
1048576,1048576,2097152,0.106,222298,32,256,4096,72,154,210.732110,0.352176111989,-338.111485,-127.379375,-72.510745
1048576,1048576,2097152,0.106,222298,32,256,4096,72,155,212.237741,0.352176111989,-340.192342,-127.954601,-72.510745
1048576,1048576,2097152,0.106,222298,32,256,4096,72,156,213.743372,0.352176111989,-342.273146,-128.529774,-72.510745
1048576,1048576,2097152,0.106,222298,32,256,4096,72,157,215.249003,0.352176111989,-344.353915,-129.104911,-72.510745
1048576,1048576,2097152,0.106,222298,32,256,4096,72,158,216.754634,0.352176111989,-346.434661,-129.680026,-72.510745
1048576,1048576,2097152,0.106,222298,32,256,4096,72,159,218.260265,0.352176111989,-348.515398,-130.255132,-72.510745
1048576,1048576,2097152,0.106,222298,32,256,4096,72,160,219.765896,0.352176111989,-350.596137,-130.830241,-72.510745
1048576,1048576,2097152,0.106,222298,32,256,4096,72,161,221.271527,0.352176111989,-352.676889,-131.405362,-72.510745
1048576,1048576,2097152,0.106,222298,32,256,4096,72,162,222.777158,0.352176111989,-354.757663,-131.980504,-72.510745
1048576,1048576,2097152,0.106,222298,32,256,4096,72,163,224.282790,0.352176111989,-356.838466,-132.555676,-72.510745
1048576,1048576,2097152,0.106,222298,32,256,4096,72,164,225.782218,0.395431832347,-358.919305,-133.137087,-72.510745
1048576,1048576,2097152,0.106,222298,32,256,4096,72,165,227.120717,0.395431832347,-361.000187,-133.879470,-72.510745
1048576,1048576,2097152,0.106,222298,32,256,4096,72,166,228.459216,0.395431832347,-363.081117,-134.621901,-72.510745
1048576,1048576,2097152,0.106,222298,32,256,4096,72,167,229.797715,0.395431832347,-365.162100,-135.364385,-72.510745
1048576,1048576,2097152,0.106,222298,32,256,4096,72,168,231.136214,0.395431832347,-367.243139,-136.106925,-72.510745
1048576,1048576,2097152,0.106,222298,32,256,4096,72,169,232.474713,0.395431832347,-369.324239,-136.849526,-72.510745
1048576,1048576,2097152,0.106,222298,32,256,4096,72,170,233.813212,0.395431832347,-371.405403,-137.592191,-72.510745
1048576,1048576,2097152,0.106,222298,32,256,4096,72,171,235.151711,0.395431832347,-373.486633,-138.334922,-72.510745
1048576,1048576,2097152,0.106,222298,32,256,4096,72,172,236.490211,0.395431832347,-375.567932,-139.077721,-72.510745
1048576,1048576,2097152,0.106,222298,32,256,4096,72,173,237.828710,0.395431832347,-377.649301,-139.820592,-72.510745
1048576,1048576,2097152,0.106,222298,32,256,4096,72,174,239.167209,0.395431832347,-379.730743,-140.563534,-72.510745
1048576,1048576,2097152,0.106,222298,32,256,4096,72,175,240.505708,0.395431832347,-381.812258,-141.306551,-72.510745
1048576,1048576,2097152,0.106,222298,32,256,4096,72,176,241.844207,0.395431832347,-383.893849,-142.049642,-72.510745
1048576,1048576,2097152,0.106,222298,32,256,4096,72,177,243.182706,0.395431832347,-385.975515,-142.792809,-72.510745
1048576,1048576,2097152,0.106,222298,32,256,4096,72,178,244.521205,0.395431832347,-388.057258,-143.536053,-72.510745
1048576,1048576,2097152,0.106,222298,32,256,4096,72,179,245.859704,0.395431832347,-390.139078,-144.279374,-72.510745
1048576,1048576,2097152,0.106,222298,32,256,4096,72,180,247.198203,0.395431832347,-392.220977,-145.022773,-72.510745
1048576,1048576,2097152,0.106,222298,32,256,4096,72,181,248.536702,0.395431832347,-394.302953,-145.766251,-72.510745
1048576,1048576,2097152,0.106,222298,32,256,4096,72,182,249.875201,0.395431832347,-396.385007,-146.509806,-72.510745
1048576,1048576,2097152,0.106,222298,32,256,4096,72,183,251.213700,0.395431832347,-398.467140,-147.253440,-72.510745
1048576,1048576,2097152,0.106,222298,32,256,4096,72,184,252.552200,0.395431832347,-400.549352,-147.997152,-72.510745
1048576,1048576,2097152,0.106,222298,32,256,4096,72,185,253.890699,0.395431832347,-402.631641,-148.740943,-72.510745
1048576,1048576,2097152,0.106,222298,32,256,4096,72,186,255.229198,0.395431832347,-404.714009,-149.484812,-72.510745
1048576,1048576,2097152,0.106,222298,32,256,4096,72,187,256.567697,0.395431832347,-406.796455,-150.228759,-72.510745
1048576,1048576,2097152,0.106,222298,32,256,4096,72,188,257.906196,0.395431832347,-408.878979,-150.972783,-72.510745
1048576,1048576,2097152,0.106,222298,32,256,4096,72,189,259.244695,0.395431832347,-410.961581,-151.716886,-72.510745
1048576,1048576,2097152,0.106,222298,32,256,4096,72,190,260.583194,0.395431832347,-413.044259,-152.461065,-72.510745
1048576,1048576,2097152,0.106,222298,32,256,4096,72,191,261.921693,0.395431832347,-415.127014,-153.205321,-72.510745
1048576,1048576,2097152,0.106,222298,32,256,4096,72,192,263.260192,0.395431832347,-417.209846,-153.949654,-72.510745
1048576,1048576,2097152,0.106,222298,32,256,4096,72,193,264.598691,0.395431832347,-419.292754,-154.694062,-72.510745
1048576,1048576,2097152,0.106,222298,32,256,4096,72,194,265.937190,0.395431832347,-421.375737,-155.438546,-72.510745
1048576,1048576,2097152,0.106,222298,32,256,4096,72,195,267.275689,0.395431832347,-423.458795,-156.183105,-72.510745
1048576,1048576,2097152,0.106,222298,32,256,4096,72,196,268.614188,0.395431832347,-425.541927,-156.927739,-72.510745
1048576,1048576,2097152,0.106,222298,32,256,4096,72,197,269.952688,0.395431832347,-427.625134,-157.672446,-72.510745
1048576,1048576,2097152,0.106,222298,32,256,4096,72,198,271.291187,0.395431832347,-429.708413,-158.417227,-72.510745
1048576,1048576,2097152,0.106,222298,32,256,4096,72,199,272.629686,0.395431832347,-431.791766,-159.162080,-72.510745
1048576,1048576,2097152,0.106,222298,32,256,4096,72,200,273.968185,0.395431832347,-433.875191,-159.907006,-72.510745
1048576,1048576,2097152,0.106,222298,32,256,4096,72,201,275.306684,0.395431832347,-435.958688,-160.652004,-72.510745
1048576,1048576,2097152,0.106,222298,32,256,4096,72,202,276.645183,0.395431832347,-438.042256,-161.397073,-72.510745
1048576,1048576,2097152,0.106,222298,32,256,4096,72,203,277.983682,0.395431832347,-440.125895,-162.142213,-72.510745
1048576,1048576,2097152,0.106,222298,32,256,4096,72,204,279.322181,0.395431832347,-442.209604,-162.887423,-72.510745
1048576,1048576,2097152,0.106,222298,32,256,4096,72,205,280.660680,0.395431832347,-444.293383,-163.632703,-72.510745
1048576,1048576,2097152,0.106,222298,32,256,4096,72,206,281.999179,0.395431832347,-446.377230,-164.378051,-72.510745
1048576,1048576,2097152,0.106,222298,32,256,4096,72,207,283.337678,0.395431832347,-448.461146,-165.123468,-72.510745
1048576,1048576,2097152,0.106,222298,32,256,4096,72,208,284.676177,0.395431832347,-450.545130,-165.868953,-72.510745
1048576,1048576,2097152,0.106,222298,32,256,4096,72,209,286.014677,0.395431832347,-452.629181,-166.614505,-72.510745
1048576,1048576,2097152,0.106,222298,32,256,4096,72,210,287.353176,0.395431832347,-454.713299,-167.360124,-72.510745
1048576,1048576,2097152,0.106,222298,32,256,4096,72,211,288.691675,0.395431832347,-456.797483,-168.105809,-72.510745
1048576,1048576,2097152,0.106,222298,32,256,4096,72,212,290.030174,0.395431832347,-458.881733,-168.851559,-72.510745
1048576,1048576,2097152,0.106,222298,32,256,4096,72,213,291.368673,0.395431832347,-460.966048,-169.597375,-72.510745
1048576,1048576,2097152,0.106,222298,32,256,4096,72,214,292.707172,0.395431832347,-463.050428,-170.343256,-72.510745
1048576,1048576,2097152,0.106,222298,32,256,4096,72,215,294.045671,0.395431832347,-465.134871,-171.089200,-72.510745
1048576,1048576,2097152,0.106,222298,32,256,4096,72,216,295.384170,0.395431832347,-467.219378,-171.835208,-72.510745
1048576,1048576,2097152,0.106,222298,32,256,4096,72,217,296.722669,0.395431832347,-469.303948,-172.581279,-72.510745
1048576,1048576,2097152,0.106,222298,32,256,4096,72,218,298.061168,0.395431832347,-471.388581,-173.327412,-72.510745
1048576,1048576,2097152,0.106,222298,32,256,4096,72,219,299.399667,0.395431832347,-473.473275,-174.073607,-72.510745
1048576,1048576,2097152,0.106,222298,32,256,4096,72,220,300.738166,0.395431832347,-475.558031,-174.819864,-72.510745
1048576,1048576,2097152,0.106,222298,32,256,4096,74,1,-inf,,-2.237843,-inf,-inf
1048576,1048576,2097152,0.106,222298,32,256,4096,74,2,-inf,,-4.475684,-inf,-inf
1048576,1048576,2097152,0.106,222298,32,256,4096,74,3,-inf,,-6.713526,-inf,-inf
1048576,1048576,2097152,0.106,222298,32,256,4096,74,4,-inf,,-8.951366,-inf,-inf
1048576,1048576,2097152,0.106,222298,32,256,4096,74,5,-inf,,-11.189206,-inf,-inf
1048576,1048576,2097152,0.106,222298,32,256,4096,74,6,-inf,,-13.427045,-inf,-inf
1048576,1048576,2097152,0.106,222298,32,256,4096,74,7,-inf,,-15.664883,-inf,-inf
1048576,1048576,2097152,0.106,222298,32,256,4096,74,8,-inf,,-17.902721,-inf,-inf
1048576,1048576,2097152,0.106,222298,32,256,4096,74,9,-inf,,-20.140558,-inf,-inf
1048576,1048576,2097152,0.106,222298,32,256,4096,74,10,-inf,,-22.378394,-inf,-inf
1048576,1048576,2097152,0.106,222298,32,256,4096,74,11,-inf,,-24.616229,-inf,-inf
1048576,1048576,2097152,0.106,222298,32,256,4096,74,12,-inf,,-26.854064,-inf,-inf
1048576,1048576,2097152,0.106,222298,32,256,4096,74,13,-inf,,-29.091897,-inf,-inf
1048576,1048576,2097152,0.106,222298,32,256,4096,74,14,-inf,,-31.329731,-inf,-inf
1048576,1048576,2097152,0.106,222298,32,256,4096,74,15,-inf,,-33.567563,-inf,-inf
1048576,1048576,2097152,0.106,222298,32,256,4096,74,16,-inf,,-35.805394,-inf,-inf
1048576,1048576,2097152,0.106,222298,32,256,4096,74,17,-inf,,-38.043225,-inf,-inf
1048576,1048576,2097152,0.106,222298,32,256,4096,74,18,-inf,,-40.281055,-inf,-inf
1048576,1048576,2097152,0.106,222298,32,256,4096,74,19,-inf,,-42.518884,-inf,-inf
1048576,1048576,2097152,0.106,222298,32,256,4096,74,20,-inf,,-44.756712,-inf,-inf
1048576,1048576,2097152,0.106,222298,32,256,4096,74,21,-inf,,-46.994540,-inf,-inf
1048576,1048576,2097152,0.106,222298,32,256,4096,74,22,-inf,,-49.232366,-inf,-inf
1048576,1048576,2097152,0.106,222298,32,256,4096,74,23,-inf,,-51.470191,-inf,-inf
1048576,1048576,2097152,0.106,222298,32,256,4096,74,24,-inf,,-53.708016,-inf,-inf
1048576,1048576,2097152,0.106,222298,32,256,4096,74,25,-inf,,-55.945839,-inf,-inf
1048576,1048576,2097152,0.106,222298,32,256,4096,74,26,-inf,,-58.183662,-inf,-inf
1048576,1048576,2097152,0.106,222298,32,256,4096,74,27,-inf,,-60.421483,-inf,-inf
1048576,1048576,2097152,0.106,222298,32,256,4096,74,28,-inf,,-62.659303,-inf,-inf
1048576,1048576,2097152,0.106,222298,32,256,4096,74,29,-inf,,-64.897122,-inf,-inf
1048576,1048576,2097152,0.106,222298,32,256,4096,74,30,-inf,,-67.134939,-inf,-inf
1048576,1048576,2097152,0.106,222298,32,256,4096,74,31,-inf,,-69.372755,-inf,-inf
1048576,1048576,2097152,0.106,222298,32,256,4096,74,32,-inf,,-71.610569,-inf,-inf
1048576,1048576,2097152,0.106,222298,32,256,4096,74,33,-inf,,-73.848382,-inf,-inf
1048576,1048576,2097152,0.106,222298,32,256,4096,74,34,-inf,,-76.086193,-inf,-inf
1048576,1048576,2097152,0.106,222298,32,256,4096,74,35,-inf,,-78.324002,-inf,-inf
1048576,1048576,2097152,0.106,222298,32,256,4096,74,36,-inf,,-80.561808,-inf,-inf
1048576,1048576,2097152,0.106,222298,32,256,4096,74,37,-inf,,-82.799612,-inf,-inf
1048576,1048576,2097152,0.106,222298,32,256,4096,74,38,-inf,,-85.037414,-inf,-inf
1048576,1048576,2097152,0.106,222298,32,256,4096,74,39,-inf,,-87.275213,-inf,-inf
1048576,1048576,2097152,0.106,222298,32,256,4096,74,40,-inf,,-89.513008,-inf,-inf
1048576,1048576,2097152,0.106,222298,32,256,4096,74,41,-inf,,-91.750800,-inf,-inf
1048576,1048576,2097152,0.106,222298,32,256,4096,74,42,-inf,,-93.988588,-inf,-inf
1048576,1048576,2097152,0.106,222298,32,256,4096,74,43,-inf,,-96.226371,-inf,-inf
1048576,1048576,2097152,0.106,222298,32,256,4096,74,44,-inf,,-98.464149,-inf,-inf
1048576,1048576,2097152,0.106,222298,32,256,4096,74,45,-inf,,-100.701922,-inf,-inf
1048576,1048576,2097152,0.106,222298,32,256,4096,74,46,-inf,,-102.939689,-inf,-inf
1048576,1048576,2097152,0.106,222298,32,256,4096,74,47,-inf,,-105.177448,-inf,-inf
1048576,1048576,2097152,0.106,222298,32,256,4096,74,48,-inf,,-107.415200,-inf,-inf
1048576,1048576,2097152,0.106,222298,32,256,4096,74,49,-inf,,-109.652943,-inf,-inf
1048576,1048576,2097152,0.106,222298,32,256,4096,74,50,-inf,,-111.890676,-inf,-inf
1048576,1048576,2097152,0.106,222298,32,256,4096,74,51,-inf,,-114.128398,-inf,-inf
1048576,1048576,2097152,0.106,222298,32,256,4096,74,52,-inf,,-116.366107,-inf,-inf
1048576,1048576,2097152,0.106,222298,32,256,4096,74,53,-inf,,-118.603803,-inf,-inf
1048576,1048576,2097152,0.106,222298,32,256,4096,74,54,-inf,,-120.841482,-inf,-inf
1048576,1048576,2097152,0.106,222298,32,256,4096,74,55,-inf,,-123.079144,-inf,-inf
1048576,1048576,2097152,0.106,222298,32,256,4096,74,56,-inf,,-125.316785,-inf,-inf
1048576,1048576,2097152,0.106,222298,32,256,4096,74,57,-inf,,-127.554404,-inf,-inf
1048576,1048576,2097152,0.106,222298,32,256,4096,74,58,-inf,,-129.791997,-inf,-inf
1048576,1048576,2097152,0.106,222298,32,256,4096,74,59,-inf,,-132.029562,-inf,-inf
1048576,1048576,2097152,0.106,222298,32,256,4096,74,60,-inf,,-134.267094,-inf,-inf
1048576,1048576,2097152,0.106,222298,32,256,4096,74,61,-inf,,-136.504589,-inf,-inf
1048576,1048576,2097152,0.106,222298,32,256,4096,74,62,-inf,,-138.742043,-inf,-inf
1048576,1048576,2097152,0.106,222298,32,256,4096,74,63,-inf,,-140.979450,-inf,-inf
1048576,1048576,2097152,0.106,222298,32,256,4096,74,64,-inf,,-143.216806,-inf,-inf
1048576,1048576,2097152,0.106,222298,32,256,4096,74,65,-inf,,-145.454102,-inf,-inf
1048576,1048576,2097152,0.106,222298,32,256,4096,74,66,-inf,,-147.691331,-inf,-inf
1048576,1048576,2097152,0.106,222298,32,256,4096,74,67,-inf,,-149.928486,-inf,-inf
1048576,1048576,2097152,0.106,222298,32,256,4096,74,68,-inf,,-152.165557,-inf,-inf
1048576,1048576,2097152,0.106,222298,32,256,4096,74,69,-inf,,-154.402533,-inf,-inf
1048576,1048576,2097152,0.106,222298,32,256,4096,74,70,-inf,,-156.639403,-inf,-inf
1048576,1048576,2097152,0.106,222298,32,256,4096,74,71,-inf,,-158.876152,-inf,-inf
1048576,1048576,2097152,0.106,222298,32,256,4096,74,72,-inf,,-161.112767,-inf,-inf
1048576,1048576,2097152,0.106,222298,32,256,4096,74,73,-inf,,-163.349231,-inf,-inf
1048576,1048576,2097152,0.106,222298,32,256,4096,74,74,90.281627,0.352176111989,-165.585524,-75.303897,-75.303897
1048576,1048576,2097152,0.106,222298,32,256,4096,74,75,91.787258,0.352176111989,-167.821627,-76.034369,-74.623387
1048576,1048576,2097152,0.106,222298,32,256,4096,74,76,93.292889,0.352176111989,-170.057515,-76.764626,-74.328622
1048576,1048576,2097152,0.106,222298,32,256,4096,74,77,94.798520,0.352176111989,-172.293162,-77.494642,-74.176228
1048576,1048576,2097152,0.106,222298,32,256,4096,74,78,96.304151,0.352176111989,-174.528540,-78.224389,-74.091554
1048576,1048576,2097152,0.106,222298,32,256,4096,74,79,97.809782,0.352176111989,-176.763616,-78.953833,-74.042787
1048576,1048576,2097152,0.106,222298,32,256,4096,74,80,99.315413,0.352176111989,-178.998353,-79.682940,-74.014145
1048576,1048576,2097152,0.106,222298,32,256,4096,74,81,100.821044,0.352176111989,-181.232711,-80.411667,-73.997133
1048576,1048576,2097152,0.106,222298,32,256,4096,74,82,102.326675,0.352176111989,-183.466646,-81.139971,-73.986960
1048576,1048576,2097152,0.106,222298,32,256,4096,74,83,103.832306,0.352176111989,-185.700107,-81.867800,-73.980853
1048576,1048576,2097152,0.106,222298,32,256,4096,74,84,105.337937,0.352176111989,-187.933039,-82.595102,-73.977176
1048576,1048576,2097152,0.106,222298,32,256,4096,74,85,106.843568,0.352176111989,-190.165381,-83.321813,-73.974958
1048576,1048576,2097152,0.106,222298,32,256,4096,74,86,108.349199,0.352176111989,-192.397066,-84.047867,-73.973620
1048576,1048576,2097152,0.106,222298,32,256,4096,74,87,109.854830,0.352176111989,-194.628018,-84.773188,-73.972810
1048576,1048576,2097152,0.106,222298,32,256,4096,74,88,111.360462,0.352176111989,-196.858157,-85.497695,-73.972321
1048576,1048576,2097152,0.106,222298,32,256,4096,74,89,112.866093,0.352176111989,-199.087391,-86.221298,-73.972025
1048576,1048576,2097152,0.106,222298,32,256,4096,74,90,114.371724,0.352176111989,-201.315623,-86.943900,-73.971845
1048576,1048576,2097152,0.106,222298,32,256,4096,74,91,115.877355,0.352176111989,-203.542744,-87.665390,-73.971736
1048576,1048576,2097152,0.106,222298,32,256,4096,74,92,117.382986,0.352176111989,-205.768640,-88.385654,-73.971670
1048576,1048576,2097152,0.106,222298,32,256,4096,74,93,118.888617,0.352176111989,-207.993180,-89.104563,-73.971630
1048576,1048576,2097152,0.106,222298,32,256,4096,74,94,120.394248,0.352176111989,-210.216231,-89.821983,-73.971605
1048576,1048576,2097152,0.106,222298,32,256,4096,74,95,121.899879,0.352176111989,-212.437643,-90.537765,-73.971591
1048576,1048576,2097152,0.106,222298,32,256,4096,74,96,123.405510,0.352176111989,-214.657262,-91.251753,-73.971582
1048576,1048576,2097152,0.106,222298,32,256,4096,74,97,124.911141,0.352176111989,-216.874919,-91.963778,-73.971576
1048576,1048576,2097152,0.106,222298,32,256,4096,74,98,126.416772,0.352176111989,-219.090440,-92.673668,-73.971573
1048576,1048576,2097152,0.106,222298,32,256,4096,74,99,127.922403,0.352176111989,-221.303637,-93.381234,-73.971571
1048576,1048576,2097152,0.106,222298,32,256,4096,74,100,129.428034,0.352176111989,-223.514322,-94.086288,-73.971569
1048576,1048576,2097152,0.106,222298,32,256,4096,74,101,130.933665,0.352176111989,-225.722292,-94.788627,-73.971568
1048576,1048576,2097152,0.106,222298,32,256,4096,74,102,132.439296,0.352176111989,-227.927350,-95.488054,-73.971568
1048576,1048576,2097152,0.106,222298,32,256,4096,74,103,133.944927,0.352176111989,-230.129288,-96.184361,-73.971568
1048576,1048576,2097152,0.106,222298,32,256,4096,74,104,135.450558,0.352176111989,-232.327903,-96.877345,-73.971567
1048576,1048576,2097152,0.106,222298,32,256,4096,74,105,136.956189,0.352176111989,-234.522998,-97.566809,-73.971567
1048576,1048576,2097152,0.106,222298,32,256,4096,74,106,138.461820,0.352176111989,-236.714376,-98.252556,-73.971567
1048576,1048576,2097152,0.106,222298,32,256,4096,74,107,139.967451,0.352176111989,-238.901855,-98.934404,-73.971567
1048576,1048576,2097152,0.106,222298,32,256,4096,74,108,141.473082,0.352176111989,-241.085269,-99.612187,-73.971567
1048576,1048576,2097152,0.106,222298,32,256,4096,74,109,142.978713,0.352176111989,-243.264462,-100.285748,-73.971567
1048576,1048576,2097152,0.106,222298,32,256,4096,74,110,144.484344,0.352176111989,-245.439303,-100.954959,-73.971567
1048576,1048576,2097152,0.106,222298,32,256,4096,74,111,145.989975,0.352176111989,-247.609688,-101.619713,-73.971567
1048576,1048576,2097152,0.106,222298,32,256,4096,74,112,147.495606,0.352176111989,-249.775532,-102.279926,-73.971567
1048576,1048576,2097152,0.106,222298,32,256,4096,74,113,149.001238,0.352176111989,-251.936783,-102.935546,-73.971567
1048576,1048576,2097152,0.106,222298,32,256,4096,74,114,150.506869,0.352176111989,-254.093421,-103.586552,-73.971567
1048576,1048576,2097152,0.106,222298,32,256,4096,74,115,152.012500,0.352176111989,-256.245448,-104.232948,-73.971567
1048576,1048576,2097152,0.106,222298,32,256,4096,74,116,153.518131,0.352176111989,-258.392905,-104.874774,-73.971567
1048576,1048576,2097152,0.106,222298,32,256,4096,74,117,155.023762,0.352176111989,-260.535860,-105.512098,-73.971567
1048576,1048576,2097152,0.106,222298,32,256,4096,74,118,156.529393,0.352176111989,-262.674404,-106.145011,-73.971567
1048576,1048576,2097152,0.106,222298,32,256,4096,74,119,158.035024,0.352176111989,-264.808660,-106.773636,-73.971567
1048576,1048576,2097152,0.106,222298,32,256,4096,74,120,159.540655,0.352176111989,-266.938772,-107.398117,-73.971567
1048576,1048576,2097152,0.106,222298,32,256,4096,74,121,161.046286,0.352176111989,-269.064898,-108.018612,-73.971567
1048576,1048576,2097152,0.106,222298,32,256,4096,74,122,162.551917,0.352176111989,-271.187219,-108.635302,-73.971567
1048576,1048576,2097152,0.106,222298,32,256,4096,74,123,164.057548,0.352176111989,-273.305926,-109.248378,-73.971567
1048576,1048576,2097152,0.106,222298,32,256,4096,74,124,165.563179,0.352176111989,-275.421216,-109.858037,-73.971567
1048576,1048576,2097152,0.106,222298,32,256,4096,74,125,167.068810,0.352176111989,-277.533295,-110.464485,-73.971567
1048576,1048576,2097152,0.106,222298,32,256,4096,74,126,168.574441,0.352176111989,-279.642372,-111.067931,-73.971567
1048576,1048576,2097152,0.106,222298,32,256,4096,74,127,170.080072,0.352176111989,-281.748651,-111.668579,-73.971567
1048576,1048576,2097152,0.106,222298,32,256,4096,74,128,171.585703,0.352176111989,-283.852337,-112.266634,-73.971567
1048576,1048576,2097152,0.106,222298,32,256,4096,74,129,173.091334,0.352176111989,-285.953631,-112.862297,-73.971567
1048576,1048576,2097152,0.106,222298,32,256,4096,74,130,174.596965,0.352176111989,-288.052724,-113.455758,-73.971567
1048576,1048576,2097152,0.106,222298,32,256,4096,74,131,176.102596,0.352176111989,-290.149799,-114.047203,-73.971567
1048576,1048576,2097152,0.106,222298,32,256,4096,74,132,177.608227,0.352176111989,-292.245035,-114.636808,-73.971567
1048576,1048576,2097152,0.106,222298,32,256,4096,74,133,179.113858,0.352176111989,-294.338595,-115.224737,-73.971567
1048576,1048576,2097152,0.106,222298,32,256,4096,74,134,180.619489,0.352176111989,-296.430636,-115.811146,-73.971567
1048576,1048576,2097152,0.106,222298,32,256,4096,74,135,182.125120,0.352176111989,-298.521304,-116.396183,-73.971567
1048576,1048576,2097152,0.106,222298,32,256,4096,74,136,183.630751,0.352176111989,-300.610733,-116.979982,-73.971567
1048576,1048576,2097152,0.106,222298,32,256,4096,74,137,185.136382,0.352176111989,-302.699049,-117.562667,-73.971567
1048576,1048576,2097152,0.106,222298,32,256,4096,74,138,186.642014,0.352176111989,-304.786369,-118.144355,-73.971567
1048576,1048576,2097152,0.106,222298,32,256,4096,74,139,188.147645,0.352176111989,-306.872797,-118.725152,-73.971567
1048576,1048576,2097152,0.106,222298,32,256,4096,74,140,189.653276,0.352176111989,-308.958431,-119.305155,-73.971567
1048576,1048576,2097152,0.106,222298,32,256,4096,74,141,191.158907,0.352176111989,-311.043360,-119.884453,-73.971567
1048576,1048576,2097152,0.106,222298,32,256,4096,74,142,192.664538,0.352176111989,-313.127665,-120.463127,-73.971567
1048576,1048576,2097152,0.106,222298,32,256,4096,74,143,194.170169,0.352176111989,-315.211418,-121.041250,-73.971567
1048576,1048576,2097152,0.106,222298,32,256,4096,74,144,195.675800,0.352176111989,-317.294688,-121.618888,-73.971567
1048576,1048576,2097152,0.106,222298,32,256,4096,74,145,197.181431,0.352176111989,-319.377534,-122.196103,-73.971567
1048576,1048576,2097152,0.106,222298,32,256,4096,74,146,198.687062,0.352176111989,-321.460010,-122.772948,-73.971567
1048576,1048576,2097152,0.106,222298,32,256,4096,74,147,200.192693,0.352176111989,-323.542166,-123.349473,-73.971567
1048576,1048576,2097152,0.106,222298,32,256,4096,74,148,201.698324,0.352176111989,-325.624045,-123.925721,-73.971567
1048576,1048576,2097152,0.106,222298,32,256,4096,74,149,203.203955,0.352176111989,-327.705688,-124.501733,-73.971567
1048576,1048576,2097152,0.106,222298,32,256,4096,74,150,204.709586,0.352176111989,-329.787131,-125.077545,-73.971567
1048576,1048576,2097152,0.106,222298,32,256,4096,74,151,206.215217,0.352176111989,-331.868404,-125.653187,-73.971567
1048576,1048576,2097152,0.106,222298,32,256,4096,74,152,207.720848,0.352176111989,-333.949538,-126.228690,-73.971567
1048576,1048576,2097152,0.106,222298,32,256,4096,74,153,209.226479,0.352176111989,-336.030557,-126.804078,-73.971567
1048576,1048576,2097152,0.106,222298,32,256,4096,74,154,210.732110,0.352176111989,-338.111485,-127.379375,-73.971567
1048576,1048576,2097152,0.106,222298,32,256,4096,74,155,212.237741,0.352176111989,-340.192342,-127.954601,-73.971567
1048576,1048576,2097152,0.106,222298,32,256,4096,74,156,213.743372,0.352176111989,-342.273146,-128.529774,-73.971567
1048576,1048576,2097152,0.106,222298,32,256,4096,74,157,215.249003,0.352176111989,-344.353915,-129.104911,-73.971567
1048576,1048576,2097152,0.106,222298,32,256,4096,74,158,216.754634,0.352176111989,-346.434661,-129.680026,-73.971567
1048576,1048576,2097152,0.106,222298,32,256,4096,74,159,218.260265,0.352176111989,-348.515398,-130.255132,-73.971567
1048576,1048576,2097152,0.106,222298,32,256,4096,74,160,219.765896,0.352176111989,-350.596137,-130.830241,-73.971567
1048576,1048576,2097152,0.106,222298,32,256,4096,74,161,221.271527,0.352176111989,-352.676889,-131.405362,-73.971567
1048576,1048576,2097152,0.106,222298,32,256,4096,74,162,222.777158,0.352176111989,-354.757663,-131.980504,-73.971567
1048576,1048576,2097152,0.106,222298,32,256,4096,74,163,224.282790,0.352176111989,-356.838466,-132.555676,-73.971567
1048576,1048576,2097152,0.106,222298,32,256,4096,74,164,225.782218,0.395431832347,-358.919305,-133.137087,-73.971567
1048576,1048576,2097152,0.106,222298,32,256,4096,74,165,227.120717,0.395431832347,-361.000187,-133.879470,-73.971567
1048576,1048576,2097152,0.106,222298,32,256,4096,74,166,228.459216,0.395431832347,-363.081117,-134.621901,-73.971567
1048576,1048576,2097152,0.106,222298,32,256,4096,74,167,229.797715,0.395431832347,-365.162100,-135.364385,-73.971567
1048576,1048576,2097152,0.106,222298,32,256,4096,74,168,231.136214,0.395431832347,-367.243139,-136.106925,-73.971567
1048576,1048576,2097152,0.106,222298,32,256,4096,74,169,232.474713,0.395431832347,-369.324239,-136.849526,-73.971567
1048576,1048576,2097152,0.106,222298,32,256,4096,74,170,233.813212,0.395431832347,-371.405403,-137.592191,-73.971567
1048576,1048576,2097152,0.106,222298,32,256,4096,74,171,235.151711,0.395431832347,-373.486633,-138.334922,-73.971567
1048576,1048576,2097152,0.106,222298,32,256,4096,74,172,236.490211,0.395431832347,-375.567932,-139.077721,-73.971567
1048576,1048576,2097152,0.106,222298,32,256,4096,74,173,237.828710,0.395431832347,-377.649301,-139.820592,-73.971567
1048576,1048576,2097152,0.106,222298,32,256,4096,74,174,239.167209,0.395431832347,-379.730743,-140.563534,-73.971567
1048576,1048576,2097152,0.106,222298,32,256,4096,74,175,240.505708,0.395431832347,-381.812258,-141.306551,-73.971567
1048576,1048576,2097152,0.106,222298,32,256,4096,74,176,241.844207,0.395431832347,-383.893849,-142.049642,-73.971567
1048576,1048576,2097152,0.106,222298,32,256,4096,74,177,243.182706,0.395431832347,-385.975515,-142.792809,-73.971567
1048576,1048576,2097152,0.106,222298,32,256,4096,74,178,244.521205,0.395431832347,-388.057258,-143.536053,-73.971567
1048576,1048576,2097152,0.106,222298,32,256,4096,74,179,245.859704,0.395431832347,-390.139078,-144.279374,-73.971567
1048576,1048576,2097152,0.106,222298,32,256,4096,74,180,247.198203,0.395431832347,-392.220977,-145.022773,-73.971567
1048576,1048576,2097152,0.106,222298,32,256,4096,74,181,248.536702,0.395431832347,-394.302953,-145.766251,-73.971567
1048576,1048576,2097152,0.106,222298,32,256,4096,74,182,249.875201,0.395431832347,-396.385007,-146.509806,-73.971567
1048576,1048576,2097152,0.106,222298,32,256,4096,74,183,251.213700,0.395431832347,-398.467140,-147.253440,-73.971567
1048576,1048576,2097152,0.106,222298,32,256,4096,74,184,252.552200,0.395431832347,-400.549352,-147.997152,-73.971567
1048576,1048576,2097152,0.106,222298,32,256,4096,74,185,253.890699,0.395431832347,-402.631641,-148.740943,-73.971567
1048576,1048576,2097152,0.106,222298,32,256,4096,74,186,255.229198,0.395431832347,-404.714009,-149.484812,-73.971567
1048576,1048576,2097152,0.106,222298,32,256,4096,74,187,256.567697,0.395431832347,-406.796455,-150.228759,-73.971567
1048576,1048576,2097152,0.106,222298,32,256,4096,74,188,257.906196,0.395431832347,-408.878979,-150.972783,-73.971567
1048576,1048576,2097152,0.106,222298,32,256,4096,74,189,259.244695,0.395431832347,-410.961581,-151.716886,-73.971567
1048576,1048576,2097152,0.106,222298,32,256,4096,74,190,260.583194,0.395431832347,-413.044259,-152.461065,-73.971567
1048576,1048576,2097152,0.106,222298,32,256,4096,74,191,261.921693,0.395431832347,-415.127014,-153.205321,-73.971567
1048576,1048576,2097152,0.106,222298,32,256,4096,74,192,263.260192,0.395431832347,-417.209846,-153.949654,-73.971567
1048576,1048576,2097152,0.106,222298,32,256,4096,74,193,264.598691,0.395431832347,-419.292754,-154.694062,-73.971567
1048576,1048576,2097152,0.106,222298,32,256,4096,74,194,265.937190,0.395431832347,-421.375737,-155.438546,-73.971567
1048576,1048576,2097152,0.106,222298,32,256,4096,74,195,267.275689,0.395431832347,-423.458795,-156.183105,-73.971567
1048576,1048576,2097152,0.106,222298,32,256,4096,74,196,268.614188,0.395431832347,-425.541927,-156.927739,-73.971567
1048576,1048576,2097152,0.106,222298,32,256,4096,74,197,269.952688,0.395431832347,-427.625134,-157.672446,-73.971567
1048576,1048576,2097152,0.106,222298,32,256,4096,74,198,271.291187,0.395431832347,-429.708413,-158.417227,-73.971567
1048576,1048576,2097152,0.106,222298,32,256,4096,74,199,272.629686,0.395431832347,-431.791766,-159.162080,-73.971567
1048576,1048576,2097152,0.106,222298,32,256,4096,74,200,273.968185,0.395431832347,-433.875191,-159.907006,-73.971567
1048576,1048576,2097152,0.106,222298,32,256,4096,74,201,275.306684,0.395431832347,-435.958688,-160.652004,-73.971567
1048576,1048576,2097152,0.106,222298,32,256,4096,74,202,276.645183,0.395431832347,-438.042256,-161.397073,-73.971567
1048576,1048576,2097152,0.106,222298,32,256,4096,74,203,277.983682,0.395431832347,-440.125895,-162.142213,-73.971567
1048576,1048576,2097152,0.106,222298,32,256,4096,74,204,279.322181,0.395431832347,-442.209604,-162.887423,-73.971567
1048576,1048576,2097152,0.106,222298,32,256,4096,74,205,280.660680,0.395431832347,-444.293383,-163.632703,-73.971567
1048576,1048576,2097152,0.106,222298,32,256,4096,74,206,281.999179,0.395431832347,-446.377230,-164.378051,-73.971567
1048576,1048576,2097152,0.106,222298,32,256,4096,74,207,283.337678,0.395431832347,-448.461146,-165.123468,-73.971567
1048576,1048576,2097152,0.106,222298,32,256,4096,74,208,284.676177,0.395431832347,-450.545130,-165.868953,-73.971567
1048576,1048576,2097152,0.106,222298,32,256,4096,74,209,286.014677,0.395431832347,-452.629181,-166.614505,-73.971567
1048576,1048576,2097152,0.106,222298,32,256,4096,74,210,287.353176,0.395431832347,-454.713299,-167.360124,-73.971567
1048576,1048576,2097152,0.106,222298,32,256,4096,74,211,288.691675,0.395431832347,-456.797483,-168.105809,-73.971567
1048576,1048576,2097152,0.106,222298,32,256,4096,74,212,290.030174,0.395431832347,-458.881733,-168.851559,-73.971567
1048576,1048576,2097152,0.106,222298,32,256,4096,74,213,291.368673,0.395431832347,-460.966048,-169.597375,-73.971567
1048576,1048576,2097152,0.106,222298,32,256,4096,74,214,292.707172,0.395431832347,-463.050428,-170.343256,-73.971567
1048576,1048576,2097152,0.106,222298,32,256,4096,74,215,294.045671,0.395431832347,-465.134871,-171.089200,-73.971567
1048576,1048576,2097152,0.106,222298,32,256,4096,74,216,295.384170,0.395431832347,-467.219378,-171.835208,-73.971567
1048576,1048576,2097152,0.106,222298,32,256,4096,74,217,296.722669,0.395431832347,-469.303948,-172.581279,-73.971567
1048576,1048576,2097152,0.106,222298,32,256,4096,74,218,298.061168,0.395431832347,-471.388581,-173.327412,-73.971567
1048576,1048576,2097152,0.106,222298,32,256,4096,74,219,299.399667,0.395431832347,-473.473275,-174.073607,-73.971567
1048576,1048576,2097152,0.106,222298,32,256,4096,74,220,300.738166,0.395431832347,-475.558031,-174.819864,-73.971567
1048576,1048576,2097152,0.106,222298,32,256,4096,76,1,-inf,,-2.237843,-inf,-inf
1048576,1048576,2097152,0.106,222298,32,256,4096,76,2,-inf,,-4.475684,-inf,-inf
1048576,1048576,2097152,0.106,222298,32,256,4096,76,3,-inf,,-6.713526,-inf,-inf
1048576,1048576,2097152,0.106,222298,32,256,4096,76,4,-inf,,-8.951366,-inf,-inf
1048576,1048576,2097152,0.106,222298,32,256,4096,76,5,-inf,,-11.189206,-inf,-inf
1048576,1048576,2097152,0.106,222298,32,256,4096,76,6,-inf,,-13.427045,-inf,-inf
1048576,1048576,2097152,0.106,222298,32,256,4096,76,7,-inf,,-15.664883,-inf,-inf
1048576,1048576,2097152,0.106,222298,32,256,4096,76,8,-inf,,-17.902721,-inf,-inf
1048576,1048576,2097152,0.106,222298,32,256,4096,76,9,-inf,,-20.140558,-inf,-inf
1048576,1048576,2097152,0.106,222298,32,256,4096,76,10,-inf,,-22.378394,-inf,-inf
1048576,1048576,2097152,0.106,222298,32,256,4096,76,11,-inf,,-24.616229,-inf,-inf
1048576,1048576,2097152,0.106,222298,32,256,4096,76,12,-inf,,-26.854064,-inf,-inf
1048576,1048576,2097152,0.106,222298,32,256,4096,76,13,-inf,,-29.091897,-inf,-inf
1048576,1048576,2097152,0.106,222298,32,256,4096,76,14,-inf,,-31.329731,-inf,-inf
1048576,1048576,2097152,0.106,222298,32,256,4096,76,15,-inf,,-33.567563,-inf,-inf
1048576,1048576,2097152,0.106,222298,32,256,4096,76,16,-inf,,-35.805394,-inf,-inf
1048576,1048576,2097152,0.106,222298,32,256,4096,76,17,-inf,,-38.043225,-inf,-inf
1048576,1048576,2097152,0.106,222298,32,256,4096,76,18,-inf,,-40.281055,-inf,-inf
1048576,1048576,2097152,0.106,222298,32,256,4096,76,19,-inf,,-42.518884,-inf,-inf
1048576,1048576,2097152,0.106,222298,32,256,4096,76,20,-inf,,-44.756712,-inf,-inf
1048576,1048576,2097152,0.106,222298,32,256,4096,76,21,-inf,,-46.994540,-inf,-inf
1048576,1048576,2097152,0.106,222298,32,256,4096,76,22,-inf,,-49.232366,-inf,-inf
1048576,1048576,2097152,0.106,222298,32,256,4096,76,23,-inf,,-51.470191,-inf,-inf
1048576,1048576,2097152,0.106,222298,32,256,4096,76,24,-inf,,-53.708016,-inf,-inf
1048576,1048576,2097152,0.106,222298,32,256,4096,76,25,-inf,,-55.945839,-inf,-inf
1048576,1048576,2097152,0.106,222298,32,256,4096,76,26,-inf,,-58.183662,-inf,-inf
1048576,1048576,2097152,0.106,222298,32,256,4096,76,27,-inf,,-60.421483,-inf,-inf
1048576,1048576,2097152,0.106,222298,32,256,4096,76,28,-inf,,-62.659303,-inf,-inf
1048576,1048576,2097152,0.106,222298,32,256,4096,76,29,-inf,,-64.897122,-inf,-inf
1048576,1048576,2097152,0.106,222298,32,256,4096,76,30,-inf,,-67.134939,-inf,-inf
1048576,1048576,2097152,0.106,222298,32,256,4096,76,31,-inf,,-69.372755,-inf,-inf
1048576,1048576,2097152,0.106,222298,32,256,4096,76,32,-inf,,-71.610569,-inf,-inf
1048576,1048576,2097152,0.106,222298,32,256,4096,76,33,-inf,,-73.848382,-inf,-inf
1048576,1048576,2097152,0.106,222298,32,256,4096,76,34,-inf,,-76.086193,-inf,-inf
1048576,1048576,2097152,0.106,222298,32,256,4096,76,35,-inf,,-78.324002,-inf,-inf
1048576,1048576,2097152,0.106,222298,32,256,4096,76,36,-inf,,-80.561808,-inf,-inf
1048576,1048576,2097152,0.106,222298,32,256,4096,76,37,-inf,,-82.799612,-inf,-inf
1048576,1048576,2097152,0.106,222298,32,256,4096,76,38,-inf,,-85.037414,-inf,-inf
1048576,1048576,2097152,0.106,222298,32,256,4096,76,39,-inf,,-87.275213,-inf,-inf
1048576,1048576,2097152,0.106,222298,32,256,4096,76,40,-inf,,-89.513008,-inf,-inf
1048576,1048576,2097152,0.106,222298,32,256,4096,76,41,-inf,,-91.750800,-inf,-inf
1048576,1048576,2097152,0.106,222298,32,256,4096,76,42,-inf,,-93.988588,-inf,-inf
1048576,1048576,2097152,0.106,222298,32,256,4096,76,43,-inf,,-96.226371,-inf,-inf
1048576,1048576,2097152,0.106,222298,32,256,4096,76,44,-inf,,-98.464149,-inf,-inf
1048576,1048576,2097152,0.106,222298,32,256,4096,76,45,-inf,,-100.701922,-inf,-inf
1048576,1048576,2097152,0.106,222298,32,256,4096,76,46,-inf,,-102.939689,-inf,-inf
1048576,1048576,2097152,0.106,222298,32,256,4096,76,47,-inf,,-105.177448,-inf,-inf
1048576,1048576,2097152,0.106,222298,32,256,4096,76,48,-inf,,-107.415200,-inf,-inf
1048576,1048576,2097152,0.106,222298,32,256,4096,76,49,-inf,,-109.652943,-inf,-inf
1048576,1048576,2097152,0.106,222298,32,256,4096,76,50,-inf,,-111.890676,-inf,-inf
1048576,1048576,2097152,0.106,222298,32,256,4096,76,51,-inf,,-114.128398,-inf,-inf
1048576,1048576,2097152,0.106,222298,32,256,4096,76,52,-inf,,-116.366107,-inf,-inf
1048576,1048576,2097152,0.106,222298,32,256,4096,76,53,-inf,,-118.603803,-inf,-inf
1048576,1048576,2097152,0.106,222298,32,256,4096,76,54,-inf,,-120.841482,-inf,-inf
1048576,1048576,2097152,0.106,222298,32,256,4096,76,55,-inf,,-123.079144,-inf,-inf
1048576,1048576,2097152,0.106,222298,32,256,4096,76,56,-inf,,-125.316785,-inf,-inf
1048576,1048576,2097152,0.106,222298,32,256,4096,76,57,-inf,,-127.554404,-inf,-inf
1048576,1048576,2097152,0.106,222298,32,256,4096,76,58,-inf,,-129.791997,-inf,-inf
1048576,1048576,2097152,0.106,222298,32,256,4096,76,59,-inf,,-132.029562,-inf,-inf
1048576,1048576,2097152,0.106,222298,32,256,4096,76,60,-inf,,-134.267094,-inf,-inf
1048576,1048576,2097152,0.106,222298,32,256,4096,76,61,-inf,,-136.504589,-inf,-inf
1048576,1048576,2097152,0.106,222298,32,256,4096,76,62,-inf,,-138.742043,-inf,-inf
1048576,1048576,2097152,0.106,222298,32,256,4096,76,63,-inf,,-140.979450,-inf,-inf
1048576,1048576,2097152,0.106,222298,32,256,4096,76,64,-inf,,-143.216806,-inf,-inf
1048576,1048576,2097152,0.106,222298,32,256,4096,76,65,-inf,,-145.454102,-inf,-inf
1048576,1048576,2097152,0.106,222298,32,256,4096,76,66,-inf,,-147.691331,-inf,-inf
1048576,1048576,2097152,0.106,222298,32,256,4096,76,67,-inf,,-149.928486,-inf,-inf
1048576,1048576,2097152,0.106,222298,32,256,4096,76,68,-inf,,-152.165557,-inf,-inf
1048576,1048576,2097152,0.106,222298,32,256,4096,76,69,-inf,,-154.402533,-inf,-inf
1048576,1048576,2097152,0.106,222298,32,256,4096,76,70,-inf,,-156.639403,-inf,-inf
1048576,1048576,2097152,0.106,222298,32,256,4096,76,71,-inf,,-158.876152,-inf,-inf
1048576,1048576,2097152,0.106,222298,32,256,4096,76,72,-inf,,-161.112767,-inf,-inf
1048576,1048576,2097152,0.106,222298,32,256,4096,76,73,-inf,,-163.349231,-inf,-inf
1048576,1048576,2097152,0.106,222298,32,256,4096,76,74,-inf,,-165.585524,-inf,-inf
1048576,1048576,2097152,0.106,222298,32,256,4096,76,75,-inf,,-167.821627,-inf,-inf
1048576,1048576,2097152,0.106,222298,32,256,4096,76,76,93.292889,0.352176111989,-170.057515,-76.764626,-76.764626
1048576,1048576,2097152,0.106,222298,32,256,4096,76,77,94.798520,0.352176111989,-172.293162,-77.494642,-76.083944
1048576,1048576,2097152,0.106,222298,32,256,4096,76,78,96.304151,0.352176111989,-174.528540,-78.224389,-75.789032
1048576,1048576,2097152,0.106,222298,32,256,4096,76,79,97.809782,0.352176111989,-176.763616,-78.953833,-75.636516
1048576,1048576,2097152,0.106,222298,32,256,4096,76,80,99.315413,0.352176111989,-178.998353,-79.682940,-75.551743
1048576,1048576,2097152,0.106,222298,32,256,4096,76,81,100.821044,0.352176111989,-181.232711,-80.411667,-75.502898
1048576,1048576,2097152,0.106,222298,32,256,4096,76,82,102.326675,0.352176111989,-183.466646,-81.139971,-75.474196
1048576,1048576,2097152,0.106,222298,32,256,4096,76,83,103.832306,0.352176111989,-185.700107,-81.867800,-75.457137
1048576,1048576,2097152,0.106,222298,32,256,4096,76,84,105.337937,0.352176111989,-187.933039,-82.595102,-75.446930
1048576,1048576,2097152,0.106,222298,32,256,4096,76,85,106.843568,0.352176111989,-190.165381,-83.321813,-75.440797
1048576,1048576,2097152,0.106,222298,32,256,4096,76,86,108.349199,0.352176111989,-192.397066,-84.047867,-75.437102
1048576,1048576,2097152,0.106,222298,32,256,4096,76,87,109.854830,0.352176111989,-194.628018,-84.773188,-75.434872
1048576,1048576,2097152,0.106,222298,32,256,4096,76,88,111.360462,0.352176111989,-196.858157,-85.497695,-75.433524
1048576,1048576,2097152,0.106,222298,32,256,4096,76,89,112.866093,0.352176111989,-199.087391,-86.221298,-75.432708
1048576,1048576,2097152,0.106,222298,32,256,4096,76,90,114.371724,0.352176111989,-201.315623,-86.943900,-75.432213
1048576,1048576,2097152,0.106,222298,32,256,4096,76,91,115.877355,0.352176111989,-203.542744,-87.665390,-75.431914
1048576,1048576,2097152,0.106,222298,32,256,4096,76,92,117.382986,0.352176111989,-205.768640,-88.385654,-75.431732
1048576,1048576,2097152,0.106,222298,32,256,4096,76,93,118.888617,0.352176111989,-207.993180,-89.104563,-75.431622
1048576,1048576,2097152,0.106,222298,32,256,4096,76,94,120.394248,0.352176111989,-210.216231,-89.821983,-75.431554
1048576,1048576,2097152,0.106,222298,32,256,4096,76,95,121.899879,0.352176111989,-212.437643,-90.537765,-75.431513
1048576,1048576,2097152,0.106,222298,32,256,4096,76,96,123.405510,0.352176111989,-214.657262,-91.251753,-75.431489
1048576,1048576,2097152,0.106,222298,32,256,4096,76,97,124.911141,0.352176111989,-216.874919,-91.963778,-75.431473
1048576,1048576,2097152,0.106,222298,32,256,4096,76,98,126.416772,0.352176111989,-219.090440,-92.673668,-75.431464
1048576,1048576,2097152,0.106,222298,32,256,4096,76,99,127.922403,0.352176111989,-221.303637,-93.381234,-75.431458
1048576,1048576,2097152,0.106,222298,32,256,4096,76,100,129.428034,0.352176111989,-223.514322,-94.086288,-75.431455
1048576,1048576,2097152,0.106,222298,32,256,4096,76,101,130.933665,0.352176111989,-225.722292,-94.788627,-75.431453
1048576,1048576,2097152,0.106,222298,32,256,4096,76,102,132.439296,0.352176111989,-227.927350,-95.488054,-75.431451
1048576,1048576,2097152,0.106,222298,32,256,4096,76,103,133.944927,0.352176111989,-230.129288,-96.184361,-75.431451
1048576,1048576,2097152,0.106,222298,32,256,4096,76,104,135.450558,0.352176111989,-232.327903,-96.877345,-75.431450
1048576,1048576,2097152,0.106,222298,32,256,4096,76,105,136.956189,0.352176111989,-234.522998,-97.566809,-75.431450
1048576,1048576,2097152,0.106,222298,32,256,4096,76,106,138.461820,0.352176111989,-236.714376,-98.252556,-75.431450
1048576,1048576,2097152,0.106,222298,32,256,4096,76,107,139.967451,0.352176111989,-238.901855,-98.934404,-75.431449
1048576,1048576,2097152,0.106,222298,32,256,4096,76,108,141.473082,0.352176111989,-241.085269,-99.612187,-75.431449
1048576,1048576,2097152,0.106,222298,32,256,4096,76,109,142.978713,0.352176111989,-243.264462,-100.285748,-75.431449
1048576,1048576,2097152,0.106,222298,32,256,4096,76,110,144.484344,0.352176111989,-245.439303,-100.954959,-75.431449
1048576,1048576,2097152,0.106,222298,32,256,4096,76,111,145.989975,0.352176111989,-247.609688,-101.619713,-75.431449
1048576,1048576,2097152,0.106,222298,32,256,4096,76,112,147.495606,0.352176111989,-249.775532,-102.279926,-75.431449
1048576,1048576,2097152,0.106,222298,32,256,4096,76,113,149.001238,0.352176111989,-251.936783,-102.935546,-75.431449
1048576,1048576,2097152,0.106,222298,32,256,4096,76,114,150.506869,0.352176111989,-254.093421,-103.586552,-75.431449
1048576,1048576,2097152,0.106,222298,32,256,4096,76,115,152.012500,0.352176111989,-256.245448,-104.232948,-75.431449
1048576,1048576,2097152,0.106,222298,32,256,4096,76,116,153.518131,0.352176111989,-258.392905,-104.874774,-75.431449
1048576,1048576,2097152,0.106,222298,32,256,4096,76,117,155.023762,0.352176111989,-260.535860,-105.512098,-75.431449
1048576,1048576,2097152,0.106,222298,32,256,4096,76,118,156.529393,0.352176111989,-262.674404,-106.145011,-75.431449
1048576,1048576,2097152,0.106,222298,32,256,4096,76,119,158.035024,0.352176111989,-264.808660,-106.773636,-75.431449
1048576,1048576,2097152,0.106,222298,32,256,4096,76,120,159.540655,0.352176111989,-266.938772,-107.398117,-75.431449
1048576,1048576,2097152,0.106,222298,32,256,4096,76,121,161.046286,0.352176111989,-269.064898,-108.018612,-75.431449
1048576,1048576,2097152,0.106,222298,32,256,4096,76,122,162.551917,0.352176111989,-271.187219,-108.635302,-75.431449
1048576,1048576,2097152,0.106,222298,32,256,4096,76,123,164.057548,0.352176111989,-273.305926,-109.248378,-75.431449
1048576,1048576,2097152,0.106,222298,32,256,4096,76,124,165.563179,0.352176111989,-275.421216,-109.858037,-75.431449
1048576,1048576,2097152,0.106,222298,32,256,4096,76,125,167.068810,0.352176111989,-277.533295,-110.464485,-75.431449
1048576,1048576,2097152,0.106,222298,32,256,4096,76,126,168.574441,0.352176111989,-279.642372,-111.067931,-75.431449
1048576,1048576,2097152,0.106,222298,32,256,4096,76,127,170.080072,0.352176111989,-281.748651,-111.668579,-75.431449
1048576,1048576,2097152,0.106,222298,32,256,4096,76,128,171.585703,0.352176111989,-283.852337,-112.266634,-75.431449
1048576,1048576,2097152,0.106,222298,32,256,4096,76,129,173.091334,0.352176111989,-285.953631,-112.862297,-75.431449
1048576,1048576,2097152,0.106,222298,32,256,4096,76,130,174.596965,0.352176111989,-288.052724,-113.455758,-75.431449
1048576,1048576,2097152,0.106,222298,32,256,4096,76,131,176.102596,0.352176111989,-290.149799,-114.047203,-75.431449
1048576,1048576,2097152,0.106,222298,32,256,4096,76,132,177.608227,0.352176111989,-292.245035,-114.636808,-75.431449
1048576,1048576,2097152,0.106,222298,32,256,4096,76,133,179.113858,0.352176111989,-294.338595,-115.224737,-75.431449
1048576,1048576,2097152,0.106,222298,32,256,4096,76,134,180.619489,0.352176111989,-296.430636,-115.811146,-75.431449
1048576,1048576,2097152,0.106,222298,32,256,4096,76,135,182.125120,0.352176111989,-298.521304,-116.396183,-75.431449
1048576,1048576,2097152,0.106,222298,32,256,4096,76,136,183.630751,0.352176111989,-300.610733,-116.979982,-75.431449
1048576,1048576,2097152,0.106,222298,32,256,4096,76,137,185.136382,0.352176111989,-302.699049,-117.562667,-75.431449
1048576,1048576,2097152,0.106,222298,32,256,4096,76,138,186.642014,0.352176111989,-304.786369,-118.144355,-75.431449
1048576,1048576,2097152,0.106,222298,32,256,4096,76,139,188.147645,0.352176111989,-306.872797,-118.725152,-75.431449
1048576,1048576,2097152,0.106,222298,32,256,4096,76,140,189.653276,0.352176111989,-308.958431,-119.305155,-75.431449
1048576,1048576,2097152,0.106,222298,32,256,4096,76,141,191.158907,0.352176111989,-311.043360,-119.884453,-75.431449
1048576,1048576,2097152,0.106,222298,32,256,4096,76,142,192.664538,0.352176111989,-313.127665,-120.463127,-75.431449
1048576,1048576,2097152,0.106,222298,32,256,4096,76,143,194.170169,0.352176111989,-315.211418,-121.041250,-75.431449
1048576,1048576,2097152,0.106,222298,32,256,4096,76,144,195.675800,0.352176111989,-317.294688,-121.618888,-75.431449
1048576,1048576,2097152,0.106,222298,32,256,4096,76,145,197.181431,0.352176111989,-319.377534,-122.196103,-75.431449
1048576,1048576,2097152,0.106,222298,32,256,4096,76,146,198.687062,0.352176111989,-321.460010,-122.772948,-75.431449
1048576,1048576,2097152,0.106,222298,32,256,4096,76,147,200.192693,0.352176111989,-323.542166,-123.349473,-75.431449
1048576,1048576,2097152,0.106,222298,32,256,4096,76,148,201.698324,0.352176111989,-325.624045,-123.925721,-75.431449
1048576,1048576,2097152,0.106,222298,32,256,4096,76,149,203.203955,0.352176111989,-327.705688,-124.501733,-75.431449
1048576,1048576,2097152,0.106,222298,32,256,4096,76,150,204.709586,0.352176111989,-329.787131,-125.077545,-75.431449
1048576,1048576,2097152,0.106,222298,32,256,4096,76,151,206.215217,0.352176111989,-331.868404,-125.653187,-75.431449
1048576,1048576,2097152,0.106,222298,32,256,4096,76,152,207.720848,0.352176111989,-333.949538,-126.228690,-75.431449
1048576,1048576,2097152,0.106,222298,32,256,4096,76,153,209.226479,0.352176111989,-336.030557,-126.804078,-75.431449
1048576,1048576,2097152,0.106,222298,32,256,4096,76,154,210.732110,0.352176111989,-338.111485,-127.379375,-75.431449
1048576,1048576,2097152,0.106,222298,32,256,4096,76,155,212.237741,0.352176111989,-340.192342,-127.954601,-75.431449
1048576,1048576,2097152,0.106,222298,32,256,4096,76,156,213.743372,0.352176111989,-342.273146,-128.529774,-75.431449
1048576,1048576,2097152,0.106,222298,32,256,4096,76,157,215.249003,0.352176111989,-344.353915,-129.104911,-75.431449
1048576,1048576,2097152,0.106,222298,32,256,4096,76,158,216.754634,0.352176111989,-346.434661,-129.680026,-75.431449
1048576,1048576,2097152,0.106,222298,32,256,4096,76,159,218.260265,0.352176111989,-348.515398,-130.255132,-75.431449
1048576,1048576,2097152,0.106,222298,32,256,4096,76,160,219.765896,0.352176111989,-350.596137,-130.830241,-75.431449
1048576,1048576,2097152,0.106,222298,32,256,4096,76,161,221.271527,0.352176111989,-352.676889,-131.405362,-75.431449
1048576,1048576,2097152,0.106,222298,32,256,4096,76,162,222.777158,0.352176111989,-354.757663,-131.980504,-75.431449
1048576,1048576,2097152,0.106,222298,32,256,4096,76,163,224.282790,0.352176111989,-356.838466,-132.555676,-75.431449
1048576,1048576,2097152,0.106,222298,32,256,4096,76,164,225.782218,0.395431832347,-358.919305,-133.137087,-75.431449
1048576,1048576,2097152,0.106,222298,32,256,4096,76,165,227.120717,0.395431832347,-361.000187,-133.879470,-75.431449
1048576,1048576,2097152,0.106,222298,32,256,4096,76,166,228.459216,0.395431832347,-363.081117,-134.621901,-75.431449
1048576,1048576,2097152,0.106,222298,32,256,4096,76,167,229.797715,0.395431832347,-365.162100,-135.364385,-75.431449
1048576,1048576,2097152,0.106,222298,32,256,4096,76,168,231.136214,0.395431832347,-367.243139,-136.106925,-75.431449
1048576,1048576,2097152,0.106,222298,32,256,4096,76,169,232.474713,0.395431832347,-369.324239,-136.849526,-75.431449
1048576,1048576,2097152,0.106,222298,32,256,4096,76,170,233.813212,0.395431832347,-371.405403,-137.592191,-75.431449
1048576,1048576,2097152,0.106,222298,32,256,4096,76,171,235.151711,0.395431832347,-373.486633,-138.334922,-75.431449
1048576,1048576,2097152,0.106,222298,32,256,4096,76,172,236.490211,0.395431832347,-375.567932,-139.077721,-75.431449
1048576,1048576,2097152,0.106,222298,32,256,4096,76,173,237.828710,0.395431832347,-377.649301,-139.820592,-75.431449
1048576,1048576,2097152,0.106,222298,32,256,4096,76,174,239.167209,0.395431832347,-379.730743,-140.563534,-75.431449
1048576,1048576,2097152,0.106,222298,32,256,4096,76,175,240.505708,0.395431832347,-381.812258,-141.306551,-75.431449
1048576,1048576,2097152,0.106,222298,32,256,4096,76,176,241.844207,0.395431832347,-383.893849,-142.049642,-75.431449
1048576,1048576,2097152,0.106,222298,32,256,4096,76,177,243.182706,0.395431832347,-385.975515,-142.792809,-75.431449
1048576,1048576,2097152,0.106,222298,32,256,4096,76,178,244.521205,0.395431832347,-388.057258,-143.536053,-75.431449
1048576,1048576,2097152,0.106,222298,32,256,4096,76,179,245.859704,0.395431832347,-390.139078,-144.279374,-75.431449
1048576,1048576,2097152,0.106,222298,32,256,4096,76,180,247.198203,0.395431832347,-392.220977,-145.022773,-75.431449
1048576,1048576,2097152,0.106,222298,32,256,4096,76,181,248.536702,0.395431832347,-394.302953,-145.766251,-75.431449
1048576,1048576,2097152,0.106,222298,32,256,4096,76,182,249.875201,0.395431832347,-396.385007,-146.509806,-75.431449
1048576,1048576,2097152,0.106,222298,32,256,4096,76,183,251.213700,0.395431832347,-398.467140,-147.253440,-75.431449
1048576,1048576,2097152,0.106,222298,32,256,4096,76,184,252.552200,0.395431832347,-400.549352,-147.997152,-75.431449
1048576,1048576,2097152,0.106,222298,32,256,4096,76,185,253.890699,0.395431832347,-402.631641,-148.740943,-75.431449
1048576,1048576,2097152,0.106,222298,32,256,4096,76,186,255.229198,0.395431832347,-404.714009,-149.484812,-75.431449
1048576,1048576,2097152,0.106,222298,32,256,4096,76,187,256.567697,0.395431832347,-406.796455,-150.228759,-75.431449
1048576,1048576,2097152,0.106,222298,32,256,4096,76,188,257.906196,0.395431832347,-408.878979,-150.972783,-75.431449
1048576,1048576,2097152,0.106,222298,32,256,4096,76,189,259.244695,0.395431832347,-410.961581,-151.716886,-75.431449
1048576,1048576,2097152,0.106,222298,32,256,4096,76,190,260.583194,0.395431832347,-413.044259,-152.461065,-75.431449
1048576,1048576,2097152,0.106,222298,32,256,4096,76,191,261.921693,0.395431832347,-415.127014,-153.205321,-75.431449
1048576,1048576,2097152,0.106,222298,32,256,4096,76,192,263.260192,0.395431832347,-417.209846,-153.949654,-75.431449
1048576,1048576,2097152,0.106,222298,32,256,4096,76,193,264.598691,0.395431832347,-419.292754,-154.694062,-75.431449
1048576,1048576,2097152,0.106,222298,32,256,4096,76,194,265.937190,0.395431832347,-421.375737,-155.438546,-75.431449
1048576,1048576,2097152,0.106,222298,32,256,4096,76,195,267.275689,0.395431832347,-423.458795,-156.183105,-75.431449
1048576,1048576,2097152,0.106,222298,32,256,4096,76,196,268.614188,0.395431832347,-425.541927,-156.927739,-75.431449
1048576,1048576,2097152,0.106,222298,32,256,4096,76,197,269.952688,0.395431832347,-427.625134,-157.672446,-75.431449
1048576,1048576,2097152,0.106,222298,32,256,4096,76,198,271.291187,0.395431832347,-429.708413,-158.417227,-75.431449
1048576,1048576,2097152,0.106,222298,32,256,4096,76,199,272.629686,0.395431832347,-431.791766,-159.162080,-75.431449
1048576,1048576,2097152,0.106,222298,32,256,4096,76,200,273.968185,0.395431832347,-433.875191,-159.907006,-75.431449
1048576,1048576,2097152,0.106,222298,32,256,4096,76,201,275.306684,0.395431832347,-435.958688,-160.652004,-75.431449
1048576,1048576,2097152,0.106,222298,32,256,4096,76,202,276.645183,0.395431832347,-438.042256,-161.397073,-75.431449
1048576,1048576,2097152,0.106,222298,32,256,4096,76,203,277.983682,0.395431832347,-440.125895,-162.142213,-75.431449
1048576,1048576,2097152,0.106,222298,32,256,4096,76,204,279.322181,0.395431832347,-442.209604,-162.887423,-75.431449
1048576,1048576,2097152,0.106,222298,32,256,4096,76,205,280.660680,0.395431832347,-444.293383,-163.632703,-75.431449
1048576,1048576,2097152,0.106,222298,32,256,4096,76,206,281.999179,0.395431832347,-446.377230,-164.378051,-75.431449
1048576,1048576,2097152,0.106,222298,32,256,4096,76,207,283.337678,0.395431832347,-448.461146,-165.123468,-75.431449
1048576,1048576,2097152,0.106,222298,32,256,4096,76,208,284.676177,0.395431832347,-450.545130,-165.868953,-75.431449
1048576,1048576,2097152,0.106,222298,32,256,4096,76,209,286.014677,0.395431832347,-452.629181,-166.614505,-75.431449
1048576,1048576,2097152,0.106,222298,32,256,4096,76,210,287.353176,0.395431832347,-454.713299,-167.360124,-75.431449
1048576,1048576,2097152,0.106,222298,32,256,4096,76,211,288.691675,0.395431832347,-456.797483,-168.105809,-75.431449
1048576,1048576,2097152,0.106,222298,32,256,4096,76,212,290.030174,0.395431832347,-458.881733,-168.851559,-75.431449
1048576,1048576,2097152,0.106,222298,32,256,4096,76,213,291.368673,0.395431832347,-460.966048,-169.597375,-75.431449
1048576,1048576,2097152,0.106,222298,32,256,4096,76,214,292.707172,0.395431832347,-463.050428,-170.343256,-75.431449
1048576,1048576,2097152,0.106,222298,32,256,4096,76,215,294.045671,0.395431832347,-465.134871,-171.089200,-75.431449
1048576,1048576,2097152,0.106,222298,32,256,4096,76,216,295.384170,0.395431832347,-467.219378,-171.835208,-75.431449
1048576,1048576,2097152,0.106,222298,32,256,4096,76,217,296.722669,0.395431832347,-469.303948,-172.581279,-75.431449
1048576,1048576,2097152,0.106,222298,32,256,4096,76,218,298.061168,0.395431832347,-471.388581,-173.327412,-75.431449
1048576,1048576,2097152,0.106,222298,32,256,4096,76,219,299.399667,0.395431832347,-473.473275,-174.073607,-75.431449
1048576,1048576,2097152,0.106,222298,32,256,4096,76,220,300.738166,0.395431832347,-475.558031,-174.819864,-75.431449
1048576,1048576,2097152,0.106,222298,32,256,4096,78,1,-inf,,-2.237843,-inf,-inf
1048576,1048576,2097152,0.106,222298,32,256,4096,78,2,-inf,,-4.475684,-inf,-inf
1048576,1048576,2097152,0.106,222298,32,256,4096,78,3,-inf,,-6.713526,-inf,-inf
1048576,1048576,2097152,0.106,222298,32,256,4096,78,4,-inf,,-8.951366,-inf,-inf
1048576,1048576,2097152,0.106,222298,32,256,4096,78,5,-inf,,-11.189206,-inf,-inf
1048576,1048576,2097152,0.106,222298,32,256,4096,78,6,-inf,,-13.427045,-inf,-inf
1048576,1048576,2097152,0.106,222298,32,256,4096,78,7,-inf,,-15.664883,-inf,-inf
1048576,1048576,2097152,0.106,222298,32,256,4096,78,8,-inf,,-17.902721,-inf,-inf
1048576,1048576,2097152,0.106,222298,32,256,4096,78,9,-inf,,-20.140558,-inf,-inf
1048576,1048576,2097152,0.106,222298,32,256,4096,78,10,-inf,,-22.378394,-inf,-inf
1048576,1048576,2097152,0.106,222298,32,256,4096,78,11,-inf,,-24.616229,-inf,-inf
1048576,1048576,2097152,0.106,222298,32,256,4096,78,12,-inf,,-26.854064,-inf,-inf
1048576,1048576,2097152,0.106,222298,32,256,4096,78,13,-inf,,-29.091897,-inf,-inf
1048576,1048576,2097152,0.106,222298,32,256,4096,78,14,-inf,,-31.329731,-inf,-inf
1048576,1048576,2097152,0.106,222298,32,256,4096,78,15,-inf,,-33.567563,-inf,-inf
1048576,1048576,2097152,0.106,222298,32,256,4096,78,16,-inf,,-35.805394,-inf,-inf
1048576,1048576,2097152,0.106,222298,32,256,4096,78,17,-inf,,-38.043225,-inf,-inf
1048576,1048576,2097152,0.106,222298,32,256,4096,78,18,-inf,,-40.281055,-inf,-inf
1048576,1048576,2097152,0.106,222298,32,256,4096,78,19,-inf,,-42.518884,-inf,-inf
1048576,1048576,2097152,0.106,222298,32,256,4096,78,20,-inf,,-44.756712,-inf,-inf
1048576,1048576,2097152,0.106,222298,32,256,4096,78,21,-inf,,-46.994540,-inf,-inf
1048576,1048576,2097152,0.106,222298,32,256,4096,78,22,-inf,,-49.232366,-inf,-inf
1048576,1048576,2097152,0.106,222298,32,256,4096,78,23,-inf,,-51.470191,-inf,-inf
1048576,1048576,2097152,0.106,222298,32,256,4096,78,24,-inf,,-53.708016,-inf,-inf
1048576,1048576,2097152,0.106,222298,32,256,4096,78,25,-inf,,-55.945839,-inf,-inf
1048576,1048576,2097152,0.106,222298,32,256,4096,78,26,-inf,,-58.183662,-inf,-inf
1048576,1048576,2097152,0.106,222298,32,256,4096,78,27,-inf,,-60.421483,-inf,-inf
1048576,1048576,2097152,0.106,222298,32,256,4096,78,28,-inf,,-62.659303,-inf,-inf
1048576,1048576,2097152,0.106,222298,32,256,4096,78,29,-inf,,-64.897122,-inf,-inf
1048576,1048576,2097152,0.106,222298,32,256,4096,78,30,-inf,,-67.134939,-inf,-inf
1048576,1048576,2097152,0.106,222298,32,256,4096,78,31,-inf,,-69.372755,-inf,-inf
1048576,1048576,2097152,0.106,222298,32,256,4096,78,32,-inf,,-71.610569,-inf,-inf
1048576,1048576,2097152,0.106,222298,32,256,4096,78,33,-inf,,-73.848382,-inf,-inf
1048576,1048576,2097152,0.106,222298,32,256,4096,78,34,-inf,,-76.086193,-inf,-inf
1048576,1048576,2097152,0.106,222298,32,256,4096,78,35,-inf,,-78.324002,-inf,-inf
1048576,1048576,2097152,0.106,222298,32,256,4096,78,36,-inf,,-80.561808,-inf,-inf
1048576,1048576,2097152,0.106,222298,32,256,4096,78,37,-inf,,-82.799612,-inf,-inf
1048576,1048576,2097152,0.106,222298,32,256,4096,78,38,-inf,,-85.037414,-inf,-inf
1048576,1048576,2097152,0.106,222298,32,256,4096,78,39,-inf,,-87.275213,-inf,-inf
1048576,1048576,2097152,0.106,222298,32,256,4096,78,40,-inf,,-89.513008,-inf,-inf
1048576,1048576,2097152,0.106,222298,32,256,4096,78,41,-inf,,-91.750800,-inf,-inf
1048576,1048576,2097152,0.106,222298,32,256,4096,78,42,-inf,,-93.988588,-inf,-inf
1048576,1048576,2097152,0.106,222298,32,256,4096,78,43,-inf,,-96.226371,-inf,-inf
1048576,1048576,2097152,0.106,222298,32,256,4096,78,44,-inf,,-98.464149,-inf,-inf
1048576,1048576,2097152,0.106,222298,32,256,4096,78,45,-inf,,-100.701922,-inf,-inf
1048576,1048576,2097152,0.106,222298,32,256,4096,78,46,-inf,,-102.939689,-inf,-inf
1048576,1048576,2097152,0.106,222298,32,256,4096,78,47,-inf,,-105.177448,-inf,-inf
1048576,1048576,2097152,0.106,222298,32,256,4096,78,48,-inf,,-107.415200,-inf,-inf
1048576,1048576,2097152,0.106,222298,32,256,4096,78,49,-inf,,-109.652943,-inf,-inf
1048576,1048576,2097152,0.106,222298,32,256,4096,78,50,-inf,,-111.890676,-inf,-inf
1048576,1048576,2097152,0.106,222298,32,256,4096,78,51,-inf,,-114.128398,-inf,-inf
1048576,1048576,2097152,0.106,222298,32,256,4096,78,52,-inf,,-116.366107,-inf,-inf
1048576,1048576,2097152,0.106,222298,32,256,4096,78,53,-inf,,-118.603803,-inf,-inf
1048576,1048576,2097152,0.106,222298,32,256,4096,78,54,-inf,,-120.841482,-inf,-inf
1048576,1048576,2097152,0.106,222298,32,256,4096,78,55,-inf,,-123.079144,-inf,-inf
1048576,1048576,2097152,0.106,222298,32,256,4096,78,56,-inf,,-125.316785,-inf,-inf
1048576,1048576,2097152,0.106,222298,32,256,4096,78,57,-inf,,-127.554404,-inf,-inf
1048576,1048576,2097152,0.106,222298,32,256,4096,78,58,-inf,,-129.791997,-inf,-inf
1048576,1048576,2097152,0.106,222298,32,256,4096,78,59,-inf,,-132.029562,-inf,-inf
1048576,1048576,2097152,0.106,222298,32,256,4096,78,60,-inf,,-134.267094,-inf,-inf
1048576,1048576,2097152,0.106,222298,32,256,4096,78,61,-inf,,-136.504589,-inf,-inf
1048576,1048576,2097152,0.106,222298,32,256,4096,78,62,-inf,,-138.742043,-inf,-inf
1048576,1048576,2097152,0.106,222298,32,256,4096,78,63,-inf,,-140.979450,-inf,-inf
1048576,1048576,2097152,0.106,222298,32,256,4096,78,64,-inf,,-143.216806,-inf,-inf
1048576,1048576,2097152,0.106,222298,32,256,4096,78,65,-inf,,-145.454102,-inf,-inf
1048576,1048576,2097152,0.106,222298,32,256,4096,78,66,-inf,,-147.691331,-inf,-inf
1048576,1048576,2097152,0.106,222298,32,256,4096,78,67,-inf,,-149.928486,-inf,-inf
1048576,1048576,2097152,0.106,222298,32,256,4096,78,68,-inf,,-152.165557,-inf,-inf
1048576,1048576,2097152,0.106,222298,32,256,4096,78,69,-inf,,-154.402533,-inf,-inf
1048576,1048576,2097152,0.106,222298,32,256,4096,78,70,-inf,,-156.639403,-inf,-inf
1048576,1048576,2097152,0.106,222298,32,256,4096,78,71,-inf,,-158.876152,-inf,-inf
1048576,1048576,2097152,0.106,222298,32,256,4096,78,72,-inf,,-161.112767,-inf,-inf
1048576,1048576,2097152,0.106,222298,32,256,4096,78,73,-inf,,-163.349231,-inf,-inf
1048576,1048576,2097152,0.106,222298,32,256,4096,78,74,-inf,,-165.585524,-inf,-inf
1048576,1048576,2097152,0.106,222298,32,256,4096,78,75,-inf,,-167.821627,-inf,-inf
1048576,1048576,2097152,0.106,222298,32,256,4096,78,76,-inf,,-170.057515,-inf,-inf
1048576,1048576,2097152,0.106,222298,32,256,4096,78,77,-inf,,-172.293162,-inf,-inf
1048576,1048576,2097152,0.106,222298,32,256,4096,78,78,96.304151,0.352176111989,-174.528540,-78.224389,-78.224389
1048576,1048576,2097152,0.106,222298,32,256,4096,78,79,97.809782,0.352176111989,-176.763616,-78.953833,-77.543492
1048576,1048576,2097152,0.106,222298,32,256,4096,78,80,99.315413,0.352176111989,-178.998353,-79.682940,-77.248396
1048576,1048576,2097152,0.106,222298,32,256,4096,78,81,100.821044,0.352176111989,-181.232711,-80.411667,-77.095726
1048576,1048576,2097152,0.106,222298,32,256,4096,78,82,102.326675,0.352176111989,-183.466646,-81.139971,-77.010829
1048576,1048576,2097152,0.106,222298,32,256,4096,78,83,103.832306,0.352176111989,-185.700107,-81.867800,-76.961885
1048576,1048576,2097152,0.106,222298,32,256,4096,78,84,105.337937,0.352176111989,-187.933039,-82.595102,-76.933107
1048576,1048576,2097152,0.106,222298,32,256,4096,78,85,106.843568,0.352176111989,-190.165381,-83.321813,-76.915991
1048576,1048576,2097152,0.106,222298,32,256,4096,78,86,108.349199,0.352176111989,-192.397066,-84.047867,-76.905741
1048576,1048576,2097152,0.106,222298,32,256,4096,78,87,109.854830,0.352176111989,-194.628018,-84.773188,-76.899576
1048576,1048576,2097152,0.106,222298,32,256,4096,78,88,111.360462,0.352176111989,-196.858157,-85.497695,-76.895858
1048576,1048576,2097152,0.106,222298,32,256,4096,78,89,112.866093,0.352176111989,-199.087391,-86.221298,-76.893611
1048576,1048576,2097152,0.106,222298,32,256,4096,78,90,114.371724,0.352176111989,-201.315623,-86.943900,-76.892251
1048576,1048576,2097152,0.106,222298,32,256,4096,78,91,115.877355,0.352176111989,-203.542744,-87.665390,-76.891427
1048576,1048576,2097152,0.106,222298,32,256,4096,78,92,117.382986,0.352176111989,-205.768640,-88.385654,-76.890927
1048576,1048576,2097152,0.106,222298,32,256,4096,78,93,118.888617,0.352176111989,-207.993180,-89.104563,-76.890623
1048576,1048576,2097152,0.106,222298,32,256,4096,78,94,120.394248,0.352176111989,-210.216231,-89.821983,-76.890439
1048576,1048576,2097152,0.106,222298,32,256,4096,78,95,121.899879,0.352176111989,-212.437643,-90.537765,-76.890326
1048576,1048576,2097152,0.106,222298,32,256,4096,78,96,123.405510,0.352176111989,-214.657262,-91.251753,-76.890258
1048576,1048576,2097152,0.106,222298,32,256,4096,78,97,124.911141,0.352176111989,-216.874919,-91.963778,-76.890216
1048576,1048576,2097152,0.106,222298,32,256,4096,78,98,126.416772,0.352176111989,-219.090440,-92.673668,-76.890190
1048576,1048576,2097152,0.106,222298,32,256,4096,78,99,127.922403,0.352176111989,-221.303637,-93.381234,-76.890175
1048576,1048576,2097152,0.106,222298,32,256,4096,78,100,129.428034,0.352176111989,-223.514322,-94.086288,-76.890165
1048576,1048576,2097152,0.106,222298,32,256,4096,78,101,130.933665,0.352176111989,-225.722292,-94.788627,-76.890159
1048576,1048576,2097152,0.106,222298,32,256,4096,78,102,132.439296,0.352176111989,-227.927350,-95.488054,-76.890155
1048576,1048576,2097152,0.106,222298,32,256,4096,78,103,133.944927,0.352176111989,-230.129288,-96.184361,-76.890153
1048576,1048576,2097152,0.106,222298,32,256,4096,78,104,135.450558,0.352176111989,-232.327903,-96.877345,-76.890152
1048576,1048576,2097152,0.106,222298,32,256,4096,78,105,136.956189,0.352176111989,-234.522998,-97.566809,-76.890151
1048576,1048576,2097152,0.106,222298,32,256,4096,78,106,138.461820,0.352176111989,-236.714376,-98.252556,-76.890150
1048576,1048576,2097152,0.106,222298,32,256,4096,78,107,139.967451,0.352176111989,-238.901855,-98.934404,-76.890150
1048576,1048576,2097152,0.106,222298,32,256,4096,78,108,141.473082,0.352176111989,-241.085269,-99.612187,-76.890150
1048576,1048576,2097152,0.106,222298,32,256,4096,78,109,142.978713,0.352176111989,-243.264462,-100.285748,-76.890150
1048576,1048576,2097152,0.106,222298,32,256,4096,78,110,144.484344,0.352176111989,-245.439303,-100.954959,-76.890150
1048576,1048576,2097152,0.106,222298,32,256,4096,78,111,145.989975,0.352176111989,-247.609688,-101.619713,-76.890150
1048576,1048576,2097152,0.106,222298,32,256,4096,78,112,147.495606,0.352176111989,-249.775532,-102.279926,-76.890150
1048576,1048576,2097152,0.106,222298,32,256,4096,78,113,149.001238,0.352176111989,-251.936783,-102.935546,-76.890150
1048576,1048576,2097152,0.106,222298,32,256,4096,78,114,150.506869,0.352176111989,-254.093421,-103.586552,-76.890150
1048576,1048576,2097152,0.106,222298,32,256,4096,78,115,152.012500,0.352176111989,-256.245448,-104.232948,-76.890150
1048576,1048576,2097152,0.106,222298,32,256,4096,78,116,153.518131,0.352176111989,-258.392905,-104.874774,-76.890150
1048576,1048576,2097152,0.106,222298,32,256,4096,78,117,155.023762,0.352176111989,-260.535860,-105.512098,-76.890150
1048576,1048576,2097152,0.106,222298,32,256,4096,78,118,156.529393,0.352176111989,-262.674404,-106.145011,-76.890150
1048576,1048576,2097152,0.106,222298,32,256,4096,78,119,158.035024,0.352176111989,-264.808660,-106.773636,-76.890150
1048576,1048576,2097152,0.106,222298,32,256,4096,78,120,159.540655,0.352176111989,-266.938772,-107.398117,-76.890150
1048576,1048576,2097152,0.106,222298,32,256,4096,78,121,161.046286,0.352176111989,-269.064898,-108.018612,-76.890150
1048576,1048576,2097152,0.106,222298,32,256,4096,78,122,162.551917,0.352176111989,-271.187219,-108.635302,-76.890150
1048576,1048576,2097152,0.106,222298,32,256,4096,78,123,164.057548,0.352176111989,-273.305926,-109.248378,-76.890150
1048576,1048576,2097152,0.106,222298,32,256,4096,78,124,165.563179,0.352176111989,-275.421216,-109.858037,-76.890150
1048576,1048576,2097152,0.106,222298,32,256,4096,78,125,167.068810,0.352176111989,-277.533295,-110.464485,-76.890150
1048576,1048576,2097152,0.106,222298,32,256,4096,78,126,168.574441,0.352176111989,-279.642372,-111.067931,-76.890150
1048576,1048576,2097152,0.106,222298,32,256,4096,78,127,170.080072,0.352176111989,-281.748651,-111.668579,-76.890150
1048576,1048576,2097152,0.106,222298,32,256,4096,78,128,171.585703,0.352176111989,-283.852337,-112.266634,-76.890150
1048576,1048576,2097152,0.106,222298,32,256,4096,78,129,173.091334,0.352176111989,-285.953631,-112.862297,-76.890150
1048576,1048576,2097152,0.106,222298,32,256,4096,78,130,174.596965,0.352176111989,-288.052724,-113.455758,-76.890150
1048576,1048576,2097152,0.106,222298,32,256,4096,78,131,176.102596,0.352176111989,-290.149799,-114.047203,-76.890150
1048576,1048576,2097152,0.106,222298,32,256,4096,78,132,177.608227,0.352176111989,-292.245035,-114.636808,-76.890150
1048576,1048576,2097152,0.106,222298,32,256,4096,78,133,179.113858,0.352176111989,-294.338595,-115.224737,-76.890150
1048576,1048576,2097152,0.106,222298,32,256,4096,78,134,180.619489,0.352176111989,-296.430636,-115.811146,-76.890150
1048576,1048576,2097152,0.106,222298,32,256,4096,78,135,182.125120,0.352176111989,-298.521304,-116.396183,-76.890150
1048576,1048576,2097152,0.106,222298,32,256,4096,78,136,183.630751,0.352176111989,-300.610733,-116.979982,-76.890150
1048576,1048576,2097152,0.106,222298,32,256,4096,78,137,185.136382,0.352176111989,-302.699049,-117.562667,-76.890150
1048576,1048576,2097152,0.106,222298,32,256,4096,78,138,186.642014,0.352176111989,-304.786369,-118.144355,-76.890150
1048576,1048576,2097152,0.106,222298,32,256,4096,78,139,188.147645,0.352176111989,-306.872797,-118.725152,-76.890150
1048576,1048576,2097152,0.106,222298,32,256,4096,78,140,189.653276,0.352176111989,-308.958431,-119.305155,-76.890150
1048576,1048576,2097152,0.106,222298,32,256,4096,78,141,191.158907,0.352176111989,-311.043360,-119.884453,-76.890150
1048576,1048576,2097152,0.106,222298,32,256,4096,78,142,192.664538,0.352176111989,-313.127665,-120.463127,-76.890150
1048576,1048576,2097152,0.106,222298,32,256,4096,78,143,194.170169,0.352176111989,-315.211418,-121.041250,-76.890150
1048576,1048576,2097152,0.106,222298,32,256,4096,78,144,195.675800,0.352176111989,-317.294688,-121.618888,-76.890150
1048576,1048576,2097152,0.106,222298,32,256,4096,78,145,197.181431,0.352176111989,-319.377534,-122.196103,-76.890150
1048576,1048576,2097152,0.106,222298,32,256,4096,78,146,198.687062,0.352176111989,-321.460010,-122.772948,-76.890150
1048576,1048576,2097152,0.106,222298,32,256,4096,78,147,200.192693,0.352176111989,-323.542166,-123.349473,-76.890150
1048576,1048576,2097152,0.106,222298,32,256,4096,78,148,201.698324,0.352176111989,-325.624045,-123.925721,-76.890150
1048576,1048576,2097152,0.106,222298,32,256,4096,78,149,203.203955,0.352176111989,-327.705688,-124.501733,-76.890150
1048576,1048576,2097152,0.106,222298,32,256,4096,78,150,204.709586,0.352176111989,-329.787131,-125.077545,-76.890150
1048576,1048576,2097152,0.106,222298,32,256,4096,78,151,206.215217,0.352176111989,-331.868404,-125.653187,-76.890150
1048576,1048576,2097152,0.106,222298,32,256,4096,78,152,207.720848,0.352176111989,-333.949538,-126.228690,-76.890150
1048576,1048576,2097152,0.106,222298,32,256,4096,78,153,209.226479,0.352176111989,-336.030557,-126.804078,-76.890150
1048576,1048576,2097152,0.106,222298,32,256,4096,78,154,210.732110,0.352176111989,-338.111485,-127.379375,-76.890150
1048576,1048576,2097152,0.106,222298,32,256,4096,78,155,212.237741,0.352176111989,-340.192342,-127.954601,-76.890150
1048576,1048576,2097152,0.106,222298,32,256,4096,78,156,213.743372,0.352176111989,-342.273146,-128.529774,-76.890150
1048576,1048576,2097152,0.106,222298,32,256,4096,78,157,215.249003,0.352176111989,-344.353915,-129.104911,-76.890150
1048576,1048576,2097152,0.106,222298,32,256,4096,78,158,216.754634,0.352176111989,-346.434661,-129.680026,-76.890150
1048576,1048576,2097152,0.106,222298,32,256,4096,78,159,218.260265,0.352176111989,-348.515398,-130.255132,-76.890150
1048576,1048576,2097152,0.106,222298,32,256,4096,78,160,219.765896,0.352176111989,-350.596137,-130.830241,-76.890150
1048576,1048576,2097152,0.106,222298,32,256,4096,78,161,221.271527,0.352176111989,-352.676889,-131.405362,-76.890150
1048576,1048576,2097152,0.106,222298,32,256,4096,78,162,222.777158,0.352176111989,-354.757663,-131.980504,-76.890150
1048576,1048576,2097152,0.106,222298,32,256,4096,78,163,224.282790,0.352176111989,-356.838466,-132.555676,-76.890150
1048576,1048576,2097152,0.106,222298,32,256,4096,78,164,225.782218,0.395431832347,-358.919305,-133.137087,-76.890150
1048576,1048576,2097152,0.106,222298,32,256,4096,78,165,227.120717,0.395431832347,-361.000187,-133.879470,-76.890150
1048576,1048576,2097152,0.106,222298,32,256,4096,78,166,228.459216,0.395431832347,-363.081117,-134.621901,-76.890150
1048576,1048576,2097152,0.106,222298,32,256,4096,78,167,229.797715,0.395431832347,-365.162100,-135.364385,-76.890150
1048576,1048576,2097152,0.106,222298,32,256,4096,78,168,231.136214,0.395431832347,-367.243139,-136.106925,-76.890150
1048576,1048576,2097152,0.106,222298,32,256,4096,78,169,232.474713,0.395431832347,-369.324239,-136.849526,-76.890150
1048576,1048576,2097152,0.106,222298,32,256,4096,78,170,233.813212,0.395431832347,-371.405403,-137.592191,-76.890150
1048576,1048576,2097152,0.106,222298,32,256,4096,78,171,235.151711,0.395431832347,-373.486633,-138.334922,-76.890150
1048576,1048576,2097152,0.106,222298,32,256,4096,78,172,236.490211,0.395431832347,-375.567932,-139.077721,-76.890150
1048576,1048576,2097152,0.106,222298,32,256,4096,78,173,237.828710,0.395431832347,-377.649301,-139.820592,-76.890150
1048576,1048576,2097152,0.106,222298,32,256,4096,78,174,239.167209,0.395431832347,-379.730743,-140.563534,-76.890150
1048576,1048576,2097152,0.106,222298,32,256,4096,78,175,240.505708,0.395431832347,-381.812258,-141.306551,-76.890150
1048576,1048576,2097152,0.106,222298,32,256,4096,78,176,241.844207,0.395431832347,-383.893849,-142.049642,-76.890150
1048576,1048576,2097152,0.106,222298,32,256,4096,78,177,243.182706,0.395431832347,-385.975515,-142.792809,-76.890150
1048576,1048576,2097152,0.106,222298,32,256,4096,78,178,244.521205,0.395431832347,-388.057258,-143.536053,-76.890150
1048576,1048576,2097152,0.106,222298,32,256,4096,78,179,245.859704,0.395431832347,-390.139078,-144.279374,-76.890150
1048576,1048576,2097152,0.106,222298,32,256,4096,78,180,247.198203,0.395431832347,-392.220977,-145.022773,-76.890150
1048576,1048576,2097152,0.106,222298,32,256,4096,78,181,248.536702,0.395431832347,-394.302953,-145.766251,-76.890150
1048576,1048576,2097152,0.106,222298,32,256,4096,78,182,249.875201,0.395431832347,-396.385007,-146.509806,-76.890150
1048576,1048576,2097152,0.106,222298,32,256,4096,78,183,251.213700,0.395431832347,-398.467140,-147.253440,-76.890150
1048576,1048576,2097152,0.106,222298,32,256,4096,78,184,252.552200,0.395431832347,-400.549352,-147.997152,-76.890150
1048576,1048576,2097152,0.106,222298,32,256,4096,78,185,253.890699,0.395431832347,-402.631641,-148.740943,-76.890150
1048576,1048576,2097152,0.106,222298,32,256,4096,78,186,255.229198,0.395431832347,-404.714009,-149.484812,-76.890150
1048576,1048576,2097152,0.106,222298,32,256,4096,78,187,256.567697,0.395431832347,-406.796455,-150.228759,-76.890150
1048576,1048576,2097152,0.106,222298,32,256,4096,78,188,257.906196,0.395431832347,-408.878979,-150.972783,-76.890150
1048576,1048576,2097152,0.106,222298,32,256,4096,78,189,259.244695,0.395431832347,-410.961581,-151.716886,-76.890150
1048576,1048576,2097152,0.106,222298,32,256,4096,78,190,260.583194,0.395431832347,-413.044259,-152.461065,-76.890150
1048576,1048576,2097152,0.106,222298,32,256,4096,78,191,261.921693,0.395431832347,-415.127014,-153.205321,-76.890150
1048576,1048576,2097152,0.106,222298,32,256,4096,78,192,263.260192,0.395431832347,-417.209846,-153.949654,-76.890150
1048576,1048576,2097152,0.106,222298,32,256,4096,78,193,264.598691,0.395431832347,-419.292754,-154.694062,-76.890150
1048576,1048576,2097152,0.106,222298,32,256,4096,78,194,265.937190,0.395431832347,-421.375737,-155.438546,-76.890150
1048576,1048576,2097152,0.106,222298,32,256,4096,78,195,267.275689,0.395431832347,-423.458795,-156.183105,-76.890150
1048576,1048576,2097152,0.106,222298,32,256,4096,78,196,268.614188,0.395431832347,-425.541927,-156.927739,-76.890150
1048576,1048576,2097152,0.106,222298,32,256,4096,78,197,269.952688,0.395431832347,-427.625134,-157.672446,-76.890150
1048576,1048576,2097152,0.106,222298,32,256,4096,78,198,271.291187,0.395431832347,-429.708413,-158.417227,-76.890150
1048576,1048576,2097152,0.106,222298,32,256,4096,78,199,272.629686,0.395431832347,-431.791766,-159.162080,-76.890150
1048576,1048576,2097152,0.106,222298,32,256,4096,78,200,273.968185,0.395431832347,-433.875191,-159.907006,-76.890150
1048576,1048576,2097152,0.106,222298,32,256,4096,78,201,275.306684,0.395431832347,-435.958688,-160.652004,-76.890150
1048576,1048576,2097152,0.106,222298,32,256,4096,78,202,276.645183,0.395431832347,-438.042256,-161.397073,-76.890150
1048576,1048576,2097152,0.106,222298,32,256,4096,78,203,277.983682,0.395431832347,-440.125895,-162.142213,-76.890150
1048576,1048576,2097152,0.106,222298,32,256,4096,78,204,279.322181,0.395431832347,-442.209604,-162.887423,-76.890150
1048576,1048576,2097152,0.106,222298,32,256,4096,78,205,280.660680,0.395431832347,-444.293383,-163.632703,-76.890150
1048576,1048576,2097152,0.106,222298,32,256,4096,78,206,281.999179,0.395431832347,-446.377230,-164.378051,-76.890150
1048576,1048576,2097152,0.106,222298,32,256,4096,78,207,283.337678,0.395431832347,-448.461146,-165.123468,-76.890150
1048576,1048576,2097152,0.106,222298,32,256,4096,78,208,284.676177,0.395431832347,-450.545130,-165.868953,-76.890150
1048576,1048576,2097152,0.106,222298,32,256,4096,78,209,286.014677,0.395431832347,-452.629181,-166.614505,-76.890150
1048576,1048576,2097152,0.106,222298,32,256,4096,78,210,287.353176,0.395431832347,-454.713299,-167.360124,-76.890150
1048576,1048576,2097152,0.106,222298,32,256,4096,78,211,288.691675,0.395431832347,-456.797483,-168.105809,-76.890150
1048576,1048576,2097152,0.106,222298,32,256,4096,78,212,290.030174,0.395431832347,-458.881733,-168.851559,-76.890150
1048576,1048576,2097152,0.106,222298,32,256,4096,78,213,291.368673,0.395431832347,-460.966048,-169.597375,-76.890150
1048576,1048576,2097152,0.106,222298,32,256,4096,78,214,292.707172,0.395431832347,-463.050428,-170.343256,-76.890150
1048576,1048576,2097152,0.106,222298,32,256,4096,78,215,294.045671,0.395431832347,-465.134871,-171.089200,-76.890150
1048576,1048576,2097152,0.106,222298,32,256,4096,78,216,295.384170,0.395431832347,-467.219378,-171.835208,-76.890150
1048576,1048576,2097152,0.106,222298,32,256,4096,78,217,296.722669,0.395431832347,-469.303948,-172.581279,-76.890150
1048576,1048576,2097152,0.106,222298,32,256,4096,78,218,298.061168,0.395431832347,-471.388581,-173.327412,-76.890150
1048576,1048576,2097152,0.106,222298,32,256,4096,78,219,299.399667,0.395431832347,-473.473275,-174.073607,-76.890150
1048576,1048576,2097152,0.106,222298,32,256,4096,78,220,300.738166,0.395431832347,-475.558031,-174.819864,-76.890150
1048576,1048576,2097152,0.106,222298,32,256,4096,80,1,-inf,,-2.237843,-inf,-inf
1048576,1048576,2097152,0.106,222298,32,256,4096,80,2,-inf,,-4.475684,-inf,-inf
1048576,1048576,2097152,0.106,222298,32,256,4096,80,3,-inf,,-6.713526,-inf,-inf
1048576,1048576,2097152,0.106,222298,32,256,4096,80,4,-inf,,-8.951366,-inf,-inf
1048576,1048576,2097152,0.106,222298,32,256,4096,80,5,-inf,,-11.189206,-inf,-inf
1048576,1048576,2097152,0.106,222298,32,256,4096,80,6,-inf,,-13.427045,-inf,-inf
1048576,1048576,2097152,0.106,222298,32,256,4096,80,7,-inf,,-15.664883,-inf,-inf
1048576,1048576,2097152,0.106,222298,32,256,4096,80,8,-inf,,-17.902721,-inf,-inf
1048576,1048576,2097152,0.106,222298,32,256,4096,80,9,-inf,,-20.140558,-inf,-inf
1048576,1048576,2097152,0.106,222298,32,256,4096,80,10,-inf,,-22.378394,-inf,-inf
1048576,1048576,2097152,0.106,222298,32,256,4096,80,11,-inf,,-24.616229,-inf,-inf
1048576,1048576,2097152,0.106,222298,32,256,4096,80,12,-inf,,-26.854064,-inf,-inf
1048576,1048576,2097152,0.106,222298,32,256,4096,80,13,-inf,,-29.091897,-inf,-inf
1048576,1048576,2097152,0.106,222298,32,256,4096,80,14,-inf,,-31.329731,-inf,-inf
1048576,1048576,2097152,0.106,222298,32,256,4096,80,15,-inf,,-33.567563,-inf,-inf
1048576,1048576,2097152,0.106,222298,32,256,4096,80,16,-inf,,-35.805394,-inf,-inf
1048576,1048576,2097152,0.106,222298,32,256,4096,80,17,-inf,,-38.043225,-inf,-inf
1048576,1048576,2097152,0.106,222298,32,256,4096,80,18,-inf,,-40.281055,-inf,-inf
1048576,1048576,2097152,0.106,222298,32,256,4096,80,19,-inf,,-42.518884,-inf,-inf
1048576,1048576,2097152,0.106,222298,32,256,4096,80,20,-inf,,-44.756712,-inf,-inf
1048576,1048576,2097152,0.106,222298,32,256,4096,80,21,-inf,,-46.994540,-inf,-inf
1048576,1048576,2097152,0.106,222298,32,256,4096,80,22,-inf,,-49.232366,-inf,-inf
1048576,1048576,2097152,0.106,222298,32,256,4096,80,23,-inf,,-51.470191,-inf,-inf
1048576,1048576,2097152,0.106,222298,32,256,4096,80,24,-inf,,-53.708016,-inf,-inf
1048576,1048576,2097152,0.106,222298,32,256,4096,80,25,-inf,,-55.945839,-inf,-inf
1048576,1048576,2097152,0.106,222298,32,256,4096,80,26,-inf,,-58.183662,-inf,-inf
1048576,1048576,2097152,0.106,222298,32,256,4096,80,27,-inf,,-60.421483,-inf,-inf
1048576,1048576,2097152,0.106,222298,32,256,4096,80,28,-inf,,-62.659303,-inf,-inf
1048576,1048576,2097152,0.106,222298,32,256,4096,80,29,-inf,,-64.897122,-inf,-inf
1048576,1048576,2097152,0.106,222298,32,256,4096,80,30,-inf,,-67.134939,-inf,-inf
1048576,1048576,2097152,0.106,222298,32,256,4096,80,31,-inf,,-69.372755,-inf,-inf
1048576,1048576,2097152,0.106,222298,32,256,4096,80,32,-inf,,-71.610569,-inf,-inf
1048576,1048576,2097152,0.106,222298,32,256,4096,80,33,-inf,,-73.848382,-inf,-inf
1048576,1048576,2097152,0.106,222298,32,256,4096,80,34,-inf,,-76.086193,-inf,-inf
1048576,1048576,2097152,0.106,222298,32,256,4096,80,35,-inf,,-78.324002,-inf,-inf
1048576,1048576,2097152,0.106,222298,32,256,4096,80,36,-inf,,-80.561808,-inf,-inf
1048576,1048576,2097152,0.106,222298,32,256,4096,80,37,-inf,,-82.799612,-inf,-inf
1048576,1048576,2097152,0.106,222298,32,256,4096,80,38,-inf,,-85.037414,-inf,-inf
1048576,1048576,2097152,0.106,222298,32,256,4096,80,39,-inf,,-87.275213,-inf,-inf
1048576,1048576,2097152,0.106,222298,32,256,4096,80,40,-inf,,-89.513008,-inf,-inf
1048576,1048576,2097152,0.106,222298,32,256,4096,80,41,-inf,,-91.750800,-inf,-inf
1048576,1048576,2097152,0.106,222298,32,256,4096,80,42,-inf,,-93.988588,-inf,-inf
1048576,1048576,2097152,0.106,222298,32,256,4096,80,43,-inf,,-96.226371,-inf,-inf
1048576,1048576,2097152,0.106,222298,32,256,4096,80,44,-inf,,-98.464149,-inf,-inf
1048576,1048576,2097152,0.106,222298,32,256,4096,80,45,-inf,,-100.701922,-inf,-inf
1048576,1048576,2097152,0.106,222298,32,256,4096,80,46,-inf,,-102.939689,-inf,-inf
1048576,1048576,2097152,0.106,222298,32,256,4096,80,47,-inf,,-105.177448,-inf,-inf
1048576,1048576,2097152,0.106,222298,32,256,4096,80,48,-inf,,-107.415200,-inf,-inf
1048576,1048576,2097152,0.106,222298,32,256,4096,80,49,-inf,,-109.652943,-inf,-inf
1048576,1048576,2097152,0.106,222298,32,256,4096,80,50,-inf,,-111.890676,-inf,-inf
1048576,1048576,2097152,0.106,222298,32,256,4096,80,51,-inf,,-114.128398,-inf,-inf
1048576,1048576,2097152,0.106,222298,32,256,4096,80,52,-inf,,-116.366107,-inf,-inf
1048576,1048576,2097152,0.106,222298,32,256,4096,80,53,-inf,,-118.603803,-inf,-inf
1048576,1048576,2097152,0.106,222298,32,256,4096,80,54,-inf,,-120.841482,-inf,-inf
1048576,1048576,2097152,0.106,222298,32,256,4096,80,55,-inf,,-123.079144,-inf,-inf
1048576,1048576,2097152,0.106,222298,32,256,4096,80,56,-inf,,-125.316785,-inf,-inf
1048576,1048576,2097152,0.106,222298,32,256,4096,80,57,-inf,,-127.554404,-inf,-inf
1048576,1048576,2097152,0.106,222298,32,256,4096,80,58,-inf,,-129.791997,-inf,-inf
1048576,1048576,2097152,0.106,222298,32,256,4096,80,59,-inf,,-132.029562,-inf,-inf
1048576,1048576,2097152,0.106,222298,32,256,4096,80,60,-inf,,-134.267094,-inf,-inf
1048576,1048576,2097152,0.106,222298,32,256,4096,80,61,-inf,,-136.504589,-inf,-inf
1048576,1048576,2097152,0.106,222298,32,256,4096,80,62,-inf,,-138.742043,-inf,-inf
1048576,1048576,2097152,0.106,222298,32,256,4096,80,63,-inf,,-140.979450,-inf,-inf
1048576,1048576,2097152,0.106,222298,32,256,4096,80,64,-inf,,-143.216806,-inf,-inf
1048576,1048576,2097152,0.106,222298,32,256,4096,80,65,-inf,,-145.454102,-inf,-inf
1048576,1048576,2097152,0.106,222298,32,256,4096,80,66,-inf,,-147.691331,-inf,-inf
1048576,1048576,2097152,0.106,222298,32,256,4096,80,67,-inf,,-149.928486,-inf,-inf
1048576,1048576,2097152,0.106,222298,32,256,4096,80,68,-inf,,-152.165557,-inf,-inf
1048576,1048576,2097152,0.106,222298,32,256,4096,80,69,-inf,,-154.402533,-inf,-inf
1048576,1048576,2097152,0.106,222298,32,256,4096,80,70,-inf,,-156.639403,-inf,-inf
1048576,1048576,2097152,0.106,222298,32,256,4096,80,71,-inf,,-158.876152,-inf,-inf
1048576,1048576,2097152,0.106,222298,32,256,4096,80,72,-inf,,-161.112767,-inf,-inf
1048576,1048576,2097152,0.106,222298,32,256,4096,80,73,-inf,,-163.349231,-inf,-inf
1048576,1048576,2097152,0.106,222298,32,256,4096,80,74,-inf,,-165.585524,-inf,-inf
1048576,1048576,2097152,0.106,222298,32,256,4096,80,75,-inf,,-167.821627,-inf,-inf
1048576,1048576,2097152,0.106,222298,32,256,4096,80,76,-inf,,-170.057515,-inf,-inf
1048576,1048576,2097152,0.106,222298,32,256,4096,80,77,-inf,,-172.293162,-inf,-inf
1048576,1048576,2097152,0.106,222298,32,256,4096,80,78,-inf,,-174.528540,-inf,-inf
1048576,1048576,2097152,0.106,222298,32,256,4096,80,79,-inf,,-176.763616,-inf,-inf
1048576,1048576,2097152,0.106,222298,32,256,4096,80,80,99.315413,0.352176111989,-178.998353,-79.682940,-79.682940
1048576,1048576,2097152,0.106,222298,32,256,4096,80,81,100.821044,0.352176111989,-181.232711,-80.411667,-79.001773
1048576,1048576,2097152,0.106,222298,32,256,4096,80,82,102.326675,0.352176111989,-183.466646,-81.139971,-78.706446
1048576,1048576,2097152,0.106,222298,32,256,4096,80,83,103.832306,0.352176111989,-185.700107,-81.867800,-78.553583
1048576,1048576,2097152,0.106,222298,32,256,4096,80,84,105.337937,0.352176111989,-187.933039,-82.595102,-78.468530
1048576,1048576,2097152,0.106,222298,32,256,4096,80,85,106.843568,0.352176111989,-190.165381,-83.321813,-78.419463
1048576,1048576,2097152,0.106,222298,32,256,4096,80,86,108.349199,0.352176111989,-192.397066,-84.047867,-78.390590
1048576,1048576,2097152,0.106,222298,32,256,4096,80,87,109.854830,0.352176111989,-194.628018,-84.773188,-78.373401
1048576,1048576,2097152,0.106,222298,32,256,4096,80,88,111.360462,0.352176111989,-196.858157,-85.497695,-78.363098
1048576,1048576,2097152,0.106,222298,32,256,4096,80,89,112.866093,0.352176111989,-199.087391,-86.221298,-78.356893
1048576,1048576,2097152,0.106,222298,32,256,4096,80,90,114.371724,0.352176111989,-201.315623,-86.943900,-78.353147
1048576,1048576,2097152,0.106,222298,32,256,4096,80,91,115.877355,0.352176111989,-203.542744,-87.665390,-78.350879
1048576,1048576,2097152,0.106,222298,32,256,4096,80,92,117.382986,0.352176111989,-205.768640,-88.385654,-78.349504
1048576,1048576,2097152,0.106,222298,32,256,4096,80,93,118.888617,0.352176111989,-207.993180,-89.104563,-78.348670
1048576,1048576,2097152,0.106,222298,32,256,4096,80,94,120.394248,0.352176111989,-210.216231,-89.821983,-78.348162
1048576,1048576,2097152,0.106,222298,32,256,4096,80,95,121.899879,0.352176111989,-212.437643,-90.537765,-78.347854
1048576,1048576,2097152,0.106,222298,32,256,4096,80,96,123.405510,0.352176111989,-214.657262,-91.251753,-78.347665
1048576,1048576,2097152,0.106,222298,32,256,4096,80,97,124.911141,0.352176111989,-216.874919,-91.963778,-78.347550
1048576,1048576,2097152,0.106,222298,32,256,4096,80,98,126.416772,0.352176111989,-219.090440,-92.673668,-78.347480
1048576,1048576,2097152,0.106,222298,32,256,4096,80,99,127.922403,0.352176111989,-221.303637,-93.381234,-78.347437
1048576,1048576,2097152,0.106,222298,32,256,4096,80,100,129.428034,0.352176111989,-223.514322,-94.086288,-78.347411
1048576,1048576,2097152,0.106,222298,32,256,4096,80,101,130.933665,0.352176111989,-225.722292,-94.788627,-78.347395
1048576,1048576,2097152,0.106,222298,32,256,4096,80,102,132.439296,0.352176111989,-227.927350,-95.488054,-78.347385
1048576,1048576,2097152,0.106,222298,32,256,4096,80,103,133.944927,0.352176111989,-230.129288,-96.184361,-78.347378
1048576,1048576,2097152,0.106,222298,32,256,4096,80,104,135.450558,0.352176111989,-232.327903,-96.877345,-78.347375
1048576,1048576,2097152,0.106,222298,32,256,4096,80,105,136.956189,0.352176111989,-234.522998,-97.566809,-78.347372
1048576,1048576,2097152,0.106,222298,32,256,4096,80,106,138.461820,0.352176111989,-236.714376,-98.252556,-78.347371
1048576,1048576,2097152,0.106,222298,32,256,4096,80,107,139.967451,0.352176111989,-238.901855,-98.934404,-78.347370
1048576,1048576,2097152,0.106,222298,32,256,4096,80,108,141.473082,0.352176111989,-241.085269,-99.612187,-78.347369
1048576,1048576,2097152,0.106,222298,32,256,4096,80,109,142.978713,0.352176111989,-243.264462,-100.285748,-78.347369
1048576,1048576,2097152,0.106,222298,32,256,4096,80,110,144.484344,0.352176111989,-245.439303,-100.954959,-78.347369
1048576,1048576,2097152,0.106,222298,32,256,4096,80,111,145.989975,0.352176111989,-247.609688,-101.619713,-78.347369
1048576,1048576,2097152,0.106,222298,32,256,4096,80,112,147.495606,0.352176111989,-249.775532,-102.279926,-78.347369
1048576,1048576,2097152,0.106,222298,32,256,4096,80,113,149.001238,0.352176111989,-251.936783,-102.935546,-78.347368
1048576,1048576,2097152,0.106,222298,32,256,4096,80,114,150.506869,0.352176111989,-254.093421,-103.586552,-78.347368
1048576,1048576,2097152,0.106,222298,32,256,4096,80,115,152.012500,0.352176111989,-256.245448,-104.232948,-78.347368
1048576,1048576,2097152,0.106,222298,32,256,4096,80,116,153.518131,0.352176111989,-258.392905,-104.874774,-78.347368
1048576,1048576,2097152,0.106,222298,32,256,4096,80,117,155.023762,0.352176111989,-260.535860,-105.512098,-78.347368
1048576,1048576,2097152,0.106,222298,32,256,4096,80,118,156.529393,0.352176111989,-262.674404,-106.145011,-78.347368
1048576,1048576,2097152,0.106,222298,32,256,4096,80,119,158.035024,0.352176111989,-264.808660,-106.773636,-78.347368
1048576,1048576,2097152,0.106,222298,32,256,4096,80,120,159.540655,0.352176111989,-266.938772,-107.398117,-78.347368
1048576,1048576,2097152,0.106,222298,32,256,4096,80,121,161.046286,0.352176111989,-269.064898,-108.018612,-78.347368
1048576,1048576,2097152,0.106,222298,32,256,4096,80,122,162.551917,0.352176111989,-271.187219,-108.635302,-78.347368
1048576,1048576,2097152,0.106,222298,32,256,4096,80,123,164.057548,0.352176111989,-273.305926,-109.248378,-78.347368
1048576,1048576,2097152,0.106,222298,32,256,4096,80,124,165.563179,0.352176111989,-275.421216,-109.858037,-78.347368
1048576,1048576,2097152,0.106,222298,32,256,4096,80,125,167.068810,0.352176111989,-277.533295,-110.464485,-78.347368
1048576,1048576,2097152,0.106,222298,32,256,4096,80,126,168.574441,0.352176111989,-279.642372,-111.067931,-78.347368
1048576,1048576,2097152,0.106,222298,32,256,4096,80,127,170.080072,0.352176111989,-281.748651,-111.668579,-78.347368
1048576,1048576,2097152,0.106,222298,32,256,4096,80,128,171.585703,0.352176111989,-283.852337,-112.266634,-78.347368
1048576,1048576,2097152,0.106,222298,32,256,4096,80,129,173.091334,0.352176111989,-285.953631,-112.862297,-78.347368
1048576,1048576,2097152,0.106,222298,32,256,4096,80,130,174.596965,0.352176111989,-288.052724,-113.455758,-78.347368
1048576,1048576,2097152,0.106,222298,32,256,4096,80,131,176.102596,0.352176111989,-290.149799,-114.047203,-78.347368
1048576,1048576,2097152,0.106,222298,32,256,4096,80,132,177.608227,0.352176111989,-292.245035,-114.636808,-78.347368
1048576,1048576,2097152,0.106,222298,32,256,4096,80,133,179.113858,0.352176111989,-294.338595,-115.224737,-78.347368
1048576,1048576,2097152,0.106,222298,32,256,4096,80,134,180.619489,0.352176111989,-296.430636,-115.811146,-78.347368
1048576,1048576,2097152,0.106,222298,32,256,4096,80,135,182.125120,0.352176111989,-298.521304,-116.396183,-78.347368
1048576,1048576,2097152,0.106,222298,32,256,4096,80,136,183.630751,0.352176111989,-300.610733,-116.979982,-78.347368
1048576,1048576,2097152,0.106,222298,32,256,4096,80,137,185.136382,0.352176111989,-302.699049,-117.562667,-78.347368
1048576,1048576,2097152,0.106,222298,32,256,4096,80,138,186.642014,0.352176111989,-304.786369,-118.144355,-78.347368
1048576,1048576,2097152,0.106,222298,32,256,4096,80,139,188.147645,0.352176111989,-306.872797,-118.725152,-78.347368
1048576,1048576,2097152,0.106,222298,32,256,4096,80,140,189.653276,0.352176111989,-308.958431,-119.305155,-78.347368
1048576,1048576,2097152,0.106,222298,32,256,4096,80,141,191.158907,0.352176111989,-311.043360,-119.884453,-78.347368
1048576,1048576,2097152,0.106,222298,32,256,4096,80,142,192.664538,0.352176111989,-313.127665,-120.463127,-78.347368
1048576,1048576,2097152,0.106,222298,32,256,4096,80,143,194.170169,0.352176111989,-315.211418,-121.041250,-78.347368
1048576,1048576,2097152,0.106,222298,32,256,4096,80,144,195.675800,0.352176111989,-317.294688,-121.618888,-78.347368
1048576,1048576,2097152,0.106,222298,32,256,4096,80,145,197.181431,0.352176111989,-319.377534,-122.196103,-78.347368
1048576,1048576,2097152,0.106,222298,32,256,4096,80,146,198.687062,0.352176111989,-321.460010,-122.772948,-78.347368
1048576,1048576,2097152,0.106,222298,32,256,4096,80,147,200.192693,0.352176111989,-323.542166,-123.349473,-78.347368
1048576,1048576,2097152,0.106,222298,32,256,4096,80,148,201.698324,0.352176111989,-325.624045,-123.925721,-78.347368
1048576,1048576,2097152,0.106,222298,32,256,4096,80,149,203.203955,0.352176111989,-327.705688,-124.501733,-78.347368
1048576,1048576,2097152,0.106,222298,32,256,4096,80,150,204.709586,0.352176111989,-329.787131,-125.077545,-78.347368
1048576,1048576,2097152,0.106,222298,32,256,4096,80,151,206.215217,0.352176111989,-331.868404,-125.653187,-78.347368
1048576,1048576,2097152,0.106,222298,32,256,4096,80,152,207.720848,0.352176111989,-333.949538,-126.228690,-78.347368
1048576,1048576,2097152,0.106,222298,32,256,4096,80,153,209.226479,0.352176111989,-336.030557,-126.804078,-78.347368
1048576,1048576,2097152,0.106,222298,32,256,4096,80,154,210.732110,0.352176111989,-338.111485,-127.379375,-78.347368
1048576,1048576,2097152,0.106,222298,32,256,4096,80,155,212.237741,0.352176111989,-340.192342,-127.954601,-78.347368
1048576,1048576,2097152,0.106,222298,32,256,4096,80,156,213.743372,0.352176111989,-342.273146,-128.529774,-78.347368
1048576,1048576,2097152,0.106,222298,32,256,4096,80,157,215.249003,0.352176111989,-344.353915,-129.104911,-78.347368
1048576,1048576,2097152,0.106,222298,32,256,4096,80,158,216.754634,0.352176111989,-346.434661,-129.680026,-78.347368
1048576,1048576,2097152,0.106,222298,32,256,4096,80,159,218.260265,0.352176111989,-348.515398,-130.255132,-78.347368
1048576,1048576,2097152,0.106,222298,32,256,4096,80,160,219.765896,0.352176111989,-350.596137,-130.830241,-78.347368
1048576,1048576,2097152,0.106,222298,32,256,4096,80,161,221.271527,0.352176111989,-352.676889,-131.405362,-78.347368
1048576,1048576,2097152,0.106,222298,32,256,4096,80,162,222.777158,0.352176111989,-354.757663,-131.980504,-78.347368
1048576,1048576,2097152,0.106,222298,32,256,4096,80,163,224.282790,0.352176111989,-356.838466,-132.555676,-78.347368
1048576,1048576,2097152,0.106,222298,32,256,4096,80,164,225.782218,0.395431832347,-358.919305,-133.137087,-78.347368
1048576,1048576,2097152,0.106,222298,32,256,4096,80,165,227.120717,0.395431832347,-361.000187,-133.879470,-78.347368
1048576,1048576,2097152,0.106,222298,32,256,4096,80,166,228.459216,0.395431832347,-363.081117,-134.621901,-78.347368
1048576,1048576,2097152,0.106,222298,32,256,4096,80,167,229.797715,0.395431832347,-365.162100,-135.364385,-78.347368
1048576,1048576,2097152,0.106,222298,32,256,4096,80,168,231.136214,0.395431832347,-367.243139,-136.106925,-78.347368
1048576,1048576,2097152,0.106,222298,32,256,4096,80,169,232.474713,0.395431832347,-369.324239,-136.849526,-78.347368
1048576,1048576,2097152,0.106,222298,32,256,4096,80,170,233.813212,0.395431832347,-371.405403,-137.592191,-78.347368
1048576,1048576,2097152,0.106,222298,32,256,4096,80,171,235.151711,0.395431832347,-373.486633,-138.334922,-78.347368
1048576,1048576,2097152,0.106,222298,32,256,4096,80,172,236.490211,0.395431832347,-375.567932,-139.077721,-78.347368
1048576,1048576,2097152,0.106,222298,32,256,4096,80,173,237.828710,0.395431832347,-377.649301,-139.820592,-78.347368
1048576,1048576,2097152,0.106,222298,32,256,4096,80,174,239.167209,0.395431832347,-379.730743,-140.563534,-78.347368
1048576,1048576,2097152,0.106,222298,32,256,4096,80,175,240.505708,0.395431832347,-381.812258,-141.306551,-78.347368
1048576,1048576,2097152,0.106,222298,32,256,4096,80,176,241.844207,0.395431832347,-383.893849,-142.049642,-78.347368
1048576,1048576,2097152,0.106,222298,32,256,4096,80,177,243.182706,0.395431832347,-385.975515,-142.792809,-78.347368
1048576,1048576,2097152,0.106,222298,32,256,4096,80,178,244.521205,0.395431832347,-388.057258,-143.536053,-78.347368
1048576,1048576,2097152,0.106,222298,32,256,4096,80,179,245.859704,0.395431832347,-390.139078,-144.279374,-78.347368
1048576,1048576,2097152,0.106,222298,32,256,4096,80,180,247.198203,0.395431832347,-392.220977,-145.022773,-78.347368
1048576,1048576,2097152,0.106,222298,32,256,4096,80,181,248.536702,0.395431832347,-394.302953,-145.766251,-78.347368
1048576,1048576,2097152,0.106,222298,32,256,4096,80,182,249.875201,0.395431832347,-396.385007,-146.509806,-78.347368
1048576,1048576,2097152,0.106,222298,32,256,4096,80,183,251.213700,0.395431832347,-398.467140,-147.253440,-78.347368
1048576,1048576,2097152,0.106,222298,32,256,4096,80,184,252.552200,0.395431832347,-400.549352,-147.997152,-78.347368
1048576,1048576,2097152,0.106,222298,32,256,4096,80,185,253.890699,0.395431832347,-402.631641,-148.740943,-78.347368
1048576,1048576,2097152,0.106,222298,32,256,4096,80,186,255.229198,0.395431832347,-404.714009,-149.484812,-78.347368
1048576,1048576,2097152,0.106,222298,32,256,4096,80,187,256.567697,0.395431832347,-406.796455,-150.228759,-78.347368
1048576,1048576,2097152,0.106,222298,32,256,4096,80,188,257.906196,0.395431832347,-408.878979,-150.972783,-78.347368
1048576,1048576,2097152,0.106,222298,32,256,4096,80,189,259.244695,0.395431832347,-410.961581,-151.716886,-78.347368
1048576,1048576,2097152,0.106,222298,32,256,4096,80,190,260.583194,0.395431832347,-413.044259,-152.461065,-78.347368
1048576,1048576,2097152,0.106,222298,32,256,4096,80,191,261.921693,0.395431832347,-415.127014,-153.205321,-78.347368
1048576,1048576,2097152,0.106,222298,32,256,4096,80,192,263.260192,0.395431832347,-417.209846,-153.949654,-78.347368
1048576,1048576,2097152,0.106,222298,32,256,4096,80,193,264.598691,0.395431832347,-419.292754,-154.694062,-78.347368
1048576,1048576,2097152,0.106,222298,32,256,4096,80,194,265.937190,0.395431832347,-421.375737,-155.438546,-78.347368
1048576,1048576,2097152,0.106,222298,32,256,4096,80,195,267.275689,0.395431832347,-423.458795,-156.183105,-78.347368
1048576,1048576,2097152,0.106,222298,32,256,4096,80,196,268.614188,0.395431832347,-425.541927,-156.927739,-78.347368
1048576,1048576,2097152,0.106,222298,32,256,4096,80,197,269.952688,0.395431832347,-427.625134,-157.672446,-78.347368
1048576,1048576,2097152,0.106,222298,32,256,4096,80,198,271.291187,0.395431832347,-429.708413,-158.417227,-78.347368
1048576,1048576,2097152,0.106,222298,32,256,4096,80,199,272.629686,0.395431832347,-431.791766,-159.162080,-78.347368
1048576,1048576,2097152,0.106,222298,32,256,4096,80,200,273.968185,0.395431832347,-433.875191,-159.907006,-78.347368
1048576,1048576,2097152,0.106,222298,32,256,4096,80,201,275.306684,0.395431832347,-435.958688,-160.652004,-78.347368
1048576,1048576,2097152,0.106,222298,32,256,4096,80,202,276.645183,0.395431832347,-438.042256,-161.397073,-78.347368
1048576,1048576,2097152,0.106,222298,32,256,4096,80,203,277.983682,0.395431832347,-440.125895,-162.142213,-78.347368
1048576,1048576,2097152,0.106,222298,32,256,4096,80,204,279.322181,0.395431832347,-442.209604,-162.887423,-78.347368
1048576,1048576,2097152,0.106,222298,32,256,4096,80,205,280.660680,0.395431832347,-444.293383,-163.632703,-78.347368
1048576,1048576,2097152,0.106,222298,32,256,4096,80,206,281.999179,0.395431832347,-446.377230,-164.378051,-78.347368
1048576,1048576,2097152,0.106,222298,32,256,4096,80,207,283.337678,0.395431832347,-448.461146,-165.123468,-78.347368
1048576,1048576,2097152,0.106,222298,32,256,4096,80,208,284.676177,0.395431832347,-450.545130,-165.868953,-78.347368
1048576,1048576,2097152,0.106,222298,32,256,4096,80,209,286.014677,0.395431832347,-452.629181,-166.614505,-78.347368
1048576,1048576,2097152,0.106,222298,32,256,4096,80,210,287.353176,0.395431832347,-454.713299,-167.360124,-78.347368
1048576,1048576,2097152,0.106,222298,32,256,4096,80,211,288.691675,0.395431832347,-456.797483,-168.105809,-78.347368
1048576,1048576,2097152,0.106,222298,32,256,4096,80,212,290.030174,0.395431832347,-458.881733,-168.851559,-78.347368
1048576,1048576,2097152,0.106,222298,32,256,4096,80,213,291.368673,0.395431832347,-460.966048,-169.597375,-78.347368
1048576,1048576,2097152,0.106,222298,32,256,4096,80,214,292.707172,0.395431832347,-463.050428,-170.343256,-78.347368
1048576,1048576,2097152,0.106,222298,32,256,4096,80,215,294.045671,0.395431832347,-465.134871,-171.089200,-78.347368
1048576,1048576,2097152,0.106,222298,32,256,4096,80,216,295.384170,0.395431832347,-467.219378,-171.835208,-78.347368
1048576,1048576,2097152,0.106,222298,32,256,4096,80,217,296.722669,0.395431832347,-469.303948,-172.581279,-78.347368
1048576,1048576,2097152,0.106,222298,32,256,4096,80,218,298.061168,0.395431832347,-471.388581,-173.327412,-78.347368
1048576,1048576,2097152,0.106,222298,32,256,4096,80,219,299.399667,0.395431832347,-473.473275,-174.073607,-78.347368
1048576,1048576,2097152,0.106,222298,32,256,4096,80,220,300.738166,0.395431832347,-475.558031,-174.819864,-78.347368
1048576,1048576,2097152,0.106,222298,32,256,4096,82,1,-inf,,-2.237843,-inf,-inf
1048576,1048576,2097152,0.106,222298,32,256,4096,82,2,-inf,,-4.475684,-inf,-inf
1048576,1048576,2097152,0.106,222298,32,256,4096,82,3,-inf,,-6.713526,-inf,-inf
1048576,1048576,2097152,0.106,222298,32,256,4096,82,4,-inf,,-8.951366,-inf,-inf
1048576,1048576,2097152,0.106,222298,32,256,4096,82,5,-inf,,-11.189206,-inf,-inf
1048576,1048576,2097152,0.106,222298,32,256,4096,82,6,-inf,,-13.427045,-inf,-inf
1048576,1048576,2097152,0.106,222298,32,256,4096,82,7,-inf,,-15.664883,-inf,-inf
1048576,1048576,2097152,0.106,222298,32,256,4096,82,8,-inf,,-17.902721,-inf,-inf
1048576,1048576,2097152,0.106,222298,32,256,4096,82,9,-inf,,-20.140558,-inf,-inf
1048576,1048576,2097152,0.106,222298,32,256,4096,82,10,-inf,,-22.378394,-inf,-inf
1048576,1048576,2097152,0.106,222298,32,256,4096,82,11,-inf,,-24.616229,-inf,-inf
1048576,1048576,2097152,0.106,222298,32,256,4096,82,12,-inf,,-26.854064,-inf,-inf
1048576,1048576,2097152,0.106,222298,32,256,4096,82,13,-inf,,-29.091897,-inf,-inf
1048576,1048576,2097152,0.106,222298,32,256,4096,82,14,-inf,,-31.329731,-inf,-inf
1048576,1048576,2097152,0.106,222298,32,256,4096,82,15,-inf,,-33.567563,-inf,-inf
1048576,1048576,2097152,0.106,222298,32,256,4096,82,16,-inf,,-35.805394,-inf,-inf
1048576,1048576,2097152,0.106,222298,32,256,4096,82,17,-inf,,-38.043225,-inf,-inf
1048576,1048576,2097152,0.106,222298,32,256,4096,82,18,-inf,,-40.281055,-inf,-inf
1048576,1048576,2097152,0.106,222298,32,256,4096,82,19,-inf,,-42.518884,-inf,-inf
1048576,1048576,2097152,0.106,222298,32,256,4096,82,20,-inf,,-44.756712,-inf,-inf
1048576,1048576,2097152,0.106,222298,32,256,4096,82,21,-inf,,-46.994540,-inf,-inf
1048576,1048576,2097152,0.106,222298,32,256,4096,82,22,-inf,,-49.232366,-inf,-inf
1048576,1048576,2097152,0.106,222298,32,256,4096,82,23,-inf,,-51.470191,-inf,-inf
1048576,1048576,2097152,0.106,222298,32,256,4096,82,24,-inf,,-53.708016,-inf,-inf
1048576,1048576,2097152,0.106,222298,32,256,4096,82,25,-inf,,-55.945839,-inf,-inf
1048576,1048576,2097152,0.106,222298,32,256,4096,82,26,-inf,,-58.183662,-inf,-inf
1048576,1048576,2097152,0.106,222298,32,256,4096,82,27,-inf,,-60.421483,-inf,-inf
1048576,1048576,2097152,0.106,222298,32,256,4096,82,28,-inf,,-62.659303,-inf,-inf
1048576,1048576,2097152,0.106,222298,32,256,4096,82,29,-inf,,-64.897122,-inf,-inf
1048576,1048576,2097152,0.106,222298,32,256,4096,82,30,-inf,,-67.134939,-inf,-inf
1048576,1048576,2097152,0.106,222298,32,256,4096,82,31,-inf,,-69.372755,-inf,-inf
1048576,1048576,2097152,0.106,222298,32,256,4096,82,32,-inf,,-71.610569,-inf,-inf
1048576,1048576,2097152,0.106,222298,32,256,4096,82,33,-inf,,-73.848382,-inf,-inf
1048576,1048576,2097152,0.106,222298,32,256,4096,82,34,-inf,,-76.086193,-inf,-inf
1048576,1048576,2097152,0.106,222298,32,256,4096,82,35,-inf,,-78.324002,-inf,-inf
1048576,1048576,2097152,0.106,222298,32,256,4096,82,36,-inf,,-80.561808,-inf,-inf
1048576,1048576,2097152,0.106,222298,32,256,4096,82,37,-inf,,-82.799612,-inf,-inf
1048576,1048576,2097152,0.106,222298,32,256,4096,82,38,-inf,,-85.037414,-inf,-inf
1048576,1048576,2097152,0.106,222298,32,256,4096,82,39,-inf,,-87.275213,-inf,-inf
1048576,1048576,2097152,0.106,222298,32,256,4096,82,40,-inf,,-89.513008,-inf,-inf
1048576,1048576,2097152,0.106,222298,32,256,4096,82,41,-inf,,-91.750800,-inf,-inf
1048576,1048576,2097152,0.106,222298,32,256,4096,82,42,-inf,,-93.988588,-inf,-inf
1048576,1048576,2097152,0.106,222298,32,256,4096,82,43,-inf,,-96.226371,-inf,-inf
1048576,1048576,2097152,0.106,222298,32,256,4096,82,44,-inf,,-98.464149,-inf,-inf
1048576,1048576,2097152,0.106,222298,32,256,4096,82,45,-inf,,-100.701922,-inf,-inf
1048576,1048576,2097152,0.106,222298,32,256,4096,82,46,-inf,,-102.939689,-inf,-inf
1048576,1048576,2097152,0.106,222298,32,256,4096,82,47,-inf,,-105.177448,-inf,-inf
1048576,1048576,2097152,0.106,222298,32,256,4096,82,48,-inf,,-107.415200,-inf,-inf
1048576,1048576,2097152,0.106,222298,32,256,4096,82,49,-inf,,-109.652943,-inf,-inf
1048576,1048576,2097152,0.106,222298,32,256,4096,82,50,-inf,,-111.890676,-inf,-inf
1048576,1048576,2097152,0.106,222298,32,256,4096,82,51,-inf,,-114.128398,-inf,-inf
1048576,1048576,2097152,0.106,222298,32,256,4096,82,52,-inf,,-116.366107,-inf,-inf
1048576,1048576,2097152,0.106,222298,32,256,4096,82,53,-inf,,-118.603803,-inf,-inf
1048576,1048576,2097152,0.106,222298,32,256,4096,82,54,-inf,,-120.841482,-inf,-inf
1048576,1048576,2097152,0.106,222298,32,256,4096,82,55,-inf,,-123.079144,-inf,-inf
1048576,1048576,2097152,0.106,222298,32,256,4096,82,56,-inf,,-125.316785,-inf,-inf
1048576,1048576,2097152,0.106,222298,32,256,4096,82,57,-inf,,-127.554404,-inf,-inf
1048576,1048576,2097152,0.106,222298,32,256,4096,82,58,-inf,,-129.791997,-inf,-inf
1048576,1048576,2097152,0.106,222298,32,256,4096,82,59,-inf,,-132.029562,-inf,-inf
1048576,1048576,2097152,0.106,222298,32,256,4096,82,60,-inf,,-134.267094,-inf,-inf
1048576,1048576,2097152,0.106,222298,32,256,4096,82,61,-inf,,-136.504589,-inf,-inf
1048576,1048576,2097152,0.106,222298,32,256,4096,82,62,-inf,,-138.742043,-inf,-inf
1048576,1048576,2097152,0.106,222298,32,256,4096,82,63,-inf,,-140.979450,-inf,-inf
1048576,1048576,2097152,0.106,222298,32,256,4096,82,64,-inf,,-143.216806,-inf,-inf
1048576,1048576,2097152,0.106,222298,32,256,4096,82,65,-inf,,-145.454102,-inf,-inf
1048576,1048576,2097152,0.106,222298,32,256,4096,82,66,-inf,,-147.691331,-inf,-inf
1048576,1048576,2097152,0.106,222298,32,256,4096,82,67,-inf,,-149.928486,-inf,-inf
1048576,1048576,2097152,0.106,222298,32,256,4096,82,68,-inf,,-152.165557,-inf,-inf
1048576,1048576,2097152,0.106,222298,32,256,4096,82,69,-inf,,-154.402533,-inf,-inf
1048576,1048576,2097152,0.106,222298,32,256,4096,82,70,-inf,,-156.639403,-inf,-inf
1048576,1048576,2097152,0.106,222298,32,256,4096,82,71,-inf,,-158.876152,-inf,-inf
1048576,1048576,2097152,0.106,222298,32,256,4096,82,72,-inf,,-161.112767,-inf,-inf
1048576,1048576,2097152,0.106,222298,32,256,4096,82,73,-inf,,-163.349231,-inf,-inf
1048576,1048576,2097152,0.106,222298,32,256,4096,82,74,-inf,,-165.585524,-inf,-inf
1048576,1048576,2097152,0.106,222298,32,256,4096,82,75,-inf,,-167.821627,-inf,-inf
1048576,1048576,2097152,0.106,222298,32,256,4096,82,76,-inf,,-170.057515,-inf,-inf
1048576,1048576,2097152,0.106,222298,32,256,4096,82,77,-inf,,-172.293162,-inf,-inf
1048576,1048576,2097152,0.106,222298,32,256,4096,82,78,-inf,,-174.528540,-inf,-inf
1048576,1048576,2097152,0.106,222298,32,256,4096,82,79,-inf,,-176.763616,-inf,-inf
1048576,1048576,2097152,0.106,222298,32,256,4096,82,80,-inf,,-178.998353,-inf,-inf
1048576,1048576,2097152,0.106,222298,32,256,4096,82,81,-inf,,-181.232711,-inf,-inf
1048576,1048576,2097152,0.106,222298,32,256,4096,82,82,102.326675,0.352176111989,-183.466646,-81.139971,-81.139971
1048576,1048576,2097152,0.106,222298,32,256,4096,82,83,103.832306,0.352176111989,-185.700107,-81.867800,-80.458466
1048576,1048576,2097152,0.106,222298,32,256,4096,82,84,105.337937,0.352176111989,-187.933039,-82.595102,-80.162849
1048576,1048576,2097152,0.106,222298,32,256,4096,82,85,106.843568,0.352176111989,-190.165381,-83.321813,-80.009746
1048576,1048576,2097152,0.106,222298,32,256,4096,82,86,108.349199,0.352176111989,-192.397066,-84.047867,-79.924498
1048576,1048576,2097152,0.106,222298,32,256,4096,82,87,109.854830,0.352176111989,-194.628018,-84.773188,-79.875278
1048576,1048576,2097152,0.106,222298,32,256,4096,82,88,111.360462,0.352176111989,-196.858157,-85.497695,-79.846285
1048576,1048576,2097152,0.106,222298,32,256,4096,82,89,112.866093,0.352176111989,-199.087391,-86.221298,-79.829007
1048576,1048576,2097152,0.106,222298,32,256,4096,82,90,114.371724,0.352176111989,-201.315623,-86.943900,-79.818636
1048576,1048576,2097152,0.106,222298,32,256,4096,82,91,115.877355,0.352176111989,-203.542744,-87.665390,-79.812383
1048576,1048576,2097152,0.106,222298,32,256,4096,82,92,117.382986,0.352176111989,-205.768640,-88.385654,-79.808600
1048576,1048576,2097152,0.106,222298,32,256,4096,82,93,118.888617,0.352176111989,-207.993180,-89.104563,-79.806307
1048576,1048576,2097152,0.106,222298,32,256,4096,82,94,120.394248,0.352176111989,-210.216231,-89.821983,-79.804914
1048576,1048576,2097152,0.106,222298,32,256,4096,82,95,121.899879,0.352176111989,-212.437643,-90.537765,-79.804066
1048576,1048576,2097152,0.106,222298,32,256,4096,82,96,123.405510,0.352176111989,-214.657262,-91.251753,-79.803550
1048576,1048576,2097152,0.106,222298,32,256,4096,82,97,124.911141,0.352176111989,-216.874919,-91.963778,-79.803235
1048576,1048576,2097152,0.106,222298,32,256,4096,82,98,126.416772,0.352176111989,-219.090440,-92.673668,-79.803042
1048576,1048576,2097152,0.106,222298,32,256,4096,82,99,127.922403,0.352176111989,-221.303637,-93.381234,-79.802924
1048576,1048576,2097152,0.106,222298,32,256,4096,82,100,129.428034,0.352176111989,-223.514322,-94.086288,-79.802852
1048576,1048576,2097152,0.106,222298,32,256,4096,82,101,130.933665,0.352176111989,-225.722292,-94.788627,-79.802807
1048576,1048576,2097152,0.106,222298,32,256,4096,82,102,132.439296,0.352176111989,-227.927350,-95.488054,-79.802780
1048576,1048576,2097152,0.106,222298,32,256,4096,82,103,133.944927,0.352176111989,-230.129288,-96.184361,-79.802763
1048576,1048576,2097152,0.106,222298,32,256,4096,82,104,135.450558,0.352176111989,-232.327903,-96.877345,-79.802752
1048576,1048576,2097152,0.106,222298,32,256,4096,82,105,136.956189,0.352176111989,-234.522998,-97.566809,-79.802746
1048576,1048576,2097152,0.106,222298,32,256,4096,82,106,138.461820,0.352176111989,-236.714376,-98.252556,-79.802742
1048576,1048576,2097152,0.106,222298,32,256,4096,82,107,139.967451,0.352176111989,-238.901855,-98.934404,-79.802739
1048576,1048576,2097152,0.106,222298,32,256,4096,82,108,141.473082,0.352176111989,-241.085269,-99.612187,-79.802738
1048576,1048576,2097152,0.106,222298,32,256,4096,82,109,142.978713,0.352176111989,-243.264462,-100.285748,-79.802737
1048576,1048576,2097152,0.106,222298,32,256,4096,82,110,144.484344,0.352176111989,-245.439303,-100.954959,-79.802736
1048576,1048576,2097152,0.106,222298,32,256,4096,82,111,145.989975,0.352176111989,-247.609688,-101.619713,-79.802736
1048576,1048576,2097152,0.106,222298,32,256,4096,82,112,147.495606,0.352176111989,-249.775532,-102.279926,-79.802736
1048576,1048576,2097152,0.106,222298,32,256,4096,82,113,149.001238,0.352176111989,-251.936783,-102.935546,-79.802735
1048576,1048576,2097152,0.106,222298,32,256,4096,82,114,150.506869,0.352176111989,-254.093421,-103.586552,-79.802735
1048576,1048576,2097152,0.106,222298,32,256,4096,82,115,152.012500,0.352176111989,-256.245448,-104.232948,-79.802735
1048576,1048576,2097152,0.106,222298,32,256,4096,82,116,153.518131,0.352176111989,-258.392905,-104.874774,-79.802735
1048576,1048576,2097152,0.106,222298,32,256,4096,82,117,155.023762,0.352176111989,-260.535860,-105.512098,-79.802735
1048576,1048576,2097152,0.106,222298,32,256,4096,82,118,156.529393,0.352176111989,-262.674404,-106.145011,-79.802735
1048576,1048576,2097152,0.106,222298,32,256,4096,82,119,158.035024,0.352176111989,-264.808660,-106.773636,-79.802735
1048576,1048576,2097152,0.106,222298,32,256,4096,82,120,159.540655,0.352176111989,-266.938772,-107.398117,-79.802735
1048576,1048576,2097152,0.106,222298,32,256,4096,82,121,161.046286,0.352176111989,-269.064898,-108.018612,-79.802735
1048576,1048576,2097152,0.106,222298,32,256,4096,82,122,162.551917,0.352176111989,-271.187219,-108.635302,-79.802735
1048576,1048576,2097152,0.106,222298,32,256,4096,82,123,164.057548,0.352176111989,-273.305926,-109.248378,-79.802735
1048576,1048576,2097152,0.106,222298,32,256,4096,82,124,165.563179,0.352176111989,-275.421216,-109.858037,-79.802735
1048576,1048576,2097152,0.106,222298,32,256,4096,82,125,167.068810,0.352176111989,-277.533295,-110.464485,-79.802735
1048576,1048576,2097152,0.106,222298,32,256,4096,82,126,168.574441,0.352176111989,-279.642372,-111.067931,-79.802735
1048576,1048576,2097152,0.106,222298,32,256,4096,82,127,170.080072,0.352176111989,-281.748651,-111.668579,-79.802735
1048576,1048576,2097152,0.106,222298,32,256,4096,82,128,171.585703,0.352176111989,-283.852337,-112.266634,-79.802735
1048576,1048576,2097152,0.106,222298,32,256,4096,82,129,173.091334,0.352176111989,-285.953631,-112.862297,-79.802735
1048576,1048576,2097152,0.106,222298,32,256,4096,82,130,174.596965,0.352176111989,-288.052724,-113.455758,-79.802735
1048576,1048576,2097152,0.106,222298,32,256,4096,82,131,176.102596,0.352176111989,-290.149799,-114.047203,-79.802735
1048576,1048576,2097152,0.106,222298,32,256,4096,82,132,177.608227,0.352176111989,-292.245035,-114.636808,-79.802735
1048576,1048576,2097152,0.106,222298,32,256,4096,82,133,179.113858,0.352176111989,-294.338595,-115.224737,-79.802735
1048576,1048576,2097152,0.106,222298,32,256,4096,82,134,180.619489,0.352176111989,-296.430636,-115.811146,-79.802735
1048576,1048576,2097152,0.106,222298,32,256,4096,82,135,182.125120,0.352176111989,-298.521304,-116.396183,-79.802735
1048576,1048576,2097152,0.106,222298,32,256,4096,82,136,183.630751,0.352176111989,-300.610733,-116.979982,-79.802735
1048576,1048576,2097152,0.106,222298,32,256,4096,82,137,185.136382,0.352176111989,-302.699049,-117.562667,-79.802735
1048576,1048576,2097152,0.106,222298,32,256,4096,82,138,186.642014,0.352176111989,-304.786369,-118.144355,-79.802735
1048576,1048576,2097152,0.106,222298,32,256,4096,82,139,188.147645,0.352176111989,-306.872797,-118.725152,-79.802735
1048576,1048576,2097152,0.106,222298,32,256,4096,82,140,189.653276,0.352176111989,-308.958431,-119.305155,-79.802735
1048576,1048576,2097152,0.106,222298,32,256,4096,82,141,191.158907,0.352176111989,-311.043360,-119.884453,-79.802735
1048576,1048576,2097152,0.106,222298,32,256,4096,82,142,192.664538,0.352176111989,-313.127665,-120.463127,-79.802735
1048576,1048576,2097152,0.106,222298,32,256,4096,82,143,194.170169,0.352176111989,-315.211418,-121.041250,-79.802735
1048576,1048576,2097152,0.106,222298,32,256,4096,82,144,195.675800,0.352176111989,-317.294688,-121.618888,-79.802735
1048576,1048576,2097152,0.106,222298,32,256,4096,82,145,197.181431,0.352176111989,-319.377534,-122.196103,-79.802735
1048576,1048576,2097152,0.106,222298,32,256,4096,82,146,198.687062,0.352176111989,-321.460010,-122.772948,-79.802735
1048576,1048576,2097152,0.106,222298,32,256,4096,82,147,200.192693,0.352176111989,-323.542166,-123.349473,-79.802735
1048576,1048576,2097152,0.106,222298,32,256,4096,82,148,201.698324,0.352176111989,-325.624045,-123.925721,-79.802735
1048576,1048576,2097152,0.106,222298,32,256,4096,82,149,203.203955,0.352176111989,-327.705688,-124.501733,-79.802735
1048576,1048576,2097152,0.106,222298,32,256,4096,82,150,204.709586,0.352176111989,-329.787131,-125.077545,-79.802735
1048576,1048576,2097152,0.106,222298,32,256,4096,82,151,206.215217,0.352176111989,-331.868404,-125.653187,-79.802735
1048576,1048576,2097152,0.106,222298,32,256,4096,82,152,207.720848,0.352176111989,-333.949538,-126.228690,-79.802735
1048576,1048576,2097152,0.106,222298,32,256,4096,82,153,209.226479,0.352176111989,-336.030557,-126.804078,-79.802735
1048576,1048576,2097152,0.106,222298,32,256,4096,82,154,210.732110,0.352176111989,-338.111485,-127.379375,-79.802735
1048576,1048576,2097152,0.106,222298,32,256,4096,82,155,212.237741,0.352176111989,-340.192342,-127.954601,-79.802735
1048576,1048576,2097152,0.106,222298,32,256,4096,82,156,213.743372,0.352176111989,-342.273146,-128.529774,-79.802735
1048576,1048576,2097152,0.106,222298,32,256,4096,82,157,215.249003,0.352176111989,-344.353915,-129.104911,-79.802735
1048576,1048576,2097152,0.106,222298,32,256,4096,82,158,216.754634,0.352176111989,-346.434661,-129.680026,-79.802735
1048576,1048576,2097152,0.106,222298,32,256,4096,82,159,218.260265,0.352176111989,-348.515398,-130.255132,-79.802735
1048576,1048576,2097152,0.106,222298,32,256,4096,82,160,219.765896,0.352176111989,-350.596137,-130.830241,-79.802735
1048576,1048576,2097152,0.106,222298,32,256,4096,82,161,221.271527,0.352176111989,-352.676889,-131.405362,-79.802735
1048576,1048576,2097152,0.106,222298,32,256,4096,82,162,222.777158,0.352176111989,-354.757663,-131.980504,-79.802735
1048576,1048576,2097152,0.106,222298,32,256,4096,82,163,224.282790,0.352176111989,-356.838466,-132.555676,-79.802735
1048576,1048576,2097152,0.106,222298,32,256,4096,82,164,225.782218,0.395431832347,-358.919305,-133.137087,-79.802735
1048576,1048576,2097152,0.106,222298,32,256,4096,82,165,227.120717,0.395431832347,-361.000187,-133.879470,-79.802735
1048576,1048576,2097152,0.106,222298,32,256,4096,82,166,228.459216,0.395431832347,-363.081117,-134.621901,-79.802735
1048576,1048576,2097152,0.106,222298,32,256,4096,82,167,229.797715,0.395431832347,-365.162100,-135.364385,-79.802735
1048576,1048576,2097152,0.106,222298,32,256,4096,82,168,231.136214,0.395431832347,-367.243139,-136.106925,-79.802735
1048576,1048576,2097152,0.106,222298,32,256,4096,82,169,232.474713,0.395431832347,-369.324239,-136.849526,-79.802735
1048576,1048576,2097152,0.106,222298,32,256,4096,82,170,233.813212,0.395431832347,-371.405403,-137.592191,-79.802735
1048576,1048576,2097152,0.106,222298,32,256,4096,82,171,235.151711,0.395431832347,-373.486633,-138.334922,-79.802735
1048576,1048576,2097152,0.106,222298,32,256,4096,82,172,236.490211,0.395431832347,-375.567932,-139.077721,-79.802735
1048576,1048576,2097152,0.106,222298,32,256,4096,82,173,237.828710,0.395431832347,-377.649301,-139.820592,-79.802735
1048576,1048576,2097152,0.106,222298,32,256,4096,82,174,239.167209,0.395431832347,-379.730743,-140.563534,-79.802735
1048576,1048576,2097152,0.106,222298,32,256,4096,82,175,240.505708,0.395431832347,-381.812258,-141.306551,-79.802735
1048576,1048576,2097152,0.106,222298,32,256,4096,82,176,241.844207,0.395431832347,-383.893849,-142.049642,-79.802735
1048576,1048576,2097152,0.106,222298,32,256,4096,82,177,243.182706,0.395431832347,-385.975515,-142.792809,-79.802735
1048576,1048576,2097152,0.106,222298,32,256,4096,82,178,244.521205,0.395431832347,-388.057258,-143.536053,-79.802735
1048576,1048576,2097152,0.106,222298,32,256,4096,82,179,245.859704,0.395431832347,-390.139078,-144.279374,-79.802735
1048576,1048576,2097152,0.106,222298,32,256,4096,82,180,247.198203,0.395431832347,-392.220977,-145.022773,-79.802735
1048576,1048576,2097152,0.106,222298,32,256,4096,82,181,248.536702,0.395431832347,-394.302953,-145.766251,-79.802735
1048576,1048576,2097152,0.106,222298,32,256,4096,82,182,249.875201,0.395431832347,-396.385007,-146.509806,-79.802735
1048576,1048576,2097152,0.106,222298,32,256,4096,82,183,251.213700,0.395431832347,-398.467140,-147.253440,-79.802735
1048576,1048576,2097152,0.106,222298,32,256,4096,82,184,252.552200,0.395431832347,-400.549352,-147.997152,-79.802735
1048576,1048576,2097152,0.106,222298,32,256,4096,82,185,253.890699,0.395431832347,-402.631641,-148.740943,-79.802735
1048576,1048576,2097152,0.106,222298,32,256,4096,82,186,255.229198,0.395431832347,-404.714009,-149.484812,-79.802735
1048576,1048576,2097152,0.106,222298,32,256,4096,82,187,256.567697,0.395431832347,-406.796455,-150.228759,-79.802735
1048576,1048576,2097152,0.106,222298,32,256,4096,82,188,257.906196,0.395431832347,-408.878979,-150.972783,-79.802735
1048576,1048576,2097152,0.106,222298,32,256,4096,82,189,259.244695,0.395431832347,-410.961581,-151.716886,-79.802735
1048576,1048576,2097152,0.106,222298,32,256,4096,82,190,260.583194,0.395431832347,-413.044259,-152.461065,-79.802735
1048576,1048576,2097152,0.106,222298,32,256,4096,82,191,261.921693,0.395431832347,-415.127014,-153.205321,-79.802735
1048576,1048576,2097152,0.106,222298,32,256,4096,82,192,263.260192,0.395431832347,-417.209846,-153.949654,-79.802735
1048576,1048576,2097152,0.106,222298,32,256,4096,82,193,264.598691,0.395431832347,-419.292754,-154.694062,-79.802735
1048576,1048576,2097152,0.106,222298,32,256,4096,82,194,265.937190,0.395431832347,-421.375737,-155.438546,-79.802735
1048576,1048576,2097152,0.106,222298,32,256,4096,82,195,267.275689,0.395431832347,-423.458795,-156.183105,-79.802735
1048576,1048576,2097152,0.106,222298,32,256,4096,82,196,268.614188,0.395431832347,-425.541927,-156.927739,-79.802735
1048576,1048576,2097152,0.106,222298,32,256,4096,82,197,269.952688,0.395431832347,-427.625134,-157.672446,-79.802735
1048576,1048576,2097152,0.106,222298,32,256,4096,82,198,271.291187,0.395431832347,-429.708413,-158.417227,-79.802735
1048576,1048576,2097152,0.106,222298,32,256,4096,82,199,272.629686,0.395431832347,-431.791766,-159.162080,-79.802735
1048576,1048576,2097152,0.106,222298,32,256,4096,82,200,273.968185,0.395431832347,-433.875191,-159.907006,-79.802735
1048576,1048576,2097152,0.106,222298,32,256,4096,82,201,275.306684,0.395431832347,-435.958688,-160.652004,-79.802735
1048576,1048576,2097152,0.106,222298,32,256,4096,82,202,276.645183,0.395431832347,-438.042256,-161.397073,-79.802735
1048576,1048576,2097152,0.106,222298,32,256,4096,82,203,277.983682,0.395431832347,-440.125895,-162.142213,-79.802735
1048576,1048576,2097152,0.106,222298,32,256,4096,82,204,279.322181,0.395431832347,-442.209604,-162.887423,-79.802735
1048576,1048576,2097152,0.106,222298,32,256,4096,82,205,280.660680,0.395431832347,-444.293383,-163.632703,-79.802735
1048576,1048576,2097152,0.106,222298,32,256,4096,82,206,281.999179,0.395431832347,-446.377230,-164.378051,-79.802735
1048576,1048576,2097152,0.106,222298,32,256,4096,82,207,283.337678,0.395431832347,-448.461146,-165.123468,-79.802735
1048576,1048576,2097152,0.106,222298,32,256,4096,82,208,284.676177,0.395431832347,-450.545130,-165.868953,-79.802735
1048576,1048576,2097152,0.106,222298,32,256,4096,82,209,286.014677,0.395431832347,-452.629181,-166.614505,-79.802735
1048576,1048576,2097152,0.106,222298,32,256,4096,82,210,287.353176,0.395431832347,-454.713299,-167.360124,-79.802735
1048576,1048576,2097152,0.106,222298,32,256,4096,82,211,288.691675,0.395431832347,-456.797483,-168.105809,-79.802735
1048576,1048576,2097152,0.106,222298,32,256,4096,82,212,290.030174,0.395431832347,-458.881733,-168.851559,-79.802735
1048576,1048576,2097152,0.106,222298,32,256,4096,82,213,291.368673,0.395431832347,-460.966048,-169.597375,-79.802735
1048576,1048576,2097152,0.106,222298,32,256,4096,82,214,292.707172,0.395431832347,-463.050428,-170.343256,-79.802735
1048576,1048576,2097152,0.106,222298,32,256,4096,82,215,294.045671,0.395431832347,-465.134871,-171.089200,-79.802735
1048576,1048576,2097152,0.106,222298,32,256,4096,82,216,295.384170,0.395431832347,-467.219378,-171.835208,-79.802735
1048576,1048576,2097152,0.106,222298,32,256,4096,82,217,296.722669,0.395431832347,-469.303948,-172.581279,-79.802735
1048576,1048576,2097152,0.106,222298,32,256,4096,82,218,298.061168,0.395431832347,-471.388581,-173.327412,-79.802735
1048576,1048576,2097152,0.106,222298,32,256,4096,82,219,299.399667,0.395431832347,-473.473275,-174.073607,-79.802735
1048576,1048576,2097152,0.106,222298,32,256,4096,82,220,300.738166,0.395431832347,-475.558031,-174.819864,-79.802735
1048576,1048576,2097152,0.106,222298,32,256,4096,84,1,-inf,,-2.237843,-inf,-inf
1048576,1048576,2097152,0.106,222298,32,256,4096,84,2,-inf,,-4.475684,-inf,-inf
1048576,1048576,2097152,0.106,222298,32,256,4096,84,3,-inf,,-6.713526,-inf,-inf
1048576,1048576,2097152,0.106,222298,32,256,4096,84,4,-inf,,-8.951366,-inf,-inf
1048576,1048576,2097152,0.106,222298,32,256,4096,84,5,-inf,,-11.189206,-inf,-inf
1048576,1048576,2097152,0.106,222298,32,256,4096,84,6,-inf,,-13.427045,-inf,-inf
1048576,1048576,2097152,0.106,222298,32,256,4096,84,7,-inf,,-15.664883,-inf,-inf
1048576,1048576,2097152,0.106,222298,32,256,4096,84,8,-inf,,-17.902721,-inf,-inf
1048576,1048576,2097152,0.106,222298,32,256,4096,84,9,-inf,,-20.140558,-inf,-inf
1048576,1048576,2097152,0.106,222298,32,256,4096,84,10,-inf,,-22.378394,-inf,-inf
1048576,1048576,2097152,0.106,222298,32,256,4096,84,11,-inf,,-24.616229,-inf,-inf
1048576,1048576,2097152,0.106,222298,32,256,4096,84,12,-inf,,-26.854064,-inf,-inf
1048576,1048576,2097152,0.106,222298,32,256,4096,84,13,-inf,,-29.091897,-inf,-inf
1048576,1048576,2097152,0.106,222298,32,256,4096,84,14,-inf,,-31.329731,-inf,-inf
1048576,1048576,2097152,0.106,222298,32,256,4096,84,15,-inf,,-33.567563,-inf,-inf
1048576,1048576,2097152,0.106,222298,32,256,4096,84,16,-inf,,-35.805394,-inf,-inf
1048576,1048576,2097152,0.106,222298,32,256,4096,84,17,-inf,,-38.043225,-inf,-inf
1048576,1048576,2097152,0.106,222298,32,256,4096,84,18,-inf,,-40.281055,-inf,-inf
1048576,1048576,2097152,0.106,222298,32,256,4096,84,19,-inf,,-42.518884,-inf,-inf
1048576,1048576,2097152,0.106,222298,32,256,4096,84,20,-inf,,-44.756712,-inf,-inf
1048576,1048576,2097152,0.106,222298,32,256,4096,84,21,-inf,,-46.994540,-inf,-inf
1048576,1048576,2097152,0.106,222298,32,256,4096,84,22,-inf,,-49.232366,-inf,-inf
1048576,1048576,2097152,0.106,222298,32,256,4096,84,23,-inf,,-51.470191,-inf,-inf
1048576,1048576,2097152,0.106,222298,32,256,4096,84,24,-inf,,-53.708016,-inf,-inf
1048576,1048576,2097152,0.106,222298,32,256,4096,84,25,-inf,,-55.945839,-inf,-inf
1048576,1048576,2097152,0.106,222298,32,256,4096,84,26,-inf,,-58.183662,-inf,-inf
1048576,1048576,2097152,0.106,222298,32,256,4096,84,27,-inf,,-60.421483,-inf,-inf
1048576,1048576,2097152,0.106,222298,32,256,4096,84,28,-inf,,-62.659303,-inf,-inf
1048576,1048576,2097152,0.106,222298,32,256,4096,84,29,-inf,,-64.897122,-inf,-inf
1048576,1048576,2097152,0.106,222298,32,256,4096,84,30,-inf,,-67.134939,-inf,-inf
1048576,1048576,2097152,0.106,222298,32,256,4096,84,31,-inf,,-69.372755,-inf,-inf
1048576,1048576,2097152,0.106,222298,32,256,4096,84,32,-inf,,-71.610569,-inf,-inf
1048576,1048576,2097152,0.106,222298,32,256,4096,84,33,-inf,,-73.848382,-inf,-inf
1048576,1048576,2097152,0.106,222298,32,256,4096,84,34,-inf,,-76.086193,-inf,-inf
1048576,1048576,2097152,0.106,222298,32,256,4096,84,35,-inf,,-78.324002,-inf,-inf
1048576,1048576,2097152,0.106,222298,32,256,4096,84,36,-inf,,-80.561808,-inf,-inf
1048576,1048576,2097152,0.106,222298,32,256,4096,84,37,-inf,,-82.799612,-inf,-inf
1048576,1048576,2097152,0.106,222298,32,256,4096,84,38,-inf,,-85.037414,-inf,-inf
1048576,1048576,2097152,0.106,222298,32,256,4096,84,39,-inf,,-87.275213,-inf,-inf
1048576,1048576,2097152,0.106,222298,32,256,4096,84,40,-inf,,-89.513008,-inf,-inf
1048576,1048576,2097152,0.106,222298,32,256,4096,84,41,-inf,,-91.750800,-inf,-inf
1048576,1048576,2097152,0.106,222298,32,256,4096,84,42,-inf,,-93.988588,-inf,-inf
1048576,1048576,2097152,0.106,222298,32,256,4096,84,43,-inf,,-96.226371,-inf,-inf
1048576,1048576,2097152,0.106,222298,32,256,4096,84,44,-inf,,-98.464149,-inf,-inf
1048576,1048576,2097152,0.106,222298,32,256,4096,84,45,-inf,,-100.701922,-inf,-inf
1048576,1048576,2097152,0.106,222298,32,256,4096,84,46,-inf,,-102.939689,-inf,-inf
1048576,1048576,2097152,0.106,222298,32,256,4096,84,47,-inf,,-105.177448,-inf,-inf
1048576,1048576,2097152,0.106,222298,32,256,4096,84,48,-inf,,-107.415200,-inf,-inf
1048576,1048576,2097152,0.106,222298,32,256,4096,84,49,-inf,,-109.652943,-inf,-inf
1048576,1048576,2097152,0.106,222298,32,256,4096,84,50,-inf,,-111.890676,-inf,-inf
1048576,1048576,2097152,0.106,222298,32,256,4096,84,51,-inf,,-114.128398,-inf,-inf
1048576,1048576,2097152,0.106,222298,32,256,4096,84,52,-inf,,-116.366107,-inf,-inf
1048576,1048576,2097152,0.106,222298,32,256,4096,84,53,-inf,,-118.603803,-inf,-inf
1048576,1048576,2097152,0.106,222298,32,256,4096,84,54,-inf,,-120.841482,-inf,-inf
1048576,1048576,2097152,0.106,222298,32,256,4096,84,55,-inf,,-123.079144,-inf,-inf
1048576,1048576,2097152,0.106,222298,32,256,4096,84,56,-inf,,-125.316785,-inf,-inf
1048576,1048576,2097152,0.106,222298,32,256,4096,84,57,-inf,,-127.554404,-inf,-inf
1048576,1048576,2097152,0.106,222298,32,256,4096,84,58,-inf,,-129.791997,-inf,-inf
1048576,1048576,2097152,0.106,222298,32,256,4096,84,59,-inf,,-132.029562,-inf,-inf
1048576,1048576,2097152,0.106,222298,32,256,4096,84,60,-inf,,-134.267094,-inf,-inf
1048576,1048576,2097152,0.106,222298,32,256,4096,84,61,-inf,,-136.504589,-inf,-inf
1048576,1048576,2097152,0.106,222298,32,256,4096,84,62,-inf,,-138.742043,-inf,-inf
1048576,1048576,2097152,0.106,222298,32,256,4096,84,63,-inf,,-140.979450,-inf,-inf
1048576,1048576,2097152,0.106,222298,32,256,4096,84,64,-inf,,-143.216806,-inf,-inf
1048576,1048576,2097152,0.106,222298,32,256,4096,84,65,-inf,,-145.454102,-inf,-inf
1048576,1048576,2097152,0.106,222298,32,256,4096,84,66,-inf,,-147.691331,-inf,-inf
1048576,1048576,2097152,0.106,222298,32,256,4096,84,67,-inf,,-149.928486,-inf,-inf
1048576,1048576,2097152,0.106,222298,32,256,4096,84,68,-inf,,-152.165557,-inf,-inf
1048576,1048576,2097152,0.106,222298,32,256,4096,84,69,-inf,,-154.402533,-inf,-inf
1048576,1048576,2097152,0.106,222298,32,256,4096,84,70,-inf,,-156.639403,-inf,-inf
1048576,1048576,2097152,0.106,222298,32,256,4096,84,71,-inf,,-158.876152,-inf,-inf
1048576,1048576,2097152,0.106,222298,32,256,4096,84,72,-inf,,-161.112767,-inf,-inf
1048576,1048576,2097152,0.106,222298,32,256,4096,84,73,-inf,,-163.349231,-inf,-inf
1048576,1048576,2097152,0.106,222298,32,256,4096,84,74,-inf,,-165.585524,-inf,-inf
1048576,1048576,2097152,0.106,222298,32,256,4096,84,75,-inf,,-167.821627,-inf,-inf
1048576,1048576,2097152,0.106,222298,32,256,4096,84,76,-inf,,-170.057515,-inf,-inf
1048576,1048576,2097152,0.106,222298,32,256,4096,84,77,-inf,,-172.293162,-inf,-inf
1048576,1048576,2097152,0.106,222298,32,256,4096,84,78,-inf,,-174.528540,-inf,-inf
1048576,1048576,2097152,0.106,222298,32,256,4096,84,79,-inf,,-176.763616,-inf,-inf
1048576,1048576,2097152,0.106,222298,32,256,4096,84,80,-inf,,-178.998353,-inf,-inf
1048576,1048576,2097152,0.106,222298,32,256,4096,84,81,-inf,,-181.232711,-inf,-inf
1048576,1048576,2097152,0.106,222298,32,256,4096,84,82,-inf,,-183.466646,-inf,-inf
1048576,1048576,2097152,0.106,222298,32,256,4096,84,83,-inf,,-185.700107,-inf,-inf
1048576,1048576,2097152,0.106,222298,32,256,4096,84,84,105.337937,0.352176111989,-187.933039,-82.595102,-82.595102
1048576,1048576,2097152,0.106,222298,32,256,4096,84,85,106.843568,0.352176111989,-190.165381,-83.321813,-81.913176
1048576,1048576,2097152,0.106,222298,32,256,4096,84,86,108.349199,0.352176111989,-192.397066,-84.047867,-81.617199
1048576,1048576,2097152,0.106,222298,32,256,4096,84,87,109.854830,0.352176111989,-194.628018,-84.773188,-81.463796
1048576,1048576,2097152,0.106,222298,32,256,4096,84,88,111.360462,0.352176111989,-196.858157,-85.497695,-81.378305
1048576,1048576,2097152,0.106,222298,32,256,4096,84,89,112.866093,0.352176111989,-199.087391,-86.221298,-81.328893
1048576,1048576,2097152,0.106,222298,32,256,4096,84,90,114.371724,0.352176111989,-201.315623,-86.943900,-81.299753
1048576,1048576,2097152,0.106,222298,32,256,4096,84,91,115.877355,0.352176111989,-203.542744,-87.665390,-81.282363
1048576,1048576,2097152,0.106,222298,32,256,4096,84,92,117.382986,0.352176111989,-205.768640,-88.385654,-81.271908
1048576,1048576,2097152,0.106,222298,32,256,4096,84,93,118.888617,0.352176111989,-207.993180,-89.104563,-81.265594
1048576,1048576,2097152,0.106,222298,32,256,4096,84,94,120.394248,0.352176111989,-210.216231,-89.821983,-81.261767
1048576,1048576,2097152,0.106,222298,32,256,4096,84,95,121.899879,0.352176111989,-212.437643,-90.537765,-81.259441
1048576,1048576,2097152,0.106,222298,32,256,4096,84,96,123.405510,0.352176111989,-214.657262,-91.251753,-81.258026
1048576,1048576,2097152,0.106,222298,32,256,4096,84,97,124.911141,0.352176111989,-216.874919,-91.963778,-81.257162
1048576,1048576,2097152,0.106,222298,32,256,4096,84,98,126.416772,0.352176111989,-219.090440,-92.673668,-81.256634
1048576,1048576,2097152,0.106,222298,32,256,4096,84,99,127.922403,0.352176111989,-221.303637,-93.381234,-81.256311
1048576,1048576,2097152,0.106,222298,32,256,4096,84,100,129.428034,0.352176111989,-223.514322,-94.086288,-81.256113
1048576,1048576,2097152,0.106,222298,32,256,4096,84,101,130.933665,0.352176111989,-225.722292,-94.788627,-81.255991
1048576,1048576,2097152,0.106,222298,32,256,4096,84,102,132.439296,0.352176111989,-227.927350,-95.488054,-81.255916
1048576,1048576,2097152,0.106,222298,32,256,4096,84,103,133.944927,0.352176111989,-230.129288,-96.184361,-81.255870
1048576,1048576,2097152,0.106,222298,32,256,4096,84,104,135.450558,0.352176111989,-232.327903,-96.877345,-81.255842
1048576,1048576,2097152,0.106,222298,32,256,4096,84,105,136.956189,0.352176111989,-234.522998,-97.566809,-81.255824
1048576,1048576,2097152,0.106,222298,32,256,4096,84,106,138.461820,0.352176111989,-236.714376,-98.252556,-81.255813
1048576,1048576,2097152,0.106,222298,32,256,4096,84,107,139.967451,0.352176111989,-238.901855,-98.934404,-81.255806
1048576,1048576,2097152,0.106,222298,32,256,4096,84,108,141.473082,0.352176111989,-241.085269,-99.612187,-81.255802
1048576,1048576,2097152,0.106,222298,32,256,4096,84,109,142.978713,0.352176111989,-243.264462,-100.285748,-81.255799
1048576,1048576,2097152,0.106,222298,32,256,4096,84,110,144.484344,0.352176111989,-245.439303,-100.954959,-81.255797
1048576,1048576,2097152,0.106,222298,32,256,4096,84,111,145.989975,0.352176111989,-247.609688,-101.619713,-81.255796
1048576,1048576,2097152,0.106,222298,32,256,4096,84,112,147.495606,0.352176111989,-249.775532,-102.279926,-81.255795
1048576,1048576,2097152,0.106,222298,32,256,4096,84,113,149.001238,0.352176111989,-251.936783,-102.935546,-81.255795
1048576,1048576,2097152,0.106,222298,32,256,4096,84,114,150.506869,0.352176111989,-254.093421,-103.586552,-81.255795
1048576,1048576,2097152,0.106,222298,32,256,4096,84,115,152.012500,0.352176111989,-256.245448,-104.232948,-81.255795
1048576,1048576,2097152,0.106,222298,32,256,4096,84,116,153.518131,0.352176111989,-258.392905,-104.874774,-81.255794
1048576,1048576,2097152,0.106,222298,32,256,4096,84,117,155.023762,0.352176111989,-260.535860,-105.512098,-81.255794
1048576,1048576,2097152,0.106,222298,32,256,4096,84,118,156.529393,0.352176111989,-262.674404,-106.145011,-81.255794
1048576,1048576,2097152,0.106,222298,32,256,4096,84,119,158.035024,0.352176111989,-264.808660,-106.773636,-81.255794
1048576,1048576,2097152,0.106,222298,32,256,4096,84,120,159.540655,0.352176111989,-266.938772,-107.398117,-81.255794
1048576,1048576,2097152,0.106,222298,32,256,4096,84,121,161.046286,0.352176111989,-269.064898,-108.018612,-81.255794
1048576,1048576,2097152,0.106,222298,32,256,4096,84,122,162.551917,0.352176111989,-271.187219,-108.635302,-81.255794
1048576,1048576,2097152,0.106,222298,32,256,4096,84,123,164.057548,0.352176111989,-273.305926,-109.248378,-81.255794
1048576,1048576,2097152,0.106,222298,32,256,4096,84,124,165.563179,0.352176111989,-275.421216,-109.858037,-81.255794
1048576,1048576,2097152,0.106,222298,32,256,4096,84,125,167.068810,0.352176111989,-277.533295,-110.464485,-81.255794
1048576,1048576,2097152,0.106,222298,32,256,4096,84,126,168.574441,0.352176111989,-279.642372,-111.067931,-81.255794
1048576,1048576,2097152,0.106,222298,32,256,4096,84,127,170.080072,0.352176111989,-281.748651,-111.668579,-81.255794
1048576,1048576,2097152,0.106,222298,32,256,4096,84,128,171.585703,0.352176111989,-283.852337,-112.266634,-81.255794
1048576,1048576,2097152,0.106,222298,32,256,4096,84,129,173.091334,0.352176111989,-285.953631,-112.862297,-81.255794
1048576,1048576,2097152,0.106,222298,32,256,4096,84,130,174.596965,0.352176111989,-288.052724,-113.455758,-81.255794
1048576,1048576,2097152,0.106,222298,32,256,4096,84,131,176.102596,0.352176111989,-290.149799,-114.047203,-81.255794
1048576,1048576,2097152,0.106,222298,32,256,4096,84,132,177.608227,0.352176111989,-292.245035,-114.636808,-81.255794
1048576,1048576,2097152,0.106,222298,32,256,4096,84,133,179.113858,0.352176111989,-294.338595,-115.224737,-81.255794
1048576,1048576,2097152,0.106,222298,32,256,4096,84,134,180.619489,0.352176111989,-296.430636,-115.811146,-81.255794
1048576,1048576,2097152,0.106,222298,32,256,4096,84,135,182.125120,0.352176111989,-298.521304,-116.396183,-81.255794
1048576,1048576,2097152,0.106,222298,32,256,4096,84,136,183.630751,0.352176111989,-300.610733,-116.979982,-81.255794
1048576,1048576,2097152,0.106,222298,32,256,4096,84,137,185.136382,0.352176111989,-302.699049,-117.562667,-81.255794
1048576,1048576,2097152,0.106,222298,32,256,4096,84,138,186.642014,0.352176111989,-304.786369,-118.144355,-81.255794
1048576,1048576,2097152,0.106,222298,32,256,4096,84,139,188.147645,0.352176111989,-306.872797,-118.725152,-81.255794
1048576,1048576,2097152,0.106,222298,32,256,4096,84,140,189.653276,0.352176111989,-308.958431,-119.305155,-81.255794
1048576,1048576,2097152,0.106,222298,32,256,4096,84,141,191.158907,0.352176111989,-311.043360,-119.884453,-81.255794
1048576,1048576,2097152,0.106,222298,32,256,4096,84,142,192.664538,0.352176111989,-313.127665,-120.463127,-81.255794
1048576,1048576,2097152,0.106,222298,32,256,4096,84,143,194.170169,0.352176111989,-315.211418,-121.041250,-81.255794
1048576,1048576,2097152,0.106,222298,32,256,4096,84,144,195.675800,0.352176111989,-317.294688,-121.618888,-81.255794
1048576,1048576,2097152,0.106,222298,32,256,4096,84,145,197.181431,0.352176111989,-319.377534,-122.196103,-81.255794
1048576,1048576,2097152,0.106,222298,32,256,4096,84,146,198.687062,0.352176111989,-321.460010,-122.772948,-81.255794
1048576,1048576,2097152,0.106,222298,32,256,4096,84,147,200.192693,0.352176111989,-323.542166,-123.349473,-81.255794
1048576,1048576,2097152,0.106,222298,32,256,4096,84,148,201.698324,0.352176111989,-325.624045,-123.925721,-81.255794
1048576,1048576,2097152,0.106,222298,32,256,4096,84,149,203.203955,0.352176111989,-327.705688,-124.501733,-81.255794
1048576,1048576,2097152,0.106,222298,32,256,4096,84,150,204.709586,0.352176111989,-329.787131,-125.077545,-81.255794
1048576,1048576,2097152,0.106,222298,32,256,4096,84,151,206.215217,0.352176111989,-331.868404,-125.653187,-81.255794
1048576,1048576,2097152,0.106,222298,32,256,4096,84,152,207.720848,0.352176111989,-333.949538,-126.228690,-81.255794
1048576,1048576,2097152,0.106,222298,32,256,4096,84,153,209.226479,0.352176111989,-336.030557,-126.804078,-81.255794
1048576,1048576,2097152,0.106,222298,32,256,4096,84,154,210.732110,0.352176111989,-338.111485,-127.379375,-81.255794
1048576,1048576,2097152,0.106,222298,32,256,4096,84,155,212.237741,0.352176111989,-340.192342,-127.954601,-81.255794
1048576,1048576,2097152,0.106,222298,32,256,4096,84,156,213.743372,0.352176111989,-342.273146,-128.529774,-81.255794
1048576,1048576,2097152,0.106,222298,32,256,4096,84,157,215.249003,0.352176111989,-344.353915,-129.104911,-81.255794
1048576,1048576,2097152,0.106,222298,32,256,4096,84,158,216.754634,0.352176111989,-346.434661,-129.680026,-81.255794
1048576,1048576,2097152,0.106,222298,32,256,4096,84,159,218.260265,0.352176111989,-348.515398,-130.255132,-81.255794
1048576,1048576,2097152,0.106,222298,32,256,4096,84,160,219.765896,0.352176111989,-350.596137,-130.830241,-81.255794
1048576,1048576,2097152,0.106,222298,32,256,4096,84,161,221.271527,0.352176111989,-352.676889,-131.405362,-81.255794
1048576,1048576,2097152,0.106,222298,32,256,4096,84,162,222.777158,0.352176111989,-354.757663,-131.980504,-81.255794
1048576,1048576,2097152,0.106,222298,32,256,4096,84,163,224.282790,0.352176111989,-356.838466,-132.555676,-81.255794
1048576,1048576,2097152,0.106,222298,32,256,4096,84,164,225.782218,0.395431832347,-358.919305,-133.137087,-81.255794
1048576,1048576,2097152,0.106,222298,32,256,4096,84,165,227.120717,0.395431832347,-361.000187,-133.879470,-81.255794
1048576,1048576,2097152,0.106,222298,32,256,4096,84,166,228.459216,0.395431832347,-363.081117,-134.621901,-81.255794
1048576,1048576,2097152,0.106,222298,32,256,4096,84,167,229.797715,0.395431832347,-365.162100,-135.364385,-81.255794
1048576,1048576,2097152,0.106,222298,32,256,4096,84,168,231.136214,0.395431832347,-367.243139,-136.106925,-81.255794
1048576,1048576,2097152,0.106,222298,32,256,4096,84,169,232.474713,0.395431832347,-369.324239,-136.849526,-81.255794
1048576,1048576,2097152,0.106,222298,32,256,4096,84,170,233.813212,0.395431832347,-371.405403,-137.592191,-81.255794
1048576,1048576,2097152,0.106,222298,32,256,4096,84,171,235.151711,0.395431832347,-373.486633,-138.334922,-81.255794
1048576,1048576,2097152,0.106,222298,32,256,4096,84,172,236.490211,0.395431832347,-375.567932,-139.077721,-81.255794
1048576,1048576,2097152,0.106,222298,32,256,4096,84,173,237.828710,0.395431832347,-377.649301,-139.820592,-81.255794
1048576,1048576,2097152,0.106,222298,32,256,4096,84,174,239.167209,0.395431832347,-379.730743,-140.563534,-81.255794
1048576,1048576,2097152,0.106,222298,32,256,4096,84,175,240.505708,0.395431832347,-381.812258,-141.306551,-81.255794
1048576,1048576,2097152,0.106,222298,32,256,4096,84,176,241.844207,0.395431832347,-383.893849,-142.049642,-81.255794
1048576,1048576,2097152,0.106,222298,32,256,4096,84,177,243.182706,0.395431832347,-385.975515,-142.792809,-81.255794
1048576,1048576,2097152,0.106,222298,32,256,4096,84,178,244.521205,0.395431832347,-388.057258,-143.536053,-81.255794
1048576,1048576,2097152,0.106,222298,32,256,4096,84,179,245.859704,0.395431832347,-390.139078,-144.279374,-81.255794
1048576,1048576,2097152,0.106,222298,32,256,4096,84,180,247.198203,0.395431832347,-392.220977,-145.022773,-81.255794
1048576,1048576,2097152,0.106,222298,32,256,4096,84,181,248.536702,0.395431832347,-394.302953,-145.766251,-81.255794
1048576,1048576,2097152,0.106,222298,32,256,4096,84,182,249.875201,0.395431832347,-396.385007,-146.509806,-81.255794
1048576,1048576,2097152,0.106,222298,32,256,4096,84,183,251.213700,0.395431832347,-398.467140,-147.253440,-81.255794
1048576,1048576,2097152,0.106,222298,32,256,4096,84,184,252.552200,0.395431832347,-400.549352,-147.997152,-81.255794
1048576,1048576,2097152,0.106,222298,32,256,4096,84,185,253.890699,0.395431832347,-402.631641,-148.740943,-81.255794
1048576,1048576,2097152,0.106,222298,32,256,4096,84,186,255.229198,0.395431832347,-404.714009,-149.484812,-81.255794
1048576,1048576,2097152,0.106,222298,32,256,4096,84,187,256.567697,0.395431832347,-406.796455,-150.228759,-81.255794
1048576,1048576,2097152,0.106,222298,32,256,4096,84,188,257.906196,0.395431832347,-408.878979,-150.972783,-81.255794
1048576,1048576,2097152,0.106,222298,32,256,4096,84,189,259.244695,0.395431832347,-410.961581,-151.716886,-81.255794
1048576,1048576,2097152,0.106,222298,32,256,4096,84,190,260.583194,0.395431832347,-413.044259,-152.461065,-81.255794
1048576,1048576,2097152,0.106,222298,32,256,4096,84,191,261.921693,0.395431832347,-415.127014,-153.205321,-81.255794
1048576,1048576,2097152,0.106,222298,32,256,4096,84,192,263.260192,0.395431832347,-417.209846,-153.949654,-81.255794
1048576,1048576,2097152,0.106,222298,32,256,4096,84,193,264.598691,0.395431832347,-419.292754,-154.694062,-81.255794
1048576,1048576,2097152,0.106,222298,32,256,4096,84,194,265.937190,0.395431832347,-421.375737,-155.438546,-81.255794
1048576,1048576,2097152,0.106,222298,32,256,4096,84,195,267.275689,0.395431832347,-423.458795,-156.183105,-81.255794
1048576,1048576,2097152,0.106,222298,32,256,4096,84,196,268.614188,0.395431832347,-425.541927,-156.927739,-81.255794
1048576,1048576,2097152,0.106,222298,32,256,4096,84,197,269.952688,0.395431832347,-427.625134,-157.672446,-81.255794
1048576,1048576,2097152,0.106,222298,32,256,4096,84,198,271.291187,0.395431832347,-429.708413,-158.417227,-81.255794
1048576,1048576,2097152,0.106,222298,32,256,4096,84,199,272.629686,0.395431832347,-431.791766,-159.162080,-81.255794
1048576,1048576,2097152,0.106,222298,32,256,4096,84,200,273.968185,0.395431832347,-433.875191,-159.907006,-81.255794
1048576,1048576,2097152,0.106,222298,32,256,4096,84,201,275.306684,0.395431832347,-435.958688,-160.652004,-81.255794
1048576,1048576,2097152,0.106,222298,32,256,4096,84,202,276.645183,0.395431832347,-438.042256,-161.397073,-81.255794
1048576,1048576,2097152,0.106,222298,32,256,4096,84,203,277.983682,0.395431832347,-440.125895,-162.142213,-81.255794
1048576,1048576,2097152,0.106,222298,32,256,4096,84,204,279.322181,0.395431832347,-442.209604,-162.887423,-81.255794
1048576,1048576,2097152,0.106,222298,32,256,4096,84,205,280.660680,0.395431832347,-444.293383,-163.632703,-81.255794
1048576,1048576,2097152,0.106,222298,32,256,4096,84,206,281.999179,0.395431832347,-446.377230,-164.378051,-81.255794
1048576,1048576,2097152,0.106,222298,32,256,4096,84,207,283.337678,0.395431832347,-448.461146,-165.123468,-81.255794
1048576,1048576,2097152,0.106,222298,32,256,4096,84,208,284.676177,0.395431832347,-450.545130,-165.868953,-81.255794
1048576,1048576,2097152,0.106,222298,32,256,4096,84,209,286.014677,0.395431832347,-452.629181,-166.614505,-81.255794
1048576,1048576,2097152,0.106,222298,32,256,4096,84,210,287.353176,0.395431832347,-454.713299,-167.360124,-81.255794
1048576,1048576,2097152,0.106,222298,32,256,4096,84,211,288.691675,0.395431832347,-456.797483,-168.105809,-81.255794
1048576,1048576,2097152,0.106,222298,32,256,4096,84,212,290.030174,0.395431832347,-458.881733,-168.851559,-81.255794
1048576,1048576,2097152,0.106,222298,32,256,4096,84,213,291.368673,0.395431832347,-460.966048,-169.597375,-81.255794
1048576,1048576,2097152,0.106,222298,32,256,4096,84,214,292.707172,0.395431832347,-463.050428,-170.343256,-81.255794
1048576,1048576,2097152,0.106,222298,32,256,4096,84,215,294.045671,0.395431832347,-465.134871,-171.089200,-81.255794
1048576,1048576,2097152,0.106,222298,32,256,4096,84,216,295.384170,0.395431832347,-467.219378,-171.835208,-81.255794
1048576,1048576,2097152,0.106,222298,32,256,4096,84,217,296.722669,0.395431832347,-469.303948,-172.581279,-81.255794
1048576,1048576,2097152,0.106,222298,32,256,4096,84,218,298.061168,0.395431832347,-471.388581,-173.327412,-81.255794
1048576,1048576,2097152,0.106,222298,32,256,4096,84,219,299.399667,0.395431832347,-473.473275,-174.073607,-81.255794
1048576,1048576,2097152,0.106,222298,32,256,4096,84,220,300.738166,0.395431832347,-475.558031,-174.819864,-81.255794
1048576,1048576,2097152,0.106,222298,32,256,4096,86,1,-inf,,-2.237843,-inf,-inf
1048576,1048576,2097152,0.106,222298,32,256,4096,86,2,-inf,,-4.475684,-inf,-inf
1048576,1048576,2097152,0.106,222298,32,256,4096,86,3,-inf,,-6.713526,-inf,-inf
1048576,1048576,2097152,0.106,222298,32,256,4096,86,4,-inf,,-8.951366,-inf,-inf
1048576,1048576,2097152,0.106,222298,32,256,4096,86,5,-inf,,-11.189206,-inf,-inf
1048576,1048576,2097152,0.106,222298,32,256,4096,86,6,-inf,,-13.427045,-inf,-inf
1048576,1048576,2097152,0.106,222298,32,256,4096,86,7,-inf,,-15.664883,-inf,-inf
1048576,1048576,2097152,0.106,222298,32,256,4096,86,8,-inf,,-17.902721,-inf,-inf
1048576,1048576,2097152,0.106,222298,32,256,4096,86,9,-inf,,-20.140558,-inf,-inf
1048576,1048576,2097152,0.106,222298,32,256,4096,86,10,-inf,,-22.378394,-inf,-inf
1048576,1048576,2097152,0.106,222298,32,256,4096,86,11,-inf,,-24.616229,-inf,-inf
1048576,1048576,2097152,0.106,222298,32,256,4096,86,12,-inf,,-26.854064,-inf,-inf
1048576,1048576,2097152,0.106,222298,32,256,4096,86,13,-inf,,-29.091897,-inf,-inf
1048576,1048576,2097152,0.106,222298,32,256,4096,86,14,-inf,,-31.329731,-inf,-inf
1048576,1048576,2097152,0.106,222298,32,256,4096,86,15,-inf,,-33.567563,-inf,-inf
1048576,1048576,2097152,0.106,222298,32,256,4096,86,16,-inf,,-35.805394,-inf,-inf
1048576,1048576,2097152,0.106,222298,32,256,4096,86,17,-inf,,-38.043225,-inf,-inf
1048576,1048576,2097152,0.106,222298,32,256,4096,86,18,-inf,,-40.281055,-inf,-inf
1048576,1048576,2097152,0.106,222298,32,256,4096,86,19,-inf,,-42.518884,-inf,-inf
1048576,1048576,2097152,0.106,222298,32,256,4096,86,20,-inf,,-44.756712,-inf,-inf
1048576,1048576,2097152,0.106,222298,32,256,4096,86,21,-inf,,-46.994540,-inf,-inf
1048576,1048576,2097152,0.106,222298,32,256,4096,86,22,-inf,,-49.232366,-inf,-inf
1048576,1048576,2097152,0.106,222298,32,256,4096,86,23,-inf,,-51.470191,-inf,-inf
1048576,1048576,2097152,0.106,222298,32,256,4096,86,24,-inf,,-53.708016,-inf,-inf
1048576,1048576,2097152,0.106,222298,32,256,4096,86,25,-inf,,-55.945839,-inf,-inf
1048576,1048576,2097152,0.106,222298,32,256,4096,86,26,-inf,,-58.183662,-inf,-inf
1048576,1048576,2097152,0.106,222298,32,256,4096,86,27,-inf,,-60.421483,-inf,-inf
1048576,1048576,2097152,0.106,222298,32,256,4096,86,28,-inf,,-62.659303,-inf,-inf
1048576,1048576,2097152,0.106,222298,32,256,4096,86,29,-inf,,-64.897122,-inf,-inf
1048576,1048576,2097152,0.106,222298,32,256,4096,86,30,-inf,,-67.134939,-inf,-inf
1048576,1048576,2097152,0.106,222298,32,256,4096,86,31,-inf,,-69.372755,-inf,-inf
1048576,1048576,2097152,0.106,222298,32,256,4096,86,32,-inf,,-71.610569,-inf,-inf
1048576,1048576,2097152,0.106,222298,32,256,4096,86,33,-inf,,-73.848382,-inf,-inf
1048576,1048576,2097152,0.106,222298,32,256,4096,86,34,-inf,,-76.086193,-inf,-inf
1048576,1048576,2097152,0.106,222298,32,256,4096,86,35,-inf,,-78.324002,-inf,-inf
1048576,1048576,2097152,0.106,222298,32,256,4096,86,36,-inf,,-80.561808,-inf,-inf
1048576,1048576,2097152,0.106,222298,32,256,4096,86,37,-inf,,-82.799612,-inf,-inf
1048576,1048576,2097152,0.106,222298,32,256,4096,86,38,-inf,,-85.037414,-inf,-inf
1048576,1048576,2097152,0.106,222298,32,256,4096,86,39,-inf,,-87.275213,-inf,-inf
1048576,1048576,2097152,0.106,222298,32,256,4096,86,40,-inf,,-89.513008,-inf,-inf
1048576,1048576,2097152,0.106,222298,32,256,4096,86,41,-inf,,-91.750800,-inf,-inf
1048576,1048576,2097152,0.106,222298,32,256,4096,86,42,-inf,,-93.988588,-inf,-inf
1048576,1048576,2097152,0.106,222298,32,256,4096,86,43,-inf,,-96.226371,-inf,-inf
1048576,1048576,2097152,0.106,222298,32,256,4096,86,44,-inf,,-98.464149,-inf,-inf
1048576,1048576,2097152,0.106,222298,32,256,4096,86,45,-inf,,-100.701922,-inf,-inf
1048576,1048576,2097152,0.106,222298,32,256,4096,86,46,-inf,,-102.939689,-inf,-inf
1048576,1048576,2097152,0.106,222298,32,256,4096,86,47,-inf,,-105.177448,-inf,-inf
1048576,1048576,2097152,0.106,222298,32,256,4096,86,48,-inf,,-107.415200,-inf,-inf
1048576,1048576,2097152,0.106,222298,32,256,4096,86,49,-inf,,-109.652943,-inf,-inf
1048576,1048576,2097152,0.106,222298,32,256,4096,86,50,-inf,,-111.890676,-inf,-inf
1048576,1048576,2097152,0.106,222298,32,256,4096,86,51,-inf,,-114.128398,-inf,-inf
1048576,1048576,2097152,0.106,222298,32,256,4096,86,52,-inf,,-116.366107,-inf,-inf
1048576,1048576,2097152,0.106,222298,32,256,4096,86,53,-inf,,-118.603803,-inf,-inf
1048576,1048576,2097152,0.106,222298,32,256,4096,86,54,-inf,,-120.841482,-inf,-inf
1048576,1048576,2097152,0.106,222298,32,256,4096,86,55,-inf,,-123.079144,-inf,-inf
1048576,1048576,2097152,0.106,222298,32,256,4096,86,56,-inf,,-125.316785,-inf,-inf
1048576,1048576,2097152,0.106,222298,32,256,4096,86,57,-inf,,-127.554404,-inf,-inf
1048576,1048576,2097152,0.106,222298,32,256,4096,86,58,-inf,,-129.791997,-inf,-inf
1048576,1048576,2097152,0.106,222298,32,256,4096,86,59,-inf,,-132.029562,-inf,-inf
1048576,1048576,2097152,0.106,222298,32,256,4096,86,60,-inf,,-134.267094,-inf,-inf
1048576,1048576,2097152,0.106,222298,32,256,4096,86,61,-inf,,-136.504589,-inf,-inf
1048576,1048576,2097152,0.106,222298,32,256,4096,86,62,-inf,,-138.742043,-inf,-inf
1048576,1048576,2097152,0.106,222298,32,256,4096,86,63,-inf,,-140.979450,-inf,-inf
1048576,1048576,2097152,0.106,222298,32,256,4096,86,64,-inf,,-143.216806,-inf,-inf
1048576,1048576,2097152,0.106,222298,32,256,4096,86,65,-inf,,-145.454102,-inf,-inf
1048576,1048576,2097152,0.106,222298,32,256,4096,86,66,-inf,,-147.691331,-inf,-inf
1048576,1048576,2097152,0.106,222298,32,256,4096,86,67,-inf,,-149.928486,-inf,-inf
1048576,1048576,2097152,0.106,222298,32,256,4096,86,68,-inf,,-152.165557,-inf,-inf
1048576,1048576,2097152,0.106,222298,32,256,4096,86,69,-inf,,-154.402533,-inf,-inf
1048576,1048576,2097152,0.106,222298,32,256,4096,86,70,-inf,,-156.639403,-inf,-inf
1048576,1048576,2097152,0.106,222298,32,256,4096,86,71,-inf,,-158.876152,-inf,-inf
1048576,1048576,2097152,0.106,222298,32,256,4096,86,72,-inf,,-161.112767,-inf,-inf
1048576,1048576,2097152,0.106,222298,32,256,4096,86,73,-inf,,-163.349231,-inf,-inf
1048576,1048576,2097152,0.106,222298,32,256,4096,86,74,-inf,,-165.585524,-inf,-inf
1048576,1048576,2097152,0.106,222298,32,256,4096,86,75,-inf,,-167.821627,-inf,-inf
1048576,1048576,2097152,0.106,222298,32,256,4096,86,76,-inf,,-170.057515,-inf,-inf
1048576,1048576,2097152,0.106,222298,32,256,4096,86,77,-inf,,-172.293162,-inf,-inf
1048576,1048576,2097152,0.106,222298,32,256,4096,86,78,-inf,,-174.528540,-inf,-inf
1048576,1048576,2097152,0.106,222298,32,256,4096,86,79,-inf,,-176.763616,-inf,-inf
1048576,1048576,2097152,0.106,222298,32,256,4096,86,80,-inf,,-178.998353,-inf,-inf
1048576,1048576,2097152,0.106,222298,32,256,4096,86,81,-inf,,-181.232711,-inf,-inf
1048576,1048576,2097152,0.106,222298,32,256,4096,86,82,-inf,,-183.466646,-inf,-inf
1048576,1048576,2097152,0.106,222298,32,256,4096,86,83,-inf,,-185.700107,-inf,-inf
1048576,1048576,2097152,0.106,222298,32,256,4096,86,84,-inf,,-187.933039,-inf,-inf
1048576,1048576,2097152,0.106,222298,32,256,4096,86,85,-inf,,-190.165381,-inf,-inf
1048576,1048576,2097152,0.106,222298,32,256,4096,86,86,108.349199,0.352176111989,-192.397066,-84.047867,-84.047867
1048576,1048576,2097152,0.106,222298,32,256,4096,86,87,109.854830,0.352176111989,-194.628018,-84.773188,-83.365417
1048576,1048576,2097152,0.106,222298,32,256,4096,86,88,111.360462,0.352176111989,-196.858157,-85.497695,-83.068992
1048576,1048576,2097152,0.106,222298,32,256,4096,86,89,112.866093,0.352176111989,-199.087391,-86.221298,-82.915217
1048576,1048576,2097152,0.106,222298,32,256,4096,86,90,114.371724,0.352176111989,-201.315623,-86.943900,-82.829426
1048576,1048576,2097152,0.106,222298,32,256,4096,86,91,115.877355,0.352176111989,-203.542744,-87.665390,-82.779777
1048576,1048576,2097152,0.106,222298,32,256,4096,86,92,117.382986,0.352176111989,-205.768640,-88.385654,-82.750454
1048576,1048576,2097152,0.106,222298,32,256,4096,86,93,118.888617,0.352176111989,-207.993180,-89.104563,-82.732925
1048576,1048576,2097152,0.106,222298,32,256,4096,86,94,120.394248,0.352176111989,-210.216231,-89.821983,-82.722367
1048576,1048576,2097152,0.106,222298,32,256,4096,86,95,121.899879,0.352176111989,-212.437643,-90.537765,-82.715976
1048576,1048576,2097152,0.106,222298,32,256,4096,86,96,123.405510,0.352176111989,-214.657262,-91.251753,-82.712094
1048576,1048576,2097152,0.106,222298,32,256,4096,86,97,124.911141,0.352176111989,-216.874919,-91.963778,-82.709730
1048576,1048576,2097152,0.106,222298,32,256,4096,86,98,126.416772,0.352176111989,-219.090440,-92.673668,-82.708286
1048576,1048576,2097152,0.106,222298,32,256,4096,86,99,127.922403,0.352176111989,-221.303637,-93.381234,-82.707402
1048576,1048576,2097152,0.106,222298,32,256,4096,86,100,129.428034,0.352176111989,-223.514322,-94.086288,-82.706861
1048576,1048576,2097152,0.106,222298,32,256,4096,86,101,130.933665,0.352176111989,-225.722292,-94.788627,-82.706528
1048576,1048576,2097152,0.106,222298,32,256,4096,86,102,132.439296,0.352176111989,-227.927350,-95.488054,-82.706323
1048576,1048576,2097152,0.106,222298,32,256,4096,86,103,133.944927,0.352176111989,-230.129288,-96.184361,-82.706197
1048576,1048576,2097152,0.106,222298,32,256,4096,86,104,135.450558,0.352176111989,-232.327903,-96.877345,-82.706118
1048576,1048576,2097152,0.106,222298,32,256,4096,86,105,136.956189,0.352176111989,-234.522998,-97.566809,-82.706070
1048576,1048576,2097152,0.106,222298,32,256,4096,86,106,138.461820,0.352176111989,-236.714376,-98.252556,-82.706040
1048576,1048576,2097152,0.106,222298,32,256,4096,86,107,139.967451,0.352176111989,-238.901855,-98.934404,-82.706021
1048576,1048576,2097152,0.106,222298,32,256,4096,86,108,141.473082,0.352176111989,-241.085269,-99.612187,-82.706009
1048576,1048576,2097152,0.106,222298,32,256,4096,86,109,142.978713,0.352176111989,-243.264462,-100.285748,-82.706002
1048576,1048576,2097152,0.106,222298,32,256,4096,86,110,144.484344,0.352176111989,-245.439303,-100.954959,-82.705997
1048576,1048576,2097152,0.106,222298,32,256,4096,86,111,145.989975,0.352176111989,-247.609688,-101.619713,-82.705994
1048576,1048576,2097152,0.106,222298,32,256,4096,86,112,147.495606,0.352176111989,-249.775532,-102.279926,-82.705992
1048576,1048576,2097152,0.106,222298,32,256,4096,86,113,149.001238,0.352176111989,-251.936783,-102.935546,-82.705991
1048576,1048576,2097152,0.106,222298,32,256,4096,86,114,150.506869,0.352176111989,-254.093421,-103.586552,-82.705990
1048576,1048576,2097152,0.106,222298,32,256,4096,86,115,152.012500,0.352176111989,-256.245448,-104.232948,-82.705990
1048576,1048576,2097152,0.106,222298,32,256,4096,86,116,153.518131,0.352176111989,-258.392905,-104.874774,-82.705990
1048576,1048576,2097152,0.106,222298,32,256,4096,86,117,155.023762,0.352176111989,-260.535860,-105.512098,-82.705990
1048576,1048576,2097152,0.106,222298,32,256,4096,86,118,156.529393,0.352176111989,-262.674404,-106.145011,-82.705989
1048576,1048576,2097152,0.106,222298,32,256,4096,86,119,158.035024,0.352176111989,-264.808660,-106.773636,-82.705989
1048576,1048576,2097152,0.106,222298,32,256,4096,86,120,159.540655,0.352176111989,-266.938772,-107.398117,-82.705989
1048576,1048576,2097152,0.106,222298,32,256,4096,86,121,161.046286,0.352176111989,-269.064898,-108.018612,-82.705989
1048576,1048576,2097152,0.106,222298,32,256,4096,86,122,162.551917,0.352176111989,-271.187219,-108.635302,-82.705989
1048576,1048576,2097152,0.106,222298,32,256,4096,86,123,164.057548,0.352176111989,-273.305926,-109.248378,-82.705989
1048576,1048576,2097152,0.106,222298,32,256,4096,86,124,165.563179,0.352176111989,-275.421216,-109.858037,-82.705989
1048576,1048576,2097152,0.106,222298,32,256,4096,86,125,167.068810,0.352176111989,-277.533295,-110.464485,-82.705989
1048576,1048576,2097152,0.106,222298,32,256,4096,86,126,168.574441,0.352176111989,-279.642372,-111.067931,-82.705989
1048576,1048576,2097152,0.106,222298,32,256,4096,86,127,170.080072,0.352176111989,-281.748651,-111.668579,-82.705989
1048576,1048576,2097152,0.106,222298,32,256,4096,86,128,171.585703,0.352176111989,-283.852337,-112.266634,-82.705989
1048576,1048576,2097152,0.106,222298,32,256,4096,86,129,173.091334,0.352176111989,-285.953631,-112.862297,-82.705989
1048576,1048576,2097152,0.106,222298,32,256,4096,86,130,174.596965,0.352176111989,-288.052724,-113.455758,-82.705989
1048576,1048576,2097152,0.106,222298,32,256,4096,86,131,176.102596,0.352176111989,-290.149799,-114.047203,-82.705989
1048576,1048576,2097152,0.106,222298,32,256,4096,86,132,177.608227,0.352176111989,-292.245035,-114.636808,-82.705989
1048576,1048576,2097152,0.106,222298,32,256,4096,86,133,179.113858,0.352176111989,-294.338595,-115.224737,-82.705989
1048576,1048576,2097152,0.106,222298,32,256,4096,86,134,180.619489,0.352176111989,-296.430636,-115.811146,-82.705989
1048576,1048576,2097152,0.106,222298,32,256,4096,86,135,182.125120,0.352176111989,-298.521304,-116.396183,-82.705989
1048576,1048576,2097152,0.106,222298,32,256,4096,86,136,183.630751,0.352176111989,-300.610733,-116.979982,-82.705989
1048576,1048576,2097152,0.106,222298,32,256,4096,86,137,185.136382,0.352176111989,-302.699049,-117.562667,-82.705989
1048576,1048576,2097152,0.106,222298,32,256,4096,86,138,186.642014,0.352176111989,-304.786369,-118.144355,-82.705989
1048576,1048576,2097152,0.106,222298,32,256,4096,86,139,188.147645,0.352176111989,-306.872797,-118.725152,-82.705989
1048576,1048576,2097152,0.106,222298,32,256,4096,86,140,189.653276,0.352176111989,-308.958431,-119.305155,-82.705989
1048576,1048576,2097152,0.106,222298,32,256,4096,86,141,191.158907,0.352176111989,-311.043360,-119.884453,-82.705989
1048576,1048576,2097152,0.106,222298,32,256,4096,86,142,192.664538,0.352176111989,-313.127665,-120.463127,-82.705989
1048576,1048576,2097152,0.106,222298,32,256,4096,86,143,194.170169,0.352176111989,-315.211418,-121.041250,-82.705989
1048576,1048576,2097152,0.106,222298,32,256,4096,86,144,195.675800,0.352176111989,-317.294688,-121.618888,-82.705989
1048576,1048576,2097152,0.106,222298,32,256,4096,86,145,197.181431,0.352176111989,-319.377534,-122.196103,-82.705989
1048576,1048576,2097152,0.106,222298,32,256,4096,86,146,198.687062,0.352176111989,-321.460010,-122.772948,-82.705989
1048576,1048576,2097152,0.106,222298,32,256,4096,86,147,200.192693,0.352176111989,-323.542166,-123.349473,-82.705989
1048576,1048576,2097152,0.106,222298,32,256,4096,86,148,201.698324,0.352176111989,-325.624045,-123.925721,-82.705989
1048576,1048576,2097152,0.106,222298,32,256,4096,86,149,203.203955,0.352176111989,-327.705688,-124.501733,-82.705989
1048576,1048576,2097152,0.106,222298,32,256,4096,86,150,204.709586,0.352176111989,-329.787131,-125.077545,-82.705989
1048576,1048576,2097152,0.106,222298,32,256,4096,86,151,206.215217,0.352176111989,-331.868404,-125.653187,-82.705989
1048576,1048576,2097152,0.106,222298,32,256,4096,86,152,207.720848,0.352176111989,-333.949538,-126.228690,-82.705989
1048576,1048576,2097152,0.106,222298,32,256,4096,86,153,209.226479,0.352176111989,-336.030557,-126.804078,-82.705989
1048576,1048576,2097152,0.106,222298,32,256,4096,86,154,210.732110,0.352176111989,-338.111485,-127.379375,-82.705989
1048576,1048576,2097152,0.106,222298,32,256,4096,86,155,212.237741,0.352176111989,-340.192342,-127.954601,-82.705989
1048576,1048576,2097152,0.106,222298,32,256,4096,86,156,213.743372,0.352176111989,-342.273146,-128.529774,-82.705989
1048576,1048576,2097152,0.106,222298,32,256,4096,86,157,215.249003,0.352176111989,-344.353915,-129.104911,-82.705989
1048576,1048576,2097152,0.106,222298,32,256,4096,86,158,216.754634,0.352176111989,-346.434661,-129.680026,-82.705989
1048576,1048576,2097152,0.106,222298,32,256,4096,86,159,218.260265,0.352176111989,-348.515398,-130.255132,-82.705989
1048576,1048576,2097152,0.106,222298,32,256,4096,86,160,219.765896,0.352176111989,-350.596137,-130.830241,-82.705989
1048576,1048576,2097152,0.106,222298,32,256,4096,86,161,221.271527,0.352176111989,-352.676889,-131.405362,-82.705989
1048576,1048576,2097152,0.106,222298,32,256,4096,86,162,222.777158,0.352176111989,-354.757663,-131.980504,-82.705989
1048576,1048576,2097152,0.106,222298,32,256,4096,86,163,224.282790,0.352176111989,-356.838466,-132.555676,-82.705989
1048576,1048576,2097152,0.106,222298,32,256,4096,86,164,225.782218,0.395431832347,-358.919305,-133.137087,-82.705989
1048576,1048576,2097152,0.106,222298,32,256,4096,86,165,227.120717,0.395431832347,-361.000187,-133.879470,-82.705989
1048576,1048576,2097152,0.106,222298,32,256,4096,86,166,228.459216,0.395431832347,-363.081117,-134.621901,-82.705989
1048576,1048576,2097152,0.106,222298,32,256,4096,86,167,229.797715,0.395431832347,-365.162100,-135.364385,-82.705989
1048576,1048576,2097152,0.106,222298,32,256,4096,86,168,231.136214,0.395431832347,-367.243139,-136.106925,-82.705989
1048576,1048576,2097152,0.106,222298,32,256,4096,86,169,232.474713,0.395431832347,-369.324239,-136.849526,-82.705989
1048576,1048576,2097152,0.106,222298,32,256,4096,86,170,233.813212,0.395431832347,-371.405403,-137.592191,-82.705989
1048576,1048576,2097152,0.106,222298,32,256,4096,86,171,235.151711,0.395431832347,-373.486633,-138.334922,-82.705989
1048576,1048576,2097152,0.106,222298,32,256,4096,86,172,236.490211,0.395431832347,-375.567932,-139.077721,-82.705989
1048576,1048576,2097152,0.106,222298,32,256,4096,86,173,237.828710,0.395431832347,-377.649301,-139.820592,-82.705989
1048576,1048576,2097152,0.106,222298,32,256,4096,86,174,239.167209,0.395431832347,-379.730743,-140.563534,-82.705989
1048576,1048576,2097152,0.106,222298,32,256,4096,86,175,240.505708,0.395431832347,-381.812258,-141.306551,-82.705989
1048576,1048576,2097152,0.106,222298,32,256,4096,86,176,241.844207,0.395431832347,-383.893849,-142.049642,-82.705989
1048576,1048576,2097152,0.106,222298,32,256,4096,86,177,243.182706,0.395431832347,-385.975515,-142.792809,-82.705989
1048576,1048576,2097152,0.106,222298,32,256,4096,86,178,244.521205,0.395431832347,-388.057258,-143.536053,-82.705989
1048576,1048576,2097152,0.106,222298,32,256,4096,86,179,245.859704,0.395431832347,-390.139078,-144.279374,-82.705989
1048576,1048576,2097152,0.106,222298,32,256,4096,86,180,247.198203,0.395431832347,-392.220977,-145.022773,-82.705989
1048576,1048576,2097152,0.106,222298,32,256,4096,86,181,248.536702,0.395431832347,-394.302953,-145.766251,-82.705989
1048576,1048576,2097152,0.106,222298,32,256,4096,86,182,249.875201,0.395431832347,-396.385007,-146.509806,-82.705989
1048576,1048576,2097152,0.106,222298,32,256,4096,86,183,251.213700,0.395431832347,-398.467140,-147.253440,-82.705989
1048576,1048576,2097152,0.106,222298,32,256,4096,86,184,252.552200,0.395431832347,-400.549352,-147.997152,-82.705989
1048576,1048576,2097152,0.106,222298,32,256,4096,86,185,253.890699,0.395431832347,-402.631641,-148.740943,-82.705989
1048576,1048576,2097152,0.106,222298,32,256,4096,86,186,255.229198,0.395431832347,-404.714009,-149.484812,-82.705989
1048576,1048576,2097152,0.106,222298,32,256,4096,86,187,256.567697,0.395431832347,-406.796455,-150.228759,-82.705989
1048576,1048576,2097152,0.106,222298,32,256,4096,86,188,257.906196,0.395431832347,-408.878979,-150.972783,-82.705989
1048576,1048576,2097152,0.106,222298,32,256,4096,86,189,259.244695,0.395431832347,-410.961581,-151.716886,-82.705989
1048576,1048576,2097152,0.106,222298,32,256,4096,86,190,260.583194,0.395431832347,-413.044259,-152.461065,-82.705989
1048576,1048576,2097152,0.106,222298,32,256,4096,86,191,261.921693,0.395431832347,-415.127014,-153.205321,-82.705989
1048576,1048576,2097152,0.106,222298,32,256,4096,86,192,263.260192,0.395431832347,-417.209846,-153.949654,-82.705989
1048576,1048576,2097152,0.106,222298,32,256,4096,86,193,264.598691,0.395431832347,-419.292754,-154.694062,-82.705989
1048576,1048576,2097152,0.106,222298,32,256,4096,86,194,265.937190,0.395431832347,-421.375737,-155.438546,-82.705989
1048576,1048576,2097152,0.106,222298,32,256,4096,86,195,267.275689,0.395431832347,-423.458795,-156.183105,-82.705989
1048576,1048576,2097152,0.106,222298,32,256,4096,86,196,268.614188,0.395431832347,-425.541927,-156.927739,-82.705989
1048576,1048576,2097152,0.106,222298,32,256,4096,86,197,269.952688,0.395431832347,-427.625134,-157.672446,-82.705989
1048576,1048576,2097152,0.106,222298,32,256,4096,86,198,271.291187,0.395431832347,-429.708413,-158.417227,-82.705989
1048576,1048576,2097152,0.106,222298,32,256,4096,86,199,272.629686,0.395431832347,-431.791766,-159.162080,-82.705989
1048576,1048576,2097152,0.106,222298,32,256,4096,86,200,273.968185,0.395431832347,-433.875191,-159.907006,-82.705989
1048576,1048576,2097152,0.106,222298,32,256,4096,86,201,275.306684,0.395431832347,-435.958688,-160.652004,-82.705989
1048576,1048576,2097152,0.106,222298,32,256,4096,86,202,276.645183,0.395431832347,-438.042256,-161.397073,-82.705989
1048576,1048576,2097152,0.106,222298,32,256,4096,86,203,277.983682,0.395431832347,-440.125895,-162.142213,-82.705989
1048576,1048576,2097152,0.106,222298,32,256,4096,86,204,279.322181,0.395431832347,-442.209604,-162.887423,-82.705989
1048576,1048576,2097152,0.106,222298,32,256,4096,86,205,280.660680,0.395431832347,-444.293383,-163.632703,-82.705989
1048576,1048576,2097152,0.106,222298,32,256,4096,86,206,281.999179,0.395431832347,-446.377230,-164.378051,-82.705989
1048576,1048576,2097152,0.106,222298,32,256,4096,86,207,283.337678,0.395431832347,-448.461146,-165.123468,-82.705989
1048576,1048576,2097152,0.106,222298,32,256,4096,86,208,284.676177,0.395431832347,-450.545130,-165.868953,-82.705989
1048576,1048576,2097152,0.106,222298,32,256,4096,86,209,286.014677,0.395431832347,-452.629181,-166.614505,-82.705989
1048576,1048576,2097152,0.106,222298,32,256,4096,86,210,287.353176,0.395431832347,-454.713299,-167.360124,-82.705989
1048576,1048576,2097152,0.106,222298,32,256,4096,86,211,288.691675,0.395431832347,-456.797483,-168.105809,-82.705989
1048576,1048576,2097152,0.106,222298,32,256,4096,86,212,290.030174,0.395431832347,-458.881733,-168.851559,-82.705989
1048576,1048576,2097152,0.106,222298,32,256,4096,86,213,291.368673,0.395431832347,-460.966048,-169.597375,-82.705989
1048576,1048576,2097152,0.106,222298,32,256,4096,86,214,292.707172,0.395431832347,-463.050428,-170.343256,-82.705989
1048576,1048576,2097152,0.106,222298,32,256,4096,86,215,294.045671,0.395431832347,-465.134871,-171.089200,-82.705989
1048576,1048576,2097152,0.106,222298,32,256,4096,86,216,295.384170,0.395431832347,-467.219378,-171.835208,-82.705989
1048576,1048576,2097152,0.106,222298,32,256,4096,86,217,296.722669,0.395431832347,-469.303948,-172.581279,-82.705989
1048576,1048576,2097152,0.106,222298,32,256,4096,86,218,298.061168,0.395431832347,-471.388581,-173.327412,-82.705989
1048576,1048576,2097152,0.106,222298,32,256,4096,86,219,299.399667,0.395431832347,-473.473275,-174.073607,-82.705989
1048576,1048576,2097152,0.106,222298,32,256,4096,86,220,300.738166,0.395431832347,-475.558031,-174.819864,-82.705989
1048576,1048576,2097152,0.106,222298,32,256,4096,88,1,-inf,,-2.237843,-inf,-inf
1048576,1048576,2097152,0.106,222298,32,256,4096,88,2,-inf,,-4.475684,-inf,-inf
1048576,1048576,2097152,0.106,222298,32,256,4096,88,3,-inf,,-6.713526,-inf,-inf
1048576,1048576,2097152,0.106,222298,32,256,4096,88,4,-inf,,-8.951366,-inf,-inf
1048576,1048576,2097152,0.106,222298,32,256,4096,88,5,-inf,,-11.189206,-inf,-inf
1048576,1048576,2097152,0.106,222298,32,256,4096,88,6,-inf,,-13.427045,-inf,-inf
1048576,1048576,2097152,0.106,222298,32,256,4096,88,7,-inf,,-15.664883,-inf,-inf
1048576,1048576,2097152,0.106,222298,32,256,4096,88,8,-inf,,-17.902721,-inf,-inf
1048576,1048576,2097152,0.106,222298,32,256,4096,88,9,-inf,,-20.140558,-inf,-inf
1048576,1048576,2097152,0.106,222298,32,256,4096,88,10,-inf,,-22.378394,-inf,-inf
1048576,1048576,2097152,0.106,222298,32,256,4096,88,11,-inf,,-24.616229,-inf,-inf
1048576,1048576,2097152,0.106,222298,32,256,4096,88,12,-inf,,-26.854064,-inf,-inf
1048576,1048576,2097152,0.106,222298,32,256,4096,88,13,-inf,,-29.091897,-inf,-inf
1048576,1048576,2097152,0.106,222298,32,256,4096,88,14,-inf,,-31.329731,-inf,-inf
1048576,1048576,2097152,0.106,222298,32,256,4096,88,15,-inf,,-33.567563,-inf,-inf
1048576,1048576,2097152,0.106,222298,32,256,4096,88,16,-inf,,-35.805394,-inf,-inf
1048576,1048576,2097152,0.106,222298,32,256,4096,88,17,-inf,,-38.043225,-inf,-inf
1048576,1048576,2097152,0.106,222298,32,256,4096,88,18,-inf,,-40.281055,-inf,-inf
1048576,1048576,2097152,0.106,222298,32,256,4096,88,19,-inf,,-42.518884,-inf,-inf
1048576,1048576,2097152,0.106,222298,32,256,4096,88,20,-inf,,-44.756712,-inf,-inf
1048576,1048576,2097152,0.106,222298,32,256,4096,88,21,-inf,,-46.994540,-inf,-inf
1048576,1048576,2097152,0.106,222298,32,256,4096,88,22,-inf,,-49.232366,-inf,-inf
1048576,1048576,2097152,0.106,222298,32,256,4096,88,23,-inf,,-51.470191,-inf,-inf
1048576,1048576,2097152,0.106,222298,32,256,4096,88,24,-inf,,-53.708016,-inf,-inf
1048576,1048576,2097152,0.106,222298,32,256,4096,88,25,-inf,,-55.945839,-inf,-inf
1048576,1048576,2097152,0.106,222298,32,256,4096,88,26,-inf,,-58.183662,-inf,-inf
1048576,1048576,2097152,0.106,222298,32,256,4096,88,27,-inf,,-60.421483,-inf,-inf
1048576,1048576,2097152,0.106,222298,32,256,4096,88,28,-inf,,-62.659303,-inf,-inf
1048576,1048576,2097152,0.106,222298,32,256,4096,88,29,-inf,,-64.897122,-inf,-inf
1048576,1048576,2097152,0.106,222298,32,256,4096,88,30,-inf,,-67.134939,-inf,-inf
1048576,1048576,2097152,0.106,222298,32,256,4096,88,31,-inf,,-69.372755,-inf,-inf
1048576,1048576,2097152,0.106,222298,32,256,4096,88,32,-inf,,-71.610569,-inf,-inf
1048576,1048576,2097152,0.106,222298,32,256,4096,88,33,-inf,,-73.848382,-inf,-inf
1048576,1048576,2097152,0.106,222298,32,256,4096,88,34,-inf,,-76.086193,-inf,-inf
1048576,1048576,2097152,0.106,222298,32,256,4096,88,35,-inf,,-78.324002,-inf,-inf
1048576,1048576,2097152,0.106,222298,32,256,4096,88,36,-inf,,-80.561808,-inf,-inf
1048576,1048576,2097152,0.106,222298,32,256,4096,88,37,-inf,,-82.799612,-inf,-inf
1048576,1048576,2097152,0.106,222298,32,256,4096,88,38,-inf,,-85.037414,-inf,-inf
1048576,1048576,2097152,0.106,222298,32,256,4096,88,39,-inf,,-87.275213,-inf,-inf
1048576,1048576,2097152,0.106,222298,32,256,4096,88,40,-inf,,-89.513008,-inf,-inf
1048576,1048576,2097152,0.106,222298,32,256,4096,88,41,-inf,,-91.750800,-inf,-inf
1048576,1048576,2097152,0.106,222298,32,256,4096,88,42,-inf,,-93.988588,-inf,-inf
1048576,1048576,2097152,0.106,222298,32,256,4096,88,43,-inf,,-96.226371,-inf,-inf
1048576,1048576,2097152,0.106,222298,32,256,4096,88,44,-inf,,-98.464149,-inf,-inf
1048576,1048576,2097152,0.106,222298,32,256,4096,88,45,-inf,,-100.701922,-inf,-inf
1048576,1048576,2097152,0.106,222298,32,256,4096,88,46,-inf,,-102.939689,-inf,-inf
1048576,1048576,2097152,0.106,222298,32,256,4096,88,47,-inf,,-105.177448,-inf,-inf
1048576,1048576,2097152,0.106,222298,32,256,4096,88,48,-inf,,-107.415200,-inf,-inf
1048576,1048576,2097152,0.106,222298,32,256,4096,88,49,-inf,,-109.652943,-inf,-inf
1048576,1048576,2097152,0.106,222298,32,256,4096,88,50,-inf,,-111.890676,-inf,-inf
1048576,1048576,2097152,0.106,222298,32,256,4096,88,51,-inf,,-114.128398,-inf,-inf
1048576,1048576,2097152,0.106,222298,32,256,4096,88,52,-inf,,-116.366107,-inf,-inf
1048576,1048576,2097152,0.106,222298,32,256,4096,88,53,-inf,,-118.603803,-inf,-inf
1048576,1048576,2097152,0.106,222298,32,256,4096,88,54,-inf,,-120.841482,-inf,-inf
1048576,1048576,2097152,0.106,222298,32,256,4096,88,55,-inf,,-123.079144,-inf,-inf
1048576,1048576,2097152,0.106,222298,32,256,4096,88,56,-inf,,-125.316785,-inf,-inf
1048576,1048576,2097152,0.106,222298,32,256,4096,88,57,-inf,,-127.554404,-inf,-inf
1048576,1048576,2097152,0.106,222298,32,256,4096,88,58,-inf,,-129.791997,-inf,-inf
1048576,1048576,2097152,0.106,222298,32,256,4096,88,59,-inf,,-132.029562,-inf,-inf
1048576,1048576,2097152,0.106,222298,32,256,4096,88,60,-inf,,-134.267094,-inf,-inf
1048576,1048576,2097152,0.106,222298,32,256,4096,88,61,-inf,,-136.504589,-inf,-inf
1048576,1048576,2097152,0.106,222298,32,256,4096,88,62,-inf,,-138.742043,-inf,-inf
1048576,1048576,2097152,0.106,222298,32,256,4096,88,63,-inf,,-140.979450,-inf,-inf
1048576,1048576,2097152,0.106,222298,32,256,4096,88,64,-inf,,-143.216806,-inf,-inf
1048576,1048576,2097152,0.106,222298,32,256,4096,88,65,-inf,,-145.454102,-inf,-inf
1048576,1048576,2097152,0.106,222298,32,256,4096,88,66,-inf,,-147.691331,-inf,-inf
1048576,1048576,2097152,0.106,222298,32,256,4096,88,67,-inf,,-149.928486,-inf,-inf
1048576,1048576,2097152,0.106,222298,32,256,4096,88,68,-inf,,-152.165557,-inf,-inf
1048576,1048576,2097152,0.106,222298,32,256,4096,88,69,-inf,,-154.402533,-inf,-inf
1048576,1048576,2097152,0.106,222298,32,256,4096,88,70,-inf,,-156.639403,-inf,-inf
1048576,1048576,2097152,0.106,222298,32,256,4096,88,71,-inf,,-158.876152,-inf,-inf
1048576,1048576,2097152,0.106,222298,32,256,4096,88,72,-inf,,-161.112767,-inf,-inf
1048576,1048576,2097152,0.106,222298,32,256,4096,88,73,-inf,,-163.349231,-inf,-inf
1048576,1048576,2097152,0.106,222298,32,256,4096,88,74,-inf,,-165.585524,-inf,-inf
1048576,1048576,2097152,0.106,222298,32,256,4096,88,75,-inf,,-167.821627,-inf,-inf
1048576,1048576,2097152,0.106,222298,32,256,4096,88,76,-inf,,-170.057515,-inf,-inf
1048576,1048576,2097152,0.106,222298,32,256,4096,88,77,-inf,,-172.293162,-inf,-inf
1048576,1048576,2097152,0.106,222298,32,256,4096,88,78,-inf,,-174.528540,-inf,-inf
1048576,1048576,2097152,0.106,222298,32,256,4096,88,79,-inf,,-176.763616,-inf,-inf
1048576,1048576,2097152,0.106,222298,32,256,4096,88,80,-inf,,-178.998353,-inf,-inf
1048576,1048576,2097152,0.106,222298,32,256,4096,88,81,-inf,,-181.232711,-inf,-inf
1048576,1048576,2097152,0.106,222298,32,256,4096,88,82,-inf,,-183.466646,-inf,-inf
1048576,1048576,2097152,0.106,222298,32,256,4096,88,83,-inf,,-185.700107,-inf,-inf
1048576,1048576,2097152,0.106,222298,32,256,4096,88,84,-inf,,-187.933039,-inf,-inf
1048576,1048576,2097152,0.106,222298,32,256,4096,88,85,-inf,,-190.165381,-inf,-inf
1048576,1048576,2097152,0.106,222298,32,256,4096,88,86,-inf,,-192.397066,-inf,-inf
1048576,1048576,2097152,0.106,222298,32,256,4096,88,87,-inf,,-194.628018,-inf,-inf
1048576,1048576,2097152,0.106,222298,32,256,4096,88,88,111.360462,0.352176111989,-196.858157,-85.497695,-85.497695
1048576,1048576,2097152,0.106,222298,32,256,4096,88,89,112.866093,0.352176111989,-199.087391,-86.221298,-84.814598
1048576,1048576,2097152,0.106,222298,32,256,4096,88,90,114.371724,0.352176111989,-201.315623,-86.943900,-84.517620
1048576,1048576,2097152,0.106,222298,32,256,4096,88,91,115.877355,0.352176111989,-203.542744,-87.665390,-84.363386
1048576,1048576,2097152,0.106,222298,32,256,4096,88,92,117.382986,0.352176111989,-205.768640,-88.385654,-84.277223
1048576,1048576,2097152,0.106,222298,32,256,4096,88,93,118.888617,0.352176111989,-207.993180,-89.104563,-84.227282
1048576,1048576,2097152,0.106,222298,32,256,4096,88,94,120.394248,0.352176111989,-210.216231,-89.821983,-84.197733
1048576,1048576,2097152,0.106,222298,32,256,4096,88,95,121.899879,0.352176111989,-212.437643,-90.537765,-84.180033
1048576,1048576,2097152,0.106,222298,32,256,4096,88,96,123.405510,0.352176111989,-214.657262,-91.251753,-84.169348
1048576,1048576,2097152,0.106,222298,32,256,4096,88,97,124.911141,0.352176111989,-216.874919,-91.963778,-84.162864
1048576,1048576,2097152,0.106,222298,32,256,4096,88,98,126.416772,0.352176111989,-219.090440,-92.673668,-84.158914
1048576,1048576,2097152,0.106,222298,32,256,4096,88,99,127.922403,0.352176111989,-221.303637,-93.381234,-84.156501
1048576,1048576,2097152,0.106,222298,32,256,4096,88,100,129.428034,0.352176111989,-223.514322,-94.086288,-84.155023
1048576,1048576,2097152,0.106,222298,32,256,4096,88,101,130.933665,0.352176111989,-225.722292,-94.788627,-84.154115
1048576,1048576,2097152,0.106,222298,32,256,4096,88,102,132.439296,0.352176111989,-227.927350,-95.488054,-84.153556
1048576,1048576,2097152,0.106,222298,32,256,4096,88,103,133.944927,0.352176111989,-230.129288,-96.184361,-84.153211
1048576,1048576,2097152,0.106,222298,32,256,4096,88,104,135.450558,0.352176111989,-232.327903,-96.877345,-84.152998
1048576,1048576,2097152,0.106,222298,32,256,4096,88,105,136.956189,0.352176111989,-234.522998,-97.566809,-84.152866
1048576,1048576,2097152,0.106,222298,32,256,4096,88,106,138.461820,0.352176111989,-236.714376,-98.252556,-84.152784
1048576,1048576,2097152,0.106,222298,32,256,4096,88,107,139.967451,0.352176111989,-238.901855,-98.934404,-84.152732
1048576,1048576,2097152,0.106,222298,32,256,4096,88,108,141.473082,0.352176111989,-241.085269,-99.612187,-84.152700
1048576,1048576,2097152,0.106,222298,32,256,4096,88,109,142.978713,0.352176111989,-243.264462,-100.285748,-84.152680
1048576,1048576,2097152,0.106,222298,32,256,4096,88,110,144.484344,0.352176111989,-245.439303,-100.954959,-84.152668
1048576,1048576,2097152,0.106,222298,32,256,4096,88,111,145.989975,0.352176111989,-247.609688,-101.619713,-84.152660
1048576,1048576,2097152,0.106,222298,32,256,4096,88,112,147.495606,0.352176111989,-249.775532,-102.279926,-84.152655
1048576,1048576,2097152,0.106,222298,32,256,4096,88,113,149.001238,0.352176111989,-251.936783,-102.935546,-84.152652
1048576,1048576,2097152,0.106,222298,32,256,4096,88,114,150.506869,0.352176111989,-254.093421,-103.586552,-84.152649
1048576,1048576,2097152,0.106,222298,32,256,4096,88,115,152.012500,0.352176111989,-256.245448,-104.232948,-84.152648
1048576,1048576,2097152,0.106,222298,32,256,4096,88,116,153.518131,0.352176111989,-258.392905,-104.874774,-84.152647
1048576,1048576,2097152,0.106,222298,32,256,4096,88,117,155.023762,0.352176111989,-260.535860,-105.512098,-84.152647
1048576,1048576,2097152,0.106,222298,32,256,4096,88,118,156.529393,0.352176111989,-262.674404,-106.145011,-84.152646
1048576,1048576,2097152,0.106,222298,32,256,4096,88,119,158.035024,0.352176111989,-264.808660,-106.773636,-84.152646
1048576,1048576,2097152,0.106,222298,32,256,4096,88,120,159.540655,0.352176111989,-266.938772,-107.398117,-84.152646
1048576,1048576,2097152,0.106,222298,32,256,4096,88,121,161.046286,0.352176111989,-269.064898,-108.018612,-84.152646
1048576,1048576,2097152,0.106,222298,32,256,4096,88,122,162.551917,0.352176111989,-271.187219,-108.635302,-84.152646
1048576,1048576,2097152,0.106,222298,32,256,4096,88,123,164.057548,0.352176111989,-273.305926,-109.248378,-84.152646
1048576,1048576,2097152,0.106,222298,32,256,4096,88,124,165.563179,0.352176111989,-275.421216,-109.858037,-84.152646
1048576,1048576,2097152,0.106,222298,32,256,4096,88,125,167.068810,0.352176111989,-277.533295,-110.464485,-84.152646
1048576,1048576,2097152,0.106,222298,32,256,4096,88,126,168.574441,0.352176111989,-279.642372,-111.067931,-84.152646
1048576,1048576,2097152,0.106,222298,32,256,4096,88,127,170.080072,0.352176111989,-281.748651,-111.668579,-84.152646
1048576,1048576,2097152,0.106,222298,32,256,4096,88,128,171.585703,0.352176111989,-283.852337,-112.266634,-84.152646
1048576,1048576,2097152,0.106,222298,32,256,4096,88,129,173.091334,0.352176111989,-285.953631,-112.862297,-84.152646
1048576,1048576,2097152,0.106,222298,32,256,4096,88,130,174.596965,0.352176111989,-288.052724,-113.455758,-84.152646
1048576,1048576,2097152,0.106,222298,32,256,4096,88,131,176.102596,0.352176111989,-290.149799,-114.047203,-84.152646
1048576,1048576,2097152,0.106,222298,32,256,4096,88,132,177.608227,0.352176111989,-292.245035,-114.636808,-84.152646
1048576,1048576,2097152,0.106,222298,32,256,4096,88,133,179.113858,0.352176111989,-294.338595,-115.224737,-84.152646
1048576,1048576,2097152,0.106,222298,32,256,4096,88,134,180.619489,0.352176111989,-296.430636,-115.811146,-84.152646
1048576,1048576,2097152,0.106,222298,32,256,4096,88,135,182.125120,0.352176111989,-298.521304,-116.396183,-84.152646
1048576,1048576,2097152,0.106,222298,32,256,4096,88,136,183.630751,0.352176111989,-300.610733,-116.979982,-84.152646
1048576,1048576,2097152,0.106,222298,32,256,4096,88,137,185.136382,0.352176111989,-302.699049,-117.562667,-84.152646
1048576,1048576,2097152,0.106,222298,32,256,4096,88,138,186.642014,0.352176111989,-304.786369,-118.144355,-84.152646
1048576,1048576,2097152,0.106,222298,32,256,4096,88,139,188.147645,0.352176111989,-306.872797,-118.725152,-84.152646
1048576,1048576,2097152,0.106,222298,32,256,4096,88,140,189.653276,0.352176111989,-308.958431,-119.305155,-84.152646
1048576,1048576,2097152,0.106,222298,32,256,4096,88,141,191.158907,0.352176111989,-311.043360,-119.884453,-84.152646
1048576,1048576,2097152,0.106,222298,32,256,4096,88,142,192.664538,0.352176111989,-313.127665,-120.463127,-84.152646
1048576,1048576,2097152,0.106,222298,32,256,4096,88,143,194.170169,0.352176111989,-315.211418,-121.041250,-84.152646
1048576,1048576,2097152,0.106,222298,32,256,4096,88,144,195.675800,0.352176111989,-317.294688,-121.618888,-84.152646
1048576,1048576,2097152,0.106,222298,32,256,4096,88,145,197.181431,0.352176111989,-319.377534,-122.196103,-84.152646
1048576,1048576,2097152,0.106,222298,32,256,4096,88,146,198.687062,0.352176111989,-321.460010,-122.772948,-84.152646
1048576,1048576,2097152,0.106,222298,32,256,4096,88,147,200.192693,0.352176111989,-323.542166,-123.349473,-84.152646
1048576,1048576,2097152,0.106,222298,32,256,4096,88,148,201.698324,0.352176111989,-325.624045,-123.925721,-84.152646
1048576,1048576,2097152,0.106,222298,32,256,4096,88,149,203.203955,0.352176111989,-327.705688,-124.501733,-84.152646
1048576,1048576,2097152,0.106,222298,32,256,4096,88,150,204.709586,0.352176111989,-329.787131,-125.077545,-84.152646
1048576,1048576,2097152,0.106,222298,32,256,4096,88,151,206.215217,0.352176111989,-331.868404,-125.653187,-84.152646
1048576,1048576,2097152,0.106,222298,32,256,4096,88,152,207.720848,0.352176111989,-333.949538,-126.228690,-84.152646
1048576,1048576,2097152,0.106,222298,32,256,4096,88,153,209.226479,0.352176111989,-336.030557,-126.804078,-84.152646
1048576,1048576,2097152,0.106,222298,32,256,4096,88,154,210.732110,0.352176111989,-338.111485,-127.379375,-84.152646
1048576,1048576,2097152,0.106,222298,32,256,4096,88,155,212.237741,0.352176111989,-340.192342,-127.954601,-84.152646
1048576,1048576,2097152,0.106,222298,32,256,4096,88,156,213.743372,0.352176111989,-342.273146,-128.529774,-84.152646
1048576,1048576,2097152,0.106,222298,32,256,4096,88,157,215.249003,0.352176111989,-344.353915,-129.104911,-84.152646
1048576,1048576,2097152,0.106,222298,32,256,4096,88,158,216.754634,0.352176111989,-346.434661,-129.680026,-84.152646
1048576,1048576,2097152,0.106,222298,32,256,4096,88,159,218.260265,0.352176111989,-348.515398,-130.255132,-84.152646
1048576,1048576,2097152,0.106,222298,32,256,4096,88,160,219.765896,0.352176111989,-350.596137,-130.830241,-84.152646
1048576,1048576,2097152,0.106,222298,32,256,4096,88,161,221.271527,0.352176111989,-352.676889,-131.405362,-84.152646
1048576,1048576,2097152,0.106,222298,32,256,4096,88,162,222.777158,0.352176111989,-354.757663,-131.980504,-84.152646
1048576,1048576,2097152,0.106,222298,32,256,4096,88,163,224.282790,0.352176111989,-356.838466,-132.555676,-84.152646
1048576,1048576,2097152,0.106,222298,32,256,4096,88,164,225.782218,0.395431832347,-358.919305,-133.137087,-84.152646
1048576,1048576,2097152,0.106,222298,32,256,4096,88,165,227.120717,0.395431832347,-361.000187,-133.879470,-84.152646
1048576,1048576,2097152,0.106,222298,32,256,4096,88,166,228.459216,0.395431832347,-363.081117,-134.621901,-84.152646
1048576,1048576,2097152,0.106,222298,32,256,4096,88,167,229.797715,0.395431832347,-365.162100,-135.364385,-84.152646
1048576,1048576,2097152,0.106,222298,32,256,4096,88,168,231.136214,0.395431832347,-367.243139,-136.106925,-84.152646
1048576,1048576,2097152,0.106,222298,32,256,4096,88,169,232.474713,0.395431832347,-369.324239,-136.849526,-84.152646
1048576,1048576,2097152,0.106,222298,32,256,4096,88,170,233.813212,0.395431832347,-371.405403,-137.592191,-84.152646
1048576,1048576,2097152,0.106,222298,32,256,4096,88,171,235.151711,0.395431832347,-373.486633,-138.334922,-84.152646
1048576,1048576,2097152,0.106,222298,32,256,4096,88,172,236.490211,0.395431832347,-375.567932,-139.077721,-84.152646
1048576,1048576,2097152,0.106,222298,32,256,4096,88,173,237.828710,0.395431832347,-377.649301,-139.820592,-84.152646
1048576,1048576,2097152,0.106,222298,32,256,4096,88,174,239.167209,0.395431832347,-379.730743,-140.563534,-84.152646
1048576,1048576,2097152,0.106,222298,32,256,4096,88,175,240.505708,0.395431832347,-381.812258,-141.306551,-84.152646
1048576,1048576,2097152,0.106,222298,32,256,4096,88,176,241.844207,0.395431832347,-383.893849,-142.049642,-84.152646
1048576,1048576,2097152,0.106,222298,32,256,4096,88,177,243.182706,0.395431832347,-385.975515,-142.792809,-84.152646
1048576,1048576,2097152,0.106,222298,32,256,4096,88,178,244.521205,0.395431832347,-388.057258,-143.536053,-84.152646
1048576,1048576,2097152,0.106,222298,32,256,4096,88,179,245.859704,0.395431832347,-390.139078,-144.279374,-84.152646
1048576,1048576,2097152,0.106,222298,32,256,4096,88,180,247.198203,0.395431832347,-392.220977,-145.022773,-84.152646
1048576,1048576,2097152,0.106,222298,32,256,4096,88,181,248.536702,0.395431832347,-394.302953,-145.766251,-84.152646
1048576,1048576,2097152,0.106,222298,32,256,4096,88,182,249.875201,0.395431832347,-396.385007,-146.509806,-84.152646
1048576,1048576,2097152,0.106,222298,32,256,4096,88,183,251.213700,0.395431832347,-398.467140,-147.253440,-84.152646
1048576,1048576,2097152,0.106,222298,32,256,4096,88,184,252.552199,0.395431832347,-400.549352,-147.997152,-84.152646
1048576,1048576,2097152,0.106,222298,32,256,4096,88,185,253.890699,0.395431832347,-402.631641,-148.740943,-84.152646
1048576,1048576,2097152,0.106,222298,32,256,4096,88,186,255.229198,0.395431832347,-404.714009,-149.484812,-84.152646
1048576,1048576,2097152,0.106,222298,32,256,4096,88,187,256.567697,0.395431832347,-406.796455,-150.228759,-84.152646
1048576,1048576,2097152,0.106,222298,32,256,4096,88,188,257.906196,0.395431832347,-408.878979,-150.972783,-84.152646
1048576,1048576,2097152,0.106,222298,32,256,4096,88,189,259.244695,0.395431832347,-410.961581,-151.716886,-84.152646
1048576,1048576,2097152,0.106,222298,32,256,4096,88,190,260.583194,0.395431832347,-413.044259,-152.461065,-84.152646
1048576,1048576,2097152,0.106,222298,32,256,4096,88,191,261.921693,0.395431832347,-415.127014,-153.205321,-84.152646
1048576,1048576,2097152,0.106,222298,32,256,4096,88,192,263.260192,0.395431832347,-417.209846,-153.949654,-84.152646
1048576,1048576,2097152,0.106,222298,32,256,4096,88,193,264.598691,0.395431832347,-419.292754,-154.694062,-84.152646
1048576,1048576,2097152,0.106,222298,32,256,4096,88,194,265.937190,0.395431832347,-421.375737,-155.438546,-84.152646
1048576,1048576,2097152,0.106,222298,32,256,4096,88,195,267.275689,0.395431832347,-423.458795,-156.183105,-84.152646
1048576,1048576,2097152,0.106,222298,32,256,4096,88,196,268.614188,0.395431832347,-425.541927,-156.927739,-84.152646
1048576,1048576,2097152,0.106,222298,32,256,4096,88,197,269.952688,0.395431832347,-427.625134,-157.672446,-84.152646
1048576,1048576,2097152,0.106,222298,32,256,4096,88,198,271.291187,0.395431832347,-429.708413,-158.417227,-84.152646
1048576,1048576,2097152,0.106,222298,32,256,4096,88,199,272.629686,0.395431832347,-431.791766,-159.162080,-84.152646
1048576,1048576,2097152,0.106,222298,32,256,4096,88,200,273.968185,0.395431832347,-433.875191,-159.907006,-84.152646
1048576,1048576,2097152,0.106,222298,32,256,4096,88,201,275.306684,0.395431832347,-435.958688,-160.652004,-84.152646
1048576,1048576,2097152,0.106,222298,32,256,4096,88,202,276.645183,0.395431832347,-438.042256,-161.397073,-84.152646
1048576,1048576,2097152,0.106,222298,32,256,4096,88,203,277.983682,0.395431832347,-440.125895,-162.142213,-84.152646
1048576,1048576,2097152,0.106,222298,32,256,4096,88,204,279.322181,0.395431832347,-442.209604,-162.887423,-84.152646
1048576,1048576,2097152,0.106,222298,32,256,4096,88,205,280.660680,0.395431832347,-444.293383,-163.632703,-84.152646
1048576,1048576,2097152,0.106,222298,32,256,4096,88,206,281.999179,0.395431832347,-446.377230,-164.378051,-84.152646
1048576,1048576,2097152,0.106,222298,32,256,4096,88,207,283.337678,0.395431832347,-448.461146,-165.123468,-84.152646
1048576,1048576,2097152,0.106,222298,32,256,4096,88,208,284.676177,0.395431832347,-450.545130,-165.868953,-84.152646
1048576,1048576,2097152,0.106,222298,32,256,4096,88,209,286.014677,0.395431832347,-452.629181,-166.614505,-84.152646
1048576,1048576,2097152,0.106,222298,32,256,4096,88,210,287.353176,0.395431832347,-454.713299,-167.360124,-84.152646
1048576,1048576,2097152,0.106,222298,32,256,4096,88,211,288.691675,0.395431832347,-456.797483,-168.105809,-84.152646
1048576,1048576,2097152,0.106,222298,32,256,4096,88,212,290.030174,0.395431832347,-458.881733,-168.851559,-84.152646
1048576,1048576,2097152,0.106,222298,32,256,4096,88,213,291.368673,0.395431832347,-460.966048,-169.597375,-84.152646
1048576,1048576,2097152,0.106,222298,32,256,4096,88,214,292.707172,0.395431832347,-463.050428,-170.343256,-84.152646
1048576,1048576,2097152,0.106,222298,32,256,4096,88,215,294.045671,0.395431832347,-465.134871,-171.089200,-84.152646
1048576,1048576,2097152,0.106,222298,32,256,4096,88,216,295.384170,0.395431832347,-467.219378,-171.835208,-84.152646
1048576,1048576,2097152,0.106,222298,32,256,4096,88,217,296.722669,0.395431832347,-469.303948,-172.581279,-84.152646
1048576,1048576,2097152,0.106,222298,32,256,4096,88,218,298.061168,0.395431832347,-471.388581,-173.327412,-84.152646
1048576,1048576,2097152,0.106,222298,32,256,4096,88,219,299.399667,0.395431832347,-473.473275,-174.073607,-84.152646
1048576,1048576,2097152,0.106,222298,32,256,4096,88,220,300.738166,0.395431832347,-475.558031,-174.819864,-84.152646
1048576,1048576,2097152,0.106,222298,32,256,4096,90,1,-inf,,-2.237843,-inf,-inf
1048576,1048576,2097152,0.106,222298,32,256,4096,90,2,-inf,,-4.475684,-inf,-inf
1048576,1048576,2097152,0.106,222298,32,256,4096,90,3,-inf,,-6.713526,-inf,-inf
1048576,1048576,2097152,0.106,222298,32,256,4096,90,4,-inf,,-8.951366,-inf,-inf
1048576,1048576,2097152,0.106,222298,32,256,4096,90,5,-inf,,-11.189206,-inf,-inf
1048576,1048576,2097152,0.106,222298,32,256,4096,90,6,-inf,,-13.427045,-inf,-inf
1048576,1048576,2097152,0.106,222298,32,256,4096,90,7,-inf,,-15.664883,-inf,-inf
1048576,1048576,2097152,0.106,222298,32,256,4096,90,8,-inf,,-17.902721,-inf,-inf
1048576,1048576,2097152,0.106,222298,32,256,4096,90,9,-inf,,-20.140558,-inf,-inf
1048576,1048576,2097152,0.106,222298,32,256,4096,90,10,-inf,,-22.378394,-inf,-inf
1048576,1048576,2097152,0.106,222298,32,256,4096,90,11,-inf,,-24.616229,-inf,-inf
1048576,1048576,2097152,0.106,222298,32,256,4096,90,12,-inf,,-26.854064,-inf,-inf
1048576,1048576,2097152,0.106,222298,32,256,4096,90,13,-inf,,-29.091897,-inf,-inf
1048576,1048576,2097152,0.106,222298,32,256,4096,90,14,-inf,,-31.329731,-inf,-inf
1048576,1048576,2097152,0.106,222298,32,256,4096,90,15,-inf,,-33.567563,-inf,-inf
1048576,1048576,2097152,0.106,222298,32,256,4096,90,16,-inf,,-35.805394,-inf,-inf
1048576,1048576,2097152,0.106,222298,32,256,4096,90,17,-inf,,-38.043225,-inf,-inf
1048576,1048576,2097152,0.106,222298,32,256,4096,90,18,-inf,,-40.281055,-inf,-inf
1048576,1048576,2097152,0.106,222298,32,256,4096,90,19,-inf,,-42.518884,-inf,-inf
1048576,1048576,2097152,0.106,222298,32,256,4096,90,20,-inf,,-44.756712,-inf,-inf
1048576,1048576,2097152,0.106,222298,32,256,4096,90,21,-inf,,-46.994540,-inf,-inf
1048576,1048576,2097152,0.106,222298,32,256,4096,90,22,-inf,,-49.232366,-inf,-inf
1048576,1048576,2097152,0.106,222298,32,256,4096,90,23,-inf,,-51.470191,-inf,-inf
1048576,1048576,2097152,0.106,222298,32,256,4096,90,24,-inf,,-53.708016,-inf,-inf
1048576,1048576,2097152,0.106,222298,32,256,4096,90,25,-inf,,-55.945839,-inf,-inf
1048576,1048576,2097152,0.106,222298,32,256,4096,90,26,-inf,,-58.183662,-inf,-inf
1048576,1048576,2097152,0.106,222298,32,256,4096,90,27,-inf,,-60.421483,-inf,-inf
1048576,1048576,2097152,0.106,222298,32,256,4096,90,28,-inf,,-62.659303,-inf,-inf
1048576,1048576,2097152,0.106,222298,32,256,4096,90,29,-inf,,-64.897122,-inf,-inf
1048576,1048576,2097152,0.106,222298,32,256,4096,90,30,-inf,,-67.134939,-inf,-inf
1048576,1048576,2097152,0.106,222298,32,256,4096,90,31,-inf,,-69.372755,-inf,-inf
1048576,1048576,2097152,0.106,222298,32,256,4096,90,32,-inf,,-71.610569,-inf,-inf
1048576,1048576,2097152,0.106,222298,32,256,4096,90,33,-inf,,-73.848382,-inf,-inf
1048576,1048576,2097152,0.106,222298,32,256,4096,90,34,-inf,,-76.086193,-inf,-inf
1048576,1048576,2097152,0.106,222298,32,256,4096,90,35,-inf,,-78.324002,-inf,-inf
1048576,1048576,2097152,0.106,222298,32,256,4096,90,36,-inf,,-80.561808,-inf,-inf
1048576,1048576,2097152,0.106,222298,32,256,4096,90,37,-inf,,-82.799612,-inf,-inf
1048576,1048576,2097152,0.106,222298,32,256,4096,90,38,-inf,,-85.037414,-inf,-inf
1048576,1048576,2097152,0.106,222298,32,256,4096,90,39,-inf,,-87.275213,-inf,-inf
1048576,1048576,2097152,0.106,222298,32,256,4096,90,40,-inf,,-89.513008,-inf,-inf
1048576,1048576,2097152,0.106,222298,32,256,4096,90,41,-inf,,-91.750800,-inf,-inf
1048576,1048576,2097152,0.106,222298,32,256,4096,90,42,-inf,,-93.988588,-inf,-inf
1048576,1048576,2097152,0.106,222298,32,256,4096,90,43,-inf,,-96.226371,-inf,-inf
1048576,1048576,2097152,0.106,222298,32,256,4096,90,44,-inf,,-98.464149,-inf,-inf
1048576,1048576,2097152,0.106,222298,32,256,4096,90,45,-inf,,-100.701922,-inf,-inf
1048576,1048576,2097152,0.106,222298,32,256,4096,90,46,-inf,,-102.939689,-inf,-inf
1048576,1048576,2097152,0.106,222298,32,256,4096,90,47,-inf,,-105.177448,-inf,-inf
1048576,1048576,2097152,0.106,222298,32,256,4096,90,48,-inf,,-107.415200,-inf,-inf
1048576,1048576,2097152,0.106,222298,32,256,4096,90,49,-inf,,-109.652943,-inf,-inf
1048576,1048576,2097152,0.106,222298,32,256,4096,90,50,-inf,,-111.890676,-inf,-inf
1048576,1048576,2097152,0.106,222298,32,256,4096,90,51,-inf,,-114.128398,-inf,-inf
1048576,1048576,2097152,0.106,222298,32,256,4096,90,52,-inf,,-116.366107,-inf,-inf
1048576,1048576,2097152,0.106,222298,32,256,4096,90,53,-inf,,-118.603803,-inf,-inf
1048576,1048576,2097152,0.106,222298,32,256,4096,90,54,-inf,,-120.841482,-inf,-inf
1048576,1048576,2097152,0.106,222298,32,256,4096,90,55,-inf,,-123.079144,-inf,-inf
1048576,1048576,2097152,0.106,222298,32,256,4096,90,56,-inf,,-125.316785,-inf,-inf
1048576,1048576,2097152,0.106,222298,32,256,4096,90,57,-inf,,-127.554404,-inf,-inf
1048576,1048576,2097152,0.106,222298,32,256,4096,90,58,-inf,,-129.791997,-inf,-inf
1048576,1048576,2097152,0.106,222298,32,256,4096,90,59,-inf,,-132.029562,-inf,-inf
1048576,1048576,2097152,0.106,222298,32,256,4096,90,60,-inf,,-134.267094,-inf,-inf
1048576,1048576,2097152,0.106,222298,32,256,4096,90,61,-inf,,-136.504589,-inf,-inf
1048576,1048576,2097152,0.106,222298,32,256,4096,90,62,-inf,,-138.742043,-inf,-inf
1048576,1048576,2097152,0.106,222298,32,256,4096,90,63,-inf,,-140.979450,-inf,-inf
1048576,1048576,2097152,0.106,222298,32,256,4096,90,64,-inf,,-143.216806,-inf,-inf
1048576,1048576,2097152,0.106,222298,32,256,4096,90,65,-inf,,-145.454102,-inf,-inf
1048576,1048576,2097152,0.106,222298,32,256,4096,90,66,-inf,,-147.691331,-inf,-inf
1048576,1048576,2097152,0.106,222298,32,256,4096,90,67,-inf,,-149.928486,-inf,-inf
1048576,1048576,2097152,0.106,222298,32,256,4096,90,68,-inf,,-152.165557,-inf,-inf
1048576,1048576,2097152,0.106,222298,32,256,4096,90,69,-inf,,-154.402533,-inf,-inf
1048576,1048576,2097152,0.106,222298,32,256,4096,90,70,-inf,,-156.639403,-inf,-inf
1048576,1048576,2097152,0.106,222298,32,256,4096,90,71,-inf,,-158.876152,-inf,-inf
1048576,1048576,2097152,0.106,222298,32,256,4096,90,72,-inf,,-161.112767,-inf,-inf
1048576,1048576,2097152,0.106,222298,32,256,4096,90,73,-inf,,-163.349231,-inf,-inf
1048576,1048576,2097152,0.106,222298,32,256,4096,90,74,-inf,,-165.585524,-inf,-inf
1048576,1048576,2097152,0.106,222298,32,256,4096,90,75,-inf,,-167.821627,-inf,-inf
1048576,1048576,2097152,0.106,222298,32,256,4096,90,76,-inf,,-170.057515,-inf,-inf
1048576,1048576,2097152,0.106,222298,32,256,4096,90,77,-inf,,-172.293162,-inf,-inf
1048576,1048576,2097152,0.106,222298,32,256,4096,90,78,-inf,,-174.528540,-inf,-inf
1048576,1048576,2097152,0.106,222298,32,256,4096,90,79,-inf,,-176.763616,-inf,-inf
1048576,1048576,2097152,0.106,222298,32,256,4096,90,80,-inf,,-178.998353,-inf,-inf
1048576,1048576,2097152,0.106,222298,32,256,4096,90,81,-inf,,-181.232711,-inf,-inf
1048576,1048576,2097152,0.106,222298,32,256,4096,90,82,-inf,,-183.466646,-inf,-inf
1048576,1048576,2097152,0.106,222298,32,256,4096,90,83,-inf,,-185.700107,-inf,-inf
1048576,1048576,2097152,0.106,222298,32,256,4096,90,84,-inf,,-187.933039,-inf,-inf
1048576,1048576,2097152,0.106,222298,32,256,4096,90,85,-inf,,-190.165381,-inf,-inf
1048576,1048576,2097152,0.106,222298,32,256,4096,90,86,-inf,,-192.397066,-inf,-inf
1048576,1048576,2097152,0.106,222298,32,256,4096,90,87,-inf,,-194.628018,-inf,-inf
1048576,1048576,2097152,0.106,222298,32,256,4096,90,88,-inf,,-196.858157,-inf,-inf
1048576,1048576,2097152,0.106,222298,32,256,4096,90,89,-inf,,-199.087391,-inf,-inf
1048576,1048576,2097152,0.106,222298,32,256,4096,90,90,114.371724,0.352176111989,-201.315623,-86.943900,-86.943900
1048576,1048576,2097152,0.106,222298,32,256,4096,90,91,115.877355,0.352176111989,-203.542744,-87.665390,-86.260005
1048576,1048576,2097152,0.106,222298,32,256,4096,90,92,117.382986,0.352176111989,-205.768640,-88.385654,-85.962346
1048576,1048576,2097152,0.106,222298,32,256,4096,90,93,118.888617,0.352176111989,-207.993180,-89.104563,-85.807548
1048576,1048576,2097152,0.106,222298,32,256,4096,90,94,120.394248,0.352176111989,-210.216231,-89.821983,-85.720931
1048576,1048576,2097152,0.106,222298,32,256,4096,90,95,121.899879,0.352176111989,-212.437643,-90.537765,-85.670630
1048576,1048576,2097152,0.106,222298,32,256,4096,90,96,123.405510,0.352176111989,-214.657262,-91.251753,-85.640805
1048576,1048576,2097152,0.106,222298,32,256,4096,90,97,124.911141,0.352176111989,-216.874919,-91.963778,-85.622896
1048576,1048576,2097152,0.106,222298,32,256,4096,90,98,126.416772,0.352176111989,-219.090440,-92.673668,-85.612055
1048576,1048576,2097152,0.106,222298,32,256,4096,90,99,127.922403,0.352176111989,-221.303637,-93.381234,-85.605457
1048576,1048576,2097152,0.106,222298,32,256,4096,90,100,129.428034,0.352176111989,-223.514322,-94.086288,-85.601424
1048576,1048576,2097152,0.106,222298,32,256,4096,90,101,130.933665,0.352176111989,-225.722292,-94.788627,-85.598952
1048576,1048576,2097152,0.106,222298,32,256,4096,90,102,132.439296,0.352176111989,-227.927350,-95.488054,-85.597431
1048576,1048576,2097152,0.106,222298,32,256,4096,90,103,133.944927,0.352176111989,-230.129288,-96.184361,-85.596493
1048576,1048576,2097152,0.106,222298,32,256,4096,90,104,135.450558,0.352176111989,-232.327903,-96.877345,-85.595914
1048576,1048576,2097152,0.106,222298,32,256,4096,90,105,136.956189,0.352176111989,-234.522998,-97.566809,-85.595554
1048576,1048576,2097152,0.106,222298,32,256,4096,90,106,138.461820,0.352176111989,-236.714376,-98.252556,-85.595331
1048576,1048576,2097152,0.106,222298,32,256,4096,90,107,139.967451,0.352176111989,-238.901855,-98.934404,-85.595192
1048576,1048576,2097152,0.106,222298,32,256,4096,90,108,141.473082,0.352176111989,-241.085269,-99.612187,-85.595105
1048576,1048576,2097152,0.106,222298,32,256,4096,90,109,142.978713,0.352176111989,-243.264462,-100.285748,-85.595050
1048576,1048576,2097152,0.106,222298,32,256,4096,90,110,144.484344,0.352176111989,-245.439303,-100.954959,-85.595016
1048576,1048576,2097152,0.106,222298,32,256,4096,90,111,145.989975,0.352176111989,-247.609688,-101.619713,-85.594994
1048576,1048576,2097152,0.106,222298,32,256,4096,90,112,147.495606,0.352176111989,-249.775532,-102.279926,-85.594980
1048576,1048576,2097152,0.106,222298,32,256,4096,90,113,149.001238,0.352176111989,-251.936783,-102.935546,-85.594972
1048576,1048576,2097152,0.106,222298,32,256,4096,90,114,150.506869,0.352176111989,-254.093421,-103.586552,-85.594966
1048576,1048576,2097152,0.106,222298,32,256,4096,90,115,152.012500,0.352176111989,-256.245448,-104.232948,-85.594963
1048576,1048576,2097152,0.106,222298,32,256,4096,90,116,153.518131,0.352176111989,-258.392905,-104.874774,-85.594960
1048576,1048576,2097152,0.106,222298,32,256,4096,90,117,155.023762,0.352176111989,-260.535860,-105.512098,-85.594959
1048576,1048576,2097152,0.106,222298,32,256,4096,90,118,156.529393,0.352176111989,-262.674404,-106.145011,-85.594958
1048576,1048576,2097152,0.106,222298,32,256,4096,90,119,158.035024,0.352176111989,-264.808660,-106.773636,-85.594957
1048576,1048576,2097152,0.106,222298,32,256,4096,90,120,159.540655,0.352176111989,-266.938772,-107.398117,-85.594957
1048576,1048576,2097152,0.106,222298,32,256,4096,90,121,161.046286,0.352176111989,-269.064898,-108.018612,-85.594957
1048576,1048576,2097152,0.106,222298,32,256,4096,90,122,162.551917,0.352176111989,-271.187219,-108.635302,-85.594957
1048576,1048576,2097152,0.106,222298,32,256,4096,90,123,164.057548,0.352176111989,-273.305926,-109.248378,-85.594956
1048576,1048576,2097152,0.106,222298,32,256,4096,90,124,165.563179,0.352176111989,-275.421216,-109.858037,-85.594956
1048576,1048576,2097152,0.106,222298,32,256,4096,90,125,167.068810,0.352176111989,-277.533295,-110.464485,-85.594956
1048576,1048576,2097152,0.106,222298,32,256,4096,90,126,168.574441,0.352176111989,-279.642372,-111.067931,-85.594956
1048576,1048576,2097152,0.106,222298,32,256,4096,90,127,170.080072,0.352176111989,-281.748651,-111.668579,-85.594956
1048576,1048576,2097152,0.106,222298,32,256,4096,90,128,171.585703,0.352176111989,-283.852337,-112.266634,-85.594956
1048576,1048576,2097152,0.106,222298,32,256,4096,90,129,173.091334,0.352176111989,-285.953631,-112.862297,-85.594956
1048576,1048576,2097152,0.106,222298,32,256,4096,90,130,174.596965,0.352176111989,-288.052724,-113.455758,-85.594956
1048576,1048576,2097152,0.106,222298,32,256,4096,90,131,176.102596,0.352176111989,-290.149799,-114.047203,-85.594956
1048576,1048576,2097152,0.106,222298,32,256,4096,90,132,177.608227,0.352176111989,-292.245035,-114.636808,-85.594956
1048576,1048576,2097152,0.106,222298,32,256,4096,90,133,179.113858,0.352176111989,-294.338595,-115.224737,-85.594956
1048576,1048576,2097152,0.106,222298,32,256,4096,90,134,180.619489,0.352176111989,-296.430636,-115.811146,-85.594956
1048576,1048576,2097152,0.106,222298,32,256,4096,90,135,182.125120,0.352176111989,-298.521304,-116.396183,-85.594956
1048576,1048576,2097152,0.106,222298,32,256,4096,90,136,183.630751,0.352176111989,-300.610733,-116.979982,-85.594956
1048576,1048576,2097152,0.106,222298,32,256,4096,90,137,185.136382,0.352176111989,-302.699049,-117.562667,-85.594956
1048576,1048576,2097152,0.106,222298,32,256,4096,90,138,186.642014,0.352176111989,-304.786369,-118.144355,-85.594956
1048576,1048576,2097152,0.106,222298,32,256,4096,90,139,188.147645,0.352176111989,-306.872797,-118.725152,-85.594956
1048576,1048576,2097152,0.106,222298,32,256,4096,90,140,189.653276,0.352176111989,-308.958431,-119.305155,-85.594956
1048576,1048576,2097152,0.106,222298,32,256,4096,90,141,191.158907,0.352176111989,-311.043360,-119.884453,-85.594956
1048576,1048576,2097152,0.106,222298,32,256,4096,90,142,192.664538,0.352176111989,-313.127665,-120.463127,-85.594956
1048576,1048576,2097152,0.106,222298,32,256,4096,90,143,194.170169,0.352176111989,-315.211418,-121.041250,-85.594956
1048576,1048576,2097152,0.106,222298,32,256,4096,90,144,195.675800,0.352176111989,-317.294688,-121.618888,-85.594956
1048576,1048576,2097152,0.106,222298,32,256,4096,90,145,197.181431,0.352176111989,-319.377534,-122.196103,-85.594956
1048576,1048576,2097152,0.106,222298,32,256,4096,90,146,198.687062,0.352176111989,-321.460010,-122.772948,-85.594956
1048576,1048576,2097152,0.106,222298,32,256,4096,90,147,200.192693,0.352176111989,-323.542166,-123.349473,-85.594956
1048576,1048576,2097152,0.106,222298,32,256,4096,90,148,201.698324,0.352176111989,-325.624045,-123.925721,-85.594956
1048576,1048576,2097152,0.106,222298,32,256,4096,90,149,203.203955,0.352176111989,-327.705688,-124.501733,-85.594956
1048576,1048576,2097152,0.106,222298,32,256,4096,90,150,204.709586,0.352176111989,-329.787131,-125.077545,-85.594956
1048576,1048576,2097152,0.106,222298,32,256,4096,90,151,206.215217,0.352176111989,-331.868404,-125.653187,-85.594956
1048576,1048576,2097152,0.106,222298,32,256,4096,90,152,207.720848,0.352176111989,-333.949538,-126.228690,-85.594956
1048576,1048576,2097152,0.106,222298,32,256,4096,90,153,209.226479,0.352176111989,-336.030557,-126.804078,-85.594956
1048576,1048576,2097152,0.106,222298,32,256,4096,90,154,210.732110,0.352176111989,-338.111485,-127.379375,-85.594956
1048576,1048576,2097152,0.106,222298,32,256,4096,90,155,212.237741,0.352176111989,-340.192342,-127.954601,-85.594956
1048576,1048576,2097152,0.106,222298,32,256,4096,90,156,213.743372,0.352176111989,-342.273146,-128.529774,-85.594956
1048576,1048576,2097152,0.106,222298,32,256,4096,90,157,215.249003,0.352176111989,-344.353915,-129.104911,-85.594956
1048576,1048576,2097152,0.106,222298,32,256,4096,90,158,216.754634,0.352176111989,-346.434661,-129.680026,-85.594956
1048576,1048576,2097152,0.106,222298,32,256,4096,90,159,218.260265,0.352176111989,-348.515398,-130.255132,-85.594956
1048576,1048576,2097152,0.106,222298,32,256,4096,90,160,219.765896,0.352176111989,-350.596137,-130.830241,-85.594956
1048576,1048576,2097152,0.106,222298,32,256,4096,90,161,221.271527,0.352176111989,-352.676889,-131.405362,-85.594956
1048576,1048576,2097152,0.106,222298,32,256,4096,90,162,222.777158,0.352176111989,-354.757663,-131.980504,-85.594956
1048576,1048576,2097152,0.106,222298,32,256,4096,90,163,224.282790,0.352176111989,-356.838466,-132.555676,-85.594956
1048576,1048576,2097152,0.106,222298,32,256,4096,90,164,225.782218,0.395431832347,-358.919305,-133.137087,-85.594956
1048576,1048576,2097152,0.106,222298,32,256,4096,90,165,227.120717,0.395431832347,-361.000187,-133.879470,-85.594956
1048576,1048576,2097152,0.106,222298,32,256,4096,90,166,228.459216,0.395431832347,-363.081117,-134.621901,-85.594956
1048576,1048576,2097152,0.106,222298,32,256,4096,90,167,229.797715,0.395431832347,-365.162100,-135.364385,-85.594956
1048576,1048576,2097152,0.106,222298,32,256,4096,90,168,231.136214,0.395431832347,-367.243139,-136.106925,-85.594956
1048576,1048576,2097152,0.106,222298,32,256,4096,90,169,232.474713,0.395431832347,-369.324239,-136.849526,-85.594956
1048576,1048576,2097152,0.106,222298,32,256,4096,90,170,233.813212,0.395431832347,-371.405403,-137.592191,-85.594956
1048576,1048576,2097152,0.106,222298,32,256,4096,90,171,235.151711,0.395431832347,-373.486633,-138.334922,-85.594956
1048576,1048576,2097152,0.106,222298,32,256,4096,90,172,236.490210,0.395431832347,-375.567932,-139.077721,-85.594956
1048576,1048576,2097152,0.106,222298,32,256,4096,90,173,237.828710,0.395431832347,-377.649301,-139.820592,-85.594956
1048576,1048576,2097152,0.106,222298,32,256,4096,90,174,239.167209,0.395431832347,-379.730743,-140.563534,-85.594956
1048576,1048576,2097152,0.106,222298,32,256,4096,90,175,240.505708,0.395431832347,-381.812258,-141.306551,-85.594956
1048576,1048576,2097152,0.106,222298,32,256,4096,90,176,241.844207,0.395431832347,-383.893849,-142.049642,-85.594956
1048576,1048576,2097152,0.106,222298,32,256,4096,90,177,243.182706,0.395431832347,-385.975515,-142.792809,-85.594956
1048576,1048576,2097152,0.106,222298,32,256,4096,90,178,244.521205,0.395431832347,-388.057258,-143.536053,-85.594956
1048576,1048576,2097152,0.106,222298,32,256,4096,90,179,245.859704,0.395431832347,-390.139078,-144.279374,-85.594956
1048576,1048576,2097152,0.106,222298,32,256,4096,90,180,247.198203,0.395431832347,-392.220977,-145.022773,-85.594956
1048576,1048576,2097152,0.106,222298,32,256,4096,90,181,248.536702,0.395431832347,-394.302953,-145.766251,-85.594956
1048576,1048576,2097152,0.106,222298,32,256,4096,90,182,249.875201,0.395431832347,-396.385007,-146.509806,-85.594956
1048576,1048576,2097152,0.106,222298,32,256,4096,90,183,251.213700,0.395431832347,-398.467140,-147.253440,-85.594956
1048576,1048576,2097152,0.106,222298,32,256,4096,90,184,252.552199,0.395431832347,-400.549352,-147.997152,-85.594956
1048576,1048576,2097152,0.106,222298,32,256,4096,90,185,253.890699,0.395431832347,-402.631641,-148.740943,-85.594956
1048576,1048576,2097152,0.106,222298,32,256,4096,90,186,255.229198,0.395431832347,-404.714009,-149.484812,-85.594956
1048576,1048576,2097152,0.106,222298,32,256,4096,90,187,256.567697,0.395431832347,-406.796455,-150.228759,-85.594956
1048576,1048576,2097152,0.106,222298,32,256,4096,90,188,257.906196,0.395431832347,-408.878979,-150.972784,-85.594956
1048576,1048576,2097152,0.106,222298,32,256,4096,90,189,259.244695,0.395431832347,-410.961581,-151.716886,-85.594956
1048576,1048576,2097152,0.106,222298,32,256,4096,90,190,260.583194,0.395431832347,-413.044259,-152.461065,-85.594956
1048576,1048576,2097152,0.106,222298,32,256,4096,90,191,261.921693,0.395431832347,-415.127014,-153.205321,-85.594956
1048576,1048576,2097152,0.106,222298,32,256,4096,90,192,263.260192,0.395431832347,-417.209846,-153.949654,-85.594956
1048576,1048576,2097152,0.106,222298,32,256,4096,90,193,264.598691,0.395431832347,-419.292754,-154.694062,-85.594956
1048576,1048576,2097152,0.106,222298,32,256,4096,90,194,265.937190,0.395431832347,-421.375737,-155.438546,-85.594956
1048576,1048576,2097152,0.106,222298,32,256,4096,90,195,267.275689,0.395431832347,-423.458795,-156.183105,-85.594956
1048576,1048576,2097152,0.106,222298,32,256,4096,90,196,268.614188,0.395431832347,-425.541927,-156.927739,-85.594956
1048576,1048576,2097152,0.106,222298,32,256,4096,90,197,269.952688,0.395431832347,-427.625134,-157.672446,-85.594956
1048576,1048576,2097152,0.106,222298,32,256,4096,90,198,271.291187,0.395431832347,-429.708413,-158.417227,-85.594956
1048576,1048576,2097152,0.106,222298,32,256,4096,90,199,272.629686,0.395431832347,-431.791766,-159.162080,-85.594956
1048576,1048576,2097152,0.106,222298,32,256,4096,90,200,273.968185,0.395431832347,-433.875191,-159.907006,-85.594956
1048576,1048576,2097152,0.106,222298,32,256,4096,90,201,275.306684,0.395431832347,-435.958688,-160.652004,-85.594956
1048576,1048576,2097152,0.106,222298,32,256,4096,90,202,276.645183,0.395431832347,-438.042256,-161.397073,-85.594956
1048576,1048576,2097152,0.106,222298,32,256,4096,90,203,277.983682,0.395431832347,-440.125895,-162.142213,-85.594956
1048576,1048576,2097152,0.106,222298,32,256,4096,90,204,279.322181,0.395431832347,-442.209604,-162.887423,-85.594956
1048576,1048576,2097152,0.106,222298,32,256,4096,90,205,280.660680,0.395431832347,-444.293383,-163.632703,-85.594956
1048576,1048576,2097152,0.106,222298,32,256,4096,90,206,281.999179,0.395431832347,-446.377230,-164.378051,-85.594956
1048576,1048576,2097152,0.106,222298,32,256,4096,90,207,283.337678,0.395431832347,-448.461146,-165.123468,-85.594956
1048576,1048576,2097152,0.106,222298,32,256,4096,90,208,284.676177,0.395431832347,-450.545130,-165.868953,-85.594956
1048576,1048576,2097152,0.106,222298,32,256,4096,90,209,286.014677,0.395431832347,-452.629181,-166.614505,-85.594956
1048576,1048576,2097152,0.106,222298,32,256,4096,90,210,287.353176,0.395431832347,-454.713299,-167.360124,-85.594956
1048576,1048576,2097152,0.106,222298,32,256,4096,90,211,288.691675,0.395431832347,-456.797483,-168.105809,-85.594956
1048576,1048576,2097152,0.106,222298,32,256,4096,90,212,290.030174,0.395431832347,-458.881733,-168.851560,-85.594956
1048576,1048576,2097152,0.106,222298,32,256,4096,90,213,291.368673,0.395431832347,-460.966048,-169.597375,-85.594956
1048576,1048576,2097152,0.106,222298,32,256,4096,90,214,292.707172,0.395431832347,-463.050428,-170.343256,-85.594956
1048576,1048576,2097152,0.106,222298,32,256,4096,90,215,294.045671,0.395431832347,-465.134871,-171.089200,-85.594956
1048576,1048576,2097152,0.106,222298,32,256,4096,90,216,295.384170,0.395431832347,-467.219378,-171.835208,-85.594956
1048576,1048576,2097152,0.106,222298,32,256,4096,90,217,296.722669,0.395431832347,-469.303948,-172.581279,-85.594956
1048576,1048576,2097152,0.106,222298,32,256,4096,90,218,298.061168,0.395431832347,-471.388581,-173.327412,-85.594956
1048576,1048576,2097152,0.106,222298,32,256,4096,90,219,299.399667,0.395431832347,-473.473275,-174.073607,-85.594956
1048576,1048576,2097152,0.106,222298,32,256,4096,90,220,300.738166,0.395431832347,-475.558031,-174.819864,-85.594956
