k,k_eff,N,delta,d,sigma,block_bits,blocks,d0,h,outer_log2,outer_z,inner_log2,term_log2,cum_log2
1048576,1048576,2097152,0.106,222298,32,256,4096,40,1,-inf,,-2.237843,-inf,-inf
1048576,1048576,2097152,0.106,222298,32,256,4096,40,2,-inf,,-4.475684,-inf,-inf
1048576,1048576,2097152,0.106,222298,32,256,4096,40,3,-inf,,-6.713526,-inf,-inf
1048576,1048576,2097152,0.106,222298,32,256,4096,40,4,-inf,,-8.951366,-inf,-inf
1048576,1048576,2097152,0.106,222298,32,256,4096,40,5,-inf,,-11.189206,-inf,-inf
1048576,1048576,2097152,0.106,222298,32,256,4096,40,6,-inf,,-13.427045,-inf,-inf
1048576,1048576,2097152,0.106,222298,32,256,4096,40,7,-inf,,-15.664883,-inf,-inf
1048576,1048576,2097152,0.106,222298,32,256,4096,40,8,-inf,,-17.902721,-inf,-inf
1048576,1048576,2097152,0.106,222298,32,256,4096,40,9,-inf,,-20.140558,-inf,-inf
1048576,1048576,2097152,0.106,222298,32,256,4096,40,10,-inf,,-22.378394,-inf,-inf
1048576,1048576,2097152,0.106,222298,32,256,4096,40,11,-inf,,-24.616229,-inf,-inf
1048576,1048576,2097152,0.106,222298,32,256,4096,40,12,-inf,,-26.854064,-inf,-inf
1048576,1048576,2097152,0.106,222298,32,256,4096,40,13,-inf,,-29.091897,-inf,-inf
1048576,1048576,2097152,0.106,222298,32,256,4096,40,14,-inf,,-31.329731,-inf,-inf
1048576,1048576,2097152,0.106,222298,32,256,4096,40,15,-inf,,-33.567563,-inf,-inf
1048576,1048576,2097152,0.106,222298,32,256,4096,40,16,-inf,,-35.805394,-inf,-inf
1048576,1048576,2097152,0.106,222298,32,256,4096,40,17,-inf,,-38.043225,-inf,-inf
1048576,1048576,2097152,0.106,222298,32,256,4096,40,18,-inf,,-40.281055,-inf,-inf
1048576,1048576,2097152,0.106,222298,32,256,4096,40,19,-inf,,-42.518884,-inf,-inf
1048576,1048576,2097152,0.106,222298,32,256,4096,40,20,-inf,,-44.756712,-inf,-inf
1048576,1048576,2097152,0.106,222298,32,256,4096,40,21,-inf,,-46.994540,-inf,-inf
1048576,1048576,2097152,0.106,222298,32,256,4096,40,22,-inf,,-49.232366,-inf,-inf
1048576,1048576,2097152,0.106,222298,32,256,4096,40,23,-inf,,-51.470191,-inf,-inf
1048576,1048576,2097152,0.106,222298,32,256,4096,40,24,-inf,,-53.708016,-inf,-inf
1048576,1048576,2097152,0.106,222298,32,256,4096,40,25,-inf,,-55.945839,-inf,-inf
1048576,1048576,2097152,0.106,222298,32,256,4096,40,26,-inf,,-58.183662,-inf,-inf
1048576,1048576,2097152,0.106,222298,32,256,4096,40,27,-inf,,-60.421483,-inf,-inf
1048576,1048576,2097152,0.106,222298,32,256,4096,40,28,-inf,,-62.659303,-inf,-inf
1048576,1048576,2097152,0.106,222298,32,256,4096,40,29,-inf,,-64.897122,-inf,-inf
1048576,1048576,2097152,0.106,222298,32,256,4096,40,30,-inf,,-67.134939,-inf,-inf
1048576,1048576,2097152,0.106,222298,32,256,4096,40,31,-inf,,-69.372755,-inf,-inf
1048576,1048576,2097152,0.106,222298,32,256,4096,40,32,-inf,,-71.610569,-inf,-inf
1048576,1048576,2097152,0.106,222298,32,256,4096,40,33,-inf,,-73.848382,-inf,-inf
1048576,1048576,2097152,0.106,222298,32,256,4096,40,34,-inf,,-76.086193,-inf,-inf
1048576,1048576,2097152,0.106,222298,32,256,4096,40,35,-inf,,-78.324002,-inf,-inf
1048576,1048576,2097152,0.106,222298,32,256,4096,40,36,-inf,,-80.561808,-inf,-inf
1048576,1048576,2097152,0.106,222298,32,256,4096,40,37,-inf,,-82.799612,-inf,-inf
1048576,1048576,2097152,0.106,222298,32,256,4096,40,38,-inf,,-85.037414,-inf,-inf
1048576,1048576,2097152,0.106,222298,32,256,4096,40,39,-inf,,-87.275213,-inf,-inf
1048576,1048576,2097152,0.106,222298,32,256,4096,40,40,210.584298,,-89.513008,121.071290,121.071290
1048576,1048576,2097152,0.106,222298,32,256,4096,40,41,214.109389,,-91.750800,122.358589,122.853995
1048576,1048576,2097152,0.106,222298,32,256,4096,40,42,217.596655,,-93.988588,123.608067,124.279748
1048576,1048576,2097152,0.106,222298,32,256,4096,40,43,221.046907,,-96.226371,124.820536,125.575334
1048576,1048576,2097152,0.106,222298,32,256,4096,40,44,224.460919,,-98.464149,125.996770,126.801386
1048576,1048576,2097152,0.106,222298,32,256,4096,40,45,227.839431,,-100.701922,127.137509,127.979214
1048576,1048576,2097152,0.106,222298,32,256,4096,40,46,231.183148,,-102.939689,128.243459,129.117378
1048576,1048576,2097152,0.106,222298,32,256,4096,40,47,234.492745,,-105.177448,129.315297,130.219729
1048576,1048576,2097152,0.106,222298,32,256,4096,40,48,237.768869,,-107.415200,130.353669,131.288253
1048576,1048576,2097152,0.106,222298,32,256,4096,40,49,241.012141,,-109.652943,131.359198,132.324161
1048576,1048576,2097152,0.106,222298,32,256,4096,40,50,244.223153,,-111.890676,132.332477,133.328325
1048576,1048576,2097152,0.106,222298,32,256,4096,40,51,247.402477,,-114.128398,133.274079,134.301457
1048576,1048576,2097152,0.106,222298,32,256,4096,40,52,250.550660,,-116.366107,134.184552,135.244188
1048576,1048576,2097152,0.106,222298,32,256,4096,40,53,253.668229,,-118.603803,135.064427,136.157105
1048576,1048576,2097152,0.106,222298,32,256,4096,40,54,256.755692,,-120.841482,135.914210,137.040763
1048576,1048576,2097152,0.106,222298,32,256,4096,40,55,259.813536,,-123.079144,136.734392,137.895695
1048576,1048576,2097152,0.106,222298,32,256,4096,40,56,262.842232,,-125.316785,137.525446,138.722416
1048576,1048576,2097152,0.106,222298,32,256,4096,40,57,265.842232,,-127.554404,138.287828,139.521424
1048576,1048576,2097152,0.106,222298,32,256,4096,40,58,268.000000,,-129.791997,138.208003,140.009287
1048576,1048576,2097152,0.106,222298,32,256,4096,40,59,268.000000,,-132.029562,135.970438,140.094493
1048576,1048576,2097152,0.106,222298,32,256,4096,40,60,268.000000,,-134.267094,133.732906,140.111932
1048576,1048576,2097152,0.106,222298,32,256,4096,40,61,268.000000,,-136.504589,131.495411,140.115603
1048576,1048576,2097152,0.106,222298,32,256,4096,40,62,268.000000,,-138.742043,129.257957,140.116380
1048576,1048576,2097152,0.106,222298,32,256,4096,40,63,268.000000,,-140.979450,127.020550,140.116545
1048576,1048576,2097152,0.106,222298,32,256,4096,40,64,268.000000,,-143.216806,124.783194,140.116580
1048576,1048576,2097152,0.106,222298,32,256,4096,40,65,268.000000,,-145.454102,122.545898,140.116587
1048576,1048576,2097152,0.106,222298,32,256,4096,40,66,268.000000,,-147.691331,120.308669,140.116589
1048576,1048576,2097152,0.106,222298,32,256,4096,40,67,268.000000,,-149.928486,118.071514,140.116589
1048576,1048576,2097152,0.106,222298,32,256,4096,40,68,268.000000,,-152.165557,115.834443,140.116589
1048576,1048576,2097152,0.106,222298,32,256,4096,40,69,268.000000,,-154.402533,113.597467,140.116589
1048576,1048576,2097152,0.106,222298,32,256,4096,40,70,268.000000,,-156.639403,111.360597,140.116589
1048576,1048576,2097152,0.106,222298,32,256,4096,40,71,268.000000,,-158.876152,109.123848,140.116589
1048576,1048576,2097152,0.106,222298,32,256,4096,40,72,268.000000,,-161.112767,106.887233,140.116589
1048576,1048576,2097152,0.106,222298,32,256,4096,40,73,268.000000,,-163.349231,104.650769,140.116589
1048576,1048576,2097152,0.106,222298,32,256,4096,40,74,268.000000,,-165.585524,102.414476,140.116589
1048576,1048576,2097152,0.106,222298,32,256,4096,40,75,268.000000,,-167.821627,100.178373,140.116589
1048576,1048576,2097152,0.106,222298,32,256,4096,40,76,268.000000,,-170.057515,97.942485,140.116589
1048576,1048576,2097152,0.106,222298,32,256,4096,40,77,268.000000,,-172.293162,95.706838,140.116589
1048576,1048576,2097152,0.106,222298,32,256,4096,40,78,268.000000,,-174.528540,93.471460,140.116589
1048576,1048576,2097152,0.106,222298,32,256,4096,40,79,268.000000,,-176.763616,91.236384,140.116589
1048576,1048576,2097152,0.106,222298,32,256,4096,40,80,536.627078,0.00973871235673,-178.998353,357.628725,357.628725
1048576,1048576,2097152,0.106,222298,32,256,4096,40,81,543.309131,0.00973871235673,-181.232711,362.076420,362.141062
1048576,1048576,2097152,0.106,222298,32,256,4096,40,82,549.991184,0.00973871235673,-183.466646,366.524538,366.592055
1048576,1048576,2097152,0.106,222298,32,256,4096,40,83,556.673237,0.00973871235673,-185.700107,370.973131,371.040758
1048576,1048576,2097152,0.106,222298,32,256,4096,40,84,563.355291,0.00973871235673,-187.933039,375.422252,375.489859
1048576,1048576,2097152,0.106,222298,32,256,4096,40,85,570.037344,0.00973871235673,-190.165381,379.871963,379.939543
1048576,1048576,2097152,0.106,222298,32,256,4096,40,86,576.719397,0.00973871235673,-192.397066,384.322331,384.389880
1048576,1048576,2097152,0.106,222298,32,256,4096,40,87,583.401450,0.00973871235673,-194.628018,388.773432,388.840946
1048576,1048576,2097152,0.106,222298,32,256,4096,40,88,590.083504,0.00973871235673,-196.858157,393.225347,393.292822
1048576,1048576,2097152,0.106,222298,32,256,4096,40,89,596.765557,0.00973871235673,-199.087391,397.678166,397.745598
1048576,1048576,2097152,0.106,222298,32,256,4096,40,90,603.447610,0.00973871235673,-201.315623,402.131987,402.199371
1048576,1048576,2097152,0.106,222298,32,256,4096,40,91,610.129663,0.00973871235673,-203.542744,406.586919,406.654250
1048576,1048576,2097152,0.106,222298,32,256,4096,40,92,616.811717,0.00973871235673,-205.768640,411.043077,411.110350
1048576,1048576,2097152,0.106,222298,32,256,4096,40,93,623.493770,0.00973871235673,-207.993180,415.500590,415.567799
1048576,1048576,2097152,0.106,222298,32,256,4096,40,94,630.175823,0.00973871235673,-210.216231,419.959592,420.026730
1048576,1048576,2097152,0.106,222298,32,256,4096,40,95,636.857876,0.00973871235673,-212.437643,424.420233,424.487293
1048576,1048576,2097152,0.106,222298,32,256,4096,40,96,643.539930,0.00973871235673,-214.657262,428.882667,428.949643
1048576,1048576,2097152,0.106,222298,32,256,4096,40,97,650.221983,0.00973871235673,-216.874919,433.347064,433.413946
1048576,1048576,2097152,0.106,222298,32,256,4096,40,98,656.904036,0.00973871235673,-219.090440,437.813596,437.880378
1048576,1048576,2097152,0.106,222298,32,256,4096,40,99,663.586089,0.00973871235673,-221.303637,442.282452,442.349124
1048576,1048576,2097152,0.106,222298,32,256,4096,40,100,670.268143,0.00973871235673,-223.514322,446.753821,446.820375
1048576,1048576,2097152,0.106,222298,32,256,4096,40,101,676.950196,0.00973871235673,-225.722292,451.227904,451.294330
1048576,1048576,2097152,0.106,222298,32,256,4096,40,102,683.632249,0.00973871235673,-227.927350,455.704899,455.771188
1048576,1048576,2097152,0.106,222298,32,256,4096,40,103,690.314302,0.00973871235673,-230.129288,460.185014,460.251158
1048576,1048576,2097152,0.106,222298,32,256,4096,40,104,696.996356,0.00973871235673,-232.327903,464.668452,464.734441
1048576,1048576,2097152,0.106,222298,32,256,4096,40,105,703.678409,0.00973871235673,-234.522998,469.155411,469.221235
1048576,1048576,2097152,0.106,222298,32,256,4096,40,106,710.360462,0.00973871235673,-236.714376,473.646086,473.711737
1048576,1048576,2097152,0.106,222298,32,256,4096,40,107,717.042515,0.00973871235673,-238.901855,478.140660,478.206130
1048576,1048576,2097152,0.106,222298,32,256,4096,40,108,723.724569,0.00973871235673,-241.085269,482.639300,482.704582
1048576,1048576,2097152,0.106,222298,32,256,4096,40,109,730.406622,0.00973871235673,-243.264462,487.142160,487.207248
1048576,1048576,2097152,0.106,222298,32,256,4096,40,110,737.088675,0.00973871235673,-245.439303,491.649372,491.714259
1048576,1048576,2097152,0.106,222298,32,256,4096,40,111,743.770728,0.00973871235673,-247.609688,496.161040,496.225723
1048576,1048576,2097152,0.106,222298,32,256,4096,40,112,750.452782,0.00973871235673,-249.775532,500.677250,500.741725
1048576,1048576,2097152,0.106,222298,32,256,4096,40,113,757.134835,0.00973871235673,-251.936783,505.198052,505.262317
1048576,1048576,2097152,0.106,222298,32,256,4096,40,114,763.816888,0.00973871235673,-254.093421,509.723468,509.787523
1048576,1048576,2097152,0.106,222298,32,256,4096,40,115,770.498941,0.00973871235673,-256.245448,514.253494,514.317340
1048576,1048576,2097152,0.106,222298,32,256,4096,40,116,777.180995,0.00973871235673,-258.392905,518.788090,518.851730
1048576,1048576,2097152,0.106,222298,32,256,4096,40,117,783.863048,0.00973871235673,-260.535860,523.327188,523.390626
1048576,1048576,2097152,0.106,222298,32,256,4096,40,118,790.545101,0.00973871235673,-262.674404,527.870697,527.933936
1048576,1048576,2097152,0.106,222298,32,256,4096,40,119,797.227154,0.00973871235673,-264.808660,532.418494,532.481541
1048576,1048576,2097152,0.106,222298,32,256,4096,40,120,803.909208,0.00973871235673,-266.938772,536.970436,537.033298
1048576,1048576,2097152,0.106,222298,32,256,4096,40,121,810.591261,0.00973871235673,-269.064898,541.526363,541.589047
1048576,1048576,2097152,0.106,222298,32,256,4096,40,122,817.273314,0.00973871235673,-271.187219,546.086096,546.148611
1048576,1048576,2097152,0.106,222298,32,256,4096,40,123,823.955367,0.00973871235673,-273.305926,550.649442,550.711797
1048576,1048576,2097152,0.106,222298,32,256,4096,40,124,830.637421,0.00973871235673,-275.421216,555.216205,555.278409
1048576,1048576,2097152,0.106,222298,32,256,4096,40,125,837.319474,0.00973871235673,-277.533295,559.786179,559.848241
1048576,1048576,2097152,0.106,222298,32,256,4096,40,126,844.001527,0.00973871235673,-279.642372,564.359156,564.421085
1048576,1048576,2097152,0.106,222298,32,256,4096,40,127,850.683581,0.00973871235673,-281.748651,568.934930,568.996736
1048576,1048576,2097152,0.106,222298,32,256,4096,40,128,857.365634,0.00973871235673,-283.852337,573.513296,573.574989
1048576,1048576,2097152,0.106,222298,32,256,4096,40,129,864.047687,0.00973871235673,-285.953631,578.094056,578.155644
1048576,1048576,2097152,0.106,222298,32,256,4096,40,130,870.729740,0.00973871235673,-288.052724,582.677017,582.738508
1048576,1048576,2097152,0.106,222298,32,256,4096,40,131,877.411794,0.00973871235673,-290.149799,587.261994,587.323398
1048576,1048576,2097152,0.106,222298,32,256,4096,40,132,884.093847,0.00973871235673,-292.245035,591.848812,591.910135
1048576,1048576,2097152,0.106,222298,32,256,4096,40,133,890.775900,0.00973871235673,-294.338595,596.437305,596.498555
1048576,1048576,2097152,0.106,222298,32,256,4096,40,134,897.457953,0.00973871235673,-296.430636,601.027317,601.088502
1048576,1048576,2097152,0.106,222298,32,256,4096,40,135,904.140007,0.00973871235673,-298.521304,605.618703,605.679827
1048576,1048576,2097152,0.106,222298,32,256,4096,40,136,910.822060,0.00973871235673,-300.610733,610.211327,610.272397
1048576,1048576,2097152,0.106,222298,32,256,4096,40,137,917.504113,0.00973871235673,-302.699049,614.805064,614.866086
1048576,1048576,2097152,0.106,222298,32,256,4096,40,138,924.186166,0.00973871235673,-304.786369,619.399797,619.460776
1048576,1048576,2097152,0.106,222298,32,256,4096,40,139,930.868220,0.00973871235673,-306.872797,623.995423,624.056363
1048576,1048576,2097152,0.106,222298,32,256,4096,40,140,937.550273,0.00973871235673,-308.958431,628.591842,628.652748
1048576,1048576,2097152,0.106,222298,32,256,4096,40,141,944.232326,0.00973871235673,-311.043360,633.188966,633.249841
1048576,1048576,2097152,0.106,222298,32,256,4096,40,142,950.914379,0.00973871235673,-313.127665,637.786715,637.847563
1048576,1048576,2097152,0.106,222298,32,256,4096,40,143,957.596433,0.00973871235673,-315.211418,642.385014,642.445839
1048576,1048576,2097152,0.106,222298,32,256,4096,40,144,964.278486,0.00973871235673,-317.294688,646.983798,647.044601
1048576,1048576,2097152,0.106,222298,32,256,4096,40,145,970.960539,0.00973871235673,-319.377534,651.583005,651.643790
1048576,1048576,2097152,0.106,222298,32,256,4096,40,146,977.642592,0.00973871235673,-321.460010,656.182582,656.243352
1048576,1048576,2097152,0.106,222298,32,256,4096,40,147,984.324646,0.00973871235673,-323.542166,660.782480,660.843235
1048576,1048576,2097152,0.106,222298,32,256,4096,40,148,991.006699,0.00973871235673,-325.624045,665.382654,665.443397
1048576,1048576,2097152,0.106,222298,32,256,4096,40,149,997.688752,0.00973871235673,-327.705688,669.983064,670.043797
1048576,1048576,2097152,0.106,222298,32,256,4096,40,150,1004.370805,0.00973871235673,-329.787131,674.583675,674.644399
1048576,1048576,2097152,0.106,222298,32,256,4096,40,151,1011.052859,0.00973871235673,-331.868404,679.184454,679.245171
1048576,1048576,2097152,0.106,222298,32,256,4096,40,152,1017.734912,0.00973871235673,-333.949538,683.785374,683.846085
1048576,1048576,2097152,0.106,222298,32,256,4096,40,153,1024.416965,0.00973871235673,-336.030557,688.386408,688.447114
1048576,1048576,2097152,0.106,222298,32,256,4096,40,154,1031.099018,0.00973871235673,-338.111485,692.987533,693.048235
1048576,1048576,2097152,0.106,222298,32,256,4096,40,155,1037.781072,0.00973871235673,-340.192342,697.588729,697.649428
1048576,1048576,2097152,0.106,222298,32,256,4096,40,156,1044.463125,0.00973871235673,-342.273146,702.189978,702.250675
1048576,1048576,2097152,0.106,222298,32,256,4096,40,157,1051.145178,0.00973871235673,-344.353915,706.791264,706.851959
1048576,1048576,2097152,0.106,222298,32,256,4096,40,158,1057.827231,0.00973871235673,-346.434661,711.392571,711.453265
1048576,1048576,2097152,0.106,222298,32,256,4096,40,159,1064.509285,0.00973871235673,-348.515398,715.993887,716.054581
1048576,1048576,2097152,0.106,222298,32,256,4096,40,160,1071.191338,0.00973871235673,-350.596137,720.595201,720.655895
1048576,1048576,2097152,0.106,222298,32,256,4096,40,161,1077.873391,0.00973871235673,-352.676889,725.196502,725.257196
1048576,1048576,2097152,0.106,222298,32,256,4096,40,162,1084.555444,0.00973871235673,-354.757663,729.797782,729.858477
1048576,1048576,2097152,0.106,222298,32,256,4096,40,163,1091.237498,0.00973871235673,-356.838466,734.399032,734.459728
1048576,1048576,2097152,0.106,222298,32,256,4096,40,164,1097.919551,0.00973871235673,-358.919305,739.000246,739.060944
1048576,1048576,2097152,0.106,222298,32,256,4096,40,165,1104.601604,0.00973871235673,-361.000187,743.601417,743.662117
1048576,1048576,2097152,0.106,222298,32,256,4096,40,166,1111.283657,0.00973871235673,-363.081117,748.202540,748.263242
1048576,1048576,2097152,0.106,222298,32,256,4096,40,167,1117.965711,0.00973871235673,-365.162100,752.803611,752.864315
1048576,1048576,2097152,0.106,222298,32,256,4096,40,168,1124.647764,0.00973871235673,-367.243139,757.404625,757.465331
1048576,1048576,2097152,0.106,222298,32,256,4096,40,169,1131.329817,0.00973871235673,-369.324239,762.005578,762.066287
1048576,1048576,2097152,0.106,222298,32,256,4096,40,170,1138.011870,0.00973871235673,-371.405403,766.606467,766.667179
1048576,1048576,2097152,0.106,222298,32,256,4096,40,171,1144.693924,0.00973871235673,-373.486633,771.207291,771.268005
1048576,1048576,2097152,0.106,222298,32,256,4096,40,172,1151.375977,0.00973871235673,-375.567932,775.808045,775.868763
1048576,1048576,2097152,0.106,222298,32,256,4096,40,173,1158.058030,0.00973871235673,-377.649301,780.408729,780.469450
1048576,1048576,2097152,0.106,222298,32,256,4096,40,174,1164.740083,0.00973871235673,-379.730743,785.009340,785.070064
1048576,1048576,2097152,0.106,222298,32,256,4096,40,175,1171.422137,0.00973871235673,-381.812258,789.609878,789.670605
1048576,1048576,2097152,0.106,222298,32,256,4096,40,176,1178.104190,0.00973871235673,-383.893849,794.210341,794.271071
1048576,1048576,2097152,0.106,222298,32,256,4096,40,177,1184.786243,0.00973871235673,-385.975515,798.810728,798.871462
1048576,1048576,2097152,0.106,222298,32,256,4096,40,178,1191.468296,0.00973871235673,-388.057258,803.411038,803.471775
1048576,1048576,2097152,0.106,222298,32,256,4096,40,179,1198.150350,0.00973871235673,-390.139078,808.011271,808.072011
1048576,1048576,2097152,0.106,222298,32,256,4096,40,180,1204.832403,0.00973871235673,-392.220977,812.611426,812.672170
1048576,1048576,2097152,0.106,222298,32,256,4096,40,181,1211.514456,0.00973871235673,-394.302953,817.211503,817.272250
1048576,1048576,2097152,0.106,222298,32,256,4096,40,182,1218.196509,0.00973871235673,-396.385007,821.811502,821.872252
1048576,1048576,2097152,0.106,222298,32,256,4096,40,183,1224.878563,0.00973871235673,-398.467140,826.411422,826.472176
1048576,1048576,2097152,0.106,222298,32,256,4096,40,184,1231.560616,0.00973871235673,-400.549352,831.011264,831.072021
1048576,1048576,2097152,0.106,222298,32,256,4096,40,185,1238.242669,0.00973871235673,-402.631641,835.611028,835.671788
1048576,1048576,2097152,0.106,222298,32,256,4096,40,186,1244.924722,0.00973871235673,-404.714009,840.210713,840.271477
1048576,1048576,2097152,0.106,222298,32,256,4096,40,187,1251.606776,0.00973871235673,-406.796455,844.810320,844.871087
1048576,1048576,2097152,0.106,222298,32,256,4096,40,188,1258.288829,0.00973871235673,-408.878979,849.409850,849.470620
1048576,1048576,2097152,0.106,222298,32,256,4096,40,189,1264.970882,0.00973871235673,-410.961581,854.009301,854.070075
1048576,1048576,2097152,0.106,222298,32,256,4096,40,190,1271.652935,0.00973871235673,-413.044259,858.608676,858.669453
1048576,1048576,2097152,0.106,222298,32,256,4096,40,191,1278.334989,0.00973871235673,-415.127014,863.207974,863.268755
1048576,1048576,2097152,0.106,222298,32,256,4096,40,192,1285.017042,0.00973871235673,-417.209846,867.807196,867.867979
1048576,1048576,2097152,0.106,222298,32,256,4096,40,193,1291.699095,0.00973871235673,-419.292754,872.406341,872.467128
1048576,1048576,2097152,0.106,222298,32,256,4096,40,194,1298.381148,0.00973871235673,-421.375737,877.005412,877.066202
1048576,1048576,2097152,0.106,222298,32,256,4096,40,195,1305.063202,0.00973871235673,-423.458795,881.604407,881.665200
1048576,1048576,2097152,0.106,222298,32,256,4096,40,196,1311.745255,0.00973871235673,-425.541927,886.203328,886.264124
1048576,1048576,2097152,0.106,222298,32,256,4096,40,197,1318.427308,0.00973871235673,-427.625134,890.802175,890.862974
1048576,1048576,2097152,0.106,222298,32,256,4096,40,198,1325.109361,0.00973871235673,-429.708413,895.400948,895.461751
1048576,1048576,2097152,0.106,222298,32,256,4096,40,199,1331.791415,0.00973871235673,-431.791766,899.999648,900.060455
1048576,1048576,2097152,0.106,222298,32,256,4096,40,200,1338.473468,0.00973871235673,-433.875191,904.598277,904.659086
1048576,1048576,2097152,0.106,222298,32,256,4096,40,201,1345.155521,0.00973871235673,-435.958688,909.196833,909.257645
1048576,1048576,2097152,0.106,222298,32,256,4096,40,202,1351.837574,0.00973871235673,-438.042256,913.795318,913.856133
1048576,1048576,2097152,0.106,222298,32,256,4096,40,203,1358.519628,0.00973871235673,-440.125895,918.393732,918.454551
1048576,1048576,2097152,0.106,222298,32,256,4096,40,204,1365.201681,0.00973871235673,-442.209604,922.992077,923.052898
1048576,1048576,2097152,0.106,222298,32,256,4096,40,205,1371.883734,0.00973871235673,-444.293383,927.590351,927.651176
1048576,1048576,2097152,0.106,222298,32,256,4096,40,206,1378.565787,0.00973871235673,-446.377230,932.188557,932.249384
1048576,1048576,2097152,0.106,222298,32,256,4096,40,207,1385.247841,0.00973871235673,-448.461146,936.786694,936.847525
1048576,1048576,2097152,0.106,222298,32,256,4096,40,208,1391.929894,0.00973871235673,-450.545130,941.384764,941.445597
1048576,1048576,2097152,0.106,222298,32,256,4096,40,209,1398.611947,0.00973871235673,-452.629181,945.982766,946.043602
1048576,1048576,2097152,0.106,222298,32,256,4096,40,210,1405.294000,0.00973871235673,-454.713299,950.580701,950.641540
1048576,1048576,2097152,0.106,222298,32,256,4096,40,211,1411.976054,0.00973871235673,-456.797483,955.178570,955.239412
1048576,1048576,2097152,0.106,222298,32,256,4096,40,212,1418.658107,0.00973871235673,-458.881733,959.776374,959.837218
1048576,1048576,2097152,0.106,222298,32,256,4096,40,213,1425.340160,0.00973871235673,-460.966048,964.374112,964.434959
1048576,1048576,2097152,0.106,222298,32,256,4096,40,214,1432.022213,0.00973871235673,-463.050428,968.971786,969.032636
1048576,1048576,2097152,0.106,222298,32,256,4096,40,215,1438.704267,0.00973871235673,-465.134871,973.569395,973.630249
1048576,1048576,2097152,0.106,222298,32,256,4096,40,216,1445.386320,0.00973871235673,-467.219378,978.166942,978.227798
1048576,1048576,2097152,0.106,222298,32,256,4096,40,217,1452.068373,0.00973871235673,-469.303948,982.764425,982.825284
1048576,1048576,2097152,0.106,222298,32,256,4096,40,218,1458.750426,0.00973871235673,-471.388581,987.361846,987.422707
1048576,1048576,2097152,0.106,222298,32,256,4096,40,219,1465.432480,0.00973871235673,-473.473275,991.959205,992.020069
1048576,1048576,2097152,0.106,222298,32,256,4096,40,220,1472.114533,0.00973871235673,-475.558031,996.556502,996.617369
1048576,1048576,2097152,0.106,222298,32,256,4096,45,1,-inf,,-2.237843,-inf,-inf
1048576,1048576,2097152,0.106,222298,32,256,4096,45,2,-inf,,-4.475684,-inf,-inf
1048576,1048576,2097152,0.106,222298,32,256,4096,45,3,-inf,,-6.713526,-inf,-inf
1048576,1048576,2097152,0.106,222298,32,256,4096,45,4,-inf,,-8.951366,-inf,-inf
1048576,1048576,2097152,0.106,222298,32,256,4096,45,5,-inf,,-11.189206,-inf,-inf
1048576,1048576,2097152,0.106,222298,32,256,4096,45,6,-inf,,-13.427045,-inf,-inf
1048576,1048576,2097152,0.106,222298,32,256,4096,45,7,-inf,,-15.664883,-inf,-inf
1048576,1048576,2097152,0.106,222298,32,256,4096,45,8,-inf,,-17.902721,-inf,-inf
1048576,1048576,2097152,0.106,222298,32,256,4096,45,9,-inf,,-20.140558,-inf,-inf
1048576,1048576,2097152,0.106,222298,32,256,4096,45,10,-inf,,-22.378394,-inf,-inf
1048576,1048576,2097152,0.106,222298,32,256,4096,45,11,-inf,,-24.616229,-inf,-inf
1048576,1048576,2097152,0.106,222298,32,256,4096,45,12,-inf,,-26.854064,-inf,-inf
1048576,1048576,2097152,0.106,222298,32,256,4096,45,13,-inf,,-29.091897,-inf,-inf
1048576,1048576,2097152,0.106,222298,32,256,4096,45,14,-inf,,-31.329731,-inf,-inf
1048576,1048576,2097152,0.106,222298,32,256,4096,45,15,-inf,,-33.567563,-inf,-inf
1048576,1048576,2097152,0.106,222298,32,256,4096,45,16,-inf,,-35.805394,-inf,-inf
1048576,1048576,2097152,0.106,222298,32,256,4096,45,17,-inf,,-38.043225,-inf,-inf
1048576,1048576,2097152,0.106,222298,32,256,4096,45,18,-inf,,-40.281055,-inf,-inf
1048576,1048576,2097152,0.106,222298,32,256,4096,45,19,-inf,,-42.518884,-inf,-inf
1048576,1048576,2097152,0.106,222298,32,256,4096,45,20,-inf,,-44.756712,-inf,-inf
1048576,1048576,2097152,0.106,222298,32,256,4096,45,21,-inf,,-46.994540,-inf,-inf
1048576,1048576,2097152,0.106,222298,32,256,4096,45,22,-inf,,-49.232366,-inf,-inf
1048576,1048576,2097152,0.106,222298,32,256,4096,45,23,-inf,,-51.470191,-inf,-inf
1048576,1048576,2097152,0.106,222298,32,256,4096,45,24,-inf,,-53.708016,-inf,-inf
1048576,1048576,2097152,0.106,222298,32,256,4096,45,25,-inf,,-55.945839,-inf,-inf
1048576,1048576,2097152,0.106,222298,32,256,4096,45,26,-inf,,-58.183662,-inf,-inf
1048576,1048576,2097152,0.106,222298,32,256,4096,45,27,-inf,,-60.421483,-inf,-inf
1048576,1048576,2097152,0.106,222298,32,256,4096,45,28,-inf,,-62.659303,-inf,-inf
1048576,1048576,2097152,0.106,222298,32,256,4096,45,29,-inf,,-64.897122,-inf,-inf
1048576,1048576,2097152,0.106,222298,32,256,4096,45,30,-inf,,-67.134939,-inf,-inf
1048576,1048576,2097152,0.106,222298,32,256,4096,45,31,-inf,,-69.372755,-inf,-inf
1048576,1048576,2097152,0.106,222298,32,256,4096,45,32,-inf,,-71.610569,-inf,-inf
1048576,1048576,2097152,0.106,222298,32,256,4096,45,33,-inf,,-73.848382,-inf,-inf
1048576,1048576,2097152,0.106,222298,32,256,4096,45,34,-inf,,-76.086193,-inf,-inf
1048576,1048576,2097152,0.106,222298,32,256,4096,45,35,-inf,,-78.324002,-inf,-inf
1048576,1048576,2097152,0.106,222298,32,256,4096,45,36,-inf,,-80.561808,-inf,-inf
1048576,1048576,2097152,0.106,222298,32,256,4096,45,37,-inf,,-82.799612,-inf,-inf
1048576,1048576,2097152,0.106,222298,32,256,4096,45,38,-inf,,-85.037414,-inf,-inf
1048576,1048576,2097152,0.106,222298,32,256,4096,45,39,-inf,,-87.275213,-inf,-inf
1048576,1048576,2097152,0.106,222298,32,256,4096,45,40,-inf,,-89.513008,-inf,-inf
1048576,1048576,2097152,0.106,222298,32,256,4096,45,41,-inf,,-91.750800,-inf,-inf
1048576,1048576,2097152,0.106,222298,32,256,4096,45,42,-inf,,-93.988588,-inf,-inf
1048576,1048576,2097152,0.106,222298,32,256,4096,45,43,-inf,,-96.226371,-inf,-inf
1048576,1048576,2097152,0.106,222298,32,256,4096,45,44,-inf,,-98.464149,-inf,-inf
1048576,1048576,2097152,0.106,222298,32,256,4096,45,45,227.839431,,-100.701922,127.137509,127.137509
1048576,1048576,2097152,0.106,222298,32,256,4096,45,46,231.183148,,-102.939689,128.243459,128.793962
1048576,1048576,2097152,0.106,222298,32,256,4096,45,47,234.492745,,-105.177448,129.315297,130.078051
1048576,1048576,2097152,0.106,222298,32,256,4096,45,48,237.768869,,-107.415200,130.353669,131.222432
1048576,1048576,2097152,0.106,222298,32,256,4096,45,49,241.012141,,-109.652943,131.359198,132.292435
1048576,1048576,2097152,0.106,222298,32,256,4096,45,50,244.223153,,-111.890676,132.332477,133.312595
1048576,1048576,2097152,0.106,222298,32,256,4096,45,51,247.402477,,-114.128398,133.274079,134.293465
1048576,1048576,2097152,0.106,222298,32,256,4096,45,52,250.550660,,-116.366107,134.184552,135.240036
1048576,1048576,2097152,0.106,222298,32,256,4096,45,53,253.668229,,-118.603803,135.064427,136.154902
1048576,1048576,2097152,0.106,222298,32,256,4096,45,54,256.755692,,-120.841482,135.914210,137.039569
1048576,1048576,2097152,0.106,222298,32,256,4096,45,55,259.813536,,-123.079144,136.734392,137.895035
1048576,1048576,2097152,0.106,222298,32,256,4096,45,56,262.842232,,-125.316785,137.525446,138.722044
1048576,1048576,2097152,0.106,222298,32,256,4096,45,57,265.842232,,-127.554404,138.287828,139.521210
1048576,1048576,2097152,0.106,222298,32,256,4096,45,58,268.000000,,-129.791997,138.208003,140.009134
1048576,1048576,2097152,0.106,222298,32,256,4096,45,59,268.000000,,-132.029562,135.970438,140.094349
1048576,1048576,2097152,0.106,222298,32,256,4096,45,60,268.000000,,-134.267094,133.732906,140.111790
1048576,1048576,2097152,0.106,222298,32,256,4096,45,61,268.000000,,-136.504589,131.495411,140.115461
1048576,1048576,2097152,0.106,222298,32,256,4096,45,62,268.000000,,-138.742043,129.257957,140.116239
1048576,1048576,2097152,0.106,222298,32,256,4096,45,63,268.000000,,-140.979450,127.020550,140.116403
1048576,1048576,2097152,0.106,222298,32,256,4096,45,64,268.000000,,-143.216806,124.783194,140.116438
1048576,1048576,2097152,0.106,222298,32,256,4096,45,65,268.000000,,-145.454102,122.545898,140.116446
1048576,1048576,2097152,0.106,222298,32,256,4096,45,66,268.000000,,-147.691331,120.308669,140.116447
1048576,1048576,2097152,0.106,222298,32,256,4096,45,67,268.000000,,-149.928486,118.071514,140.116448
1048576,1048576,2097152,0.106,222298,32,256,4096,45,68,268.000000,,-152.165557,115.834443,140.116448
1048576,1048576,2097152,0.106,222298,32,256,4096,45,69,268.000000,,-154.402533,113.597467,140.116448
1048576,1048576,2097152,0.106,222298,32,256,4096,45,70,268.000000,,-156.639403,111.360597,140.116448
1048576,1048576,2097152,0.106,222298,32,256,4096,45,71,268.000000,,-158.876152,109.123848,140.116448
1048576,1048576,2097152,0.106,222298,32,256,4096,45,72,268.000000,,-161.112767,106.887233,140.116448
1048576,1048576,2097152,0.106,222298,32,256,4096,45,73,268.000000,,-163.349231,104.650769,140.116448
1048576,1048576,2097152,0.106,222298,32,256,4096,45,74,268.000000,,-165.585524,102.414476,140.116448
1048576,1048576,2097152,0.106,222298,32,256,4096,45,75,268.000000,,-167.821627,100.178373,140.116448
1048576,1048576,2097152,0.106,222298,32,256,4096,45,76,268.000000,,-170.057515,97.942485,140.116448
1048576,1048576,2097152,0.106,222298,32,256,4096,45,77,268.000000,,-172.293162,95.706838,140.116448
1048576,1048576,2097152,0.106,222298,32,256,4096,45,78,268.000000,,-174.528540,93.471460,140.116448
1048576,1048576,2097152,0.106,222298,32,256,4096,45,79,268.000000,,-176.763616,91.236384,140.116448
1048576,1048576,2097152,0.106,222298,32,256,4096,45,80,268.000000,,-178.998353,89.001647,140.116448
1048576,1048576,2097152,0.106,222298,32,256,4096,45,81,268.000000,,-181.232711,86.767289,140.116448
1048576,1048576,2097152,0.106,222298,32,256,4096,45,82,268.000000,,-183.466646,84.533354,140.116448
1048576,1048576,2097152,0.106,222298,32,256,4096,45,83,268.000000,,-185.700107,82.299893,140.116448
1048576,1048576,2097152,0.106,222298,32,256,4096,45,84,268.000000,,-187.933039,80.066961,140.116448
1048576,1048576,2097152,0.106,222298,32,256,4096,45,85,268.000000,,-190.165381,77.834619,140.116448
1048576,1048576,2097152,0.106,222298,32,256,4096,45,86,268.000000,,-192.397066,75.602934,140.116448
1048576,1048576,2097152,0.106,222298,32,256,4096,45,87,268.000000,,-194.628018,73.371982,140.116448
1048576,1048576,2097152,0.106,222298,32,256,4096,45,88,268.000000,,-196.858157,71.141843,140.116448
1048576,1048576,2097152,0.106,222298,32,256,4096,45,89,268.000000,,-199.087391,68.912609,140.116448
1048576,1048576,2097152,0.106,222298,32,256,4096,45,90,536.626829,0.0162912004976,-201.315623,335.311205,335.311205
1048576,1048576,2097152,0.106,222298,32,256,4096,45,91,542.566592,0.0162912004976,-203.542744,339.023847,339.129894
1048576,1048576,2097152,0.106,222298,32,256,4096,45,92,548.506355,0.0162912004976,-205.768640,342.737716,342.851447
1048576,1048576,2097152,0.106,222298,32,256,4096,45,93,554.446118,0.0162912004976,-207.993180,346.452938,346.567151
1048576,1048576,2097152,0.106,222298,32,256,4096,45,94,560.385882,0.0162912004976,-210.216231,350.169651,350.283787
1048576,1048576,2097152,0.106,222298,32,256,4096,45,95,566.325645,0.0162912004976,-212.437643,353.888002,354.002007
1048576,1048576,2097152,0.106,222298,32,256,4096,45,96,572.265408,0.0162912004976,-214.657262,357.608146,357.722005
1048576,1048576,2097152,0.106,222298,32,256,4096,45,97,578.205171,0.0162912004976,-216.874919,361.330252,361.443951
1048576,1048576,2097152,0.106,222298,32,256,4096,45,98,584.144935,0.0162912004976,-219.090440,365.054495,365.168020
1048576,1048576,2097152,0.106,222298,32,256,4096,45,99,590.084698,0.0162912004976,-221.303637,368.781061,368.894397
1048576,1048576,2097152,0.106,222298,32,256,4096,45,100,596.024461,0.0162912004976,-223.514322,372.510140,372.623272
1048576,1048576,2097152,0.106,222298,32,256,4096,45,101,601.964225,0.0162912004976,-225.722292,376.241932,376.354845
1048576,1048576,2097152,0.106,222298,32,256,4096,45,102,607.903988,0.0162912004976,-227.927350,379.976637,380.089315
1048576,1048576,2097152,0.106,222298,32,256,4096,45,103,613.843751,0.0162912004976,-230.129288,383.714463,383.826888
1048576,1048576,2097152,0.106,222298,32,256,4096,45,104,619.783514,0.0162912004976,-232.327903,387.455611,387.567769
1048576,1048576,2097152,0.106,222298,32,256,4096,45,105,625.723278,0.0162912004976,-234.522998,391.200279,391.312154
1048576,1048576,2097152,0.106,222298,32,256,4096,45,106,631.663041,0.0162912004976,-236.714376,394.948665,395.060242
1048576,1048576,2097152,0.106,222298,32,256,4096,45,107,637.602804,0.0162912004976,-238.901855,398.700949,398.812214
1048576,1048576,2097152,0.106,222298,32,256,4096,45,108,643.542567,0.0162912004976,-241.085269,402.457298,402.568239
1048576,1048576,2097152,0.106,222298,32,256,4096,45,109,649.482331,0.0162912004976,-243.264462,406.217869,406.328473
1048576,1048576,2097152,0.106,222298,32,256,4096,45,110,655.422094,0.0162912004976,-245.439303,409.982791,410.093050
1048576,1048576,2097152,0.106,222298,32,256,4096,45,111,661.361857,0.0162912004976,-247.609688,413.752169,413.862075
1048576,1048576,2097152,0.106,222298,32,256,4096,45,112,667.301620,0.0162912004976,-249.775532,417.526088,417.635636
1048576,1048576,2097152,0.106,222298,32,256,4096,45,113,673.241384,0.0162912004976,-251.936783,421.304601,421.413787
1048576,1048576,2097152,0.106,222298,32,256,4096,45,114,679.181147,0.0162912004976,-254.093421,425.087727,425.196551
1048576,1048576,2097152,0.106,222298,32,256,4096,45,115,685.120910,0.0162912004976,-256.245448,428.875462,428.983926
1048576,1048576,2097152,0.106,222298,32,256,4096,45,116,691.060674,0.0162912004976,-258.392905,432.667769,432.775876
1048576,1048576,2097152,0.106,222298,32,256,4096,45,117,697.000437,0.0162912004976,-260.535860,436.464577,436.572334
1048576,1048576,2097152,0.106,222298,32,256,4096,45,118,702.940200,0.0162912004976,-262.674404,440.265796,440.373211
1048576,1048576,2097152,0.106,222298,32,256,4096,45,119,708.879963,0.0162912004976,-264.808660,444.071303,444.178386
1048576,1048576,2097152,0.106,222298,32,256,4096,45,120,714.819727,0.0162912004976,-266.938772,447.880955,447.987718
1048576,1048576,2097152,0.106,222298,32,256,4096,45,121,720.759490,0.0162912004976,-269.064898,451.694592,451.801048
1048576,1048576,2097152,0.106,222298,32,256,4096,45,122,726.699253,0.0162912004976,-271.187219,455.512034,455.618199
1048576,1048576,2097152,0.106,222298,32,256,4096,45,123,732.639016,0.0162912004976,-273.305926,459.333091,459.438978
1048576,1048576,2097152,0.106,222298,32,256,4096,45,124,738.578780,0.0162912004976,-275.421216,463.157564,463.263191
1048576,1048576,2097152,0.106,222298,32,256,4096,45,125,744.518543,0.0162912004976,-277.533295,466.985248,467.090630
1048576,1048576,2097152,0.106,222298,32,256,4096,45,126,750.458306,0.0162912004976,-279.642372,470.815935,470.921088
1048576,1048576,2097152,0.106,222298,32,256,4096,45,127,756.398070,0.0162912004976,-281.748651,474.649419,474.754360
1048576,1048576,2097152,0.106,222298,32,256,4096,45,128,762.337833,0.0162912004976,-283.852337,478.485496,478.590240
1048576,1048576,2097152,0.106,222298,32,256,4096,45,129,768.277596,0.0162912004976,-285.953631,482.323965,482.428528
1048576,1048576,2097152,0.106,222298,32,256,4096,45,130,774.217359,0.0162912004976,-288.052724,486.164636,486.269032
1048576,1048576,2097152,0.106,222298,32,256,4096,45,131,780.157123,0.0162912004976,-290.149799,490.007323,490.111567
1048576,1048576,2097152,0.106,222298,32,256,4096,45,132,786.096886,0.0162912004976,-292.245035,493.851851,493.955956
1048576,1048576,2097152,0.106,222298,32,256,4096,45,133,792.036649,0.0162912004976,-294.338595,497.698054,497.802033
1048576,1048576,2097152,0.106,222298,32,256,4096,45,134,797.976412,0.0162912004976,-296.430636,501.545777,501.649641
1048576,1048576,2097152,0.106,222298,32,256,4096,45,135,803.916176,0.0162912004976,-298.521304,505.394872,505.498633
1048576,1048576,2097152,0.106,222298,32,256,4096,45,136,809.855939,0.0162912004976,-300.610733,509.245206,509.348874
1048576,1048576,2097152,0.106,222298,32,256,4096,45,137,815.795702,0.0162912004976,-302.699049,513.096653,513.200238
1048576,1048576,2097152,0.106,222298,32,256,4096,45,138,821.735466,0.0162912004976,-304.786369,516.949097,517.052607
1048576,1048576,2097152,0.106,222298,32,256,4096,45,139,827.675229,0.0162912004976,-306.872797,520.802432,520.905875
1048576,1048576,2097152,0.106,222298,32,256,4096,45,140,833.614992,0.0162912004976,-308.958431,524.656561,524.759945
1048576,1048576,2097152,0.106,222298,32,256,4096,45,141,839.554755,0.0162912004976,-311.043360,528.511395,528.614726
1048576,1048576,2097152,0.106,222298,32,256,4096,45,142,845.494519,0.0162912004976,-313.127665,532.366854,532.470138
1048576,1048576,2097152,0.106,222298,32,256,4096,45,143,851.434282,0.0162912004976,-315.211418,536.222863,536.326106
1048576,1048576,2097152,0.106,222298,32,256,4096,45,144,857.374045,0.0162912004976,-317.294688,540.079357,540.182563
1048576,1048576,2097152,0.106,222298,32,256,4096,45,145,863.313808,0.0162912004976,-319.377534,543.936275,544.039449
1048576,1048576,2097152,0.106,222298,32,256,4096,45,146,869.253572,0.0162912004976,-321.460010,547.793562,547.896709
1048576,1048576,2097152,0.106,222298,32,256,4096,45,147,875.193335,0.0162912004976,-323.542166,551.651169,551.754292
1048576,1048576,2097152,0.106,222298,32,256,4096,45,148,881.133098,0.0162912004976,-325.624045,555.509053,555.612155
1048576,1048576,2097152,0.106,222298,32,256,4096,45,149,887.072861,0.0162912004976,-327.705688,559.367173,559.470258
1048576,1048576,2097152,0.106,222298,32,256,4096,45,150,893.012625,0.0162912004976,-329.787131,563.225494,563.328563
1048576,1048576,2097152,0.106,222298,32,256,4096,45,151,898.952388,0.0162912004976,-331.868404,567.083984,567.187040
1048576,1048576,2097152,0.106,222298,32,256,4096,45,152,904.892151,0.0162912004976,-333.949538,570.942613,571.045660
1048576,1048576,2097152,0.106,222298,32,256,4096,45,153,910.831915,0.0162912004976,-336.030557,574.801357,574.904395
1048576,1048576,2097152,0.106,222298,32,256,4096,45,154,916.771678,0.0162912004976,-338.111485,578.660193,578.763223
1048576,1048576,2097152,0.106,222298,32,256,4096,45,155,922.711441,0.0162912004976,-340.192342,582.519099,582.622124
1048576,1048576,2097152,0.106,222298,32,256,4096,45,156,928.651204,0.0162912004976,-342.273146,586.378058,586.481079
1048576,1048576,2097152,0.106,222298,32,256,4096,45,157,934.590968,0.0162912004976,-344.353915,590.237053,590.340072
1048576,1048576,2097152,0.106,222298,32,256,4096,45,158,940.530731,0.0162912004976,-346.434661,594.096070,594.199087
1048576,1048576,2097152,0.106,222298,32,256,4096,45,159,946.470494,0.0162912004976,-348.515398,597.955097,598.058113
1048576,1048576,2097152,0.106,222298,32,256,4096,45,160,952.410257,0.0162912004976,-350.596137,601.814120,601.917137
1048576,1048576,2097152,0.106,222298,32,256,4096,45,161,958.350021,0.0162912004976,-352.676889,605.673132,605.776149
1048576,1048576,2097152,0.106,222298,32,256,4096,45,162,964.289784,0.0162912004976,-354.757663,609.532121,609.635140
1048576,1048576,2097152,0.106,222298,32,256,4096,45,163,970.229547,0.0162912004976,-356.838466,613.391082,613.494102
1048576,1048576,2097152,0.106,222298,32,256,4096,45,164,976.169311,0.0162912004976,-358.919305,617.250006,617.353029
1048576,1048576,2097152,0.106,222298,32,256,4096,45,165,982.109074,0.0162912004976,-361.000187,621.108887,621.211913
1048576,1048576,2097152,0.106,222298,32,256,4096,45,166,988.048837,0.0162912004976,-363.081117,624.967720,625.070750
1048576,1048576,2097152,0.106,222298,32,256,4096,45,167,993.988600,0.0162912004976,-365.162100,628.826501,628.929535
1048576,1048576,2097152,0.106,222298,32,256,4096,45,168,999.928364,0.0162912004976,-367.243139,632.685224,632.788263
1048576,1048576,2097152,0.106,222298,32,256,4096,45,169,1005.868127,0.0162912004976,-369.324239,636.543888,636.646930
1048576,1048576,2097152,0.106,222298,32,256,4096,45,170,1011.807890,0.0162912004976,-371.405403,640.402487,640.505534
1048576,1048576,2097152,0.106,222298,32,256,4096,45,171,1017.747653,0.0162912004976,-373.486633,644.261020,644.364073
1048576,1048576,2097152,0.106,222298,32,256,4096,45,172,1023.687417,0.0162912004976,-375.567932,648.119485,648.222542
1048576,1048576,2097152,0.106,222298,32,256,4096,45,173,1029.627180,0.0162912004976,-377.649301,651.977879,652.080941
1048576,1048576,2097152,0.106,222298,32,256,4096,45,174,1035.566943,0.0162912004976,-379.730743,655.836200,655.939268
1048576,1048576,2097152,0.106,222298,32,256,4096,45,175,1041.506706,0.0162912004976,-381.812258,659.694448,659.797522
1048576,1048576,2097152,0.106,222298,32,256,4096,45,176,1047.446470,0.0162912004976,-383.893849,663.552621,663.655700
1048576,1048576,2097152,0.106,222298,32,256,4096,45,177,1053.386233,0.0162912004976,-385.975515,667.410718,667.513802
1048576,1048576,2097152,0.106,222298,32,256,4096,45,178,1059.325996,0.0162912004976,-388.057258,671.268738,671.371828
1048576,1048576,2097152,0.106,222298,32,256,4096,45,179,1065.265760,0.0162912004976,-390.139078,675.126681,675.229777
1048576,1048576,2097152,0.106,222298,32,256,4096,45,180,1071.205523,0.0162912004976,-392.220977,678.984546,679.087648
1048576,1048576,2097152,0.106,222298,32,256,4096,45,181,1077.145286,0.0162912004976,-394.302953,682.842333,682.945441
1048576,1048576,2097152,0.106,222298,32,256,4096,45,182,1083.085049,0.0162912004976,-396.385007,686.700042,686.803155
1048576,1048576,2097152,0.106,222298,32,256,4096,45,183,1089.024813,0.0162912004976,-398.467140,690.557672,690.660791
1048576,1048576,2097152,0.106,222298,32,256,4096,45,184,1094.964576,0.0162912004976,-400.549352,694.415224,694.518349
1048576,1048576,2097152,0.106,222298,32,256,4096,45,185,1100.904339,0.0162912004976,-402.631641,698.272698,698.375828
1048576,1048576,2097152,0.106,222298,32,256,4096,45,186,1106.844102,0.0162912004976,-404.714009,702.130093,702.233230
1048576,1048576,2097152,0.106,222298,32,256,4096,45,187,1112.783866,0.0162912004976,-406.796455,705.987410,706.090553
1048576,1048576,2097152,0.106,222298,32,256,4096,45,188,1118.723629,0.0162912004976,-408.878979,709.844650,709.947798
1048576,1048576,2097152,0.106,222298,32,256,4096,45,189,1124.663392,0.0162912004976,-410.961581,713.701812,713.804965
1048576,1048576,2097152,0.106,222298,32,256,4096,45,190,1130.603156,0.0162912004976,-413.044259,717.558896,717.662056
1048576,1048576,2097152,0.106,222298,32,256,4096,45,191,1136.542919,0.0162912004976,-415.127014,721.415904,721.519070
1048576,1048576,2097152,0.106,222298,32,256,4096,45,192,1142.482682,0.0162912004976,-417.209846,725.272836,725.376007
1048576,1048576,2097152,0.106,222298,32,256,4096,45,193,1148.422445,0.0162912004976,-419.292754,729.129692,729.232868
1048576,1048576,2097152,0.106,222298,32,256,4096,45,194,1154.362209,0.0162912004976,-421.375737,732.986472,733.089654
1048576,1048576,2097152,0.106,222298,32,256,4096,45,195,1160.301972,0.0162912004976,-423.458795,736.843177,736.946365
1048576,1048576,2097152,0.106,222298,32,256,4096,45,196,1166.241735,0.0162912004976,-425.541927,740.699808,740.803001
1048576,1048576,2097152,0.106,222298,32,256,4096,45,197,1172.181498,0.0162912004976,-427.625134,744.556365,744.659564
1048576,1048576,2097152,0.106,222298,32,256,4096,45,198,1178.121262,0.0162912004976,-429.708413,748.412848,748.516052
1048576,1048576,2097152,0.106,222298,32,256,4096,45,199,1184.061025,0.0162912004976,-431.791766,752.269259,752.372468
1048576,1048576,2097152,0.106,222298,32,256,4096,45,200,1190.000788,0.0162912004976,-433.875191,756.125597,756.228812
1048576,1048576,2097152,0.106,222298,32,256,4096,45,201,1195.940552,0.0162912004976,-435.958688,759.981863,760.085084
1048576,1048576,2097152,0.106,222298,32,256,4096,45,202,1201.880315,0.0162912004976,-438.042256,763.838058,763.941284
1048576,1048576,2097152,0.106,222298,32,256,4096,45,203,1207.820078,0.0162912004976,-440.125895,767.694183,767.797414
1048576,1048576,2097152,0.106,222298,32,256,4096,45,204,1213.759841,0.0162912004976,-442.209604,771.550237,771.653473
1048576,1048576,2097152,0.106,222298,32,256,4096,45,205,1219.699605,0.0162912004976,-444.293383,775.406222,775.509463
1048576,1048576,2097152,0.106,222298,32,256,4096,45,206,1225.639368,0.0162912004976,-446.377230,779.262138,779.365384
1048576,1048576,2097152,0.106,222298,32,256,4096,45,207,1231.579131,0.0162912004976,-448.461146,783.117985,783.221236
1048576,1048576,2097152,0.106,222298,32,256,4096,45,208,1237.518894,0.0162912004976,-450.545130,786.973764,787.077021
1048576,1048576,2097152,0.106,222298,32,256,4096,45,209,1243.458658,0.0162912004976,-452.629181,790.829476,790.932738
1048576,1048576,2097152,0.106,222298,32,256,4096,45,210,1249.398421,0.0162912004976,-454.713299,794.685122,794.788388
1048576,1048576,2097152,0.106,222298,32,256,4096,45,211,1255.338184,0.0162912004976,-456.797483,798.540701,798.643972
1048576,1048576,2097152,0.106,222298,32,256,4096,45,212,1261.277947,0.0162912004976,-458.881733,802.396214,802.499490
1048576,1048576,2097152,0.106,222298,32,256,4096,45,213,1267.217711,0.0162912004976,-460.966048,806.251663,806.354943
1048576,1048576,2097152,0.106,222298,32,256,4096,45,214,1273.157474,0.0162912004976,-463.050428,810.107046,810.210332
1048576,1048576,2097152,0.106,222298,32,256,4096,45,215,1279.097237,0.0162912004976,-465.134871,813.962366,814.065657
1048576,1048576,2097152,0.106,222298,32,256,4096,45,216,1285.037001,0.0162912004976,-467.219378,817.817622,817.920918
1048576,1048576,2097152,0.106,222298,32,256,4096,45,217,1290.976764,0.0162912004976,-469.303948,821.672816,821.776116
1048576,1048576,2097152,0.106,222298,32,256,4096,45,218,1296.916527,0.0162912004976,-471.388581,825.527947,825.631251
1048576,1048576,2097152,0.106,222298,32,256,4096,45,219,1302.856290,0.0162912004976,-473.473275,829.383016,829.486325
1048576,1048576,2097152,0.106,222298,32,256,4096,45,220,1308.796054,0.0162912004976,-475.558031,833.238023,833.341337
1048576,1048576,2097152,0.106,222298,32,256,4096,50,1,-inf,,-2.237843,-inf,-inf
1048576,1048576,2097152,0.106,222298,32,256,4096,50,2,-inf,,-4.475684,-inf,-inf
1048576,1048576,2097152,0.106,222298,32,256,4096,50,3,-inf,,-6.713526,-inf,-inf
1048576,1048576,2097152,0.106,222298,32,256,4096,50,4,-inf,,-8.951366,-inf,-inf
1048576,1048576,2097152,0.106,222298,32,256,4096,50,5,-inf,,-11.189206,-inf,-inf
1048576,1048576,2097152,0.106,222298,32,256,4096,50,6,-inf,,-13.427045,-inf,-inf
1048576,1048576,2097152,0.106,222298,32,256,4096,50,7,-inf,,-15.664883,-inf,-inf
1048576,1048576,2097152,0.106,222298,32,256,4096,50,8,-inf,,-17.902721,-inf,-inf
1048576,1048576,2097152,0.106,222298,32,256,4096,50,9,-inf,,-20.140558,-inf,-inf
1048576,1048576,2097152,0.106,222298,32,256,4096,50,10,-inf,,-22.378394,-inf,-inf
1048576,1048576,2097152,0.106,222298,32,256,4096,50,11,-inf,,-24.616229,-inf,-inf
1048576,1048576,2097152,0.106,222298,32,256,4096,50,12,-inf,,-26.854064,-inf,-inf
1048576,1048576,2097152,0.106,222298,32,256,4096,50,13,-inf,,-29.091897,-inf,-inf
1048576,1048576,2097152,0.106,222298,32,256,4096,50,14,-inf,,-31.329731,-inf,-inf
1048576,1048576,2097152,0.106,222298,32,256,4096,50,15,-inf,,-33.567563,-inf,-inf
1048576,1048576,2097152,0.106,222298,32,256,4096,50,16,-inf,,-35.805394,-inf,-inf
1048576,1048576,2097152,0.106,222298,32,256,4096,50,17,-inf,,-38.043225,-inf,-inf
1048576,1048576,2097152,0.106,222298,32,256,4096,50,18,-inf,,-40.281055,-inf,-inf
1048576,1048576,2097152,0.106,222298,32,256,4096,50,19,-inf,,-42.518884,-inf,-inf
1048576,1048576,2097152,0.106,222298,32,256,4096,50,20,-inf,,-44.756712,-inf,-inf
1048576,1048576,2097152,0.106,222298,32,256,4096,50,21,-inf,,-46.994540,-inf,-inf
1048576,1048576,2097152,0.106,222298,32,256,4096,50,22,-inf,,-49.232366,-inf,-inf
1048576,1048576,2097152,0.106,222298,32,256,4096,50,23,-inf,,-51.470191,-inf,-inf
1048576,1048576,2097152,0.106,222298,32,256,4096,50,24,-inf,,-53.708016,-inf,-inf
1048576,1048576,2097152,0.106,222298,32,256,4096,50,25,-inf,,-55.945839,-inf,-inf
1048576,1048576,2097152,0.106,222298,32,256,4096,50,26,-inf,,-58.183662,-inf,-inf
1048576,1048576,2097152,0.106,222298,32,256,4096,50,27,-inf,,-60.421483,-inf,-inf
1048576,1048576,2097152,0.106,222298,32,256,4096,50,28,-inf,,-62.659303,-inf,-inf
1048576,1048576,2097152,0.106,222298,32,256,4096,50,29,-inf,,-64.897122,-inf,-inf
1048576,1048576,2097152,0.106,222298,32,256,4096,50,30,-inf,,-67.134939,-inf,-inf
1048576,1048576,2097152,0.106,222298,32,256,4096,50,31,-inf,,-69.372755,-inf,-inf
1048576,1048576,2097152,0.106,222298,32,256,4096,50,32,-inf,,-71.610569,-inf,-inf
1048576,1048576,2097152,0.106,222298,32,256,4096,50,33,-inf,,-73.848382,-inf,-inf
1048576,1048576,2097152,0.106,222298,32,256,4096,50,34,-inf,,-76.086193,-inf,-inf
1048576,1048576,2097152,0.106,222298,32,256,4096,50,35,-inf,,-78.324002,-inf,-inf
1048576,1048576,2097152,0.106,222298,32,256,4096,50,36,-inf,,-80.561808,-inf,-inf
1048576,1048576,2097152,0.106,222298,32,256,4096,50,37,-inf,,-82.799612,-inf,-inf
1048576,1048576,2097152,0.106,222298,32,256,4096,50,38,-inf,,-85.037414,-inf,-inf
1048576,1048576,2097152,0.106,222298,32,256,4096,50,39,-inf,,-87.275213,-inf,-inf
1048576,1048576,2097152,0.106,222298,32,256,4096,50,40,-inf,,-89.513008,-inf,-inf
1048576,1048576,2097152,0.106,222298,32,256,4096,50,41,-inf,,-91.750800,-inf,-inf
1048576,1048576,2097152,0.106,222298,32,256,4096,50,42,-inf,,-93.988588,-inf,-inf
1048576,1048576,2097152,0.106,222298,32,256,4096,50,43,-inf,,-96.226371,-inf,-inf
1048576,1048576,2097152,0.106,222298,32,256,4096,50,44,-inf,,-98.464149,-inf,-inf
1048576,1048576,2097152,0.106,222298,32,256,4096,50,45,-inf,,-100.701922,-inf,-inf
1048576,1048576,2097152,0.106,222298,32,256,4096,50,46,-inf,,-102.939689,-inf,-inf
1048576,1048576,2097152,0.106,222298,32,256,4096,50,47,-inf,,-105.177448,-inf,-inf
1048576,1048576,2097152,0.106,222298,32,256,4096,50,48,-inf,,-107.415200,-inf,-inf
1048576,1048576,2097152,0.106,222298,32,256,4096,50,49,-inf,,-109.652943,-inf,-inf
1048576,1048576,2097152,0.106,222298,32,256,4096,50,50,244.223153,,-111.890676,132.332477,132.332477
1048576,1048576,2097152,0.106,222298,32,256,4096,50,51,247.402477,,-114.128398,133.274079,133.878771
1048576,1048576,2097152,0.106,222298,32,256,4096,50,52,250.550660,,-116.366107,134.184552,135.039748
1048576,1048576,2097152,0.106,222298,32,256,4096,50,53,253.668229,,-118.603803,135.064427,136.052140
1048576,1048576,2097152,0.106,222298,32,256,4096,50,54,256.755692,,-120.841482,135.914210,136.984823
1048576,1048576,2097152,0.106,222298,32,256,4096,50,55,259.813536,,-123.079144,136.734392,137.865035
1048576,1048576,2097152,0.106,222298,32,256,4096,50,56,262.842232,,-125.316785,137.525446,138.705209
1048576,1048576,2097152,0.106,222298,32,256,4096,50,57,265.842232,,-127.554404,138.287828,139.511560
1048576,1048576,2097152,0.106,222298,32,256,4096,50,58,268.000000,,-129.791997,138.208003,140.002259
1048576,1048576,2097152,0.106,222298,32,256,4096,50,59,268.000000,,-132.029562,135.970438,140.087870
1048576,1048576,2097152,0.106,222298,32,256,4096,50,60,268.000000,,-134.267094,133.732906,140.105388
1048576,1048576,2097152,0.106,222298,32,256,4096,50,61,268.000000,,-136.504589,131.495411,140.109076
1048576,1048576,2097152,0.106,222298,32,256,4096,50,62,268.000000,,-138.742043,129.257957,140.109857
1048576,1048576,2097152,0.106,222298,32,256,4096,50,63,268.000000,,-140.979450,127.020550,140.110022
1048576,1048576,2097152,0.106,222298,32,256,4096,50,64,268.000000,,-143.216806,124.783194,140.110058
1048576,1048576,2097152,0.106,222298,32,256,4096,50,65,268.000000,,-145.454102,122.545898,140.110065
1048576,1048576,2097152,0.106,222298,32,256,4096,50,66,268.000000,,-147.691331,120.308669,140.110067
1048576,1048576,2097152,0.106,222298,32,256,4096,50,67,268.000000,,-149.928486,118.071514,140.110067
1048576,1048576,2097152,0.106,222298,32,256,4096,50,68,268.000000,,-152.165557,115.834443,140.110067
1048576,1048576,2097152,0.106,222298,32,256,4096,50,69,268.000000,,-154.402533,113.597467,140.110067
1048576,1048576,2097152,0.106,222298,32,256,4096,50,70,268.000000,,-156.639403,111.360597,140.110067
1048576,1048576,2097152,0.106,222298,32,256,4096,50,71,268.000000,,-158.876152,109.123848,140.110067
1048576,1048576,2097152,0.106,222298,32,256,4096,50,72,268.000000,,-161.112767,106.887233,140.110067
1048576,1048576,2097152,0.106,222298,32,256,4096,50,73,268.000000,,-163.349231,104.650769,140.110067
1048576,1048576,2097152,0.106,222298,32,256,4096,50,74,268.000000,,-165.585524,102.414476,140.110067
1048576,1048576,2097152,0.106,222298,32,256,4096,50,75,268.000000,,-167.821627,100.178373,140.110067
1048576,1048576,2097152,0.106,222298,32,256,4096,50,76,268.000000,,-170.057515,97.942485,140.110067
1048576,1048576,2097152,0.106,222298,32,256,4096,50,77,268.000000,,-172.293162,95.706838,140.110067
1048576,1048576,2097152,0.106,222298,32,256,4096,50,78,268.000000,,-174.528540,93.471460,140.110067
1048576,1048576,2097152,0.106,222298,32,256,4096,50,79,268.000000,,-176.763616,91.236384,140.110067
1048576,1048576,2097152,0.106,222298,32,256,4096,50,80,268.000000,,-178.998353,89.001647,140.110067
1048576,1048576,2097152,0.106,222298,32,256,4096,50,81,268.000000,,-181.232711,86.767289,140.110067
1048576,1048576,2097152,0.106,222298,32,256,4096,50,82,268.000000,,-183.466646,84.533354,140.110067
1048576,1048576,2097152,0.106,222298,32,256,4096,50,83,268.000000,,-185.700107,82.299893,140.110067
1048576,1048576,2097152,0.106,222298,32,256,4096,50,84,268.000000,,-187.933039,80.066961,140.110067
1048576,1048576,2097152,0.106,222298,32,256,4096,50,85,268.000000,,-190.165381,77.834619,140.110067
1048576,1048576,2097152,0.106,222298,32,256,4096,50,86,268.000000,,-192.397066,75.602934,140.110067
1048576,1048576,2097152,0.106,222298,32,256,4096,50,87,268.000000,,-194.628018,73.371982,140.110067
1048576,1048576,2097152,0.106,222298,32,256,4096,50,88,268.000000,,-196.858157,71.141843,140.110067
1048576,1048576,2097152,0.106,222298,32,256,4096,50,89,268.000000,,-199.087391,68.912609,140.110067
1048576,1048576,2097152,0.106,222298,32,256,4096,50,90,268.000000,,-201.315623,66.684377,140.110067
1048576,1048576,2097152,0.106,222298,32,256,4096,50,91,268.000000,,-203.542744,64.457256,140.110067
1048576,1048576,2097152,0.106,222298,32,256,4096,50,92,268.000000,,-205.768640,62.231360,140.110067
1048576,1048576,2097152,0.106,222298,32,256,4096,50,93,268.000000,,-207.993180,60.006820,140.110067
1048576,1048576,2097152,0.106,222298,32,256,4096,50,94,268.000000,,-210.216231,57.783769,140.110067
1048576,1048576,2097152,0.106,222298,32,256,4096,50,95,268.000000,,-212.437643,55.562357,140.110067
1048576,1048576,2097152,0.106,222298,32,256,4096,50,96,268.000000,,-214.657262,53.342738,140.110067
1048576,1048576,2097152,0.106,222298,32,256,4096,50,97,268.000000,,-216.874919,51.125081,140.110067
1048576,1048576,2097152,0.106,222298,32,256,4096,50,98,268.000000,,-219.090440,48.909560,140.110067
1048576,1048576,2097152,0.106,222298,32,256,4096,50,99,268.000000,,-221.303637,46.696363,140.110067
1048576,1048576,2097152,0.106,222298,32,256,4096,50,100,536.626624,0.0245874974894,-223.514322,313.112302,313.112302
1048576,1048576,2097152,0.106,222298,32,256,4096,50,101,541.972555,0.0245874974894,-225.722292,316.250263,316.405494
1048576,1048576,2097152,0.106,222298,32,256,4096,50,102,547.318486,0.0245874974894,-227.927350,319.391136,319.562663
1048576,1048576,2097152,0.106,222298,32,256,4096,50,103,552.664418,0.0245874974894,-230.129288,322.535130,322.708140
1048576,1048576,2097152,0.106,222298,32,256,4096,50,104,558.010349,0.0245874974894,-232.327903,325.682446,325.855248
1048576,1048576,2097152,0.106,222298,32,256,4096,50,105,563.356280,0.0245874974894,-234.522998,328.833282,329.005664
1048576,1048576,2097152,0.106,222298,32,256,4096,50,106,568.702211,0.0245874974894,-236.714376,331.987835,332.159752
1048576,1048576,2097152,0.106,222298,32,256,4096,50,107,574.048143,0.0245874974894,-238.901855,335.146287,335.317715
1048576,1048576,2097152,0.106,222298,32,256,4096,50,108,579.394074,0.0245874974894,-241.085269,338.308805,338.479723
1048576,1048576,2097152,0.106,222298,32,256,4096,50,109,584.740005,0.0245874974894,-243.264462,341.475544,341.645934
1048576,1048576,2097152,0.106,222298,32,256,4096,50,110,590.085937,0.0245874974894,-245.439303,344.646633,344.816481
1048576,1048576,2097152,0.106,222298,32,256,4096,50,111,595.431868,0.0245874974894,-247.609688,347.822179,347.991472
1048576,1048576,2097152,0.106,222298,32,256,4096,50,112,600.777799,0.0245874974894,-249.775532,351.002267,351.170997
1048576,1048576,2097152,0.106,222298,32,256,4096,50,113,606.123730,0.0245874974894,-251.936783,354.186947,354.355109
1048576,1048576,2097152,0.106,222298,32,256,4096,50,114,611.469662,0.0245874974894,-254.093421,357.376241,357.543833
1048576,1048576,2097152,0.106,222298,32,256,4096,50,115,616.815593,0.0245874974894,-256.245448,360.570145,360.737170
1048576,1048576,2097152,0.106,222298,32,256,4096,50,116,622.161524,0.0245874974894,-258.392905,363.768620,363.935084
1048576,1048576,2097152,0.106,222298,32,256,4096,50,117,627.507456,0.0245874974894,-260.535860,366.971596,367.137509
1048576,1048576,2097152,0.106,222298,32,256,4096,50,118,632.853387,0.0245874974894,-262.674404,370.178983,370.344358
1048576,1048576,2097152,0.106,222298,32,256,4096,50,119,638.199318,0.0245874974894,-264.808660,373.390658,373.555511
1048576,1048576,2097152,0.106,222298,32,256,4096,50,120,643.545249,0.0245874974894,-266.938772,376.606478,376.770828
1048576,1048576,2097152,0.106,222298,32,256,4096,50,121,648.891181,0.0245874974894,-269.064898,379.826283,379.990150
1048576,1048576,2097152,0.106,222298,32,256,4096,50,122,654.237112,0.0245874974894,-271.187219,383.049893,383.213301
1048576,1048576,2097152,0.106,222298,32,256,4096,50,123,659.583043,0.0245874974894,-273.305926,386.277117,386.440090
1048576,1048576,2097152,0.106,222298,32,256,4096,50,124,664.928975,0.0245874974894,-275.421216,389.507759,389.670320
1048576,1048576,2097152,0.106,222298,32,256,4096,50,125,670.274906,0.0245874974894,-277.533295,392.741611,392.903787
1048576,1048576,2097152,0.106,222298,32,256,4096,50,126,675.620837,0.0245874974894,-279.642372,395.978465,396.140281
1048576,1048576,2097152,0.106,222298,32,256,4096,50,127,680.966768,0.0245874974894,-281.748651,399.218118,399.379599
1048576,1048576,2097152,0.106,222298,32,256,4096,50,128,686.312700,0.0245874974894,-283.852337,402.460362,402.621534
1048576,1048576,2097152,0.106,222298,32,256,4096,50,129,691.658631,0.0245874974894,-285.953631,405.705000,405.865885
1048576,1048576,2097152,0.106,222298,32,256,4096,50,130,697.004562,0.0245874974894,-288.052724,408.951839,409.112462
1048576,1048576,2097152,0.106,222298,32,256,4096,50,131,702.350494,0.0245874974894,-290.149799,412.200694,412.361078
1048576,1048576,2097152,0.106,222298,32,256,4096,50,132,707.696425,0.0245874974894,-292.245035,415.451390,415.611555
1048576,1048576,2097152,0.106,222298,32,256,4096,50,133,713.042356,0.0245874974894,-294.338595,418.703761,418.863727
1048576,1048576,2097152,0.106,222298,32,256,4096,50,134,718.388287,0.0245874974894,-296.430636,421.957652,422.117437
1048576,1048576,2097152,0.106,222298,32,256,4096,50,135,723.734219,0.0245874974894,-298.521304,425.212915,425.372538
1048576,1048576,2097152,0.106,222298,32,256,4096,50,136,729.080150,0.0245874974894,-300.610733,428.469417,428.628893
1048576,1048576,2097152,0.106,222298,32,256,4096,50,137,734.426081,0.0245874974894,-302.699049,431.727032,431.886377
1048576,1048576,2097152,0.106,222298,32,256,4096,50,138,739.772013,0.0245874974894,-304.786369,434.985644,435.144870
1048576,1048576,2097152,0.106,222298,32,256,4096,50,139,745.117944,0.0245874974894,-306.872797,438.245147,438.404268
1048576,1048576,2097152,0.106,222298,32,256,4096,50,140,750.463875,0.0245874974894,-308.958431,441.505444,441.664472
1048576,1048576,2097152,0.106,222298,32,256,4096,50,141,755.809806,0.0245874974894,-311.043360,444.766446,444.925390
1048576,1048576,2097152,0.106,222298,32,256,4096,50,142,761.155738,0.0245874974894,-313.127665,448.028073,448.186943
1048576,1048576,2097152,0.106,222298,32,256,4096,50,143,766.501669,0.0245874974894,-315.211418,451.290251,451.449056
1048576,1048576,2097152,0.106,222298,32,256,4096,50,144,771.847600,0.0245874974894,-317.294688,454.552912,454.711660
1048576,1048576,2097152,0.106,222298,32,256,4096,50,145,777.193532,0.0245874974894,-319.377534,457.815998,457.974695
1048576,1048576,2097152,0.106,222298,32,256,4096,50,146,782.539463,0.0245874974894,-321.460010,461.079453,461.238107
1048576,1048576,2097152,0.106,222298,32,256,4096,50,147,787.885394,0.0245874974894,-323.542166,464.343228,464.501844
1048576,1048576,2097152,0.106,222298,32,256,4096,50,148,793.231325,0.0245874974894,-325.624045,467.607280,467.765863
1048576,1048576,2097152,0.106,222298,32,256,4096,50,149,798.577257,0.0245874974894,-327.705688,470.871568,471.030124
1048576,1048576,2097152,0.106,222298,32,256,4096,50,150,803.923188,0.0245874974894,-329.787131,474.136057,474.294589
1048576,1048576,2097152,0.106,222298,32,256,4096,50,151,809.269119,0.0245874974894,-331.868404,477.400715,477.559226
1048576,1048576,2097152,0.106,222298,32,256,4096,50,152,814.615051,0.0245874974894,-333.949538,480.665513,480.824007
1048576,1048576,2097152,0.106,222298,32,256,4096,50,153,819.960982,0.0245874974894,-336.030557,483.930424,484.088906
1048576,1048576,2097152,0.106,222298,32,256,4096,50,154,825.306913,0.0245874974894,-338.111485,487.195428,487.353898
1048576,1048576,2097152,0.106,222298,32,256,4096,50,155,830.652844,0.0245874974894,-340.192342,490.460502,490.618964
1048576,1048576,2097152,0.106,222298,32,256,4096,50,156,835.998776,0.0245874974894,-342.273146,493.725629,493.884085
1048576,1048576,2097152,0.106,222298,32,256,4096,50,157,841.344707,0.0245874974894,-344.353915,496.990792,497.149243
1048576,1048576,2097152,0.106,222298,32,256,4096,50,158,846.690638,0.0245874974894,-346.434661,500.255978,500.414426
1048576,1048576,2097152,0.106,222298,32,256,4096,50,159,852.036570,0.0245874974894,-348.515398,503.521172,503.679619
1048576,1048576,2097152,0.106,222298,32,256,4096,50,160,857.382501,0.0245874974894,-350.596137,506.786364,506.944811
1048576,1048576,2097152,0.106,222298,32,256,4096,50,161,862.728432,0.0245874974894,-352.676889,510.051543,510.209991
1048576,1048576,2097152,0.106,222298,32,256,4096,50,162,868.074363,0.0245874974894,-354.757663,513.316701,513.475151
1048576,1048576,2097152,0.106,222298,32,256,4096,50,163,873.420295,0.0245874974894,-356.838466,516.581829,516.740283
1048576,1048576,2097152,0.106,222298,32,256,4096,50,164,878.766226,0.0245874974894,-358.919305,519.846921,520.005379
1048576,1048576,2097152,0.106,222298,32,256,4096,50,165,884.112157,0.0245874974894,-361.000187,523.111970,523.270433
1048576,1048576,2097152,0.106,222298,32,256,4096,50,166,889.458089,0.0245874974894,-363.081117,526.376972,526.535440
1048576,1048576,2097152,0.106,222298,32,256,4096,50,167,894.804020,0.0245874974894,-365.162100,529.641920,529.800395
1048576,1048576,2097152,0.106,222298,32,256,4096,50,168,900.149951,0.0245874974894,-367.243139,532.906812,533.065293
1048576,1048576,2097152,0.106,222298,32,256,4096,50,169,905.495882,0.0245874974894,-369.324239,536.171643,536.330131
1048576,1048576,2097152,0.106,222298,32,256,4096,50,170,910.841814,0.0245874974894,-371.405403,539.436411,539.594906
1048576,1048576,2097152,0.106,222298,32,256,4096,50,171,916.187745,0.0245874974894,-373.486633,542.701112,542.859615
1048576,1048576,2097152,0.106,222298,32,256,4096,50,172,921.533676,0.0245874974894,-375.567932,545.965744,546.124256
1048576,1048576,2097152,0.106,222298,32,256,4096,50,173,926.879607,0.0245874974894,-377.649301,549.230306,549.388826
1048576,1048576,2097152,0.106,222298,32,256,4096,50,174,932.225539,0.0245874974894,-379.730743,552.494796,552.653324
1048576,1048576,2097152,0.106,222298,32,256,4096,50,175,937.571470,0.0245874974894,-381.812258,555.759212,555.917748
1048576,1048576,2097152,0.106,222298,32,256,4096,50,176,942.917401,0.0245874974894,-383.893849,559.023553,559.182098
1048576,1048576,2097152,0.106,222298,32,256,4096,50,177,948.263333,0.0245874974894,-385.975515,562.287818,562.446371
1048576,1048576,2097152,0.106,222298,32,256,4096,50,178,953.609264,0.0245874974894,-388.057258,565.552006,565.710568
1048576,1048576,2097152,0.106,222298,32,256,4096,50,179,958.955195,0.0245874974894,-390.139078,568.816117,568.974688
1048576,1048576,2097152,0.106,222298,32,256,4096,50,180,964.301126,0.0245874974894,-392.220977,572.080150,572.238731
1048576,1048576,2097152,0.106,222298,32,256,4096,50,181,969.647058,0.0245874974894,-394.302953,575.344105,575.502695
1048576,1048576,2097152,0.106,222298,32,256,4096,50,182,974.992989,0.0245874974894,-396.385007,578.607982,578.766581
1048576,1048576,2097152,0.106,222298,32,256,4096,50,183,980.338920,0.0245874974894,-398.467140,581.871780,582.030388
1048576,1048576,2097152,0.106,222298,32,256,4096,50,184,985.684852,0.0245874974894,-400.549352,585.135500,585.294117
1048576,1048576,2097152,0.106,222298,32,256,4096,50,185,991.030783,0.0245874974894,-402.631641,588.399142,588.557768
1048576,1048576,2097152,0.106,222298,32,256,4096,50,186,996.376714,0.0245874974894,-404.714009,591.662705,591.821340
1048576,1048576,2097152,0.106,222298,32,256,4096,50,187,1001.722645,0.0245874974894,-406.796455,594.926190,595.084834
1048576,1048576,2097152,0.106,222298,32,256,4096,50,188,1007.068577,0.0245874974894,-408.878979,598.189597,598.348251
1048576,1048576,2097152,0.106,222298,32,256,4096,50,189,1012.414508,0.0245874974894,-410.961581,601.452927,601.611590
1048576,1048576,2097152,0.106,222298,32,256,4096,50,190,1017.760439,0.0245874974894,-413.044259,604.716180,604.874851
1048576,1048576,2097152,0.106,222298,32,256,4096,50,191,1023.106371,0.0245874974894,-415.127014,607.979356,608.138036
1048576,1048576,2097152,0.106,222298,32,256,4096,50,192,1028.452302,0.0245874974894,-417.209846,611.242456,611.401145
1048576,1048576,2097152,0.106,222298,32,256,4096,50,193,1033.798233,0.0245874974894,-419.292754,614.505480,614.664178
1048576,1048576,2097152,0.106,222298,32,256,4096,50,194,1039.144164,0.0245874974894,-421.375737,617.768428,617.927135
1048576,1048576,2097152,0.106,222298,32,256,4096,50,195,1044.490096,0.0245874974894,-423.458795,621.031301,621.190017
1048576,1048576,2097152,0.106,222298,32,256,4096,50,196,1049.836027,0.0245874974894,-425.541927,624.294100,624.452824
1048576,1048576,2097152,0.106,222298,32,256,4096,50,197,1055.181958,0.0245874974894,-427.625134,627.556825,627.715558
1048576,1048576,2097152,0.106,222298,32,256,4096,50,198,1060.527890,0.0245874974894,-429.708413,630.819476,630.978218
1048576,1048576,2097152,0.106,222298,32,256,4096,50,199,1065.873821,0.0245874974894,-431.791766,634.082055,634.240805
1048576,1048576,2097152,0.106,222298,32,256,4096,50,200,1071.219752,0.0245874974894,-433.875191,637.344561,637.503319
1048576,1048576,2097152,0.106,222298,32,256,4096,50,201,1076.565683,0.0245874974894,-435.958688,640.606995,640.765762
1048576,1048576,2097152,0.106,222298,32,256,4096,50,202,1081.911615,0.0245874974894,-438.042256,643.869358,644.028133
1048576,1048576,2097152,0.106,222298,32,256,4096,50,203,1087.257546,0.0245874974894,-440.125895,647.131651,647.290434
1048576,1048576,2097152,0.106,222298,32,256,4096,50,204,1092.603477,0.0245874974894,-442.209604,650.393873,650.552664
1048576,1048576,2097152,0.106,222298,32,256,4096,50,205,1097.949409,0.0245874974894,-444.293383,653.656026,653.814825
1048576,1048576,2097152,0.106,222298,32,256,4096,50,206,1103.295340,0.0245874974894,-446.377230,656.918110,657.076917
1048576,1048576,2097152,0.106,222298,32,256,4096,50,207,1108.641271,0.0245874974894,-448.461146,660.180125,660.338940
1048576,1048576,2097152,0.106,222298,32,256,4096,50,208,1113.987202,0.0245874974894,-450.545130,663.442072,663.600896
1048576,1048576,2097152,0.106,222298,32,256,4096,50,209,1119.333134,0.0245874974894,-452.629181,666.703952,666.862784
1048576,1048576,2097152,0.106,222298,32,256,4096,50,210,1124.679065,0.0245874974894,-454.713299,669.965766,670.124605
1048576,1048576,2097152,0.106,222298,32,256,4096,50,211,1130.024996,0.0245874974894,-456.797483,673.227513,673.386359
1048576,1048576,2097152,0.106,222298,32,256,4096,50,212,1135.370928,0.0245874974894,-458.881733,676.489194,676.648049
1048576,1048576,2097152,0.106,222298,32,256,4096,50,213,1140.716859,0.0245874974894,-460.966048,679.750811,679.909673
1048576,1048576,2097152,0.106,222298,32,256,4096,50,214,1146.062790,0.0245874974894,-463.050428,683.012362,683.171232
1048576,1048576,2097152,0.106,222298,32,256,4096,50,215,1151.408721,0.0245874974894,-465.134871,686.273850,686.432727
1048576,1048576,2097152,0.106,222298,32,256,4096,50,216,1156.754653,0.0245874974894,-467.219378,689.535275,689.694159
1048576,1048576,2097152,0.106,222298,32,256,4096,50,217,1162.100584,0.0245874974894,-469.303948,692.796636,692.955527
1048576,1048576,2097152,0.106,222298,32,256,4096,50,218,1167.446515,0.0245874974894,-471.388581,696.057935,696.216834
1048576,1048576,2097152,0.106,222298,32,256,4096,50,219,1172.792447,0.0245874974894,-473.473275,699.319172,699.478078
1048576,1048576,2097152,0.106,222298,32,256,4096,50,220,1178.138378,0.0245874974894,-475.558031,702.580347,702.739261
1048576,1048576,2097152,0.106,222298,32,256,4096,55,1,-inf,,-2.237843,-inf,-inf
1048576,1048576,2097152,0.106,222298,32,256,4096,55,2,-inf,,-4.475684,-inf,-inf
1048576,1048576,2097152,0.106,222298,32,256,4096,55,3,-inf,,-6.713526,-inf,-inf
1048576,1048576,2097152,0.106,222298,32,256,4096,55,4,-inf,,-8.951366,-inf,-inf
1048576,1048576,2097152,0.106,222298,32,256,4096,55,5,-inf,,-11.189206,-inf,-inf
1048576,1048576,2097152,0.106,222298,32,256,4096,55,6,-inf,,-13.427045,-inf,-inf
1048576,1048576,2097152,0.106,222298,32,256,4096,55,7,-inf,,-15.664883,-inf,-inf
1048576,1048576,2097152,0.106,222298,32,256,4096,55,8,-inf,,-17.902721,-inf,-inf
1048576,1048576,2097152,0.106,222298,32,256,4096,55,9,-inf,,-20.140558,-inf,-inf
1048576,1048576,2097152,0.106,222298,32,256,4096,55,10,-inf,,-22.378394,-inf,-inf
1048576,1048576,2097152,0.106,222298,32,256,4096,55,11,-inf,,-24.616229,-inf,-inf
1048576,1048576,2097152,0.106,222298,32,256,4096,55,12,-inf,,-26.854064,-inf,-inf
1048576,1048576,2097152,0.106,222298,32,256,4096,55,13,-inf,,-29.091897,-inf,-inf
1048576,1048576,2097152,0.106,222298,32,256,4096,55,14,-inf,,-31.329731,-inf,-inf
1048576,1048576,2097152,0.106,222298,32,256,4096,55,15,-inf,,-33.567563,-inf,-inf
1048576,1048576,2097152,0.106,222298,32,256,4096,55,16,-inf,,-35.805394,-inf,-inf
1048576,1048576,2097152,0.106,222298,32,256,4096,55,17,-inf,,-38.043225,-inf,-inf
1048576,1048576,2097152,0.106,222298,32,256,4096,55,18,-inf,,-40.281055,-inf,-inf
1048576,1048576,2097152,0.106,222298,32,256,4096,55,19,-inf,,-42.518884,-inf,-inf
1048576,1048576,2097152,0.106,222298,32,256,4096,55,20,-inf,,-44.756712,-inf,-inf
1048576,1048576,2097152,0.106,222298,32,256,4096,55,21,-inf,,-46.994540,-inf,-inf
1048576,1048576,2097152,0.106,222298,32,256,4096,55,22,-inf,,-49.232366,-inf,-inf
1048576,1048576,2097152,0.106,222298,32,256,4096,55,23,-inf,,-51.470191,-inf,-inf
1048576,1048576,2097152,0.106,222298,32,256,4096,55,24,-inf,,-53.708016,-inf,-inf
1048576,1048576,2097152,0.106,222298,32,256,4096,55,25,-inf,,-55.945839,-inf,-inf
1048576,1048576,2097152,0.106,222298,32,256,4096,55,26,-inf,,-58.183662,-inf,-inf
1048576,1048576,2097152,0.106,222298,32,256,4096,55,27,-inf,,-60.421483,-inf,-inf
1048576,1048576,2097152,0.106,222298,32,256,4096,55,28,-inf,,-62.659303,-inf,-inf
1048576,1048576,2097152,0.106,222298,32,256,4096,55,29,-inf,,-64.897122,-inf,-inf
1048576,1048576,2097152,0.106,222298,32,256,4096,55,30,-inf,,-67.134939,-inf,-inf
1048576,1048576,2097152,0.106,222298,32,256,4096,55,31,-inf,,-69.372755,-inf,-inf
1048576,1048576,2097152,0.106,222298,32,256,4096,55,32,-inf,,-71.610569,-inf,-inf
1048576,1048576,2097152,0.106,222298,32,256,4096,55,33,-inf,,-73.848382,-inf,-inf
1048576,1048576,2097152,0.106,222298,32,256,4096,55,34,-inf,,-76.086193,-inf,-inf
1048576,1048576,2097152,0.106,222298,32,256,4096,55,35,-inf,,-78.324002,-inf,-inf
1048576,1048576,2097152,0.106,222298,32,256,4096,55,36,-inf,,-80.561808,-inf,-inf
1048576,1048576,2097152,0.106,222298,32,256,4096,55,37,-inf,,-82.799612,-inf,-inf
1048576,1048576,2097152,0.106,222298,32,256,4096,55,38,-inf,,-85.037414,-inf,-inf
1048576,1048576,2097152,0.106,222298,32,256,4096,55,39,-inf,,-87.275213,-inf,-inf
1048576,1048576,2097152,0.106,222298,32,256,4096,55,40,-inf,,-89.513008,-inf,-inf
1048576,1048576,2097152,0.106,222298,32,256,4096,55,41,-inf,,-91.750800,-inf,-inf
1048576,1048576,2097152,0.106,222298,32,256,4096,55,42,-inf,,-93.988588,-inf,-inf
1048576,1048576,2097152,0.106,222298,32,256,4096,55,43,-inf,,-96.226371,-inf,-inf
1048576,1048576,2097152,0.106,222298,32,256,4096,55,44,-inf,,-98.464149,-inf,-inf
1048576,1048576,2097152,0.106,222298,32,256,4096,55,45,-inf,,-100.701922,-inf,-inf
1048576,1048576,2097152,0.106,222298,32,256,4096,55,46,-inf,,-102.939689,-inf,-inf
1048576,1048576,2097152,0.106,222298,32,256,4096,55,47,-inf,,-105.177448,-inf,-inf
1048576,1048576,2097152,0.106,222298,32,256,4096,55,48,-inf,,-107.415200,-inf,-inf
1048576,1048576,2097152,0.106,222298,32,256,4096,55,49,-inf,,-109.652943,-inf,-inf
1048576,1048576,2097152,0.106,222298,32,256,4096,55,50,-inf,,-111.890676,-inf,-inf
1048576,1048576,2097152,0.106,222298,32,256,4096,55,51,-inf,,-114.128398,-inf,-inf
1048576,1048576,2097152,0.106,222298,32,256,4096,55,52,-inf,,-116.366107,-inf,-inf
1048576,1048576,2097152,0.106,222298,32,256,4096,55,53,-inf,,-118.603803,-inf,-inf
1048576,1048576,2097152,0.106,222298,32,256,4096,55,54,-inf,,-120.841482,-inf,-inf
1048576,1048576,2097152,0.106,222298,32,256,4096,55,55,259.813536,,-123.079144,136.734392,136.734392
1048576,1048576,2097152,0.106,222298,32,256,4096,55,56,262.842232,,-125.316785,137.525446,138.183472
1048576,1048576,2097152,0.106,222298,32,256,4096,55,57,265.842232,,-127.554404,138.287828,139.236593
1048576,1048576,2097152,0.106,222298,32,256,4096,55,58,268.000000,,-129.791997,138.208003,139.812088
1048576,1048576,2097152,0.106,222298,32,256,4096,55,59,268.000000,,-132.029562,135.970438,139.909363
1048576,1048576,2097152,0.106,222298,32,256,4096,55,60,268.000000,,-134.267094,133.732906,139.929173
1048576,1048576,2097152,0.106,222298,32,256,4096,55,61,268.000000,,-136.504589,131.495411,139.933339
1048576,1048576,2097152,0.106,222298,32,256,4096,55,62,268.000000,,-138.742043,129.257957,139.934221
1048576,1048576,2097152,0.106,222298,32,256,4096,55,63,268.000000,,-140.979450,127.020550,139.934408
1048576,1048576,2097152,0.106,222298,32,256,4096,55,64,268.000000,,-143.216806,124.783194,139.934448
1048576,1048576,2097152,0.106,222298,32,256,4096,55,65,268.000000,,-145.454102,122.545898,139.934456
1048576,1048576,2097152,0.106,222298,32,256,4096,55,66,268.000000,,-147.691331,120.308669,139.934458
1048576,1048576,2097152,0.106,222298,32,256,4096,55,67,268.000000,,-149.928486,118.071514,139.934458
1048576,1048576,2097152,0.106,222298,32,256,4096,55,68,268.000000,,-152.165557,115.834443,139.934458
1048576,1048576,2097152,0.106,222298,32,256,4096,55,69,268.000000,,-154.402533,113.597467,139.934458
1048576,1048576,2097152,0.106,222298,32,256,4096,55,70,268.000000,,-156.639403,111.360597,139.934458
1048576,1048576,2097152,0.106,222298,32,256,4096,55,71,268.000000,,-158.876152,109.123848,139.934458
1048576,1048576,2097152,0.106,222298,32,256,4096,55,72,268.000000,,-161.112767,106.887233,139.934458
1048576,1048576,2097152,0.106,222298,32,256,4096,55,73,268.000000,,-163.349231,104.650769,139.934458
1048576,1048576,2097152,0.106,222298,32,256,4096,55,74,268.000000,,-165.585524,102.414476,139.934458
1048576,1048576,2097152,0.106,222298,32,256,4096,55,75,268.000000,,-167.821627,100.178373,139.934458
1048576,1048576,2097152,0.106,222298,32,256,4096,55,76,268.000000,,-170.057515,97.942485,139.934458
1048576,1048576,2097152,0.106,222298,32,256,4096,55,77,268.000000,,-172.293162,95.706838,139.934458
1048576,1048576,2097152,0.106,222298,32,256,4096,55,78,268.000000,,-174.528540,93.471460,139.934458
1048576,1048576,2097152,0.106,222298,32,256,4096,55,79,268.000000,,-176.763616,91.236384,139.934458
1048576,1048576,2097152,0.106,222298,32,256,4096,55,80,268.000000,,-178.998353,89.001647,139.934458
1048576,1048576,2097152,0.106,222298,32,256,4096,55,81,268.000000,,-181.232711,86.767289,139.934458
1048576,1048576,2097152,0.106,222298,32,256,4096,55,82,268.000000,,-183.466646,84.533354,139.934458
1048576,1048576,2097152,0.106,222298,32,256,4096,55,83,268.000000,,-185.700107,82.299893,139.934458
1048576,1048576,2097152,0.106,222298,32,256,4096,55,84,268.000000,,-187.933039,80.066961,139.934458
1048576,1048576,2097152,0.106,222298,32,256,4096,55,85,268.000000,,-190.165381,77.834619,139.934458
1048576,1048576,2097152,0.106,222298,32,256,4096,55,86,268.000000,,-192.397066,75.602934,139.934458
1048576,1048576,2097152,0.106,222298,32,256,4096,55,87,268.000000,,-194.628018,73.371982,139.934458
1048576,1048576,2097152,0.106,222298,32,256,4096,55,88,268.000000,,-196.858157,71.141843,139.934458
1048576,1048576,2097152,0.106,222298,32,256,4096,55,89,268.000000,,-199.087391,68.912609,139.934458
1048576,1048576,2097152,0.106,222298,32,256,4096,55,90,268.000000,,-201.315623,66.684377,139.934458
1048576,1048576,2097152,0.106,222298,32,256,4096,55,91,268.000000,,-203.542744,64.457256,139.934458
1048576,1048576,2097152,0.106,222298,32,256,4096,55,92,268.000000,,-205.768640,62.231360,139.934458
1048576,1048576,2097152,0.106,222298,32,256,4096,55,93,268.000000,,-207.993180,60.006820,139.934458
1048576,1048576,2097152,0.106,222298,32,256,4096,55,94,268.000000,,-210.216231,57.783769,139.934458
1048576,1048576,2097152,0.106,222298,32,256,4096,55,95,268.000000,,-212.437643,55.562357,139.934458
1048576,1048576,2097152,0.106,222298,32,256,4096,55,96,268.000000,,-214.657262,53.342738,139.934458
1048576,1048576,2097152,0.106,222298,32,256,4096,55,97,268.000000,,-216.874919,51.125081,139.934458
1048576,1048576,2097152,0.106,222298,32,256,4096,55,98,268.000000,,-219.090440,48.909560,139.934458
1048576,1048576,2097152,0.106,222298,32,256,4096,55,99,268.000000,,-221.303637,46.696363,139.934458
1048576,1048576,2097152,0.106,222298,32,256,4096,55,100,268.000000,,-223.514322,44.485678,139.934458
1048576,1048576,2097152,0.106,222298,32,256,4096,55,101,268.000000,,-225.722292,42.277708,139.934458
1048576,1048576,2097152,0.106,222298,32,256,4096,55,102,268.000000,,-227.927350,40.072650,139.934458
1048576,1048576,2097152,0.106,222298,32,256,4096,55,103,268.000000,,-230.129288,37.870712,139.934458
1048576,1048576,2097152,0.106,222298,32,256,4096,55,104,268.000000,,-232.327903,35.672097,139.934458
1048576,1048576,2097152,0.106,222298,32,256,4096,55,105,268.000000,,-234.522998,33.477002,139.934458
1048576,1048576,2097152,0.106,222298,32,256,4096,55,106,268.000000,,-236.714376,31.285624,139.934458
1048576,1048576,2097152,0.106,222298,32,256,4096,55,107,268.000000,,-238.901855,29.098145,139.934458
1048576,1048576,2097152,0.106,222298,32,256,4096,55,108,268.000000,,-241.085269,26.914731,139.934458
1048576,1048576,2097152,0.106,222298,32,256,4096,55,109,268.000000,,-243.264462,24.735538,139.934458
1048576,1048576,2097152,0.106,222298,32,256,4096,55,110,537.787447,0.0334799852936,-245.439303,292.348144,292.348144
1048576,1048576,2097152,0.106,222298,32,256,4096,55,111,542.688004,0.0334799852936,-247.609688,295.078316,295.280838
1048576,1048576,2097152,0.106,222298,32,256,4096,55,112,547.588562,0.0334799852936,-249.775532,297.813029,298.043080
1048576,1048576,2097152,0.106,222298,32,256,4096,55,113,552.489119,0.0334799852936,-251.936783,300.552336,300.785790
1048576,1048576,2097152,0.106,222298,32,256,4096,55,114,557.389676,0.0334799852936,-254.093421,303.296256,303.529529
1048576,1048576,2097152,0.106,222298,32,256,4096,55,115,562.290233,0.0334799852936,-256.245448,306.044786,306.277345
1048576,1048576,2097152,0.106,222298,32,256,4096,55,116,567.190791,0.0334799852936,-258.392905,308.797886,309.029660
1048576,1048576,2097152,0.106,222298,32,256,4096,55,117,572.091348,0.0334799852936,-260.535860,311.555488,311.786478
1048576,1048576,2097152,0.106,222298,32,256,4096,55,118,576.991905,0.0334799852936,-262.674404,314.317501,314.547724
1048576,1048576,2097152,0.106,222298,32,256,4096,55,119,581.892463,0.0334799852936,-264.808660,317.083803,317.313281
1048576,1048576,2097152,0.106,222298,32,256,4096,55,120,586.793020,0.0334799852936,-266.938772,319.854248,320.083008
1048576,1048576,2097152,0.106,222298,32,256,4096,55,121,591.693577,0.0334799852936,-269.064898,322.628679,322.856751
1048576,1048576,2097152,0.106,222298,32,256,4096,55,122,596.594135,0.0334799852936,-271.187219,325.406916,325.634331
1048576,1048576,2097152,0.106,222298,32,256,4096,55,123,601.494692,0.0334799852936,-273.305926,328.188766,328.415559
1048576,1048576,2097152,0.106,222298,32,256,4096,55,124,606.395249,0.0334799852936,-275.421216,330.974033,331.200240
1048576,1048576,2097152,0.106,222298,32,256,4096,55,125,611.295806,0.0334799852936,-277.533295,333.762512,333.988167
1048576,1048576,2097152,0.106,222298,32,256,4096,55,126,616.196364,0.0334799852936,-279.642372,336.553992,336.779134
1048576,1048576,2097152,0.106,222298,32,256,4096,55,127,621.096921,0.0334799852936,-281.748651,339.348270,339.572934
1048576,1048576,2097152,0.106,222298,32,256,4096,55,128,625.997478,0.0334799852936,-283.852337,342.145141,342.369363
1048576,1048576,2097152,0.106,222298,32,256,4096,55,129,630.898036,0.0334799852936,-285.953631,344.944404,345.168218
1048576,1048576,2097152,0.106,222298,32,256,4096,55,130,635.798593,0.0334799852936,-288.052724,347.745869,347.969308
1048576,1048576,2097152,0.106,222298,32,256,4096,55,131,640.699150,0.0334799852936,-290.149799,350.549351,350.772447
1048576,1048576,2097152,0.106,222298,32,256,4096,55,132,645.599708,0.0334799852936,-292.245035,353.354672,353.577456
1048576,1048576,2097152,0.106,222298,32,256,4096,55,133,650.500265,0.0334799852936,-294.338595,356.161670,356.384169
1048576,1048576,2097152,0.106,222298,32,256,4096,55,134,655.400822,0.0334799852936,-296.430636,358.970186,359.192428
1048576,1048576,2097152,0.106,222298,32,256,4096,55,135,660.301379,0.0334799852936,-298.521304,361.780076,362.002085
1048576,1048576,2097152,0.106,222298,32,256,4096,55,136,665.201937,0.0334799852936,-300.610733,364.591204,364.813003
1048576,1048576,2097152,0.106,222298,32,256,4096,55,137,670.102494,0.0334799852936,-302.699049,367.403445,367.625056
1048576,1048576,2097152,0.106,222298,32,256,4096,55,138,675.003051,0.0334799852936,-304.786369,370.216682,370.438125
1048576,1048576,2097152,0.106,222298,32,256,4096,55,139,679.903609,0.0334799852936,-306.872797,373.030812,373.252103
1048576,1048576,2097152,0.106,222298,32,256,4096,55,140,684.804166,0.0334799852936,-308.958431,375.845735,376.066892
1048576,1048576,2097152,0.106,222298,32,256,4096,55,141,689.704723,0.0334799852936,-311.043360,378.661363,378.882401
1048576,1048576,2097152,0.106,222298,32,256,4096,55,142,694.605280,0.0334799852936,-313.127665,381.477616,381.698548
1048576,1048576,2097152,0.106,222298,32,256,4096,55,143,699.505838,0.0334799852936,-315.211418,384.294419,384.515258
1048576,1048576,2097152,0.106,222298,32,256,4096,55,144,704.406395,0.0334799852936,-317.294688,387.111707,387.332464
1048576,1048576,2097152,0.106,222298,32,256,4096,55,145,709.306952,0.0334799852936,-319.377534,389.929419,390.150104
1048576,1048576,2097152,0.106,222298,32,256,4096,55,146,714.207510,0.0334799852936,-321.460010,392.747500,392.968123
1048576,1048576,2097152,0.106,222298,32,256,4096,55,147,719.108067,0.0334799852936,-323.542166,395.565901,395.786470
1048576,1048576,2097152,0.106,222298,32,256,4096,55,148,724.008624,0.0334799852936,-325.624045,398.384579,398.605101
1048576,1048576,2097152,0.106,222298,32,256,4096,55,149,728.909182,0.0334799852936,-327.705688,401.203493,401.423975
1048576,1048576,2097152,0.106,222298,32,256,4096,55,150,733.809739,0.0334799852936,-329.787131,404.022608,404.243055
1048576,1048576,2097152,0.106,222298,32,256,4096,55,151,738.710296,0.0334799852936,-331.868404,406.841892,407.062310
1048576,1048576,2097152,0.106,222298,32,256,4096,55,152,743.610853,0.0334799852936,-333.949538,409.661315,409.881710
1048576,1048576,2097152,0.106,222298,32,256,4096,55,153,748.511411,0.0334799852936,-336.030557,412.480853,412.701228
1048576,1048576,2097152,0.106,222298,32,256,4096,55,154,753.411968,0.0334799852936,-338.111485,415.300483,415.520842
1048576,1048576,2097152,0.106,222298,32,256,4096,55,155,758.312525,0.0334799852936,-340.192342,418.120183,418.340530
1048576,1048576,2097152,0.106,222298,32,256,4096,55,156,763.213083,0.0334799852936,-342.273146,420.939936,421.160274
1048576,1048576,2097152,0.106,222298,32,256,4096,55,157,768.113640,0.0334799852936,-344.353915,423.759725,423.980057
1048576,1048576,2097152,0.106,222298,32,256,4096,55,158,773.014197,0.0334799852936,-346.434661,426.579537,426.799864
1048576,1048576,2097152,0.106,222298,32,256,4096,55,159,777.914754,0.0334799852936,-348.515398,429.399357,429.619682
1048576,1048576,2097152,0.106,222298,32,256,4096,55,160,782.815312,0.0334799852936,-350.596137,432.219175,432.439500
1048576,1048576,2097152,0.106,222298,32,256,4096,55,161,787.715869,0.0334799852936,-352.676889,435.038980,435.259307
1048576,1048576,2097152,0.106,222298,32,256,4096,55,162,792.616426,0.0334799852936,-354.757663,437.858764,438.079094
1048576,1048576,2097152,0.106,222298,32,256,4096,55,163,797.516984,0.0334799852936,-356.838466,440.678518,440.898853
1048576,1048576,2097152,0.106,222298,32,256,4096,55,164,802.417541,0.0334799852936,-358.919305,443.498236,443.718577
1048576,1048576,2097152,0.106,222298,32,256,4096,55,165,807.318098,0.0334799852936,-361.000187,446.317911,446.538259
1048576,1048576,2097152,0.106,222298,32,256,4096,55,166,812.218656,0.0334799852936,-363.081117,449.137539,449.357894
1048576,1048576,2097152,0.106,222298,32,256,4096,55,167,817.119213,0.0334799852936,-365.162100,451.957113,452.177478
1048576,1048576,2097152,0.106,222298,32,256,4096,55,168,822.019770,0.0334799852936,-367.243139,454.776631,454.997005
1048576,1048576,2097152,0.106,222298,32,256,4096,55,169,826.920327,0.0334799852936,-369.324239,457.596088,457.816472
1048576,1048576,2097152,0.106,222298,32,256,4096,55,170,831.820885,0.0334799852936,-371.405403,460.415482,460.635876
1048576,1048576,2097152,0.106,222298,32,256,4096,55,171,836.721442,0.0334799852936,-373.486633,463.234809,463.455214
1048576,1048576,2097152,0.106,222298,32,256,4096,55,172,841.621999,0.0334799852936,-375.567932,466.054068,466.274484
1048576,1048576,2097152,0.106,222298,32,256,4096,55,173,846.522557,0.0334799852936,-377.649301,468.873255,469.093683
1048576,1048576,2097152,0.106,222298,32,256,4096,55,174,851.423114,0.0334799852936,-379.730743,471.692371,471.912811
1048576,1048576,2097152,0.106,222298,32,256,4096,55,175,856.323671,0.0334799852936,-381.812258,474.511413,474.731865
1048576,1048576,2097152,0.106,222298,32,256,4096,55,176,861.224229,0.0334799852936,-383.893849,477.330380,477.550844
1048576,1048576,2097152,0.106,222298,32,256,4096,55,177,866.124786,0.0334799852936,-385.975515,480.149271,480.369747
1048576,1048576,2097152,0.106,222298,32,256,4096,55,178,871.025343,0.0334799852936,-388.057258,482.968085,483.188574
1048576,1048576,2097152,0.106,222298,32,256,4096,55,179,875.925900,0.0334799852936,-390.139078,485.786822,486.007324
1048576,1048576,2097152,0.106,222298,32,256,4096,55,180,880.826458,0.0334799852936,-392.220977,488.605481,488.825996
1048576,1048576,2097152,0.106,222298,32,256,4096,55,181,885.727015,0.0334799852936,-394.302953,491.424062,491.644590
1048576,1048576,2097152,0.106,222298,32,256,4096,55,182,890.627572,0.0334799852936,-396.385007,494.242565,494.463106
1048576,1048576,2097152,0.106,222298,32,256,4096,55,183,895.528130,0.0334799852936,-398.467140,497.060989,497.281543
1048576,1048576,2097152,0.106,222298,32,256,4096,55,184,900.428687,0.0334799852936,-400.549352,499.879335,500.099902
1048576,1048576,2097152,0.106,222298,32,256,4096,55,185,905.329244,0.0334799852936,-402.631641,502.697603,502.918182
1048576,1048576,2097152,0.106,222298,32,256,4096,55,186,910.229801,0.0334799852936,-404.714009,505.515792,505.736385
1048576,1048576,2097152,0.106,222298,32,256,4096,55,187,915.130359,0.0334799852936,-406.796455,508.333903,508.554509
1048576,1048576,2097152,0.106,222298,32,256,4096,55,188,920.030916,0.0334799852936,-408.878979,511.151937,511.372555
1048576,1048576,2097152,0.106,222298,32,256,4096,55,189,924.931473,0.0334799852936,-410.961581,513.969893,514.190524
1048576,1048576,2097152,0.106,222298,32,256,4096,55,190,929.832031,0.0334799852936,-413.044259,516.787771,517.008415
1048576,1048576,2097152,0.106,222298,32,256,4096,55,191,934.732588,0.0334799852936,-415.127014,519.605574,519.826230
1048576,1048576,2097152,0.106,222298,32,256,4096,55,192,939.633145,0.0334799852936,-417.209846,522.423299,522.643968
1048576,1048576,2097152,0.106,222298,32,256,4096,55,193,944.533703,0.0334799852936,-419.292754,525.240949,525.461631
1048576,1048576,2097152,0.106,222298,32,256,4096,55,194,949.434260,0.0334799852936,-421.375737,528.058523,528.279217
1048576,1048576,2097152,0.106,222298,32,256,4096,55,195,954.334817,0.0334799852936,-423.458795,530.876023,531.096729
1048576,1048576,2097152,0.106,222298,32,256,4096,55,196,959.235374,0.0334799852936,-425.541927,533.693447,533.914166
1048576,1048576,2097152,0.106,222298,32,256,4096,55,197,964.135932,0.0334799852936,-427.625134,536.510798,536.731529
1048576,1048576,2097152,0.106,222298,32,256,4096,55,198,969.036489,0.0334799852936,-429.708413,539.328076,539.548819
1048576,1048576,2097152,0.106,222298,32,256,4096,55,199,973.937046,0.0334799852936,-431.791766,542.145280,542.366036
1048576,1048576,2097152,0.106,222298,32,256,4096,55,200,978.837604,0.0334799852936,-433.875191,544.962412,545.183180
1048576,1048576,2097152,0.106,222298,32,256,4096,55,201,983.738161,0.0334799852936,-435.958688,547.779473,548.000252
1048576,1048576,2097152,0.106,222298,32,256,4096,55,202,988.638718,0.0334799852936,-438.042256,550.596462,550.817253
1048576,1048576,2097152,0.106,222298,32,256,4096,55,203,993.539275,0.0334799852936,-440.125895,553.413380,553.634183
1048576,1048576,2097152,0.106,222298,32,256,4096,55,204,998.439833,0.0334799852936,-442.209604,556.230229,556.451043
1048576,1048576,2097152,0.106,222298,32,256,4096,55,205,1003.340390,0.0334799852936,-444.293383,559.047007,559.267833
1048576,1048576,2097152,0.106,222298,32,256,4096,55,206,1008.240947,0.0334799852936,-446.377230,561.863717,562.084554
1048576,1048576,2097152,0.106,222298,32,256,4096,55,207,1013.141505,0.0334799852936,-448.461146,564.680358,564.901207
1048576,1048576,2097152,0.106,222298,32,256,4096,55,208,1018.042062,0.0334799852936,-450.545130,567.496932,567.717792
1048576,1048576,2097152,0.106,222298,32,256,4096,55,209,1022.942619,0.0334799852936,-452.629181,570.313438,570.534309
1048576,1048576,2097152,0.106,222298,32,256,4096,55,210,1027.843177,0.0334799852936,-454.713299,573.129877,573.350759
1048576,1048576,2097152,0.106,222298,32,256,4096,55,211,1032.743734,0.0334799852936,-456.797483,575.946250,576.167143
1048576,1048576,2097152,0.106,222298,32,256,4096,55,212,1037.644291,0.0334799852936,-458.881733,578.762558,578.983462
1048576,1048576,2097152,0.106,222298,32,256,4096,55,213,1042.544848,0.0334799852936,-460.966048,581.578800,581.799715
1048576,1048576,2097152,0.106,222298,32,256,4096,55,214,1047.445406,0.0334799852936,-463.050428,584.394978,584.615903
1048576,1048576,2097152,0.106,222298,32,256,4096,55,215,1052.345963,0.0334799852936,-465.134871,587.211092,587.432028
1048576,1048576,2097152,0.106,222298,32,256,4096,55,216,1057.246520,0.0334799852936,-467.219378,590.027142,590.248089
1048576,1048576,2097152,0.106,222298,32,256,4096,55,217,1062.147078,0.0334799852936,-469.303948,592.843129,593.064086
1048576,1048576,2097152,0.106,222298,32,256,4096,55,218,1067.047635,0.0334799852936,-471.388581,595.659054,595.880022
1048576,1048576,2097152,0.106,222298,32,256,4096,55,219,1071.948192,0.0334799852936,-473.473275,598.474917,598.695895
1048576,1048576,2097152,0.106,222298,32,256,4096,55,220,1076.848750,0.0334799852936,-475.558031,601.290719,601.511707
1048576,1048576,2097152,0.106,222298,32,256,4096,60,1,-inf,,-2.237843,-inf,-inf
1048576,1048576,2097152,0.106,222298,32,256,4096,60,2,-inf,,-4.475684,-inf,-inf
1048576,1048576,2097152,0.106,222298,32,256,4096,60,3,-inf,,-6.713526,-inf,-inf
1048576,1048576,2097152,0.106,222298,32,256,4096,60,4,-inf,,-8.951366,-inf,-inf
1048576,1048576,2097152,0.106,222298,32,256,4096,60,5,-inf,,-11.189206,-inf,-inf
1048576,1048576,2097152,0.106,222298,32,256,4096,60,6,-inf,,-13.427045,-inf,-inf
1048576,1048576,2097152,0.106,222298,32,256,4096,60,7,-inf,,-15.664883,-inf,-inf
1048576,1048576,2097152,0.106,222298,32,256,4096,60,8,-inf,,-17.902721,-inf,-inf
1048576,1048576,2097152,0.106,222298,32,256,4096,60,9,-inf,,-20.140558,-inf,-inf
1048576,1048576,2097152,0.106,222298,32,256,4096,60,10,-inf,,-22.378394,-inf,-inf
1048576,1048576,2097152,0.106,222298,32,256,4096,60,11,-inf,,-24.616229,-inf,-inf
1048576,1048576,2097152,0.106,222298,32,256,4096,60,12,-inf,,-26.854064,-inf,-inf
1048576,1048576,2097152,0.106,222298,32,256,4096,60,13,-inf,,-29.091897,-inf,-inf
1048576,1048576,2097152,0.106,222298,32,256,4096,60,14,-inf,,-31.329731,-inf,-inf
1048576,1048576,2097152,0.106,222298,32,256,4096,60,15,-inf,,-33.567563,-inf,-inf
1048576,1048576,2097152,0.106,222298,32,256,4096,60,16,-inf,,-35.805394,-inf,-inf
1048576,1048576,2097152,0.106,222298,32,256,4096,60,17,-inf,,-38.043225,-inf,-inf
1048576,1048576,2097152,0.106,222298,32,256,4096,60,18,-inf,,-40.281055,-inf,-inf
1048576,1048576,2097152,0.106,222298,32,256,4096,60,19,-inf,,-42.518884,-inf,-inf
1048576,1048576,2097152,0.106,222298,32,256,4096,60,20,-inf,,-44.756712,-inf,-inf
1048576,1048576,2097152,0.106,222298,32,256,4096,60,21,-inf,,-46.994540,-inf,-inf
1048576,1048576,2097152,0.106,222298,32,256,4096,60,22,-inf,,-49.232366,-inf,-inf
1048576,1048576,2097152,0.106,222298,32,256,4096,60,23,-inf,,-51.470191,-inf,-inf
1048576,1048576,2097152,0.106,222298,32,256,4096,60,24,-inf,,-53.708016,-inf,-inf
1048576,1048576,2097152,0.106,222298,32,256,4096,60,25,-inf,,-55.945839,-inf,-inf
1048576,1048576,2097152,0.106,222298,32,256,4096,60,26,-inf,,-58.183662,-inf,-inf
1048576,1048576,2097152,0.106,222298,32,256,4096,60,27,-inf,,-60.421483,-inf,-inf
1048576,1048576,2097152,0.106,222298,32,256,4096,60,28,-inf,,-62.659303,-inf,-inf
1048576,1048576,2097152,0.106,222298,32,256,4096,60,29,-inf,,-64.897122,-inf,-inf
1048576,1048576,2097152,0.106,222298,32,256,4096,60,30,-inf,,-67.134939,-inf,-inf
1048576,1048576,2097152,0.106,222298,32,256,4096,60,31,-inf,,-69.372755,-inf,-inf
1048576,1048576,2097152,0.106,222298,32,256,4096,60,32,-inf,,-71.610569,-inf,-inf
1048576,1048576,2097152,0.106,222298,32,256,4096,60,33,-inf,,-73.848382,-inf,-inf
1048576,1048576,2097152,0.106,222298,32,256,4096,60,34,-inf,,-76.086193,-inf,-inf
1048576,1048576,2097152,0.106,222298,32,256,4096,60,35,-inf,,-78.324002,-inf,-inf
1048576,1048576,2097152,0.106,222298,32,256,4096,60,36,-inf,,-80.561808,-inf,-inf
1048576,1048576,2097152,0.106,222298,32,256,4096,60,37,-inf,,-82.799612,-inf,-inf
1048576,1048576,2097152,0.106,222298,32,256,4096,60,38,-inf,,-85.037414,-inf,-inf
1048576,1048576,2097152,0.106,222298,32,256,4096,60,39,-inf,,-87.275213,-inf,-inf
1048576,1048576,2097152,0.106,222298,32,256,4096,60,40,-inf,,-89.513008,-inf,-inf
1048576,1048576,2097152,0.106,222298,32,256,4096,60,41,-inf,,-91.750800,-inf,-inf
1048576,1048576,2097152,0.106,222298,32,256,4096,60,42,-inf,,-93.988588,-inf,-inf
1048576,1048576,2097152,0.106,222298,32,256,4096,60,43,-inf,,-96.226371,-inf,-inf
1048576,1048576,2097152,0.106,222298,32,256,4096,60,44,-inf,,-98.464149,-inf,-inf
1048576,1048576,2097152,0.106,222298,32,256,4096,60,45,-inf,,-100.701922,-inf,-inf
1048576,1048576,2097152,0.106,222298,32,256,4096,60,46,-inf,,-102.939689,-inf,-inf
1048576,1048576,2097152,0.106,222298,32,256,4096,60,47,-inf,,-105.177448,-inf,-inf
1048576,1048576,2097152,0.106,222298,32,256,4096,60,48,-inf,,-107.415200,-inf,-inf
1048576,1048576,2097152,0.106,222298,32,256,4096,60,49,-inf,,-109.652943,-inf,-inf
1048576,1048576,2097152,0.106,222298,32,256,4096,60,50,-inf,,-111.890676,-inf,-inf
1048576,1048576,2097152,0.106,222298,32,256,4096,60,51,-inf,,-114.128398,-inf,-inf
1048576,1048576,2097152,0.106,222298,32,256,4096,60,52,-inf,,-116.366107,-inf,-inf
1048576,1048576,2097152,0.106,222298,32,256,4096,60,53,-inf,,-118.603803,-inf,-inf
1048576,1048576,2097152,0.106,222298,32,256,4096,60,54,-inf,,-120.841482,-inf,-inf
1048576,1048576,2097152,0.106,222298,32,256,4096,60,55,-inf,,-123.079144,-inf,-inf
1048576,1048576,2097152,0.106,222298,32,256,4096,60,56,-inf,,-125.316785,-inf,-inf
1048576,1048576,2097152,0.106,222298,32,256,4096,60,57,-inf,,-127.554404,-inf,-inf
1048576,1048576,2097152,0.106,222298,32,256,4096,60,58,-inf,,-129.791997,-inf,-inf
1048576,1048576,2097152,0.106,222298,32,256,4096,60,59,-inf,,-132.029562,-inf,-inf
1048576,1048576,2097152,0.106,222298,32,256,4096,60,60,267.985312,0.0302061203601,-134.267094,133.718218,133.718218
1048576,1048576,2097152,0.106,222298,32,256,4096,60,61,268.000000,,-136.504589,131.495411,133.998253
1048576,1048576,2097152,0.106,222298,32,256,4096,60,62,268.000000,,-138.742043,129.257957,134.051244
1048576,1048576,2097152,0.106,222298,32,256,4096,60,63,268.000000,,-140.979450,127.020550,134.062236
1048576,1048576,2097152,0.106,222298,32,256,4096,60,64,268.000000,,-143.216806,124.783194,134.064556
1048576,1048576,2097152,0.106,222298,32,256,4096,60,65,268.000000,,-145.454102,122.545898,134.065048
1048576,1048576,2097152,0.106,222298,32,256,4096,60,66,268.000000,,-147.691331,120.308669,134.065152
1048576,1048576,2097152,0.106,222298,32,256,4096,60,67,268.000000,,-149.928486,118.071514,134.065174
1048576,1048576,2097152,0.106,222298,32,256,4096,60,68,268.000000,,-152.165557,115.834443,134.065179
1048576,1048576,2097152,0.106,222298,32,256,4096,60,69,268.000000,,-154.402533,113.597467,134.065180
1048576,1048576,2097152,0.106,222298,32,256,4096,60,70,268.000000,,-156.639403,111.360597,134.065180
1048576,1048576,2097152,0.106,222298,32,256,4096,60,71,268.000000,,-158.876152,109.123848,134.065180
1048576,1048576,2097152,0.106,222298,32,256,4096,60,72,268.000000,,-161.112767,106.887233,134.065180
1048576,1048576,2097152,0.106,222298,32,256,4096,60,73,268.000000,,-163.349231,104.650769,134.065180
1048576,1048576,2097152,0.106,222298,32,256,4096,60,74,268.000000,,-165.585524,102.414476,134.065180
1048576,1048576,2097152,0.106,222298,32,256,4096,60,75,268.000000,,-167.821627,100.178373,134.065180
1048576,1048576,2097152,0.106,222298,32,256,4096,60,76,268.000000,,-170.057515,97.942485,134.065180
1048576,1048576,2097152,0.106,222298,32,256,4096,60,77,268.000000,,-172.293162,95.706838,134.065180
1048576,1048576,2097152,0.106,222298,32,256,4096,60,78,268.000000,,-174.528540,93.471460,134.065180
1048576,1048576,2097152,0.106,222298,32,256,4096,60,79,268.000000,,-176.763616,91.236384,134.065180
1048576,1048576,2097152,0.106,222298,32,256,4096,60,80,268.000000,,-178.998353,89.001647,134.065180
1048576,1048576,2097152,0.106,222298,32,256,4096,60,81,268.000000,,-181.232711,86.767289,134.065180
1048576,1048576,2097152,0.106,222298,32,256,4096,60,82,268.000000,,-183.466646,84.533354,134.065180
1048576,1048576,2097152,0.106,222298,32,256,4096,60,83,268.000000,,-185.700107,82.299893,134.065180
1048576,1048576,2097152,0.106,222298,32,256,4096,60,84,268.000000,,-187.933039,80.066961,134.065180
1048576,1048576,2097152,0.106,222298,32,256,4096,60,85,268.000000,,-190.165381,77.834619,134.065180
1048576,1048576,2097152,0.106,222298,32,256,4096,60,86,268.000000,,-192.397066,75.602934,134.065180
1048576,1048576,2097152,0.106,222298,32,256,4096,60,87,268.000000,,-194.628018,73.371982,134.065180
1048576,1048576,2097152,0.106,222298,32,256,4096,60,88,268.000000,,-196.858157,71.141843,134.065180
1048576,1048576,2097152,0.106,222298,32,256,4096,60,89,268.000000,,-199.087391,68.912609,134.065180
1048576,1048576,2097152,0.106,222298,32,256,4096,60,90,268.000000,,-201.315623,66.684377,134.065180
1048576,1048576,2097152,0.106,222298,32,256,4096,60,91,268.000000,,-203.542744,64.457256,134.065180
1048576,1048576,2097152,0.106,222298,32,256,4096,60,92,268.000000,,-205.768640,62.231360,134.065180
1048576,1048576,2097152,0.106,222298,32,256,4096,60,93,268.000000,,-207.993180,60.006820,134.065180
1048576,1048576,2097152,0.106,222298,32,256,4096,60,94,268.000000,,-210.216231,57.783769,134.065180
1048576,1048576,2097152,0.106,222298,32,256,4096,60,95,268.000000,,-212.437643,55.562357,134.065180
1048576,1048576,2097152,0.106,222298,32,256,4096,60,96,268.000000,,-214.657262,53.342738,134.065180
1048576,1048576,2097152,0.106,222298,32,256,4096,60,97,268.000000,,-216.874919,51.125081,134.065180
1048576,1048576,2097152,0.106,222298,32,256,4096,60,98,268.000000,,-219.090440,48.909560,134.065180
1048576,1048576,2097152,0.106,222298,32,256,4096,60,99,268.000000,,-221.303637,46.696363,134.065180
1048576,1048576,2097152,0.106,222298,32,256,4096,60,100,268.000000,,-223.514322,44.485678,134.065180
1048576,1048576,2097152,0.106,222298,32,256,4096,60,101,268.000000,,-225.722292,42.277708,134.065180
1048576,1048576,2097152,0.106,222298,32,256,4096,60,102,268.000000,,-227.927350,40.072650,134.065180
1048576,1048576,2097152,0.106,222298,32,256,4096,60,103,268.000000,,-230.129288,37.870712,134.065180
1048576,1048576,2097152,0.106,222298,32,256,4096,60,104,268.000000,,-232.327903,35.672097,134.065180
1048576,1048576,2097152,0.106,222298,32,256,4096,60,105,268.000000,,-234.522998,33.477002,134.065180
1048576,1048576,2097152,0.106,222298,32,256,4096,60,106,268.000000,,-236.714376,31.285624,134.065180
1048576,1048576,2097152,0.106,222298,32,256,4096,60,107,268.000000,,-238.901855,29.098145,134.065180
1048576,1048576,2097152,0.106,222298,32,256,4096,60,108,268.000000,,-241.085269,26.914731,134.065180
1048576,1048576,2097152,0.106,222298,32,256,4096,60,109,268.000000,,-243.264462,24.735538,134.065180
1048576,1048576,2097152,0.106,222298,32,256,4096,60,110,268.000000,,-245.439303,22.560697,134.065180
1048576,1048576,2097152,0.106,222298,32,256,4096,60,111,268.000000,,-247.609688,20.390312,134.065180
1048576,1048576,2097152,0.106,222298,32,256,4096,60,112,268.000000,,-249.775532,18.224468,134.065180
1048576,1048576,2097152,0.106,222298,32,256,4096,60,113,268.000000,,-251.936783,16.063217,134.065180
1048576,1048576,2097152,0.106,222298,32,256,4096,60,114,268.000000,,-254.093421,13.906579,134.065180
1048576,1048576,2097152,0.106,222298,32,256,4096,60,115,268.000000,,-256.245448,11.754552,134.065180
1048576,1048576,2097152,0.106,222298,32,256,4096,60,116,268.000000,,-258.392905,9.607095,134.065180
1048576,1048576,2097152,0.106,222298,32,256,4096,60,117,268.000000,,-260.535860,7.464140,134.065180
1048576,1048576,2097152,0.106,222298,32,256,4096,60,118,268.000000,,-262.674404,5.325596,134.065180
1048576,1048576,2097152,0.106,222298,32,256,4096,60,119,268.000000,,-264.808660,3.191340,134.065180
1048576,1048576,2097152,0.106,222298,32,256,4096,60,120,536.626346,0.0455885929725,-266.938772,269.687574,269.687574
1048576,1048576,2097152,0.106,222298,32,256,4096,60,121,541.081529,0.0455885929725,-269.064898,272.016631,272.278480
1048576,1048576,2097152,0.106,222298,32,256,4096,60,122,545.536712,0.0455885929725,-271.187219,274.349494,274.657496
1048576,1048576,2097152,0.106,222298,32,256,4096,60,123,549.991896,0.0455885929725,-273.305926,276.685970,277.002248
1048576,1048576,2097152,0.106,222298,32,256,4096,60,124,554.447079,0.0455885929725,-275.421216,279.025863,279.343099
1048576,1048576,2097152,0.106,222298,32,256,4096,60,125,558.902262,0.0455885929725,-277.533295,281.368968,281.685759
1048576,1048576,2097152,0.106,222298,32,256,4096,60,126,563.357446,0.0455885929725,-279.642372,283.715074,284.031187
1048576,1048576,2097152,0.106,222298,32,256,4096,60,127,567.812629,0.0455885929725,-281.748651,286.063978,286.379407
1048576,1048576,2097152,0.106,222298,32,256,4096,60,128,572.267812,0.0455885929725,-283.852337,288.415475,288.730261
1048576,1048576,2097152,0.106,222298,32,256,4096,60,129,576.722996,0.0455885929725,-285.953631,290.769364,291.083556
1048576,1048576,2097152,0.106,222298,32,256,4096,60,130,581.178179,0.0455885929725,-288.052724,293.125455,293.439100
1048576,1048576,2097152,0.106,222298,32,256,4096,60,131,585.633362,0.0455885929725,-290.149799,295.483563,295.796707
1048576,1048576,2097152,0.106,222298,32,256,4096,60,132,590.088546,0.0455885929725,-292.245035,297.843510,298.156199
1048576,1048576,2097152,0.106,222298,32,256,4096,60,133,594.543729,0.0455885929725,-294.338595,300.205134,300.517407
1048576,1048576,2097152,0.106,222298,32,256,4096,60,134,598.998912,0.0455885929725,-296.430636,302.568276,302.880173
1048576,1048576,2097152,0.106,222298,32,256,4096,60,135,603.454095,0.0455885929725,-298.521304,304.932792,305.244348
1048576,1048576,2097152,0.106,222298,32,256,4096,60,136,607.909279,0.0455885929725,-300.610733,307.298546,307.609796
1048576,1048576,2097152,0.106,222298,32,256,4096,60,137,612.364462,0.0455885929725,-302.699049,309.665413,309.976388
1048576,1048576,2097152,0.106,222298,32,256,4096,60,138,616.819645,0.0455885929725,-304.786369,312.033276,312.344005
1048576,1048576,2097152,0.106,222298,32,256,4096,60,139,621.274829,0.0455885929725,-306.872797,314.402032,314.712540
1048576,1048576,2097152,0.106,222298,32,256,4096,60,140,625.730012,0.0455885929725,-308.958431,316.771581,317.081893
1048576,1048576,2097152,0.106,222298,32,256,4096,60,141,630.185195,0.0455885929725,-311.043360,319.141835,319.451972
1048576,1048576,2097152,0.106,222298,32,256,4096,60,142,634.640379,0.0455885929725,-313.127665,321.512714,321.822697
1048576,1048576,2097152,0.106,222298,32,256,4096,60,143,639.095562,0.0455885929725,-315.211418,323.884144,324.193990
1048576,1048576,2097152,0.106,222298,32,256,4096,60,144,643.550745,0.0455885929725,-317.294688,326.256057,326.565783
1048576,1048576,2097152,0.106,222298,32,256,4096,60,145,648.005929,0.0455885929725,-319.377534,328.628395,328.938016
1048576,1048576,2097152,0.106,222298,32,256,4096,60,146,652.461112,0.0455885929725,-321.460010,331.001102,331.310632
1048576,1048576,2097152,0.106,222298,32,256,4096,60,147,656.916295,0.0455885929725,-323.542166,333.374129,333.683580
1048576,1048576,2097152,0.106,222298,32,256,4096,60,148,661.371478,0.0455885929725,-325.624045,335.747433,336.056815
1048576,1048576,2097152,0.106,222298,32,256,4096,60,149,665.826662,0.0455885929725,-327.705688,338.120974,338.430296
1048576,1048576,2097152,0.106,222298,32,256,4096,60,150,670.281845,0.0455885929725,-329.787131,340.494714,340.803987
1048576,1048576,2097152,0.106,222298,32,256,4096,60,151,674.737028,0.0455885929725,-331.868404,342.868624,343.177854
1048576,1048576,2097152,0.106,222298,32,256,4096,60,152,679.192212,0.0455885929725,-333.949538,345.242674,345.551869
1048576,1048576,2097152,0.106,222298,32,256,4096,60,153,683.647395,0.0455885929725,-336.030557,347.616838,347.926004
1048576,1048576,2097152,0.106,222298,32,256,4096,60,154,688.102578,0.0455885929725,-338.111485,349.991093,350.300236
1048576,1048576,2097152,0.106,222298,32,256,4096,60,155,692.557762,0.0455885929725,-340.192342,352.365419,352.674544
1048576,1048576,2097152,0.106,222298,32,256,4096,60,156,697.012945,0.0455885929725,-342.273146,354.739798,355.048910
1048576,1048576,2097152,0.106,222298,32,256,4096,60,157,701.468128,0.0455885929725,-344.353915,357.114214,357.423315
1048576,1048576,2097152,0.106,222298,32,256,4096,60,158,705.923311,0.0455885929725,-346.434661,359.488651,359.797746
1048576,1048576,2097152,0.106,222298,32,256,4096,60,159,710.378495,0.0455885929725,-348.515398,361.863097,362.172190
1048576,1048576,2097152,0.106,222298,32,256,4096,60,160,714.833678,0.0455885929725,-350.596137,364.237541,364.546634
1048576,1048576,2097152,0.106,222298,32,256,4096,60,161,719.288861,0.0455885929725,-352.676889,366.611972,366.921067
1048576,1048576,2097152,0.106,222298,32,256,4096,60,162,723.744045,0.0455885929725,-354.757663,368.986382,369.295482
1048576,1048576,2097152,0.106,222298,32,256,4096,60,163,728.199228,0.0455885929725,-356.838466,371.360762,371.669869
1048576,1048576,2097152,0.106,222298,32,256,4096,60,164,732.654411,0.0455885929725,-358.919305,373.735106,374.044221
1048576,1048576,2097152,0.106,222298,32,256,4096,60,165,737.109595,0.0455885929725,-361.000187,376.109408,376.418532
1048576,1048576,2097152,0.106,222298,32,256,4096,60,166,741.564778,0.0455885929725,-363.081117,378.483661,378.792796
1048576,1048576,2097152,0.106,222298,32,256,4096,60,167,746.019961,0.0455885929725,-365.162100,380.857862,381.167009
1048576,1048576,2097152,0.106,222298,32,256,4096,60,168,750.475145,0.0455885929725,-367.243139,383.232005,383.541166
1048576,1048576,2097152,0.106,222298,32,256,4096,60,169,754.930328,0.0455885929725,-369.324239,385.606089,385.915264
1048576,1048576,2097152,0.106,222298,32,256,4096,60,170,759.385511,0.0455885929725,-371.405403,387.980108,388.289298
1048576,1048576,2097152,0.106,222298,32,256,4096,60,171,763.840694,0.0455885929725,-373.486633,390.354061,390.663267
1048576,1048576,2097152,0.106,222298,32,256,4096,60,172,768.295878,0.0455885929725,-375.567932,392.727946,393.037168
1048576,1048576,2097152,0.106,222298,32,256,4096,60,173,772.751061,0.0455885929725,-377.649301,395.101760,395.410999
1048576,1048576,2097152,0.106,222298,32,256,4096,60,174,777.206244,0.0455885929725,-379.730743,397.475502,397.784758
1048576,1048576,2097152,0.106,222298,32,256,4096,60,175,781.661428,0.0455885929725,-381.812258,399.849169,400.158443
1048576,1048576,2097152,0.106,222298,32,256,4096,60,176,786.116611,0.0455885929725,-383.893849,402.222762,402.532054
1048576,1048576,2097152,0.106,222298,32,256,4096,60,177,790.571794,0.0455885929725,-385.975515,404.596279,404.905589
1048576,1048576,2097152,0.106,222298,32,256,4096,60,178,795.026978,0.0455885929725,-388.057258,406.969720,407.279048
1048576,1048576,2097152,0.106,222298,32,256,4096,60,179,799.482161,0.0455885929725,-390.139078,409.343083,409.652429
1048576,1048576,2097152,0.106,222298,32,256,4096,60,180,803.937344,0.0455885929725,-392.220977,411.716368,412.025733
1048576,1048576,2097152,0.106,222298,32,256,4096,60,181,808.392528,0.0455885929725,-394.302953,414.089575,414.398958
1048576,1048576,2097152,0.106,222298,32,256,4096,60,182,812.847711,0.0455885929725,-396.385007,416.462704,416.772106
1048576,1048576,2097152,0.106,222298,32,256,4096,60,183,817.302894,0.0455885929725,-398.467140,418.835754,419.145175
1048576,1048576,2097152,0.106,222298,32,256,4096,60,184,821.758077,0.0455885929725,-400.549352,421.208726,421.518166
1048576,1048576,2097152,0.106,222298,32,256,4096,60,185,826.213261,0.0455885929725,-402.631641,423.581619,423.891078
1048576,1048576,2097152,0.106,222298,32,256,4096,60,186,830.668444,0.0455885929725,-404.714009,425.954435,426.263912
1048576,1048576,2097152,0.106,222298,32,256,4096,60,187,835.123627,0.0455885929725,-406.796455,428.327172,428.636668
1048576,1048576,2097152,0.106,222298,32,256,4096,60,188,839.578811,0.0455885929725,-408.878979,430.699831,431.009346
1048576,1048576,2097152,0.106,222298,32,256,4096,60,189,844.033994,0.0455885929725,-410.961581,433.072413,433.381947
1048576,1048576,2097152,0.106,222298,32,256,4096,60,190,848.489177,0.0455885929725,-413.044259,435.444918,435.754470
1048576,1048576,2097152,0.106,222298,32,256,4096,60,191,852.944361,0.0455885929725,-415.127014,437.817346,438.126916
1048576,1048576,2097152,0.106,222298,32,256,4096,60,192,857.399544,0.0455885929725,-417.209846,440.189698,440.499286
1048576,1048576,2097152,0.106,222298,32,256,4096,60,193,861.854727,0.0455885929725,-419.292754,442.561974,442.871580
1048576,1048576,2097152,0.106,222298,32,256,4096,60,194,866.309911,0.0455885929725,-421.375737,444.934174,445.243799
1048576,1048576,2097152,0.106,222298,32,256,4096,60,195,870.765094,0.0455885929725,-423.458795,447.306299,447.615942
1048576,1048576,2097152,0.106,222298,32,256,4096,60,196,875.220277,0.0455885929725,-425.541927,449.678350,449.988011
1048576,1048576,2097152,0.106,222298,32,256,4096,60,197,879.675460,0.0455885929725,-427.625134,452.050327,452.360005
1048576,1048576,2097152,0.106,222298,32,256,4096,60,198,884.130644,0.0455885929725,-429.708413,454.422230,454.731926
1048576,1048576,2097152,0.106,222298,32,256,4096,60,199,888.585827,0.0455885929725,-431.791766,456.794061,457.103774
1048576,1048576,2097152,0.106,222298,32,256,4096,60,200,893.041010,0.0455885929725,-433.875191,459.165819,459.475550
1048576,1048576,2097152,0.106,222298,32,256,4096,60,201,897.496194,0.0455885929725,-435.958688,461.537506,461.847254
1048576,1048576,2097152,0.106,222298,32,256,4096,60,202,901.951377,0.0455885929725,-438.042256,463.909121,464.218886
1048576,1048576,2097152,0.106,222298,32,256,4096,60,203,906.406560,0.0455885929725,-440.125895,466.280665,466.590447
1048576,1048576,2097152,0.106,222298,32,256,4096,60,204,910.861744,0.0455885929725,-442.209604,468.652139,468.961938
1048576,1048576,2097152,0.106,222298,32,256,4096,60,205,915.316927,0.0455885929725,-444.293383,471.023544,471.333360
1048576,1048576,2097152,0.106,222298,32,256,4096,60,206,919.772110,0.0455885929725,-446.377230,473.394880,473.704712
1048576,1048576,2097152,0.106,222298,32,256,4096,60,207,924.227294,0.0455885929725,-448.461146,475.766147,476.075996
1048576,1048576,2097152,0.106,222298,32,256,4096,60,208,928.682477,0.0455885929725,-450.545130,478.137347,478.447212
1048576,1048576,2097152,0.106,222298,32,256,4096,60,209,933.137660,0.0455885929725,-452.629181,480.508479,480.818360
1048576,1048576,2097152,0.106,222298,32,256,4096,60,210,937.592843,0.0455885929725,-454.713299,482.879544,483.189441
1048576,1048576,2097152,0.106,222298,32,256,4096,60,211,942.048027,0.0455885929725,-456.797483,485.250543,485.560456
1048576,1048576,2097152,0.106,222298,32,256,4096,60,212,946.503210,0.0455885929725,-458.881733,487.621477,487.931406
1048576,1048576,2097152,0.106,222298,32,256,4096,60,213,950.958393,0.0455885929725,-460.966048,489.992345,490.302290
1048576,1048576,2097152,0.106,222298,32,256,4096,60,214,955.413577,0.0455885929725,-463.050428,492.363149,492.673109
1048576,1048576,2097152,0.106,222298,32,256,4096,60,215,959.868760,0.0455885929725,-465.134871,494.733889,495.043864
1048576,1048576,2097152,0.106,222298,32,256,4096,60,216,964.323943,0.0455885929725,-467.219378,497.104565,497.414556
1048576,1048576,2097152,0.106,222298,32,256,4096,60,217,968.779127,0.0455885929725,-469.303948,499.475178,499.785184
1048576,1048576,2097152,0.106,222298,32,256,4096,60,218,973.234310,0.0455885929725,-471.388581,501.845729,502.155750
1048576,1048576,2097152,0.106,222298,32,256,4096,60,219,977.689493,0.0455885929725,-473.473275,504.216218,504.526254
1048576,1048576,2097152,0.106,222298,32,256,4096,60,220,982.144677,0.0455885929725,-475.558031,506.586646,506.896696
1048576,1048576,2097152,0.106,222298,32,256,4096,65,1,-inf,,-2.237843,-inf,-inf
1048576,1048576,2097152,0.106,222298,32,256,4096,65,2,-inf,,-4.475684,-inf,-inf
1048576,1048576,2097152,0.106,222298,32,256,4096,65,3,-inf,,-6.713526,-inf,-inf
1048576,1048576,2097152,0.106,222298,32,256,4096,65,4,-inf,,-8.951366,-inf,-inf
1048576,1048576,2097152,0.106,222298,32,256,4096,65,5,-inf,,-11.189206,-inf,-inf
1048576,1048576,2097152,0.106,222298,32,256,4096,65,6,-inf,,-13.427045,-inf,-inf
1048576,1048576,2097152,0.106,222298,32,256,4096,65,7,-inf,,-15.664883,-inf,-inf
1048576,1048576,2097152,0.106,222298,32,256,4096,65,8,-inf,,-17.902721,-inf,-inf
1048576,1048576,2097152,0.106,222298,32,256,4096,65,9,-inf,,-20.140558,-inf,-inf
1048576,1048576,2097152,0.106,222298,32,256,4096,65,10,-inf,,-22.378394,-inf,-inf
1048576,1048576,2097152,0.106,222298,32,256,4096,65,11,-inf,,-24.616229,-inf,-inf
1048576,1048576,2097152,0.106,222298,32,256,4096,65,12,-inf,,-26.854064,-inf,-inf
1048576,1048576,2097152,0.106,222298,32,256,4096,65,13,-inf,,-29.091897,-inf,-inf
1048576,1048576,2097152,0.106,222298,32,256,4096,65,14,-inf,,-31.329731,-inf,-inf
1048576,1048576,2097152,0.106,222298,32,256,4096,65,15,-inf,,-33.567563,-inf,-inf
1048576,1048576,2097152,0.106,222298,32,256,4096,65,16,-inf,,-35.805394,-inf,-inf
1048576,1048576,2097152,0.106,222298,32,256,4096,65,17,-inf,,-38.043225,-inf,-inf
1048576,1048576,2097152,0.106,222298,32,256,4096,65,18,-inf,,-40.281055,-inf,-inf
1048576,1048576,2097152,0.106,222298,32,256,4096,65,19,-inf,,-42.518884,-inf,-inf
1048576,1048576,2097152,0.106,222298,32,256,4096,65,20,-inf,,-44.756712,-inf,-inf
1048576,1048576,2097152,0.106,222298,32,256,4096,65,21,-inf,,-46.994540,-inf,-inf
1048576,1048576,2097152,0.106,222298,32,256,4096,65,22,-inf,,-49.232366,-inf,-inf
1048576,1048576,2097152,0.106,222298,32,256,4096,65,23,-inf,,-51.470191,-inf,-inf
1048576,1048576,2097152,0.106,222298,32,256,4096,65,24,-inf,,-53.708016,-inf,-inf
1048576,1048576,2097152,0.106,222298,32,256,4096,65,25,-inf,,-55.945839,-inf,-inf
1048576,1048576,2097152,0.106,222298,32,256,4096,65,26,-inf,,-58.183662,-inf,-inf
1048576,1048576,2097152,0.106,222298,32,256,4096,65,27,-inf,,-60.421483,-inf,-inf
1048576,1048576,2097152,0.106,222298,32,256,4096,65,28,-inf,,-62.659303,-inf,-inf
1048576,1048576,2097152,0.106,222298,32,256,4096,65,29,-inf,,-64.897122,-inf,-inf
1048576,1048576,2097152,0.106,222298,32,256,4096,65,30,-inf,,-67.134939,-inf,-inf
1048576,1048576,2097152,0.106,222298,32,256,4096,65,31,-inf,,-69.372755,-inf,-inf
1048576,1048576,2097152,0.106,222298,32,256,4096,65,32,-inf,,-71.610569,-inf,-inf
1048576,1048576,2097152,0.106,222298,32,256,4096,65,33,-inf,,-73.848382,-inf,-inf
1048576,1048576,2097152,0.106,222298,32,256,4096,65,34,-inf,,-76.086193,-inf,-inf
1048576,1048576,2097152,0.106,222298,32,256,4096,65,35,-inf,,-78.324002,-inf,-inf
1048576,1048576,2097152,0.106,222298,32,256,4096,65,36,-inf,,-80.561808,-inf,-inf
1048576,1048576,2097152,0.106,222298,32,256,4096,65,37,-inf,,-82.799612,-inf,-inf
1048576,1048576,2097152,0.106,222298,32,256,4096,65,38,-inf,,-85.037414,-inf,-inf
1048576,1048576,2097152,0.106,222298,32,256,4096,65,39,-inf,,-87.275213,-inf,-inf
1048576,1048576,2097152,0.106,222298,32,256,4096,65,40,-inf,,-89.513008,-inf,-inf
1048576,1048576,2097152,0.106,222298,32,256,4096,65,41,-inf,,-91.750800,-inf,-inf
1048576,1048576,2097152,0.106,222298,32,256,4096,65,42,-inf,,-93.988588,-inf,-inf
1048576,1048576,2097152,0.106,222298,32,256,4096,65,43,-inf,,-96.226371,-inf,-inf
1048576,1048576,2097152,0.106,222298,32,256,4096,65,44,-inf,,-98.464149,-inf,-inf
1048576,1048576,2097152,0.106,222298,32,256,4096,65,45,-inf,,-100.701922,-inf,-inf
1048576,1048576,2097152,0.106,222298,32,256,4096,65,46,-inf,,-102.939689,-inf,-inf
1048576,1048576,2097152,0.106,222298,32,256,4096,65,47,-inf,,-105.177448,-inf,-inf
1048576,1048576,2097152,0.106,222298,32,256,4096,65,48,-inf,,-107.415200,-inf,-inf
1048576,1048576,2097152,0.106,222298,32,256,4096,65,49,-inf,,-109.652943,-inf,-inf
1048576,1048576,2097152,0.106,222298,32,256,4096,65,50,-inf,,-111.890676,-inf,-inf
1048576,1048576,2097152,0.106,222298,32,256,4096,65,51,-inf,,-114.128398,-inf,-inf
1048576,1048576,2097152,0.106,222298,32,256,4096,65,52,-inf,,-116.366107,-inf,-inf
1048576,1048576,2097152,0.106,222298,32,256,4096,65,53,-inf,,-118.603803,-inf,-inf
1048576,1048576,2097152,0.106,222298,32,256,4096,65,54,-inf,,-120.841482,-inf,-inf
1048576,1048576,2097152,0.106,222298,32,256,4096,65,55,-inf,,-123.079144,-inf,-inf
1048576,1048576,2097152,0.106,222298,32,256,4096,65,56,-inf,,-125.316785,-inf,-inf
1048576,1048576,2097152,0.106,222298,32,256,4096,65,57,-inf,,-127.554404,-inf,-inf
1048576,1048576,2097152,0.106,222298,32,256,4096,65,58,-inf,,-129.791997,-inf,-inf
1048576,1048576,2097152,0.106,222298,32,256,4096,65,59,-inf,,-132.029562,-inf,-inf
1048576,1048576,2097152,0.106,222298,32,256,4096,65,60,-inf,,-134.267094,-inf,-inf
1048576,1048576,2097152,0.106,222298,32,256,4096,65,61,-inf,,-136.504589,-inf,-inf
1048576,1048576,2097152,0.106,222298,32,256,4096,65,62,-inf,,-138.742043,-inf,-inf
1048576,1048576,2097152,0.106,222298,32,256,4096,65,63,-inf,,-140.979450,-inf,-inf
1048576,1048576,2097152,0.106,222298,32,256,4096,65,64,-inf,,-143.216806,-inf,-inf
1048576,1048576,2097152,0.106,222298,32,256,4096,65,65,268.000000,,-145.454102,122.545898,122.545898
1048576,1048576,2097152,0.106,222298,32,256,4096,65,66,268.000000,,-147.691331,120.308669,122.823399
1048576,1048576,2097152,0.106,222298,32,256,4096,65,67,268.000000,,-149.928486,118.071514,122.875974
1048576,1048576,2097152,0.106,222298,32,256,4096,65,68,268.000000,,-152.165557,115.834443,122.886884
1048576,1048576,2097152,0.106,222298,32,256,4096,65,69,268.000000,,-154.402533,113.597467,122.889187
1048576,1048576,2097152,0.106,222298,32,256,4096,65,70,268.000000,,-156.639403,111.360597,122.889676
1048576,1048576,2097152,0.106,222298,32,256,4096,65,71,268.000000,,-158.876152,109.123848,122.889779
1048576,1048576,2097152,0.106,222298,32,256,4096,65,72,268.000000,,-161.112767,106.887233,122.889801
1048576,1048576,2097152,0.106,222298,32,256,4096,65,73,268.000000,,-163.349231,104.650769,122.889806
1048576,1048576,2097152,0.106,222298,32,256,4096,65,74,268.000000,,-165.585524,102.414476,122.889807
1048576,1048576,2097152,0.106,222298,32,256,4096,65,75,268.000000,,-167.821627,100.178373,122.889807
1048576,1048576,2097152,0.106,222298,32,256,4096,65,76,268.000000,,-170.057515,97.942485,122.889807
1048576,1048576,2097152,0.106,222298,32,256,4096,65,77,268.000000,,-172.293162,95.706838,122.889807
1048576,1048576,2097152,0.106,222298,32,256,4096,65,78,268.000000,,-174.528540,93.471460,122.889807
1048576,1048576,2097152,0.106,222298,32,256,4096,65,79,268.000000,,-176.763616,91.236384,122.889807
1048576,1048576,2097152,0.106,222298,32,256,4096,65,80,268.000000,,-178.998353,89.001647,122.889807
1048576,1048576,2097152,0.106,222298,32,256,4096,65,81,268.000000,,-181.232711,86.767289,122.889807
1048576,1048576,2097152,0.106,222298,32,256,4096,65,82,268.000000,,-183.466646,84.533354,122.889807
1048576,1048576,2097152,0.106,222298,32,256,4096,65,83,268.000000,,-185.700107,82.299893,122.889807
1048576,1048576,2097152,0.106,222298,32,256,4096,65,84,268.000000,,-187.933039,80.066961,122.889807
1048576,1048576,2097152,0.106,222298,32,256,4096,65,85,268.000000,,-190.165381,77.834619,122.889807
1048576,1048576,2097152,0.106,222298,32,256,4096,65,86,268.000000,,-192.397066,75.602934,122.889807
1048576,1048576,2097152,0.106,222298,32,256,4096,65,87,268.000000,,-194.628018,73.371982,122.889807
1048576,1048576,2097152,0.106,222298,32,256,4096,65,88,268.000000,,-196.858157,71.141843,122.889807
1048576,1048576,2097152,0.106,222298,32,256,4096,65,89,268.000000,,-199.087391,68.912609,122.889807
1048576,1048576,2097152,0.106,222298,32,256,4096,65,90,268.000000,,-201.315623,66.684377,122.889807
1048576,1048576,2097152,0.106,222298,32,256,4096,65,91,268.000000,,-203.542744,64.457256,122.889807
1048576,1048576,2097152,0.106,222298,32,256,4096,65,92,268.000000,,-205.768640,62.231360,122.889807
1048576,1048576,2097152,0.106,222298,32,256,4096,65,93,268.000000,,-207.993180,60.006820,122.889807
1048576,1048576,2097152,0.106,222298,32,256,4096,65,94,268.000000,,-210.216231,57.783769,122.889807
1048576,1048576,2097152,0.106,222298,32,256,4096,65,95,268.000000,,-212.437643,55.562357,122.889807
1048576,1048576,2097152,0.106,222298,32,256,4096,65,96,268.000000,,-214.657262,53.342738,122.889807
1048576,1048576,2097152,0.106,222298,32,256,4096,65,97,268.000000,,-216.874919,51.125081,122.889807
1048576,1048576,2097152,0.106,222298,32,256,4096,65,98,268.000000,,-219.090440,48.909560,122.889807
1048576,1048576,2097152,0.106,222298,32,256,4096,65,99,268.000000,,-221.303637,46.696363,122.889807
1048576,1048576,2097152,0.106,222298,32,256,4096,65,100,268.000000,,-223.514322,44.485678,122.889807
1048576,1048576,2097152,0.106,222298,32,256,4096,65,101,268.000000,,-225.722292,42.277708,122.889807
1048576,1048576,2097152,0.106,222298,32,256,4096,65,102,268.000000,,-227.927350,40.072650,122.889807
1048576,1048576,2097152,0.106,222298,32,256,4096,65,103,268.000000,,-230.129288,37.870712,122.889807
1048576,1048576,2097152,0.106,222298,32,256,4096,65,104,268.000000,,-232.327903,35.672097,122.889807
1048576,1048576,2097152,0.106,222298,32,256,4096,65,105,268.000000,,-234.522998,33.477002,122.889807
1048576,1048576,2097152,0.106,222298,32,256,4096,65,106,268.000000,,-236.714376,31.285624,122.889807
1048576,1048576,2097152,0.106,222298,32,256,4096,65,107,268.000000,,-238.901855,29.098145,122.889807
1048576,1048576,2097152,0.106,222298,32,256,4096,65,108,268.000000,,-241.085269,26.914731,122.889807
1048576,1048576,2097152,0.106,222298,32,256,4096,65,109,268.000000,,-243.264462,24.735538,122.889807
1048576,1048576,2097152,0.106,222298,32,256,4096,65,110,268.000000,,-245.439303,22.560697,122.889807
1048576,1048576,2097152,0.106,222298,32,256,4096,65,111,268.000000,,-247.609688,20.390312,122.889807
1048576,1048576,2097152,0.106,222298,32,256,4096,65,112,268.000000,,-249.775532,18.224468,122.889807
1048576,1048576,2097152,0.106,222298,32,256,4096,65,113,268.000000,,-251.936783,16.063217,122.889807
1048576,1048576,2097152,0.106,222298,32,256,4096,65,114,268.000000,,-254.093421,13.906579,122.889807
1048576,1048576,2097152,0.106,222298,32,256,4096,65,115,268.000000,,-256.245448,11.754552,122.889807
1048576,1048576,2097152,0.106,222298,32,256,4096,65,116,268.000000,,-258.392905,9.607095,122.889807
1048576,1048576,2097152,0.106,222298,32,256,4096,65,117,268.000000,,-260.535860,7.464140,122.889807
1048576,1048576,2097152,0.106,222298,32,256,4096,65,118,268.000000,,-262.674404,5.325596,122.889807
1048576,1048576,2097152,0.106,222298,32,256,4096,65,119,268.000000,,-264.808660,3.191340,122.889807
1048576,1048576,2097152,0.106,222298,32,256,4096,65,120,268.000000,,-266.938772,1.061228,122.889807
1048576,1048576,2097152,0.106,222298,32,256,4096,65,121,268.000000,,-269.064898,-1.064898,122.889807
1048576,1048576,2097152,0.106,222298,32,256,4096,65,122,268.000000,,-271.187219,-3.187219,122.889807
1048576,1048576,2097152,0.106,222298,32,256,4096,65,123,268.000000,,-273.305926,-5.305926,122.889807
1048576,1048576,2097152,0.106,222298,32,256,4096,65,124,268.000000,,-275.421216,-7.421216,122.889807
1048576,1048576,2097152,0.106,222298,32,256,4096,65,125,268.000000,,-277.533295,-9.533295,122.889807
1048576,1048576,2097152,0.106,222298,32,256,4096,65,126,268.000000,,-279.642372,-11.642372,122.889807
1048576,1048576,2097152,0.106,222298,32,256,4096,65,127,268.000000,,-281.748651,-13.748651,122.889807
1048576,1048576,2097152,0.106,222298,32,256,4096,65,128,268.000000,,-283.852337,-15.852337,122.889807
1048576,1048576,2097152,0.106,222298,32,256,4096,65,129,268.000000,,-285.953631,-17.953631,122.889807
1048576,1048576,2097152,0.106,222298,32,256,4096,65,130,538.437624,0.056006290472,-288.052724,250.384900,250.384900
1048576,1048576,2097152,0.106,222298,32,256,4096,65,131,542.595891,0.056006290472,-290.149799,252.446092,252.755987
1048576,1048576,2097152,0.106,222298,32,256,4096,65,132,546.754158,0.056006290472,-292.245035,254.509123,254.883919
1048576,1048576,2097152,0.106,222298,32,256,4096,65,133,550.912426,0.056006290472,-294.338595,256.573830,256.963338
1048576,1048576,2097152,0.106,222298,32,256,4096,65,134,555.070693,0.056006290472,-296.430636,258.640057,259.032697
1048576,1048576,2097152,0.106,222298,32,256,4096,65,135,559.228960,0.056006290472,-298.521304,260.707656,261.100715
1048576,1048576,2097152,0.106,222298,32,256,4096,65,136,563.387227,0.056006290472,-300.610733,262.776494,263.169358
1048576,1048576,2097152,0.106,222298,32,256,4096,65,137,567.545495,0.056006290472,-302.699049,264.846445,265.238997
1048576,1048576,2097152,0.106,222298,32,256,4096,65,138,571.703762,0.056006290472,-304.786369,266.917393,267.309633
1048576,1048576,2097152,0.106,222298,32,256,4096,65,139,575.862029,0.056006290472,-306.872797,268.989233,269.381186
1048576,1048576,2097152,0.106,222298,32,256,4096,65,140,580.020297,0.056006290472,-308.958431,271.061866,271.453563
1048576,1048576,2097152,0.106,222298,32,256,4096,65,141,584.178564,0.056006290472,-311.043360,273.135204,273.526672
1048576,1048576,2097152,0.106,222298,32,256,4096,65,142,588.336831,0.056006290472,-313.127665,275.209167,275.600432
1048576,1048576,2097152,0.106,222298,32,256,4096,65,143,592.495099,0.056006290472,-315.211418,277.283680,277.674767
1048576,1048576,2097152,0.106,222298,32,256,4096,65,144,596.653366,0.056006290472,-317.294688,279.358678,279.749607
1048576,1048576,2097152,0.106,222298,32,256,4096,65,145,600.811633,0.056006290472,-319.377534,281.434100,281.824891
1048576,1048576,2097152,0.106,222298,32,256,4096,65,146,604.969901,0.056006290472,-321.460010,283.509891,283.900562
1048576,1048576,2097152,0.106,222298,32,256,4096,65,147,609.128168,0.056006290472,-323.542166,285.586002,285.976569
1048576,1048576,2097152,0.106,222298,32,256,4096,65,148,613.286435,0.056006290472,-325.624045,287.662390,288.052866
1048576,1048576,2097152,0.106,222298,32,256,4096,65,149,617.444703,0.056006290472,-327.705688,289.739014,290.129413
1048576,1048576,2097152,0.106,222298,32,256,4096,65,150,621.602970,0.056006290472,-329.787131,291.815839,292.206172
1048576,1048576,2097152,0.106,222298,32,256,4096,65,151,625.761237,0.056006290472,-331.868404,293.892833,294.283110
1048576,1048576,2097152,0.106,222298,32,256,4096,65,152,629.919504,0.056006290472,-333.949538,295.969967,296.360197
1048576,1048576,2097152,0.106,222298,32,256,4096,65,153,634.077772,0.056006290472,-336.030557,298.047214,298.437407
1048576,1048576,2097152,0.106,222298,32,256,4096,65,154,638.236039,0.056006290472,-338.111485,300.124554,300.514716
1048576,1048576,2097152,0.106,222298,32,256,4096,65,155,642.394306,0.056006290472,-340.192342,302.201964,302.592102
1048576,1048576,2097152,0.106,222298,32,256,4096,65,156,646.552574,0.056006290472,-342.273146,304.279427,304.669547
1048576,1048576,2097152,0.106,222298,32,256,4096,65,157,650.710841,0.056006290472,-344.353915,306.356927,306.747033
1048576,1048576,2097152,0.106,222298,32,256,4096,65,158,654.869108,0.056006290472,-346.434661,308.434448,308.824546
1048576,1048576,2097152,0.106,222298,32,256,4096,65,159,659.027376,0.056006290472,-348.515398,310.511978,310.902072
1048576,1048576,2097152,0.106,222298,32,256,4096,65,160,663.185643,0.056006290472,-350.596137,312.589506,312.979600
1048576,1048576,2097152,0.106,222298,32,256,4096,65,161,667.343910,0.056006290472,-352.676889,314.667021,315.057118
1048576,1048576,2097152,0.106,222298,32,256,4096,65,162,671.502178,0.056006290472,-354.757663,316.744515,317.134618
1048576,1048576,2097152,0.106,222298,32,256,4096,65,163,675.660445,0.056006290472,-356.838466,318.821979,319.212090
1048576,1048576,2097152,0.106,222298,32,256,4096,65,164,679.818712,0.056006290472,-358.919305,320.899407,321.289529
1048576,1048576,2097152,0.106,222298,32,256,4096,65,165,683.976980,0.056006290472,-361.000187,322.976793,323.366927
1048576,1048576,2097152,0.106,222298,32,256,4096,65,166,688.135247,0.056006290472,-363.081117,325.054130,325.444278
1048576,1048576,2097152,0.106,222298,32,256,4096,65,167,692.293514,0.056006290472,-365.162100,327.131415,327.521579
1048576,1048576,2097152,0.106,222298,32,256,4096,65,168,696.451782,0.056006290472,-367.243139,329.208642,329.598824
1048576,1048576,2097152,0.106,222298,32,256,4096,65,169,700.610049,0.056006290472,-369.324239,331.285809,331.676010
1048576,1048576,2097152,0.106,222298,32,256,4096,65,170,704.768316,0.056006290472,-371.405403,333.362913,333.753133
1048576,1048576,2097152,0.106,222298,32,256,4096,65,171,708.926583,0.056006290472,-373.486633,335.439950,335.830190
1048576,1048576,2097152,0.106,222298,32,256,4096,65,172,713.084851,0.056006290472,-375.567932,337.516919,337.907180
1048576,1048576,2097152,0.106,222298,32,256,4096,65,173,717.243118,0.056006290472,-377.649301,339.593817,339.984100
1048576,1048576,2097152,0.106,222298,32,256,4096,65,174,721.401385,0.056006290472,-379.730743,341.670643,342.060948
1048576,1048576,2097152,0.106,222298,32,256,4096,65,175,725.559653,0.056006290472,-381.812258,343.747394,344.137722
1048576,1048576,2097152,0.106,222298,32,256,4096,65,176,729.717920,0.056006290472,-383.893849,345.824071,346.214422
1048576,1048576,2097152,0.106,222298,32,256,4096,65,177,733.876187,0.056006290472,-385.975515,347.900672,348.291047
1048576,1048576,2097152,0.106,222298,32,256,4096,65,178,738.034455,0.056006290472,-388.057258,349.977197,350.367595
1048576,1048576,2097152,0.106,222298,32,256,4096,65,179,742.192722,0.056006290472,-390.139078,352.053644,352.444066
1048576,1048576,2097152,0.106,222298,32,256,4096,65,180,746.350989,0.056006290472,-392.220977,354.130013,354.520459
1048576,1048576,2097152,0.106,222298,32,256,4096,65,181,750.509257,0.056006290472,-394.302953,356.206304,356.596774
1048576,1048576,2097152,0.106,222298,32,256,4096,65,182,754.667524,0.056006290472,-396.385007,358.282517,358.673011
1048576,1048576,2097152,0.106,222298,32,256,4096,65,183,758.825791,0.056006290472,-398.467140,360.358651,360.749170
1048576,1048576,2097152,0.106,222298,32,256,4096,65,184,762.984059,0.056006290472,-400.549352,362.434707,362.825251
1048576,1048576,2097152,0.106,222298,32,256,4096,65,185,767.142326,0.056006290472,-402.631641,364.510684,364.901252
1048576,1048576,2097152,0.106,222298,32,256,4096,65,186,771.300593,0.056006290472,-404.714009,366.586584,366.977176
1048576,1048576,2097152,0.106,222298,32,256,4096,65,187,775.458860,0.056006290472,-406.796455,368.662405,369.053022
1048576,1048576,2097152,0.106,222298,32,256,4096,65,188,779.617128,0.056006290472,-408.878979,370.738148,371.128789
1048576,1048576,2097152,0.106,222298,32,256,4096,65,189,783.775395,0.056006290472,-410.961581,372.813814,373.204479
1048576,1048576,2097152,0.106,222298,32,256,4096,65,190,787.933662,0.056006290472,-413.044259,374.889403,375.280092
1048576,1048576,2097152,0.106,222298,32,256,4096,65,191,792.091930,0.056006290472,-415.127014,376.964915,377.355628
1048576,1048576,2097152,0.106,222298,32,256,4096,65,192,796.250197,0.056006290472,-417.209846,379.040351,379.431088
1048576,1048576,2097152,0.106,222298,32,256,4096,65,193,800.408464,0.056006290472,-419.292754,381.115711,381.506471
1048576,1048576,2097152,0.106,222298,32,256,4096,65,194,804.566732,0.056006290472,-421.375737,383.190995,383.581779
1048576,1048576,2097152,0.106,222298,32,256,4096,65,195,808.724999,0.056006290472,-423.458795,385.266204,385.657012
1048576,1048576,2097152,0.106,222298,32,256,4096,65,196,812.883266,0.056006290472,-425.541927,387.341339,387.732170
1048576,1048576,2097152,0.106,222298,32,256,4096,65,197,817.041534,0.056006290472,-427.625134,389.416400,389.807254
1048576,1048576,2097152,0.106,222298,32,256,4096,65,198,821.199801,0.056006290472,-429.708413,391.491388,391.882264
1048576,1048576,2097152,0.106,222298,32,256,4096,65,199,825.358068,0.056006290472,-431.791766,393.566302,393.957201
1048576,1048576,2097152,0.106,222298,32,256,4096,65,200,829.516336,0.056006290472,-433.875191,395.641144,396.032066
1048576,1048576,2097152,0.106,222298,32,256,4096,65,201,833.674603,0.056006290472,-435.958688,397.715915,398.106859
1048576,1048576,2097152,0.106,222298,32,256,4096,65,202,837.832870,0.056006290472,-438.042256,399.790614,400.181580
1048576,1048576,2097152,0.106,222298,32,256,4096,65,203,841.991138,0.056006290472,-440.125895,401.865242,402.256231
1048576,1048576,2097152,0.106,222298,32,256,4096,65,204,846.149405,0.056006290472,-442.209604,403.939801,404.330811
1048576,1048576,2097152,0.106,222298,32,256,4096,65,205,850.307672,0.056006290472,-444.293383,406.014289,406.405321
1048576,1048576,2097152,0.106,222298,32,256,4096,65,206,854.465939,0.056006290472,-446.377230,408.088709,408.479763
1048576,1048576,2097152,0.106,222298,32,256,4096,65,207,858.624207,0.056006290472,-448.461146,410.163060,410.554135
1048576,1048576,2097152,0.106,222298,32,256,4096,65,208,862.782474,0.056006290472,-450.545130,412.237344,412.628440
1048576,1048576,2097152,0.106,222298,32,256,4096,65,209,866.940741,0.056006290472,-452.629181,414.311560,414.702677
1048576,1048576,2097152,0.106,222298,32,256,4096,65,210,871.099009,0.056006290472,-454.713299,416.385709,416.776847
1048576,1048576,2097152,0.106,222298,32,256,4096,65,211,875.257276,0.056006290472,-456.797483,418.459793,418.850951
1048576,1048576,2097152,0.106,222298,32,256,4096,65,212,879.415543,0.056006290472,-458.881733,420.533810,420.924989
1048576,1048576,2097152,0.106,222298,32,256,4096,65,213,883.573811,0.056006290472,-460.966048,422.607762,422.998962
1048576,1048576,2097152,0.106,222298,32,256,4096,65,214,887.732078,0.056006290472,-463.050428,424.681650,425.072870
1048576,1048576,2097152,0.106,222298,32,256,4096,65,215,891.890345,0.056006290472,-465.134871,426.755474,427.146714
1048576,1048576,2097152,0.106,222298,32,256,4096,65,216,896.048613,0.056006290472,-467.219378,428.829234,429.220494
1048576,1048576,2097152,0.106,222298,32,256,4096,65,217,900.206880,0.056006290472,-469.303948,430.902932,431.294211
1048576,1048576,2097152,0.106,222298,32,256,4096,65,218,904.365147,0.056006290472,-471.388581,432.976567,433.367865
1048576,1048576,2097152,0.106,222298,32,256,4096,65,219,908.523415,0.056006290472,-473.473275,435.050140,435.441458
1048576,1048576,2097152,0.106,222298,32,256,4096,65,220,912.681682,0.056006290472,-475.558031,437.123651,437.514988
1048576,1048576,2097152,0.106,222298,32,256,4096,70,1,-inf,,-2.237843,-inf,-inf
1048576,1048576,2097152,0.106,222298,32,256,4096,70,2,-inf,,-4.475684,-inf,-inf
1048576,1048576,2097152,0.106,222298,32,256,4096,70,3,-inf,,-6.713526,-inf,-inf
1048576,1048576,2097152,0.106,222298,32,256,4096,70,4,-inf,,-8.951366,-inf,-inf
1048576,1048576,2097152,0.106,222298,32,256,4096,70,5,-inf,,-11.189206,-inf,-inf
1048576,1048576,2097152,0.106,222298,32,256,4096,70,6,-inf,,-13.427045,-inf,-inf
1048576,1048576,2097152,0.106,222298,32,256,4096,70,7,-inf,,-15.664883,-inf,-inf
1048576,1048576,2097152,0.106,222298,32,256,4096,70,8,-inf,,-17.902721,-inf,-inf
1048576,1048576,2097152,0.106,222298,32,256,4096,70,9,-inf,,-20.140558,-inf,-inf
1048576,1048576,2097152,0.106,222298,32,256,4096,70,10,-inf,,-22.378394,-inf,-inf
1048576,1048576,2097152,0.106,222298,32,256,4096,70,11,-inf,,-24.616229,-inf,-inf
1048576,1048576,2097152,0.106,222298,32,256,4096,70,12,-inf,,-26.854064,-inf,-inf
1048576,1048576,2097152,0.106,222298,32,256,4096,70,13,-inf,,-29.091897,-inf,-inf
1048576,1048576,2097152,0.106,222298,32,256,4096,70,14,-inf,,-31.329731,-inf,-inf
1048576,1048576,2097152,0.106,222298,32,256,4096,70,15,-inf,,-33.567563,-inf,-inf
1048576,1048576,2097152,0.106,222298,32,256,4096,70,16,-inf,,-35.805394,-inf,-inf
1048576,1048576,2097152,0.106,222298,32,256,4096,70,17,-inf,,-38.043225,-inf,-inf
1048576,1048576,2097152,0.106,222298,32,256,4096,70,18,-inf,,-40.281055,-inf,-inf
1048576,1048576,2097152,0.106,222298,32,256,4096,70,19,-inf,,-42.518884,-inf,-inf
1048576,1048576,2097152,0.106,222298,32,256,4096,70,20,-inf,,-44.756712,-inf,-inf
1048576,1048576,2097152,0.106,222298,32,256,4096,70,21,-inf,,-46.994540,-inf,-inf
1048576,1048576,2097152,0.106,222298,32,256,4096,70,22,-inf,,-49.232366,-inf,-inf
1048576,1048576,2097152,0.106,222298,32,256,4096,70,23,-inf,,-51.470191,-inf,-inf
1048576,1048576,2097152,0.106,222298,32,256,4096,70,24,-inf,,-53.708016,-inf,-inf
1048576,1048576,2097152,0.106,222298,32,256,4096,70,25,-inf,,-55.945839,-inf,-inf
1048576,1048576,2097152,0.106,222298,32,256,4096,70,26,-inf,,-58.183662,-inf,-inf
1048576,1048576,2097152,0.106,222298,32,256,4096,70,27,-inf,,-60.421483,-inf,-inf
1048576,1048576,2097152,0.106,222298,32,256,4096,70,28,-inf,,-62.659303,-inf,-inf
1048576,1048576,2097152,0.106,222298,32,256,4096,70,29,-inf,,-64.897122,-inf,-inf
1048576,1048576,2097152,0.106,222298,32,256,4096,70,30,-inf,,-67.134939,-inf,-inf
1048576,1048576,2097152,0.106,222298,32,256,4096,70,31,-inf,,-69.372755,-inf,-inf
1048576,1048576,2097152,0.106,222298,32,256,4096,70,32,-inf,,-71.610569,-inf,-inf
1048576,1048576,2097152,0.106,222298,32,256,4096,70,33,-inf,,-73.848382,-inf,-inf
1048576,1048576,2097152,0.106,222298,32,256,4096,70,34,-inf,,-76.086193,-inf,-inf
1048576,1048576,2097152,0.106,222298,32,256,4096,70,35,-inf,,-78.324002,-inf,-inf
1048576,1048576,2097152,0.106,222298,32,256,4096,70,36,-inf,,-80.561808,-inf,-inf
1048576,1048576,2097152,0.106,222298,32,256,4096,70,37,-inf,,-82.799612,-inf,-inf
1048576,1048576,2097152,0.106,222298,32,256,4096,70,38,-inf,,-85.037414,-inf,-inf
1048576,1048576,2097152,0.106,222298,32,256,4096,70,39,-inf,,-87.275213,-inf,-inf
1048576,1048576,2097152,0.106,222298,32,256,4096,70,40,-inf,,-89.513008,-inf,-inf
1048576,1048576,2097152,0.106,222298,32,256,4096,70,41,-inf,,-91.750800,-inf,-inf
1048576,1048576,2097152,0.106,222298,32,256,4096,70,42,-inf,,-93.988588,-inf,-inf
1048576,1048576,2097152,0.106,222298,32,256,4096,70,43,-inf,,-96.226371,-inf,-inf
1048576,1048576,2097152,0.106,222298,32,256,4096,70,44,-inf,,-98.464149,-inf,-inf
1048576,1048576,2097152,0.106,222298,32,256,4096,70,45,-inf,,-100.701922,-inf,-inf
1048576,1048576,2097152,0.106,222298,32,256,4096,70,46,-inf,,-102.939689,-inf,-inf
1048576,1048576,2097152,0.106,222298,32,256,4096,70,47,-inf,,-105.177448,-inf,-inf
1048576,1048576,2097152,0.106,222298,32,256,4096,70,48,-inf,,-107.415200,-inf,-inf
1048576,1048576,2097152,0.106,222298,32,256,4096,70,49,-inf,,-109.652943,-inf,-inf
1048576,1048576,2097152,0.106,222298,32,256,4096,70,50,-inf,,-111.890676,-inf,-inf
1048576,1048576,2097152,0.106,222298,32,256,4096,70,51,-inf,,-114.128398,-inf,-inf
1048576,1048576,2097152,0.106,222298,32,256,4096,70,52,-inf,,-116.366107,-inf,-inf
1048576,1048576,2097152,0.106,222298,32,256,4096,70,53,-inf,,-118.603803,-inf,-inf
1048576,1048576,2097152,0.106,222298,32,256,4096,70,54,-inf,,-120.841482,-inf,-inf
1048576,1048576,2097152,0.106,222298,32,256,4096,70,55,-inf,,-123.079144,-inf,-inf
1048576,1048576,2097152,0.106,222298,32,256,4096,70,56,-inf,,-125.316785,-inf,-inf
1048576,1048576,2097152,0.106,222298,32,256,4096,70,57,-inf,,-127.554404,-inf,-inf
1048576,1048576,2097152,0.106,222298,32,256,4096,70,58,-inf,,-129.791997,-inf,-inf
1048576,1048576,2097152,0.106,222298,32,256,4096,70,59,-inf,,-132.029562,-inf,-inf
1048576,1048576,2097152,0.106,222298,32,256,4096,70,60,-inf,,-134.267094,-inf,-inf
1048576,1048576,2097152,0.106,222298,32,256,4096,70,61,-inf,,-136.504589,-inf,-inf
1048576,1048576,2097152,0.106,222298,32,256,4096,70,62,-inf,,-138.742043,-inf,-inf
1048576,1048576,2097152,0.106,222298,32,256,4096,70,63,-inf,,-140.979450,-inf,-inf
1048576,1048576,2097152,0.106,222298,32,256,4096,70,64,-inf,,-143.216806,-inf,-inf
1048576,1048576,2097152,0.106,222298,32,256,4096,70,65,-inf,,-145.454102,-inf,-inf
1048576,1048576,2097152,0.106,222298,32,256,4096,70,66,-inf,,-147.691331,-inf,-inf
1048576,1048576,2097152,0.106,222298,32,256,4096,70,67,-inf,,-149.928486,-inf,-inf
1048576,1048576,2097152,0.106,222298,32,256,4096,70,68,-inf,,-152.165557,-inf,-inf
1048576,1048576,2097152,0.106,222298,32,256,4096,70,69,-inf,,-154.402533,-inf,-inf
1048576,1048576,2097152,0.106,222298,32,256,4096,70,70,267.994334,0.0505296742541,-156.639403,111.354931,111.354931
1048576,1048576,2097152,0.106,222298,32,256,4096,70,71,268.000000,,-158.876152,109.123848,111.633509
1048576,1048576,2097152,0.106,222298,32,256,4096,70,72,268.000000,,-161.112767,106.887233,111.686285
1048576,1048576,2097152,0.106,222298,32,256,4096,70,73,268.000000,,-163.349231,104.650769,111.697240
1048576,1048576,2097152,0.106,222298,32,256,4096,70,74,268.000000,,-165.585524,102.414476,111.699554
1048576,1048576,2097152,0.106,222298,32,256,4096,70,75,268.000000,,-167.821627,100.178373,111.700045
1048576,1048576,2097152,0.106,222298,32,256,4096,70,76,268.000000,,-170.057515,97.942485,111.700149
1048576,1048576,2097152,0.106,222298,32,256,4096,70,77,268.000000,,-172.293162,95.706838,111.700172
1048576,1048576,2097152,0.106,222298,32,256,4096,70,78,268.000000,,-174.528540,93.471460,111.700176
1048576,1048576,2097152,0.106,222298,32,256,4096,70,79,268.000000,,-176.763616,91.236384,111.700177
1048576,1048576,2097152,0.106,222298,32,256,4096,70,80,268.000000,,-178.998353,89.001647,111.700177
1048576,1048576,2097152,0.106,222298,32,256,4096,70,81,268.000000,,-181.232711,86.767289,111.700178
1048576,1048576,2097152,0.106,222298,32,256,4096,70,82,268.000000,,-183.466646,84.533354,111.700178
1048576,1048576,2097152,0.106,222298,32,256,4096,70,83,268.000000,,-185.700107,82.299893,111.700178
1048576,1048576,2097152,0.106,222298,32,256,4096,70,84,268.000000,,-187.933039,80.066961,111.700178
1048576,1048576,2097152,0.106,222298,32,256,4096,70,85,268.000000,,-190.165381,77.834619,111.700178
1048576,1048576,2097152,0.106,222298,32,256,4096,70,86,268.000000,,-192.397066,75.602934,111.700178
1048576,1048576,2097152,0.106,222298,32,256,4096,70,87,268.000000,,-194.628018,73.371982,111.700178
1048576,1048576,2097152,0.106,222298,32,256,4096,70,88,268.000000,,-196.858157,71.141843,111.700178
1048576,1048576,2097152,0.106,222298,32,256,4096,70,89,268.000000,,-199.087391,68.912609,111.700178
1048576,1048576,2097152,0.106,222298,32,256,4096,70,90,268.000000,,-201.315623,66.684377,111.700178
1048576,1048576,2097152,0.106,222298,32,256,4096,70,91,268.000000,,-203.542744,64.457256,111.700178
1048576,1048576,2097152,0.106,222298,32,256,4096,70,92,268.000000,,-205.768640,62.231360,111.700178
1048576,1048576,2097152,0.106,222298,32,256,4096,70,93,268.000000,,-207.993180,60.006820,111.700178
1048576,1048576,2097152,0.106,222298,32,256,4096,70,94,268.000000,,-210.216231,57.783769,111.700178
1048576,1048576,2097152,0.106,222298,32,256,4096,70,95,268.000000,,-212.437643,55.562357,111.700178
1048576,1048576,2097152,0.106,222298,32,256,4096,70,96,268.000000,,-214.657262,53.342738,111.700178
1048576,1048576,2097152,0.106,222298,32,256,4096,70,97,268.000000,,-216.874919,51.125081,111.700178
1048576,1048576,2097152,0.106,222298,32,256,4096,70,98,268.000000,,-219.090440,48.909560,111.700178
1048576,1048576,2097152,0.106,222298,32,256,4096,70,99,268.000000,,-221.303637,46.696363,111.700178
1048576,1048576,2097152,0.106,222298,32,256,4096,70,100,268.000000,,-223.514322,44.485678,111.700178
1048576,1048576,2097152,0.106,222298,32,256,4096,70,101,268.000000,,-225.722292,42.277708,111.700178
1048576,1048576,2097152,0.106,222298,32,256,4096,70,102,268.000000,,-227.927350,40.072650,111.700178
1048576,1048576,2097152,0.106,222298,32,256,4096,70,103,268.000000,,-230.129288,37.870712,111.700178
1048576,1048576,2097152,0.106,222298,32,256,4096,70,104,268.000000,,-232.327903,35.672097,111.700178
1048576,1048576,2097152,0.106,222298,32,256,4096,70,105,268.000000,,-234.522998,33.477002,111.700178
1048576,1048576,2097152,0.106,222298,32,256,4096,70,106,268.000000,,-236.714376,31.285624,111.700178
1048576,1048576,2097152,0.106,222298,32,256,4096,70,107,268.000000,,-238.901855,29.098145,111.700178
1048576,1048576,2097152,0.106,222298,32,256,4096,70,108,268.000000,,-241.085269,26.914731,111.700178
1048576,1048576,2097152,0.106,222298,32,256,4096,70,109,268.000000,,-243.264462,24.735538,111.700178
1048576,1048576,2097152,0.106,222298,32,256,4096,70,110,268.000000,,-245.439303,22.560697,111.700178
1048576,1048576,2097152,0.106,222298,32,256,4096,70,111,268.000000,,-247.609688,20.390312,111.700178
1048576,1048576,2097152,0.106,222298,32,256,4096,70,112,268.000000,,-249.775532,18.224468,111.700178
1048576,1048576,2097152,0.106,222298,32,256,4096,70,113,268.000000,,-251.936783,16.063217,111.700178
1048576,1048576,2097152,0.106,222298,32,256,4096,70,114,268.000000,,-254.093421,13.906579,111.700178
1048576,1048576,2097152,0.106,222298,32,256,4096,70,115,268.000000,,-256.245448,11.754552,111.700178
1048576,1048576,2097152,0.106,222298,32,256,4096,70,116,268.000000,,-258.392905,9.607095,111.700178
1048576,1048576,2097152,0.106,222298,32,256,4096,70,117,268.000000,,-260.535860,7.464140,111.700178
1048576,1048576,2097152,0.106,222298,32,256,4096,70,118,268.000000,,-262.674404,5.325596,111.700178
1048576,1048576,2097152,0.106,222298,32,256,4096,70,119,268.000000,,-264.808660,3.191340,111.700178
1048576,1048576,2097152,0.106,222298,32,256,4096,70,120,268.000000,,-266.938772,1.061228,111.700178
1048576,1048576,2097152,0.106,222298,32,256,4096,70,121,268.000000,,-269.064898,-1.064898,111.700178
1048576,1048576,2097152,0.106,222298,32,256,4096,70,122,268.000000,,-271.187219,-3.187219,111.700178
1048576,1048576,2097152,0.106,222298,32,256,4096,70,123,268.000000,,-273.305926,-5.305926,111.700178
1048576,1048576,2097152,0.106,222298,32,256,4096,70,124,268.000000,,-275.421216,-7.421216,111.700178
1048576,1048576,2097152,0.106,222298,32,256,4096,70,125,268.000000,,-277.533295,-9.533295,111.700178
1048576,1048576,2097152,0.106,222298,32,256,4096,70,126,268.000000,,-279.642372,-11.642372,111.700178
1048576,1048576,2097152,0.106,222298,32,256,4096,70,127,268.000000,,-281.748651,-13.748651,111.700178
1048576,1048576,2097152,0.106,222298,32,256,4096,70,128,268.000000,,-283.852337,-15.852337,111.700178
1048576,1048576,2097152,0.106,222298,32,256,4096,70,129,268.000000,,-285.953631,-17.953631,111.700178
1048576,1048576,2097152,0.106,222298,32,256,4096,70,130,268.000000,,-288.052724,-20.052724,111.700178
1048576,1048576,2097152,0.106,222298,32,256,4096,70,131,268.000000,,-290.149799,-22.149799,111.700178
1048576,1048576,2097152,0.106,222298,32,256,4096,70,132,268.000000,,-292.245035,-24.245035,111.700178
1048576,1048576,2097152,0.106,222298,32,256,4096,70,133,268.000000,,-294.338595,-26.338595,111.700178
1048576,1048576,2097152,0.106,222298,32,256,4096,70,134,268.000000,,-296.430636,-28.430636,111.700178
1048576,1048576,2097152,0.106,222298,32,256,4096,70,135,268.000000,,-298.521304,-30.521304,111.700178
1048576,1048576,2097152,0.106,222298,32,256,4096,70,136,268.000000,,-300.610733,-32.610733,111.700178
1048576,1048576,2097152,0.106,222298,32,256,4096,70,137,268.000000,,-302.699049,-34.699049,111.700178
1048576,1048576,2097152,0.106,222298,32,256,4096,70,138,268.000000,,-304.786369,-36.786369,111.700178
1048576,1048576,2097152,0.106,222298,32,256,4096,70,139,268.000000,,-306.872797,-38.872797,111.700178
1048576,1048576,2097152,0.106,222298,32,256,4096,70,140,538.444078,0.0688045927262,-308.958431,229.485648,229.485648
1048576,1048576,2097152,0.106,222298,32,256,4096,70,141,542.305430,0.0688045927262,-311.043360,231.262070,231.631571
1048576,1048576,2097152,0.106,222298,32,256,4096,70,142,546.166781,0.0688045927262,-313.127665,233.039116,233.500595
1048576,1048576,2097152,0.106,222298,32,256,4096,70,143,550.028132,0.0688045927262,-315.211418,234.816714,235.303803
1048576,1048576,2097152,0.106,222298,32,256,4096,70,144,553.889484,0.0688045927262,-317.294688,236.594795,237.089129
1048576,1048576,2097152,0.106,222298,32,256,4096,70,145,557.750835,0.0688045927262,-319.377534,238.373301,238.869617
1048576,1048576,2097152,0.106,222298,32,256,4096,70,146,561.612186,0.0688045927262,-321.460010,240.152177,240.648962
1048576,1048576,2097152,0.106,222298,32,256,4096,70,147,565.473538,0.0688045927262,-323.542166,241.931372,242.428200
1048576,1048576,2097152,0.106,222298,32,256,4096,70,148,569.334889,0.0688045927262,-325.624045,243.710844,244.207604
1048576,1048576,2097152,0.106,222298,32,256,4096,70,149,573.196240,0.0688045927262,-327.705688,245.490552,245.987224
1048576,1048576,2097152,0.106,222298,32,256,4096,70,150,577.057592,0.0688045927262,-329.787131,247.270461,247.767049
1048576,1048576,2097152,0.106,222298,32,256,4096,70,151,580.918943,0.0688045927262,-331.868404,249.050539,249.547053
1048576,1048576,2097152,0.106,222298,32,256,4096,70,152,584.780294,0.0688045927262,-333.949538,250.830756,251.327208
1048576,1048576,2097152,0.106,222298,32,256,4096,70,153,588.641646,0.0688045927262,-336.030557,252.611088,253.107489
1048576,1048576,2097152,0.106,222298,32,256,4096,70,154,592.502997,0.0688045927262,-338.111485,254.391512,254.887871
1048576,1048576,2097152,0.106,222298,32,256,4096,70,155,596.364348,0.0688045927262,-340.192342,256.172006,256.668332
1048576,1048576,2097152,0.106,222298,32,256,4096,70,156,600.225700,0.0688045927262,-342.273146,257.952553,258.448854
1048576,1048576,2097152,0.106,222298,32,256,4096,70,157,604.087051,0.0688045927262,-344.353915,259.733136,260.229420
1048576,1048576,2097152,0.106,222298,32,256,4096,70,158,607.948402,0.0688045927262,-346.434661,261.513742,262.010013
1048576,1048576,2097152,0.106,222298,32,256,4096,70,159,611.809754,0.0688045927262,-348.515398,263.294356,263.790622
1048576,1048576,2097152,0.106,222298,32,256,4096,70,160,615.671105,0.0688045927262,-350.596137,265.074968,265.571233
1048576,1048576,2097152,0.106,222298,32,256,4096,70,161,619.532456,0.0688045927262,-352.676889,266.855567,267.351835
1048576,1048576,2097152,0.106,222298,32,256,4096,70,162,623.393808,0.0688045927262,-354.757663,268.636145,269.132420
1048576,1048576,2097152,0.106,222298,32,256,4096,70,163,627.255159,0.0688045927262,-356.838466,270.416693,270.912979
1048576,1048576,2097152,0.106,222298,32,256,4096,70,164,631.116510,0.0688045927262,-358.919305,272.197205,272.693505
1048576,1048576,2097152,0.106,222298,32,256,4096,70,165,634.977861,0.0688045927262,-361.000187,273.977674,274.473991
1048576,1048576,2097152,0.106,222298,32,256,4096,70,166,638.839213,0.0688045927262,-363.081117,275.758096,276.254431
1048576,1048576,2097152,0.106,222298,32,256,4096,70,167,642.700564,0.0688045927262,-365.162100,277.538464,278.034820
1048576,1048576,2097152,0.106,222298,32,256,4096,70,168,646.561915,0.0688045927262,-367.243139,279.318776,279.815155
1048576,1048576,2097152,0.106,222298,32,256,4096,70,169,650.423267,0.0688045927262,-369.324239,281.099027,281.595430
1048576,1048576,2097152,0.106,222298,32,256,4096,70,170,654.284618,0.0688045927262,-371.405403,282.879215,283.375643
1048576,1048576,2097152,0.106,222298,32,256,4096,70,171,658.145969,0.0688045927262,-373.486633,284.659336,285.155791
1048576,1048576,2097152,0.106,222298,32,256,4096,70,172,662.007321,0.0688045927262,-375.567932,286.439389,286.935872
1048576,1048576,2097152,0.106,222298,32,256,4096,70,173,665.868672,0.0688045927262,-377.649301,288.219371,288.715882
1048576,1048576,2097152,0.106,222298,32,256,4096,70,174,669.730023,0.0688045927262,-379.730743,289.999281,290.495821
1048576,1048576,2097152,0.106,222298,32,256,4096,70,175,673.591375,0.0688045927262,-381.812258,291.779116,292.275687
1048576,1048576,2097152,0.106,222298,32,256,4096,70,176,677.452726,0.0688045927262,-383.893849,293.558877,294.055479
1048576,1048576,2097152,0.106,222298,32,256,4096,70,177,681.314077,0.0688045927262,-385.975515,295.338562,295.835195
1048576,1048576,2097152,0.106,222298,32,256,4096,70,178,685.175429,0.0688045927262,-388.057258,297.118171,297.614834
1048576,1048576,2097152,0.106,222298,32,256,4096,70,179,689.036780,0.0688045927262,-390.139078,298.897702,299.394397
1048576,1048576,2097152,0.106,222298,32,256,4096,70,180,692.898131,0.0688045927262,-392.220977,300.677155,301.173882
1048576,1048576,2097152,0.106,222298,32,256,4096,70,181,696.759483,0.0688045927262,-394.302953,302.456530,302.953289
1048576,1048576,2097152,0.106,222298,32,256,4096,70,182,700.620834,0.0688045927262,-396.385007,304.235827,304.732618
1048576,1048576,2097152,0.106,222298,32,256,4096,70,183,704.482185,0.0688045927262,-398.467140,306.015045,306.511869
1048576,1048576,2097152,0.106,222298,32,256,4096,70,184,708.343537,0.0688045927262,-400.549352,307.794185,308.291041
1048576,1048576,2097152,0.106,222298,32,256,4096,70,185,712.204888,0.0688045927262,-402.631641,309.573247,310.070135
1048576,1048576,2097152,0.106,222298,32,256,4096,70,186,716.066239,0.0688045927262,-404.714009,311.352230,311.849150
1048576,1048576,2097152,0.106,222298,32,256,4096,70,187,719.927591,0.0688045927262,-406.796455,313.131135,313.628088
1048576,1048576,2097152,0.106,222298,32,256,4096,70,188,723.788942,0.0688045927262,-408.878979,314.909963,315.406947
1048576,1048576,2097152,0.106,222298,32,256,4096,70,189,727.650293,0.0688045927262,-410.961581,316.688713,317.185729
1048576,1048576,2097152,0.106,222298,32,256,4096,70,190,731.511645,0.0688045927262,-413.044259,318.467385,318.964434
1048576,1048576,2097152,0.106,222298,32,256,4096,70,191,735.372996,0.0688045927262,-415.127014,320.245981,320.743061
1048576,1048576,2097152,0.106,222298,32,256,4096,70,192,739.234347,0.0688045927262,-417.209846,322.024501,322.521612
1048576,1048576,2097152,0.106,222298,32,256,4096,70,193,743.095698,0.0688045927262,-419.292754,323.802945,324.300087
1048576,1048576,2097152,0.106,222298,32,256,4096,70,194,746.957050,0.0688045927262,-421.375737,325.581313,326.078487
1048576,1048576,2097152,0.106,222298,32,256,4096,70,195,750.818401,0.0688045927262,-423.458795,327.359606,327.856811
1048576,1048576,2097152,0.106,222298,32,256,4096,70,196,754.679752,0.0688045927262,-425.541927,329.137825,329.635061
1048576,1048576,2097152,0.106,222298,32,256,4096,70,197,758.541104,0.0688045927262,-427.625134,330.915970,331.413236
1048576,1048576,2097152,0.106,222298,32,256,4096,70,198,762.402455,0.0688045927262,-429.708413,332.694042,333.191338
1048576,1048576,2097152,0.106,222298,32,256,4096,70,199,766.263806,0.0688045927262,-431.791766,334.472040,334.969367
1048576,1048576,2097152,0.106,222298,32,256,4096,70,200,770.125158,0.0688045927262,-433.875191,336.249966,336.747323
1048576,1048576,2097152,0.106,222298,32,256,4096,70,201,773.986509,0.0688045927262,-435.958688,338.027821,338.525207
1048576,1048576,2097152,0.106,222298,32,256,4096,70,202,777.847860,0.0688045927262,-438.042256,339.805604,340.303019
1048576,1048576,2097152,0.106,222298,32,256,4096,70,203,781.709212,0.0688045927262,-440.125895,341.583316,342.080761
1048576,1048576,2097152,0.106,222298,32,256,4096,70,204,785.570563,0.0688045927262,-442.209604,343.360959,343.858432
1048576,1048576,2097152,0.106,222298,32,256,4096,70,205,789.431914,0.0688045927262,-444.293383,345.138532,345.636034
1048576,1048576,2097152,0.106,222298,32,256,4096,70,206,793.293266,0.0688045927262,-446.377230,346.916035,347.413566
1048576,1048576,2097152,0.106,222298,32,256,4096,70,207,797.154617,0.0688045927262,-448.461146,348.693471,349.191030
1048576,1048576,2097152,0.106,222298,32,256,4096,70,208,801.015968,0.0688045927262,-450.545130,350.470838,350.968425
1048576,1048576,2097152,0.106,222298,32,256,4096,70,209,804.877320,0.0688045927262,-452.629181,352.248138,352.745753
1048576,1048576,2097152,0.106,222298,32,256,4096,70,210,808.738671,0.0688045927262,-454.713299,354.025372,354.523014
1048576,1048576,2097152,0.106,222298,32,256,4096,70,211,812.600022,0.0688045927262,-456.797483,355.802539,356.300209
1048576,1048576,2097152,0.106,222298,32,256,4096,70,212,816.461374,0.0688045927262,-458.881733,357.579640,358.077337
1048576,1048576,2097152,0.106,222298,32,256,4096,70,213,820.322725,0.0688045927262,-460.966048,359.356677,359.854401
1048576,1048576,2097152,0.106,222298,32,256,4096,70,214,824.184076,0.0688045927262,-463.050428,361.133649,361.631399
1048576,1048576,2097152,0.106,222298,32,256,4096,70,215,828.045428,0.0688045927262,-465.134871,362.910556,363.408333
1048576,1048576,2097152,0.106,222298,32,256,4096,70,216,831.906779,0.0688045927262,-467.219378,364.687401,365.185204
1048576,1048576,2097152,0.106,222298,32,256,4096,70,217,835.768130,0.0688045927262,-469.303948,366.464182,366.962011
1048576,1048576,2097152,0.106,222298,32,256,4096,70,218,839.629481,0.0688045927262,-471.388581,368.240901,368.738756
1048576,1048576,2097152,0.106,222298,32,256,4096,70,219,843.490833,0.0688045927262,-473.473275,370.017558,370.515439
1048576,1048576,2097152,0.106,222298,32,256,4096,70,220,847.352184,0.0688045927262,-475.558031,371.794154,372.292060
1048576,1048576,2097152,0.106,222298,32,256,4096,75,1,-inf,,-2.237843,-inf,-inf
1048576,1048576,2097152,0.106,222298,32,256,4096,75,2,-inf,,-4.475684,-inf,-inf
1048576,1048576,2097152,0.106,222298,32,256,4096,75,3,-inf,,-6.713526,-inf,-inf
1048576,1048576,2097152,0.106,222298,32,256,4096,75,4,-inf,,-8.951366,-inf,-inf
1048576,1048576,2097152,0.106,222298,32,256,4096,75,5,-inf,,-11.189206,-inf,-inf
1048576,1048576,2097152,0.106,222298,32,256,4096,75,6,-inf,,-13.427045,-inf,-inf
1048576,1048576,2097152,0.106,222298,32,256,4096,75,7,-inf,,-15.664883,-inf,-inf
1048576,1048576,2097152,0.106,222298,32,256,4096,75,8,-inf,,-17.902721,-inf,-inf
1048576,1048576,2097152,0.106,222298,32,256,4096,75,9,-inf,,-20.140558,-inf,-inf
1048576,1048576,2097152,0.106,222298,32,256,4096,75,10,-inf,,-22.378394,-inf,-inf
1048576,1048576,2097152,0.106,222298,32,256,4096,75,11,-inf,,-24.616229,-inf,-inf
1048576,1048576,2097152,0.106,222298,32,256,4096,75,12,-inf,,-26.854064,-inf,-inf
1048576,1048576,2097152,0.106,222298,32,256,4096,75,13,-inf,,-29.091897,-inf,-inf
1048576,1048576,2097152,0.106,222298,32,256,4096,75,14,-inf,,-31.329731,-inf,-inf
1048576,1048576,2097152,0.106,222298,32,256,4096,75,15,-inf,,-33.567563,-inf,-inf
1048576,1048576,2097152,0.106,222298,32,256,4096,75,16,-inf,,-35.805394,-inf,-inf
1048576,1048576,2097152,0.106,222298,32,256,4096,75,17,-inf,,-38.043225,-inf,-inf
1048576,1048576,2097152,0.106,222298,32,256,4096,75,18,-inf,,-40.281055,-inf,-inf
1048576,1048576,2097152,0.106,222298,32,256,4096,75,19,-inf,,-42.518884,-inf,-inf
1048576,1048576,2097152,0.106,222298,32,256,4096,75,20,-inf,,-44.756712,-inf,-inf
1048576,1048576,2097152,0.106,222298,32,256,4096,75,21,-inf,,-46.994540,-inf,-inf
1048576,1048576,2097152,0.106,222298,32,256,4096,75,22,-inf,,-49.232366,-inf,-inf
1048576,1048576,2097152,0.106,222298,32,256,4096,75,23,-inf,,-51.470191,-inf,-inf
1048576,1048576,2097152,0.106,222298,32,256,4096,75,24,-inf,,-53.708016,-inf,-inf
1048576,1048576,2097152,0.106,222298,32,256,4096,75,25,-inf,,-55.945839,-inf,-inf
1048576,1048576,2097152,0.106,222298,32,256,4096,75,26,-inf,,-58.183662,-inf,-inf
1048576,1048576,2097152,0.106,222298,32,256,4096,75,27,-inf,,-60.421483,-inf,-inf
1048576,1048576,2097152,0.106,222298,32,256,4096,75,28,-inf,,-62.659303,-inf,-inf
1048576,1048576,2097152,0.106,222298,32,256,4096,75,29,-inf,,-64.897122,-inf,-inf
1048576,1048576,2097152,0.106,222298,32,256,4096,75,30,-inf,,-67.134939,-inf,-inf
1048576,1048576,2097152,0.106,222298,32,256,4096,75,31,-inf,,-69.372755,-inf,-inf
1048576,1048576,2097152,0.106,222298,32,256,4096,75,32,-inf,,-71.610569,-inf,-inf
1048576,1048576,2097152,0.106,222298,32,256,4096,75,33,-inf,,-73.848382,-inf,-inf
1048576,1048576,2097152,0.106,222298,32,256,4096,75,34,-inf,,-76.086193,-inf,-inf
1048576,1048576,2097152,0.106,222298,32,256,4096,75,35,-inf,,-78.324002,-inf,-inf
1048576,1048576,2097152,0.106,222298,32,256,4096,75,36,-inf,,-80.561808,-inf,-inf
1048576,1048576,2097152,0.106,222298,32,256,4096,75,37,-inf,,-82.799612,-inf,-inf
1048576,1048576,2097152,0.106,222298,32,256,4096,75,38,-inf,,-85.037414,-inf,-inf
1048576,1048576,2097152,0.106,222298,32,256,4096,75,39,-inf,,-87.275213,-inf,-inf
1048576,1048576,2097152,0.106,222298,32,256,4096,75,40,-inf,,-89.513008,-inf,-inf
1048576,1048576,2097152,0.106,222298,32,256,4096,75,41,-inf,,-91.750800,-inf,-inf
1048576,1048576,2097152,0.106,222298,32,256,4096,75,42,-inf,,-93.988588,-inf,-inf
1048576,1048576,2097152,0.106,222298,32,256,4096,75,43,-inf,,-96.226371,-inf,-inf
1048576,1048576,2097152,0.106,222298,32,256,4096,75,44,-inf,,-98.464149,-inf,-inf
1048576,1048576,2097152,0.106,222298,32,256,4096,75,45,-inf,,-100.701922,-inf,-inf
1048576,1048576,2097152,0.106,222298,32,256,4096,75,46,-inf,,-102.939689,-inf,-inf
1048576,1048576,2097152,0.106,222298,32,256,4096,75,47,-inf,,-105.177448,-inf,-inf
1048576,1048576,2097152,0.106,222298,32,256,4096,75,48,-inf,,-107.415200,-inf,-inf
1048576,1048576,2097152,0.106,222298,32,256,4096,75,49,-inf,,-109.652943,-inf,-inf
1048576,1048576,2097152,0.106,222298,32,256,4096,75,50,-inf,,-111.890676,-inf,-inf
1048576,1048576,2097152,0.106,222298,32,256,4096,75,51,-inf,,-114.128398,-inf,-inf
1048576,1048576,2097152,0.106,222298,32,256,4096,75,52,-inf,,-116.366107,-inf,-inf
1048576,1048576,2097152,0.106,222298,32,256,4096,75,53,-inf,,-118.603803,-inf,-inf
1048576,1048576,2097152,0.106,222298,32,256,4096,75,54,-inf,,-120.841482,-inf,-inf
1048576,1048576,2097152,0.106,222298,32,256,4096,75,55,-inf,,-123.079144,-inf,-inf
1048576,1048576,2097152,0.106,222298,32,256,4096,75,56,-inf,,-125.316785,-inf,-inf
1048576,1048576,2097152,0.106,222298,32,256,4096,75,57,-inf,,-127.554404,-inf,-inf
1048576,1048576,2097152,0.106,222298,32,256,4096,75,58,-inf,,-129.791997,-inf,-inf
1048576,1048576,2097152,0.106,222298,32,256,4096,75,59,-inf,,-132.029562,-inf,-inf
1048576,1048576,2097152,0.106,222298,32,256,4096,75,60,-inf,,-134.267094,-inf,-inf
1048576,1048576,2097152,0.106,222298,32,256,4096,75,61,-inf,,-136.504589,-inf,-inf
1048576,1048576,2097152,0.106,222298,32,256,4096,75,62,-inf,,-138.742043,-inf,-inf
1048576,1048576,2097152,0.106,222298,32,256,4096,75,63,-inf,,-140.979450,-inf,-inf
1048576,1048576,2097152,0.106,222298,32,256,4096,75,64,-inf,,-143.216806,-inf,-inf
1048576,1048576,2097152,0.106,222298,32,256,4096,75,65,-inf,,-145.454102,-inf,-inf
1048576,1048576,2097152,0.106,222298,32,256,4096,75,66,-inf,,-147.691331,-inf,-inf
1048576,1048576,2097152,0.106,222298,32,256,4096,75,67,-inf,,-149.928486,-inf,-inf
1048576,1048576,2097152,0.106,222298,32,256,4096,75,68,-inf,,-152.165557,-inf,-inf
1048576,1048576,2097152,0.106,222298,32,256,4096,75,69,-inf,,-154.402533,-inf,-inf
1048576,1048576,2097152,0.106,222298,32,256,4096,75,70,-inf,,-156.639403,-inf,-inf
1048576,1048576,2097152,0.106,222298,32,256,4096,75,71,-inf,,-158.876152,-inf,-inf
1048576,1048576,2097152,0.106,222298,32,256,4096,75,72,-inf,,-161.112767,-inf,-inf
1048576,1048576,2097152,0.106,222298,32,256,4096,75,73,-inf,,-163.349231,-inf,-inf
1048576,1048576,2097152,0.106,222298,32,256,4096,75,74,-inf,,-165.585524,-inf,-inf
1048576,1048576,2097152,0.106,222298,32,256,4096,75,75,268.000000,,-167.821627,100.178373,100.178373
1048576,1048576,2097152,0.106,222298,32,256,4096,75,76,268.000000,,-170.057515,97.942485,100.456109
1048576,1048576,2097152,0.106,222298,32,256,4096,75,77,268.000000,,-172.293162,95.706838,100.508777
1048576,1048576,2097152,0.106,222298,32,256,4096,75,78,268.000000,,-174.528540,93.471460,100.519719
1048576,1048576,2097152,0.106,222298,32,256,4096,75,79,268.000000,,-176.763616,91.236384,100.522032
1048576,1048576,2097152,0.106,222298,32,256,4096,75,80,268.000000,,-178.998353,89.001647,100.522523
1048576,1048576,2097152,0.106,222298,32,256,4096,75,81,268.000000,,-181.232711,86.767289,100.522628
1048576,1048576,2097152,0.106,222298,32,256,4096,75,82,268.000000,,-183.466646,84.533354,100.522650
1048576,1048576,2097152,0.106,222298,32,256,4096,75,83,268.000000,,-185.700107,82.299893,100.522655
1048576,1048576,2097152,0.106,222298,32,256,4096,75,84,268.000000,,-187.933039,80.066961,100.522656
1048576,1048576,2097152,0.106,222298,32,256,4096,75,85,268.000000,,-190.165381,77.834619,100.522656
1048576,1048576,2097152,0.106,222298,32,256,4096,75,86,268.000000,,-192.397066,75.602934,100.522656
1048576,1048576,2097152,0.106,222298,32,256,4096,75,87,268.000000,,-194.628018,73.371982,100.522656
1048576,1048576,2097152,0.106,222298,32,256,4096,75,88,268.000000,,-196.858157,71.141843,100.522656
1048576,1048576,2097152,0.106,222298,32,256,4096,75,89,268.000000,,-199.087391,68.912609,100.522656
1048576,1048576,2097152,0.106,222298,32,256,4096,75,90,268.000000,,-201.315623,66.684377,100.522656
1048576,1048576,2097152,0.106,222298,32,256,4096,75,91,268.000000,,-203.542744,64.457256,100.522656
1048576,1048576,2097152,0.106,222298,32,256,4096,75,92,268.000000,,-205.768640,62.231360,100.522656
1048576,1048576,2097152,0.106,222298,32,256,4096,75,93,268.000000,,-207.993180,60.006820,100.522656
1048576,1048576,2097152,0.106,222298,32,256,4096,75,94,268.000000,,-210.216231,57.783769,100.522656
1048576,1048576,2097152,0.106,222298,32,256,4096,75,95,268.000000,,-212.437643,55.562357,100.522656
1048576,1048576,2097152,0.106,222298,32,256,4096,75,96,268.000000,,-214.657262,53.342738,100.522656
1048576,1048576,2097152,0.106,222298,32,256,4096,75,97,268.000000,,-216.874919,51.125081,100.522656
1048576,1048576,2097152,0.106,222298,32,256,4096,75,98,268.000000,,-219.090440,48.909560,100.522656
1048576,1048576,2097152,0.106,222298,32,256,4096,75,99,268.000000,,-221.303637,46.696363,100.522656
1048576,1048576,2097152,0.106,222298,32,256,4096,75,100,268.000000,,-223.514322,44.485678,100.522656
1048576,1048576,2097152,0.106,222298,32,256,4096,75,101,268.000000,,-225.722292,42.277708,100.522656
1048576,1048576,2097152,0.106,222298,32,256,4096,75,102,268.000000,,-227.927350,40.072650,100.522656
1048576,1048576,2097152,0.106,222298,32,256,4096,75,103,268.000000,,-230.129288,37.870712,100.522656
1048576,1048576,2097152,0.106,222298,32,256,4096,75,104,268.000000,,-232.327903,35.672097,100.522656
1048576,1048576,2097152,0.106,222298,32,256,4096,75,105,268.000000,,-234.522998,33.477002,100.522656
1048576,1048576,2097152,0.106,222298,32,256,4096,75,106,268.000000,,-236.714376,31.285624,100.522656
1048576,1048576,2097152,0.106,222298,32,256,4096,75,107,268.000000,,-238.901855,29.098145,100.522656
1048576,1048576,2097152,0.106,222298,32,256,4096,75,108,268.000000,,-241.085269,26.914731,100.522656
1048576,1048576,2097152,0.106,222298,32,256,4096,75,109,268.000000,,-243.264462,24.735538,100.522656
1048576,1048576,2097152,0.106,222298,32,256,4096,75,110,268.000000,,-245.439303,22.560697,100.522656
1048576,1048576,2097152,0.106,222298,32,256,4096,75,111,268.000000,,-247.609688,20.390312,100.522656
1048576,1048576,2097152,0.106,222298,32,256,4096,75,112,268.000000,,-249.775532,18.224468,100.522656
1048576,1048576,2097152,0.106,222298,32,256,4096,75,113,268.000000,,-251.936783,16.063217,100.522656
1048576,1048576,2097152,0.106,222298,32,256,4096,75,114,268.000000,,-254.093421,13.906579,100.522656
1048576,1048576,2097152,0.106,222298,32,256,4096,75,115,268.000000,,-256.245448,11.754552,100.522656
1048576,1048576,2097152,0.106,222298,32,256,4096,75,116,268.000000,,-258.392905,9.607095,100.522656
1048576,1048576,2097152,0.106,222298,32,256,4096,75,117,268.000000,,-260.535860,7.464140,100.522656
1048576,1048576,2097152,0.106,222298,32,256,4096,75,118,268.000000,,-262.674404,5.325596,100.522656
1048576,1048576,2097152,0.106,222298,32,256,4096,75,119,268.000000,,-264.808660,3.191340,100.522656
1048576,1048576,2097152,0.106,222298,32,256,4096,75,120,268.000000,,-266.938772,1.061228,100.522656
1048576,1048576,2097152,0.106,222298,32,256,4096,75,121,268.000000,,-269.064898,-1.064898,100.522656
1048576,1048576,2097152,0.106,222298,32,256,4096,75,122,268.000000,,-271.187219,-3.187219,100.522656
1048576,1048576,2097152,0.106,222298,32,256,4096,75,123,268.000000,,-273.305926,-5.305926,100.522656
1048576,1048576,2097152,0.106,222298,32,256,4096,75,124,268.000000,,-275.421216,-7.421216,100.522656
1048576,1048576,2097152,0.106,222298,32,256,4096,75,125,268.000000,,-277.533295,-9.533295,100.522656
1048576,1048576,2097152,0.106,222298,32,256,4096,75,126,268.000000,,-279.642372,-11.642372,100.522656
1048576,1048576,2097152,0.106,222298,32,256,4096,75,127,268.000000,,-281.748651,-13.748651,100.522656
1048576,1048576,2097152,0.106,222298,32,256,4096,75,128,268.000000,,-283.852337,-15.852337,100.522656
1048576,1048576,2097152,0.106,222298,32,256,4096,75,129,268.000000,,-285.953631,-17.953631,100.522656
1048576,1048576,2097152,0.106,222298,32,256,4096,75,130,268.000000,,-288.052724,-20.052724,100.522656
1048576,1048576,2097152,0.106,222298,32,256,4096,75,131,268.000000,,-290.149799,-22.149799,100.522656
1048576,1048576,2097152,0.106,222298,32,256,4096,75,132,268.000000,,-292.245035,-24.245035,100.522656
1048576,1048576,2097152,0.106,222298,32,256,4096,75,133,268.000000,,-294.338595,-26.338595,100.522656
1048576,1048576,2097152,0.106,222298,32,256,4096,75,134,268.000000,,-296.430636,-28.430636,100.522656
1048576,1048576,2097152,0.106,222298,32,256,4096,75,135,268.000000,,-298.521304,-30.521304,100.522656
1048576,1048576,2097152,0.106,222298,32,256,4096,75,136,268.000000,,-300.610733,-32.610733,100.522656
1048576,1048576,2097152,0.106,222298,32,256,4096,75,137,268.000000,,-302.699049,-34.699049,100.522656
1048576,1048576,2097152,0.106,222298,32,256,4096,75,138,268.000000,,-304.786369,-36.786369,100.522656
1048576,1048576,2097152,0.106,222298,32,256,4096,75,139,268.000000,,-306.872797,-38.872797,100.522656
1048576,1048576,2097152,0.106,222298,32,256,4096,75,140,268.000000,,-308.958431,-40.958431,100.522656
1048576,1048576,2097152,0.106,222298,32,256,4096,75,141,268.000000,,-311.043360,-43.043360,100.522656
1048576,1048576,2097152,0.106,222298,32,256,4096,75,142,268.000000,,-313.127665,-45.127665,100.522656
1048576,1048576,2097152,0.106,222298,32,256,4096,75,143,268.000000,,-315.211418,-47.211418,100.522656
1048576,1048576,2097152,0.106,222298,32,256,4096,75,144,268.000000,,-317.294688,-49.294688,100.522656
1048576,1048576,2097152,0.106,222298,32,256,4096,75,145,268.000000,,-319.377534,-51.377534,100.522656
1048576,1048576,2097152,0.106,222298,32,256,4096,75,146,268.000000,,-321.460010,-53.460010,100.522656
1048576,1048576,2097152,0.106,222298,32,256,4096,75,147,268.000000,,-323.542166,-55.542166,100.522656
1048576,1048576,2097152,0.106,222298,32,256,4096,75,148,268.000000,,-325.624045,-57.624045,100.522656
1048576,1048576,2097152,0.106,222298,32,256,4096,75,149,268.000000,,-327.705688,-59.705688,100.522656
1048576,1048576,2097152,0.106,222298,32,256,4096,75,150,536.626254,0.0845275046842,-329.787131,206.839124,206.839124
1048576,1048576,2097152,0.106,222298,32,256,4096,75,151,540.190690,0.0845275046842,-331.868404,208.322285,208.763454
1048576,1048576,2097152,0.106,222298,32,256,4096,75,152,543.755125,0.0845275046842,-333.949538,209.805587,210.376642
1048576,1048576,2097152,0.106,222298,32,256,4096,75,153,547.319560,0.0845275046842,-336.030557,211.289003,211.903774
1048576,1048576,2097152,0.106,222298,32,256,4096,75,154,550.883996,0.0845275046842,-338.111485,212.772510,213.402567
1048576,1048576,2097152,0.106,222298,32,256,4096,75,155,554.448431,0.0845275046842,-340.192342,214.256089,214.891548
1048576,1048576,2097152,0.106,222298,32,256,4096,75,156,558.012866,0.0845275046842,-342.273146,215.739720,216.377087
1048576,1048576,2097152,0.106,222298,32,256,4096,75,157,561.577302,0.0845275046842,-344.353915,217.223387,217.861423
1048576,1048576,2097152,0.106,222298,32,256,4096,75,158,565.141737,0.0845275046842,-346.434661,218.707076,219.345344
1048576,1048576,2097152,0.106,222298,32,256,4096,75,159,568.706172,0.0845275046842,-348.515398,220.190775,220.829122
1048576,1048576,2097152,0.106,222298,32,256,4096,75,160,572.270608,0.0845275046842,-350.596137,221.674471,222.312847
1048576,1048576,2097152,0.106,222298,32,256,4096,75,161,575.835043,0.0845275046842,-352.676889,223.158154,223.796545
1048576,1048576,2097152,0.106,222298,32,256,4096,75,162,579.399478,0.0845275046842,-354.757663,224.641816,225.280220
1048576,1048576,2097152,0.106,222298,32,256,4096,75,163,582.963914,0.0845275046842,-356.838466,226.125448,226.763867
1048576,1048576,2097152,0.106,222298,32,256,4096,75,164,586.528349,0.0845275046842,-358.919305,227.609044,228.247482
1048576,1048576,2097152,0.106,222298,32,256,4096,75,165,590.092784,0.0845275046842,-361.000187,229.092597,229.731057
1048576,1048576,2097152,0.106,222298,32,256,4096,75,166,593.657220,0.0845275046842,-363.081117,230.576103,231.214587
1048576,1048576,2097152,0.106,222298,32,256,4096,75,167,597.221655,0.0845275046842,-365.162100,232.059555,232.698068
1048576,1048576,2097152,0.106,222298,32,256,4096,75,168,600.786090,0.0845275046842,-367.243139,233.542951,234.181494
1048576,1048576,2097152,0.106,222298,32,256,4096,75,169,604.350526,0.0845275046842,-369.324239,235.026286,235.664861
1048576,1048576,2097152,0.106,222298,32,256,4096,75,170,607.914961,0.0845275046842,-371.405403,236.509558,237.148167
1048576,1048576,2097152,0.106,222298,32,256,4096,75,171,611.479396,0.0845275046842,-373.486633,237.992763,238.631409
1048576,1048576,2097152,0.106,222298,32,256,4096,75,172,615.043832,0.0845275046842,-375.567932,239.475900,240.114583
1048576,1048576,2097152,0.106,222298,32,256,4096,75,173,618.608267,0.0845275046842,-377.649301,240.958966,241.597687
1048576,1048576,2097152,0.106,222298,32,256,4096,75,174,622.172702,0.0845275046842,-379.730743,242.441959,243.080721
1048576,1048576,2097152,0.106,222298,32,256,4096,75,175,625.737138,0.0845275046842,-381.812258,243.924879,244.563681
1048576,1048576,2097152,0.106,222298,32,256,4096,75,176,629.301573,0.0845275046842,-383.893849,245.407724,246.046567
1048576,1048576,2097152,0.106,222298,32,256,4096,75,177,632.866008,0.0845275046842,-385.975515,246.890493,247.529378
1048576,1048576,2097152,0.106,222298,32,256,4096,75,178,636.430443,0.0845275046842,-388.057258,248.373185,249.012113
1048576,1048576,2097152,0.106,222298,32,256,4096,75,179,639.994879,0.0845275046842,-390.139078,249.855800,250.494771
1048576,1048576,2097152,0.106,222298,32,256,4096,75,180,643.559314,0.0845275046842,-392.220977,251.338338,251.977351
1048576,1048576,2097152,0.106,222298,32,256,4096,75,181,647.123749,0.0845275046842,-394.302953,252.820797,253.459854
1048576,1048576,2097152,0.106,222298,32,256,4096,75,182,650.688185,0.0845275046842,-396.385007,254.303178,254.942278
1048576,1048576,2097152,0.106,222298,32,256,4096,75,183,654.252620,0.0845275046842,-398.467140,255.785480,256.424624
1048576,1048576,2097152,0.106,222298,32,256,4096,75,184,657.817055,0.0845275046842,-400.549352,257.267704,257.906892
1048576,1048576,2097152,0.106,222298,32,256,4096,75,185,661.381491,0.0845275046842,-402.631641,258.749849,259.389081
1048576,1048576,2097152,0.106,222298,32,256,4096,75,186,664.945926,0.0845275046842,-404.714009,260.231917,260.871192
1048576,1048576,2097152,0.106,222298,32,256,4096,75,187,668.510361,0.0845275046842,-406.796455,261.713906,262.353225
1048576,1048576,2097152,0.106,222298,32,256,4096,75,188,672.074797,0.0845275046842,-408.878979,263.195817,263.835180
1048576,1048576,2097152,0.106,222298,32,256,4096,75,189,675.639232,0.0845275046842,-410.961581,264.677651,265.317057
1048576,1048576,2097152,0.106,222298,32,256,4096,75,190,679.203667,0.0845275046842,-413.044259,266.159408,266.798857
1048576,1048576,2097152,0.106,222298,32,256,4096,75,191,682.768103,0.0845275046842,-415.127014,267.641088,268.280580
1048576,1048576,2097152,0.106,222298,32,256,4096,75,192,686.332538,0.0845275046842,-417.209846,269.122692,269.762226
1048576,1048576,2097152,0.106,222298,32,256,4096,75,193,689.896973,0.0845275046842,-419.292754,270.604220,271.243797
1048576,1048576,2097152,0.106,222298,32,256,4096,75,194,693.461409,0.0845275046842,-421.375737,272.085672,272.725291
1048576,1048576,2097152,0.106,222298,32,256,4096,75,195,697.025844,0.0845275046842,-423.458795,273.567049,274.206711
1048576,1048576,2097152,0.106,222298,32,256,4096,75,196,700.590279,0.0845275046842,-425.541927,275.048352,275.688055
1048576,1048576,2097152,0.106,222298,32,256,4096,75,197,704.154715,0.0845275046842,-427.625134,276.529581,277.169325
1048576,1048576,2097152,0.106,222298,32,256,4096,75,198,707.719150,0.0845275046842,-429.708413,278.010737,278.650522
1048576,1048576,2097152,0.106,222298,32,256,4096,75,199,711.283585,0.0845275046842,-431.791766,279.491819,280.131646
1048576,1048576,2097152,0.106,222298,32,256,4096,75,200,714.848021,0.0845275046842,-433.875191,280.972829,281.612696
1048576,1048576,2097152,0.106,222298,32,256,4096,75,201,718.412456,0.0845275046842,-435.958688,282.453768,283.093675
1048576,1048576,2097152,0.106,222298,32,256,4096,75,202,721.976891,0.0845275046842,-438.042256,283.934635,284.574582
1048576,1048576,2097152,0.106,222298,32,256,4096,75,203,725.541327,0.0845275046842,-440.125895,285.415432,286.055418
1048576,1048576,2097152,0.106,222298,32,256,4096,75,204,729.105762,0.0845275046842,-442.209604,286.896158,287.536184
1048576,1048576,2097152,0.106,222298,32,256,4096,75,205,732.670197,0.0845275046842,-444.293383,288.376815,289.016880
1048576,1048576,2097152,0.106,222298,32,256,4096,75,206,736.234633,0.0845275046842,-446.377230,289.857402,290.497506
1048576,1048576,2097152,0.106,222298,32,256,4096,75,207,739.799068,0.0845275046842,-448.461146,291.337922,291.978064
1048576,1048576,2097152,0.106,222298,32,256,4096,75,208,743.363503,0.0845275046842,-450.545130,292.818373,293.458553
1048576,1048576,2097152,0.106,222298,32,256,4096,75,209,746.927939,0.0845275046842,-452.629181,294.298757,294.938975
1048576,1048576,2097152,0.106,222298,32,256,4096,75,210,750.492374,0.0845275046842,-454.713299,295.779075,296.419330
1048576,1048576,2097152,0.106,222298,32,256,4096,75,211,754.056809,0.0845275046842,-456.797483,297.259326,297.899618
1048576,1048576,2097152,0.106,222298,32,256,4096,75,212,757.621245,0.0845275046842,-458.881733,298.739511,299.379841
1048576,1048576,2097152,0.106,222298,32,256,4096,75,213,761.185680,0.0845275046842,-460.966048,300.219632,300.859998
1048576,1048576,2097152,0.106,222298,32,256,4096,75,214,764.750115,0.0845275046842,-463.050428,301.699688,302.340090
1048576,1048576,2097152,0.106,222298,32,256,4096,75,215,768.314551,0.0845275046842,-465.134871,303.179679,303.820118
1048576,1048576,2097152,0.106,222298,32,256,4096,75,216,771.878986,0.0845275046842,-467.219378,304.659608,305.300082
1048576,1048576,2097152,0.106,222298,32,256,4096,75,217,775.443421,0.0845275046842,-469.303948,306.139473,306.779982
1048576,1048576,2097152,0.106,222298,32,256,4096,75,218,779.007857,0.0845275046842,-471.388581,307.619276,308.259820
1048576,1048576,2097152,0.106,222298,32,256,4096,75,219,782.572292,0.0845275046842,-473.473275,309.099017,309.739596
1048576,1048576,2097152,0.106,222298,32,256,4096,75,220,786.136727,0.0845275046842,-475.558031,310.578697,311.219310
1048576,1048576,2097152,0.106,222298,32,256,4096,80,1,-inf,,-2.237843,-inf,-inf
1048576,1048576,2097152,0.106,222298,32,256,4096,80,2,-inf,,-4.475684,-inf,-inf
1048576,1048576,2097152,0.106,222298,32,256,4096,80,3,-inf,,-6.713526,-inf,-inf
1048576,1048576,2097152,0.106,222298,32,256,4096,80,4,-inf,,-8.951366,-inf,-inf
1048576,1048576,2097152,0.106,222298,32,256,4096,80,5,-inf,,-11.189206,-inf,-inf
1048576,1048576,2097152,0.106,222298,32,256,4096,80,6,-inf,,-13.427045,-inf,-inf
1048576,1048576,2097152,0.106,222298,32,256,4096,80,7,-inf,,-15.664883,-inf,-inf
1048576,1048576,2097152,0.106,222298,32,256,4096,80,8,-inf,,-17.902721,-inf,-inf
1048576,1048576,2097152,0.106,222298,32,256,4096,80,9,-inf,,-20.140558,-inf,-inf
1048576,1048576,2097152,0.106,222298,32,256,4096,80,10,-inf,,-22.378394,-inf,-inf
1048576,1048576,2097152,0.106,222298,32,256,4096,80,11,-inf,,-24.616229,-inf,-inf
1048576,1048576,2097152,0.106,222298,32,256,4096,80,12,-inf,,-26.854064,-inf,-inf
1048576,1048576,2097152,0.106,222298,32,256,4096,80,13,-inf,,-29.091897,-inf,-inf
1048576,1048576,2097152,0.106,222298,32,256,4096,80,14,-inf,,-31.329731,-inf,-inf
1048576,1048576,2097152,0.106,222298,32,256,4096,80,15,-inf,,-33.567563,-inf,-inf
1048576,1048576,2097152,0.106,222298,32,256,4096,80,16,-inf,,-35.805394,-inf,-inf
1048576,1048576,2097152,0.106,222298,32,256,4096,80,17,-inf,,-38.043225,-inf,-inf
1048576,1048576,2097152,0.106,222298,32,256,4096,80,18,-inf,,-40.281055,-inf,-inf
1048576,1048576,2097152,0.106,222298,32,256,4096,80,19,-inf,,-42.518884,-inf,-inf
1048576,1048576,2097152,0.106,222298,32,256,4096,80,20,-inf,,-44.756712,-inf,-inf
1048576,1048576,2097152,0.106,222298,32,256,4096,80,21,-inf,,-46.994540,-inf,-inf
1048576,1048576,2097152,0.106,222298,32,256,4096,80,22,-inf,,-49.232366,-inf,-inf
1048576,1048576,2097152,0.106,222298,32,256,4096,80,23,-inf,,-51.470191,-inf,-inf
1048576,1048576,2097152,0.106,222298,32,256,4096,80,24,-inf,,-53.708016,-inf,-inf
1048576,1048576,2097152,0.106,222298,32,256,4096,80,25,-inf,,-55.945839,-inf,-inf
1048576,1048576,2097152,0.106,222298,32,256,4096,80,26,-inf,,-58.183662,-inf,-inf
1048576,1048576,2097152,0.106,222298,32,256,4096,80,27,-inf,,-60.421483,-inf,-inf
1048576,1048576,2097152,0.106,222298,32,256,4096,80,28,-inf,,-62.659303,-inf,-inf
1048576,1048576,2097152,0.106,222298,32,256,4096,80,29,-inf,,-64.897122,-inf,-inf
1048576,1048576,2097152,0.106,222298,32,256,4096,80,30,-inf,,-67.134939,-inf,-inf
1048576,1048576,2097152,0.106,222298,32,256,4096,80,31,-inf,,-69.372755,-inf,-inf
1048576,1048576,2097152,0.106,222298,32,256,4096,80,32,-inf,,-71.610569,-inf,-inf
1048576,1048576,2097152,0.106,222298,32,256,4096,80,33,-inf,,-73.848382,-inf,-inf
1048576,1048576,2097152,0.106,222298,32,256,4096,80,34,-inf,,-76.086193,-inf,-inf
1048576,1048576,2097152,0.106,222298,32,256,4096,80,35,-inf,,-78.324002,-inf,-inf
1048576,1048576,2097152,0.106,222298,32,256,4096,80,36,-inf,,-80.561808,-inf,-inf
1048576,1048576,2097152,0.106,222298,32,256,4096,80,37,-inf,,-82.799612,-inf,-inf
1048576,1048576,2097152,0.106,222298,32,256,4096,80,38,-inf,,-85.037414,-inf,-inf
1048576,1048576,2097152,0.106,222298,32,256,4096,80,39,-inf,,-87.275213,-inf,-inf
1048576,1048576,2097152,0.106,222298,32,256,4096,80,40,-inf,,-89.513008,-inf,-inf
1048576,1048576,2097152,0.106,222298,32,256,4096,80,41,-inf,,-91.750800,-inf,-inf
1048576,1048576,2097152,0.106,222298,32,256,4096,80,42,-inf,,-93.988588,-inf,-inf
1048576,1048576,2097152,0.106,222298,32,256,4096,80,43,-inf,,-96.226371,-inf,-inf
1048576,1048576,2097152,0.106,222298,32,256,4096,80,44,-inf,,-98.464149,-inf,-inf
1048576,1048576,2097152,0.106,222298,32,256,4096,80,45,-inf,,-100.701922,-inf,-inf
1048576,1048576,2097152,0.106,222298,32,256,4096,80,46,-inf,,-102.939689,-inf,-inf
1048576,1048576,2097152,0.106,222298,32,256,4096,80,47,-inf,,-105.177448,-inf,-inf
1048576,1048576,2097152,0.106,222298,32,256,4096,80,48,-inf,,-107.415200,-inf,-inf
1048576,1048576,2097152,0.106,222298,32,256,4096,80,49,-inf,,-109.652943,-inf,-inf
1048576,1048576,2097152,0.106,222298,32,256,4096,80,50,-inf,,-111.890676,-inf,-inf
1048576,1048576,2097152,0.106,222298,32,256,4096,80,51,-inf,,-114.128398,-inf,-inf
1048576,1048576,2097152,0.106,222298,32,256,4096,80,52,-inf,,-116.366107,-inf,-inf
1048576,1048576,2097152,0.106,222298,32,256,4096,80,53,-inf,,-118.603803,-inf,-inf
1048576,1048576,2097152,0.106,222298,32,256,4096,80,54,-inf,,-120.841482,-inf,-inf
1048576,1048576,2097152,0.106,222298,32,256,4096,80,55,-inf,,-123.079144,-inf,-inf
1048576,1048576,2097152,0.106,222298,32,256,4096,80,56,-inf,,-125.316785,-inf,-inf
1048576,1048576,2097152,0.106,222298,32,256,4096,80,57,-inf,,-127.554404,-inf,-inf
1048576,1048576,2097152,0.106,222298,32,256,4096,80,58,-inf,,-129.791997,-inf,-inf
1048576,1048576,2097152,0.106,222298,32,256,4096,80,59,-inf,,-132.029562,-inf,-inf
1048576,1048576,2097152,0.106,222298,32,256,4096,80,60,-inf,,-134.267094,-inf,-inf
1048576,1048576,2097152,0.106,222298,32,256,4096,80,61,-inf,,-136.504589,-inf,-inf
1048576,1048576,2097152,0.106,222298,32,256,4096,80,62,-inf,,-138.742043,-inf,-inf
1048576,1048576,2097152,0.106,222298,32,256,4096,80,63,-inf,,-140.979450,-inf,-inf
1048576,1048576,2097152,0.106,222298,32,256,4096,80,64,-inf,,-143.216806,-inf,-inf
1048576,1048576,2097152,0.106,222298,32,256,4096,80,65,-inf,,-145.454102,-inf,-inf
1048576,1048576,2097152,0.106,222298,32,256,4096,80,66,-inf,,-147.691331,-inf,-inf
1048576,1048576,2097152,0.106,222298,32,256,4096,80,67,-inf,,-149.928486,-inf,-inf
1048576,1048576,2097152,0.106,222298,32,256,4096,80,68,-inf,,-152.165557,-inf,-inf
1048576,1048576,2097152,0.106,222298,32,256,4096,80,69,-inf,,-154.402533,-inf,-inf
1048576,1048576,2097152,0.106,222298,32,256,4096,80,70,-inf,,-156.639403,-inf,-inf
1048576,1048576,2097152,0.106,222298,32,256,4096,80,71,-inf,,-158.876152,-inf,-inf
1048576,1048576,2097152,0.106,222298,32,256,4096,80,72,-inf,,-161.112767,-inf,-inf
1048576,1048576,2097152,0.106,222298,32,256,4096,80,73,-inf,,-163.349231,-inf,-inf
1048576,1048576,2097152,0.106,222298,32,256,4096,80,74,-inf,,-165.585524,-inf,-inf
1048576,1048576,2097152,0.106,222298,32,256,4096,80,75,-inf,,-167.821627,-inf,-inf
1048576,1048576,2097152,0.106,222298,32,256,4096,80,76,-inf,,-170.057515,-inf,-inf
1048576,1048576,2097152,0.106,222298,32,256,4096,80,77,-inf,,-172.293162,-inf,-inf
1048576,1048576,2097152,0.106,222298,32,256,4096,80,78,-inf,,-174.528540,-inf,-inf
1048576,1048576,2097152,0.106,222298,32,256,4096,80,79,-inf,,-176.763616,-inf,-inf
1048576,1048576,2097152,0.106,222298,32,256,4096,80,80,268.000000,,-178.998353,89.001647,89.001647
1048576,1048576,2097152,0.106,222298,32,256,4096,80,81,268.000000,,-181.232711,86.767289,89.279650
1048576,1048576,2097152,0.106,222298,32,256,4096,80,82,268.000000,,-183.466646,84.533354,89.332426
1048576,1048576,2097152,0.106,222298,32,256,4096,80,83,268.000000,,-185.700107,82.299893,89.343403
1048576,1048576,2097152,0.106,222298,32,256,4096,80,84,268.000000,,-187.933039,80.066961,89.345728
1048576,1048576,2097152,0.106,222298,32,256,4096,80,85,268.000000,,-190.165381,77.834619,89.346222
1048576,1048576,2097152,0.106,222298,32,256,4096,80,86,268.000000,,-192.397066,75.602934,89.346327
1048576,1048576,2097152,0.106,222298,32,256,4096,80,87,268.000000,,-194.628018,73.371982,89.346350
1048576,1048576,2097152,0.106,222298,32,256,4096,80,88,268.000000,,-196.858157,71.141843,89.346355
1048576,1048576,2097152,0.106,222298,32,256,4096,80,89,268.000000,,-199.087391,68.912609,89.346356
1048576,1048576,2097152,0.106,222298,32,256,4096,80,90,268.000000,,-201.315623,66.684377,89.346356
1048576,1048576,2097152,0.106,222298,32,256,4096,80,91,268.000000,,-203.542744,64.457256,89.346356
1048576,1048576,2097152,0.106,222298,32,256,4096,80,92,268.000000,,-205.768640,62.231360,89.346356
1048576,1048576,2097152,0.106,222298,32,256,4096,80,93,268.000000,,-207.993180,60.006820,89.346356
1048576,1048576,2097152,0.106,222298,32,256,4096,80,94,268.000000,,-210.216231,57.783769,89.346356
1048576,1048576,2097152,0.106,222298,32,256,4096,80,95,268.000000,,-212.437643,55.562357,89.346356
1048576,1048576,2097152,0.106,222298,32,256,4096,80,96,268.000000,,-214.657262,53.342738,89.346356
1048576,1048576,2097152,0.106,222298,32,256,4096,80,97,268.000000,,-216.874919,51.125081,89.346356
1048576,1048576,2097152,0.106,222298,32,256,4096,80,98,268.000000,,-219.090440,48.909560,89.346356
1048576,1048576,2097152,0.106,222298,32,256,4096,80,99,268.000000,,-221.303637,46.696363,89.346356
1048576,1048576,2097152,0.106,222298,32,256,4096,80,100,268.000000,,-223.514322,44.485678,89.346356
1048576,1048576,2097152,0.106,222298,32,256,4096,80,101,268.000000,,-225.722292,42.277708,89.346356
1048576,1048576,2097152,0.106,222298,32,256,4096,80,102,268.000000,,-227.927350,40.072650,89.346356
1048576,1048576,2097152,0.106,222298,32,256,4096,80,103,268.000000,,-230.129288,37.870712,89.346356
1048576,1048576,2097152,0.106,222298,32,256,4096,80,104,268.000000,,-232.327903,35.672097,89.346356
1048576,1048576,2097152,0.106,222298,32,256,4096,80,105,268.000000,,-234.522998,33.477002,89.346356
1048576,1048576,2097152,0.106,222298,32,256,4096,80,106,268.000000,,-236.714376,31.285624,89.346356
1048576,1048576,2097152,0.106,222298,32,256,4096,80,107,268.000000,,-238.901855,29.098145,89.346356
1048576,1048576,2097152,0.106,222298,32,256,4096,80,108,268.000000,,-241.085269,26.914731,89.346356
1048576,1048576,2097152,0.106,222298,32,256,4096,80,109,268.000000,,-243.264462,24.735538,89.346356
1048576,1048576,2097152,0.106,222298,32,256,4096,80,110,268.000000,,-245.439303,22.560697,89.346356
1048576,1048576,2097152,0.106,222298,32,256,4096,80,111,268.000000,,-247.609688,20.390312,89.346356
1048576,1048576,2097152,0.106,222298,32,256,4096,80,112,268.000000,,-249.775532,18.224468,89.346356
1048576,1048576,2097152,0.106,222298,32,256,4096,80,113,268.000000,,-251.936783,16.063217,89.346356
1048576,1048576,2097152,0.106,222298,32,256,4096,80,114,268.000000,,-254.093421,13.906579,89.346356
1048576,1048576,2097152,0.106,222298,32,256,4096,80,115,268.000000,,-256.245448,11.754552,89.346356
1048576,1048576,2097152,0.106,222298,32,256,4096,80,116,268.000000,,-258.392905,9.607095,89.346356
1048576,1048576,2097152,0.106,222298,32,256,4096,80,117,268.000000,,-260.535860,7.464140,89.346356
1048576,1048576,2097152,0.106,222298,32,256,4096,80,118,268.000000,,-262.674404,5.325596,89.346356
1048576,1048576,2097152,0.106,222298,32,256,4096,80,119,268.000000,,-264.808660,3.191340,89.346356
1048576,1048576,2097152,0.106,222298,32,256,4096,80,120,268.000000,,-266.938772,1.061228,89.346356
1048576,1048576,2097152,0.106,222298,32,256,4096,80,121,268.000000,,-269.064898,-1.064898,89.346356
1048576,1048576,2097152,0.106,222298,32,256,4096,80,122,268.000000,,-271.187219,-3.187219,89.346356
1048576,1048576,2097152,0.106,222298,32,256,4096,80,123,268.000000,,-273.305926,-5.305926,89.346356
1048576,1048576,2097152,0.106,222298,32,256,4096,80,124,268.000000,,-275.421216,-7.421216,89.346356
1048576,1048576,2097152,0.106,222298,32,256,4096,80,125,268.000000,,-277.533295,-9.533295,89.346356
1048576,1048576,2097152,0.106,222298,32,256,4096,80,126,268.000000,,-279.642372,-11.642372,89.346356
1048576,1048576,2097152,0.106,222298,32,256,4096,80,127,268.000000,,-281.748651,-13.748651,89.346356
1048576,1048576,2097152,0.106,222298,32,256,4096,80,128,268.000000,,-283.852337,-15.852337,89.346356
1048576,1048576,2097152,0.106,222298,32,256,4096,80,129,268.000000,,-285.953631,-17.953631,89.346356
1048576,1048576,2097152,0.106,222298,32,256,4096,80,130,268.000000,,-288.052724,-20.052724,89.346356
1048576,1048576,2097152,0.106,222298,32,256,4096,80,131,268.000000,,-290.149799,-22.149799,89.346356
1048576,1048576,2097152,0.106,222298,32,256,4096,80,132,268.000000,,-292.245035,-24.245035,89.346356
1048576,1048576,2097152,0.106,222298,32,256,4096,80,133,268.000000,,-294.338595,-26.338595,89.346356
1048576,1048576,2097152,0.106,222298,32,256,4096,80,134,268.000000,,-296.430636,-28.430636,89.346356
1048576,1048576,2097152,0.106,222298,32,256,4096,80,135,268.000000,,-298.521304,-30.521304,89.346356
1048576,1048576,2097152,0.106,222298,32,256,4096,80,136,268.000000,,-300.610733,-32.610733,89.346356
1048576,1048576,2097152,0.106,222298,32,256,4096,80,137,268.000000,,-302.699049,-34.699049,89.346356
1048576,1048576,2097152,0.106,222298,32,256,4096,80,138,268.000000,,-304.786369,-36.786369,89.346356
1048576,1048576,2097152,0.106,222298,32,256,4096,80,139,268.000000,,-306.872797,-38.872797,89.346356
1048576,1048576,2097152,0.106,222298,32,256,4096,80,140,268.000000,,-308.958431,-40.958431,89.346356
1048576,1048576,2097152,0.106,222298,32,256,4096,80,141,268.000000,,-311.043360,-43.043360,89.346356
1048576,1048576,2097152,0.106,222298,32,256,4096,80,142,268.000000,,-313.127665,-45.127665,89.346356
1048576,1048576,2097152,0.106,222298,32,256,4096,80,143,268.000000,,-315.211418,-47.211418,89.346356
1048576,1048576,2097152,0.106,222298,32,256,4096,80,144,268.000000,,-317.294688,-49.294688,89.346356
1048576,1048576,2097152,0.106,222298,32,256,4096,80,145,268.000000,,-319.377534,-51.377534,89.346356
1048576,1048576,2097152,0.106,222298,32,256,4096,80,146,268.000000,,-321.460010,-53.460010,89.346356
1048576,1048576,2097152,0.106,222298,32,256,4096,80,147,268.000000,,-323.542166,-55.542166,89.346356
1048576,1048576,2097152,0.106,222298,32,256,4096,80,148,268.000000,,-325.624045,-57.624045,89.346356
1048576,1048576,2097152,0.106,222298,32,256,4096,80,149,268.000000,,-327.705688,-59.705688,89.346356
1048576,1048576,2097152,0.106,222298,32,256,4096,80,150,268.000000,,-329.787131,-61.787131,89.346356
1048576,1048576,2097152,0.106,222298,32,256,4096,80,151,268.000000,,-331.868404,-63.868404,89.346356
1048576,1048576,2097152,0.106,222298,32,256,4096,80,152,268.000000,,-333.949538,-65.949538,89.346356
1048576,1048576,2097152,0.106,222298,32,256,4096,80,153,268.000000,,-336.030557,-68.030557,89.346356
1048576,1048576,2097152,0.106,222298,32,256,4096,80,154,268.000000,,-338.111485,-70.111485,89.346356
1048576,1048576,2097152,0.106,222298,32,256,4096,80,155,268.000000,,-340.192342,-72.192342,89.346356
1048576,1048576,2097152,0.106,222298,32,256,4096,80,156,268.000000,,-342.273146,-74.273146,89.346356
1048576,1048576,2097152,0.106,222298,32,256,4096,80,157,268.000000,,-344.353915,-76.353915,89.346356
1048576,1048576,2097152,0.106,222298,32,256,4096,80,158,268.000000,,-346.434661,-78.434661,89.346356
1048576,1048576,2097152,0.106,222298,32,256,4096,80,159,268.000000,,-348.515398,-80.515398,89.346356
1048576,1048576,2097152,0.106,222298,32,256,4096,80,160,541.296811,0.0936889471404,-350.596137,190.700674,190.700674
1048576,1048576,2097152,0.106,222298,32,256,4096,80,161,544.712788,0.0936889471404,-352.676889,192.035899,192.517539
1048576,1048576,2097152,0.106,222298,32,256,4096,80,162,548.128765,0.0936889471404,-354.757663,193.371103,194.006547
1048576,1048576,2097152,0.106,222298,32,256,4096,80,163,551.544743,0.0936889471404,-356.838466,194.706277,195.398425
1048576,1048576,2097152,0.106,222298,32,256,4096,80,164,554.960720,0.0936889471404,-358.919305,196.041415,196.755449
1048576,1048576,2097152,0.106,222298,32,256,4096,80,165,558.376697,0.0936889471404,-361.000187,197.376510,198.099145
1048576,1048576,2097152,0.106,222298,32,256,4096,80,166,561.792675,0.0936889471404,-363.081117,198.711558,199.437606
1048576,1048576,2097152,0.106,222298,32,256,4096,80,167,565.208652,0.0936889471404,-365.162100,200.046552,200.773972
1048576,1048576,2097152,0.106,222298,32,256,4096,80,168,568.624629,0.0936889471404,-367.243139,201.381490,202.109476
1048576,1048576,2097152,0.106,222298,32,256,4096,80,169,572.040607,0.0936889471404,-369.324239,202.716367,203.444601
1048576,1048576,2097152,0.106,222298,32,256,4096,80,170,575.456584,0.0936889471404,-371.405403,204.051181,204.779539
1048576,1048576,2097152,0.106,222298,32,256,4096,80,171,578.872561,0.0936889471404,-373.486633,205.385928,206.114361
1048576,1048576,2097152,0.106,222298,32,256,4096,80,172,582.288539,0.0936889471404,-375.567932,206.720607,207.449097
1048576,1048576,2097152,0.106,222298,32,256,4096,80,173,585.704516,0.0936889471404,-377.649301,208.055215,208.783755
1048576,1048576,2097152,0.106,222298,32,256,4096,80,174,589.120493,0.0936889471404,-379.730743,209.389751,210.118340
1048576,1048576,2097152,0.106,222298,32,256,4096,80,175,592.536471,0.0936889471404,-381.812258,210.724212,211.452850
1048576,1048576,2097152,0.106,222298,32,256,4096,80,176,595.952448,0.0936889471404,-383.893849,212.058599,212.787286
1048576,1048576,2097152,0.106,222298,32,256,4096,80,177,599.368425,0.0936889471404,-385.975515,213.392910,214.121647
1048576,1048576,2097152,0.106,222298,32,256,4096,80,178,602.784403,0.0936889471404,-388.057258,214.727145,215.455931
1048576,1048576,2097152,0.106,222298,32,256,4096,80,179,606.200380,0.0936889471404,-390.139078,216.061302,216.790139
1048576,1048576,2097152,0.106,222298,32,256,4096,80,180,609.616357,0.0936889471404,-392.220977,217.395381,218.124269
1048576,1048576,2097152,0.106,222298,32,256,4096,80,181,613.032335,0.0936889471404,-394.302953,218.729382,219.458321
1048576,1048576,2097152,0.106,222298,32,256,4096,80,182,616.448312,0.0936889471404,-396.385007,220.063305,220.792295
1048576,1048576,2097152,0.106,222298,32,256,4096,80,183,619.864289,0.0936889471404,-398.467140,221.397149,222.126191
1048576,1048576,2097152,0.106,222298,32,256,4096,80,184,623.280267,0.0936889471404,-400.549352,222.730915,223.460009
1048576,1048576,2097152,0.106,222298,32,256,4096,80,185,626.696244,0.0936889471404,-402.631641,224.064603,224.793748
1048576,1048576,2097152,0.106,222298,32,256,4096,80,186,630.112221,0.0936889471404,-404.714009,225.398212,226.127408
1048576,1048576,2097152,0.106,222298,32,256,4096,80,187,633.528199,0.0936889471404,-406.796455,226.731743,227.460991
1048576,1048576,2097152,0.106,222298,32,256,4096,80,188,636.944176,0.0936889471404,-408.878979,228.065197,228.794496
1048576,1048576,2097152,0.106,222298,32,256,4096,80,189,640.360153,0.0936889471404,-410.961581,229.398573,230.127923
1048576,1048576,2097152,0.106,222298,32,256,4096,80,190,643.776131,0.0936889471404,-413.044259,230.731872,231.461273
1048576,1048576,2097152,0.106,222298,32,256,4096,80,191,647.192108,0.0936889471404,-415.127014,232.065094,232.794545
1048576,1048576,2097152,0.106,222298,32,256,4096,80,192,650.608085,0.0936889471404,-417.209846,233.398239,234.127741
1048576,1048576,2097152,0.106,222298,32,256,4096,80,193,654.024063,0.0936889471404,-419.292754,234.731309,235.460861
1048576,1048576,2097152,0.106,222298,32,256,4096,80,194,657.440040,0.0936889471404,-421.375737,236.064303,236.793906
1048576,1048576,2097152,0.106,222298,32,256,4096,80,195,660.856017,0.0936889471404,-423.458795,237.397223,238.126874
1048576,1048576,2097152,0.106,222298,32,256,4096,80,196,664.271995,0.0936889471404,-425.541927,238.730068,239.459769
1048576,1048576,2097152,0.106,222298,32,256,4096,80,197,667.687972,0.0936889471404,-427.625134,240.062839,240.792588
1048576,1048576,2097152,0.106,222298,32,256,4096,80,198,671.103949,0.0936889471404,-429.708413,241.395536,242.125334
1048576,1048576,2097152,0.106,222298,32,256,4096,80,199,674.519927,0.0936889471404,-431.791766,242.728161,243.458007
1048576,1048576,2097152,0.106,222298,32,256,4096,80,200,677.935904,0.0936889471404,-433.875191,244.060713,244.790607
1048576,1048576,2097152,0.106,222298,32,256,4096,80,201,681.351881,0.0936889471404,-435.958688,245.393193,246.123135
1048576,1048576,2097152,0.106,222298,32,256,4096,80,202,684.767859,0.0936889471404,-438.042256,246.725602,247.455592
1048576,1048576,2097152,0.106,222298,32,256,4096,80,203,688.183836,0.0936889471404,-440.125895,248.057941,248.787977
1048576,1048576,2097152,0.106,222298,32,256,4096,80,204,691.599813,0.0936889471404,-442.209604,249.390209,250.120292
1048576,1048576,2097152,0.106,222298,32,256,4096,80,205,695.015791,0.0936889471404,-444.293383,250.722408,251.452536
1048576,1048576,2097152,0.106,222298,32,256,4096,80,206,698.431768,0.0936889471404,-446.377230,252.054538,252.784712
1048576,1048576,2097152,0.106,222298,32,256,4096,80,207,701.847745,0.0936889471404,-448.461146,253.386599,254.116819
1048576,1048576,2097152,0.106,222298,32,256,4096,80,208,705.263723,0.0936889471404,-450.545130,254.718593,255.448857
1048576,1048576,2097152,0.106,222298,32,256,4096,80,209,708.679700,0.0936889471404,-452.629181,256.050519,256.780828
1048576,1048576,2097152,0.106,222298,32,256,4096,80,210,712.095677,0.0936889471404,-454.713299,257.382378,258.112731
1048576,1048576,2097152,0.106,222298,32,256,4096,80,211,715.511655,0.0936889471404,-456.797483,258.714171,259.444568
1048576,1048576,2097152,0.106,222298,32,256,4096,80,212,718.927632,0.0936889471404,-458.881733,260.045899,260.776340
1048576,1048576,2097152,0.106,222298,32,256,4096,80,213,722.343609,0.0936889471404,-460.966048,261.377561,262.108045
1048576,1048576,2097152,0.106,222298,32,256,4096,80,214,725.759587,0.0936889471404,-463.050428,262.709159,263.439686
1048576,1048576,2097152,0.106,222298,32,256,4096,80,215,729.175564,0.0936889471404,-465.134871,264.040693,264.771262
1048576,1048576,2097152,0.106,222298,32,256,4096,80,216,732.591541,0.0936889471404,-467.219378,265.372163,266.102774
1048576,1048576,2097152,0.106,222298,32,256,4096,80,217,736.007519,0.0936889471404,-469.303948,266.703571,267.434224
1048576,1048576,2097152,0.106,222298,32,256,4096,80,218,739.423496,0.0936889471404,-471.388581,268.034916,268.765610
1048576,1048576,2097152,0.106,222298,32,256,4096,80,219,742.839473,0.0936889471404,-473.473275,269.366199,270.096934
1048576,1048576,2097152,0.106,222298,32,256,4096,80,220,746.255451,0.0936889471404,-475.558031,270.697420,271.428196
1048576,1048576,2097152,0.106,222298,32,256,4096,85,1,-inf,,-2.237843,-inf,-inf
1048576,1048576,2097152,0.106,222298,32,256,4096,85,2,-inf,,-4.475684,-inf,-inf
1048576,1048576,2097152,0.106,222298,32,256,4096,85,3,-inf,,-6.713526,-inf,-inf
1048576,1048576,2097152,0.106,222298,32,256,4096,85,4,-inf,,-8.951366,-inf,-inf
1048576,1048576,2097152,0.106,222298,32,256,4096,85,5,-inf,,-11.189206,-inf,-inf
1048576,1048576,2097152,0.106,222298,32,256,4096,85,6,-inf,,-13.427045,-inf,-inf
1048576,1048576,2097152,0.106,222298,32,256,4096,85,7,-inf,,-15.664883,-inf,-inf
1048576,1048576,2097152,0.106,222298,32,256,4096,85,8,-inf,,-17.902721,-inf,-inf
1048576,1048576,2097152,0.106,222298,32,256,4096,85,9,-inf,,-20.140558,-inf,-inf
1048576,1048576,2097152,0.106,222298,32,256,4096,85,10,-inf,,-22.378394,-inf,-inf
1048576,1048576,2097152,0.106,222298,32,256,4096,85,11,-inf,,-24.616229,-inf,-inf
1048576,1048576,2097152,0.106,222298,32,256,4096,85,12,-inf,,-26.854064,-inf,-inf
1048576,1048576,2097152,0.106,222298,32,256,4096,85,13,-inf,,-29.091897,-inf,-inf
1048576,1048576,2097152,0.106,222298,32,256,4096,85,14,-inf,,-31.329731,-inf,-inf
1048576,1048576,2097152,0.106,222298,32,256,4096,85,15,-inf,,-33.567563,-inf,-inf
1048576,1048576,2097152,0.106,222298,32,256,4096,85,16,-inf,,-35.805394,-inf,-inf
1048576,1048576,2097152,0.106,222298,32,256,4096,85,17,-inf,,-38.043225,-inf,-inf
1048576,1048576,2097152,0.106,222298,32,256,4096,85,18,-inf,,-40.281055,-inf,-inf
1048576,1048576,2097152,0.106,222298,32,256,4096,85,19,-inf,,-42.518884,-inf,-inf
1048576,1048576,2097152,0.106,222298,32,256,4096,85,20,-inf,,-44.756712,-inf,-inf
1048576,1048576,2097152,0.106,222298,32,256,4096,85,21,-inf,,-46.994540,-inf,-inf
1048576,1048576,2097152,0.106,222298,32,256,4096,85,22,-inf,,-49.232366,-inf,-inf
1048576,1048576,2097152,0.106,222298,32,256,4096,85,23,-inf,,-51.470191,-inf,-inf
1048576,1048576,2097152,0.106,222298,32,256,4096,85,24,-inf,,-53.708016,-inf,-inf
1048576,1048576,2097152,0.106,222298,32,256,4096,85,25,-inf,,-55.945839,-inf,-inf
1048576,1048576,2097152,0.106,222298,32,256,4096,85,26,-inf,,-58.183662,-inf,-inf
1048576,1048576,2097152,0.106,222298,32,256,4096,85,27,-inf,,-60.421483,-inf,-inf
1048576,1048576,2097152,0.106,222298,32,256,4096,85,28,-inf,,-62.659303,-inf,-inf
1048576,1048576,2097152,0.106,222298,32,256,4096,85,29,-inf,,-64.897122,-inf,-inf
1048576,1048576,2097152,0.106,222298,32,256,4096,85,30,-inf,,-67.134939,-inf,-inf
1048576,1048576,2097152,0.106,222298,32,256,4096,85,31,-inf,,-69.372755,-inf,-inf
1048576,1048576,2097152,0.106,222298,32,256,4096,85,32,-inf,,-71.610569,-inf,-inf
1048576,1048576,2097152,0.106,222298,32,256,4096,85,33,-inf,,-73.848382,-inf,-inf
1048576,1048576,2097152,0.106,222298,32,256,4096,85,34,-inf,,-76.086193,-inf,-inf
1048576,1048576,2097152,0.106,222298,32,256,4096,85,35,-inf,,-78.324002,-inf,-inf
1048576,1048576,2097152,0.106,222298,32,256,4096,85,36,-inf,,-80.561808,-inf,-inf
1048576,1048576,2097152,0.106,222298,32,256,4096,85,37,-inf,,-82.799612,-inf,-inf
1048576,1048576,2097152,0.106,222298,32,256,4096,85,38,-inf,,-85.037414,-inf,-inf
1048576,1048576,2097152,0.106,222298,32,256,4096,85,39,-inf,,-87.275213,-inf,-inf
1048576,1048576,2097152,0.106,222298,32,256,4096,85,40,-inf,,-89.513008,-inf,-inf
1048576,1048576,2097152,0.106,222298,32,256,4096,85,41,-inf,,-91.750800,-inf,-inf
1048576,1048576,2097152,0.106,222298,32,256,4096,85,42,-inf,,-93.988588,-inf,-inf
1048576,1048576,2097152,0.106,222298,32,256,4096,85,43,-inf,,-96.226371,-inf,-inf
1048576,1048576,2097152,0.106,222298,32,256,4096,85,44,-inf,,-98.464149,-inf,-inf
1048576,1048576,2097152,0.106,222298,32,256,4096,85,45,-inf,,-100.701922,-inf,-inf
1048576,1048576,2097152,0.106,222298,32,256,4096,85,46,-inf,,-102.939689,-inf,-inf
1048576,1048576,2097152,0.106,222298,32,256,4096,85,47,-inf,,-105.177448,-inf,-inf
1048576,1048576,2097152,0.106,222298,32,256,4096,85,48,-inf,,-107.415200,-inf,-inf
1048576,1048576,2097152,0.106,222298,32,256,4096,85,49,-inf,,-109.652943,-inf,-inf
1048576,1048576,2097152,0.106,222298,32,256,4096,85,50,-inf,,-111.890676,-inf,-inf
1048576,1048576,2097152,0.106,222298,32,256,4096,85,51,-inf,,-114.128398,-inf,-inf
1048576,1048576,2097152,0.106,222298,32,256,4096,85,52,-inf,,-116.366107,-inf,-inf
1048576,1048576,2097152,0.106,222298,32,256,4096,85,53,-inf,,-118.603803,-inf,-inf
1048576,1048576,2097152,0.106,222298,32,256,4096,85,54,-inf,,-120.841482,-inf,-inf
1048576,1048576,2097152,0.106,222298,32,256,4096,85,55,-inf,,-123.079144,-inf,-inf
1048576,1048576,2097152,0.106,222298,32,256,4096,85,56,-inf,,-125.316785,-inf,-inf
1048576,1048576,2097152,0.106,222298,32,256,4096,85,57,-inf,,-127.554404,-inf,-inf
1048576,1048576,2097152,0.106,222298,32,256,4096,85,58,-inf,,-129.791997,-inf,-inf
1048576,1048576,2097152,0.106,222298,32,256,4096,85,59,-inf,,-132.029562,-inf,-inf
1048576,1048576,2097152,0.106,222298,32,256,4096,85,60,-inf,,-134.267094,-inf,-inf
1048576,1048576,2097152,0.106,222298,32,256,4096,85,61,-inf,,-136.504589,-inf,-inf
1048576,1048576,2097152,0.106,222298,32,256,4096,85,62,-inf,,-138.742043,-inf,-inf
1048576,1048576,2097152,0.106,222298,32,256,4096,85,63,-inf,,-140.979450,-inf,-inf
1048576,1048576,2097152,0.106,222298,32,256,4096,85,64,-inf,,-143.216806,-inf,-inf
1048576,1048576,2097152,0.106,222298,32,256,4096,85,65,-inf,,-145.454102,-inf,-inf
1048576,1048576,2097152,0.106,222298,32,256,4096,85,66,-inf,,-147.691331,-inf,-inf
1048576,1048576,2097152,0.106,222298,32,256,4096,85,67,-inf,,-149.928486,-inf,-inf
1048576,1048576,2097152,0.106,222298,32,256,4096,85,68,-inf,,-152.165557,-inf,-inf
1048576,1048576,2097152,0.106,222298,32,256,4096,85,69,-inf,,-154.402533,-inf,-inf
1048576,1048576,2097152,0.106,222298,32,256,4096,85,70,-inf,,-156.639403,-inf,-inf
1048576,1048576,2097152,0.106,222298,32,256,4096,85,71,-inf,,-158.876152,-inf,-inf
1048576,1048576,2097152,0.106,222298,32,256,4096,85,72,-inf,,-161.112767,-inf,-inf
1048576,1048576,2097152,0.106,222298,32,256,4096,85,73,-inf,,-163.349231,-inf,-inf
1048576,1048576,2097152,0.106,222298,32,256,4096,85,74,-inf,,-165.585524,-inf,-inf
1048576,1048576,2097152,0.106,222298,32,256,4096,85,75,-inf,,-167.821627,-inf,-inf
1048576,1048576,2097152,0.106,222298,32,256,4096,85,76,-inf,,-170.057515,-inf,-inf
1048576,1048576,2097152,0.106,222298,32,256,4096,85,77,-inf,,-172.293162,-inf,-inf
1048576,1048576,2097152,0.106,222298,32,256,4096,85,78,-inf,,-174.528540,-inf,-inf
1048576,1048576,2097152,0.106,222298,32,256,4096,85,79,-inf,,-176.763616,-inf,-inf
1048576,1048576,2097152,0.106,222298,32,256,4096,85,80,-inf,,-178.998353,-inf,-inf
1048576,1048576,2097152,0.106,222298,32,256,4096,85,81,-inf,,-181.232711,-inf,-inf
1048576,1048576,2097152,0.106,222298,32,256,4096,85,82,-inf,,-183.466646,-inf,-inf
1048576,1048576,2097152,0.106,222298,32,256,4096,85,83,-inf,,-185.700107,-inf,-inf
1048576,1048576,2097152,0.106,222298,32,256,4096,85,84,-inf,,-187.933039,-inf,-inf
1048576,1048576,2097152,0.106,222298,32,256,4096,85,85,267.999998,0.0936889471404,-190.165381,77.834617,77.834617
1048576,1048576,2097152,0.106,222298,32,256,4096,85,86,268.000000,,-192.397066,75.602934,78.113090
1048576,1048576,2097152,0.106,222298,32,256,4096,85,87,268.000000,,-194.628018,73.371982,78.166052
1048576,1048576,2097152,0.106,222298,32,256,4096,85,88,268.000000,,-196.858157,71.141843,78.177093
1048576,1048576,2097152,0.106,222298,32,256,4096,85,89,268.000000,,-199.087391,68.912609,78.179437
1048576,1048576,2097152,0.106,222298,32,256,4096,85,90,268.000000,,-201.315623,66.684377,78.179936
1048576,1048576,2097152,0.106,222298,32,256,4096,85,91,268.000000,,-203.542744,64.457256,78.180043
1048576,1048576,2097152,0.106,222298,32,256,4096,85,92,268.000000,,-205.768640,62.231360,78.180066
1048576,1048576,2097152,0.106,222298,32,256,4096,85,93,268.000000,,-207.993180,60.006820,78.180071
1048576,1048576,2097152,0.106,222298,32,256,4096,85,94,268.000000,,-210.216231,57.783769,78.180072
1048576,1048576,2097152,0.106,222298,32,256,4096,85,95,268.000000,,-212.437643,55.562357,78.180072
1048576,1048576,2097152,0.106,222298,32,256,4096,85,96,268.000000,,-214.657262,53.342738,78.180072
1048576,1048576,2097152,0.106,222298,32,256,4096,85,97,268.000000,,-216.874919,51.125081,78.180072
1048576,1048576,2097152,0.106,222298,32,256,4096,85,98,268.000000,,-219.090440,48.909560,78.180072
1048576,1048576,2097152,0.106,222298,32,256,4096,85,99,268.000000,,-221.303637,46.696363,78.180072
1048576,1048576,2097152,0.106,222298,32,256,4096,85,100,268.000000,,-223.514322,44.485678,78.180072
1048576,1048576,2097152,0.106,222298,32,256,4096,85,101,268.000000,,-225.722292,42.277708,78.180072
1048576,1048576,2097152,0.106,222298,32,256,4096,85,102,268.000000,,-227.927350,40.072650,78.180072
1048576,1048576,2097152,0.106,222298,32,256,4096,85,103,268.000000,,-230.129288,37.870712,78.180072
1048576,1048576,2097152,0.106,222298,32,256,4096,85,104,268.000000,,-232.327903,35.672097,78.180072
1048576,1048576,2097152,0.106,222298,32,256,4096,85,105,268.000000,,-234.522998,33.477002,78.180072
1048576,1048576,2097152,0.106,222298,32,256,4096,85,106,268.000000,,-236.714376,31.285624,78.180072
1048576,1048576,2097152,0.106,222298,32,256,4096,85,107,268.000000,,-238.901855,29.098145,78.180072
1048576,1048576,2097152,0.106,222298,32,256,4096,85,108,268.000000,,-241.085269,26.914731,78.180072
1048576,1048576,2097152,0.106,222298,32,256,4096,85,109,268.000000,,-243.264462,24.735538,78.180072
1048576,1048576,2097152,0.106,222298,32,256,4096,85,110,268.000000,,-245.439303,22.560697,78.180072
1048576,1048576,2097152,0.106,222298,32,256,4096,85,111,268.000000,,-247.609688,20.390312,78.180072
1048576,1048576,2097152,0.106,222298,32,256,4096,85,112,268.000000,,-249.775532,18.224468,78.180072
1048576,1048576,2097152,0.106,222298,32,256,4096,85,113,268.000000,,-251.936783,16.063217,78.180072
1048576,1048576,2097152,0.106,222298,32,256,4096,85,114,268.000000,,-254.093421,13.906579,78.180072
1048576,1048576,2097152,0.106,222298,32,256,4096,85,115,268.000000,,-256.245448,11.754552,78.180072
1048576,1048576,2097152,0.106,222298,32,256,4096,85,116,268.000000,,-258.392905,9.607095,78.180072
1048576,1048576,2097152,0.106,222298,32,256,4096,85,117,268.000000,,-260.535860,7.464140,78.180072
1048576,1048576,2097152,0.106,222298,32,256,4096,85,118,268.000000,,-262.674404,5.325596,78.180072
1048576,1048576,2097152,0.106,222298,32,256,4096,85,119,268.000000,,-264.808660,3.191340,78.180072
1048576,1048576,2097152,0.106,222298,32,256,4096,85,120,268.000000,,-266.938772,1.061228,78.180072
1048576,1048576,2097152,0.106,222298,32,256,4096,85,121,268.000000,,-269.064898,-1.064898,78.180072
1048576,1048576,2097152,0.106,222298,32,256,4096,85,122,268.000000,,-271.187219,-3.187219,78.180072
1048576,1048576,2097152,0.106,222298,32,256,4096,85,123,268.000000,,-273.305926,-5.305926,78.180072
1048576,1048576,2097152,0.106,222298,32,256,4096,85,124,268.000000,,-275.421216,-7.421216,78.180072
1048576,1048576,2097152,0.106,222298,32,256,4096,85,125,268.000000,,-277.533295,-9.533295,78.180072
1048576,1048576,2097152,0.106,222298,32,256,4096,85,126,268.000000,,-279.642372,-11.642372,78.180072
1048576,1048576,2097152,0.106,222298,32,256,4096,85,127,268.000000,,-281.748651,-13.748651,78.180072
1048576,1048576,2097152,0.106,222298,32,256,4096,85,128,268.000000,,-283.852337,-15.852337,78.180072
1048576,1048576,2097152,0.106,222298,32,256,4096,85,129,268.000000,,-285.953631,-17.953631,78.180072
1048576,1048576,2097152,0.106,222298,32,256,4096,85,130,268.000000,,-288.052724,-20.052724,78.180072
1048576,1048576,2097152,0.106,222298,32,256,4096,85,131,268.000000,,-290.149799,-22.149799,78.180072
1048576,1048576,2097152,0.106,222298,32,256,4096,85,132,268.000000,,-292.245035,-24.245035,78.180072
1048576,1048576,2097152,0.106,222298,32,256,4096,85,133,268.000000,,-294.338595,-26.338595,78.180072
1048576,1048576,2097152,0.106,222298,32,256,4096,85,134,268.000000,,-296.430636,-28.430636,78.180072
1048576,1048576,2097152,0.106,222298,32,256,4096,85,135,268.000000,,-298.521304,-30.521304,78.180072
1048576,1048576,2097152,0.106,222298,32,256,4096,85,136,268.000000,,-300.610733,-32.610733,78.180072
1048576,1048576,2097152,0.106,222298,32,256,4096,85,137,268.000000,,-302.699049,-34.699049,78.180072
1048576,1048576,2097152,0.106,222298,32,256,4096,85,138,268.000000,,-304.786369,-36.786369,78.180072
1048576,1048576,2097152,0.106,222298,32,256,4096,85,139,268.000000,,-306.872797,-38.872797,78.180072
1048576,1048576,2097152,0.106,222298,32,256,4096,85,140,268.000000,,-308.958431,-40.958431,78.180072
1048576,1048576,2097152,0.106,222298,32,256,4096,85,141,268.000000,,-311.043360,-43.043360,78.180072
1048576,1048576,2097152,0.106,222298,32,256,4096,85,142,268.000000,,-313.127665,-45.127665,78.180072
1048576,1048576,2097152,0.106,222298,32,256,4096,85,143,268.000000,,-315.211418,-47.211418,78.180072
1048576,1048576,2097152,0.106,222298,32,256,4096,85,144,268.000000,,-317.294688,-49.294688,78.180072
1048576,1048576,2097152,0.106,222298,32,256,4096,85,145,268.000000,,-319.377534,-51.377534,78.180072
1048576,1048576,2097152,0.106,222298,32,256,4096,85,146,268.000000,,-321.460010,-53.460010,78.180072
1048576,1048576,2097152,0.106,222298,32,256,4096,85,147,268.000000,,-323.542166,-55.542166,78.180072
1048576,1048576,2097152,0.106,222298,32,256,4096,85,148,268.000000,,-325.624045,-57.624045,78.180072
1048576,1048576,2097152,0.106,222298,32,256,4096,85,149,268.000000,,-327.705688,-59.705688,78.180072
1048576,1048576,2097152,0.106,222298,32,256,4096,85,150,268.000000,,-329.787131,-61.787131,78.180072
1048576,1048576,2097152,0.106,222298,32,256,4096,85,151,268.000000,,-331.868404,-63.868404,78.180072
1048576,1048576,2097152,0.106,222298,32,256,4096,85,152,268.000000,,-333.949538,-65.949538,78.180072
1048576,1048576,2097152,0.106,222298,32,256,4096,85,153,268.000000,,-336.030557,-68.030557,78.180072
1048576,1048576,2097152,0.106,222298,32,256,4096,85,154,268.000000,,-338.111485,-70.111485,78.180072
1048576,1048576,2097152,0.106,222298,32,256,4096,85,155,268.000000,,-340.192342,-72.192342,78.180072
1048576,1048576,2097152,0.106,222298,32,256,4096,85,156,268.000000,,-342.273146,-74.273146,78.180072
1048576,1048576,2097152,0.106,222298,32,256,4096,85,157,268.000000,,-344.353915,-76.353915,78.180072
1048576,1048576,2097152,0.106,222298,32,256,4096,85,158,268.000000,,-346.434661,-78.434661,78.180072
1048576,1048576,2097152,0.106,222298,32,256,4096,85,159,268.000000,,-348.515398,-80.515398,78.180072
1048576,1048576,2097152,0.106,222298,32,256,4096,85,160,268.000000,,-350.596137,-82.596137,78.180072
1048576,1048576,2097152,0.106,222298,32,256,4096,85,161,268.000000,,-352.676889,-84.676889,78.180072
1048576,1048576,2097152,0.106,222298,32,256,4096,85,162,268.000000,,-354.757663,-86.757663,78.180072
1048576,1048576,2097152,0.106,222298,32,256,4096,85,163,268.000000,,-356.838466,-88.838466,78.180072
1048576,1048576,2097152,0.106,222298,32,256,4096,85,164,268.000000,,-358.919305,-90.919305,78.180072
1048576,1048576,2097152,0.106,222298,32,256,4096,85,165,268.000000,,-361.000187,-93.000187,78.180072
1048576,1048576,2097152,0.106,222298,32,256,4096,85,166,268.000000,,-363.081117,-95.081117,78.180072
1048576,1048576,2097152,0.106,222298,32,256,4096,85,167,268.000000,,-365.162100,-97.162100,78.180072
1048576,1048576,2097152,0.106,222298,32,256,4096,85,168,268.000000,,-367.243139,-99.243139,78.180072
1048576,1048576,2097152,0.106,222298,32,256,4096,85,169,268.000000,,-369.324239,-101.324239,78.180072
1048576,1048576,2097152,0.106,222298,32,256,4096,85,170,540.848801,0.115098318361,-371.405403,169.443398,169.443398
1048576,1048576,2097152,0.106,222298,32,256,4096,85,171,543.967863,0.115098318361,-373.486633,170.481230,171.053692
1048576,1048576,2097152,0.106,222298,32,256,4096,85,172,547.086924,0.115098318361,-375.567932,171.518992,172.305020
1048576,1048576,2097152,0.106,222298,32,256,4096,85,173,550.205985,0.115098318361,-377.649301,172.556684,173.436333
1048576,1048576,2097152,0.106,222298,32,256,4096,85,174,553.325047,0.115098318361,-379.730743,173.594304,174.517479
1048576,1048576,2097152,0.106,222298,32,256,4096,85,175,556.444108,0.115098318361,-381.812258,174.631850,175.575798
1048576,1048576,2097152,0.106,222298,32,256,4096,85,176,559.563169,0.115098318361,-383.893849,175.669321,176.623317
1048576,1048576,2097152,0.106,222298,32,256,4096,85,177,562.682231,0.115098318361,-385.975515,176.706716,177.665619
1048576,1048576,2097152,0.106,222298,32,256,4096,85,178,565.801292,0.115098318361,-388.057258,177.744034,178.705359
1048576,1048576,2097152,0.106,222298,32,256,4096,85,179,568.920353,0.115098318361,-390.139078,178.781275,179.743816
1048576,1048576,2097152,0.106,222298,32,256,4096,85,180,572.039415,0.115098318361,-392.220977,179.818438,180.781610
1048576,1048576,2097152,0.106,222298,32,256,4096,85,181,575.158476,0.115098318361,-394.302953,180.855523,181.819040
1048576,1048576,2097152,0.106,222298,32,256,4096,85,182,578.277537,0.115098318361,-396.385007,181.892530,182.856253
1048576,1048576,2097152,0.106,222298,32,256,4096,85,183,581.396599,0.115098318361,-398.467140,182.929459,183.893320
1048576,1048576,2097152,0.106,222298,32,256,4096,85,184,584.515660,0.115098318361,-400.549352,183.966309,184.930276
1048576,1048576,2097152,0.106,222298,32,256,4096,85,185,587.634721,0.115098318361,-402.631641,185.003080,185.967137
1048576,1048576,2097152,0.106,222298,32,256,4096,85,186,590.753783,0.115098318361,-404.714009,186.039773,187.003912
1048576,1048576,2097152,0.106,222298,32,256,4096,85,187,593.872844,0.115098318361,-406.796455,187.076389,188.040606
1048576,1048576,2097152,0.106,222298,32,256,4096,85,188,596.991906,0.115098318361,-408.878979,188.112926,189.077219
1048576,1048576,2097152,0.106,222298,32,256,4096,85,189,600.110967,0.115098318361,-410.961581,189.149386,190.113754
1048576,1048576,2097152,0.106,222298,32,256,4096,85,190,603.230028,0.115098318361,-413.044259,190.185769,191.150211
1048576,1048576,2097152,0.106,222298,32,256,4096,85,191,606.349090,0.115098318361,-415.127014,191.222075,192.186590
1048576,1048576,2097152,0.106,222298,32,256,4096,85,192,609.468151,0.115098318361,-417.209846,192.258305,193.222893
1048576,1048576,2097152,0.106,222298,32,256,4096,85,193,612.587212,0.115098318361,-419.292754,193.294459,194.259120
1048576,1048576,2097152,0.106,222298,32,256,4096,85,194,615.706274,0.115098318361,-421.375737,194.330537,195.295270
1048576,1048576,2097152,0.106,222298,32,256,4096,85,195,618.825335,0.115098318361,-423.458795,195.366540,196.331345
1048576,1048576,2097152,0.106,222298,32,256,4096,85,196,621.944396,0.115098318361,-425.541927,196.402469,197.367345
1048576,1048576,2097152,0.106,222298,32,256,4096,85,197,625.063458,0.115098318361,-427.625134,197.438324,198.403271
1048576,1048576,2097152,0.106,222298,32,256,4096,85,198,628.182519,0.115098318361,-429.708413,198.474106,199.439123
1048576,1048576,2097152,0.106,222298,32,256,4096,85,199,631.301580,0.115098318361,-431.791766,199.509814,200.474902
1048576,1048576,2097152,0.106,222298,32,256,4096,85,200,634.420642,0.115098318361,-433.875191,200.545450,201.510607
1048576,1048576,2097152,0.106,222298,32,256,4096,85,201,637.539703,0.115098318361,-435.958688,201.581015,202.546240
1048576,1048576,2097152,0.106,222298,32,256,4096,85,202,640.658764,0.115098318361,-438.042256,202.616508,203.581802
1048576,1048576,2097152,0.106,222298,32,256,4096,85,203,643.777826,0.115098318361,-440.125895,203.651930,204.617292
1048576,1048576,2097152,0.106,222298,32,256,4096,85,204,646.896887,0.115098318361,-442.209604,204.687283,205.652712
1048576,1048576,2097152,0.106,222298,32,256,4096,85,205,650.015948,0.115098318361,-444.293383,205.722566,206.688061
1048576,1048576,2097152,0.106,222298,32,256,4096,85,206,653.135010,0.115098318361,-446.377230,206.757779,207.723341
1048576,1048576,2097152,0.106,222298,32,256,4096,85,207,656.254071,0.115098318361,-448.461146,207.792925,208.758553
1048576,1048576,2097152,0.106,222298,32,256,4096,85,208,659.373132,0.115098318361,-450.545130,208.828002,209.793695
1048576,1048576,2097152,0.106,222298,32,256,4096,85,209,662.492194,0.115098318361,-452.629181,209.863012,210.828770
1048576,1048576,2097152,0.106,222298,32,256,4096,85,210,665.611255,0.115098318361,-454.713299,210.897956,211.863778
1048576,1048576,2097152,0.106,222298,32,256,4096,85,211,668.730316,0.115098318361,-456.797483,211.932833,212.898718
1048576,1048576,2097152,0.106,222298,32,256,4096,85,212,671.849378,0.115098318361,-458.881733,212.967644,213.933593
1048576,1048576,2097152,0.106,222298,32,256,4096,85,213,674.968439,0.115098318361,-460.966048,214.002391,214.968402
1048576,1048576,2097152,0.106,222298,32,256,4096,85,214,678.087500,0.115098318361,-463.050428,215.037073,216.003146
1048576,1048576,2097152,0.106,222298,32,256,4096,85,215,681.206562,0.115098318361,-465.134871,216.071691,217.037825
1048576,1048576,2097152,0.106,222298,32,256,4096,85,216,684.325623,0.115098318361,-467.219378,217.106245,218.072441
1048576,1048576,2097152,0.106,222298,32,256,4096,85,217,687.444684,0.115098318361,-469.303948,218.140736,219.106993
1048576,1048576,2097152,0.106,222298,32,256,4096,85,218,690.563746,0.115098318361,-471.388581,219.175165,220.141481
1048576,1048576,2097152,0.106,222298,32,256,4096,85,219,693.682807,0.115098318361,-473.473275,220.209532,221.175908
1048576,1048576,2097152,0.106,222298,32,256,4096,85,220,696.801868,0.115098318361,-475.558031,221.243838,222.210273
1048576,1048576,2097152,0.106,222298,32,256,4096,90,1,-inf,,-2.237843,-inf,-inf
1048576,1048576,2097152,0.106,222298,32,256,4096,90,2,-inf,,-4.475684,-inf,-inf
1048576,1048576,2097152,0.106,222298,32,256,4096,90,3,-inf,,-6.713526,-inf,-inf
1048576,1048576,2097152,0.106,222298,32,256,4096,90,4,-inf,,-8.951366,-inf,-inf
1048576,1048576,2097152,0.106,222298,32,256,4096,90,5,-inf,,-11.189206,-inf,-inf
1048576,1048576,2097152,0.106,222298,32,256,4096,90,6,-inf,,-13.427045,-inf,-inf
1048576,1048576,2097152,0.106,222298,32,256,4096,90,7,-inf,,-15.664883,-inf,-inf
1048576,1048576,2097152,0.106,222298,32,256,4096,90,8,-inf,,-17.902721,-inf,-inf
1048576,1048576,2097152,0.106,222298,32,256,4096,90,9,-inf,,-20.140558,-inf,-inf
1048576,1048576,2097152,0.106,222298,32,256,4096,90,10,-inf,,-22.378394,-inf,-inf
1048576,1048576,2097152,0.106,222298,32,256,4096,90,11,-inf,,-24.616229,-inf,-inf
1048576,1048576,2097152,0.106,222298,32,256,4096,90,12,-inf,,-26.854064,-inf,-inf
1048576,1048576,2097152,0.106,222298,32,256,4096,90,13,-inf,,-29.091897,-inf,-inf
1048576,1048576,2097152,0.106,222298,32,256,4096,90,14,-inf,,-31.329731,-inf,-inf
1048576,1048576,2097152,0.106,222298,32,256,4096,90,15,-inf,,-33.567563,-inf,-inf
1048576,1048576,2097152,0.106,222298,32,256,4096,90,16,-inf,,-35.805394,-inf,-inf
1048576,1048576,2097152,0.106,222298,32,256,4096,90,17,-inf,,-38.043225,-inf,-inf
1048576,1048576,2097152,0.106,222298,32,256,4096,90,18,-inf,,-40.281055,-inf,-inf
1048576,1048576,2097152,0.106,222298,32,256,4096,90,19,-inf,,-42.518884,-inf,-inf
1048576,1048576,2097152,0.106,222298,32,256,4096,90,20,-inf,,-44.756712,-inf,-inf
1048576,1048576,2097152,0.106,222298,32,256,4096,90,21,-inf,,-46.994540,-inf,-inf
1048576,1048576,2097152,0.106,222298,32,256,4096,90,22,-inf,,-49.232366,-inf,-inf
1048576,1048576,2097152,0.106,222298,32,256,4096,90,23,-inf,,-51.470191,-inf,-inf
1048576,1048576,2097152,0.106,222298,32,256,4096,90,24,-inf,,-53.708016,-inf,-inf
1048576,1048576,2097152,0.106,222298,32,256,4096,90,25,-inf,,-55.945839,-inf,-inf
1048576,1048576,2097152,0.106,222298,32,256,4096,90,26,-inf,,-58.183662,-inf,-inf
1048576,1048576,2097152,0.106,222298,32,256,4096,90,27,-inf,,-60.421483,-inf,-inf
1048576,1048576,2097152,0.106,222298,32,256,4096,90,28,-inf,,-62.659303,-inf,-inf
1048576,1048576,2097152,0.106,222298,32,256,4096,90,29,-inf,,-64.897122,-inf,-inf
1048576,1048576,2097152,0.106,222298,32,256,4096,90,30,-inf,,-67.134939,-inf,-inf
1048576,1048576,2097152,0.106,222298,32,256,4096,90,31,-inf,,-69.372755,-inf,-inf
1048576,1048576,2097152,0.106,222298,32,256,4096,90,32,-inf,,-71.610569,-inf,-inf
1048576,1048576,2097152,0.106,222298,32,256,4096,90,33,-inf,,-73.848382,-inf,-inf
1048576,1048576,2097152,0.106,222298,32,256,4096,90,34,-inf,,-76.086193,-inf,-inf
1048576,1048576,2097152,0.106,222298,32,256,4096,90,35,-inf,,-78.324002,-inf,-inf
1048576,1048576,2097152,0.106,222298,32,256,4096,90,36,-inf,,-80.561808,-inf,-inf
1048576,1048576,2097152,0.106,222298,32,256,4096,90,37,-inf,,-82.799612,-inf,-inf
1048576,1048576,2097152,0.106,222298,32,256,4096,90,38,-inf,,-85.037414,-inf,-inf
1048576,1048576,2097152,0.106,222298,32,256,4096,90,39,-inf,,-87.275213,-inf,-inf
1048576,1048576,2097152,0.106,222298,32,256,4096,90,40,-inf,,-89.513008,-inf,-inf
1048576,1048576,2097152,0.106,222298,32,256,4096,90,41,-inf,,-91.750800,-inf,-inf
1048576,1048576,2097152,0.106,222298,32,256,4096,90,42,-inf,,-93.988588,-inf,-inf
1048576,1048576,2097152,0.106,222298,32,256,4096,90,43,-inf,,-96.226371,-inf,-inf
1048576,1048576,2097152,0.106,222298,32,256,4096,90,44,-inf,,-98.464149,-inf,-inf
1048576,1048576,2097152,0.106,222298,32,256,4096,90,45,-inf,,-100.701922,-inf,-inf
1048576,1048576,2097152,0.106,222298,32,256,4096,90,46,-inf,,-102.939689,-inf,-inf
1048576,1048576,2097152,0.106,222298,32,256,4096,90,47,-inf,,-105.177448,-inf,-inf
1048576,1048576,2097152,0.106,222298,32,256,4096,90,48,-inf,,-107.415200,-inf,-inf
1048576,1048576,2097152,0.106,222298,32,256,4096,90,49,-inf,,-109.652943,-inf,-inf
1048576,1048576,2097152,0.106,222298,32,256,4096,90,50,-inf,,-111.890676,-inf,-inf
1048576,1048576,2097152,0.106,222298,32,256,4096,90,51,-inf,,-114.128398,-inf,-inf
1048576,1048576,2097152,0.106,222298,32,256,4096,90,52,-inf,,-116.366107,-inf,-inf
1048576,1048576,2097152,0.106,222298,32,256,4096,90,53,-inf,,-118.603803,-inf,-inf
1048576,1048576,2097152,0.106,222298,32,256,4096,90,54,-inf,,-120.841482,-inf,-inf
1048576,1048576,2097152,0.106,222298,32,256,4096,90,55,-inf,,-123.079144,-inf,-inf
1048576,1048576,2097152,0.106,222298,32,256,4096,90,56,-inf,,-125.316785,-inf,-inf
1048576,1048576,2097152,0.106,222298,32,256,4096,90,57,-inf,,-127.554404,-inf,-inf
1048576,1048576,2097152,0.106,222298,32,256,4096,90,58,-inf,,-129.791997,-inf,-inf
1048576,1048576,2097152,0.106,222298,32,256,4096,90,59,-inf,,-132.029562,-inf,-inf
1048576,1048576,2097152,0.106,222298,32,256,4096,90,60,-inf,,-134.267094,-inf,-inf
1048576,1048576,2097152,0.106,222298,32,256,4096,90,61,-inf,,-136.504589,-inf,-inf
1048576,1048576,2097152,0.106,222298,32,256,4096,90,62,-inf,,-138.742043,-inf,-inf
1048576,1048576,2097152,0.106,222298,32,256,4096,90,63,-inf,,-140.979450,-inf,-inf
1048576,1048576,2097152,0.106,222298,32,256,4096,90,64,-inf,,-143.216806,-inf,-inf
1048576,1048576,2097152,0.106,222298,32,256,4096,90,65,-inf,,-145.454102,-inf,-inf
1048576,1048576,2097152,0.106,222298,32,256,4096,90,66,-inf,,-147.691331,-inf,-inf
1048576,1048576,2097152,0.106,222298,32,256,4096,90,67,-inf,,-149.928486,-inf,-inf
1048576,1048576,2097152,0.106,222298,32,256,4096,90,68,-inf,,-152.165557,-inf,-inf
1048576,1048576,2097152,0.106,222298,32,256,4096,90,69,-inf,,-154.402533,-inf,-inf
1048576,1048576,2097152,0.106,222298,32,256,4096,90,70,-inf,,-156.639403,-inf,-inf
1048576,1048576,2097152,0.106,222298,32,256,4096,90,71,-inf,,-158.876152,-inf,-inf
1048576,1048576,2097152,0.106,222298,32,256,4096,90,72,-inf,,-161.112767,-inf,-inf
1048576,1048576,2097152,0.106,222298,32,256,4096,90,73,-inf,,-163.349231,-inf,-inf
1048576,1048576,2097152,0.106,222298,32,256,4096,90,74,-inf,,-165.585524,-inf,-inf
1048576,1048576,2097152,0.106,222298,32,256,4096,90,75,-inf,,-167.821627,-inf,-inf
1048576,1048576,2097152,0.106,222298,32,256,4096,90,76,-inf,,-170.057515,-inf,-inf
1048576,1048576,2097152,0.106,222298,32,256,4096,90,77,-inf,,-172.293162,-inf,-inf
1048576,1048576,2097152,0.106,222298,32,256,4096,90,78,-inf,,-174.528540,-inf,-inf
1048576,1048576,2097152,0.106,222298,32,256,4096,90,79,-inf,,-176.763616,-inf,-inf
1048576,1048576,2097152,0.106,222298,32,256,4096,90,80,-inf,,-178.998353,-inf,-inf
1048576,1048576,2097152,0.106,222298,32,256,4096,90,81,-inf,,-181.232711,-inf,-inf
1048576,1048576,2097152,0.106,222298,32,256,4096,90,82,-inf,,-183.466646,-inf,-inf
1048576,1048576,2097152,0.106,222298,32,256,4096,90,83,-inf,,-185.700107,-inf,-inf
1048576,1048576,2097152,0.106,222298,32,256,4096,90,84,-inf,,-187.933039,-inf,-inf
1048576,1048576,2097152,0.106,222298,32,256,4096,90,85,-inf,,-190.165381,-inf,-inf
1048576,1048576,2097152,0.106,222298,32,256,4096,90,86,-inf,,-192.397066,-inf,-inf
1048576,1048576,2097152,0.106,222298,32,256,4096,90,87,-inf,,-194.628018,-inf,-inf
1048576,1048576,2097152,0.106,222298,32,256,4096,90,88,-inf,,-196.858157,-inf,-inf
1048576,1048576,2097152,0.106,222298,32,256,4096,90,89,-inf,,-199.087391,-inf,-inf
1048576,1048576,2097152,0.106,222298,32,256,4096,90,90,267.437960,0.0936889471404,-201.315623,66.122337,66.122337
1048576,1048576,2097152,0.106,222298,32,256,4096,90,91,268.000000,,-203.542744,64.457256,66.517758
1048576,1048576,2097152,0.106,222298,32,256,4096,90,92,268.000000,,-205.768640,62.231360,66.589859
1048576,1048576,2097152,0.106,222298,32,256,4096,90,93,268.000000,,-207.993180,60.006820,66.604829
1048576,1048576,2097152,0.106,222298,32,256,4096,90,94,268.000000,,-210.216231,57.783769,66.608016
1048576,1048576,2097152,0.106,222298,32,256,4096,90,95,268.000000,,-212.437643,55.562357,66.608698
1048576,1048576,2097152,0.106,222298,32,256,4096,90,96,268.000000,,-214.657262,53.342738,66.608844
1048576,1048576,2097152,0.106,222298,32,256,4096,90,97,268.000000,,-216.874919,51.125081,66.608876
1048576,1048576,2097152,0.106,222298,32,256,4096,90,98,268.000000,,-219.090440,48.909560,66.608883
1048576,1048576,2097152,0.106,222298,32,256,4096,90,99,268.000000,,-221.303637,46.696363,66.608884
1048576,1048576,2097152,0.106,222298,32,256,4096,90,100,268.000000,,-223.514322,44.485678,66.608884
1048576,1048576,2097152,0.106,222298,32,256,4096,90,101,268.000000,,-225.722292,42.277708,66.608884
1048576,1048576,2097152,0.106,222298,32,256,4096,90,102,268.000000,,-227.927350,40.072650,66.608885
1048576,1048576,2097152,0.106,222298,32,256,4096,90,103,268.000000,,-230.129288,37.870712,66.608885
1048576,1048576,2097152,0.106,222298,32,256,4096,90,104,268.000000,,-232.327903,35.672097,66.608885
1048576,1048576,2097152,0.106,222298,32,256,4096,90,105,268.000000,,-234.522998,33.477002,66.608885
1048576,1048576,2097152,0.106,222298,32,256,4096,90,106,268.000000,,-236.714376,31.285624,66.608885
1048576,1048576,2097152,0.106,222298,32,256,4096,90,107,268.000000,,-238.901855,29.098145,66.608885
1048576,1048576,2097152,0.106,222298,32,256,4096,90,108,268.000000,,-241.085269,26.914731,66.608885
1048576,1048576,2097152,0.106,222298,32,256,4096,90,109,268.000000,,-243.264462,24.735538,66.608885
1048576,1048576,2097152,0.106,222298,32,256,4096,90,110,268.000000,,-245.439303,22.560697,66.608885
1048576,1048576,2097152,0.106,222298,32,256,4096,90,111,268.000000,,-247.609688,20.390312,66.608885
1048576,1048576,2097152,0.106,222298,32,256,4096,90,112,268.000000,,-249.775532,18.224468,66.608885
1048576,1048576,2097152,0.106,222298,32,256,4096,90,113,268.000000,,-251.936783,16.063217,66.608885
1048576,1048576,2097152,0.106,222298,32,256,4096,90,114,268.000000,,-254.093421,13.906579,66.608885
1048576,1048576,2097152,0.106,222298,32,256,4096,90,115,268.000000,,-256.245448,11.754552,66.608885
1048576,1048576,2097152,0.106,222298,32,256,4096,90,116,268.000000,,-258.392905,9.607095,66.608885
1048576,1048576,2097152,0.106,222298,32,256,4096,90,117,268.000000,,-260.535860,7.464140,66.608885
1048576,1048576,2097152,0.106,222298,32,256,4096,90,118,268.000000,,-262.674404,5.325596,66.608885
1048576,1048576,2097152,0.106,222298,32,256,4096,90,119,268.000000,,-264.808660,3.191340,66.608885
1048576,1048576,2097152,0.106,222298,32,256,4096,90,120,268.000000,,-266.938772,1.061228,66.608885
1048576,1048576,2097152,0.106,222298,32,256,4096,90,121,268.000000,,-269.064898,-1.064898,66.608885
1048576,1048576,2097152,0.106,222298,32,256,4096,90,122,268.000000,,-271.187219,-3.187219,66.608885
1048576,1048576,2097152,0.106,222298,32,256,4096,90,123,268.000000,,-273.305926,-5.305926,66.608885
1048576,1048576,2097152,0.106,222298,32,256,4096,90,124,268.000000,,-275.421216,-7.421216,66.608885
1048576,1048576,2097152,0.106,222298,32,256,4096,90,125,268.000000,,-277.533295,-9.533295,66.608885
1048576,1048576,2097152,0.106,222298,32,256,4096,90,126,268.000000,,-279.642372,-11.642372,66.608885
1048576,1048576,2097152,0.106,222298,32,256,4096,90,127,268.000000,,-281.748651,-13.748651,66.608885
1048576,1048576,2097152,0.106,222298,32,256,4096,90,128,268.000000,,-283.852337,-15.852337,66.608885
1048576,1048576,2097152,0.106,222298,32,256,4096,90,129,268.000000,,-285.953631,-17.953631,66.608885
1048576,1048576,2097152,0.106,222298,32,256,4096,90,130,268.000000,,-288.052724,-20.052724,66.608885
1048576,1048576,2097152,0.106,222298,32,256,4096,90,131,268.000000,,-290.149799,-22.149799,66.608885
1048576,1048576,2097152,0.106,222298,32,256,4096,90,132,268.000000,,-292.245035,-24.245035,66.608885
1048576,1048576,2097152,0.106,222298,32,256,4096,90,133,268.000000,,-294.338595,-26.338595,66.608885
1048576,1048576,2097152,0.106,222298,32,256,4096,90,134,268.000000,,-296.430636,-28.430636,66.608885
1048576,1048576,2097152,0.106,222298,32,256,4096,90,135,268.000000,,-298.521304,-30.521304,66.608885
1048576,1048576,2097152,0.106,222298,32,256,4096,90,136,268.000000,,-300.610733,-32.610733,66.608885
1048576,1048576,2097152,0.106,222298,32,256,4096,90,137,268.000000,,-302.699049,-34.699049,66.608885
1048576,1048576,2097152,0.106,222298,32,256,4096,90,138,268.000000,,-304.786369,-36.786369,66.608885
1048576,1048576,2097152,0.106,222298,32,256,4096,90,139,268.000000,,-306.872797,-38.872797,66.608885
1048576,1048576,2097152,0.106,222298,32,256,4096,90,140,268.000000,,-308.958431,-40.958431,66.608885
1048576,1048576,2097152,0.106,222298,32,256,4096,90,141,268.000000,,-311.043360,-43.043360,66.608885
1048576,1048576,2097152,0.106,222298,32,256,4096,90,142,268.000000,,-313.127665,-45.127665,66.608885
1048576,1048576,2097152,0.106,222298,32,256,4096,90,143,268.000000,,-315.211418,-47.211418,66.608885
1048576,1048576,2097152,0.106,222298,32,256,4096,90,144,268.000000,,-317.294688,-49.294688,66.608885
1048576,1048576,2097152,0.106,222298,32,256,4096,90,145,268.000000,,-319.377534,-51.377534,66.608885
1048576,1048576,2097152,0.106,222298,32,256,4096,90,146,268.000000,,-321.460010,-53.460010,66.608885
1048576,1048576,2097152,0.106,222298,32,256,4096,90,147,268.000000,,-323.542166,-55.542166,66.608885
1048576,1048576,2097152,0.106,222298,32,256,4096,90,148,268.000000,,-325.624045,-57.624045,66.608885
1048576,1048576,2097152,0.106,222298,32,256,4096,90,149,268.000000,,-327.705688,-59.705688,66.608885
1048576,1048576,2097152,0.106,222298,32,256,4096,90,150,268.000000,,-329.787131,-61.787131,66.608885
1048576,1048576,2097152,0.106,222298,32,256,4096,90,151,268.000000,,-331.868404,-63.868404,66.608885
1048576,1048576,2097152,0.106,222298,32,256,4096,90,152,268.000000,,-333.949538,-65.949538,66.608885
1048576,1048576,2097152,0.106,222298,32,256,4096,90,153,268.000000,,-336.030557,-68.030557,66.608885
1048576,1048576,2097152,0.106,222298,32,256,4096,90,154,268.000000,,-338.111485,-70.111485,66.608885
1048576,1048576,2097152,0.106,222298,32,256,4096,90,155,268.000000,,-340.192342,-72.192342,66.608885
1048576,1048576,2097152,0.106,222298,32,256,4096,90,156,268.000000,,-342.273146,-74.273146,66.608885
1048576,1048576,2097152,0.106,222298,32,256,4096,90,157,268.000000,,-344.353915,-76.353915,66.608885
1048576,1048576,2097152,0.106,222298,32,256,4096,90,158,268.000000,,-346.434661,-78.434661,66.608885
1048576,1048576,2097152,0.106,222298,32,256,4096,90,159,268.000000,,-348.515398,-80.515398,66.608885
1048576,1048576,2097152,0.106,222298,32,256,4096,90,160,268.000000,,-350.596137,-82.596137,66.608885
1048576,1048576,2097152,0.106,222298,32,256,4096,90,161,268.000000,,-352.676889,-84.676889,66.608885
1048576,1048576,2097152,0.106,222298,32,256,4096,90,162,268.000000,,-354.757663,-86.757663,66.608885
1048576,1048576,2097152,0.106,222298,32,256,4096,90,163,268.000000,,-356.838466,-88.838466,66.608885
1048576,1048576,2097152,0.106,222298,32,256,4096,90,164,268.000000,,-358.919305,-90.919305,66.608885
1048576,1048576,2097152,0.106,222298,32,256,4096,90,165,268.000000,,-361.000187,-93.000187,66.608885
1048576,1048576,2097152,0.106,222298,32,256,4096,90,166,268.000000,,-363.081117,-95.081117,66.608885
1048576,1048576,2097152,0.106,222298,32,256,4096,90,167,268.000000,,-365.162100,-97.162100,66.608885
1048576,1048576,2097152,0.106,222298,32,256,4096,90,168,268.000000,,-367.243139,-99.243139,66.608885
1048576,1048576,2097152,0.106,222298,32,256,4096,90,169,268.000000,,-369.324239,-101.324239,66.608885
1048576,1048576,2097152,0.106,222298,32,256,4096,90,170,268.000000,,-371.405403,-103.405403,66.608885
1048576,1048576,2097152,0.106,222298,32,256,4096,90,171,268.000000,,-373.486633,-105.486633,66.608885
1048576,1048576,2097152,0.106,222298,32,256,4096,90,172,268.000000,,-375.567932,-107.567932,66.608885
1048576,1048576,2097152,0.106,222298,32,256,4096,90,173,268.000000,,-377.649301,-109.649301,66.608885
1048576,1048576,2097152,0.106,222298,32,256,4096,90,174,268.000000,,-379.730743,-111.730743,66.608885
1048576,1048576,2097152,0.106,222298,32,256,4096,90,175,268.000000,,-381.812258,-113.812258,66.608885
1048576,1048576,2097152,0.106,222298,32,256,4096,90,176,268.000000,,-383.893849,-115.893849,66.608885
1048576,1048576,2097152,0.106,222298,32,256,4096,90,177,268.000000,,-385.975515,-117.975515,66.608885
1048576,1048576,2097152,0.106,222298,32,256,4096,90,178,268.000000,,-388.057258,-120.057258,66.608885
1048576,1048576,2097152,0.106,222298,32,256,4096,90,179,268.000000,,-390.139078,-122.139078,66.608885
1048576,1048576,2097152,0.106,222298,32,256,4096,90,180,536.626546,0.127573152729,-392.220977,144.405570,144.405570
1048576,1048576,2097152,0.106,222298,32,256,4096,90,181,539.597150,0.127573152729,-394.302953,145.294197,145.917247
1048576,1048576,2097152,0.106,222298,32,256,4096,90,182,542.567753,0.127573152729,-396.385007,146.182746,147.056095
1048576,1048576,2097152,0.106,222298,32,256,4096,90,183,545.538356,0.127573152729,-398.467140,147.071216,148.063676
1048576,1048576,2097152,0.106,222298,32,256,4096,90,184,548.508960,0.127573152729,-400.549352,147.959608,149.012580
1048576,1048576,2097152,0.106,222298,32,256,4096,90,185,551.479563,0.127573152729,-402.631641,148.847922,149.932599
1048576,1048576,2097152,0.106,222298,32,256,4096,90,186,554.450167,0.127573152729,-404.714009,149.736157,150.837719
1048576,1048576,2097152,0.106,222298,32,256,4096,90,187,557.420770,0.127573152729,-406.796455,150.624314,151.734959
1048576,1048576,2097152,0.106,222298,32,256,4096,90,188,560.391373,0.127573152729,-408.878979,151.512394,152.627964
1048576,1048576,2097152,0.106,222298,32,256,4096,90,189,563.361977,0.127573152729,-410.961581,152.400396,153.518662
1048576,1048576,2097152,0.106,222298,32,256,4096,90,190,566.332580,0.127573152729,-413.044259,153.288321,154.408084
1048576,1048576,2097152,0.106,222298,32,256,4096,90,191,569.303183,0.127573152729,-415.127014,154.176169,155.296781
1048576,1048576,2097152,0.106,222298,32,256,4096,90,192,572.273787,0.127573152729,-417.209846,155.063941,156.185053
1048576,1048576,2097152,0.106,222298,32,256,4096,90,193,575.244390,0.127573152729,-419.292754,155.951636,157.073060
1048576,1048576,2097152,0.106,222298,32,256,4096,90,194,578.214993,0.127573152729,-421.375737,156.839257,157.960890
1048576,1048576,2097152,0.106,222298,32,256,4096,90,195,581.185597,0.127573152729,-423.458795,157.726802,158.848588
1048576,1048576,2097152,0.106,222298,32,256,4096,90,196,584.156200,0.127573152729,-425.541927,158.614273,159.736182
1048576,1048576,2097152,0.106,222298,32,256,4096,90,197,587.126803,0.127573152729,-427.625134,159.501670,160.623686
1048576,1048576,2097152,0.106,222298,32,256,4096,90,198,590.097407,0.127573152729,-429.708413,160.388993,161.511107
1048576,1048576,2097152,0.106,222298,32,256,4096,90,199,593.068010,0.127573152729,-431.791766,161.276244,162.398449
1048576,1048576,2097152,0.106,222298,32,256,4096,90,200,596.038613,0.127573152729,-433.875191,162.163422,163.285716
1048576,1048576,2097152,0.106,222298,32,256,4096,90,201,599.009217,0.127573152729,-435.958688,163.050529,164.172910
1048576,1048576,2097152,0.106,222298,32,256,4096,90,202,601.979820,0.127573152729,-438.042256,163.937564,165.060030
1048576,1048576,2097152,0.106,222298,32,256,4096,90,203,604.950423,0.127573152729,-440.125895,164.824528,165.947079
1048576,1048576,2097152,0.106,222298,32,256,4096,90,204,607.921027,0.127573152729,-442.209604,165.711423,166.834057
1048576,1048576,2097152,0.106,222298,32,256,4096,90,205,610.891630,0.127573152729,-444.293383,166.598247,167.720965
1048576,1048576,2097152,0.106,222298,32,256,4096,90,206,613.862233,0.127573152729,-446.377230,167.485003,168.607803
1048576,1048576,2097152,0.106,222298,32,256,4096,90,207,616.832837,0.127573152729,-448.461146,168.371690,169.494571
1048576,1048576,2097152,0.106,222298,32,256,4096,90,208,619.803440,0.127573152729,-450.545130,169.258310,170.381272
1048576,1048576,2097152,0.106,222298,32,256,4096,90,209,622.774043,0.127573152729,-452.629181,170.144862,171.267904
1048576,1048576,2097152,0.106,222298,32,256,4096,90,210,625.744647,0.127573152729,-454.713299,171.031347,172.154469
1048576,1048576,2097152,0.106,222298,32,256,4096,90,211,628.715250,0.127573152729,-456.797483,171.917767,173.040967
1048576,1048576,2097152,0.106,222298,32,256,4096,90,212,631.685853,0.127573152729,-458.881733,172.804120,173.927398
1048576,1048576,2097152,0.106,222298,32,256,4096,90,213,634.656457,0.127573152729,-460.966048,173.690409,174.813764
1048576,1048576,2097152,0.106,222298,32,256,4096,90,214,637.627060,0.127573152729,-463.050428,174.576632,175.700065
1048576,1048576,2097152,0.106,222298,32,256,4096,90,215,640.597663,0.127573152729,-465.134871,175.462792,176.586301
1048576,1048576,2097152,0.106,222298,32,256,4096,90,216,643.568267,0.127573152729,-467.219378,176.348889,177.472473
1048576,1048576,2097152,0.106,222298,32,256,4096,90,217,646.538870,0.127573152729,-469.303948,177.234922,178.358581
1048576,1048576,2097152,0.106,222298,32,256,4096,90,218,649.509474,0.127573152729,-471.388581,178.120893,179.244627
1048576,1048576,2097152,0.106,222298,32,256,4096,90,219,652.480077,0.127573152729,-473.473275,179.006802,180.130609
1048576,1048576,2097152,0.106,222298,32,256,4096,90,220,655.450680,0.127573152729,-475.558031,179.892650,181.016530
