k,k_eff,N,delta,d,sigma,block_bits,blocks,d0,h,outer_log2,outer_z,inner_log2,term_log2,cum_log2
1048576,1048576,2097152,0.106,222298,32,128,8192,30,1,-inf,,-2.237843,-inf,-inf
1048576,1048576,2097152,0.106,222298,32,128,8192,30,2,-inf,,-4.475684,-inf,-inf
1048576,1048576,2097152,0.106,222298,32,128,8192,30,3,-inf,,-6.713526,-inf,-inf
1048576,1048576,2097152,0.106,222298,32,128,8192,30,4,-inf,,-8.951366,-inf,-inf
1048576,1048576,2097152,0.106,222298,32,128,8192,30,5,-inf,,-11.189206,-inf,-inf
1048576,1048576,2097152,0.106,222298,32,128,8192,30,6,-inf,,-13.427045,-inf,-inf
1048576,1048576,2097152,0.106,222298,32,128,8192,30,7,-inf,,-15.664883,-inf,-inf
1048576,1048576,2097152,0.106,222298,32,128,8192,30,8,-inf,,-17.902721,-inf,-inf
1048576,1048576,2097152,0.106,222298,32,128,8192,30,9,-inf,,-20.140558,-inf,-inf
1048576,1048576,2097152,0.106,222298,32,128,8192,30,10,-inf,,-22.378394,-inf,-inf
1048576,1048576,2097152,0.106,222298,32,128,8192,30,11,-inf,,-24.616229,-inf,-inf
1048576,1048576,2097152,0.106,222298,32,128,8192,30,12,-inf,,-26.854064,-inf,-inf
1048576,1048576,2097152,0.106,222298,32,128,8192,30,13,-inf,,-29.091897,-inf,-inf
1048576,1048576,2097152,0.106,222298,32,128,8192,30,14,-inf,,-31.329731,-inf,-inf
1048576,1048576,2097152,0.106,222298,32,128,8192,30,15,-inf,,-33.567563,-inf,-inf
1048576,1048576,2097152,0.106,222298,32,128,8192,30,16,-inf,,-35.805394,-inf,-inf
1048576,1048576,2097152,0.106,222298,32,128,8192,30,17,-inf,,-38.043225,-inf,-inf
1048576,1048576,2097152,0.106,222298,32,128,8192,30,18,-inf,,-40.281055,-inf,-inf
1048576,1048576,2097152,0.106,222298,32,128,8192,30,19,-inf,,-42.518884,-inf,-inf
1048576,1048576,2097152,0.106,222298,32,128,8192,30,20,-inf,,-44.756712,-inf,-inf
1048576,1048576,2097152,0.106,222298,32,128,8192,30,21,-inf,,-46.994540,-inf,-inf
1048576,1048576,2097152,0.106,222298,32,128,8192,30,22,-inf,,-49.232366,-inf,-inf
1048576,1048576,2097152,0.106,222298,32,128,8192,30,23,-inf,,-51.470191,-inf,-inf
1048576,1048576,2097152,0.106,222298,32,128,8192,30,24,-inf,,-53.708016,-inf,-inf
1048576,1048576,2097152,0.106,222298,32,128,8192,30,25,-inf,,-55.945839,-inf,-inf
1048576,1048576,2097152,0.106,222298,32,128,8192,30,26,-inf,,-58.183662,-inf,-inf
1048576,1048576,2097152,0.106,222298,32,128,8192,30,27,-inf,,-60.421483,-inf,-inf
1048576,1048576,2097152,0.106,222298,32,128,8192,30,28,-inf,,-62.659303,-inf,-inf
1048576,1048576,2097152,0.106,222298,32,128,8192,30,29,-inf,,-64.897122,-inf,-inf
1048576,1048576,2097152,0.106,222298,32,128,8192,30,30,27.255202,0.248785289163,-67.134939,-39.879738,-39.879738
1048576,1048576,2097152,0.106,222298,32,128,8192,30,31,29.262228,0.248785289163,-69.372755,-40.110527,-38.990522
1048576,1048576,2097152,0.106,222298,32,128,8192,30,32,31.269255,0.248785289163,-71.610569,-40.341314,-38.513283
1048576,1048576,2097152,0.106,222298,32,128,8192,30,33,33.276282,0.248785289163,-73.848382,-40.572100,-38.202928
1048576,1048576,2097152,0.106,222298,32,128,8192,30,34,35.283309,0.248785289163,-76.086193,-40.802884,-37.982668
1048576,1048576,2097152,0.106,222298,32,128,8192,30,35,37.290336,0.248785289163,-78.324002,-41.033666,-37.818321
1048576,1048576,2097152,0.106,222298,32,128,8192,30,36,39.297363,0.248785289163,-80.561808,-41.264445,-37.691677
1048576,1048576,2097152,0.106,222298,32,128,8192,30,37,41.304390,0.248785289163,-82.799612,-41.495223,-37.591887
1048576,1048576,2097152,0.106,222298,32,128,8192,30,38,43.311417,0.248785289163,-85.037414,-41.725997,-37.511977
1048576,1048576,2097152,0.106,222298,32,128,8192,30,39,45.318444,0.248785289163,-87.275213,-41.956769,-37.447207
1048576,1048576,2097152,0.106,222298,32,128,8192,30,40,47.325471,0.248785289163,-89.513008,-42.187537,-37.394217
1048576,1048576,2097152,0.106,222298,32,128,8192,30,41,49.332498,0.248785289163,-91.750800,-42.418302,-37.350547
1048576,1048576,2097152,0.106,222298,32,128,8192,30,42,51.339525,0.248785289163,-93.988588,-42.649063,-37.314348
1048576,1048576,2097152,0.106,222298,32,128,8192,30,43,53.346551,0.248785289163,-96.226371,-42.879819,-37.284200
1048576,1048576,2097152,0.106,222298,32,128,8192,30,44,55.353578,0.248785289163,-98.464149,-43.110571,-37.258996
1048576,1048576,2097152,0.106,222298,32,128,8192,30,45,57.360605,0.248785289163,-100.701922,-43.341317,-37.237860
1048576,1048576,2097152,0.106,222298,32,128,8192,30,46,59.367632,0.248785289163,-102.939689,-43.572056,-37.220089
1048576,1048576,2097152,0.106,222298,32,128,8192,30,47,61.374659,0.248785289163,-105.177448,-43.802789,-37.205115
1048576,1048576,2097152,0.106,222298,32,128,8192,30,48,63.381686,0.248785289163,-107.415200,-44.033514,-37.192476
1048576,1048576,2097152,0.106,222298,32,128,8192,30,49,65.388713,0.248785289163,-109.652943,-44.264230,-37.181791
1048576,1048576,2097152,0.106,222298,32,128,8192,30,50,67.395740,0.248785289163,-111.890676,-44.494936,-37.172748
1048576,1048576,2097152,0.106,222298,32,128,8192,30,51,69.402767,0.248785289163,-114.128398,-44.725631,-37.165085
1048576,1048576,2097152,0.106,222298,32,128,8192,30,52,71.409794,0.248785289163,-116.366107,-44.956314,-37.158587
1048576,1048576,2097152,0.106,222298,32,128,8192,30,53,73.416821,0.248785289163,-118.603803,-45.186982,-37.153072
1048576,1048576,2097152,0.106,222298,32,128,8192,30,54,75.337188,0.279342122892,-120.841482,-45.504295,-37.148661
1048576,1048576,2097152,0.106,222298,32,128,8192,30,55,77.177083,0.279342122892,-123.079144,-45.902061,-37.145322
1048576,1048576,2097152,0.106,222298,32,128,8192,30,56,79.016978,0.279342122892,-125.316785,-46.299808,-37.142792
1048576,1048576,2097152,0.106,222298,32,128,8192,30,57,80.856872,0.279342122892,-127.554404,-46.697532,-37.140875
1048576,1048576,2097152,0.106,222298,32,128,8192,30,58,82.696767,0.279342122892,-129.791997,-47.095230,-37.139422
1048576,1048576,2097152,0.106,222298,32,128,8192,30,59,84.450358,0.313652072773,-132.029562,-47.579203,-37.138384
1048576,1048576,2097152,0.106,222298,32,128,8192,30,60,86.123121,0.313652072773,-134.267094,-48.143972,-37.137682
1048576,1048576,2097152,0.106,222298,32,128,8192,30,61,87.795884,0.313652072773,-136.504589,-48.708704,-37.137208
1048576,1048576,2097152,0.106,222298,32,128,8192,30,62,89.468647,0.313652072773,-138.742043,-49.273395,-37.136887
1048576,1048576,2097152,0.106,222298,32,128,8192,30,63,91.141410,0.313652072773,-140.979450,-49.838040,-37.136671
1048576,1048576,2097152,0.106,222298,32,128,8192,30,64,92.814173,0.313652072773,-143.216806,-50.402632,-37.136524
1048576,1048576,2097152,0.106,222298,32,128,8192,30,65,94.359745,0.352176111989,-145.454102,-51.094357,-37.136434
1048576,1048576,2097152,0.106,222298,32,128,8192,30,66,95.865376,0.352176111989,-147.691331,-51.825955,-37.136379
1048576,1048576,2097152,0.106,222298,32,128,8192,30,67,97.371007,0.352176111989,-149.928486,-52.557479,-37.136346
1048576,1048576,2097152,0.106,222298,32,128,8192,30,68,98.876638,0.352176111989,-152.165557,-53.288919,-37.136326
1048576,1048576,2097152,0.106,222298,32,128,8192,30,69,100.382269,0.352176111989,-154.402533,-54.020264,-37.136314
1048576,1048576,2097152,0.106,222298,32,128,8192,30,70,101.887900,0.352176111989,-156.639403,-54.751503,-37.136307
1048576,1048576,2097152,0.106,222298,32,128,8192,30,71,103.393531,0.352176111989,-158.876152,-55.482621,-37.136303
1048576,1048576,2097152,0.106,222298,32,128,8192,30,72,104.899162,0.352176111989,-161.112767,-56.213605,-37.136300
1048576,1048576,2097152,0.106,222298,32,128,8192,30,73,106.404793,0.352176111989,-163.349231,-56.944437,-37.136299
1048576,1048576,2097152,0.106,222298,32,128,8192,30,74,107.910424,0.352176111989,-165.585524,-57.675100,-37.136298
1048576,1048576,2097152,0.106,222298,32,128,8192,30,75,109.416055,0.352176111989,-167.821627,-58.405571,-37.136297
1048576,1048576,2097152,0.106,222298,32,128,8192,30,76,110.921686,0.352176111989,-170.057515,-59.135828,-37.136297
1048576,1048576,2097152,0.106,222298,32,128,8192,30,77,112.427318,0.352176111989,-172.293162,-59.865845,-37.136297
1048576,1048576,2097152,0.106,222298,32,128,8192,30,78,113.932949,0.352176111989,-174.528540,-60.595592,-37.136297
1048576,1048576,2097152,0.106,222298,32,128,8192,30,79,115.438580,0.352176111989,-176.763616,-61.325036,-37.136296
1048576,1048576,2097152,0.106,222298,32,128,8192,30,80,116.944211,0.352176111989,-178.998353,-62.054142,-37.136296
1048576,1048576,2097152,0.106,222298,32,128,8192,30,81,118.449842,0.352176111989,-181.232711,-62.782869,-37.136296
1048576,1048576,2097152,0.106,222298,32,128,8192,30,82,119.955473,0.352176111989,-183.466646,-63.511173,-37.136296
1048576,1048576,2097152,0.106,222298,32,128,8192,30,83,121.461104,0.352176111989,-185.700107,-64.239003,-37.136296
1048576,1048576,2097152,0.106,222298,32,128,8192,30,84,122.966735,0.352176111989,-187.933039,-64.966304,-37.136296
1048576,1048576,2097152,0.106,222298,32,128,8192,30,85,124.472366,0.352176111989,-190.165381,-65.693015,-37.136296
1048576,1048576,2097152,0.106,222298,32,128,8192,30,86,125.977997,0.352176111989,-192.397066,-66.419069,-37.136296
1048576,1048576,2097152,0.106,222298,32,128,8192,30,87,127.483628,0.352176111989,-194.628018,-67.144390,-37.136296
1048576,1048576,2097152,0.106,222298,32,128,8192,30,88,128.989259,0.352176111989,-196.858157,-67.868898,-37.136296
1048576,1048576,2097152,0.106,222298,32,128,8192,30,89,130.494890,0.352176111989,-199.087391,-68.592501,-37.136296
1048576,1048576,2097152,0.106,222298,32,128,8192,30,90,132.000521,0.352176111989,-201.315623,-69.315102,-37.136296
1048576,1048576,2097152,0.106,222298,32,128,8192,30,91,133.506152,0.352176111989,-203.542744,-70.036592,-37.136296
1048576,1048576,2097152,0.106,222298,32,128,8192,30,92,135.011783,0.352176111989,-205.768640,-70.756856,-37.136296
1048576,1048576,2097152,0.106,222298,32,128,8192,30,93,136.517414,0.352176111989,-207.993180,-71.475766,-37.136296
1048576,1048576,2097152,0.106,222298,32,128,8192,30,94,138.023045,0.352176111989,-210.216231,-72.193186,-37.136296
1048576,1048576,2097152,0.106,222298,32,128,8192,30,95,139.528676,0.352176111989,-212.437643,-72.908967,-37.136296
1048576,1048576,2097152,0.106,222298,32,128,8192,30,96,141.034307,0.352176111989,-214.657262,-73.622955,-37.136296
1048576,1048576,2097152,0.106,222298,32,128,8192,30,97,142.539938,0.352176111989,-216.874919,-74.334981,-37.136296
1048576,1048576,2097152,0.106,222298,32,128,8192,30,98,144.045569,0.352176111989,-219.090440,-75.044871,-37.136296
1048576,1048576,2097152,0.106,222298,32,128,8192,30,99,145.551200,0.352176111989,-221.303637,-75.752437,-37.136296
1048576,1048576,2097152,0.106,222298,32,128,8192,30,100,147.056831,0.352176111989,-223.514322,-76.457490,-37.136296
1048576,1048576,2097152,0.106,222298,32,128,8192,30,101,148.562462,0.352176111989,-225.722292,-77.159830,-37.136296
1048576,1048576,2097152,0.106,222298,32,128,8192,30,102,150.068094,0.352176111989,-227.927350,-77.859257,-37.136296
1048576,1048576,2097152,0.106,222298,32,128,8192,30,103,151.573725,0.352176111989,-230.129288,-78.555563,-37.136296
1048576,1048576,2097152,0.106,222298,32,128,8192,30,104,153.079356,0.352176111989,-232.327903,-79.248548,-37.136296
1048576,1048576,2097152,0.106,222298,32,128,8192,30,105,154.584987,0.352176111989,-234.522998,-79.938012,-37.136296
1048576,1048576,2097152,0.106,222298,32,128,8192,30,106,156.090618,0.352176111989,-236.714376,-80.623758,-37.136296
1048576,1048576,2097152,0.106,222298,32,128,8192,30,107,157.596249,0.352176111989,-238.901855,-81.305607,-37.136296
1048576,1048576,2097152,0.106,222298,32,128,8192,30,108,159.101880,0.352176111989,-241.085269,-81.983389,-37.136296
1048576,1048576,2097152,0.106,222298,32,128,8192,30,109,160.607511,0.352176111989,-243.264462,-82.656951,-37.136296
1048576,1048576,2097152,0.106,222298,32,128,8192,30,110,162.113142,0.352176111989,-245.439303,-83.326161,-37.136296
1048576,1048576,2097152,0.106,222298,32,128,8192,30,111,163.618773,0.352176111989,-247.609688,-83.990916,-37.136296
1048576,1048576,2097152,0.106,222298,32,128,8192,30,112,165.124404,0.352176111989,-249.775532,-84.651128,-37.136296
1048576,1048576,2097152,0.106,222298,32,128,8192,30,113,166.630035,0.352176111989,-251.936783,-85.306748,-37.136296
1048576,1048576,2097152,0.106,222298,32,128,8192,30,114,168.135666,0.352176111989,-254.093421,-85.957755,-37.136296
1048576,1048576,2097152,0.106,222298,32,128,8192,30,115,169.641297,0.352176111989,-256.245448,-86.604151,-37.136296
1048576,1048576,2097152,0.106,222298,32,128,8192,30,116,171.146928,0.352176111989,-258.392905,-87.245977,-37.136296
1048576,1048576,2097152,0.106,222298,32,128,8192,30,117,172.652559,0.352176111989,-260.535860,-87.883300,-37.136296
1048576,1048576,2097152,0.106,222298,32,128,8192,30,118,174.158190,0.352176111989,-262.674404,-88.516214,-37.136296
1048576,1048576,2097152,0.106,222298,32,128,8192,30,119,175.663821,0.352176111989,-264.808660,-89.144839,-37.136296
1048576,1048576,2097152,0.106,222298,32,128,8192,30,120,177.169452,0.352176111989,-266.938772,-89.769319,-37.136296
1048576,1048576,2097152,0.106,222298,32,128,8192,30,121,178.675083,0.352176111989,-269.064898,-90.389815,-37.136296
1048576,1048576,2097152,0.106,222298,32,128,8192,30,122,180.180714,0.352176111989,-271.187219,-91.006504,-37.136296
1048576,1048576,2097152,0.106,222298,32,128,8192,30,123,181.686345,0.352176111989,-273.305926,-91.619580,-37.136296
1048576,1048576,2097152,0.106,222298,32,128,8192,30,124,183.191976,0.352176111989,-275.421216,-92.229239,-37.136296
1048576,1048576,2097152,0.106,222298,32,128,8192,30,125,184.697607,0.352176111989,-277.533295,-92.835687,-37.136296
1048576,1048576,2097152,0.106,222298,32,128,8192,30,126,186.203238,0.352176111989,-279.642372,-93.439133,-37.136296
1048576,1048576,2097152,0.106,222298,32,128,8192,30,127,187.708870,0.352176111989,-281.748651,-94.039781,-37.136296
1048576,1048576,2097152,0.106,222298,32,128,8192,30,128,189.214501,0.352176111989,-283.852337,-94.637837,-37.136296
1048576,1048576,2097152,0.106,222298,32,128,8192,30,129,190.720132,0.352176111989,-285.953631,-95.233500,-37.136296
1048576,1048576,2097152,0.106,222298,32,128,8192,30,130,192.225763,0.352176111989,-288.052724,-95.826961,-37.136296
1048576,1048576,2097152,0.106,222298,32,128,8192,30,131,193.731394,0.352176111989,-290.149799,-96.418406,-37.136296
1048576,1048576,2097152,0.106,222298,32,128,8192,30,132,195.237025,0.352176111989,-292.245035,-97.008010,-37.136296
1048576,1048576,2097152,0.106,222298,32,128,8192,30,133,196.742656,0.352176111989,-294.338595,-97.595939,-37.136296
1048576,1048576,2097152,0.106,222298,32,128,8192,30,134,198.248287,0.352176111989,-296.430636,-98.182349,-37.136296
1048576,1048576,2097152,0.106,222298,32,128,8192,30,135,199.753918,0.352176111989,-298.521304,-98.767386,-37.136296
1048576,1048576,2097152,0.106,222298,32,128,8192,30,136,201.259549,0.352176111989,-300.610733,-99.351184,-37.136296
1048576,1048576,2097152,0.106,222298,32,128,8192,30,137,202.765180,0.352176111989,-302.699049,-99.933869,-37.136296
1048576,1048576,2097152,0.106,222298,32,128,8192,30,138,204.270811,0.352176111989,-304.786369,-100.515558,-37.136296
1048576,1048576,2097152,0.106,222298,32,128,8192,30,139,205.776442,0.352176111989,-306.872797,-101.096355,-37.136296
1048576,1048576,2097152,0.106,222298,32,128,8192,30,140,207.282073,0.352176111989,-308.958431,-101.676358,-37.136296
1048576,1048576,2097152,0.106,222298,32,128,8192,30,141,208.787704,0.352176111989,-311.043360,-102.255656,-37.136296
1048576,1048576,2097152,0.106,222298,32,128,8192,30,142,210.293335,0.352176111989,-313.127665,-102.834330,-37.136296
1048576,1048576,2097152,0.106,222298,32,128,8192,30,143,211.798966,0.352176111989,-315.211418,-103.412452,-37.136296
1048576,1048576,2097152,0.106,222298,32,128,8192,30,144,213.304597,0.352176111989,-317.294688,-103.990091,-37.136296
1048576,1048576,2097152,0.106,222298,32,128,8192,30,145,214.810228,0.352176111989,-319.377534,-104.567306,-37.136296
1048576,1048576,2097152,0.106,222298,32,128,8192,30,146,216.315859,0.352176111989,-321.460010,-105.144151,-37.136296
1048576,1048576,2097152,0.106,222298,32,128,8192,30,147,217.821490,0.352176111989,-323.542166,-105.720675,-37.136296
1048576,1048576,2097152,0.106,222298,32,128,8192,30,148,219.327121,0.352176111989,-325.624045,-106.296924,-37.136296
1048576,1048576,2097152,0.106,222298,32,128,8192,30,149,220.832752,0.352176111989,-327.705688,-106.872936,-37.136296
1048576,1048576,2097152,0.106,222298,32,128,8192,30,150,222.338383,0.352176111989,-329.787131,-107.448747,-37.136296
1048576,1048576,2097152,0.106,222298,32,128,8192,30,151,223.844014,0.352176111989,-331.868404,-108.024390,-37.136296
1048576,1048576,2097152,0.106,222298,32,128,8192,30,152,225.349646,0.352176111989,-333.949538,-108.599892,-37.136296
1048576,1048576,2097152,0.106,222298,32,128,8192,30,153,226.855277,0.352176111989,-336.030557,-109.175281,-37.136296
1048576,1048576,2097152,0.106,222298,32,128,8192,30,154,228.360908,0.352176111989,-338.111485,-109.750578,-37.136296
1048576,1048576,2097152,0.106,222298,32,128,8192,30,155,229.866539,0.352176111989,-340.192342,-110.325804,-37.136296
1048576,1048576,2097152,0.106,222298,32,128,8192,30,156,231.372170,0.352176111989,-342.273146,-110.900977,-37.136296
1048576,1048576,2097152,0.106,222298,32,128,8192,30,157,232.877801,0.352176111989,-344.353915,-111.476114,-37.136296
1048576,1048576,2097152,0.106,222298,32,128,8192,30,158,234.383432,0.352176111989,-346.434661,-112.051229,-37.136296
1048576,1048576,2097152,0.106,222298,32,128,8192,30,159,235.889063,0.352176111989,-348.515398,-112.626335,-37.136296
1048576,1048576,2097152,0.106,222298,32,128,8192,30,160,237.394694,0.352176111989,-350.596137,-113.201443,-37.136296
1048576,1048576,2097152,0.106,222298,32,128,8192,30,161,238.900325,0.352176111989,-352.676889,-113.776564,-37.136296
1048576,1048576,2097152,0.106,222298,32,128,8192,30,162,240.405956,0.352176111989,-354.757663,-114.351707,-37.136296
1048576,1048576,2097152,0.106,222298,32,128,8192,30,163,241.911587,0.352176111989,-356.838466,-114.926879,-37.136296
1048576,1048576,2097152,0.106,222298,32,128,8192,30,164,243.417218,0.352176111989,-358.919305,-115.502087,-37.136296
1048576,1048576,2097152,0.106,222298,32,128,8192,30,165,244.922849,0.352176111989,-361.000187,-116.077338,-37.136296
1048576,1048576,2097152,0.106,222298,32,128,8192,30,166,246.428480,0.352176111989,-363.081117,-116.652637,-37.136296
1048576,1048576,2097152,0.106,222298,32,128,8192,30,167,247.934111,0.352176111989,-365.162100,-117.227989,-37.136296
1048576,1048576,2097152,0.106,222298,32,128,8192,30,168,249.439742,0.352176111989,-367.243139,-117.803397,-37.136296
1048576,1048576,2097152,0.106,222298,32,128,8192,30,169,250.945373,0.352176111989,-369.324239,-118.378866,-37.136296
1048576,1048576,2097152,0.106,222298,32,128,8192,30,170,252.451004,0.352176111989,-371.405403,-118.954399,-37.136296
1048576,1048576,2097152,0.106,222298,32,128,8192,30,171,253.956635,0.352176111989,-373.486633,-119.529998,-37.136296
1048576,1048576,2097152,0.106,222298,32,128,8192,30,172,255.462266,0.352176111989,-375.567932,-120.105665,-37.136296
1048576,1048576,2097152,0.106,222298,32,128,8192,30,173,256.967897,0.352176111989,-377.649301,-120.681404,-37.136296
1048576,1048576,2097152,0.106,222298,32,128,8192,30,174,258.473528,0.352176111989,-379.730743,-121.257214,-37.136296
1048576,1048576,2097152,0.106,222298,32,128,8192,30,175,259.979159,0.352176111989,-381.812258,-121.833099,-37.136296
1048576,1048576,2097152,0.106,222298,32,128,8192,30,176,261.484790,0.352176111989,-383.893849,-122.409058,-37.136296
1048576,1048576,2097152,0.106,222298,32,128,8192,30,177,262.990422,0.352176111989,-385.975515,-122.985094,-37.136296
1048576,1048576,2097152,0.106,222298,32,128,8192,30,178,264.496053,0.352176111989,-388.057258,-123.561206,-37.136296
1048576,1048576,2097152,0.106,222298,32,128,8192,30,179,266.001684,0.352176111989,-390.139078,-124.137395,-37.136296
1048576,1048576,2097152,0.106,222298,32,128,8192,30,180,267.507315,0.352176111989,-392.220977,-124.713662,-37.136296
1048576,1048576,2097152,0.106,222298,32,128,8192,32,1,-inf,,-2.237843,-inf,-inf
1048576,1048576,2097152,0.106,222298,32,128,8192,32,2,-inf,,-4.475684,-inf,-inf
1048576,1048576,2097152,0.106,222298,32,128,8192,32,3,-inf,,-6.713526,-inf,-inf
1048576,1048576,2097152,0.106,222298,32,128,8192,32,4,-inf,,-8.951366,-inf,-inf
1048576,1048576,2097152,0.106,222298,32,128,8192,32,5,-inf,,-11.189206,-inf,-inf
1048576,1048576,2097152,0.106,222298,32,128,8192,32,6,-inf,,-13.427045,-inf,-inf
1048576,1048576,2097152,0.106,222298,32,128,8192,32,7,-inf,,-15.664883,-inf,-inf
1048576,1048576,2097152,0.106,222298,32,128,8192,32,8,-inf,,-17.902721,-inf,-inf
1048576,1048576,2097152,0.106,222298,32,128,8192,32,9,-inf,,-20.140558,-inf,-inf
1048576,1048576,2097152,0.106,222298,32,128,8192,32,10,-inf,,-22.378394,-inf,-inf
1048576,1048576,2097152,0.106,222298,32,128,8192,32,11,-inf,,-24.616229,-inf,-inf
1048576,1048576,2097152,0.106,222298,32,128,8192,32,12,-inf,,-26.854064,-inf,-inf
1048576,1048576,2097152,0.106,222298,32,128,8192,32,13,-inf,,-29.091897,-inf,-inf
1048576,1048576,2097152,0.106,222298,32,128,8192,32,14,-inf,,-31.329731,-inf,-inf
1048576,1048576,2097152,0.106,222298,32,128,8192,32,15,-inf,,-33.567563,-inf,-inf
1048576,1048576,2097152,0.106,222298,32,128,8192,32,16,-inf,,-35.805394,-inf,-inf
1048576,1048576,2097152,0.106,222298,32,128,8192,32,17,-inf,,-38.043225,-inf,-inf
1048576,1048576,2097152,0.106,222298,32,128,8192,32,18,-inf,,-40.281055,-inf,-inf
1048576,1048576,2097152,0.106,222298,32,128,8192,32,19,-inf,,-42.518884,-inf,-inf
1048576,1048576,2097152,0.106,222298,32,128,8192,32,20,-inf,,-44.756712,-inf,-inf
1048576,1048576,2097152,0.106,222298,32,128,8192,32,21,-inf,,-46.994540,-inf,-inf
1048576,1048576,2097152,0.106,222298,32,128,8192,32,22,-inf,,-49.232366,-inf,-inf
1048576,1048576,2097152,0.106,222298,32,128,8192,32,23,-inf,,-51.470191,-inf,-inf
1048576,1048576,2097152,0.106,222298,32,128,8192,32,24,-inf,,-53.708016,-inf,-inf
1048576,1048576,2097152,0.106,222298,32,128,8192,32,25,-inf,,-55.945839,-inf,-inf
1048576,1048576,2097152,0.106,222298,32,128,8192,32,26,-inf,,-58.183662,-inf,-inf
1048576,1048576,2097152,0.106,222298,32,128,8192,32,27,-inf,,-60.421483,-inf,-inf
1048576,1048576,2097152,0.106,222298,32,128,8192,32,28,-inf,,-62.659303,-inf,-inf
1048576,1048576,2097152,0.106,222298,32,128,8192,32,29,-inf,,-64.897122,-inf,-inf
1048576,1048576,2097152,0.106,222298,32,128,8192,32,30,-inf,,-67.134939,-inf,-inf
1048576,1048576,2097152,0.106,222298,32,128,8192,32,31,-inf,,-69.372755,-inf,-inf
1048576,1048576,2097152,0.106,222298,32,128,8192,32,32,31.269255,0.248785289163,-71.610569,-40.341314,-40.341314
1048576,1048576,2097152,0.106,222298,32,128,8192,32,33,33.276282,0.248785289163,-73.848382,-40.572100,-39.452097
1048576,1048576,2097152,0.106,222298,32,128,8192,32,34,35.283309,0.248785289163,-76.086193,-40.802884,-38.974857
1048576,1048576,2097152,0.106,222298,32,128,8192,32,35,37.290336,0.248785289163,-78.324002,-41.033666,-38.664500
1048576,1048576,2097152,0.106,222298,32,128,8192,32,36,39.297363,0.248785289163,-80.561808,-41.264445,-38.444239
1048576,1048576,2097152,0.106,222298,32,128,8192,32,37,41.304390,0.248785289163,-82.799612,-41.495223,-38.279890
1048576,1048576,2097152,0.106,222298,32,128,8192,32,38,43.311417,0.248785289163,-85.037414,-41.725997,-38.153244
1048576,1048576,2097152,0.106,222298,32,128,8192,32,39,45.318444,0.248785289163,-87.275213,-41.956769,-38.053453
1048576,1048576,2097152,0.106,222298,32,128,8192,32,40,47.325471,0.248785289163,-89.513008,-42.187537,-37.973542
1048576,1048576,2097152,0.106,222298,32,128,8192,32,41,49.332498,0.248785289163,-91.750800,-42.418302,-37.908770
1048576,1048576,2097152,0.106,222298,32,128,8192,32,42,51.339525,0.248785289163,-93.988588,-42.649063,-37.855779
1048576,1048576,2097152,0.106,222298,32,128,8192,32,43,53.346551,0.248785289163,-96.226371,-42.879819,-37.812108
1048576,1048576,2097152,0.106,222298,32,128,8192,32,44,55.353578,0.248785289163,-98.464149,-43.110571,-37.775907
1048576,1048576,2097152,0.106,222298,32,128,8192,32,45,57.360605,0.248785289163,-100.701922,-43.341317,-37.745758
1048576,1048576,2097152,0.106,222298,32,128,8192,32,46,59.367632,0.248785289163,-102.939689,-43.572056,-37.720553
1048576,1048576,2097152,0.106,222298,32,128,8192,32,47,61.374659,0.248785289163,-105.177448,-43.802789,-37.699416
1048576,1048576,2097152,0.106,222298,32,128,8192,32,48,63.381686,0.248785289163,-107.415200,-44.033514,-37.681643
1048576,1048576,2097152,0.106,222298,32,128,8192,32,49,65.388713,0.248785289163,-109.652943,-44.264230,-37.666668
1048576,1048576,2097152,0.106,222298,32,128,8192,32,50,67.395740,0.248785289163,-111.890676,-44.494936,-37.654028
1048576,1048576,2097152,0.106,222298,32,128,8192,32,51,69.402767,0.248785289163,-114.128398,-44.725631,-37.643342
1048576,1048576,2097152,0.106,222298,32,128,8192,32,52,71.409794,0.248785289163,-116.366107,-44.956314,-37.634298
1048576,1048576,2097152,0.106,222298,32,128,8192,32,53,73.416821,0.248785289163,-118.603803,-45.186982,-37.626634
1048576,1048576,2097152,0.106,222298,32,128,8192,32,54,75.337143,0.279342122892,-120.841482,-45.504339,-37.620513
1048576,1048576,2097152,0.106,222298,32,128,8192,32,55,77.177038,0.279342122892,-123.079144,-45.902106,-37.615884
1048576,1048576,2097152,0.106,222298,32,128,8192,32,56,79.016933,0.279342122892,-125.316785,-46.299852,-37.612381
1048576,1048576,2097152,0.106,222298,32,128,8192,32,57,80.856828,0.279342122892,-127.554404,-46.697576,-37.609727
1048576,1048576,2097152,0.106,222298,32,128,8192,32,58,82.696723,0.279342122892,-129.791997,-47.095275,-37.607716
1048576,1048576,2097152,0.106,222298,32,128,8192,32,59,84.450356,0.313652072773,-132.029562,-47.579205,-37.606280
1048576,1048576,2097152,0.106,222298,32,128,8192,32,60,86.123119,0.313652072773,-134.267094,-48.143974,-37.605309
1048576,1048576,2097152,0.106,222298,32,128,8192,32,61,87.795882,0.313652072773,-136.504589,-48.708706,-37.604654
1048576,1048576,2097152,0.106,222298,32,128,8192,32,62,89.468645,0.313652072773,-138.742043,-49.273397,-37.604211
1048576,1048576,2097152,0.106,222298,32,128,8192,32,63,91.141408,0.313652072773,-140.979450,-49.838042,-37.603911
1048576,1048576,2097152,0.106,222298,32,128,8192,32,64,92.814171,0.313652072773,-143.216806,-50.402634,-37.603709
1048576,1048576,2097152,0.106,222298,32,128,8192,32,65,94.359745,0.352176111989,-145.454102,-51.094357,-37.603583
1048576,1048576,2097152,0.106,222298,32,128,8192,32,66,95.865376,0.352176111989,-147.691331,-51.825955,-37.603508
1048576,1048576,2097152,0.106,222298,32,128,8192,32,67,97.371007,0.352176111989,-149.928486,-52.557479,-37.603463
1048576,1048576,2097152,0.106,222298,32,128,8192,32,68,98.876638,0.352176111989,-152.165557,-53.288919,-37.603435
1048576,1048576,2097152,0.106,222298,32,128,8192,32,69,100.382269,0.352176111989,-154.402533,-54.020264,-37.603419
1048576,1048576,2097152,0.106,222298,32,128,8192,32,70,101.887900,0.352176111989,-156.639403,-54.751503,-37.603409
1048576,1048576,2097152,0.106,222298,32,128,8192,32,71,103.393531,0.352176111989,-158.876152,-55.482621,-37.603403
1048576,1048576,2097152,0.106,222298,32,128,8192,32,72,104.899162,0.352176111989,-161.112767,-56.213605,-37.603399
1048576,1048576,2097152,0.106,222298,32,128,8192,32,73,106.404793,0.352176111989,-163.349231,-56.944437,-37.603397
1048576,1048576,2097152,0.106,222298,32,128,8192,32,74,107.910424,0.352176111989,-165.585524,-57.675100,-37.603396
1048576,1048576,2097152,0.106,222298,32,128,8192,32,75,109.416055,0.352176111989,-167.821627,-58.405571,-37.603395
1048576,1048576,2097152,0.106,222298,32,128,8192,32,76,110.921686,0.352176111989,-170.057515,-59.135828,-37.603394
1048576,1048576,2097152,0.106,222298,32,128,8192,32,77,112.427317,0.352176111989,-172.293162,-59.865845,-37.603394
1048576,1048576,2097152,0.106,222298,32,128,8192,32,78,113.932949,0.352176111989,-174.528540,-60.595592,-37.603394
1048576,1048576,2097152,0.106,222298,32,128,8192,32,79,115.438580,0.352176111989,-176.763616,-61.325036,-37.603394
1048576,1048576,2097152,0.106,222298,32,128,8192,32,80,116.944211,0.352176111989,-178.998353,-62.054142,-37.603394
1048576,1048576,2097152,0.106,222298,32,128,8192,32,81,118.449842,0.352176111989,-181.232711,-62.782869,-37.603394
1048576,1048576,2097152,0.106,222298,32,128,8192,32,82,119.955473,0.352176111989,-183.466646,-63.511173,-37.603394
1048576,1048576,2097152,0.106,222298,32,128,8192,32,83,121.461104,0.352176111989,-185.700107,-64.239003,-37.603394
1048576,1048576,2097152,0.106,222298,32,128,8192,32,84,122.966735,0.352176111989,-187.933039,-64.966304,-37.603394
1048576,1048576,2097152,0.106,222298,32,128,8192,32,85,124.472366,0.352176111989,-190.165381,-65.693015,-37.603394
1048576,1048576,2097152,0.106,222298,32,128,8192,32,86,125.977997,0.352176111989,-192.397066,-66.419069,-37.603394
1048576,1048576,2097152,0.106,222298,32,128,8192,32,87,127.483628,0.352176111989,-194.628018,-67.144390,-37.603394
1048576,1048576,2097152,0.106,222298,32,128,8192,32,88,128.989259,0.352176111989,-196.858157,-67.868898,-37.603394
1048576,1048576,2097152,0.106,222298,32,128,8192,32,89,130.494890,0.352176111989,-199.087391,-68.592501,-37.603394
1048576,1048576,2097152,0.106,222298,32,128,8192,32,90,132.000521,0.352176111989,-201.315623,-69.315102,-37.603394
1048576,1048576,2097152,0.106,222298,32,128,8192,32,91,133.506152,0.352176111989,-203.542744,-70.036592,-37.603394
1048576,1048576,2097152,0.106,222298,32,128,8192,32,92,135.011783,0.352176111989,-205.768640,-70.756856,-37.603394
1048576,1048576,2097152,0.106,222298,32,128,8192,32,93,136.517414,0.352176111989,-207.993180,-71.475766,-37.603394
1048576,1048576,2097152,0.106,222298,32,128,8192,32,94,138.023045,0.352176111989,-210.216231,-72.193186,-37.603394
1048576,1048576,2097152,0.106,222298,32,128,8192,32,95,139.528676,0.352176111989,-212.437643,-72.908967,-37.603394
1048576,1048576,2097152,0.106,222298,32,128,8192,32,96,141.034307,0.352176111989,-214.657262,-73.622955,-37.603394
1048576,1048576,2097152,0.106,222298,32,128,8192,32,97,142.539938,0.352176111989,-216.874919,-74.334981,-37.603394
1048576,1048576,2097152,0.106,222298,32,128,8192,32,98,144.045569,0.352176111989,-219.090440,-75.044871,-37.603394
1048576,1048576,2097152,0.106,222298,32,128,8192,32,99,145.551200,0.352176111989,-221.303637,-75.752437,-37.603394
1048576,1048576,2097152,0.106,222298,32,128,8192,32,100,147.056831,0.352176111989,-223.514322,-76.457490,-37.603394
1048576,1048576,2097152,0.106,222298,32,128,8192,32,101,148.562462,0.352176111989,-225.722292,-77.159830,-37.603394
1048576,1048576,2097152,0.106,222298,32,128,8192,32,102,150.068093,0.352176111989,-227.927350,-77.859257,-37.603394
1048576,1048576,2097152,0.106,222298,32,128,8192,32,103,151.573725,0.352176111989,-230.129288,-78.555564,-37.603394
1048576,1048576,2097152,0.106,222298,32,128,8192,32,104,153.079356,0.352176111989,-232.327903,-79.248548,-37.603394
1048576,1048576,2097152,0.106,222298,32,128,8192,32,105,154.584987,0.352176111989,-234.522998,-79.938012,-37.603394
1048576,1048576,2097152,0.106,222298,32,128,8192,32,106,156.090618,0.352176111989,-236.714376,-80.623758,-37.603394
1048576,1048576,2097152,0.106,222298,32,128,8192,32,107,157.596249,0.352176111989,-238.901855,-81.305607,-37.603394
1048576,1048576,2097152,0.106,222298,32,128,8192,32,108,159.101880,0.352176111989,-241.085269,-81.983389,-37.603394
1048576,1048576,2097152,0.106,222298,32,128,8192,32,109,160.607511,0.352176111989,-243.264462,-82.656951,-37.603394
1048576,1048576,2097152,0.106,222298,32,128,8192,32,110,162.113142,0.352176111989,-245.439303,-83.326162,-37.603394
1048576,1048576,2097152,0.106,222298,32,128,8192,32,111,163.618773,0.352176111989,-247.609688,-83.990916,-37.603394
1048576,1048576,2097152,0.106,222298,32,128,8192,32,112,165.124404,0.352176111989,-249.775532,-84.651128,-37.603394
1048576,1048576,2097152,0.106,222298,32,128,8192,32,113,166.630035,0.352176111989,-251.936783,-85.306748,-37.603394
1048576,1048576,2097152,0.106,222298,32,128,8192,32,114,168.135666,0.352176111989,-254.093421,-85.957755,-37.603394
1048576,1048576,2097152,0.106,222298,32,128,8192,32,115,169.641297,0.352176111989,-256.245448,-86.604151,-37.603394
1048576,1048576,2097152,0.106,222298,32,128,8192,32,116,171.146928,0.352176111989,-258.392905,-87.245977,-37.603394
1048576,1048576,2097152,0.106,222298,32,128,8192,32,117,172.652559,0.352176111989,-260.535860,-87.883301,-37.603394
1048576,1048576,2097152,0.106,222298,32,128,8192,32,118,174.158190,0.352176111989,-262.674404,-88.516214,-37.603394
1048576,1048576,2097152,0.106,222298,32,128,8192,32,119,175.663821,0.352176111989,-264.808660,-89.144839,-37.603394
1048576,1048576,2097152,0.106,222298,32,128,8192,32,120,177.169452,0.352176111989,-266.938772,-89.769319,-37.603394
1048576,1048576,2097152,0.106,222298,32,128,8192,32,121,178.675083,0.352176111989,-269.064898,-90.389815,-37.603394
1048576,1048576,2097152,0.106,222298,32,128,8192,32,122,180.180714,0.352176111989,-271.187219,-91.006504,-37.603394
1048576,1048576,2097152,0.106,222298,32,128,8192,32,123,181.686345,0.352176111989,-273.305926,-91.619580,-37.603394
1048576,1048576,2097152,0.106,222298,32,128,8192,32,124,183.191976,0.352176111989,-275.421216,-92.229239,-37.603394
1048576,1048576,2097152,0.106,222298,32,128,8192,32,125,184.697607,0.352176111989,-277.533295,-92.835687,-37.603394
1048576,1048576,2097152,0.106,222298,32,128,8192,32,126,186.203238,0.352176111989,-279.642372,-93.439133,-37.603394
1048576,1048576,2097152,0.106,222298,32,128,8192,32,127,187.708869,0.352176111989,-281.748651,-94.039781,-37.603394
1048576,1048576,2097152,0.106,222298,32,128,8192,32,128,189.214501,0.352176111989,-283.852337,-94.637837,-37.603394
1048576,1048576,2097152,0.106,222298,32,128,8192,32,129,190.720132,0.352176111989,-285.953631,-95.233500,-37.603394
1048576,1048576,2097152,0.106,222298,32,128,8192,32,130,192.225763,0.352176111989,-288.052724,-95.826961,-37.603394
1048576,1048576,2097152,0.106,222298,32,128,8192,32,131,193.731394,0.352176111989,-290.149799,-96.418406,-37.603394
1048576,1048576,2097152,0.106,222298,32,128,8192,32,132,195.237025,0.352176111989,-292.245035,-97.008010,-37.603394
1048576,1048576,2097152,0.106,222298,32,128,8192,32,133,196.742656,0.352176111989,-294.338595,-97.595939,-37.603394
1048576,1048576,2097152,0.106,222298,32,128,8192,32,134,198.248287,0.352176111989,-296.430636,-98.182349,-37.603394
1048576,1048576,2097152,0.106,222298,32,128,8192,32,135,199.753918,0.352176111989,-298.521304,-98.767386,-37.603394
1048576,1048576,2097152,0.106,222298,32,128,8192,32,136,201.259549,0.352176111989,-300.610733,-99.351184,-37.603394
1048576,1048576,2097152,0.106,222298,32,128,8192,32,137,202.765180,0.352176111989,-302.699049,-99.933869,-37.603394
1048576,1048576,2097152,0.106,222298,32,128,8192,32,138,204.270811,0.352176111989,-304.786369,-100.515558,-37.603394
1048576,1048576,2097152,0.106,222298,32,128,8192,32,139,205.776442,0.352176111989,-306.872797,-101.096355,-37.603394
1048576,1048576,2097152,0.106,222298,32,128,8192,32,140,207.282073,0.352176111989,-308.958431,-101.676358,-37.603394
1048576,1048576,2097152,0.106,222298,32,128,8192,32,141,208.787704,0.352176111989,-311.043360,-102.255656,-37.603394
1048576,1048576,2097152,0.106,222298,32,128,8192,32,142,210.293335,0.352176111989,-313.127665,-102.834330,-37.603394
1048576,1048576,2097152,0.106,222298,32,128,8192,32,143,211.798966,0.352176111989,-315.211418,-103.412452,-37.603394
1048576,1048576,2097152,0.106,222298,32,128,8192,32,144,213.304597,0.352176111989,-317.294688,-103.990091,-37.603394
1048576,1048576,2097152,0.106,222298,32,128,8192,32,145,214.810228,0.352176111989,-319.377534,-104.567306,-37.603394
1048576,1048576,2097152,0.106,222298,32,128,8192,32,146,216.315859,0.352176111989,-321.460010,-105.144151,-37.603394
1048576,1048576,2097152,0.106,222298,32,128,8192,32,147,217.821490,0.352176111989,-323.542166,-105.720675,-37.603394
1048576,1048576,2097152,0.106,222298,32,128,8192,32,148,219.327121,0.352176111989,-325.624045,-106.296924,-37.603394
1048576,1048576,2097152,0.106,222298,32,128,8192,32,149,220.832752,0.352176111989,-327.705688,-106.872936,-37.603394
1048576,1048576,2097152,0.106,222298,32,128,8192,32,150,222.338383,0.352176111989,-329.787131,-107.448747,-37.603394
1048576,1048576,2097152,0.106,222298,32,128,8192,32,151,223.844014,0.352176111989,-331.868404,-108.024390,-37.603394
1048576,1048576,2097152,0.106,222298,32,128,8192,32,152,225.349645,0.352176111989,-333.949538,-108.599892,-37.603394
1048576,1048576,2097152,0.106,222298,32,128,8192,32,153,226.855277,0.352176111989,-336.030557,-109.175281,-37.603394
1048576,1048576,2097152,0.106,222298,32,128,8192,32,154,228.360908,0.352176111989,-338.111485,-109.750578,-37.603394
1048576,1048576,2097152,0.106,222298,32,128,8192,32,155,229.866539,0.352176111989,-340.192342,-110.325804,-37.603394
1048576,1048576,2097152,0.106,222298,32,128,8192,32,156,231.372170,0.352176111989,-342.273146,-110.900977,-37.603394
1048576,1048576,2097152,0.106,222298,32,128,8192,32,157,232.877801,0.352176111989,-344.353915,-111.476114,-37.603394
1048576,1048576,2097152,0.106,222298,32,128,8192,32,158,234.383432,0.352176111989,-346.434661,-112.051229,-37.603394
1048576,1048576,2097152,0.106,222298,32,128,8192,32,159,235.889063,0.352176111989,-348.515398,-112.626335,-37.603394
1048576,1048576,2097152,0.106,222298,32,128,8192,32,160,237.394694,0.352176111989,-350.596137,-113.201443,-37.603394
1048576,1048576,2097152,0.106,222298,32,128,8192,32,161,238.900325,0.352176111989,-352.676889,-113.776564,-37.603394
1048576,1048576,2097152,0.106,222298,32,128,8192,32,162,240.405956,0.352176111989,-354.757663,-114.351707,-37.603394
1048576,1048576,2097152,0.106,222298,32,128,8192,32,163,241.911587,0.352176111989,-356.838466,-114.926879,-37.603394
1048576,1048576,2097152,0.106,222298,32,128,8192,32,164,243.417218,0.352176111989,-358.919305,-115.502087,-37.603394
1048576,1048576,2097152,0.106,222298,32,128,8192,32,165,244.922849,0.352176111989,-361.000187,-116.077338,-37.603394
1048576,1048576,2097152,0.106,222298,32,128,8192,32,166,246.428480,0.352176111989,-363.081117,-116.652637,-37.603394
1048576,1048576,2097152,0.106,222298,32,128,8192,32,167,247.934111,0.352176111989,-365.162100,-117.227989,-37.603394
1048576,1048576,2097152,0.106,222298,32,128,8192,32,168,249.439742,0.352176111989,-367.243139,-117.803397,-37.603394
1048576,1048576,2097152,0.106,222298,32,128,8192,32,169,250.945373,0.352176111989,-369.324239,-118.378866,-37.603394
1048576,1048576,2097152,0.106,222298,32,128,8192,32,170,252.451004,0.352176111989,-371.405403,-118.954399,-37.603394
1048576,1048576,2097152,0.106,222298,32,128,8192,32,171,253.956635,0.352176111989,-373.486633,-119.529998,-37.603394
1048576,1048576,2097152,0.106,222298,32,128,8192,32,172,255.462266,0.352176111989,-375.567932,-120.105665,-37.603394
1048576,1048576,2097152,0.106,222298,32,128,8192,32,173,256.967897,0.352176111989,-377.649301,-120.681404,-37.603394
1048576,1048576,2097152,0.106,222298,32,128,8192,32,174,258.473528,0.352176111989,-379.730743,-121.257215,-37.603394
1048576,1048576,2097152,0.106,222298,32,128,8192,32,175,259.979159,0.352176111989,-381.812258,-121.833099,-37.603394
1048576,1048576,2097152,0.106,222298,32,128,8192,32,176,261.484790,0.352176111989,-383.893849,-122.409058,-37.603394
1048576,1048576,2097152,0.106,222298,32,128,8192,32,177,262.990421,0.352176111989,-385.975515,-122.985094,-37.603394
1048576,1048576,2097152,0.106,222298,32,128,8192,32,178,264.496053,0.352176111989,-388.057258,-123.561206,-37.603394
1048576,1048576,2097152,0.106,222298,32,128,8192,32,179,266.001684,0.352176111989,-390.139078,-124.137395,-37.603394
1048576,1048576,2097152,0.106,222298,32,128,8192,32,180,267.507315,0.352176111989,-392.220977,-124.713662,-37.603394
1048576,1048576,2097152,0.106,222298,32,128,8192,34,1,-inf,,-2.237843,-inf,-inf
1048576,1048576,2097152,0.106,222298,32,128,8192,34,2,-inf,,-4.475684,-inf,-inf
1048576,1048576,2097152,0.106,222298,32,128,8192,34,3,-inf,,-6.713526,-inf,-inf
1048576,1048576,2097152,0.106,222298,32,128,8192,34,4,-inf,,-8.951366,-inf,-inf
1048576,1048576,2097152,0.106,222298,32,128,8192,34,5,-inf,,-11.189206,-inf,-inf
1048576,1048576,2097152,0.106,222298,32,128,8192,34,6,-inf,,-13.427045,-inf,-inf
1048576,1048576,2097152,0.106,222298,32,128,8192,34,7,-inf,,-15.664883,-inf,-inf
1048576,1048576,2097152,0.106,222298,32,128,8192,34,8,-inf,,-17.902721,-inf,-inf
1048576,1048576,2097152,0.106,222298,32,128,8192,34,9,-inf,,-20.140558,-inf,-inf
1048576,1048576,2097152,0.106,222298,32,128,8192,34,10,-inf,,-22.378394,-inf,-inf
1048576,1048576,2097152,0.106,222298,32,128,8192,34,11,-inf,,-24.616229,-inf,-inf
1048576,1048576,2097152,0.106,222298,32,128,8192,34,12,-inf,,-26.854064,-inf,-inf
1048576,1048576,2097152,0.106,222298,32,128,8192,34,13,-inf,,-29.091897,-inf,-inf
1048576,1048576,2097152,0.106,222298,32,128,8192,34,14,-inf,,-31.329731,-inf,-inf
1048576,1048576,2097152,0.106,222298,32,128,8192,34,15,-inf,,-33.567563,-inf,-inf
1048576,1048576,2097152,0.106,222298,32,128,8192,34,16,-inf,,-35.805394,-inf,-inf
1048576,1048576,2097152,0.106,222298,32,128,8192,34,17,-inf,,-38.043225,-inf,-inf
1048576,1048576,2097152,0.106,222298,32,128,8192,34,18,-inf,,-40.281055,-inf,-inf
1048576,1048576,2097152,0.106,222298,32,128,8192,34,19,-inf,,-42.518884,-inf,-inf
1048576,1048576,2097152,0.106,222298,32,128,8192,34,20,-inf,,-44.756712,-inf,-inf
1048576,1048576,2097152,0.106,222298,32,128,8192,34,21,-inf,,-46.994540,-inf,-inf
1048576,1048576,2097152,0.106,222298,32,128,8192,34,22,-inf,,-49.232366,-inf,-inf
1048576,1048576,2097152,0.106,222298,32,128,8192,34,23,-inf,,-51.470191,-inf,-inf
1048576,1048576,2097152,0.106,222298,32,128,8192,34,24,-inf,,-53.708016,-inf,-inf
1048576,1048576,2097152,0.106,222298,32,128,8192,34,25,-inf,,-55.945839,-inf,-inf
1048576,1048576,2097152,0.106,222298,32,128,8192,34,26,-inf,,-58.183662,-inf,-inf
1048576,1048576,2097152,0.106,222298,32,128,8192,34,27,-inf,,-60.421483,-inf,-inf
1048576,1048576,2097152,0.106,222298,32,128,8192,34,28,-inf,,-62.659303,-inf,-inf
1048576,1048576,2097152,0.106,222298,32,128,8192,34,29,-inf,,-64.897122,-inf,-inf
1048576,1048576,2097152,0.106,222298,32,128,8192,34,30,-inf,,-67.134939,-inf,-inf
1048576,1048576,2097152,0.106,222298,32,128,8192,34,31,-inf,,-69.372755,-inf,-inf
1048576,1048576,2097152,0.106,222298,32,128,8192,34,32,-inf,,-71.610569,-inf,-inf
1048576,1048576,2097152,0.106,222298,32,128,8192,34,33,-inf,,-73.848382,-inf,-inf
1048576,1048576,2097152,0.106,222298,32,128,8192,34,34,35.283309,0.248785289163,-76.086193,-40.802884,-40.802884
1048576,1048576,2097152,0.106,222298,32,128,8192,34,35,37.290336,0.248785289163,-78.324002,-41.033666,-39.913665
1048576,1048576,2097152,0.106,222298,32,128,8192,34,36,39.297363,0.248785289163,-80.561808,-41.264445,-39.436423
1048576,1048576,2097152,0.106,222298,32,128,8192,34,37,41.304390,0.248785289163,-82.799612,-41.495223,-39.126065
1048576,1048576,2097152,0.106,222298,32,128,8192,34,38,43.311417,0.248785289163,-85.037414,-41.725997,-38.905801
1048576,1048576,2097152,0.106,222298,32,128,8192,34,39,45.318444,0.248785289163,-87.275213,-41.956769,-38.741451
1048576,1048576,2097152,0.106,222298,32,128,8192,34,40,47.325471,0.248785289163,-89.513008,-42.187537,-38.614803
1048576,1048576,2097152,0.106,222298,32,128,8192,34,41,49.332498,0.248785289163,-91.750800,-42.418302,-38.515010
1048576,1048576,2097152,0.106,222298,32,128,8192,34,42,51.339525,0.248785289163,-93.988588,-42.649063,-38.435097
1048576,1048576,2097152,0.106,222298,32,128,8192,34,43,53.346551,0.248785289163,-96.226371,-42.879819,-38.370324
1048576,1048576,2097152,0.106,222298,32,128,8192,34,44,55.353578,0.248785289163,-98.464149,-43.110571,-38.317332
1048576,1048576,2097152,0.106,222298,32,128,8192,34,45,57.360605,0.248785289163,-100.701922,-43.341317,-38.273658
1048576,1048576,2097152,0.106,222298,32,128,8192,34,46,59.367632,0.248785289163,-102.939689,-43.572056,-38.237456
1048576,1048576,2097152,0.106,222298,32,128,8192,34,47,61.374659,0.248785289163,-105.177448,-43.802789,-38.207305
1048576,1048576,2097152,0.106,222298,32,128,8192,34,48,63.381686,0.248785289163,-107.415200,-44.033514,-38.182099
1048576,1048576,2097152,0.106,222298,32,128,8192,34,49,65.388713,0.248785289163,-109.652943,-44.264230,-38.160960
1048576,1048576,2097152,0.106,222298,32,128,8192,34,50,67.395740,0.248785289163,-111.890676,-44.494936,-38.143186
1048576,1048576,2097152,0.106,222298,32,128,8192,34,51,69.402767,0.248785289163,-114.128398,-44.725631,-38.128210
1048576,1048576,2097152,0.106,222298,32,128,8192,34,52,71.409794,0.248785289163,-116.366107,-44.956314,-38.115568
1048576,1048576,2097152,0.106,222298,32,128,8192,34,53,73.416821,0.248785289163,-118.603803,-45.186982,-38.104881
1048576,1048576,2097152,0.106,222298,32,128,8192,34,54,75.336965,0.279342122892,-120.841482,-45.504518,-38.096362
1048576,1048576,2097152,0.106,222298,32,128,8192,34,55,77.176860,0.279342122892,-123.079144,-45.902284,-38.089930
1048576,1048576,2097152,0.106,222298,32,128,8192,34,56,79.016755,0.279342122892,-125.316785,-46.300031,-38.085066
1048576,1048576,2097152,0.106,222298,32,128,8192,34,57,80.856650,0.279342122892,-127.554404,-46.697754,-38.081385
1048576,1048576,2097152,0.106,222298,32,128,8192,34,58,82.696545,0.279342122892,-129.791997,-47.095453,-38.078598
1048576,1048576,2097152,0.106,222298,32,128,8192,34,59,84.450347,0.313652072773,-132.029562,-47.579215,-38.076607
1048576,1048576,2097152,0.106,222298,32,128,8192,34,60,86.123110,0.313652072773,-134.267094,-48.143984,-38.075263
1048576,1048576,2097152,0.106,222298,32,128,8192,34,61,87.795873,0.313652072773,-136.504589,-48.708716,-38.074355
1048576,1048576,2097152,0.106,222298,32,128,8192,34,62,89.468636,0.313652072773,-138.742043,-49.273407,-38.073742
1048576,1048576,2097152,0.106,222298,32,128,8192,34,63,91.141399,0.313652072773,-140.979450,-49.838051,-38.073327
1048576,1048576,2097152,0.106,222298,32,128,8192,34,64,92.814162,0.313652072773,-143.216806,-50.402644,-38.073047
1048576,1048576,2097152,0.106,222298,32,128,8192,34,65,94.359745,0.352176111989,-145.454102,-51.094357,-38.072873
1048576,1048576,2097152,0.106,222298,32,128,8192,34,66,95.865376,0.352176111989,-147.691331,-51.825956,-38.072769
1048576,1048576,2097152,0.106,222298,32,128,8192,34,67,97.371007,0.352176111989,-149.928486,-52.557479,-38.072706
1048576,1048576,2097152,0.106,222298,32,128,8192,34,68,98.876638,0.352176111989,-152.165557,-53.288919,-38.072668
1048576,1048576,2097152,0.106,222298,32,128,8192,34,69,100.382269,0.352176111989,-154.402533,-54.020264,-38.072645
1048576,1048576,2097152,0.106,222298,32,128,8192,34,70,101.887900,0.352176111989,-156.639403,-54.751503,-38.072631
1048576,1048576,2097152,0.106,222298,32,128,8192,34,71,103.393531,0.352176111989,-158.876152,-55.482621,-38.072623
1048576,1048576,2097152,0.106,222298,32,128,8192,34,72,104.899162,0.352176111989,-161.112767,-56.213605,-38.072618
1048576,1048576,2097152,0.106,222298,32,128,8192,34,73,106.404793,0.352176111989,-163.349231,-56.944438,-38.072615
1048576,1048576,2097152,0.106,222298,32,128,8192,34,74,107.910424,0.352176111989,-165.585524,-57.675100,-38.072613
1048576,1048576,2097152,0.106,222298,32,128,8192,34,75,109.416055,0.352176111989,-167.821627,-58.405571,-38.072612
1048576,1048576,2097152,0.106,222298,32,128,8192,34,76,110.921686,0.352176111989,-170.057515,-59.135829,-38.072612
1048576,1048576,2097152,0.106,222298,32,128,8192,34,77,112.427317,0.352176111989,-172.293162,-59.865845,-38.072611
1048576,1048576,2097152,0.106,222298,32,128,8192,34,78,113.932948,0.352176111989,-174.528540,-60.595592,-38.072611
1048576,1048576,2097152,0.106,222298,32,128,8192,34,79,115.438579,0.352176111989,-176.763616,-61.325036,-38.072611
1048576,1048576,2097152,0.106,222298,32,128,8192,34,80,116.944210,0.352176111989,-178.998353,-62.054143,-38.072611
1048576,1048576,2097152,0.106,222298,32,128,8192,34,81,118.449841,0.352176111989,-181.232711,-62.782870,-38.072611
1048576,1048576,2097152,0.106,222298,32,128,8192,34,82,119.955472,0.352176111989,-183.466646,-63.511174,-38.072611
1048576,1048576,2097152,0.106,222298,32,128,8192,34,83,121.461103,0.352176111989,-185.700107,-64.239003,-38.072611
1048576,1048576,2097152,0.106,222298,32,128,8192,34,84,122.966734,0.352176111989,-187.933039,-64.966305,-38.072611
1048576,1048576,2097152,0.106,222298,32,128,8192,34,85,124.472366,0.352176111989,-190.165381,-65.693016,-38.072611
1048576,1048576,2097152,0.106,222298,32,128,8192,34,86,125.977997,0.352176111989,-192.397066,-66.419069,-38.072611
1048576,1048576,2097152,0.106,222298,32,128,8192,34,87,127.483628,0.352176111989,-194.628018,-67.144391,-38.072611
1048576,1048576,2097152,0.106,222298,32,128,8192,34,88,128.989259,0.352176111989,-196.858157,-67.868898,-38.072611
1048576,1048576,2097152,0.106,222298,32,128,8192,34,89,130.494890,0.352176111989,-199.087391,-68.592501,-38.072611
1048576,1048576,2097152,0.106,222298,32,128,8192,34,90,132.000521,0.352176111989,-201.315623,-69.315102,-38.072611
1048576,1048576,2097152,0.106,222298,32,128,8192,34,91,133.506152,0.352176111989,-203.542744,-70.036593,-38.072611
1048576,1048576,2097152,0.106,222298,32,128,8192,34,92,135.011783,0.352176111989,-205.768640,-70.756857,-38.072611
1048576,1048576,2097152,0.106,222298,32,128,8192,34,93,136.517414,0.352176111989,-207.993180,-71.475766,-38.072611
1048576,1048576,2097152,0.106,222298,32,128,8192,34,94,138.023045,0.352176111989,-210.216231,-72.193186,-38.072611
1048576,1048576,2097152,0.106,222298,32,128,8192,34,95,139.528676,0.352176111989,-212.437643,-72.908967,-38.072611
1048576,1048576,2097152,0.106,222298,32,128,8192,34,96,141.034307,0.352176111989,-214.657262,-73.622956,-38.072611
1048576,1048576,2097152,0.106,222298,32,128,8192,34,97,142.539938,0.352176111989,-216.874919,-74.334981,-38.072611
1048576,1048576,2097152,0.106,222298,32,128,8192,34,98,144.045569,0.352176111989,-219.090440,-75.044871,-38.072611
1048576,1048576,2097152,0.106,222298,32,128,8192,34,99,145.551200,0.352176111989,-221.303637,-75.752437,-38.072611
1048576,1048576,2097152,0.106,222298,32,128,8192,34,100,147.056831,0.352176111989,-223.514322,-76.457490,-38.072611
1048576,1048576,2097152,0.106,222298,32,128,8192,34,101,148.562462,0.352176111989,-225.722292,-77.159830,-38.072611
1048576,1048576,2097152,0.106,222298,32,128,8192,34,102,150.068093,0.352176111989,-227.927350,-77.859257,-38.072611
1048576,1048576,2097152,0.106,222298,32,128,8192,34,103,151.573724,0.352176111989,-230.129288,-78.555564,-38.072611
1048576,1048576,2097152,0.106,222298,32,128,8192,34,104,153.079355,0.352176111989,-232.327903,-79.248548,-38.072611
1048576,1048576,2097152,0.106,222298,32,128,8192,34,105,154.584986,0.352176111989,-234.522998,-79.938012,-38.072611
1048576,1048576,2097152,0.106,222298,32,128,8192,34,106,156.090617,0.352176111989,-236.714376,-80.623759,-38.072611
1048576,1048576,2097152,0.106,222298,32,128,8192,34,107,157.596248,0.352176111989,-238.901855,-81.305607,-38.072611
1048576,1048576,2097152,0.106,222298,32,128,8192,34,108,159.101879,0.352176111989,-241.085269,-81.983390,-38.072611
1048576,1048576,2097152,0.106,222298,32,128,8192,34,109,160.607510,0.352176111989,-243.264462,-82.656951,-38.072611
1048576,1048576,2097152,0.106,222298,32,128,8192,34,110,162.113142,0.352176111989,-245.439303,-83.326162,-38.072611
1048576,1048576,2097152,0.106,222298,32,128,8192,34,111,163.618773,0.352176111989,-247.609688,-83.990916,-38.072611
1048576,1048576,2097152,0.106,222298,32,128,8192,34,112,165.124404,0.352176111989,-249.775532,-84.651128,-38.072611
1048576,1048576,2097152,0.106,222298,32,128,8192,34,113,166.630035,0.352176111989,-251.936783,-85.306749,-38.072611
1048576,1048576,2097152,0.106,222298,32,128,8192,34,114,168.135666,0.352176111989,-254.093421,-85.957755,-38.072611
1048576,1048576,2097152,0.106,222298,32,128,8192,34,115,169.641297,0.352176111989,-256.245448,-86.604151,-38.072611
1048576,1048576,2097152,0.106,222298,32,128,8192,34,116,171.146928,0.352176111989,-258.392905,-87.245977,-38.072611
1048576,1048576,2097152,0.106,222298,32,128,8192,34,117,172.652559,0.352176111989,-260.535860,-87.883301,-38.072611
1048576,1048576,2097152,0.106,222298,32,128,8192,34,118,174.158190,0.352176111989,-262.674404,-88.516214,-38.072611
1048576,1048576,2097152,0.106,222298,32,128,8192,34,119,175.663821,0.352176111989,-264.808660,-89.144839,-38.072611
1048576,1048576,2097152,0.106,222298,32,128,8192,34,120,177.169452,0.352176111989,-266.938772,-89.769320,-38.072611
1048576,1048576,2097152,0.106,222298,32,128,8192,34,121,178.675083,0.352176111989,-269.064898,-90.389815,-38.072611
1048576,1048576,2097152,0.106,222298,32,128,8192,34,122,180.180714,0.352176111989,-271.187219,-91.006505,-38.072611
1048576,1048576,2097152,0.106,222298,32,128,8192,34,123,181.686345,0.352176111989,-273.305926,-91.619581,-38.072611
1048576,1048576,2097152,0.106,222298,32,128,8192,34,124,183.191976,0.352176111989,-275.421216,-92.229240,-38.072611
1048576,1048576,2097152,0.106,222298,32,128,8192,34,125,184.697607,0.352176111989,-277.533295,-92.835688,-38.072611
1048576,1048576,2097152,0.106,222298,32,128,8192,34,126,186.203238,0.352176111989,-279.642372,-93.439134,-38.072611
1048576,1048576,2097152,0.106,222298,32,128,8192,34,127,187.708869,0.352176111989,-281.748651,-94.039782,-38.072611
1048576,1048576,2097152,0.106,222298,32,128,8192,34,128,189.214500,0.352176111989,-283.852337,-94.637837,-38.072611
1048576,1048576,2097152,0.106,222298,32,128,8192,34,129,190.720131,0.352176111989,-285.953631,-95.233500,-38.072611
1048576,1048576,2097152,0.106,222298,32,128,8192,34,130,192.225762,0.352176111989,-288.052724,-95.826961,-38.072611
1048576,1048576,2097152,0.106,222298,32,128,8192,34,131,193.731393,0.352176111989,-290.149799,-96.418406,-38.072611
1048576,1048576,2097152,0.106,222298,32,128,8192,34,132,195.237024,0.352176111989,-292.245035,-97.008011,-38.072611
1048576,1048576,2097152,0.106,222298,32,128,8192,34,133,196.742655,0.352176111989,-294.338595,-97.595940,-38.072611
1048576,1048576,2097152,0.106,222298,32,128,8192,34,134,198.248286,0.352176111989,-296.430636,-98.182349,-38.072611
1048576,1048576,2097152,0.106,222298,32,128,8192,34,135,199.753918,0.352176111989,-298.521304,-98.767386,-38.072611
1048576,1048576,2097152,0.106,222298,32,128,8192,34,136,201.259549,0.352176111989,-300.610733,-99.351184,-38.072611
1048576,1048576,2097152,0.106,222298,32,128,8192,34,137,202.765180,0.352176111989,-302.699049,-99.933870,-38.072611
1048576,1048576,2097152,0.106,222298,32,128,8192,34,138,204.270811,0.352176111989,-304.786369,-100.515558,-38.072611
1048576,1048576,2097152,0.106,222298,32,128,8192,34,139,205.776442,0.352176111989,-306.872797,-101.096355,-38.072611
1048576,1048576,2097152,0.106,222298,32,128,8192,34,140,207.282073,0.352176111989,-308.958431,-101.676358,-38.072611
1048576,1048576,2097152,0.106,222298,32,128,8192,34,141,208.787704,0.352176111989,-311.043360,-102.255656,-38.072611
1048576,1048576,2097152,0.106,222298,32,128,8192,34,142,210.293335,0.352176111989,-313.127665,-102.834330,-38.072611
1048576,1048576,2097152,0.106,222298,32,128,8192,34,143,211.798966,0.352176111989,-315.211418,-103.412453,-38.072611
1048576,1048576,2097152,0.106,222298,32,128,8192,34,144,213.304597,0.352176111989,-317.294688,-103.990091,-38.072611
1048576,1048576,2097152,0.106,222298,32,128,8192,34,145,214.810228,0.352176111989,-319.377534,-104.567306,-38.072611
1048576,1048576,2097152,0.106,222298,32,128,8192,34,146,216.315859,0.352176111989,-321.460010,-105.144151,-38.072611
1048576,1048576,2097152,0.106,222298,32,128,8192,34,147,217.821490,0.352176111989,-323.542166,-105.720676,-38.072611
1048576,1048576,2097152,0.106,222298,32,128,8192,34,148,219.327121,0.352176111989,-325.624045,-106.296924,-38.072611
1048576,1048576,2097152,0.106,222298,32,128,8192,34,149,220.832752,0.352176111989,-327.705688,-106.872936,-38.072611
1048576,1048576,2097152,0.106,222298,32,128,8192,34,150,222.338383,0.352176111989,-329.787131,-107.448748,-38.072611
1048576,1048576,2097152,0.106,222298,32,128,8192,34,151,223.844014,0.352176111989,-331.868404,-108.024390,-38.072611
1048576,1048576,2097152,0.106,222298,32,128,8192,34,152,225.349645,0.352176111989,-333.949538,-108.599893,-38.072611
1048576,1048576,2097152,0.106,222298,32,128,8192,34,153,226.855276,0.352176111989,-336.030557,-109.175281,-38.072611
1048576,1048576,2097152,0.106,222298,32,128,8192,34,154,228.360907,0.352176111989,-338.111485,-109.750578,-38.072611
1048576,1048576,2097152,0.106,222298,32,128,8192,34,155,229.866538,0.352176111989,-340.192342,-110.325804,-38.072611
1048576,1048576,2097152,0.106,222298,32,128,8192,34,156,231.372169,0.352176111989,-342.273146,-110.900977,-38.072611
1048576,1048576,2097152,0.106,222298,32,128,8192,34,157,232.877800,0.352176111989,-344.353915,-111.476114,-38.072611
1048576,1048576,2097152,0.106,222298,32,128,8192,34,158,234.383431,0.352176111989,-346.434661,-112.051229,-38.072611
1048576,1048576,2097152,0.106,222298,32,128,8192,34,159,235.889062,0.352176111989,-348.515398,-112.626335,-38.072611
1048576,1048576,2097152,0.106,222298,32,128,8192,34,160,237.394694,0.352176111989,-350.596137,-113.201444,-38.072611
1048576,1048576,2097152,0.106,222298,32,128,8192,34,161,238.900325,0.352176111989,-352.676889,-113.776565,-38.072611
1048576,1048576,2097152,0.106,222298,32,128,8192,34,162,240.405956,0.352176111989,-354.757663,-114.351707,-38.072611
1048576,1048576,2097152,0.106,222298,32,128,8192,34,163,241.911587,0.352176111989,-356.838466,-114.926879,-38.072611
1048576,1048576,2097152,0.106,222298,32,128,8192,34,164,243.417218,0.352176111989,-358.919305,-115.502087,-38.072611
1048576,1048576,2097152,0.106,222298,32,128,8192,34,165,244.922849,0.352176111989,-361.000187,-116.077338,-38.072611
1048576,1048576,2097152,0.106,222298,32,128,8192,34,166,246.428480,0.352176111989,-363.081117,-116.652637,-38.072611
1048576,1048576,2097152,0.106,222298,32,128,8192,34,167,247.934111,0.352176111989,-365.162100,-117.227989,-38.072611
1048576,1048576,2097152,0.106,222298,32,128,8192,34,168,249.439742,0.352176111989,-367.243139,-117.803397,-38.072611
1048576,1048576,2097152,0.106,222298,32,128,8192,34,169,250.945373,0.352176111989,-369.324239,-118.378866,-38.072611
1048576,1048576,2097152,0.106,222298,32,128,8192,34,170,252.451004,0.352176111989,-371.405403,-118.954399,-38.072611
1048576,1048576,2097152,0.106,222298,32,128,8192,34,171,253.956635,0.352176111989,-373.486633,-119.529998,-38.072611
1048576,1048576,2097152,0.106,222298,32,128,8192,34,172,255.462266,0.352176111989,-375.567932,-120.105666,-38.072611
1048576,1048576,2097152,0.106,222298,32,128,8192,34,173,256.967897,0.352176111989,-377.649301,-120.681404,-38.072611
1048576,1048576,2097152,0.106,222298,32,128,8192,34,174,258.473528,0.352176111989,-379.730743,-121.257215,-38.072611
1048576,1048576,2097152,0.106,222298,32,128,8192,34,175,259.979159,0.352176111989,-381.812258,-121.833099,-38.072611
1048576,1048576,2097152,0.106,222298,32,128,8192,34,176,261.484790,0.352176111989,-383.893849,-122.409059,-38.072611
1048576,1048576,2097152,0.106,222298,32,128,8192,34,177,262.990421,0.352176111989,-385.975515,-122.985094,-38.072611
1048576,1048576,2097152,0.106,222298,32,128,8192,34,178,264.496052,0.352176111989,-388.057258,-123.561206,-38.072611
1048576,1048576,2097152,0.106,222298,32,128,8192,34,179,266.001683,0.352176111989,-390.139078,-124.137395,-38.072611
1048576,1048576,2097152,0.106,222298,32,128,8192,34,180,267.507314,0.352176111989,-392.220977,-124.713662,-38.072611
1048576,1048576,2097152,0.106,222298,32,128,8192,36,1,-inf,,-2.237843,-inf,-inf
1048576,1048576,2097152,0.106,222298,32,128,8192,36,2,-inf,,-4.475684,-inf,-inf
1048576,1048576,2097152,0.106,222298,32,128,8192,36,3,-inf,,-6.713526,-inf,-inf
1048576,1048576,2097152,0.106,222298,32,128,8192,36,4,-inf,,-8.951366,-inf,-inf
1048576,1048576,2097152,0.106,222298,32,128,8192,36,5,-inf,,-11.189206,-inf,-inf
1048576,1048576,2097152,0.106,222298,32,128,8192,36,6,-inf,,-13.427045,-inf,-inf
1048576,1048576,2097152,0.106,222298,32,128,8192,36,7,-inf,,-15.664883,-inf,-inf
1048576,1048576,2097152,0.106,222298,32,128,8192,36,8,-inf,,-17.902721,-inf,-inf
1048576,1048576,2097152,0.106,222298,32,128,8192,36,9,-inf,,-20.140558,-inf,-inf
1048576,1048576,2097152,0.106,222298,32,128,8192,36,10,-inf,,-22.378394,-inf,-inf
1048576,1048576,2097152,0.106,222298,32,128,8192,36,11,-inf,,-24.616229,-inf,-inf
1048576,1048576,2097152,0.106,222298,32,128,8192,36,12,-inf,,-26.854064,-inf,-inf
1048576,1048576,2097152,0.106,222298,32,128,8192,36,13,-inf,,-29.091897,-inf,-inf
1048576,1048576,2097152,0.106,222298,32,128,8192,36,14,-inf,,-31.329731,-inf,-inf
1048576,1048576,2097152,0.106,222298,32,128,8192,36,15,-inf,,-33.567563,-inf,-inf
1048576,1048576,2097152,0.106,222298,32,128,8192,36,16,-inf,,-35.805394,-inf,-inf
1048576,1048576,2097152,0.106,222298,32,128,8192,36,17,-inf,,-38.043225,-inf,-inf
1048576,1048576,2097152,0.106,222298,32,128,8192,36,18,-inf,,-40.281055,-inf,-inf
1048576,1048576,2097152,0.106,222298,32,128,8192,36,19,-inf,,-42.518884,-inf,-inf
1048576,1048576,2097152,0.106,222298,32,128,8192,36,20,-inf,,-44.756712,-inf,-inf
1048576,1048576,2097152,0.106,222298,32,128,8192,36,21,-inf,,-46.994540,-inf,-inf
1048576,1048576,2097152,0.106,222298,32,128,8192,36,22,-inf,,-49.232366,-inf,-inf
1048576,1048576,2097152,0.106,222298,32,128,8192,36,23,-inf,,-51.470191,-inf,-inf
1048576,1048576,2097152,0.106,222298,32,128,8192,36,24,-inf,,-53.708016,-inf,-inf
1048576,1048576,2097152,0.106,222298,32,128,8192,36,25,-inf,,-55.945839,-inf,-inf
1048576,1048576,2097152,0.106,222298,32,128,8192,36,26,-inf,,-58.183662,-inf,-inf
1048576,1048576,2097152,0.106,222298,32,128,8192,36,27,-inf,,-60.421483,-inf,-inf
1048576,1048576,2097152,0.106,222298,32,128,8192,36,28,-inf,,-62.659303,-inf,-inf
1048576,1048576,2097152,0.106,222298,32,128,8192,36,29,-inf,,-64.897122,-inf,-inf
1048576,1048576,2097152,0.106,222298,32,128,8192,36,30,-inf,,-67.134939,-inf,-inf
1048576,1048576,2097152,0.106,222298,32,128,8192,36,31,-inf,,-69.372755,-inf,-inf
1048576,1048576,2097152,0.106,222298,32,128,8192,36,32,-inf,,-71.610569,-inf,-inf
1048576,1048576,2097152,0.106,222298,32,128,8192,36,33,-inf,,-73.848382,-inf,-inf
1048576,1048576,2097152,0.106,222298,32,128,8192,36,34,-inf,,-76.086193,-inf,-inf
1048576,1048576,2097152,0.106,222298,32,128,8192,36,35,-inf,,-78.324002,-inf,-inf
1048576,1048576,2097152,0.106,222298,32,128,8192,36,36,39.297363,0.248785289163,-80.561808,-41.264445,-41.264445
1048576,1048576,2097152,0.106,222298,32,128,8192,36,37,41.304390,0.248785289163,-82.799612,-41.495223,-40.375224
1048576,1048576,2097152,0.106,222298,32,128,8192,36,38,43.311417,0.248785289163,-85.037414,-41.725997,-39.897980
1048576,1048576,2097152,0.106,222298,32,128,8192,36,39,45.318444,0.248785289163,-87.275213,-41.956769,-39.587620
1048576,1048576,2097152,0.106,222298,32,128,8192,36,40,47.325471,0.248785289163,-89.513008,-42.187537,-39.367354
1048576,1048576,2097152,0.106,222298,32,128,8192,36,41,49.332498,0.248785289163,-91.750800,-42.418302,-39.203002
1048576,1048576,2097152,0.106,222298,32,128,8192,36,42,51.339525,0.248785289163,-93.988588,-42.649063,-39.076352
1048576,1048576,2097152,0.106,222298,32,128,8192,36,43,53.346551,0.248785289163,-96.226371,-42.879819,-38.976557
1048576,1048576,2097152,0.106,222298,32,128,8192,36,44,55.353578,0.248785289163,-98.464149,-43.110571,-38.896642
1048576,1048576,2097152,0.106,222298,32,128,8192,36,45,57.360605,0.248785289163,-100.701922,-43.341317,-38.831867
1048576,1048576,2097152,0.106,222298,32,128,8192,36,46,59.367632,0.248785289163,-102.939689,-43.572056,-38.778872
1048576,1048576,2097152,0.106,222298,32,128,8192,36,47,61.374659,0.248785289163,-105.177448,-43.802789,-38.735197
1048576,1048576,2097152,0.106,222298,32,128,8192,36,48,63.381686,0.248785289163,-107.415200,-44.033514,-38.698992
1048576,1048576,2097152,0.106,222298,32,128,8192,36,49,65.388713,0.248785289163,-109.652943,-44.264230,-38.668840
1048576,1048576,2097152,0.106,222298,32,128,8192,36,50,67.395740,0.248785289163,-111.890676,-44.494936,-38.643631
1048576,1048576,2097152,0.106,222298,32,128,8192,36,51,69.402767,0.248785289163,-114.128398,-44.725631,-38.622491
1048576,1048576,2097152,0.106,222298,32,128,8192,36,52,71.409794,0.248785289163,-116.366107,-44.956314,-38.604715
1048576,1048576,2097152,0.106,222298,32,128,8192,36,53,73.416821,0.248785289163,-118.603803,-45.186982,-38.589737
1048576,1048576,2097152,0.106,222298,32,128,8192,36,54,75.336341,0.279342122892,-120.841482,-45.505141,-38.577834
1048576,1048576,2097152,0.106,222298,32,128,8192,36,55,77.176236,0.279342122892,-123.079144,-45.902908,-38.568865
1048576,1048576,2097152,0.106,222298,32,128,8192,36,56,79.016131,0.279342122892,-125.316785,-46.300655,-38.562094
1048576,1048576,2097152,0.106,222298,32,128,8192,36,57,80.856026,0.279342122892,-127.554404,-46.698378,-38.556976
1048576,1048576,2097152,0.106,222298,32,128,8192,36,58,82.695921,0.279342122892,-129.791997,-47.096077,-38.553102
1048576,1048576,2097152,0.106,222298,32,128,8192,36,59,84.450307,0.313652072773,-132.029562,-47.579254,-38.550338
1048576,1048576,2097152,0.106,222298,32,128,8192,36,60,86.123070,0.313652072773,-134.267094,-48.144023,-38.548472
1048576,1048576,2097152,0.106,222298,32,128,8192,36,61,87.795833,0.313652072773,-136.504589,-48.708755,-38.547212
1048576,1048576,2097152,0.106,222298,32,128,8192,36,62,89.468596,0.313652072773,-138.742043,-49.273446,-38.546360
1048576,1048576,2097152,0.106,222298,32,128,8192,36,63,91.141359,0.313652072773,-140.979450,-49.838091,-38.545785
1048576,1048576,2097152,0.106,222298,32,128,8192,36,64,92.814122,0.313652072773,-143.216806,-50.402683,-38.545396
1048576,1048576,2097152,0.106,222298,32,128,8192,36,65,94.359743,0.352176111989,-145.454102,-51.094358,-38.545155
1048576,1048576,2097152,0.106,222298,32,128,8192,36,66,95.865374,0.352176111989,-147.691331,-51.825957,-38.545010
1048576,1048576,2097152,0.106,222298,32,128,8192,36,67,97.371005,0.352176111989,-149.928486,-52.557481,-38.544923
1048576,1048576,2097152,0.106,222298,32,128,8192,36,68,98.876636,0.352176111989,-152.165557,-53.288921,-38.544871
1048576,1048576,2097152,0.106,222298,32,128,8192,36,69,100.382267,0.352176111989,-154.402533,-54.020266,-38.544839
1048576,1048576,2097152,0.106,222298,32,128,8192,36,70,101.887899,0.352176111989,-156.639403,-54.751504,-38.544820
1048576,1048576,2097152,0.106,222298,32,128,8192,36,71,103.393530,0.352176111989,-158.876152,-55.482623,-38.544808
1048576,1048576,2097152,0.106,222298,32,128,8192,36,72,104.899161,0.352176111989,-161.112767,-56.213607,-38.544801
1048576,1048576,2097152,0.106,222298,32,128,8192,36,73,106.404792,0.352176111989,-163.349231,-56.944439,-38.544797
1048576,1048576,2097152,0.106,222298,32,128,8192,36,74,107.910423,0.352176111989,-165.585524,-57.675102,-38.544795
1048576,1048576,2097152,0.106,222298,32,128,8192,36,75,109.416054,0.352176111989,-167.821627,-58.405573,-38.544793
1048576,1048576,2097152,0.106,222298,32,128,8192,36,76,110.921685,0.352176111989,-170.057515,-59.135830,-38.544792
1048576,1048576,2097152,0.106,222298,32,128,8192,36,77,112.427316,0.352176111989,-172.293162,-59.865846,-38.544792
1048576,1048576,2097152,0.106,222298,32,128,8192,36,78,113.932947,0.352176111989,-174.528540,-60.595593,-38.544791
1048576,1048576,2097152,0.106,222298,32,128,8192,36,79,115.438578,0.352176111989,-176.763616,-61.325038,-38.544791
1048576,1048576,2097152,0.106,222298,32,128,8192,36,80,116.944209,0.352176111989,-178.998353,-62.054144,-38.544791
1048576,1048576,2097152,0.106,222298,32,128,8192,36,81,118.449840,0.352176111989,-181.232711,-62.782871,-38.544791
1048576,1048576,2097152,0.106,222298,32,128,8192,36,82,119.955471,0.352176111989,-183.466646,-63.511175,-38.544791
1048576,1048576,2097152,0.106,222298,32,128,8192,36,83,121.461102,0.352176111989,-185.700107,-64.239005,-38.544791
1048576,1048576,2097152,0.106,222298,32,128,8192,36,84,122.966733,0.352176111989,-187.933039,-64.966306,-38.544791
1048576,1048576,2097152,0.106,222298,32,128,8192,36,85,124.472364,0.352176111989,-190.165381,-65.693017,-38.544791
1048576,1048576,2097152,0.106,222298,32,128,8192,36,86,125.977995,0.352176111989,-192.397066,-66.419071,-38.544791
1048576,1048576,2097152,0.106,222298,32,128,8192,36,87,127.483626,0.352176111989,-194.628018,-67.144392,-38.544791
1048576,1048576,2097152,0.106,222298,32,128,8192,36,88,128.989257,0.352176111989,-196.858157,-67.868900,-38.544791
1048576,1048576,2097152,0.106,222298,32,128,8192,36,89,130.494888,0.352176111989,-199.087391,-68.592503,-38.544791
1048576,1048576,2097152,0.106,222298,32,128,8192,36,90,132.000519,0.352176111989,-201.315623,-69.315104,-38.544791
1048576,1048576,2097152,0.106,222298,32,128,8192,36,91,133.506150,0.352176111989,-203.542744,-70.036594,-38.544791
1048576,1048576,2097152,0.106,222298,32,128,8192,36,92,135.011781,0.352176111989,-205.768640,-70.756858,-38.544791
1048576,1048576,2097152,0.106,222298,32,128,8192,36,93,136.517412,0.352176111989,-207.993180,-71.475768,-38.544791
1048576,1048576,2097152,0.106,222298,32,128,8192,36,94,138.023043,0.352176111989,-210.216231,-72.193187,-38.544791
1048576,1048576,2097152,0.106,222298,32,128,8192,36,95,139.528675,0.352176111989,-212.437643,-72.908969,-38.544791
1048576,1048576,2097152,0.106,222298,32,128,8192,36,96,141.034306,0.352176111989,-214.657262,-73.622957,-38.544791
1048576,1048576,2097152,0.106,222298,32,128,8192,36,97,142.539937,0.352176111989,-216.874919,-74.334983,-38.544791
1048576,1048576,2097152,0.106,222298,32,128,8192,36,98,144.045568,0.352176111989,-219.090440,-75.044872,-38.544791
1048576,1048576,2097152,0.106,222298,32,128,8192,36,99,145.551199,0.352176111989,-221.303637,-75.752439,-38.544791
1048576,1048576,2097152,0.106,222298,32,128,8192,36,100,147.056830,0.352176111989,-223.514322,-76.457492,-38.544791
1048576,1048576,2097152,0.106,222298,32,128,8192,36,101,148.562461,0.352176111989,-225.722292,-77.159832,-38.544791
1048576,1048576,2097152,0.106,222298,32,128,8192,36,102,150.068092,0.352176111989,-227.927350,-77.859259,-38.544791
1048576,1048576,2097152,0.106,222298,32,128,8192,36,103,151.573723,0.352176111989,-230.129288,-78.555565,-38.544791
1048576,1048576,2097152,0.106,222298,32,128,8192,36,104,153.079354,0.352176111989,-232.327903,-79.248549,-38.544791
1048576,1048576,2097152,0.106,222298,32,128,8192,36,105,154.584985,0.352176111989,-234.522998,-79.938013,-38.544791
1048576,1048576,2097152,0.106,222298,32,128,8192,36,106,156.090616,0.352176111989,-236.714376,-80.623760,-38.544791
1048576,1048576,2097152,0.106,222298,32,128,8192,36,107,157.596247,0.352176111989,-238.901855,-81.305608,-38.544791
1048576,1048576,2097152,0.106,222298,32,128,8192,36,108,159.101878,0.352176111989,-241.085269,-81.983391,-38.544791
1048576,1048576,2097152,0.106,222298,32,128,8192,36,109,160.607509,0.352176111989,-243.264462,-82.656953,-38.544791
1048576,1048576,2097152,0.106,222298,32,128,8192,36,110,162.113140,0.352176111989,-245.439303,-83.326163,-38.544791
1048576,1048576,2097152,0.106,222298,32,128,8192,36,111,163.618771,0.352176111989,-247.609688,-83.990917,-38.544791
1048576,1048576,2097152,0.106,222298,32,128,8192,36,112,165.124402,0.352176111989,-249.775532,-84.651130,-38.544791
1048576,1048576,2097152,0.106,222298,32,128,8192,36,113,166.630033,0.352176111989,-251.936783,-85.306750,-38.544791
1048576,1048576,2097152,0.106,222298,32,128,8192,36,114,168.135664,0.352176111989,-254.093421,-85.957756,-38.544791
1048576,1048576,2097152,0.106,222298,32,128,8192,36,115,169.641295,0.352176111989,-256.245448,-86.604153,-38.544791
1048576,1048576,2097152,0.106,222298,32,128,8192,36,116,171.146926,0.352176111989,-258.392905,-87.245978,-38.544791
1048576,1048576,2097152,0.106,222298,32,128,8192,36,117,172.652557,0.352176111989,-260.535860,-87.883302,-38.544791
1048576,1048576,2097152,0.106,222298,32,128,8192,36,118,174.158188,0.352176111989,-262.674404,-88.516216,-38.544791
1048576,1048576,2097152,0.106,222298,32,128,8192,36,119,175.663819,0.352176111989,-264.808660,-89.144841,-38.544791
1048576,1048576,2097152,0.106,222298,32,128,8192,36,120,177.169451,0.352176111989,-266.938772,-89.769321,-38.544791
1048576,1048576,2097152,0.106,222298,32,128,8192,36,121,178.675082,0.352176111989,-269.064898,-90.389816,-38.544791
1048576,1048576,2097152,0.106,222298,32,128,8192,36,122,180.180713,0.352176111989,-271.187219,-91.006506,-38.544791
1048576,1048576,2097152,0.106,222298,32,128,8192,36,123,181.686344,0.352176111989,-273.305926,-91.619582,-38.544791
1048576,1048576,2097152,0.106,222298,32,128,8192,36,124,183.191975,0.352176111989,-275.421216,-92.229241,-38.544791
1048576,1048576,2097152,0.106,222298,32,128,8192,36,125,184.697606,0.352176111989,-277.533295,-92.835689,-38.544791
1048576,1048576,2097152,0.106,222298,32,128,8192,36,126,186.203237,0.352176111989,-279.642372,-93.439135,-38.544791
1048576,1048576,2097152,0.106,222298,32,128,8192,36,127,187.708868,0.352176111989,-281.748651,-94.039783,-38.544791
1048576,1048576,2097152,0.106,222298,32,128,8192,36,128,189.214499,0.352176111989,-283.852337,-94.637838,-38.544791
1048576,1048576,2097152,0.106,222298,32,128,8192,36,129,190.720130,0.352176111989,-285.953631,-95.233502,-38.544791
1048576,1048576,2097152,0.106,222298,32,128,8192,36,130,192.225761,0.352176111989,-288.052724,-95.826963,-38.544791
1048576,1048576,2097152,0.106,222298,32,128,8192,36,131,193.731392,0.352176111989,-290.149799,-96.418407,-38.544791
1048576,1048576,2097152,0.106,222298,32,128,8192,36,132,195.237023,0.352176111989,-292.245035,-97.008012,-38.544791
1048576,1048576,2097152,0.106,222298,32,128,8192,36,133,196.742654,0.352176111989,-294.338595,-97.595941,-38.544791
1048576,1048576,2097152,0.106,222298,32,128,8192,36,134,198.248285,0.352176111989,-296.430636,-98.182351,-38.544791
1048576,1048576,2097152,0.106,222298,32,128,8192,36,135,199.753916,0.352176111989,-298.521304,-98.767388,-38.544791
1048576,1048576,2097152,0.106,222298,32,128,8192,36,136,201.259547,0.352176111989,-300.610733,-99.351186,-38.544791
1048576,1048576,2097152,0.106,222298,32,128,8192,36,137,202.765178,0.352176111989,-302.699049,-99.933871,-38.544791
1048576,1048576,2097152,0.106,222298,32,128,8192,36,138,204.270809,0.352176111989,-304.786369,-100.515560,-38.544791
1048576,1048576,2097152,0.106,222298,32,128,8192,36,139,205.776440,0.352176111989,-306.872797,-101.096357,-38.544791
1048576,1048576,2097152,0.106,222298,32,128,8192,36,140,207.282071,0.352176111989,-308.958431,-101.676360,-38.544791
1048576,1048576,2097152,0.106,222298,32,128,8192,36,141,208.787702,0.352176111989,-311.043360,-102.255658,-38.544791
1048576,1048576,2097152,0.106,222298,32,128,8192,36,142,210.293333,0.352176111989,-313.127665,-102.834331,-38.544791
1048576,1048576,2097152,0.106,222298,32,128,8192,36,143,211.798964,0.352176111989,-315.211418,-103.412454,-38.544791
1048576,1048576,2097152,0.106,222298,32,128,8192,36,144,213.304595,0.352176111989,-317.294688,-103.990093,-38.544791
1048576,1048576,2097152,0.106,222298,32,128,8192,36,145,214.810227,0.352176111989,-319.377534,-104.567307,-38.544791
1048576,1048576,2097152,0.106,222298,32,128,8192,36,146,216.315858,0.352176111989,-321.460010,-105.144152,-38.544791
1048576,1048576,2097152,0.106,222298,32,128,8192,36,147,217.821489,0.352176111989,-323.542166,-105.720677,-38.544791
1048576,1048576,2097152,0.106,222298,32,128,8192,36,148,219.327120,0.352176111989,-325.624045,-106.296926,-38.544791
1048576,1048576,2097152,0.106,222298,32,128,8192,36,149,220.832751,0.352176111989,-327.705688,-106.872938,-38.544791
1048576,1048576,2097152,0.106,222298,32,128,8192,36,150,222.338382,0.352176111989,-329.787131,-107.448749,-38.544791
1048576,1048576,2097152,0.106,222298,32,128,8192,36,151,223.844013,0.352176111989,-331.868404,-108.024392,-38.544791
1048576,1048576,2097152,0.106,222298,32,128,8192,36,152,225.349644,0.352176111989,-333.949538,-108.599894,-38.544791
1048576,1048576,2097152,0.106,222298,32,128,8192,36,153,226.855275,0.352176111989,-336.030557,-109.175283,-38.544791
1048576,1048576,2097152,0.106,222298,32,128,8192,36,154,228.360906,0.352176111989,-338.111485,-109.750579,-38.544791
1048576,1048576,2097152,0.106,222298,32,128,8192,36,155,229.866537,0.352176111989,-340.192342,-110.325805,-38.544791
1048576,1048576,2097152,0.106,222298,32,128,8192,36,156,231.372168,0.352176111989,-342.273146,-110.900979,-38.544791
1048576,1048576,2097152,0.106,222298,32,128,8192,36,157,232.877799,0.352176111989,-344.353915,-111.476116,-38.544791
1048576,1048576,2097152,0.106,222298,32,128,8192,36,158,234.383430,0.352176111989,-346.434661,-112.051231,-38.544791
1048576,1048576,2097152,0.106,222298,32,128,8192,36,159,235.889061,0.352176111989,-348.515398,-112.626337,-38.544791
1048576,1048576,2097152,0.106,222298,32,128,8192,36,160,237.394692,0.352176111989,-350.596137,-113.201445,-38.544791
1048576,1048576,2097152,0.106,222298,32,128,8192,36,161,238.900323,0.352176111989,-352.676889,-113.776566,-38.544791
1048576,1048576,2097152,0.106,222298,32,128,8192,36,162,240.405954,0.352176111989,-354.757663,-114.351708,-38.544791
1048576,1048576,2097152,0.106,222298,32,128,8192,36,163,241.911585,0.352176111989,-356.838466,-114.926880,-38.544791
1048576,1048576,2097152,0.106,222298,32,128,8192,36,164,243.417216,0.352176111989,-358.919305,-115.502089,-38.544791
1048576,1048576,2097152,0.106,222298,32,128,8192,36,165,244.922847,0.352176111989,-361.000187,-116.077340,-38.544791
1048576,1048576,2097152,0.106,222298,32,128,8192,36,166,246.428478,0.352176111989,-363.081117,-116.652639,-38.544791
1048576,1048576,2097152,0.106,222298,32,128,8192,36,167,247.934109,0.352176111989,-365.162100,-117.227990,-38.544791
1048576,1048576,2097152,0.106,222298,32,128,8192,36,168,249.439740,0.352176111989,-367.243139,-117.803399,-38.544791
1048576,1048576,2097152,0.106,222298,32,128,8192,36,169,250.945371,0.352176111989,-369.324239,-118.378868,-38.544791
1048576,1048576,2097152,0.106,222298,32,128,8192,36,170,252.451003,0.352176111989,-371.405403,-118.954401,-38.544791
1048576,1048576,2097152,0.106,222298,32,128,8192,36,171,253.956634,0.352176111989,-373.486633,-119.529999,-38.544791
1048576,1048576,2097152,0.106,222298,32,128,8192,36,172,255.462265,0.352176111989,-375.567932,-120.105667,-38.544791
1048576,1048576,2097152,0.106,222298,32,128,8192,36,173,256.967896,0.352176111989,-377.649301,-120.681406,-38.544791
1048576,1048576,2097152,0.106,222298,32,128,8192,36,174,258.473527,0.352176111989,-379.730743,-121.257216,-38.544791
1048576,1048576,2097152,0.106,222298,32,128,8192,36,175,259.979158,0.352176111989,-381.812258,-121.833101,-38.544791
1048576,1048576,2097152,0.106,222298,32,128,8192,36,176,261.484789,0.352176111989,-383.893849,-122.409060,-38.544791
1048576,1048576,2097152,0.106,222298,32,128,8192,36,177,262.990420,0.352176111989,-385.975515,-122.985095,-38.544791
1048576,1048576,2097152,0.106,222298,32,128,8192,36,178,264.496051,0.352176111989,-388.057258,-123.561207,-38.544791
1048576,1048576,2097152,0.106,222298,32,128,8192,36,179,266.001682,0.352176111989,-390.139078,-124.137397,-38.544791
1048576,1048576,2097152,0.106,222298,32,128,8192,36,180,267.507313,0.352176111989,-392.220977,-124.713664,-38.544791
1048576,1048576,2097152,0.106,222298,32,128,8192,38,1,-inf,,-2.237843,-inf,-inf
1048576,1048576,2097152,0.106,222298,32,128,8192,38,2,-inf,,-4.475684,-inf,-inf
1048576,1048576,2097152,0.106,222298,32,128,8192,38,3,-inf,,-6.713526,-inf,-inf
1048576,1048576,2097152,0.106,222298,32,128,8192,38,4,-inf,,-8.951366,-inf,-inf
1048576,1048576,2097152,0.106,222298,32,128,8192,38,5,-inf,,-11.189206,-inf,-inf
1048576,1048576,2097152,0.106,222298,32,128,8192,38,6,-inf,,-13.427045,-inf,-inf
1048576,1048576,2097152,0.106,222298,32,128,8192,38,7,-inf,,-15.664883,-inf,-inf
1048576,1048576,2097152,0.106,222298,32,128,8192,38,8,-inf,,-17.902721,-inf,-inf
1048576,1048576,2097152,0.106,222298,32,128,8192,38,9,-inf,,-20.140558,-inf,-inf
1048576,1048576,2097152,0.106,222298,32,128,8192,38,10,-inf,,-22.378394,-inf,-inf
1048576,1048576,2097152,0.106,222298,32,128,8192,38,11,-inf,,-24.616229,-inf,-inf
1048576,1048576,2097152,0.106,222298,32,128,8192,38,12,-inf,,-26.854064,-inf,-inf
1048576,1048576,2097152,0.106,222298,32,128,8192,38,13,-inf,,-29.091897,-inf,-inf
1048576,1048576,2097152,0.106,222298,32,128,8192,38,14,-inf,,-31.329731,-inf,-inf
1048576,1048576,2097152,0.106,222298,32,128,8192,38,15,-inf,,-33.567563,-inf,-inf
1048576,1048576,2097152,0.106,222298,32,128,8192,38,16,-inf,,-35.805394,-inf,-inf
1048576,1048576,2097152,0.106,222298,32,128,8192,38,17,-inf,,-38.043225,-inf,-inf
1048576,1048576,2097152,0.106,222298,32,128,8192,38,18,-inf,,-40.281055,-inf,-inf
1048576,1048576,2097152,0.106,222298,32,128,8192,38,19,-inf,,-42.518884,-inf,-inf
1048576,1048576,2097152,0.106,222298,32,128,8192,38,20,-inf,,-44.756712,-inf,-inf
1048576,1048576,2097152,0.106,222298,32,128,8192,38,21,-inf,,-46.994540,-inf,-inf
1048576,1048576,2097152,0.106,222298,32,128,8192,38,22,-inf,,-49.232366,-inf,-inf
1048576,1048576,2097152,0.106,222298,32,128,8192,38,23,-inf,,-51.470191,-inf,-inf
1048576,1048576,2097152,0.106,222298,32,128,8192,38,24,-inf,,-53.708016,-inf,-inf
1048576,1048576,2097152,0.106,222298,32,128,8192,38,25,-inf,,-55.945839,-inf,-inf
1048576,1048576,2097152,0.106,222298,32,128,8192,38,26,-inf,,-58.183662,-inf,-inf
1048576,1048576,2097152,0.106,222298,32,128,8192,38,27,-inf,,-60.421483,-inf,-inf
1048576,1048576,2097152,0.106,222298,32,128,8192,38,28,-inf,,-62.659303,-inf,-inf
1048576,1048576,2097152,0.106,222298,32,128,8192,38,29,-inf,,-64.897122,-inf,-inf
1048576,1048576,2097152,0.106,222298,32,128,8192,38,30,-inf,,-67.134939,-inf,-inf
1048576,1048576,2097152,0.106,222298,32,128,8192,38,31,-inf,,-69.372755,-inf,-inf
1048576,1048576,2097152,0.106,222298,32,128,8192,38,32,-inf,,-71.610569,-inf,-inf
1048576,1048576,2097152,0.106,222298,32,128,8192,38,33,-inf,,-73.848382,-inf,-inf
1048576,1048576,2097152,0.106,222298,32,128,8192,38,34,-inf,,-76.086193,-inf,-inf
1048576,1048576,2097152,0.106,222298,32,128,8192,38,35,-inf,,-78.324002,-inf,-inf
1048576,1048576,2097152,0.106,222298,32,128,8192,38,36,-inf,,-80.561808,-inf,-inf
1048576,1048576,2097152,0.106,222298,32,128,8192,38,37,-inf,,-82.799612,-inf,-inf
1048576,1048576,2097152,0.106,222298,32,128,8192,38,38,43.311417,0.248785289163,-85.037414,-41.725997,-41.725997
1048576,1048576,2097152,0.106,222298,32,128,8192,38,39,45.318444,0.248785289163,-87.275213,-41.956769,-40.836774
1048576,1048576,2097152,0.106,222298,32,128,8192,38,40,47.325471,0.248785289163,-89.513008,-42.187537,-40.359527
1048576,1048576,2097152,0.106,222298,32,128,8192,38,41,49.332498,0.248785289163,-91.750800,-42.418302,-40.049164
1048576,1048576,2097152,0.106,222298,32,128,8192,38,42,51.339525,0.248785289163,-93.988588,-42.649063,-39.828896
1048576,1048576,2097152,0.106,222298,32,128,8192,38,43,53.346551,0.248785289163,-96.226371,-42.879819,-39.664541
1048576,1048576,2097152,0.106,222298,32,128,8192,38,44,55.353578,0.248785289163,-98.464149,-43.110571,-39.537889
1048576,1048576,2097152,0.106,222298,32,128,8192,38,45,57.360605,0.248785289163,-100.701922,-43.341317,-39.438091
1048576,1048576,2097152,0.106,222298,32,128,8192,38,46,59.367632,0.248785289163,-102.939689,-43.572056,-39.358173
1048576,1048576,2097152,0.106,222298,32,128,8192,38,47,61.374659,0.248785289163,-105.177448,-43.802789,-39.293396
1048576,1048576,2097152,0.106,222298,32,128,8192,38,48,63.381686,0.248785289163,-107.415200,-44.033514,-39.240398
1048576,1048576,2097152,0.106,222298,32,128,8192,38,49,65.388713,0.248785289163,-109.652943,-44.264230,-39.196720
1048576,1048576,2097152,0.106,222298,32,128,8192,38,50,67.395740,0.248785289163,-111.890676,-44.494936,-39.160513
1048576,1048576,2097152,0.106,222298,32,128,8192,38,51,69.402767,0.248785289163,-114.128398,-44.725631,-39.130358
1048576,1048576,2097152,0.106,222298,32,128,8192,38,52,71.409794,0.248785289163,-116.366107,-44.956314,-39.105148
1048576,1048576,2097152,0.106,222298,32,128,8192,38,53,73.416821,0.248785289163,-118.603803,-45.186982,-39.084004
1048576,1048576,2097152,0.106,222298,32,128,8192,38,54,75.334512,0.279342122892,-120.841482,-45.506970,-39.067287
1048576,1048576,2097152,0.106,222298,32,128,8192,38,55,77.174407,0.279342122892,-123.079144,-45.904737,-39.054727
1048576,1048576,2097152,0.106,222298,32,128,8192,38,56,79.014302,0.279342122892,-125.316785,-46.302484,-39.045266
1048576,1048576,2097152,0.106,222298,32,128,8192,38,57,80.854197,0.279342122892,-127.554404,-46.700207,-39.038125
1048576,1048576,2097152,0.106,222298,32,128,8192,38,58,82.694092,0.279342122892,-129.791997,-47.097906,-39.032728
1048576,1048576,2097152,0.106,222298,32,128,8192,38,59,84.450162,0.313652072773,-132.029562,-47.579399,-39.028875
1048576,1048576,2097152,0.106,222298,32,128,8192,38,60,86.122925,0.313652072773,-134.267094,-48.144168,-39.026276
1048576,1048576,2097152,0.106,222298,32,128,8192,38,61,87.795688,0.313652072773,-136.504589,-48.708900,-39.024522
1048576,1048576,2097152,0.106,222298,32,128,8192,38,62,89.468451,0.313652072773,-138.742043,-49.273592,-39.023337
1048576,1048576,2097152,0.106,222298,32,128,8192,38,63,91.141214,0.313652072773,-140.979450,-49.838236,-39.022536
1048576,1048576,2097152,0.106,222298,32,128,8192,38,64,92.813977,0.313652072773,-143.216806,-50.402828,-39.021995
1048576,1048576,2097152,0.106,222298,32,128,8192,38,65,94.359737,0.352176111989,-145.454102,-51.094365,-39.021660
1048576,1048576,2097152,0.106,222298,32,128,8192,38,66,95.865368,0.352176111989,-147.691331,-51.825964,-39.021459
1048576,1048576,2097152,0.106,222298,32,128,8192,38,67,97.370999,0.352176111989,-149.928486,-52.557487,-39.021337
1048576,1048576,2097152,0.106,222298,32,128,8192,38,68,98.876630,0.352176111989,-152.165557,-53.288927,-39.021264
1048576,1048576,2097152,0.106,222298,32,128,8192,38,69,100.382261,0.352176111989,-154.402533,-54.020272,-39.021220
1048576,1048576,2097152,0.106,222298,32,128,8192,38,70,101.887892,0.352176111989,-156.639403,-54.751511,-39.021193
1048576,1048576,2097152,0.106,222298,32,128,8192,38,71,103.393523,0.352176111989,-158.876152,-55.482629,-39.021177
1048576,1048576,2097152,0.106,222298,32,128,8192,38,72,104.899154,0.352176111989,-161.112767,-56.213613,-39.021168
1048576,1048576,2097152,0.106,222298,32,128,8192,38,73,106.404785,0.352176111989,-163.349231,-56.944446,-39.021162
1048576,1048576,2097152,0.106,222298,32,128,8192,38,74,107.910416,0.352176111989,-165.585524,-57.675108,-39.021158
1048576,1048576,2097152,0.106,222298,32,128,8192,38,75,109.416047,0.352176111989,-167.821627,-58.405579,-39.021156
1048576,1048576,2097152,0.106,222298,32,128,8192,38,76,110.921678,0.352176111989,-170.057515,-59.135837,-39.021155
1048576,1048576,2097152,0.106,222298,32,128,8192,38,77,112.427309,0.352176111989,-172.293162,-59.865853,-39.021154
1048576,1048576,2097152,0.106,222298,32,128,8192,38,78,113.932940,0.352176111989,-174.528540,-60.595600,-39.021154
1048576,1048576,2097152,0.106,222298,32,128,8192,38,79,115.438571,0.352176111989,-176.763616,-61.325044,-39.021154
1048576,1048576,2097152,0.106,222298,32,128,8192,38,80,116.944202,0.352176111989,-178.998353,-62.054151,-39.021153
1048576,1048576,2097152,0.106,222298,32,128,8192,38,81,118.449833,0.352176111989,-181.232711,-62.782878,-39.021153
1048576,1048576,2097152,0.106,222298,32,128,8192,38,82,119.955465,0.352176111989,-183.466646,-63.511181,-39.021153
1048576,1048576,2097152,0.106,222298,32,128,8192,38,83,121.461096,0.352176111989,-185.700107,-64.239011,-39.021153
1048576,1048576,2097152,0.106,222298,32,128,8192,38,84,122.966727,0.352176111989,-187.933039,-64.966313,-39.021153
1048576,1048576,2097152,0.106,222298,32,128,8192,38,85,124.472358,0.352176111989,-190.165381,-65.693023,-39.021153
1048576,1048576,2097152,0.106,222298,32,128,8192,38,86,125.977989,0.352176111989,-192.397066,-66.419077,-39.021153
1048576,1048576,2097152,0.106,222298,32,128,8192,38,87,127.483620,0.352176111989,-194.628018,-67.144398,-39.021153
1048576,1048576,2097152,0.106,222298,32,128,8192,38,88,128.989251,0.352176111989,-196.858157,-67.868906,-39.021153
1048576,1048576,2097152,0.106,222298,32,128,8192,38,89,130.494882,0.352176111989,-199.087391,-68.592509,-39.021153
1048576,1048576,2097152,0.106,222298,32,128,8192,38,90,132.000513,0.352176111989,-201.315623,-69.315110,-39.021153
1048576,1048576,2097152,0.106,222298,32,128,8192,38,91,133.506144,0.352176111989,-203.542744,-70.036601,-39.021153
1048576,1048576,2097152,0.106,222298,32,128,8192,38,92,135.011775,0.352176111989,-205.768640,-70.756865,-39.021153
1048576,1048576,2097152,0.106,222298,32,128,8192,38,93,136.517406,0.352176111989,-207.993180,-71.475774,-39.021153
1048576,1048576,2097152,0.106,222298,32,128,8192,38,94,138.023037,0.352176111989,-210.216231,-72.193194,-39.021153
1048576,1048576,2097152,0.106,222298,32,128,8192,38,95,139.528668,0.352176111989,-212.437643,-72.908975,-39.021153
1048576,1048576,2097152,0.106,222298,32,128,8192,38,96,141.034299,0.352176111989,-214.657262,-73.622963,-39.021153
1048576,1048576,2097152,0.106,222298,32,128,8192,38,97,142.539930,0.352176111989,-216.874919,-74.334989,-39.021153
1048576,1048576,2097152,0.106,222298,32,128,8192,38,98,144.045561,0.352176111989,-219.090440,-75.044879,-39.021153
1048576,1048576,2097152,0.106,222298,32,128,8192,38,99,145.551192,0.352176111989,-221.303637,-75.752445,-39.021153
1048576,1048576,2097152,0.106,222298,32,128,8192,38,100,147.056823,0.352176111989,-223.514322,-76.457498,-39.021153
1048576,1048576,2097152,0.106,222298,32,128,8192,38,101,148.562454,0.352176111989,-225.722292,-77.159838,-39.021153
1048576,1048576,2097152,0.106,222298,32,128,8192,38,102,150.068085,0.352176111989,-227.927350,-77.859265,-39.021153
1048576,1048576,2097152,0.106,222298,32,128,8192,38,103,151.573716,0.352176111989,-230.129288,-78.555572,-39.021153
1048576,1048576,2097152,0.106,222298,32,128,8192,38,104,153.079347,0.352176111989,-232.327903,-79.248556,-39.021153
1048576,1048576,2097152,0.106,222298,32,128,8192,38,105,154.584978,0.352176111989,-234.522998,-79.938020,-39.021153
1048576,1048576,2097152,0.106,222298,32,128,8192,38,106,156.090609,0.352176111989,-236.714376,-80.623766,-39.021153
1048576,1048576,2097152,0.106,222298,32,128,8192,38,107,157.596241,0.352176111989,-238.901855,-81.305615,-39.021153
1048576,1048576,2097152,0.106,222298,32,128,8192,38,108,159.101872,0.352176111989,-241.085269,-81.983398,-39.021153
1048576,1048576,2097152,0.106,222298,32,128,8192,38,109,160.607503,0.352176111989,-243.264462,-82.656959,-39.021153
1048576,1048576,2097152,0.106,222298,32,128,8192,38,110,162.113134,0.352176111989,-245.439303,-83.326170,-39.021153
1048576,1048576,2097152,0.106,222298,32,128,8192,38,111,163.618765,0.352176111989,-247.609688,-83.990924,-39.021153
1048576,1048576,2097152,0.106,222298,32,128,8192,38,112,165.124396,0.352176111989,-249.775532,-84.651136,-39.021153
1048576,1048576,2097152,0.106,222298,32,128,8192,38,113,166.630027,0.352176111989,-251.936783,-85.306756,-39.021153
1048576,1048576,2097152,0.106,222298,32,128,8192,38,114,168.135658,0.352176111989,-254.093421,-85.957763,-39.021153
1048576,1048576,2097152,0.106,222298,32,128,8192,38,115,169.641289,0.352176111989,-256.245448,-86.604159,-39.021153
1048576,1048576,2097152,0.106,222298,32,128,8192,38,116,171.146920,0.352176111989,-258.392905,-87.245985,-39.021153
1048576,1048576,2097152,0.106,222298,32,128,8192,38,117,172.652551,0.352176111989,-260.535860,-87.883309,-39.021153
1048576,1048576,2097152,0.106,222298,32,128,8192,38,118,174.158182,0.352176111989,-262.674404,-88.516222,-39.021153
1048576,1048576,2097152,0.106,222298,32,128,8192,38,119,175.663813,0.352176111989,-264.808660,-89.144847,-39.021153
1048576,1048576,2097152,0.106,222298,32,128,8192,38,120,177.169444,0.352176111989,-266.938772,-89.769328,-39.021153
1048576,1048576,2097152,0.106,222298,32,128,8192,38,121,178.675075,0.352176111989,-269.064898,-90.389823,-39.021153
1048576,1048576,2097152,0.106,222298,32,128,8192,38,122,180.180706,0.352176111989,-271.187219,-91.006513,-39.021153
1048576,1048576,2097152,0.106,222298,32,128,8192,38,123,181.686337,0.352176111989,-273.305926,-91.619589,-39.021153
1048576,1048576,2097152,0.106,222298,32,128,8192,38,124,183.191968,0.352176111989,-275.421216,-92.229248,-39.021153
1048576,1048576,2097152,0.106,222298,32,128,8192,38,125,184.697599,0.352176111989,-277.533295,-92.835696,-39.021153
1048576,1048576,2097152,0.106,222298,32,128,8192,38,126,186.203230,0.352176111989,-279.642372,-93.439141,-39.021153
1048576,1048576,2097152,0.106,222298,32,128,8192,38,127,187.708861,0.352176111989,-281.748651,-94.039789,-39.021153
1048576,1048576,2097152,0.106,222298,32,128,8192,38,128,189.214492,0.352176111989,-283.852337,-94.637845,-39.021153
1048576,1048576,2097152,0.106,222298,32,128,8192,38,129,190.720123,0.352176111989,-285.953631,-95.233508,-39.021153
1048576,1048576,2097152,0.106,222298,32,128,8192,38,130,192.225754,0.352176111989,-288.052724,-95.826969,-39.021153
1048576,1048576,2097152,0.106,222298,32,128,8192,38,131,193.731385,0.352176111989,-290.149799,-96.418414,-39.021153
1048576,1048576,2097152,0.106,222298,32,128,8192,38,132,195.237017,0.352176111989,-292.245035,-97.008019,-39.021153
1048576,1048576,2097152,0.106,222298,32,128,8192,38,133,196.742648,0.352176111989,-294.338595,-97.595947,-39.021153
1048576,1048576,2097152,0.106,222298,32,128,8192,38,134,198.248279,0.352176111989,-296.430636,-98.182357,-39.021153
1048576,1048576,2097152,0.106,222298,32,128,8192,38,135,199.753910,0.352176111989,-298.521304,-98.767394,-39.021153
1048576,1048576,2097152,0.106,222298,32,128,8192,38,136,201.259541,0.352176111989,-300.610733,-99.351192,-39.021153
1048576,1048576,2097152,0.106,222298,32,128,8192,38,137,202.765172,0.352176111989,-302.699049,-99.933878,-39.021153
1048576,1048576,2097152,0.106,222298,32,128,8192,38,138,204.270803,0.352176111989,-304.786369,-100.515566,-39.021153
1048576,1048576,2097152,0.106,222298,32,128,8192,38,139,205.776434,0.352176111989,-306.872797,-101.096363,-39.021153
1048576,1048576,2097152,0.106,222298,32,128,8192,38,140,207.282065,0.352176111989,-308.958431,-101.676366,-39.021153
1048576,1048576,2097152,0.106,222298,32,128,8192,38,141,208.787696,0.352176111989,-311.043360,-102.255664,-39.021153
1048576,1048576,2097152,0.106,222298,32,128,8192,38,142,210.293327,0.352176111989,-313.127665,-102.834338,-39.021153
1048576,1048576,2097152,0.106,222298,32,128,8192,38,143,211.798958,0.352176111989,-315.211418,-103.412460,-39.021153
1048576,1048576,2097152,0.106,222298,32,128,8192,38,144,213.304589,0.352176111989,-317.294688,-103.990099,-39.021153
1048576,1048576,2097152,0.106,222298,32,128,8192,38,145,214.810220,0.352176111989,-319.377534,-104.567314,-39.021153
1048576,1048576,2097152,0.106,222298,32,128,8192,38,146,216.315851,0.352176111989,-321.460010,-105.144159,-39.021153
1048576,1048576,2097152,0.106,222298,32,128,8192,38,147,217.821482,0.352176111989,-323.542166,-105.720684,-39.021153
1048576,1048576,2097152,0.106,222298,32,128,8192,38,148,219.327113,0.352176111989,-325.624045,-106.296932,-39.021153
1048576,1048576,2097152,0.106,222298,32,128,8192,38,149,220.832744,0.352176111989,-327.705688,-106.872944,-39.021153
1048576,1048576,2097152,0.106,222298,32,128,8192,38,150,222.338375,0.352176111989,-329.787131,-107.448756,-39.021153
1048576,1048576,2097152,0.106,222298,32,128,8192,38,151,223.844006,0.352176111989,-331.868404,-108.024398,-39.021153
1048576,1048576,2097152,0.106,222298,32,128,8192,38,152,225.349637,0.352176111989,-333.949538,-108.599901,-39.021153
1048576,1048576,2097152,0.106,222298,32,128,8192,38,153,226.855268,0.352176111989,-336.030557,-109.175289,-39.021153
1048576,1048576,2097152,0.106,222298,32,128,8192,38,154,228.360899,0.352176111989,-338.111485,-109.750586,-39.021153
1048576,1048576,2097152,0.106,222298,32,128,8192,38,155,229.866530,0.352176111989,-340.192342,-110.325812,-39.021153
1048576,1048576,2097152,0.106,222298,32,128,8192,38,156,231.372161,0.352176111989,-342.273146,-110.900985,-39.021153
1048576,1048576,2097152,0.106,222298,32,128,8192,38,157,232.877793,0.352176111989,-344.353915,-111.476122,-39.021153
1048576,1048576,2097152,0.106,222298,32,128,8192,38,158,234.383424,0.352176111989,-346.434661,-112.051237,-39.021153
1048576,1048576,2097152,0.106,222298,32,128,8192,38,159,235.889055,0.352176111989,-348.515398,-112.626343,-39.021153
1048576,1048576,2097152,0.106,222298,32,128,8192,38,160,237.394686,0.352176111989,-350.596137,-113.201451,-39.021153
1048576,1048576,2097152,0.106,222298,32,128,8192,38,161,238.900317,0.352176111989,-352.676889,-113.776572,-39.021153
1048576,1048576,2097152,0.106,222298,32,128,8192,38,162,240.405948,0.352176111989,-354.757663,-114.351715,-39.021153
1048576,1048576,2097152,0.106,222298,32,128,8192,38,163,241.911579,0.352176111989,-356.838466,-114.926887,-39.021153
1048576,1048576,2097152,0.106,222298,32,128,8192,38,164,243.417210,0.352176111989,-358.919305,-115.502095,-39.021153
1048576,1048576,2097152,0.106,222298,32,128,8192,38,165,244.922841,0.352176111989,-361.000187,-116.077346,-39.021153
1048576,1048576,2097152,0.106,222298,32,128,8192,38,166,246.428472,0.352176111989,-363.081117,-116.652645,-39.021153
1048576,1048576,2097152,0.106,222298,32,128,8192,38,167,247.934103,0.352176111989,-365.162100,-117.227997,-39.021153
1048576,1048576,2097152,0.106,222298,32,128,8192,38,168,249.439734,0.352176111989,-367.243139,-117.803405,-39.021153
1048576,1048576,2097152,0.106,222298,32,128,8192,38,169,250.945365,0.352176111989,-369.324239,-118.378874,-39.021153
1048576,1048576,2097152,0.106,222298,32,128,8192,38,170,252.450996,0.352176111989,-371.405403,-118.954407,-39.021153
1048576,1048576,2097152,0.106,222298,32,128,8192,38,171,253.956627,0.352176111989,-373.486633,-119.530006,-39.021153
1048576,1048576,2097152,0.106,222298,32,128,8192,38,172,255.462258,0.352176111989,-375.567932,-120.105674,-39.021153
1048576,1048576,2097152,0.106,222298,32,128,8192,38,173,256.967889,0.352176111989,-377.649301,-120.681412,-39.021153
1048576,1048576,2097152,0.106,222298,32,128,8192,38,174,258.473520,0.352176111989,-379.730743,-121.257223,-39.021153
1048576,1048576,2097152,0.106,222298,32,128,8192,38,175,259.979151,0.352176111989,-381.812258,-121.833107,-39.021153
1048576,1048576,2097152,0.106,222298,32,128,8192,38,176,261.484782,0.352176111989,-383.893849,-122.409066,-39.021153
1048576,1048576,2097152,0.106,222298,32,128,8192,38,177,262.990413,0.352176111989,-385.975515,-122.985102,-39.021153
1048576,1048576,2097152,0.106,222298,32,128,8192,38,178,264.496044,0.352176111989,-388.057258,-123.561214,-39.021153
1048576,1048576,2097152,0.106,222298,32,128,8192,38,179,266.001675,0.352176111989,-390.139078,-124.137403,-39.021153
1048576,1048576,2097152,0.106,222298,32,128,8192,38,180,267.507306,0.352176111989,-392.220977,-124.713670,-39.021153
1048576,1048576,2097152,0.106,222298,32,128,8192,40,1,-inf,,-2.237843,-inf,-inf
1048576,1048576,2097152,0.106,222298,32,128,8192,40,2,-inf,,-4.475684,-inf,-inf
1048576,1048576,2097152,0.106,222298,32,128,8192,40,3,-inf,,-6.713526,-inf,-inf
1048576,1048576,2097152,0.106,222298,32,128,8192,40,4,-inf,,-8.951366,-inf,-inf
1048576,1048576,2097152,0.106,222298,32,128,8192,40,5,-inf,,-11.189206,-inf,-inf
1048576,1048576,2097152,0.106,222298,32,128,8192,40,6,-inf,,-13.427045,-inf,-inf
1048576,1048576,2097152,0.106,222298,32,128,8192,40,7,-inf,,-15.664883,-inf,-inf
1048576,1048576,2097152,0.106,222298,32,128,8192,40,8,-inf,,-17.902721,-inf,-inf
1048576,1048576,2097152,0.106,222298,32,128,8192,40,9,-inf,,-20.140558,-inf,-inf
1048576,1048576,2097152,0.106,222298,32,128,8192,40,10,-inf,,-22.378394,-inf,-inf
1048576,1048576,2097152,0.106,222298,32,128,8192,40,11,-inf,,-24.616229,-inf,-inf
1048576,1048576,2097152,0.106,222298,32,128,8192,40,12,-inf,,-26.854064,-inf,-inf
1048576,1048576,2097152,0.106,222298,32,128,8192,40,13,-inf,,-29.091897,-inf,-inf
1048576,1048576,2097152,0.106,222298,32,128,8192,40,14,-inf,,-31.329731,-inf,-inf
1048576,1048576,2097152,0.106,222298,32,128,8192,40,15,-inf,,-33.567563,-inf,-inf
1048576,1048576,2097152,0.106,222298,32,128,8192,40,16,-inf,,-35.805394,-inf,-inf
1048576,1048576,2097152,0.106,222298,32,128,8192,40,17,-inf,,-38.043225,-inf,-inf
1048576,1048576,2097152,0.106,222298,32,128,8192,40,18,-inf,,-40.281055,-inf,-inf
1048576,1048576,2097152,0.106,222298,32,128,8192,40,19,-inf,,-42.518884,-inf,-inf
1048576,1048576,2097152,0.106,222298,32,128,8192,40,20,-inf,,-44.756712,-inf,-inf
1048576,1048576,2097152,0.106,222298,32,128,8192,40,21,-inf,,-46.994540,-inf,-inf
1048576,1048576,2097152,0.106,222298,32,128,8192,40,22,-inf,,-49.232366,-inf,-inf
1048576,1048576,2097152,0.106,222298,32,128,8192,40,23,-inf,,-51.470191,-inf,-inf
1048576,1048576,2097152,0.106,222298,32,128,8192,40,24,-inf,,-53.708016,-inf,-inf
1048576,1048576,2097152,0.106,222298,32,128,8192,40,25,-inf,,-55.945839,-inf,-inf
1048576,1048576,2097152,0.106,222298,32,128,8192,40,26,-inf,,-58.183662,-inf,-inf
1048576,1048576,2097152,0.106,222298,32,128,8192,40,27,-inf,,-60.421483,-inf,-inf
1048576,1048576,2097152,0.106,222298,32,128,8192,40,28,-inf,,-62.659303,-inf,-inf
1048576,1048576,2097152,0.106,222298,32,128,8192,40,29,-inf,,-64.897122,-inf,-inf
1048576,1048576,2097152,0.106,222298,32,128,8192,40,30,-inf,,-67.134939,-inf,-inf
1048576,1048576,2097152,0.106,222298,32,128,8192,40,31,-inf,,-69.372755,-inf,-inf
1048576,1048576,2097152,0.106,222298,32,128,8192,40,32,-inf,,-71.610569,-inf,-inf
1048576,1048576,2097152,0.106,222298,32,128,8192,40,33,-inf,,-73.848382,-inf,-inf
1048576,1048576,2097152,0.106,222298,32,128,8192,40,34,-inf,,-76.086193,-inf,-inf
1048576,1048576,2097152,0.106,222298,32,128,8192,40,35,-inf,,-78.324002,-inf,-inf
1048576,1048576,2097152,0.106,222298,32,128,8192,40,36,-inf,,-80.561808,-inf,-inf
1048576,1048576,2097152,0.106,222298,32,128,8192,40,37,-inf,,-82.799612,-inf,-inf
1048576,1048576,2097152,0.106,222298,32,128,8192,40,38,-inf,,-85.037414,-inf,-inf
1048576,1048576,2097152,0.106,222298,32,128,8192,40,39,-inf,,-87.275213,-inf,-inf
1048576,1048576,2097152,0.106,222298,32,128,8192,40,40,47.281077,0.248785289163,-89.513008,-42.231931,-42.231931
1048576,1048576,2097152,0.106,222298,32,128,8192,40,41,49.288103,0.248785289163,-91.750800,-42.462696,-41.342705
1048576,1048576,2097152,0.106,222298,32,128,8192,40,42,51.295130,0.248785289163,-93.988588,-42.693457,-40.865455
1048576,1048576,2097152,0.106,222298,32,128,8192,40,43,53.302157,0.248785289163,-96.226371,-42.924214,-40.555089
1048576,1048576,2097152,0.106,222298,32,128,8192,40,44,55.309184,0.248785289163,-98.464149,-43.154965,-40.334817
1048576,1048576,2097152,0.106,222298,32,128,8192,40,45,57.316211,0.248785289163,-100.701922,-43.385711,-40.170459
1048576,1048576,2097152,0.106,222298,32,128,8192,40,46,59.323238,0.248785289163,-102.939689,-43.616451,-40.043804
1048576,1048576,2097152,0.106,222298,32,128,8192,40,47,61.330265,0.248785289163,-105.177448,-43.847183,-39.944003
1048576,1048576,2097152,0.106,222298,32,128,8192,40,48,63.337292,0.248785289163,-107.415200,-44.077908,-39.864082
1048576,1048576,2097152,0.106,222298,32,128,8192,40,49,65.344319,0.248785289163,-109.652943,-44.308624,-39.799301
1048576,1048576,2097152,0.106,222298,32,128,8192,40,50,67.351346,0.248785289163,-111.890676,-44.539330,-39.746300
1048576,1048576,2097152,0.106,222298,32,128,8192,40,51,69.358373,0.248785289163,-114.128398,-44.770025,-39.702619
1048576,1048576,2097152,0.106,222298,32,128,8192,40,52,71.365400,0.248785289163,-116.366107,-45.000708,-39.666409
1048576,1048576,2097152,0.106,222298,32,128,8192,40,53,73.372426,0.248785289163,-118.603803,-45.231376,-39.636251
1048576,1048576,2097152,0.106,222298,32,128,8192,40,54,75.329817,0.279342122892,-120.841482,-45.511665,-39.611883
1048576,1048576,2097152,0.106,222298,32,128,8192,40,55,77.169712,0.279342122892,-123.079144,-45.909431,-39.593657
1048576,1048576,2097152,0.106,222298,32,128,8192,40,56,79.009607,0.279342122892,-125.316785,-46.307178,-39.579975
1048576,1048576,2097152,0.106,222298,32,128,8192,40,57,80.849502,0.279342122892,-127.554404,-46.704902,-39.569676
1048576,1048576,2097152,0.106,222298,32,128,8192,40,58,82.689397,0.279342122892,-129.791997,-47.102600,-39.561907
1048576,1048576,2097152,0.106,222298,32,128,8192,40,59,84.449692,0.313652072773,-132.029562,-47.579870,-39.556352
1048576,1048576,2097152,0.106,222298,32,128,8192,40,60,86.122455,0.313652072773,-134.267094,-48.144639,-39.552609
1048576,1048576,2097152,0.106,222298,32,128,8192,40,61,87.795218,0.313652072773,-136.504589,-48.709371,-39.550083
1048576,1048576,2097152,0.106,222298,32,128,8192,40,62,89.467981,0.313652072773,-138.742043,-49.274062,-39.548378
1048576,1048576,2097152,0.106,222298,32,128,8192,40,63,91.140744,0.313652072773,-140.979450,-49.838706,-39.547227
1048576,1048576,2097152,0.106,222298,32,128,8192,40,64,92.813507,0.313652072773,-143.216806,-50.403298,-39.546448
1048576,1048576,2097152,0.106,222298,32,128,8192,40,65,94.359710,0.352176111989,-145.454102,-51.094391,-39.545967
1048576,1048576,2097152,0.106,222298,32,128,8192,40,66,95.865342,0.352176111989,-147.691331,-51.825990,-39.545677
1048576,1048576,2097152,0.106,222298,32,128,8192,40,67,97.370973,0.352176111989,-149.928486,-52.557514,-39.545502
1048576,1048576,2097152,0.106,222298,32,128,8192,40,68,98.876604,0.352176111989,-152.165557,-53.288954,-39.545397
1048576,1048576,2097152,0.106,222298,32,128,8192,40,69,100.382235,0.352176111989,-154.402533,-54.020298,-39.545333
1048576,1048576,2097152,0.106,222298,32,128,8192,40,70,101.887866,0.352176111989,-156.639403,-54.751537,-39.545295
1048576,1048576,2097152,0.106,222298,32,128,8192,40,71,103.393497,0.352176111989,-158.876152,-55.482656,-39.545272
1048576,1048576,2097152,0.106,222298,32,128,8192,40,72,104.899128,0.352176111989,-161.112767,-56.213640,-39.545258
1048576,1048576,2097152,0.106,222298,32,128,8192,40,73,106.404759,0.352176111989,-163.349231,-56.944472,-39.545250
1048576,1048576,2097152,0.106,222298,32,128,8192,40,74,107.910390,0.352176111989,-165.585524,-57.675134,-39.545245
1048576,1048576,2097152,0.106,222298,32,128,8192,40,75,109.416021,0.352176111989,-167.821627,-58.405606,-39.545242
1048576,1048576,2097152,0.106,222298,32,128,8192,40,76,110.921652,0.352176111989,-170.057515,-59.135863,-39.545240
1048576,1048576,2097152,0.106,222298,32,128,8192,40,77,112.427283,0.352176111989,-172.293162,-59.865879,-39.545239
1048576,1048576,2097152,0.106,222298,32,128,8192,40,78,113.932914,0.352176111989,-174.528540,-60.595626,-39.545238
1048576,1048576,2097152,0.106,222298,32,128,8192,40,79,115.438545,0.352176111989,-176.763616,-61.325071,-39.545238
1048576,1048576,2097152,0.106,222298,32,128,8192,40,80,116.944176,0.352176111989,-178.998353,-62.054177,-39.545238
1048576,1048576,2097152,0.106,222298,32,128,8192,40,81,118.449807,0.352176111989,-181.232711,-62.782904,-39.545238
1048576,1048576,2097152,0.106,222298,32,128,8192,40,82,119.955438,0.352176111989,-183.466646,-63.511208,-39.545238
1048576,1048576,2097152,0.106,222298,32,128,8192,40,83,121.461069,0.352176111989,-185.700107,-64.239037,-39.545237
1048576,1048576,2097152,0.106,222298,32,128,8192,40,84,122.966700,0.352176111989,-187.933039,-64.966339,-39.545237
1048576,1048576,2097152,0.106,222298,32,128,8192,40,85,124.472331,0.352176111989,-190.165381,-65.693050,-39.545237
1048576,1048576,2097152,0.106,222298,32,128,8192,40,86,125.977962,0.352176111989,-192.397066,-66.419104,-39.545237
1048576,1048576,2097152,0.106,222298,32,128,8192,40,87,127.483593,0.352176111989,-194.628018,-67.144425,-39.545237
1048576,1048576,2097152,0.106,222298,32,128,8192,40,88,128.989224,0.352176111989,-196.858157,-67.868933,-39.545237
1048576,1048576,2097152,0.106,222298,32,128,8192,40,89,130.494855,0.352176111989,-199.087391,-68.592536,-39.545237
1048576,1048576,2097152,0.106,222298,32,128,8192,40,90,132.000486,0.352176111989,-201.315623,-69.315137,-39.545237
1048576,1048576,2097152,0.106,222298,32,128,8192,40,91,133.506118,0.352176111989,-203.542744,-70.036627,-39.545237
1048576,1048576,2097152,0.106,222298,32,128,8192,40,92,135.011749,0.352176111989,-205.768640,-70.756891,-39.545237
1048576,1048576,2097152,0.106,222298,32,128,8192,40,93,136.517380,0.352176111989,-207.993180,-71.475800,-39.545237
1048576,1048576,2097152,0.106,222298,32,128,8192,40,94,138.023011,0.352176111989,-210.216231,-72.193220,-39.545237
1048576,1048576,2097152,0.106,222298,32,128,8192,40,95,139.528642,0.352176111989,-212.437643,-72.909002,-39.545237
1048576,1048576,2097152,0.106,222298,32,128,8192,40,96,141.034273,0.352176111989,-214.657262,-73.622990,-39.545237
1048576,1048576,2097152,0.106,222298,32,128,8192,40,97,142.539904,0.352176111989,-216.874919,-74.335016,-39.545237
1048576,1048576,2097152,0.106,222298,32,128,8192,40,98,144.045535,0.352176111989,-219.090440,-75.044905,-39.545237
1048576,1048576,2097152,0.106,222298,32,128,8192,40,99,145.551166,0.352176111989,-221.303637,-75.752471,-39.545237
1048576,1048576,2097152,0.106,222298,32,128,8192,40,100,147.056797,0.352176111989,-223.514322,-76.457525,-39.545237
1048576,1048576,2097152,0.106,222298,32,128,8192,40,101,148.562428,0.352176111989,-225.722292,-77.159865,-39.545237
1048576,1048576,2097152,0.106,222298,32,128,8192,40,102,150.068059,0.352176111989,-227.927350,-77.859292,-39.545237
1048576,1048576,2097152,0.106,222298,32,128,8192,40,103,151.573690,0.352176111989,-230.129288,-78.555598,-39.545237
1048576,1048576,2097152,0.106,222298,32,128,8192,40,104,153.079321,0.352176111989,-232.327903,-79.248582,-39.545237
1048576,1048576,2097152,0.106,222298,32,128,8192,40,105,154.584952,0.352176111989,-234.522998,-79.938046,-39.545237
1048576,1048576,2097152,0.106,222298,32,128,8192,40,106,156.090583,0.352176111989,-236.714376,-80.623793,-39.545237
1048576,1048576,2097152,0.106,222298,32,128,8192,40,107,157.596214,0.352176111989,-238.901855,-81.305641,-39.545237
1048576,1048576,2097152,0.106,222298,32,128,8192,40,108,159.101845,0.352176111989,-241.085269,-81.983424,-39.545237
1048576,1048576,2097152,0.106,222298,32,128,8192,40,109,160.607476,0.352176111989,-243.264462,-82.656985,-39.545237
1048576,1048576,2097152,0.106,222298,32,128,8192,40,110,162.113107,0.352176111989,-245.439303,-83.326196,-39.545237
1048576,1048576,2097152,0.106,222298,32,128,8192,40,111,163.618738,0.352176111989,-247.609688,-83.990950,-39.545237
1048576,1048576,2097152,0.106,222298,32,128,8192,40,112,165.124369,0.352176111989,-249.775532,-84.651163,-39.545237
1048576,1048576,2097152,0.106,222298,32,128,8192,40,113,166.630000,0.352176111989,-251.936783,-85.306783,-39.545237
1048576,1048576,2097152,0.106,222298,32,128,8192,40,114,168.135631,0.352176111989,-254.093421,-85.957789,-39.545237
1048576,1048576,2097152,0.106,222298,32,128,8192,40,115,169.641262,0.352176111989,-256.245448,-86.604185,-39.545237
1048576,1048576,2097152,0.106,222298,32,128,8192,40,116,171.146894,0.352176111989,-258.392905,-87.246011,-39.545237
1048576,1048576,2097152,0.106,222298,32,128,8192,40,117,172.652525,0.352176111989,-260.535860,-87.883335,-39.545237
1048576,1048576,2097152,0.106,222298,32,128,8192,40,118,174.158156,0.352176111989,-262.674404,-88.516249,-39.545237
1048576,1048576,2097152,0.106,222298,32,128,8192,40,119,175.663787,0.352176111989,-264.808660,-89.144873,-39.545237
1048576,1048576,2097152,0.106,222298,32,128,8192,40,120,177.169418,0.352176111989,-266.938772,-89.769354,-39.545237
1048576,1048576,2097152,0.106,222298,32,128,8192,40,121,178.675049,0.352176111989,-269.064898,-90.389849,-39.545237
1048576,1048576,2097152,0.106,222298,32,128,8192,40,122,180.180680,0.352176111989,-271.187219,-91.006539,-39.545237
1048576,1048576,2097152,0.106,222298,32,128,8192,40,123,181.686311,0.352176111989,-273.305926,-91.619615,-39.545237
1048576,1048576,2097152,0.106,222298,32,128,8192,40,124,183.191942,0.352176111989,-275.421216,-92.229274,-39.545237
1048576,1048576,2097152,0.106,222298,32,128,8192,40,125,184.697573,0.352176111989,-277.533295,-92.835722,-39.545237
1048576,1048576,2097152,0.106,222298,32,128,8192,40,126,186.203204,0.352176111989,-279.642372,-93.439168,-39.545237
1048576,1048576,2097152,0.106,222298,32,128,8192,40,127,187.708835,0.352176111989,-281.748651,-94.039816,-39.545237
1048576,1048576,2097152,0.106,222298,32,128,8192,40,128,189.214466,0.352176111989,-283.852337,-94.637871,-39.545237
1048576,1048576,2097152,0.106,222298,32,128,8192,40,129,190.720097,0.352176111989,-285.953631,-95.233534,-39.545237
1048576,1048576,2097152,0.106,222298,32,128,8192,40,130,192.225728,0.352176111989,-288.052724,-95.826996,-39.545237
1048576,1048576,2097152,0.106,222298,32,128,8192,40,131,193.731359,0.352176111989,-290.149799,-96.418440,-39.545237
1048576,1048576,2097152,0.106,222298,32,128,8192,40,132,195.236990,0.352176111989,-292.245035,-97.008045,-39.545237
1048576,1048576,2097152,0.106,222298,32,128,8192,40,133,196.742621,0.352176111989,-294.338595,-97.595974,-39.545237
1048576,1048576,2097152,0.106,222298,32,128,8192,40,134,198.248252,0.352176111989,-296.430636,-98.182384,-39.545237
1048576,1048576,2097152,0.106,222298,32,128,8192,40,135,199.753883,0.352176111989,-298.521304,-98.767421,-39.545237
1048576,1048576,2097152,0.106,222298,32,128,8192,40,136,201.259514,0.352176111989,-300.610733,-99.351219,-39.545237
1048576,1048576,2097152,0.106,222298,32,128,8192,40,137,202.765145,0.352176111989,-302.699049,-99.933904,-39.545237
1048576,1048576,2097152,0.106,222298,32,128,8192,40,138,204.270776,0.352176111989,-304.786369,-100.515593,-39.545237
1048576,1048576,2097152,0.106,222298,32,128,8192,40,139,205.776407,0.352176111989,-306.872797,-101.096389,-39.545237
1048576,1048576,2097152,0.106,222298,32,128,8192,40,140,207.282038,0.352176111989,-308.958431,-101.676392,-39.545237
1048576,1048576,2097152,0.106,222298,32,128,8192,40,141,208.787670,0.352176111989,-311.043360,-102.255691,-39.545237
1048576,1048576,2097152,0.106,222298,32,128,8192,40,142,210.293301,0.352176111989,-313.127665,-102.834364,-39.545237
1048576,1048576,2097152,0.106,222298,32,128,8192,40,143,211.798932,0.352176111989,-315.211418,-103.412487,-39.545237
1048576,1048576,2097152,0.106,222298,32,128,8192,40,144,213.304563,0.352176111989,-317.294688,-103.990126,-39.545237
1048576,1048576,2097152,0.106,222298,32,128,8192,40,145,214.810194,0.352176111989,-319.377534,-104.567340,-39.545237
1048576,1048576,2097152,0.106,222298,32,128,8192,40,146,216.315825,0.352176111989,-321.460010,-105.144185,-39.545237
1048576,1048576,2097152,0.106,222298,32,128,8192,40,147,217.821456,0.352176111989,-323.542166,-105.720710,-39.545237
1048576,1048576,2097152,0.106,222298,32,128,8192,40,148,219.327087,0.352176111989,-325.624045,-106.296958,-39.545237
1048576,1048576,2097152,0.106,222298,32,128,8192,40,149,220.832718,0.352176111989,-327.705688,-106.872970,-39.545237
1048576,1048576,2097152,0.106,222298,32,128,8192,40,150,222.338349,0.352176111989,-329.787131,-107.448782,-39.545237
1048576,1048576,2097152,0.106,222298,32,128,8192,40,151,223.843980,0.352176111989,-331.868404,-108.024424,-39.545237
1048576,1048576,2097152,0.106,222298,32,128,8192,40,152,225.349611,0.352176111989,-333.949538,-108.599927,-39.545237
1048576,1048576,2097152,0.106,222298,32,128,8192,40,153,226.855242,0.352176111989,-336.030557,-109.175315,-39.545237
1048576,1048576,2097152,0.106,222298,32,128,8192,40,154,228.360873,0.352176111989,-338.111485,-109.750612,-39.545237
1048576,1048576,2097152,0.106,222298,32,128,8192,40,155,229.866504,0.352176111989,-340.192342,-110.325838,-39.545237
1048576,1048576,2097152,0.106,222298,32,128,8192,40,156,231.372135,0.352176111989,-342.273146,-110.901011,-39.545237
1048576,1048576,2097152,0.106,222298,32,128,8192,40,157,232.877766,0.352176111989,-344.353915,-111.476148,-39.545237
1048576,1048576,2097152,0.106,222298,32,128,8192,40,158,234.383397,0.352176111989,-346.434661,-112.051263,-39.545237
1048576,1048576,2097152,0.106,222298,32,128,8192,40,159,235.889028,0.352176111989,-348.515398,-112.626369,-39.545237
1048576,1048576,2097152,0.106,222298,32,128,8192,40,160,237.394659,0.352176111989,-350.596137,-113.201478,-39.545237
1048576,1048576,2097152,0.106,222298,32,128,8192,40,161,238.900290,0.352176111989,-352.676889,-113.776599,-39.545237
1048576,1048576,2097152,0.106,222298,32,128,8192,40,162,240.405921,0.352176111989,-354.757663,-114.351741,-39.545237
1048576,1048576,2097152,0.106,222298,32,128,8192,40,163,241.911552,0.352176111989,-356.838466,-114.926913,-39.545237
1048576,1048576,2097152,0.106,222298,32,128,8192,40,164,243.417183,0.352176111989,-358.919305,-115.502122,-39.545237
1048576,1048576,2097152,0.106,222298,32,128,8192,40,165,244.922814,0.352176111989,-361.000187,-116.077373,-39.545237
1048576,1048576,2097152,0.106,222298,32,128,8192,40,166,246.428446,0.352176111989,-363.081117,-116.652671,-39.545237
1048576,1048576,2097152,0.106,222298,32,128,8192,40,167,247.934077,0.352176111989,-365.162100,-117.228023,-39.545237
1048576,1048576,2097152,0.106,222298,32,128,8192,40,168,249.439708,0.352176111989,-367.243139,-117.803432,-39.545237
1048576,1048576,2097152,0.106,222298,32,128,8192,40,169,250.945339,0.352176111989,-369.324239,-118.378901,-39.545237
1048576,1048576,2097152,0.106,222298,32,128,8192,40,170,252.450970,0.352176111989,-371.405403,-118.954433,-39.545237
1048576,1048576,2097152,0.106,222298,32,128,8192,40,171,253.956601,0.352176111989,-373.486633,-119.530032,-39.545237
1048576,1048576,2097152,0.106,222298,32,128,8192,40,172,255.462232,0.352176111989,-375.567932,-120.105700,-39.545237
1048576,1048576,2097152,0.106,222298,32,128,8192,40,173,256.967863,0.352176111989,-377.649301,-120.681438,-39.545237
1048576,1048576,2097152,0.106,222298,32,128,8192,40,174,258.473494,0.352176111989,-379.730743,-121.257249,-39.545237
1048576,1048576,2097152,0.106,222298,32,128,8192,40,175,259.979125,0.352176111989,-381.812258,-121.833133,-39.545237
1048576,1048576,2097152,0.106,222298,32,128,8192,40,176,261.484756,0.352176111989,-383.893849,-122.409093,-39.545237
1048576,1048576,2097152,0.106,222298,32,128,8192,40,177,262.990387,0.352176111989,-385.975515,-122.985128,-39.545237
1048576,1048576,2097152,0.106,222298,32,128,8192,40,178,264.496018,0.352176111989,-388.057258,-123.561240,-39.545237
1048576,1048576,2097152,0.106,222298,32,128,8192,40,179,266.001649,0.352176111989,-390.139078,-124.137429,-39.545237
1048576,1048576,2097152,0.106,222298,32,128,8192,40,180,267.507280,0.352176111989,-392.220977,-124.713696,-39.545237
1048576,1048576,2097152,0.106,222298,32,128,8192,42,1,-inf,,-2.237843,-inf,-inf
1048576,1048576,2097152,0.106,222298,32,128,8192,42,2,-inf,,-4.475684,-inf,-inf
1048576,1048576,2097152,0.106,222298,32,128,8192,42,3,-inf,,-6.713526,-inf,-inf
1048576,1048576,2097152,0.106,222298,32,128,8192,42,4,-inf,,-8.951366,-inf,-inf
1048576,1048576,2097152,0.106,222298,32,128,8192,42,5,-inf,,-11.189206,-inf,-inf
1048576,1048576,2097152,0.106,222298,32,128,8192,42,6,-inf,,-13.427045,-inf,-inf
1048576,1048576,2097152,0.106,222298,32,128,8192,42,7,-inf,,-15.664883,-inf,-inf
1048576,1048576,2097152,0.106,222298,32,128,8192,42,8,-inf,,-17.902721,-inf,-inf
1048576,1048576,2097152,0.106,222298,32,128,8192,42,9,-inf,,-20.140558,-inf,-inf
1048576,1048576,2097152,0.106,222298,32,128,8192,42,10,-inf,,-22.378394,-inf,-inf
1048576,1048576,2097152,0.106,222298,32,128,8192,42,11,-inf,,-24.616229,-inf,-inf
1048576,1048576,2097152,0.106,222298,32,128,8192,42,12,-inf,,-26.854064,-inf,-inf
1048576,1048576,2097152,0.106,222298,32,128,8192,42,13,-inf,,-29.091897,-inf,-inf
1048576,1048576,2097152,0.106,222298,32,128,8192,42,14,-inf,,-31.329731,-inf,-inf
1048576,1048576,2097152,0.106,222298,32,128,8192,42,15,-inf,,-33.567563,-inf,-inf
1048576,1048576,2097152,0.106,222298,32,128,8192,42,16,-inf,,-35.805394,-inf,-inf
1048576,1048576,2097152,0.106,222298,32,128,8192,42,17,-inf,,-38.043225,-inf,-inf
1048576,1048576,2097152,0.106,222298,32,128,8192,42,18,-inf,,-40.281055,-inf,-inf
1048576,1048576,2097152,0.106,222298,32,128,8192,42,19,-inf,,-42.518884,-inf,-inf
1048576,1048576,2097152,0.106,222298,32,128,8192,42,20,-inf,,-44.756712,-inf,-inf
1048576,1048576,2097152,0.106,222298,32,128,8192,42,21,-inf,,-46.994540,-inf,-inf
1048576,1048576,2097152,0.106,222298,32,128,8192,42,22,-inf,,-49.232366,-inf,-inf
1048576,1048576,2097152,0.106,222298,32,128,8192,42,23,-inf,,-51.470191,-inf,-inf
1048576,1048576,2097152,0.106,222298,32,128,8192,42,24,-inf,,-53.708016,-inf,-inf
1048576,1048576,2097152,0.106,222298,32,128,8192,42,25,-inf,,-55.945839,-inf,-inf
1048576,1048576,2097152,0.106,222298,32,128,8192,42,26,-inf,,-58.183662,-inf,-inf
1048576,1048576,2097152,0.106,222298,32,128,8192,42,27,-inf,,-60.421483,-inf,-inf
1048576,1048576,2097152,0.106,222298,32,128,8192,42,28,-inf,,-62.659303,-inf,-inf
1048576,1048576,2097152,0.106,222298,32,128,8192,42,29,-inf,,-64.897122,-inf,-inf
1048576,1048576,2097152,0.106,222298,32,128,8192,42,30,-inf,,-67.134939,-inf,-inf
1048576,1048576,2097152,0.106,222298,32,128,8192,42,31,-inf,,-69.372755,-inf,-inf
1048576,1048576,2097152,0.106,222298,32,128,8192,42,32,-inf,,-71.610569,-inf,-inf
1048576,1048576,2097152,0.106,222298,32,128,8192,42,33,-inf,,-73.848382,-inf,-inf
1048576,1048576,2097152,0.106,222298,32,128,8192,42,34,-inf,,-76.086193,-inf,-inf
1048576,1048576,2097152,0.106,222298,32,128,8192,42,35,-inf,,-78.324002,-inf,-inf
1048576,1048576,2097152,0.106,222298,32,128,8192,42,36,-inf,,-80.561808,-inf,-inf
1048576,1048576,2097152,0.106,222298,32,128,8192,42,37,-inf,,-82.799612,-inf,-inf
1048576,1048576,2097152,0.106,222298,32,128,8192,42,38,-inf,,-85.037414,-inf,-inf
1048576,1048576,2097152,0.106,222298,32,128,8192,42,39,-inf,,-87.275213,-inf,-inf
1048576,1048576,2097152,0.106,222298,32,128,8192,42,40,-inf,,-89.513008,-inf,-inf
1048576,1048576,2097152,0.106,222298,32,128,8192,42,41,-inf,,-91.750800,-inf,-inf
1048576,1048576,2097152,0.106,222298,32,128,8192,42,42,51.249327,0.248785289163,-93.988588,-42.739261,-42.739261
1048576,1048576,2097152,0.106,222298,32,128,8192,42,43,53.256354,0.248785289163,-96.226371,-42.970017,-41.850030
1048576,1048576,2097152,0.106,222298,32,128,8192,42,44,55.263381,0.248785289163,-98.464149,-43.200769,-41.372776
1048576,1048576,2097152,0.106,222298,32,128,8192,42,45,57.270407,0.248785289163,-100.701922,-43.431515,-41.062406
1048576,1048576,2097152,0.106,222298,32,128,8192,42,46,59.277434,0.248785289163,-102.939689,-43.662254,-40.842131
1048576,1048576,2097152,0.106,222298,32,128,8192,42,47,61.284461,0.248785289163,-105.177448,-43.892987,-40.677769
1048576,1048576,2097152,0.106,222298,32,128,8192,42,48,63.291488,0.248785289163,-107.415200,-44.123712,-40.551109
1048576,1048576,2097152,0.106,222298,32,128,8192,42,49,65.298515,0.248785289163,-109.652943,-44.354428,-40.451304
1048576,1048576,2097152,0.106,222298,32,128,8192,42,50,67.305542,0.248785289163,-111.890676,-44.585134,-40.371379
1048576,1048576,2097152,0.106,222298,32,128,8192,42,51,69.312569,0.248785289163,-114.128398,-44.815829,-40.306594
1048576,1048576,2097152,0.106,222298,32,128,8192,42,52,71.319596,0.248785289163,-116.366107,-45.046512,-40.253589
1048576,1048576,2097152,0.106,222298,32,128,8192,42,53,73.326623,0.248785289163,-118.603803,-45.277180,-40.209905
1048576,1048576,2097152,0.106,222298,32,128,8192,42,54,75.319030,0.279342122892,-120.841482,-45.522453,-40.174051
1048576,1048576,2097152,0.106,222298,32,128,8192,42,55,77.158924,0.279342122892,-123.079144,-45.920219,-40.147420
1048576,1048576,2097152,0.106,222298,32,128,8192,42,56,78.998819,0.279342122892,-125.316785,-46.317966,-40.127529
1048576,1048576,2097152,0.106,222298,32,128,8192,42,57,80.838714,0.279342122892,-127.554404,-46.715690,-40.112611
1048576,1048576,2097152,0.106,222298,32,128,8192,42,58,82.678609,0.279342122892,-129.791997,-47.113388,-40.101390
1048576,1048576,2097152,0.106,222298,32,128,8192,42,59,84.448340,0.313652072773,-132.029562,-47.581222,-40.093331
1048576,1048576,2097152,0.106,222298,32,128,8192,42,60,86.121103,0.313652072773,-134.267094,-48.145991,-40.087907
1048576,1048576,2097152,0.106,222298,32,128,8192,42,61,87.793866,0.313652072773,-136.504589,-48.710723,-40.084252
1048576,1048576,2097152,0.106,222298,32,128,8192,42,62,89.466629,0.313652072773,-138.742043,-49.275414,-40.081786
1048576,1048576,2097152,0.106,222298,32,128,8192,42,63,91.139392,0.313652072773,-140.979450,-49.840058,-40.080121
1048576,1048576,2097152,0.106,222298,32,128,8192,42,64,92.812155,0.313652072773,-143.216806,-50.404651,-40.078997
1048576,1048576,2097152,0.106,222298,32,128,8192,42,65,94.359615,0.352176111989,-145.454102,-51.094487,-40.078300
1048576,1048576,2097152,0.106,222298,32,128,8192,42,66,95.865246,0.352176111989,-147.691331,-51.826085,-40.077881
1048576,1048576,2097152,0.106,222298,32,128,8192,42,67,97.370877,0.352176111989,-149.928486,-52.557609,-40.077628
1048576,1048576,2097152,0.106,222298,32,128,8192,42,68,98.876508,0.352176111989,-152.165557,-53.289049,-40.077476
1048576,1048576,2097152,0.106,222298,32,128,8192,42,69,100.382139,0.352176111989,-154.402533,-54.020394,-40.077384
1048576,1048576,2097152,0.106,222298,32,128,8192,42,70,101.887770,0.352176111989,-156.639403,-54.751633,-40.077329
1048576,1048576,2097152,0.106,222298,32,128,8192,42,71,103.393401,0.352176111989,-158.876152,-55.482751,-40.077296
1048576,1048576,2097152,0.106,222298,32,128,8192,42,72,104.899032,0.352176111989,-161.112767,-56.213735,-40.077276
1048576,1048576,2097152,0.106,222298,32,128,8192,42,73,106.404663,0.352176111989,-163.349231,-56.944567,-40.077264
1048576,1048576,2097152,0.106,222298,32,128,8192,42,74,107.910294,0.352176111989,-165.585524,-57.675230,-40.077257
1048576,1048576,2097152,0.106,222298,32,128,8192,42,75,109.415925,0.352176111989,-167.821627,-58.405701,-40.077252
1048576,1048576,2097152,0.106,222298,32,128,8192,42,76,110.921556,0.352176111989,-170.057515,-59.135958,-40.077249
1048576,1048576,2097152,0.106,222298,32,128,8192,42,77,112.427187,0.352176111989,-172.293162,-59.865975,-40.077248
1048576,1048576,2097152,0.106,222298,32,128,8192,42,78,113.932819,0.352176111989,-174.528540,-60.595722,-40.077247
1048576,1048576,2097152,0.106,222298,32,128,8192,42,79,115.438450,0.352176111989,-176.763616,-61.325166,-40.077246
1048576,1048576,2097152,0.106,222298,32,128,8192,42,80,116.944081,0.352176111989,-178.998353,-62.054272,-40.077246
1048576,1048576,2097152,0.106,222298,32,128,8192,42,81,118.449712,0.352176111989,-181.232711,-62.782999,-40.077246
1048576,1048576,2097152,0.106,222298,32,128,8192,42,82,119.955343,0.352176111989,-183.466646,-63.511303,-40.077246
1048576,1048576,2097152,0.106,222298,32,128,8192,42,83,121.460974,0.352176111989,-185.700107,-64.239133,-40.077246
1048576,1048576,2097152,0.106,222298,32,128,8192,42,84,122.966605,0.352176111989,-187.933039,-64.966434,-40.077246
1048576,1048576,2097152,0.106,222298,32,128,8192,42,85,124.472236,0.352176111989,-190.165381,-65.693145,-40.077246
1048576,1048576,2097152,0.106,222298,32,128,8192,42,86,125.977867,0.352176111989,-192.397066,-66.419199,-40.077246
1048576,1048576,2097152,0.106,222298,32,128,8192,42,87,127.483498,0.352176111989,-194.628018,-67.144520,-40.077245
1048576,1048576,2097152,0.106,222298,32,128,8192,42,88,128.989129,0.352176111989,-196.858157,-67.869028,-40.077245
1048576,1048576,2097152,0.106,222298,32,128,8192,42,89,130.494760,0.352176111989,-199.087391,-68.592631,-40.077245
1048576,1048576,2097152,0.106,222298,32,128,8192,42,90,132.000391,0.352176111989,-201.315623,-69.315232,-40.077245
1048576,1048576,2097152,0.106,222298,32,128,8192,42,91,133.506022,0.352176111989,-203.542744,-70.036722,-40.077245
1048576,1048576,2097152,0.106,222298,32,128,8192,42,92,135.011653,0.352176111989,-205.768640,-70.756986,-40.077245
1048576,1048576,2097152,0.106,222298,32,128,8192,42,93,136.517284,0.352176111989,-207.993180,-71.475896,-40.077245
1048576,1048576,2097152,0.106,222298,32,128,8192,42,94,138.022915,0.352176111989,-210.216231,-72.193316,-40.077245
1048576,1048576,2097152,0.106,222298,32,128,8192,42,95,139.528546,0.352176111989,-212.437643,-72.909097,-40.077245
1048576,1048576,2097152,0.106,222298,32,128,8192,42,96,141.034177,0.352176111989,-214.657262,-73.623085,-40.077245
1048576,1048576,2097152,0.106,222298,32,128,8192,42,97,142.539808,0.352176111989,-216.874919,-74.335111,-40.077245
1048576,1048576,2097152,0.106,222298,32,128,8192,42,98,144.045439,0.352176111989,-219.090440,-75.045001,-40.077245
1048576,1048576,2097152,0.106,222298,32,128,8192,42,99,145.551070,0.352176111989,-221.303637,-75.752567,-40.077245
1048576,1048576,2097152,0.106,222298,32,128,8192,42,100,147.056701,0.352176111989,-223.514322,-76.457620,-40.077245
1048576,1048576,2097152,0.106,222298,32,128,8192,42,101,148.562332,0.352176111989,-225.722292,-77.159960,-40.077245
1048576,1048576,2097152,0.106,222298,32,128,8192,42,102,150.067963,0.352176111989,-227.927350,-77.859387,-40.077245
1048576,1048576,2097152,0.106,222298,32,128,8192,42,103,151.573595,0.352176111989,-230.129288,-78.555693,-40.077245
1048576,1048576,2097152,0.106,222298,32,128,8192,42,104,153.079226,0.352176111989,-232.327903,-79.248678,-40.077245
1048576,1048576,2097152,0.106,222298,32,128,8192,42,105,154.584857,0.352176111989,-234.522998,-79.938142,-40.077245
1048576,1048576,2097152,0.106,222298,32,128,8192,42,106,156.090488,0.352176111989,-236.714376,-80.623888,-40.077245
1048576,1048576,2097152,0.106,222298,32,128,8192,42,107,157.596119,0.352176111989,-238.901855,-81.305737,-40.077245
1048576,1048576,2097152,0.106,222298,32,128,8192,42,108,159.101750,0.352176111989,-241.085269,-81.983519,-40.077245
1048576,1048576,2097152,0.106,222298,32,128,8192,42,109,160.607381,0.352176111989,-243.264462,-82.657081,-40.077245
1048576,1048576,2097152,0.106,222298,32,128,8192,42,110,162.113012,0.352176111989,-245.439303,-83.326291,-40.077245
1048576,1048576,2097152,0.106,222298,32,128,8192,42,111,163.618643,0.352176111989,-247.609688,-83.991046,-40.077245
1048576,1048576,2097152,0.106,222298,32,128,8192,42,112,165.124274,0.352176111989,-249.775532,-84.651258,-40.077245
1048576,1048576,2097152,0.106,222298,32,128,8192,42,113,166.629905,0.352176111989,-251.936783,-85.306878,-40.077245
1048576,1048576,2097152,0.106,222298,32,128,8192,42,114,168.135536,0.352176111989,-254.093421,-85.957885,-40.077245
1048576,1048576,2097152,0.106,222298,32,128,8192,42,115,169.641167,0.352176111989,-256.245448,-86.604281,-40.077245
1048576,1048576,2097152,0.106,222298,32,128,8192,42,116,171.146798,0.352176111989,-258.392905,-87.246107,-40.077245
1048576,1048576,2097152,0.106,222298,32,128,8192,42,117,172.652429,0.352176111989,-260.535860,-87.883431,-40.077245
1048576,1048576,2097152,0.106,222298,32,128,8192,42,118,174.158060,0.352176111989,-262.674404,-88.516344,-40.077245
1048576,1048576,2097152,0.106,222298,32,128,8192,42,119,175.663691,0.352176111989,-264.808660,-89.144969,-40.077245
1048576,1048576,2097152,0.106,222298,32,128,8192,42,120,177.169322,0.352176111989,-266.938772,-89.769449,-40.077245
1048576,1048576,2097152,0.106,222298,32,128,8192,42,121,178.674953,0.352176111989,-269.064898,-90.389945,-40.077245
1048576,1048576,2097152,0.106,222298,32,128,8192,42,122,180.180584,0.352176111989,-271.187219,-91.006634,-40.077245
1048576,1048576,2097152,0.106,222298,32,128,8192,42,123,181.686215,0.352176111989,-273.305926,-91.619710,-40.077245
1048576,1048576,2097152,0.106,222298,32,128,8192,42,124,183.191846,0.352176111989,-275.421216,-92.229369,-40.077245
1048576,1048576,2097152,0.106,222298,32,128,8192,42,125,184.697477,0.352176111989,-277.533295,-92.835817,-40.077245
1048576,1048576,2097152,0.106,222298,32,128,8192,42,126,186.203108,0.352176111989,-279.642372,-93.439263,-40.077245
1048576,1048576,2097152,0.106,222298,32,128,8192,42,127,187.708739,0.352176111989,-281.748651,-94.039911,-40.077245
1048576,1048576,2097152,0.106,222298,32,128,8192,42,128,189.214371,0.352176111989,-283.852337,-94.637967,-40.077245
1048576,1048576,2097152,0.106,222298,32,128,8192,42,129,190.720002,0.352176111989,-285.953631,-95.233630,-40.077245
1048576,1048576,2097152,0.106,222298,32,128,8192,42,130,192.225633,0.352176111989,-288.052724,-95.827091,-40.077245
1048576,1048576,2097152,0.106,222298,32,128,8192,42,131,193.731264,0.352176111989,-290.149799,-96.418536,-40.077245
1048576,1048576,2097152,0.106,222298,32,128,8192,42,132,195.236895,0.352176111989,-292.245035,-97.008140,-40.077245
1048576,1048576,2097152,0.106,222298,32,128,8192,42,133,196.742526,0.352176111989,-294.338595,-97.596069,-40.077245
1048576,1048576,2097152,0.106,222298,32,128,8192,42,134,198.248157,0.352176111989,-296.430636,-98.182479,-40.077245
1048576,1048576,2097152,0.106,222298,32,128,8192,42,135,199.753788,0.352176111989,-298.521304,-98.767516,-40.077245
1048576,1048576,2097152,0.106,222298,32,128,8192,42,136,201.259419,0.352176111989,-300.610733,-99.351314,-40.077245
1048576,1048576,2097152,0.106,222298,32,128,8192,42,137,202.765050,0.352176111989,-302.699049,-99.933999,-40.077245
1048576,1048576,2097152,0.106,222298,32,128,8192,42,138,204.270681,0.352176111989,-304.786369,-100.515688,-40.077245
1048576,1048576,2097152,0.106,222298,32,128,8192,42,139,205.776312,0.352176111989,-306.872797,-101.096485,-40.077245
1048576,1048576,2097152,0.106,222298,32,128,8192,42,140,207.281943,0.352176111989,-308.958431,-101.676488,-40.077245
1048576,1048576,2097152,0.106,222298,32,128,8192,42,141,208.787574,0.352176111989,-311.043360,-102.255786,-40.077245
1048576,1048576,2097152,0.106,222298,32,128,8192,42,142,210.293205,0.352176111989,-313.127665,-102.834460,-40.077245
1048576,1048576,2097152,0.106,222298,32,128,8192,42,143,211.798836,0.352176111989,-315.211418,-103.412582,-40.077245
1048576,1048576,2097152,0.106,222298,32,128,8192,42,144,213.304467,0.352176111989,-317.294688,-103.990221,-40.077245
1048576,1048576,2097152,0.106,222298,32,128,8192,42,145,214.810098,0.352176111989,-319.377534,-104.567436,-40.077245
1048576,1048576,2097152,0.106,222298,32,128,8192,42,146,216.315729,0.352176111989,-321.460010,-105.144281,-40.077245
1048576,1048576,2097152,0.106,222298,32,128,8192,42,147,217.821360,0.352176111989,-323.542166,-105.720805,-40.077245
1048576,1048576,2097152,0.106,222298,32,128,8192,42,148,219.326991,0.352176111989,-325.624045,-106.297054,-40.077245
1048576,1048576,2097152,0.106,222298,32,128,8192,42,149,220.832622,0.352176111989,-327.705688,-106.873066,-40.077245
1048576,1048576,2097152,0.106,222298,32,128,8192,42,150,222.338253,0.352176111989,-329.787131,-107.448877,-40.077245
1048576,1048576,2097152,0.106,222298,32,128,8192,42,151,223.843884,0.352176111989,-331.868404,-108.024520,-40.077245
1048576,1048576,2097152,0.106,222298,32,128,8192,42,152,225.349515,0.352176111989,-333.949538,-108.600022,-40.077245
1048576,1048576,2097152,0.106,222298,32,128,8192,42,153,226.855147,0.352176111989,-336.030557,-109.175411,-40.077245
1048576,1048576,2097152,0.106,222298,32,128,8192,42,154,228.360778,0.352176111989,-338.111485,-109.750708,-40.077245
1048576,1048576,2097152,0.106,222298,32,128,8192,42,155,229.866409,0.352176111989,-340.192342,-110.325934,-40.077245
1048576,1048576,2097152,0.106,222298,32,128,8192,42,156,231.372040,0.352176111989,-342.273146,-110.901107,-40.077245
1048576,1048576,2097152,0.106,222298,32,128,8192,42,157,232.877671,0.352176111989,-344.353915,-111.476244,-40.077245
1048576,1048576,2097152,0.106,222298,32,128,8192,42,158,234.383302,0.352176111989,-346.434661,-112.051359,-40.077245
1048576,1048576,2097152,0.106,222298,32,128,8192,42,159,235.888933,0.352176111989,-348.515398,-112.626465,-40.077245
1048576,1048576,2097152,0.106,222298,32,128,8192,42,160,237.394564,0.352176111989,-350.596137,-113.201573,-40.077245
1048576,1048576,2097152,0.106,222298,32,128,8192,42,161,238.900195,0.352176111989,-352.676889,-113.776694,-40.077245
1048576,1048576,2097152,0.106,222298,32,128,8192,42,162,240.405826,0.352176111989,-354.757663,-114.351837,-40.077245
1048576,1048576,2097152,0.106,222298,32,128,8192,42,163,241.911457,0.352176111989,-356.838466,-114.927009,-40.077245
1048576,1048576,2097152,0.106,222298,32,128,8192,42,164,243.417088,0.352176111989,-358.919305,-115.502217,-40.077245
1048576,1048576,2097152,0.106,222298,32,128,8192,42,165,244.922719,0.352176111989,-361.000187,-116.077468,-40.077245
1048576,1048576,2097152,0.106,222298,32,128,8192,42,166,246.428350,0.352176111989,-363.081117,-116.652767,-40.077245
1048576,1048576,2097152,0.106,222298,32,128,8192,42,167,247.933981,0.352176111989,-365.162100,-117.228119,-40.077245
1048576,1048576,2097152,0.106,222298,32,128,8192,42,168,249.439612,0.352176111989,-367.243139,-117.803527,-40.077245
1048576,1048576,2097152,0.106,222298,32,128,8192,42,169,250.945243,0.352176111989,-369.324239,-118.378996,-40.077245
1048576,1048576,2097152,0.106,222298,32,128,8192,42,170,252.450874,0.352176111989,-371.405403,-118.954529,-40.077245
1048576,1048576,2097152,0.106,222298,32,128,8192,42,171,253.956505,0.352176111989,-373.486633,-119.530128,-40.077245
1048576,1048576,2097152,0.106,222298,32,128,8192,42,172,255.462136,0.352176111989,-375.567932,-120.105795,-40.077245
1048576,1048576,2097152,0.106,222298,32,128,8192,42,173,256.967767,0.352176111989,-377.649301,-120.681534,-40.077245
1048576,1048576,2097152,0.106,222298,32,128,8192,42,174,258.473398,0.352176111989,-379.730743,-121.257344,-40.077245
1048576,1048576,2097152,0.106,222298,32,128,8192,42,175,259.979029,0.352176111989,-381.812258,-121.833229,-40.077245
1048576,1048576,2097152,0.106,222298,32,128,8192,42,176,261.484660,0.352176111989,-383.893849,-122.409188,-40.077245
1048576,1048576,2097152,0.106,222298,32,128,8192,42,177,262.990292,0.352176111989,-385.975515,-122.985224,-40.077245
1048576,1048576,2097152,0.106,222298,32,128,8192,42,178,264.495923,0.352176111989,-388.057258,-123.561336,-40.077245
1048576,1048576,2097152,0.106,222298,32,128,8192,42,179,266.001554,0.352176111989,-390.139078,-124.137525,-40.077245
1048576,1048576,2097152,0.106,222298,32,128,8192,42,180,267.507185,0.352176111989,-392.220977,-124.713792,-40.077245
1048576,1048576,2097152,0.106,222298,32,128,8192,44,1,-inf,,-2.237843,-inf,-inf
1048576,1048576,2097152,0.106,222298,32,128,8192,44,2,-inf,,-4.475684,-inf,-inf
1048576,1048576,2097152,0.106,222298,32,128,8192,44,3,-inf,,-6.713526,-inf,-inf
1048576,1048576,2097152,0.106,222298,32,128,8192,44,4,-inf,,-8.951366,-inf,-inf
1048576,1048576,2097152,0.106,222298,32,128,8192,44,5,-inf,,-11.189206,-inf,-inf
1048576,1048576,2097152,0.106,222298,32,128,8192,44,6,-inf,,-13.427045,-inf,-inf
1048576,1048576,2097152,0.106,222298,32,128,8192,44,7,-inf,,-15.664883,-inf,-inf
1048576,1048576,2097152,0.106,222298,32,128,8192,44,8,-inf,,-17.902721,-inf,-inf
1048576,1048576,2097152,0.106,222298,32,128,8192,44,9,-inf,,-20.140558,-inf,-inf
1048576,1048576,2097152,0.106,222298,32,128,8192,44,10,-inf,,-22.378394,-inf,-inf
1048576,1048576,2097152,0.106,222298,32,128,8192,44,11,-inf,,-24.616229,-inf,-inf
1048576,1048576,2097152,0.106,222298,32,128,8192,44,12,-inf,,-26.854064,-inf,-inf
1048576,1048576,2097152,0.106,222298,32,128,8192,44,13,-inf,,-29.091897,-inf,-inf
1048576,1048576,2097152,0.106,222298,32,128,8192,44,14,-inf,,-31.329731,-inf,-inf
1048576,1048576,2097152,0.106,222298,32,128,8192,44,15,-inf,,-33.567563,-inf,-inf
1048576,1048576,2097152,0.106,222298,32,128,8192,44,16,-inf,,-35.805394,-inf,-inf
1048576,1048576,2097152,0.106,222298,32,128,8192,44,17,-inf,,-38.043225,-inf,-inf
1048576,1048576,2097152,0.106,222298,32,128,8192,44,18,-inf,,-40.281055,-inf,-inf
1048576,1048576,2097152,0.106,222298,32,128,8192,44,19,-inf,,-42.518884,-inf,-inf
1048576,1048576,2097152,0.106,222298,32,128,8192,44,20,-inf,,-44.756712,-inf,-inf
1048576,1048576,2097152,0.106,222298,32,128,8192,44,21,-inf,,-46.994540,-inf,-inf
1048576,1048576,2097152,0.106,222298,32,128,8192,44,22,-inf,,-49.232366,-inf,-inf
1048576,1048576,2097152,0.106,222298,32,128,8192,44,23,-inf,,-51.470191,-inf,-inf
1048576,1048576,2097152,0.106,222298,32,128,8192,44,24,-inf,,-53.708016,-inf,-inf
1048576,1048576,2097152,0.106,222298,32,128,8192,44,25,-inf,,-55.945839,-inf,-inf
1048576,1048576,2097152,0.106,222298,32,128,8192,44,26,-inf,,-58.183662,-inf,-inf
1048576,1048576,2097152,0.106,222298,32,128,8192,44,27,-inf,,-60.421483,-inf,-inf
1048576,1048576,2097152,0.106,222298,32,128,8192,44,28,-inf,,-62.659303,-inf,-inf
1048576,1048576,2097152,0.106,222298,32,128,8192,44,29,-inf,,-64.897122,-inf,-inf
1048576,1048576,2097152,0.106,222298,32,128,8192,44,30,-inf,,-67.134939,-inf,-inf
1048576,1048576,2097152,0.106,222298,32,128,8192,44,31,-inf,,-69.372755,-inf,-inf
1048576,1048576,2097152,0.106,222298,32,128,8192,44,32,-inf,,-71.610569,-inf,-inf
1048576,1048576,2097152,0.106,222298,32,128,8192,44,33,-inf,,-73.848382,-inf,-inf
1048576,1048576,2097152,0.106,222298,32,128,8192,44,34,-inf,,-76.086193,-inf,-inf
1048576,1048576,2097152,0.106,222298,32,128,8192,44,35,-inf,,-78.324002,-inf,-inf
1048576,1048576,2097152,0.106,222298,32,128,8192,44,36,-inf,,-80.561808,-inf,-inf
1048576,1048576,2097152,0.106,222298,32,128,8192,44,37,-inf,,-82.799612,-inf,-inf
1048576,1048576,2097152,0.106,222298,32,128,8192,44,38,-inf,,-85.037414,-inf,-inf
1048576,1048576,2097152,0.106,222298,32,128,8192,44,39,-inf,,-87.275213,-inf,-inf
1048576,1048576,2097152,0.106,222298,32,128,8192,44,40,-inf,,-89.513008,-inf,-inf
1048576,1048576,2097152,0.106,222298,32,128,8192,44,41,-inf,,-91.750800,-inf,-inf
1048576,1048576,2097152,0.106,222298,32,128,8192,44,42,-inf,,-93.988588,-inf,-inf
1048576,1048576,2097152,0.106,222298,32,128,8192,44,43,-inf,,-96.226371,-inf,-inf
1048576,1048576,2097152,0.106,222298,32,128,8192,44,44,55.167165,0.248785289163,-98.464149,-43.296984,-43.296984
1048576,1048576,2097152,0.106,222298,32,128,8192,44,45,57.174192,0.248785289163,-100.701922,-43.527730,-42.407749
1048576,1048576,2097152,0.106,222298,32,128,8192,44,46,59.181219,0.248785289163,-102.939689,-43.758470,-41.930490
1048576,1048576,2097152,0.106,222298,32,128,8192,44,47,61.188246,0.248785289163,-105.177448,-43.989202,-41.620115
1048576,1048576,2097152,0.106,222298,32,128,8192,44,48,63.195273,0.248785289163,-107.415200,-44.219927,-41.399834
1048576,1048576,2097152,0.106,222298,32,128,8192,44,49,65.202300,0.248785289163,-109.652943,-44.450643,-41.235467
1048576,1048576,2097152,0.106,222298,32,128,8192,44,50,67.209327,0.248785289163,-111.890676,-44.681349,-41.108802
1048576,1048576,2097152,0.106,222298,32,128,8192,44,51,69.216354,0.248785289163,-114.128398,-44.912044,-41.008992
1048576,1048576,2097152,0.106,222298,32,128,8192,44,52,71.223381,0.248785289163,-116.366107,-45.142727,-40.929062
1048576,1048576,2097152,0.106,222298,32,128,8192,44,53,73.230407,0.248785289163,-118.603803,-45.373395,-40.864272
1048576,1048576,2097152,0.106,222298,32,128,8192,44,54,75.237434,0.248785289163,-120.841482,-45.604048,-40.811262
1048576,1048576,2097152,0.106,222298,32,128,8192,44,55,77.136646,0.279342122892,-123.079144,-45.942498,-40.770674
1048576,1048576,2097152,0.106,222298,32,128,8192,44,56,78.976540,0.279342122892,-125.316785,-46.340245,-40.740611
1048576,1048576,2097152,0.106,222298,32,128,8192,44,57,80.816435,0.279342122892,-127.554404,-46.737969,-40.718203
1048576,1048576,2097152,0.106,222298,32,128,8192,44,58,82.656330,0.279342122892,-129.791997,-47.135667,-40.701423
1048576,1048576,2097152,0.106,222298,32,128,8192,44,59,84.444870,0.313652072773,-132.029562,-47.584692,-40.689253
1048576,1048576,2097152,0.106,222298,32,128,8192,44,60,86.117633,0.313652072773,-134.267094,-48.149460,-40.681084
1048576,1048576,2097152,0.106,222298,32,128,8192,44,61,87.790396,0.313652072773,-136.504589,-48.714193,-40.675586
1048576,1048576,2097152,0.106,222298,32,128,8192,44,62,89.463159,0.313652072773,-138.742043,-49.278884,-40.671882
1048576,1048576,2097152,0.106,222298,32,128,8192,44,63,91.135922,0.313652072773,-140.979450,-49.843528,-40.669382
1048576,1048576,2097152,0.106,222298,32,128,8192,44,64,92.808685,0.313652072773,-143.216806,-50.408120,-40.667694
1048576,1048576,2097152,0.106,222298,32,128,8192,44,65,94.359307,0.352176111989,-145.454102,-51.094794,-40.666647
1048576,1048576,2097152,0.106,222298,32,128,8192,44,66,95.864938,0.352176111989,-147.691331,-51.826393,-40.666016
1048576,1048576,2097152,0.106,222298,32,128,8192,44,67,97.370569,0.352176111989,-149.928486,-52.557917,-40.665637
1048576,1048576,2097152,0.106,222298,32,128,8192,44,68,98.876200,0.352176111989,-152.165557,-53.289357,-40.665408
1048576,1048576,2097152,0.106,222298,32,128,8192,44,69,100.381831,0.352176111989,-154.402533,-54.020702,-40.665271
1048576,1048576,2097152,0.106,222298,32,128,8192,44,70,101.887462,0.352176111989,-156.639403,-54.751940,-40.665188
1048576,1048576,2097152,0.106,222298,32,128,8192,44,71,103.393093,0.352176111989,-158.876152,-55.483059,-40.665138
1048576,1048576,2097152,0.106,222298,32,128,8192,44,72,104.898724,0.352176111989,-161.112767,-56.214043,-40.665108
1048576,1048576,2097152,0.106,222298,32,128,8192,44,73,106.404356,0.352176111989,-163.349231,-56.944875,-40.665090
1048576,1048576,2097152,0.106,222298,32,128,8192,44,74,107.909987,0.352176111989,-165.585524,-57.675538,-40.665079
1048576,1048576,2097152,0.106,222298,32,128,8192,44,75,109.415618,0.352176111989,-167.821627,-58.406009,-40.665072
1048576,1048576,2097152,0.106,222298,32,128,8192,44,76,110.921249,0.352176111989,-170.057515,-59.136266,-40.665068
1048576,1048576,2097152,0.106,222298,32,128,8192,44,77,112.426880,0.352176111989,-172.293162,-59.866282,-40.665066
1048576,1048576,2097152,0.106,222298,32,128,8192,44,78,113.932511,0.352176111989,-174.528540,-60.596030,-40.665064
1048576,1048576,2097152,0.106,222298,32,128,8192,44,79,115.438142,0.352176111989,-176.763616,-61.325474,-40.665063
1048576,1048576,2097152,0.106,222298,32,128,8192,44,80,116.943773,0.352176111989,-178.998353,-62.054580,-40.665063
1048576,1048576,2097152,0.106,222298,32,128,8192,44,81,118.449404,0.352176111989,-181.232711,-62.783307,-40.665063
1048576,1048576,2097152,0.106,222298,32,128,8192,44,82,119.955035,0.352176111989,-183.466646,-63.511611,-40.665062
1048576,1048576,2097152,0.106,222298,32,128,8192,44,83,121.460666,0.352176111989,-185.700107,-64.239441,-40.665062
1048576,1048576,2097152,0.106,222298,32,128,8192,44,84,122.966297,0.352176111989,-187.933039,-64.966742,-40.665062
1048576,1048576,2097152,0.106,222298,32,128,8192,44,85,124.471928,0.352176111989,-190.165381,-65.693453,-40.665062
1048576,1048576,2097152,0.106,222298,32,128,8192,44,86,125.977559,0.352176111989,-192.397066,-66.419507,-40.665062
1048576,1048576,2097152,0.106,222298,32,128,8192,44,87,127.483190,0.352176111989,-194.628018,-67.144828,-40.665062
1048576,1048576,2097152,0.106,222298,32,128,8192,44,88,128.988821,0.352176111989,-196.858157,-67.869336,-40.665062
1048576,1048576,2097152,0.106,222298,32,128,8192,44,89,130.494452,0.352176111989,-199.087391,-68.592939,-40.665062
1048576,1048576,2097152,0.106,222298,32,128,8192,44,90,132.000083,0.352176111989,-201.315623,-69.315540,-40.665062
1048576,1048576,2097152,0.106,222298,32,128,8192,44,91,133.505714,0.352176111989,-203.542744,-70.037030,-40.665062
1048576,1048576,2097152,0.106,222298,32,128,8192,44,92,135.011345,0.352176111989,-205.768640,-70.757294,-40.665062
1048576,1048576,2097152,0.106,222298,32,128,8192,44,93,136.516976,0.352176111989,-207.993180,-71.476204,-40.665062
1048576,1048576,2097152,0.106,222298,32,128,8192,44,94,138.022607,0.352176111989,-210.216231,-72.193623,-40.665062
1048576,1048576,2097152,0.106,222298,32,128,8192,44,95,139.528238,0.352176111989,-212.437643,-72.909405,-40.665062
1048576,1048576,2097152,0.106,222298,32,128,8192,44,96,141.033869,0.352176111989,-214.657262,-73.623393,-40.665062
1048576,1048576,2097152,0.106,222298,32,128,8192,44,97,142.539500,0.352176111989,-216.874919,-74.335419,-40.665062
1048576,1048576,2097152,0.106,222298,32,128,8192,44,98,144.045132,0.352176111989,-219.090440,-75.045308,-40.665062
1048576,1048576,2097152,0.106,222298,32,128,8192,44,99,145.550763,0.352176111989,-221.303637,-75.752875,-40.665062
1048576,1048576,2097152,0.106,222298,32,128,8192,44,100,147.056394,0.352176111989,-223.514322,-76.457928,-40.665062
1048576,1048576,2097152,0.106,222298,32,128,8192,44,101,148.562025,0.352176111989,-225.722292,-77.160268,-40.665062
1048576,1048576,2097152,0.106,222298,32,128,8192,44,102,150.067656,0.352176111989,-227.927350,-77.859695,-40.665062
1048576,1048576,2097152,0.106,222298,32,128,8192,44,103,151.573287,0.352176111989,-230.129288,-78.556001,-40.665062
1048576,1048576,2097152,0.106,222298,32,128,8192,44,104,153.078918,0.352176111989,-232.327903,-79.248986,-40.665062
1048576,1048576,2097152,0.106,222298,32,128,8192,44,105,154.584549,0.352176111989,-234.522998,-79.938449,-40.665062
1048576,1048576,2097152,0.106,222298,32,128,8192,44,106,156.090180,0.352176111989,-236.714376,-80.624196,-40.665062
1048576,1048576,2097152,0.106,222298,32,128,8192,44,107,157.595811,0.352176111989,-238.901855,-81.306045,-40.665062
1048576,1048576,2097152,0.106,222298,32,128,8192,44,108,159.101442,0.352176111989,-241.085269,-81.983827,-40.665062
1048576,1048576,2097152,0.106,222298,32,128,8192,44,109,160.607073,0.352176111989,-243.264462,-82.657389,-40.665062
1048576,1048576,2097152,0.106,222298,32,128,8192,44,110,162.112704,0.352176111989,-245.439303,-83.326599,-40.665062
1048576,1048576,2097152,0.106,222298,32,128,8192,44,111,163.618335,0.352176111989,-247.609688,-83.991353,-40.665062
1048576,1048576,2097152,0.106,222298,32,128,8192,44,112,165.123966,0.352176111989,-249.775532,-84.651566,-40.665062
1048576,1048576,2097152,0.106,222298,32,128,8192,44,113,166.629597,0.352176111989,-251.936783,-85.307186,-40.665062
1048576,1048576,2097152,0.106,222298,32,128,8192,44,114,168.135228,0.352176111989,-254.093421,-85.958192,-40.665062
1048576,1048576,2097152,0.106,222298,32,128,8192,44,115,169.640859,0.352176111989,-256.245448,-86.604589,-40.665062
1048576,1048576,2097152,0.106,222298,32,128,8192,44,116,171.146490,0.352176111989,-258.392905,-87.246414,-40.665062
1048576,1048576,2097152,0.106,222298,32,128,8192,44,117,172.652121,0.352176111989,-260.535860,-87.883738,-40.665062
1048576,1048576,2097152,0.106,222298,32,128,8192,44,118,174.157752,0.352176111989,-262.674404,-88.516652,-40.665062
1048576,1048576,2097152,0.106,222298,32,128,8192,44,119,175.663383,0.352176111989,-264.808660,-89.145277,-40.665062
1048576,1048576,2097152,0.106,222298,32,128,8192,44,120,177.169014,0.352176111989,-266.938772,-89.769757,-40.665062
1048576,1048576,2097152,0.106,222298,32,128,8192,44,121,178.674645,0.352176111989,-269.064898,-90.390253,-40.665062
1048576,1048576,2097152,0.106,222298,32,128,8192,44,122,180.180276,0.352176111989,-271.187219,-91.006942,-40.665062
1048576,1048576,2097152,0.106,222298,32,128,8192,44,123,181.685908,0.352176111989,-273.305926,-91.620018,-40.665062
1048576,1048576,2097152,0.106,222298,32,128,8192,44,124,183.191539,0.352176111989,-275.421216,-92.229677,-40.665062
1048576,1048576,2097152,0.106,222298,32,128,8192,44,125,184.697170,0.352176111989,-277.533295,-92.836125,-40.665062
1048576,1048576,2097152,0.106,222298,32,128,8192,44,126,186.202801,0.352176111989,-279.642372,-93.439571,-40.665062
1048576,1048576,2097152,0.106,222298,32,128,8192,44,127,187.708432,0.352176111989,-281.748651,-94.040219,-40.665062
1048576,1048576,2097152,0.106,222298,32,128,8192,44,128,189.214063,0.352176111989,-283.852337,-94.638275,-40.665062
1048576,1048576,2097152,0.106,222298,32,128,8192,44,129,190.719694,0.352176111989,-285.953631,-95.233938,-40.665062
1048576,1048576,2097152,0.106,222298,32,128,8192,44,130,192.225325,0.352176111989,-288.052724,-95.827399,-40.665062
1048576,1048576,2097152,0.106,222298,32,128,8192,44,131,193.730956,0.352176111989,-290.149799,-96.418844,-40.665062
1048576,1048576,2097152,0.106,222298,32,128,8192,44,132,195.236587,0.352176111989,-292.245035,-97.008448,-40.665062
1048576,1048576,2097152,0.106,222298,32,128,8192,44,133,196.742218,0.352176111989,-294.338595,-97.596377,-40.665062
1048576,1048576,2097152,0.106,222298,32,128,8192,44,134,198.247849,0.352176111989,-296.430636,-98.182787,-40.665062
1048576,1048576,2097152,0.106,222298,32,128,8192,44,135,199.753480,0.352176111989,-298.521304,-98.767824,-40.665062
1048576,1048576,2097152,0.106,222298,32,128,8192,44,136,201.259111,0.352176111989,-300.610733,-99.351622,-40.665062
1048576,1048576,2097152,0.106,222298,32,128,8192,44,137,202.764742,0.352176111989,-302.699049,-99.934307,-40.665062
1048576,1048576,2097152,0.106,222298,32,128,8192,44,138,204.270373,0.352176111989,-304.786369,-100.515996,-40.665062
1048576,1048576,2097152,0.106,222298,32,128,8192,44,139,205.776004,0.352176111989,-306.872797,-101.096793,-40.665062
1048576,1048576,2097152,0.106,222298,32,128,8192,44,140,207.281635,0.352176111989,-308.958431,-101.676796,-40.665062
1048576,1048576,2097152,0.106,222298,32,128,8192,44,141,208.787266,0.352176111989,-311.043360,-102.256094,-40.665062
1048576,1048576,2097152,0.106,222298,32,128,8192,44,142,210.292897,0.352176111989,-313.127665,-102.834767,-40.665062
1048576,1048576,2097152,0.106,222298,32,128,8192,44,143,211.798528,0.352176111989,-315.211418,-103.412890,-40.665062
1048576,1048576,2097152,0.106,222298,32,128,8192,44,144,213.304159,0.352176111989,-317.294688,-103.990529,-40.665062
1048576,1048576,2097152,0.106,222298,32,128,8192,44,145,214.809790,0.352176111989,-319.377534,-104.567743,-40.665062
1048576,1048576,2097152,0.106,222298,32,128,8192,44,146,216.315421,0.352176111989,-321.460010,-105.144588,-40.665062
1048576,1048576,2097152,0.106,222298,32,128,8192,44,147,217.821052,0.352176111989,-323.542166,-105.721113,-40.665062
1048576,1048576,2097152,0.106,222298,32,128,8192,44,148,219.326684,0.352176111989,-325.624045,-106.297362,-40.665062
1048576,1048576,2097152,0.106,222298,32,128,8192,44,149,220.832315,0.352176111989,-327.705688,-106.873374,-40.665062
1048576,1048576,2097152,0.106,222298,32,128,8192,44,150,222.337946,0.352176111989,-329.787131,-107.449185,-40.665062
1048576,1048576,2097152,0.106,222298,32,128,8192,44,151,223.843577,0.352176111989,-331.868404,-108.024828,-40.665062
1048576,1048576,2097152,0.106,222298,32,128,8192,44,152,225.349208,0.352176111989,-333.949538,-108.600330,-40.665062
1048576,1048576,2097152,0.106,222298,32,128,8192,44,153,226.854839,0.352176111989,-336.030557,-109.175719,-40.665062
1048576,1048576,2097152,0.106,222298,32,128,8192,44,154,228.360470,0.352176111989,-338.111485,-109.751016,-40.665062
1048576,1048576,2097152,0.106,222298,32,128,8192,44,155,229.866101,0.352176111989,-340.192342,-110.326241,-40.665062
1048576,1048576,2097152,0.106,222298,32,128,8192,44,156,231.371732,0.352176111989,-342.273146,-110.901415,-40.665062
1048576,1048576,2097152,0.106,222298,32,128,8192,44,157,232.877363,0.352176111989,-344.353915,-111.476552,-40.665062
1048576,1048576,2097152,0.106,222298,32,128,8192,44,158,234.382994,0.352176111989,-346.434661,-112.051667,-40.665062
1048576,1048576,2097152,0.106,222298,32,128,8192,44,159,235.888625,0.352176111989,-348.515398,-112.626773,-40.665062
1048576,1048576,2097152,0.106,222298,32,128,8192,44,160,237.394256,0.352176111989,-350.596137,-113.201881,-40.665062
1048576,1048576,2097152,0.106,222298,32,128,8192,44,161,238.899887,0.352176111989,-352.676889,-113.777002,-40.665062
1048576,1048576,2097152,0.106,222298,32,128,8192,44,162,240.405518,0.352176111989,-354.757663,-114.352145,-40.665062
1048576,1048576,2097152,0.106,222298,32,128,8192,44,163,241.911149,0.352176111989,-356.838466,-114.927316,-40.665062
1048576,1048576,2097152,0.106,222298,32,128,8192,44,164,243.416780,0.352176111989,-358.919305,-115.502525,-40.665062
1048576,1048576,2097152,0.106,222298,32,128,8192,44,165,244.922411,0.352176111989,-361.000187,-116.077776,-40.665062
1048576,1048576,2097152,0.106,222298,32,128,8192,44,166,246.428042,0.352176111989,-363.081117,-116.653075,-40.665062
1048576,1048576,2097152,0.106,222298,32,128,8192,44,167,247.933673,0.352176111989,-365.162100,-117.228426,-40.665062
1048576,1048576,2097152,0.106,222298,32,128,8192,44,168,249.439304,0.352176111989,-367.243139,-117.803835,-40.665062
1048576,1048576,2097152,0.106,222298,32,128,8192,44,169,250.944935,0.352176111989,-369.324239,-118.379304,-40.665062
1048576,1048576,2097152,0.106,222298,32,128,8192,44,170,252.450566,0.352176111989,-371.405403,-118.954837,-40.665062
1048576,1048576,2097152,0.106,222298,32,128,8192,44,171,253.956197,0.352176111989,-373.486633,-119.530436,-40.665062
1048576,1048576,2097152,0.106,222298,32,128,8192,44,172,255.461828,0.352176111989,-375.567932,-120.106103,-40.665062
1048576,1048576,2097152,0.106,222298,32,128,8192,44,173,256.967460,0.352176111989,-377.649301,-120.681842,-40.665062
1048576,1048576,2097152,0.106,222298,32,128,8192,44,174,258.473091,0.352176111989,-379.730743,-121.257652,-40.665062
1048576,1048576,2097152,0.106,222298,32,128,8192,44,175,259.978722,0.352176111989,-381.812258,-121.833537,-40.665062
1048576,1048576,2097152,0.106,222298,32,128,8192,44,176,261.484353,0.352176111989,-383.893849,-122.409496,-40.665062
1048576,1048576,2097152,0.106,222298,32,128,8192,44,177,262.989984,0.352176111989,-385.975515,-122.985531,-40.665062
1048576,1048576,2097152,0.106,222298,32,128,8192,44,178,264.495615,0.352176111989,-388.057258,-123.561643,-40.665062
1048576,1048576,2097152,0.106,222298,32,128,8192,44,179,266.001246,0.352176111989,-390.139078,-124.137833,-40.665062
1048576,1048576,2097152,0.106,222298,32,128,8192,44,180,267.506877,0.352176111989,-392.220977,-124.714100,-40.665062
1048576,1048576,2097152,0.106,222298,32,128,8192,46,1,-inf,,-2.237843,-inf,-inf
1048576,1048576,2097152,0.106,222298,32,128,8192,46,2,-inf,,-4.475684,-inf,-inf
1048576,1048576,2097152,0.106,222298,32,128,8192,46,3,-inf,,-6.713526,-inf,-inf
1048576,1048576,2097152,0.106,222298,32,128,8192,46,4,-inf,,-8.951366,-inf,-inf
1048576,1048576,2097152,0.106,222298,32,128,8192,46,5,-inf,,-11.189206,-inf,-inf
1048576,1048576,2097152,0.106,222298,32,128,8192,46,6,-inf,,-13.427045,-inf,-inf
1048576,1048576,2097152,0.106,222298,32,128,8192,46,7,-inf,,-15.664883,-inf,-inf
1048576,1048576,2097152,0.106,222298,32,128,8192,46,8,-inf,,-17.902721,-inf,-inf
1048576,1048576,2097152,0.106,222298,32,128,8192,46,9,-inf,,-20.140558,-inf,-inf
1048576,1048576,2097152,0.106,222298,32,128,8192,46,10,-inf,,-22.378394,-inf,-inf
1048576,1048576,2097152,0.106,222298,32,128,8192,46,11,-inf,,-24.616229,-inf,-inf
1048576,1048576,2097152,0.106,222298,32,128,8192,46,12,-inf,,-26.854064,-inf,-inf
1048576,1048576,2097152,0.106,222298,32,128,8192,46,13,-inf,,-29.091897,-inf,-inf
1048576,1048576,2097152,0.106,222298,32,128,8192,46,14,-inf,,-31.329731,-inf,-inf
1048576,1048576,2097152,0.106,222298,32,128,8192,46,15,-inf,,-33.567563,-inf,-inf
1048576,1048576,2097152,0.106,222298,32,128,8192,46,16,-inf,,-35.805394,-inf,-inf
1048576,1048576,2097152,0.106,222298,32,128,8192,46,17,-inf,,-38.043225,-inf,-inf
1048576,1048576,2097152,0.106,222298,32,128,8192,46,18,-inf,,-40.281055,-inf,-inf
1048576,1048576,2097152,0.106,222298,32,128,8192,46,19,-inf,,-42.518884,-inf,-inf
1048576,1048576,2097152,0.106,222298,32,128,8192,46,20,-inf,,-44.756712,-inf,-inf
1048576,1048576,2097152,0.106,222298,32,128,8192,46,21,-inf,,-46.994540,-inf,-inf
1048576,1048576,2097152,0.106,222298,32,128,8192,46,22,-inf,,-49.232366,-inf,-inf
1048576,1048576,2097152,0.106,222298,32,128,8192,46,23,-inf,,-51.470191,-inf,-inf
1048576,1048576,2097152,0.106,222298,32,128,8192,46,24,-inf,,-53.708016,-inf,-inf
1048576,1048576,2097152,0.106,222298,32,128,8192,46,25,-inf,,-55.945839,-inf,-inf
1048576,1048576,2097152,0.106,222298,32,128,8192,46,26,-inf,,-58.183662,-inf,-inf
1048576,1048576,2097152,0.106,222298,32,128,8192,46,27,-inf,,-60.421483,-inf,-inf
1048576,1048576,2097152,0.106,222298,32,128,8192,46,28,-inf,,-62.659303,-inf,-inf
1048576,1048576,2097152,0.106,222298,32,128,8192,46,29,-inf,,-64.897122,-inf,-inf
1048576,1048576,2097152,0.106,222298,32,128,8192,46,30,-inf,,-67.134939,-inf,-inf
1048576,1048576,2097152,0.106,222298,32,128,8192,46,31,-inf,,-69.372755,-inf,-inf
1048576,1048576,2097152,0.106,222298,32,128,8192,46,32,-inf,,-71.610569,-inf,-inf
1048576,1048576,2097152,0.106,222298,32,128,8192,46,33,-inf,,-73.848382,-inf,-inf
1048576,1048576,2097152,0.106,222298,32,128,8192,46,34,-inf,,-76.086193,-inf,-inf
1048576,1048576,2097152,0.106,222298,32,128,8192,46,35,-inf,,-78.324002,-inf,-inf
1048576,1048576,2097152,0.106,222298,32,128,8192,46,36,-inf,,-80.561808,-inf,-inf
1048576,1048576,2097152,0.106,222298,32,128,8192,46,37,-inf,,-82.799612,-inf,-inf
1048576,1048576,2097152,0.106,222298,32,128,8192,46,38,-inf,,-85.037414,-inf,-inf
1048576,1048576,2097152,0.106,222298,32,128,8192,46,39,-inf,,-87.275213,-inf,-inf
1048576,1048576,2097152,0.106,222298,32,128,8192,46,40,-inf,,-89.513008,-inf,-inf
1048576,1048576,2097152,0.106,222298,32,128,8192,46,41,-inf,,-91.750800,-inf,-inf
1048576,1048576,2097152,0.106,222298,32,128,8192,46,42,-inf,,-93.988588,-inf,-inf
1048576,1048576,2097152,0.106,222298,32,128,8192,46,43,-inf,,-96.226371,-inf,-inf
1048576,1048576,2097152,0.106,222298,32,128,8192,46,44,-inf,,-98.464149,-inf,-inf
1048576,1048576,2097152,0.106,222298,32,128,8192,46,45,-inf,,-100.701922,-inf,-inf
1048576,1048576,2097152,0.106,222298,32,128,8192,46,46,59.051159,0.248785289163,-102.939689,-43.888530,-43.888530
1048576,1048576,2097152,0.106,222298,32,128,8192,46,47,61.058185,0.248785289163,-105.177448,-44.119263,-42.999289
1048576,1048576,2097152,0.106,222298,32,128,8192,46,48,63.065212,0.248785289163,-107.415200,-44.349988,-42.522024
1048576,1048576,2097152,0.106,222298,32,128,8192,46,49,65.072239,0.248785289163,-109.652943,-44.580704,-42.211642
1048576,1048576,2097152,0.106,222298,32,128,8192,46,50,67.079266,0.248785289163,-111.890676,-44.811410,-41.991356
1048576,1048576,2097152,0.106,222298,32,128,8192,46,51,69.086293,0.248785289163,-114.128398,-45.042105,-41.826982
1048576,1048576,2097152,0.106,222298,32,128,8192,46,52,71.093320,0.248785289163,-116.366107,-45.272787,-41.700311
1048576,1048576,2097152,0.106,222298,32,128,8192,46,53,73.100347,0.248785289163,-118.603803,-45.503456,-41.600494
1048576,1048576,2097152,0.106,222298,32,128,8192,46,54,75.107374,0.248785289163,-120.841482,-45.734108,-41.520557
1048576,1048576,2097152,0.106,222298,32,128,8192,46,55,77.095231,0.279342122892,-123.079144,-45.983913,-41.456598
1048576,1048576,2097152,0.106,222298,32,128,8192,46,56,78.935126,0.279342122892,-125.316785,-46.381660,-41.409874
1048576,1048576,2097152,0.106,222298,32,128,8192,46,57,80.775021,0.279342122892,-127.554404,-46.779383,-41.375393
1048576,1048576,2097152,0.106,222298,32,128,8192,46,58,82.614916,0.279342122892,-129.791997,-47.177082,-41.349758
1048576,1048576,2097152,0.106,222298,32,128,8192,46,59,84.436882,0.313652072773,-132.029562,-47.592679,-41.330834
1048576,1048576,2097152,0.106,222298,32,128,8192,46,60,86.109645,0.313652072773,-134.267094,-48.157448,-41.318179
1048576,1048576,2097152,0.106,222298,32,128,8192,46,61,87.782408,0.313652072773,-136.504589,-48.722180,-41.309686
1048576,1048576,2097152,0.106,222298,32,128,8192,46,62,89.455171,0.313652072773,-138.742043,-49.286871,-41.303972
1048576,1048576,2097152,0.106,222298,32,128,8192,46,63,91.127934,0.313652072773,-140.979450,-49.851516,-41.300121
1048576,1048576,2097152,0.106,222298,32,128,8192,46,64,92.800697,0.313652072773,-143.216806,-50.416108,-41.297523
1048576,1048576,2097152,0.106,222298,32,128,8192,46,65,94.358418,0.352176111989,-145.454102,-51.095683,-41.295904
1048576,1048576,2097152,0.106,222298,32,128,8192,46,66,95.864049,0.352176111989,-147.691331,-51.827282,-41.294929
1048576,1048576,2097152,0.106,222298,32,128,8192,46,67,97.369680,0.352176111989,-149.928486,-52.558806,-41.294343
1048576,1048576,2097152,0.106,222298,32,128,8192,46,68,98.875311,0.352176111989,-152.165557,-53.290246,-41.293990
1048576,1048576,2097152,0.106,222298,32,128,8192,46,69,100.380942,0.352176111989,-154.402533,-54.021591,-41.293777
1048576,1048576,2097152,0.106,222298,32,128,8192,46,70,101.886573,0.352176111989,-156.639403,-54.752829,-41.293649
1048576,1048576,2097152,0.106,222298,32,128,8192,46,71,103.392205,0.352176111989,-158.876152,-55.483948,-41.293572
1048576,1048576,2097152,0.106,222298,32,128,8192,46,72,104.897836,0.352176111989,-161.112767,-56.214932,-41.293525
1048576,1048576,2097152,0.106,222298,32,128,8192,46,73,106.403467,0.352176111989,-163.349231,-56.945764,-41.293497
1048576,1048576,2097152,0.106,222298,32,128,8192,46,74,107.909098,0.352176111989,-165.585524,-57.676427,-41.293480
1048576,1048576,2097152,0.106,222298,32,128,8192,46,75,109.414729,0.352176111989,-167.821627,-58.406898,-41.293470
1048576,1048576,2097152,0.106,222298,32,128,8192,46,76,110.920360,0.352176111989,-170.057515,-59.137155,-41.293464
1048576,1048576,2097152,0.106,222298,32,128,8192,46,77,112.425991,0.352176111989,-172.293162,-59.867171,-41.293460
1048576,1048576,2097152,0.106,222298,32,128,8192,46,78,113.931622,0.352176111989,-174.528540,-60.596918,-41.293458
1048576,1048576,2097152,0.106,222298,32,128,8192,46,79,115.437253,0.352176111989,-176.763616,-61.326363,-41.293457
1048576,1048576,2097152,0.106,222298,32,128,8192,46,80,116.942884,0.352176111989,-178.998353,-62.055469,-41.293456
1048576,1048576,2097152,0.106,222298,32,128,8192,46,81,118.448515,0.352176111989,-181.232711,-62.784196,-41.293455
1048576,1048576,2097152,0.106,222298,32,128,8192,46,82,119.954146,0.352176111989,-183.466646,-63.512500,-41.293455
1048576,1048576,2097152,0.106,222298,32,128,8192,46,83,121.459777,0.352176111989,-185.700107,-64.240330,-41.293455
1048576,1048576,2097152,0.106,222298,32,128,8192,46,84,122.965408,0.352176111989,-187.933039,-64.967631,-41.293455
1048576,1048576,2097152,0.106,222298,32,128,8192,46,85,124.471039,0.352176111989,-190.165381,-65.694342,-41.293455
1048576,1048576,2097152,0.106,222298,32,128,8192,46,86,125.976670,0.352176111989,-192.397066,-66.420396,-41.293455
1048576,1048576,2097152,0.106,222298,32,128,8192,46,87,127.482301,0.352176111989,-194.628018,-67.145717,-41.293455
1048576,1048576,2097152,0.106,222298,32,128,8192,46,88,128.987932,0.352176111989,-196.858157,-67.870225,-41.293455
1048576,1048576,2097152,0.106,222298,32,128,8192,46,89,130.493563,0.352176111989,-199.087391,-68.593828,-41.293455
1048576,1048576,2097152,0.106,222298,32,128,8192,46,90,131.999194,0.352176111989,-201.315623,-69.316429,-41.293455
1048576,1048576,2097152,0.106,222298,32,128,8192,46,91,133.504825,0.352176111989,-203.542744,-70.037919,-41.293455
1048576,1048576,2097152,0.106,222298,32,128,8192,46,92,135.010456,0.352176111989,-205.768640,-70.758183,-41.293455
1048576,1048576,2097152,0.106,222298,32,128,8192,46,93,136.516087,0.352176111989,-207.993180,-71.477093,-41.293455
1048576,1048576,2097152,0.106,222298,32,128,8192,46,94,138.021718,0.352176111989,-210.216231,-72.194512,-41.293455
1048576,1048576,2097152,0.106,222298,32,128,8192,46,95,139.527349,0.352176111989,-212.437643,-72.910294,-41.293455
1048576,1048576,2097152,0.106,222298,32,128,8192,46,96,141.032981,0.352176111989,-214.657262,-73.624282,-41.293455
1048576,1048576,2097152,0.106,222298,32,128,8192,46,97,142.538612,0.352176111989,-216.874919,-74.336308,-41.293455
1048576,1048576,2097152,0.106,222298,32,128,8192,46,98,144.044243,0.352176111989,-219.090440,-75.046197,-41.293455
1048576,1048576,2097152,0.106,222298,32,128,8192,46,99,145.549874,0.352176111989,-221.303637,-75.753764,-41.293455
1048576,1048576,2097152,0.106,222298,32,128,8192,46,100,147.055505,0.352176111989,-223.514322,-76.458817,-41.293455
1048576,1048576,2097152,0.106,222298,32,128,8192,46,101,148.561136,0.352176111989,-225.722292,-77.161157,-41.293455
1048576,1048576,2097152,0.106,222298,32,128,8192,46,102,150.066767,0.352176111989,-227.927350,-77.860584,-41.293455
1048576,1048576,2097152,0.106,222298,32,128,8192,46,103,151.572398,0.352176111989,-230.129288,-78.556890,-41.293455
1048576,1048576,2097152,0.106,222298,32,128,8192,46,104,153.078029,0.352176111989,-232.327903,-79.249874,-41.293455
1048576,1048576,2097152,0.106,222298,32,128,8192,46,105,154.583660,0.352176111989,-234.522998,-79.939338,-41.293455
1048576,1048576,2097152,0.106,222298,32,128,8192,46,106,156.089291,0.352176111989,-236.714376,-80.625085,-41.293455
1048576,1048576,2097152,0.106,222298,32,128,8192,46,107,157.594922,0.352176111989,-238.901855,-81.306933,-41.293455
1048576,1048576,2097152,0.106,222298,32,128,8192,46,108,159.100553,0.352176111989,-241.085269,-81.984716,-41.293455
1048576,1048576,2097152,0.106,222298,32,128,8192,46,109,160.606184,0.352176111989,-243.264462,-82.658278,-41.293455
1048576,1048576,2097152,0.106,222298,32,128,8192,46,110,162.111815,0.352176111989,-245.439303,-83.327488,-41.293455
1048576,1048576,2097152,0.106,222298,32,128,8192,46,111,163.617446,0.352176111989,-247.609688,-83.992242,-41.293455
1048576,1048576,2097152,0.106,222298,32,128,8192,46,112,165.123077,0.352176111989,-249.775532,-84.652455,-41.293455
1048576,1048576,2097152,0.106,222298,32,128,8192,46,113,166.628708,0.352176111989,-251.936783,-85.308075,-41.293455
1048576,1048576,2097152,0.106,222298,32,128,8192,46,114,168.134339,0.352176111989,-254.093421,-85.959081,-41.293455
1048576,1048576,2097152,0.106,222298,32,128,8192,46,115,169.639970,0.352176111989,-256.245448,-86.605478,-41.293455
1048576,1048576,2097152,0.106,222298,32,128,8192,46,116,171.145601,0.352176111989,-258.392905,-87.247303,-41.293455
1048576,1048576,2097152,0.106,222298,32,128,8192,46,117,172.651232,0.352176111989,-260.535860,-87.884627,-41.293455
1048576,1048576,2097152,0.106,222298,32,128,8192,46,118,174.156863,0.352176111989,-262.674404,-88.517541,-41.293455
1048576,1048576,2097152,0.106,222298,32,128,8192,46,119,175.662494,0.352176111989,-264.808660,-89.146166,-41.293455
1048576,1048576,2097152,0.106,222298,32,128,8192,46,120,177.168125,0.352176111989,-266.938772,-89.770646,-41.293455
1048576,1048576,2097152,0.106,222298,32,128,8192,46,121,178.673757,0.352176111989,-269.064898,-90.391142,-41.293455
1048576,1048576,2097152,0.106,222298,32,128,8192,46,122,180.179388,0.352176111989,-271.187219,-91.007831,-41.293455
1048576,1048576,2097152,0.106,222298,32,128,8192,46,123,181.685019,0.352176111989,-273.305926,-91.620907,-41.293455
1048576,1048576,2097152,0.106,222298,32,128,8192,46,124,183.190650,0.352176111989,-275.421216,-92.230566,-41.293455
1048576,1048576,2097152,0.106,222298,32,128,8192,46,125,184.696281,0.352176111989,-277.533295,-92.837014,-41.293455
1048576,1048576,2097152,0.106,222298,32,128,8192,46,126,186.201912,0.352176111989,-279.642372,-93.440460,-41.293455
1048576,1048576,2097152,0.106,222298,32,128,8192,46,127,187.707543,0.352176111989,-281.748651,-94.041108,-41.293455
1048576,1048576,2097152,0.106,222298,32,128,8192,46,128,189.213174,0.352176111989,-283.852337,-94.639163,-41.293455
1048576,1048576,2097152,0.106,222298,32,128,8192,46,129,190.718805,0.352176111989,-285.953631,-95.234827,-41.293455
1048576,1048576,2097152,0.106,222298,32,128,8192,46,130,192.224436,0.352176111989,-288.052724,-95.828288,-41.293455
1048576,1048576,2097152,0.106,222298,32,128,8192,46,131,193.730067,0.352176111989,-290.149799,-96.419732,-41.293455
1048576,1048576,2097152,0.106,222298,32,128,8192,46,132,195.235698,0.352176111989,-292.245035,-97.009337,-41.293455
1048576,1048576,2097152,0.106,222298,32,128,8192,46,133,196.741329,0.352176111989,-294.338595,-97.597266,-41.293455
1048576,1048576,2097152,0.106,222298,32,128,8192,46,134,198.246960,0.352176111989,-296.430636,-98.183676,-41.293455
1048576,1048576,2097152,0.106,222298,32,128,8192,46,135,199.752591,0.352176111989,-298.521304,-98.768713,-41.293455
1048576,1048576,2097152,0.106,222298,32,128,8192,46,136,201.258222,0.352176111989,-300.610733,-99.352511,-41.293455
1048576,1048576,2097152,0.106,222298,32,128,8192,46,137,202.763853,0.352176111989,-302.699049,-99.935196,-41.293455
1048576,1048576,2097152,0.106,222298,32,128,8192,46,138,204.269484,0.352176111989,-304.786369,-100.516885,-41.293455
1048576,1048576,2097152,0.106,222298,32,128,8192,46,139,205.775115,0.352176111989,-306.872797,-101.097682,-41.293455
1048576,1048576,2097152,0.106,222298,32,128,8192,46,140,207.280746,0.352176111989,-308.958431,-101.677685,-41.293455
1048576,1048576,2097152,0.106,222298,32,128,8192,46,141,208.786377,0.352176111989,-311.043360,-102.256983,-41.293455
1048576,1048576,2097152,0.106,222298,32,128,8192,46,142,210.292008,0.352176111989,-313.127665,-102.835656,-41.293455
1048576,1048576,2097152,0.106,222298,32,128,8192,46,143,211.797639,0.352176111989,-315.211418,-103.413779,-41.293455
1048576,1048576,2097152,0.106,222298,32,128,8192,46,144,213.303270,0.352176111989,-317.294688,-103.991418,-41.293455
1048576,1048576,2097152,0.106,222298,32,128,8192,46,145,214.808901,0.352176111989,-319.377534,-104.568632,-41.293455
1048576,1048576,2097152,0.106,222298,32,128,8192,46,146,216.314533,0.352176111989,-321.460010,-105.145477,-41.293455
1048576,1048576,2097152,0.106,222298,32,128,8192,46,147,217.820164,0.352176111989,-323.542166,-105.722002,-41.293455
1048576,1048576,2097152,0.106,222298,32,128,8192,46,148,219.325795,0.352176111989,-325.624045,-106.298251,-41.293455
1048576,1048576,2097152,0.106,222298,32,128,8192,46,149,220.831426,0.352176111989,-327.705688,-106.874263,-41.293455
1048576,1048576,2097152,0.106,222298,32,128,8192,46,150,222.337057,0.352176111989,-329.787131,-107.450074,-41.293455
1048576,1048576,2097152,0.106,222298,32,128,8192,46,151,223.842688,0.352176111989,-331.868404,-108.025717,-41.293455
1048576,1048576,2097152,0.106,222298,32,128,8192,46,152,225.348319,0.352176111989,-333.949538,-108.601219,-41.293455
1048576,1048576,2097152,0.106,222298,32,128,8192,46,153,226.853950,0.352176111989,-336.030557,-109.176608,-41.293455
1048576,1048576,2097152,0.106,222298,32,128,8192,46,154,228.359581,0.352176111989,-338.111485,-109.751904,-41.293455
1048576,1048576,2097152,0.106,222298,32,128,8192,46,155,229.865212,0.352176111989,-340.192342,-110.327130,-41.293455
1048576,1048576,2097152,0.106,222298,32,128,8192,46,156,231.370843,0.352176111989,-342.273146,-110.902304,-41.293455
1048576,1048576,2097152,0.106,222298,32,128,8192,46,157,232.876474,0.352176111989,-344.353915,-111.477441,-41.293455
1048576,1048576,2097152,0.106,222298,32,128,8192,46,158,234.382105,0.352176111989,-346.434661,-112.052556,-41.293455
1048576,1048576,2097152,0.106,222298,32,128,8192,46,159,235.887736,0.352176111989,-348.515398,-112.627662,-41.293455
1048576,1048576,2097152,0.106,222298,32,128,8192,46,160,237.393367,0.352176111989,-350.596137,-113.202770,-41.293455
1048576,1048576,2097152,0.106,222298,32,128,8192,46,161,238.898998,0.352176111989,-352.676889,-113.777891,-41.293455
1048576,1048576,2097152,0.106,222298,32,128,8192,46,162,240.404629,0.352176111989,-354.757663,-114.353033,-41.293455
1048576,1048576,2097152,0.106,222298,32,128,8192,46,163,241.910260,0.352176111989,-356.838466,-114.928205,-41.293455
1048576,1048576,2097152,0.106,222298,32,128,8192,46,164,243.415891,0.352176111989,-358.919305,-115.503414,-41.293455
1048576,1048576,2097152,0.106,222298,32,128,8192,46,165,244.921522,0.352176111989,-361.000187,-116.078665,-41.293455
1048576,1048576,2097152,0.106,222298,32,128,8192,46,166,246.427153,0.352176111989,-363.081117,-116.653964,-41.293455
1048576,1048576,2097152,0.106,222298,32,128,8192,46,167,247.932784,0.352176111989,-365.162100,-117.229315,-41.293455
1048576,1048576,2097152,0.106,222298,32,128,8192,46,168,249.438415,0.352176111989,-367.243139,-117.804724,-41.293455
1048576,1048576,2097152,0.106,222298,32,128,8192,46,169,250.944046,0.352176111989,-369.324239,-118.380193,-41.293455
1048576,1048576,2097152,0.106,222298,32,128,8192,46,170,252.449677,0.352176111989,-371.405403,-118.955726,-41.293455
1048576,1048576,2097152,0.106,222298,32,128,8192,46,171,253.955309,0.352176111989,-373.486633,-119.531325,-41.293455
1048576,1048576,2097152,0.106,222298,32,128,8192,46,172,255.460940,0.352176111989,-375.567932,-120.106992,-41.293455
1048576,1048576,2097152,0.106,222298,32,128,8192,46,173,256.966571,0.352176111989,-377.649301,-120.682731,-41.293455
1048576,1048576,2097152,0.106,222298,32,128,8192,46,174,258.472202,0.352176111989,-379.730743,-121.258541,-41.293455
1048576,1048576,2097152,0.106,222298,32,128,8192,46,175,259.977833,0.352176111989,-381.812258,-121.834426,-41.293455
1048576,1048576,2097152,0.106,222298,32,128,8192,46,176,261.483464,0.352176111989,-383.893849,-122.410385,-41.293455
1048576,1048576,2097152,0.106,222298,32,128,8192,46,177,262.989095,0.352176111989,-385.975515,-122.986420,-41.293455
1048576,1048576,2097152,0.106,222298,32,128,8192,46,178,264.494726,0.352176111989,-388.057258,-123.562532,-41.293455
1048576,1048576,2097152,0.106,222298,32,128,8192,46,179,266.000357,0.352176111989,-390.139078,-124.138722,-41.293455
1048576,1048576,2097152,0.106,222298,32,128,8192,46,180,267.505988,0.352176111989,-392.220977,-124.714989,-41.293455
1048576,1048576,2097152,0.106,222298,32,128,8192,48,1,-inf,,-2.237843,-inf,-inf
1048576,1048576,2097152,0.106,222298,32,128,8192,48,2,-inf,,-4.475684,-inf,-inf
1048576,1048576,2097152,0.106,222298,32,128,8192,48,3,-inf,,-6.713526,-inf,-inf
1048576,1048576,2097152,0.106,222298,32,128,8192,48,4,-inf,,-8.951366,-inf,-inf
1048576,1048576,2097152,0.106,222298,32,128,8192,48,5,-inf,,-11.189206,-inf,-inf
1048576,1048576,2097152,0.106,222298,32,128,8192,48,6,-inf,,-13.427045,-inf,-inf
1048576,1048576,2097152,0.106,222298,32,128,8192,48,7,-inf,,-15.664883,-inf,-inf
1048576,1048576,2097152,0.106,222298,32,128,8192,48,8,-inf,,-17.902721,-inf,-inf
1048576,1048576,2097152,0.106,222298,32,128,8192,48,9,-inf,,-20.140558,-inf,-inf
1048576,1048576,2097152,0.106,222298,32,128,8192,48,10,-inf,,-22.378394,-inf,-inf
1048576,1048576,2097152,0.106,222298,32,128,8192,48,11,-inf,,-24.616229,-inf,-inf
1048576,1048576,2097152,0.106,222298,32,128,8192,48,12,-inf,,-26.854064,-inf,-inf
1048576,1048576,2097152,0.106,222298,32,128,8192,48,13,-inf,,-29.091897,-inf,-inf
1048576,1048576,2097152,0.106,222298,32,128,8192,48,14,-inf,,-31.329731,-inf,-inf
1048576,1048576,2097152,0.106,222298,32,128,8192,48,15,-inf,,-33.567563,-inf,-inf
1048576,1048576,2097152,0.106,222298,32,128,8192,48,16,-inf,,-35.805394,-inf,-inf
1048576,1048576,2097152,0.106,222298,32,128,8192,48,17,-inf,,-38.043225,-inf,-inf
1048576,1048576,2097152,0.106,222298,32,128,8192,48,18,-inf,,-40.281055,-inf,-inf
1048576,1048576,2097152,0.106,222298,32,128,8192,48,19,-inf,,-42.518884,-inf,-inf
1048576,1048576,2097152,0.106,222298,32,128,8192,48,20,-inf,,-44.756712,-inf,-inf
1048576,1048576,2097152,0.106,222298,32,128,8192,48,21,-inf,,-46.994540,-inf,-inf
1048576,1048576,2097152,0.106,222298,32,128,8192,48,22,-inf,,-49.232366,-inf,-inf
1048576,1048576,2097152,0.106,222298,32,128,8192,48,23,-inf,,-51.470191,-inf,-inf
1048576,1048576,2097152,0.106,222298,32,128,8192,48,24,-inf,,-53.708016,-inf,-inf
1048576,1048576,2097152,0.106,222298,32,128,8192,48,25,-inf,,-55.945839,-inf,-inf
1048576,1048576,2097152,0.106,222298,32,128,8192,48,26,-inf,,-58.183662,-inf,-inf
1048576,1048576,2097152,0.106,222298,32,128,8192,48,27,-inf,,-60.421483,-inf,-inf
1048576,1048576,2097152,0.106,222298,32,128,8192,48,28,-inf,,-62.659303,-inf,-inf
1048576,1048576,2097152,0.106,222298,32,128,8192,48,29,-inf,,-64.897122,-inf,-inf
1048576,1048576,2097152,0.106,222298,32,128,8192,48,30,-inf,,-67.134939,-inf,-inf
1048576,1048576,2097152,0.106,222298,32,128,8192,48,31,-inf,,-69.372755,-inf,-inf
1048576,1048576,2097152,0.106,222298,32,128,8192,48,32,-inf,,-71.610569,-inf,-inf
1048576,1048576,2097152,0.106,222298,32,128,8192,48,33,-inf,,-73.848382,-inf,-inf
1048576,1048576,2097152,0.106,222298,32,128,8192,48,34,-inf,,-76.086193,-inf,-inf
1048576,1048576,2097152,0.106,222298,32,128,8192,48,35,-inf,,-78.324002,-inf,-inf
1048576,1048576,2097152,0.106,222298,32,128,8192,48,36,-inf,,-80.561808,-inf,-inf
1048576,1048576,2097152,0.106,222298,32,128,8192,48,37,-inf,,-82.799612,-inf,-inf
1048576,1048576,2097152,0.106,222298,32,128,8192,48,38,-inf,,-85.037414,-inf,-inf
1048576,1048576,2097152,0.106,222298,32,128,8192,48,39,-inf,,-87.275213,-inf,-inf
1048576,1048576,2097152,0.106,222298,32,128,8192,48,40,-inf,,-89.513008,-inf,-inf
1048576,1048576,2097152,0.106,222298,32,128,8192,48,41,-inf,,-91.750800,-inf,-inf
1048576,1048576,2097152,0.106,222298,32,128,8192,48,42,-inf,,-93.988588,-inf,-inf
1048576,1048576,2097152,0.106,222298,32,128,8192,48,43,-inf,,-96.226371,-inf,-inf
1048576,1048576,2097152,0.106,222298,32,128,8192,48,44,-inf,,-98.464149,-inf,-inf
1048576,1048576,2097152,0.106,222298,32,128,8192,48,45,-inf,,-100.701922,-inf,-inf
1048576,1048576,2097152,0.106,222298,32,128,8192,48,46,-inf,,-102.939689,-inf,-inf
1048576,1048576,2097152,0.106,222298,32,128,8192,48,47,-inf,,-105.177448,-inf,-inf
1048576,1048576,2097152,0.106,222298,32,128,8192,48,48,62.891881,0.248785289163,-107.415200,-44.523319,-44.523319
1048576,1048576,2097152,0.106,222298,32,128,8192,48,49,64.898908,0.248785289163,-109.652943,-44.754035,-43.634070
1048576,1048576,2097152,0.106,222298,32,128,8192,48,50,66.905935,0.248785289163,-111.890676,-44.984742,-43.156797
1048576,1048576,2097152,0.106,222298,32,128,8192,48,51,68.912961,0.248785289163,-114.128398,-45.215437,-42.846408
1048576,1048576,2097152,0.106,222298,32,128,8192,48,52,70.919988,0.248785289163,-116.366107,-45.446119,-42.626113
1048576,1048576,2097152,0.106,222298,32,128,8192,48,53,72.927015,0.248785289163,-118.603803,-45.676787,-42.461732
1048576,1048576,2097152,0.106,222298,32,128,8192,48,54,74.934042,0.248785289163,-120.841482,-45.907440,-42.335052
1048576,1048576,2097152,0.106,222298,32,128,8192,48,55,76.941069,0.248785289163,-123.079144,-46.138075,-42.235227
1048576,1048576,2097152,0.106,222298,32,128,8192,48,56,78.864633,0.279342122892,-125.316785,-46.452153,-42.159661
1048576,1048576,2097152,0.106,222298,32,128,8192,48,57,80.704528,0.279342122892,-127.554404,-46.849876,-42.104833
1048576,1048576,2097152,0.106,222298,32,128,8192,48,58,82.544423,0.279342122892,-129.791997,-47.247575,-42.064563
1048576,1048576,2097152,0.106,222298,32,128,8192,48,59,84.384318,0.279342122892,-132.029562,-47.645244,-42.034728
1048576,1048576,2097152,0.106,222298,32,128,8192,48,60,86.093046,0.313652072773,-134.267094,-48.174048,-42.014405
1048576,1048576,2097152,0.106,222298,32,128,8192,48,61,87.765809,0.313652072773,-136.504589,-48.738780,-42.000825
1048576,1048576,2097152,0.106,222298,32,128,8192,48,62,89.438572,0.313652072773,-138.742043,-49.303471,-41.991716
1048576,1048576,2097152,0.106,222298,32,128,8192,48,63,91.111335,0.313652072773,-140.979450,-49.868115,-41.985589
1048576,1048576,2097152,0.106,222298,32,128,8192,48,64,92.784098,0.313652072773,-143.216806,-50.432708,-41.981462
1048576,1048576,2097152,0.106,222298,32,128,8192,48,65,94.356110,0.352176111989,-145.454102,-51.097991,-41.978865
1048576,1048576,2097152,0.106,222298,32,128,8192,48,66,95.861741,0.352176111989,-147.691331,-51.829590,-41.977303
1048576,1048576,2097152,0.106,222298,32,128,8192,48,67,97.367372,0.352176111989,-149.928486,-52.561114,-41.976364
1048576,1048576,2097152,0.106,222298,32,128,8192,48,68,98.873003,0.352176111989,-152.165557,-53.292554,-41.975798
1048576,1048576,2097152,0.106,222298,32,128,8192,48,69,100.378634,0.352176111989,-154.402533,-54.023899,-41.975457
1048576,1048576,2097152,0.106,222298,32,128,8192,48,70,101.884265,0.352176111989,-156.639403,-54.755137,-41.975252
1048576,1048576,2097152,0.106,222298,32,128,8192,48,71,103.389896,0.352176111989,-158.876152,-55.486256,-41.975128
1048576,1048576,2097152,0.106,222298,32,128,8192,48,72,104.895527,0.352176111989,-161.112767,-56.217240,-41.975054
1048576,1048576,2097152,0.106,222298,32,128,8192,48,73,106.401158,0.352176111989,-163.349231,-56.948072,-41.975009
1048576,1048576,2097152,0.106,222298,32,128,8192,48,74,107.906789,0.352176111989,-165.585524,-57.678735,-41.974982
1048576,1048576,2097152,0.106,222298,32,128,8192,48,75,109.412421,0.352176111989,-167.821627,-58.409206,-41.974966
1048576,1048576,2097152,0.106,222298,32,128,8192,48,76,110.918052,0.352176111989,-170.057515,-59.139463,-41.974956
1048576,1048576,2097152,0.106,222298,32,128,8192,48,77,112.423683,0.352176111989,-172.293162,-59.869480,-41.974950
1048576,1048576,2097152,0.106,222298,32,128,8192,48,78,113.929314,0.352176111989,-174.528540,-60.599227,-41.974947
1048576,1048576,2097152,0.106,222298,32,128,8192,48,79,115.434945,0.352176111989,-176.763616,-61.328671,-41.974944
1048576,1048576,2097152,0.106,222298,32,128,8192,48,80,116.940576,0.352176111989,-178.998353,-62.057777,-41.974943
1048576,1048576,2097152,0.106,222298,32,128,8192,48,81,118.446207,0.352176111989,-181.232711,-62.786504,-41.974942
1048576,1048576,2097152,0.106,222298,32,128,8192,48,82,119.951838,0.352176111989,-183.466646,-63.514808,-41.974942
1048576,1048576,2097152,0.106,222298,32,128,8192,48,83,121.457469,0.352176111989,-185.700107,-64.242638,-41.974942
1048576,1048576,2097152,0.106,222298,32,128,8192,48,84,122.963100,0.352176111989,-187.933039,-64.969939,-41.974941
1048576,1048576,2097152,0.106,222298,32,128,8192,48,85,124.468731,0.352176111989,-190.165381,-65.696650,-41.974941
1048576,1048576,2097152,0.106,222298,32,128,8192,48,86,125.974362,0.352176111989,-192.397066,-66.422704,-41.974941
1048576,1048576,2097152,0.106,222298,32,128,8192,48,87,127.479993,0.352176111989,-194.628018,-67.148025,-41.974941
1048576,1048576,2097152,0.106,222298,32,128,8192,48,88,128.985624,0.352176111989,-196.858157,-67.872533,-41.974941
1048576,1048576,2097152,0.106,222298,32,128,8192,48,89,130.491255,0.352176111989,-199.087391,-68.596136,-41.974941
1048576,1048576,2097152,0.106,222298,32,128,8192,48,90,131.996886,0.352176111989,-201.315623,-69.318737,-41.974941
1048576,1048576,2097152,0.106,222298,32,128,8192,48,91,133.502517,0.352176111989,-203.542744,-70.040227,-41.974941
1048576,1048576,2097152,0.106,222298,32,128,8192,48,92,135.008148,0.352176111989,-205.768640,-70.760491,-41.974941
1048576,1048576,2097152,0.106,222298,32,128,8192,48,93,136.513779,0.352176111989,-207.993180,-71.479401,-41.974941
1048576,1048576,2097152,0.106,222298,32,128,8192,48,94,138.019410,0.352176111989,-210.216231,-72.196821,-41.974941
1048576,1048576,2097152,0.106,222298,32,128,8192,48,95,139.525041,0.352176111989,-212.437643,-72.912602,-41.974941
1048576,1048576,2097152,0.106,222298,32,128,8192,48,96,141.030672,0.352176111989,-214.657262,-73.626590,-41.974941
1048576,1048576,2097152,0.106,222298,32,128,8192,48,97,142.536303,0.352176111989,-216.874919,-74.338616,-41.974941
1048576,1048576,2097152,0.106,222298,32,128,8192,48,98,144.041934,0.352176111989,-219.090440,-75.048505,-41.974941
1048576,1048576,2097152,0.106,222298,32,128,8192,48,99,145.547565,0.352176111989,-221.303637,-75.756072,-41.974941
1048576,1048576,2097152,0.106,222298,32,128,8192,48,100,147.053197,0.352176111989,-223.514322,-76.461125,-41.974941
1048576,1048576,2097152,0.106,222298,32,128,8192,48,101,148.558828,0.352176111989,-225.722292,-77.163465,-41.974941
1048576,1048576,2097152,0.106,222298,32,128,8192,48,102,150.064459,0.352176111989,-227.927350,-77.862892,-41.974941
1048576,1048576,2097152,0.106,222298,32,128,8192,48,103,151.570090,0.352176111989,-230.129288,-78.559198,-41.974941
1048576,1048576,2097152,0.106,222298,32,128,8192,48,104,153.075721,0.352176111989,-232.327903,-79.252183,-41.974941
1048576,1048576,2097152,0.106,222298,32,128,8192,48,105,154.581352,0.352176111989,-234.522998,-79.941647,-41.974941
1048576,1048576,2097152,0.106,222298,32,128,8192,48,106,156.086983,0.352176111989,-236.714376,-80.627393,-41.974941
1048576,1048576,2097152,0.106,222298,32,128,8192,48,107,157.592614,0.352176111989,-238.901855,-81.309242,-41.974941
1048576,1048576,2097152,0.106,222298,32,128,8192,48,108,159.098245,0.352176111989,-241.085269,-81.987024,-41.974941
1048576,1048576,2097152,0.106,222298,32,128,8192,48,109,160.603876,0.352176111989,-243.264462,-82.660586,-41.974941
1048576,1048576,2097152,0.106,222298,32,128,8192,48,110,162.109507,0.352176111989,-245.439303,-83.329796,-41.974941
1048576,1048576,2097152,0.106,222298,32,128,8192,48,111,163.615138,0.352176111989,-247.609688,-83.994550,-41.974941
1048576,1048576,2097152,0.106,222298,32,128,8192,48,112,165.120769,0.352176111989,-249.775532,-84.654763,-41.974941
1048576,1048576,2097152,0.106,222298,32,128,8192,48,113,166.626400,0.352176111989,-251.936783,-85.310383,-41.974941
1048576,1048576,2097152,0.106,222298,32,128,8192,48,114,168.132031,0.352176111989,-254.093421,-85.961389,-41.974941
1048576,1048576,2097152,0.106,222298,32,128,8192,48,115,169.637662,0.352176111989,-256.245448,-86.607786,-41.974941
1048576,1048576,2097152,0.106,222298,32,128,8192,48,116,171.143293,0.352176111989,-258.392905,-87.249611,-41.974941
1048576,1048576,2097152,0.106,222298,32,128,8192,48,117,172.648924,0.352176111989,-260.535860,-87.886935,-41.974941
1048576,1048576,2097152,0.106,222298,32,128,8192,48,118,174.154555,0.352176111989,-262.674404,-88.519849,-41.974941
1048576,1048576,2097152,0.106,222298,32,128,8192,48,119,175.660186,0.352176111989,-264.808660,-89.148474,-41.974941
1048576,1048576,2097152,0.106,222298,32,128,8192,48,120,177.165817,0.352176111989,-266.938772,-89.772954,-41.974941
1048576,1048576,2097152,0.106,222298,32,128,8192,48,121,178.671448,0.352176111989,-269.064898,-90.393450,-41.974941
1048576,1048576,2097152,0.106,222298,32,128,8192,48,122,180.177079,0.352176111989,-271.187219,-91.010139,-41.974941
1048576,1048576,2097152,0.106,222298,32,128,8192,48,123,181.682710,0.352176111989,-273.305926,-91.623215,-41.974941
1048576,1048576,2097152,0.106,222298,32,128,8192,48,124,183.188341,0.352176111989,-275.421216,-92.232874,-41.974941
1048576,1048576,2097152,0.106,222298,32,128,8192,48,125,184.693973,0.352176111989,-277.533295,-92.839322,-41.974941
1048576,1048576,2097152,0.106,222298,32,128,8192,48,126,186.199604,0.352176111989,-279.642372,-93.442768,-41.974941
1048576,1048576,2097152,0.106,222298,32,128,8192,48,127,187.705235,0.352176111989,-281.748651,-94.043416,-41.974941
1048576,1048576,2097152,0.106,222298,32,128,8192,48,128,189.210866,0.352176111989,-283.852337,-94.641472,-41.974941
1048576,1048576,2097152,0.106,222298,32,128,8192,48,129,190.716497,0.352176111989,-285.953631,-95.237135,-41.974941
1048576,1048576,2097152,0.106,222298,32,128,8192,48,130,192.222128,0.352176111989,-288.052724,-95.830596,-41.974941
1048576,1048576,2097152,0.106,222298,32,128,8192,48,131,193.727759,0.352176111989,-290.149799,-96.422041,-41.974941
1048576,1048576,2097152,0.106,222298,32,128,8192,48,132,195.233390,0.352176111989,-292.245035,-97.011645,-41.974941
1048576,1048576,2097152,0.106,222298,32,128,8192,48,133,196.739021,0.352176111989,-294.338595,-97.599574,-41.974941
1048576,1048576,2097152,0.106,222298,32,128,8192,48,134,198.244652,0.352176111989,-296.430636,-98.185984,-41.974941
1048576,1048576,2097152,0.106,222298,32,128,8192,48,135,199.750283,0.352176111989,-298.521304,-98.771021,-41.974941
1048576,1048576,2097152,0.106,222298,32,128,8192,48,136,201.255914,0.352176111989,-300.610733,-99.354819,-41.974941
1048576,1048576,2097152,0.106,222298,32,128,8192,48,137,202.761545,0.352176111989,-302.699049,-99.937504,-41.974941
1048576,1048576,2097152,0.106,222298,32,128,8192,48,138,204.267176,0.352176111989,-304.786369,-100.519193,-41.974941
1048576,1048576,2097152,0.106,222298,32,128,8192,48,139,205.772807,0.352176111989,-306.872797,-101.099990,-41.974941
1048576,1048576,2097152,0.106,222298,32,128,8192,48,140,207.278438,0.352176111989,-308.958431,-101.679993,-41.974941
1048576,1048576,2097152,0.106,222298,32,128,8192,48,141,208.784069,0.352176111989,-311.043360,-102.259291,-41.974941
1048576,1048576,2097152,0.106,222298,32,128,8192,48,142,210.289700,0.352176111989,-313.127665,-102.837964,-41.974941
1048576,1048576,2097152,0.106,222298,32,128,8192,48,143,211.795331,0.352176111989,-315.211418,-103.416087,-41.974941
1048576,1048576,2097152,0.106,222298,32,128,8192,48,144,213.300962,0.352176111989,-317.294688,-103.993726,-41.974941
1048576,1048576,2097152,0.106,222298,32,128,8192,48,145,214.806593,0.352176111989,-319.377534,-104.570940,-41.974941
1048576,1048576,2097152,0.106,222298,32,128,8192,48,146,216.312224,0.352176111989,-321.460010,-105.147785,-41.974941
1048576,1048576,2097152,0.106,222298,32,128,8192,48,147,217.817855,0.352176111989,-323.542166,-105.724310,-41.974941
1048576,1048576,2097152,0.106,222298,32,128,8192,48,148,219.323486,0.352176111989,-325.624045,-106.300559,-41.974941
1048576,1048576,2097152,0.106,222298,32,128,8192,48,149,220.829117,0.352176111989,-327.705688,-106.876571,-41.974941
1048576,1048576,2097152,0.106,222298,32,128,8192,48,150,222.334749,0.352176111989,-329.787131,-107.452382,-41.974941
1048576,1048576,2097152,0.106,222298,32,128,8192,48,151,223.840380,0.352176111989,-331.868404,-108.028025,-41.974941
1048576,1048576,2097152,0.106,222298,32,128,8192,48,152,225.346011,0.352176111989,-333.949538,-108.603527,-41.974941
1048576,1048576,2097152,0.106,222298,32,128,8192,48,153,226.851642,0.352176111989,-336.030557,-109.178916,-41.974941
1048576,1048576,2097152,0.106,222298,32,128,8192,48,154,228.357273,0.352176111989,-338.111485,-109.754213,-41.974941
1048576,1048576,2097152,0.106,222298,32,128,8192,48,155,229.862904,0.352176111989,-340.192342,-110.329438,-41.974941
1048576,1048576,2097152,0.106,222298,32,128,8192,48,156,231.368535,0.352176111989,-342.273146,-110.904612,-41.974941
1048576,1048576,2097152,0.106,222298,32,128,8192,48,157,232.874166,0.352176111989,-344.353915,-111.479749,-41.974941
1048576,1048576,2097152,0.106,222298,32,128,8192,48,158,234.379797,0.352176111989,-346.434661,-112.054864,-41.974941
1048576,1048576,2097152,0.106,222298,32,128,8192,48,159,235.885428,0.352176111989,-348.515398,-112.629970,-41.974941
1048576,1048576,2097152,0.106,222298,32,128,8192,48,160,237.391059,0.352176111989,-350.596137,-113.205078,-41.974941
1048576,1048576,2097152,0.106,222298,32,128,8192,48,161,238.896690,0.352176111989,-352.676889,-113.780199,-41.974941
1048576,1048576,2097152,0.106,222298,32,128,8192,48,162,240.402321,0.352176111989,-354.757663,-114.355342,-41.974941
1048576,1048576,2097152,0.106,222298,32,128,8192,48,163,241.907952,0.352176111989,-356.838466,-114.930514,-41.974941
1048576,1048576,2097152,0.106,222298,32,128,8192,48,164,243.413583,0.352176111989,-358.919305,-115.505722,-41.974941
1048576,1048576,2097152,0.106,222298,32,128,8192,48,165,244.919214,0.352176111989,-361.000187,-116.080973,-41.974941
1048576,1048576,2097152,0.106,222298,32,128,8192,48,166,246.424845,0.352176111989,-363.081117,-116.656272,-41.974941
1048576,1048576,2097152,0.106,222298,32,128,8192,48,167,247.930476,0.352176111989,-365.162100,-117.231623,-41.974941
1048576,1048576,2097152,0.106,222298,32,128,8192,48,168,249.436107,0.352176111989,-367.243139,-117.807032,-41.974941
1048576,1048576,2097152,0.106,222298,32,128,8192,48,169,250.941738,0.352176111989,-369.324239,-118.382501,-41.974941
1048576,1048576,2097152,0.106,222298,32,128,8192,48,170,252.447369,0.352176111989,-371.405403,-118.958034,-41.974941
1048576,1048576,2097152,0.106,222298,32,128,8192,48,171,253.953000,0.352176111989,-373.486633,-119.533633,-41.974941
1048576,1048576,2097152,0.106,222298,32,128,8192,48,172,255.458631,0.352176111989,-375.567932,-120.109300,-41.974941
1048576,1048576,2097152,0.106,222298,32,128,8192,48,173,256.964262,0.352176111989,-377.649301,-120.685039,-41.974941
1048576,1048576,2097152,0.106,222298,32,128,8192,48,174,258.469893,0.352176111989,-379.730743,-121.260849,-41.974941
1048576,1048576,2097152,0.106,222298,32,128,8192,48,175,259.975525,0.352176111989,-381.812258,-121.836734,-41.974941
1048576,1048576,2097152,0.106,222298,32,128,8192,48,176,261.481156,0.352176111989,-383.893849,-122.412693,-41.974941
1048576,1048576,2097152,0.106,222298,32,128,8192,48,177,262.986787,0.352176111989,-385.975515,-122.988728,-41.974941
1048576,1048576,2097152,0.106,222298,32,128,8192,48,178,264.492418,0.352176111989,-388.057258,-123.564840,-41.974941
1048576,1048576,2097152,0.106,222298,32,128,8192,48,179,265.998049,0.352176111989,-390.139078,-124.141030,-41.974941
1048576,1048576,2097152,0.106,222298,32,128,8192,48,180,267.503680,0.352176111989,-392.220977,-124.717297,-41.974941
1048576,1048576,2097152,0.106,222298,32,128,8192,50,1,-inf,,-2.237843,-inf,-inf
1048576,1048576,2097152,0.106,222298,32,128,8192,50,2,-inf,,-4.475684,-inf,-inf
1048576,1048576,2097152,0.106,222298,32,128,8192,50,3,-inf,,-6.713526,-inf,-inf
1048576,1048576,2097152,0.106,222298,32,128,8192,50,4,-inf,,-8.951366,-inf,-inf
1048576,1048576,2097152,0.106,222298,32,128,8192,50,5,-inf,,-11.189206,-inf,-inf
1048576,1048576,2097152,0.106,222298,32,128,8192,50,6,-inf,,-13.427045,-inf,-inf
1048576,1048576,2097152,0.106,222298,32,128,8192,50,7,-inf,,-15.664883,-inf,-inf
1048576,1048576,2097152,0.106,222298,32,128,8192,50,8,-inf,,-17.902721,-inf,-inf
1048576,1048576,2097152,0.106,222298,32,128,8192,50,9,-inf,,-20.140558,-inf,-inf
1048576,1048576,2097152,0.106,222298,32,128,8192,50,10,-inf,,-22.378394,-inf,-inf
1048576,1048576,2097152,0.106,222298,32,128,8192,50,11,-inf,,-24.616229,-inf,-inf
1048576,1048576,2097152,0.106,222298,32,128,8192,50,12,-inf,,-26.854064,-inf,-inf
1048576,1048576,2097152,0.106,222298,32,128,8192,50,13,-inf,,-29.091897,-inf,-inf
1048576,1048576,2097152,0.106,222298,32,128,8192,50,14,-inf,,-31.329731,-inf,-inf
1048576,1048576,2097152,0.106,222298,32,128,8192,50,15,-inf,,-33.567563,-inf,-inf
1048576,1048576,2097152,0.106,222298,32,128,8192,50,16,-inf,,-35.805394,-inf,-inf
1048576,1048576,2097152,0.106,222298,32,128,8192,50,17,-inf,,-38.043225,-inf,-inf
1048576,1048576,2097152,0.106,222298,32,128,8192,50,18,-inf,,-40.281055,-inf,-inf
1048576,1048576,2097152,0.106,222298,32,128,8192,50,19,-inf,,-42.518884,-inf,-inf
1048576,1048576,2097152,0.106,222298,32,128,8192,50,20,-inf,,-44.756712,-inf,-inf
1048576,1048576,2097152,0.106,222298,32,128,8192,50,21,-inf,,-46.994540,-inf,-inf
1048576,1048576,2097152,0.106,222298,32,128,8192,50,22,-inf,,-49.232366,-inf,-inf
1048576,1048576,2097152,0.106,222298,32,128,8192,50,23,-inf,,-51.470191,-inf,-inf
1048576,1048576,2097152,0.106,222298,32,128,8192,50,24,-inf,,-53.708016,-inf,-inf
1048576,1048576,2097152,0.106,222298,32,128,8192,50,25,-inf,,-55.945839,-inf,-inf
1048576,1048576,2097152,0.106,222298,32,128,8192,50,26,-inf,,-58.183662,-inf,-inf
1048576,1048576,2097152,0.106,222298,32,128,8192,50,27,-inf,,-60.421483,-inf,-inf
1048576,1048576,2097152,0.106,222298,32,128,8192,50,28,-inf,,-62.659303,-inf,-inf
1048576,1048576,2097152,0.106,222298,32,128,8192,50,29,-inf,,-64.897122,-inf,-inf
1048576,1048576,2097152,0.106,222298,32,128,8192,50,30,-inf,,-67.134939,-inf,-inf
1048576,1048576,2097152,0.106,222298,32,128,8192,50,31,-inf,,-69.372755,-inf,-inf
1048576,1048576,2097152,0.106,222298,32,128,8192,50,32,-inf,,-71.610569,-inf,-inf
1048576,1048576,2097152,0.106,222298,32,128,8192,50,33,-inf,,-73.848382,-inf,-inf
1048576,1048576,2097152,0.106,222298,32,128,8192,50,34,-inf,,-76.086193,-inf,-inf
1048576,1048576,2097152,0.106,222298,32,128,8192,50,35,-inf,,-78.324002,-inf,-inf
1048576,1048576,2097152,0.106,222298,32,128,8192,50,36,-inf,,-80.561808,-inf,-inf
1048576,1048576,2097152,0.106,222298,32,128,8192,50,37,-inf,,-82.799612,-inf,-inf
1048576,1048576,2097152,0.106,222298,32,128,8192,50,38,-inf,,-85.037414,-inf,-inf
1048576,1048576,2097152,0.106,222298,32,128,8192,50,39,-inf,,-87.275213,-inf,-inf
1048576,1048576,2097152,0.106,222298,32,128,8192,50,40,-inf,,-89.513008,-inf,-inf
1048576,1048576,2097152,0.106,222298,32,128,8192,50,41,-inf,,-91.750800,-inf,-inf
1048576,1048576,2097152,0.106,222298,32,128,8192,50,42,-inf,,-93.988588,-inf,-inf
1048576,1048576,2097152,0.106,222298,32,128,8192,50,43,-inf,,-96.226371,-inf,-inf
1048576,1048576,2097152,0.106,222298,32,128,8192,50,44,-inf,,-98.464149,-inf,-inf
1048576,1048576,2097152,0.106,222298,32,128,8192,50,45,-inf,,-100.701922,-inf,-inf
1048576,1048576,2097152,0.106,222298,32,128,8192,50,46,-inf,,-102.939689,-inf,-inf
1048576,1048576,2097152,0.106,222298,32,128,8192,50,47,-inf,,-105.177448,-inf,-inf
1048576,1048576,2097152,0.106,222298,32,128,8192,50,48,-inf,,-107.415200,-inf,-inf
1048576,1048576,2097152,0.106,222298,32,128,8192,50,49,-inf,,-109.652943,-inf,-inf
1048576,1048576,2097152,0.106,222298,32,128,8192,50,50,66.636748,0.248785289163,-111.890676,-45.253928,-45.253928
1048576,1048576,2097152,0.106,222298,32,128,8192,50,51,68.643775,0.248785289163,-114.128398,-45.484623,-44.364669
1048576,1048576,2097152,0.106,222298,32,128,8192,50,52,70.650802,0.248785289163,-116.366107,-45.715306,-43.887387
1048576,1048576,2097152,0.106,222298,32,128,8192,50,53,72.657829,0.248785289163,-118.603803,-45.945974,-43.576987
1048576,1048576,2097152,0.106,222298,32,128,8192,50,54,74.664856,0.248785289163,-120.841482,-46.176627,-43.356683
1048576,1048576,2097152,0.106,222298,32,128,8192,50,55,76.671883,0.248785289163,-123.079144,-46.407261,-43.192291
1048576,1048576,2097152,0.106,222298,32,128,8192,50,56,78.678909,0.248785289163,-125.316785,-46.637876,-43.065601
1048576,1048576,2097152,0.106,222298,32,128,8192,50,57,80.593776,0.279342122892,-127.554404,-46.960628,-42.971747
1048576,1048576,2097152,0.106,222298,32,128,8192,50,58,82.433671,0.279342122892,-129.791997,-47.358327,-42.904372
1048576,1048576,2097152,0.106,222298,32,128,8192,50,59,84.273566,0.279342122892,-132.029562,-47.755996,-42.855250
1048576,1048576,2097152,0.106,222298,32,128,8192,50,60,86.061686,0.313652072773,-134.267094,-48.205408,-42.820308
1048576,1048576,2097152,0.106,222298,32,128,8192,50,61,87.734449,0.313652072773,-136.504589,-48.770140,-42.797155
1048576,1048576,2097152,0.106,222298,32,128,8192,50,62,89.407212,0.313652072773,-138.742043,-49.334831,-42.781709
1048576,1048576,2097152,0.106,222298,32,128,8192,50,63,91.079975,0.313652072773,-140.979450,-49.899476,-42.771359
1048576,1048576,2097152,0.106,222298,32,128,8192,50,64,92.752738,0.313652072773,-143.216806,-50.464068,-42.764402
1048576,1048576,2097152,0.106,222298,32,128,8192,50,65,94.350698,0.352176111989,-145.454102,-51.103404,-42.759954
1048576,1048576,2097152,0.106,222298,32,128,8192,50,66,95.856329,0.352176111989,-147.691331,-51.835003,-42.757281
1048576,1048576,2097152,0.106,222298,32,128,8192,50,67,97.361960,0.352176111989,-149.928486,-52.566527,-42.755674
1048576,1048576,2097152,0.106,222298,32,128,8192,50,68,98.867591,0.352176111989,-152.165557,-53.297967,-42.754707
1048576,1048576,2097152,0.106,222298,32,128,8192,50,69,100.373222,0.352176111989,-154.402533,-54.029311,-42.754125
1048576,1048576,2097152,0.106,222298,32,128,8192,50,70,101.878853,0.352176111989,-156.639403,-54.760550,-42.753774
1048576,1048576,2097152,0.106,222298,32,128,8192,50,71,103.384484,0.352176111989,-158.876152,-55.491668,-42.753563
1048576,1048576,2097152,0.106,222298,32,128,8192,50,72,104.890115,0.352176111989,-161.112767,-56.222653,-42.753436
1048576,1048576,2097152,0.106,222298,32,128,8192,50,73,106.395746,0.352176111989,-163.349231,-56.953485,-42.753359
1048576,1048576,2097152,0.106,222298,32,128,8192,50,74,107.901377,0.352176111989,-165.585524,-57.684147,-42.753313
1048576,1048576,2097152,0.106,222298,32,128,8192,50,75,109.407008,0.352176111989,-167.821627,-58.414619,-42.753285
1048576,1048576,2097152,0.106,222298,32,128,8192,50,76,110.912639,0.352176111989,-170.057515,-59.144876,-42.753268
1048576,1048576,2097152,0.106,222298,32,128,8192,50,77,112.418270,0.352176111989,-172.293162,-59.874892,-42.753258
1048576,1048576,2097152,0.106,222298,32,128,8192,50,78,113.923901,0.352176111989,-174.528540,-60.604639,-42.753252
1048576,1048576,2097152,0.106,222298,32,128,8192,50,79,115.429532,0.352176111989,-176.763616,-61.334084,-42.753248
1048576,1048576,2097152,0.106,222298,32,128,8192,50,80,116.935163,0.352176111989,-178.998353,-62.063190,-42.753246
1048576,1048576,2097152,0.106,222298,32,128,8192,50,81,118.440794,0.352176111989,-181.232711,-62.791917,-42.753245
1048576,1048576,2097152,0.106,222298,32,128,8192,50,82,119.946425,0.352176111989,-183.466646,-63.520221,-42.753244
1048576,1048576,2097152,0.106,222298,32,128,8192,50,83,121.452056,0.352176111989,-185.700107,-64.248050,-42.753243
1048576,1048576,2097152,0.106,222298,32,128,8192,50,84,122.957687,0.352176111989,-187.933039,-64.975352,-42.753243
1048576,1048576,2097152,0.106,222298,32,128,8192,50,85,124.463318,0.352176111989,-190.165381,-65.702063,-42.753243
1048576,1048576,2097152,0.106,222298,32,128,8192,50,86,125.968949,0.352176111989,-192.397066,-66.428117,-42.753243
1048576,1048576,2097152,0.106,222298,32,128,8192,50,87,127.474580,0.352176111989,-194.628018,-67.153438,-42.753243
1048576,1048576,2097152,0.106,222298,32,128,8192,50,88,128.980211,0.352176111989,-196.858157,-67.877946,-42.753243
1048576,1048576,2097152,0.106,222298,32,128,8192,50,89,130.485842,0.352176111989,-199.087391,-68.601548,-42.753243
1048576,1048576,2097152,0.106,222298,32,128,8192,50,90,131.991474,0.352176111989,-201.315623,-69.324150,-42.753243
1048576,1048576,2097152,0.106,222298,32,128,8192,50,91,133.497105,0.352176111989,-203.542744,-70.045640,-42.753243
1048576,1048576,2097152,0.106,222298,32,128,8192,50,92,135.002736,0.352176111989,-205.768640,-70.765904,-42.753243
1048576,1048576,2097152,0.106,222298,32,128,8192,50,93,136.508367,0.352176111989,-207.993180,-71.484813,-42.753243
1048576,1048576,2097152,0.106,222298,32,128,8192,50,94,138.013998,0.352176111989,-210.216231,-72.202233,-42.753243
1048576,1048576,2097152,0.106,222298,32,128,8192,50,95,139.519629,0.352176111989,-212.437643,-72.918015,-42.753243
1048576,1048576,2097152,0.106,222298,32,128,8192,50,96,141.025260,0.352176111989,-214.657262,-73.632003,-42.753243
1048576,1048576,2097152,0.106,222298,32,128,8192,50,97,142.530891,0.352176111989,-216.874919,-74.344029,-42.753243
1048576,1048576,2097152,0.106,222298,32,128,8192,50,98,144.036522,0.352176111989,-219.090440,-75.053918,-42.753243
1048576,1048576,2097152,0.106,222298,32,128,8192,50,99,145.542153,0.352176111989,-221.303637,-75.761484,-42.753243
1048576,1048576,2097152,0.106,222298,32,128,8192,50,100,147.047784,0.352176111989,-223.514322,-76.466538,-42.753243
1048576,1048576,2097152,0.106,222298,32,128,8192,50,101,148.553415,0.352176111989,-225.722292,-77.168877,-42.753243
1048576,1048576,2097152,0.106,222298,32,128,8192,50,102,150.059046,0.352176111989,-227.927350,-77.868304,-42.753243
1048576,1048576,2097152,0.106,222298,32,128,8192,50,103,151.564677,0.352176111989,-230.129288,-78.564611,-42.753243
1048576,1048576,2097152,0.106,222298,32,128,8192,50,104,153.070308,0.352176111989,-232.327903,-79.257595,-42.753243
1048576,1048576,2097152,0.106,222298,32,128,8192,50,105,154.575939,0.352176111989,-234.522998,-79.947059,-42.753243
1048576,1048576,2097152,0.106,222298,32,128,8192,50,106,156.081570,0.352176111989,-236.714376,-80.632806,-42.753243
1048576,1048576,2097152,0.106,222298,32,128,8192,50,107,157.587201,0.352176111989,-238.901855,-81.314654,-42.753243
1048576,1048576,2097152,0.106,222298,32,128,8192,50,108,159.092832,0.352176111989,-241.085269,-81.992437,-42.753243
1048576,1048576,2097152,0.106,222298,32,128,8192,50,109,160.598463,0.352176111989,-243.264462,-82.665998,-42.753243
1048576,1048576,2097152,0.106,222298,32,128,8192,50,110,162.104094,0.352176111989,-245.439303,-83.335209,-42.753243
1048576,1048576,2097152,0.106,222298,32,128,8192,50,111,163.609725,0.352176111989,-247.609688,-83.999963,-42.753243
1048576,1048576,2097152,0.106,222298,32,128,8192,50,112,165.115356,0.352176111989,-249.775532,-84.660176,-42.753243
1048576,1048576,2097152,0.106,222298,32,128,8192,50,113,166.620987,0.352176111989,-251.936783,-85.315796,-42.753243
1048576,1048576,2097152,0.106,222298,32,128,8192,50,114,168.126618,0.352176111989,-254.093421,-85.966802,-42.753243
1048576,1048576,2097152,0.106,222298,32,128,8192,50,115,169.632250,0.352176111989,-256.245448,-86.613198,-42.753243
1048576,1048576,2097152,0.106,222298,32,128,8192,50,116,171.137881,0.352176111989,-258.392905,-87.255024,-42.753243
1048576,1048576,2097152,0.106,222298,32,128,8192,50,117,172.643512,0.352176111989,-260.535860,-87.892348,-42.753243
1048576,1048576,2097152,0.106,222298,32,128,8192,50,118,174.149143,0.352176111989,-262.674404,-88.525261,-42.753243
1048576,1048576,2097152,0.106,222298,32,128,8192,50,119,175.654774,0.352176111989,-264.808660,-89.153886,-42.753243
1048576,1048576,2097152,0.106,222298,32,128,8192,50,120,177.160405,0.352176111989,-266.938772,-89.778367,-42.753243
1048576,1048576,2097152,0.106,222298,32,128,8192,50,121,178.666036,0.352176111989,-269.064898,-90.398862,-42.753243
1048576,1048576,2097152,0.106,222298,32,128,8192,50,122,180.171667,0.352176111989,-271.187219,-91.015552,-42.753243
1048576,1048576,2097152,0.106,222298,32,128,8192,50,123,181.677298,0.352176111989,-273.305926,-91.628628,-42.753243
1048576,1048576,2097152,0.106,222298,32,128,8192,50,124,183.182929,0.352176111989,-275.421216,-92.238287,-42.753243
1048576,1048576,2097152,0.106,222298,32,128,8192,50,125,184.688560,0.352176111989,-277.533295,-92.844735,-42.753243
1048576,1048576,2097152,0.106,222298,32,128,8192,50,126,186.194191,0.352176111989,-279.642372,-93.448181,-42.753243
1048576,1048576,2097152,0.106,222298,32,128,8192,50,127,187.699822,0.352176111989,-281.748651,-94.048829,-42.753243
1048576,1048576,2097152,0.106,222298,32,128,8192,50,128,189.205453,0.352176111989,-283.852337,-94.646884,-42.753243
1048576,1048576,2097152,0.106,222298,32,128,8192,50,129,190.711084,0.352176111989,-285.953631,-95.242547,-42.753243
1048576,1048576,2097152,0.106,222298,32,128,8192,50,130,192.216715,0.352176111989,-288.052724,-95.836008,-42.753243
1048576,1048576,2097152,0.106,222298,32,128,8192,50,131,193.722346,0.352176111989,-290.149799,-96.427453,-42.753243
1048576,1048576,2097152,0.106,222298,32,128,8192,50,132,195.227977,0.352176111989,-292.245035,-97.017058,-42.753243
1048576,1048576,2097152,0.106,222298,32,128,8192,50,133,196.733608,0.352176111989,-294.338595,-97.604987,-42.753243
1048576,1048576,2097152,0.106,222298,32,128,8192,50,134,198.239239,0.352176111989,-296.430636,-98.191397,-42.753243
1048576,1048576,2097152,0.106,222298,32,128,8192,50,135,199.744870,0.352176111989,-298.521304,-98.776434,-42.753243
1048576,1048576,2097152,0.106,222298,32,128,8192,50,136,201.250501,0.352176111989,-300.610733,-99.360232,-42.753243
1048576,1048576,2097152,0.106,222298,32,128,8192,50,137,202.756132,0.352176111989,-302.699049,-99.942917,-42.753243
1048576,1048576,2097152,0.106,222298,32,128,8192,50,138,204.261763,0.352176111989,-304.786369,-100.524606,-42.753243
1048576,1048576,2097152,0.106,222298,32,128,8192,50,139,205.767394,0.352176111989,-306.872797,-101.105402,-42.753243
1048576,1048576,2097152,0.106,222298,32,128,8192,50,140,207.273026,0.352176111989,-308.958431,-101.685405,-42.753243
1048576,1048576,2097152,0.106,222298,32,128,8192,50,141,208.778657,0.352176111989,-311.043360,-102.264704,-42.753243
1048576,1048576,2097152,0.106,222298,32,128,8192,50,142,210.284288,0.352176111989,-313.127665,-102.843377,-42.753243
1048576,1048576,2097152,0.106,222298,32,128,8192,50,143,211.789919,0.352176111989,-315.211418,-103.421500,-42.753243
1048576,1048576,2097152,0.106,222298,32,128,8192,50,144,213.295550,0.352176111989,-317.294688,-103.999139,-42.753243
1048576,1048576,2097152,0.106,222298,32,128,8192,50,145,214.801181,0.352176111989,-319.377534,-104.576353,-42.753243
1048576,1048576,2097152,0.106,222298,32,128,8192,50,146,216.306812,0.352176111989,-321.460010,-105.153198,-42.753243
1048576,1048576,2097152,0.106,222298,32,128,8192,50,147,217.812443,0.352176111989,-323.542166,-105.729723,-42.753243
1048576,1048576,2097152,0.106,222298,32,128,8192,50,148,219.318074,0.352176111989,-325.624045,-106.305971,-42.753243
1048576,1048576,2097152,0.106,222298,32,128,8192,50,149,220.823705,0.352176111989,-327.705688,-106.881983,-42.753243
1048576,1048576,2097152,0.106,222298,32,128,8192,50,150,222.329336,0.352176111989,-329.787131,-107.457795,-42.753243
1048576,1048576,2097152,0.106,222298,32,128,8192,50,151,223.834967,0.352176111989,-331.868404,-108.033437,-42.753243
1048576,1048576,2097152,0.106,222298,32,128,8192,50,152,225.340598,0.352176111989,-333.949538,-108.608940,-42.753243
1048576,1048576,2097152,0.106,222298,32,128,8192,50,153,226.846229,0.352176111989,-336.030557,-109.184328,-42.753243
1048576,1048576,2097152,0.106,222298,32,128,8192,50,154,228.351860,0.352176111989,-338.111485,-109.759625,-42.753243
1048576,1048576,2097152,0.106,222298,32,128,8192,50,155,229.857491,0.352176111989,-340.192342,-110.334851,-42.753243
1048576,1048576,2097152,0.106,222298,32,128,8192,50,156,231.363122,0.352176111989,-342.273146,-110.910024,-42.753243
1048576,1048576,2097152,0.106,222298,32,128,8192,50,157,232.868753,0.352176111989,-344.353915,-111.485161,-42.753243
1048576,1048576,2097152,0.106,222298,32,128,8192,50,158,234.374384,0.352176111989,-346.434661,-112.060276,-42.753243
1048576,1048576,2097152,0.106,222298,32,128,8192,50,159,235.880015,0.352176111989,-348.515398,-112.635382,-42.753243
1048576,1048576,2097152,0.106,222298,32,128,8192,50,160,237.385646,0.352176111989,-350.596137,-113.210491,-42.753243
1048576,1048576,2097152,0.106,222298,32,128,8192,50,161,238.891277,0.352176111989,-352.676889,-113.785612,-42.753243
1048576,1048576,2097152,0.106,222298,32,128,8192,50,162,240.396908,0.352176111989,-354.757663,-114.360754,-42.753243
1048576,1048576,2097152,0.106,222298,32,128,8192,50,163,241.902539,0.352176111989,-356.838466,-114.935926,-42.753243
1048576,1048576,2097152,0.106,222298,32,128,8192,50,164,243.408170,0.352176111989,-358.919305,-115.511134,-42.753243
1048576,1048576,2097152,0.106,222298,32,128,8192,50,165,244.913802,0.352176111989,-361.000187,-116.086385,-42.753243
1048576,1048576,2097152,0.106,222298,32,128,8192,50,166,246.419433,0.352176111989,-363.081117,-116.661684,-42.753243
1048576,1048576,2097152,0.106,222298,32,128,8192,50,167,247.925064,0.352176111989,-365.162100,-117.237036,-42.753243
1048576,1048576,2097152,0.106,222298,32,128,8192,50,168,249.430695,0.352176111989,-367.243139,-117.812445,-42.753243
1048576,1048576,2097152,0.106,222298,32,128,8192,50,169,250.936326,0.352176111989,-369.324239,-118.387914,-42.753243
1048576,1048576,2097152,0.106,222298,32,128,8192,50,170,252.441957,0.352176111989,-371.405403,-118.963446,-42.753243
1048576,1048576,2097152,0.106,222298,32,128,8192,50,171,253.947588,0.352176111989,-373.486633,-119.539045,-42.753243
1048576,1048576,2097152,0.106,222298,32,128,8192,50,172,255.453219,0.352176111989,-375.567932,-120.114713,-42.753243
1048576,1048576,2097152,0.106,222298,32,128,8192,50,173,256.958850,0.352176111989,-377.649301,-120.690451,-42.753243
1048576,1048576,2097152,0.106,222298,32,128,8192,50,174,258.464481,0.352176111989,-379.730743,-121.266262,-42.753243
1048576,1048576,2097152,0.106,222298,32,128,8192,50,175,259.970112,0.352176111989,-381.812258,-121.842146,-42.753243
1048576,1048576,2097152,0.106,222298,32,128,8192,50,176,261.475743,0.352176111989,-383.893849,-122.418106,-42.753243
1048576,1048576,2097152,0.106,222298,32,128,8192,50,177,262.981374,0.352176111989,-385.975515,-122.994141,-42.753243
1048576,1048576,2097152,0.106,222298,32,128,8192,50,178,264.487005,0.352176111989,-388.057258,-123.570253,-42.753243
1048576,1048576,2097152,0.106,222298,32,128,8192,50,179,265.992636,0.352176111989,-390.139078,-124.146442,-42.753243
1048576,1048576,2097152,0.106,222298,32,128,8192,50,180,267.498267,0.352176111989,-392.220977,-124.722709,-42.753243
