bucket,H,T_count,max_log2_minus_left,T_at_max,left_log2,max_log2,left_reproduction_delta
gap_1_4000,0,4000,0,5949,-20.0117348926,-20.0117348926,0
gap_4001_8000,0,4000,0,9949,-63.892649238,-63.892649238,0
gap_8001_12000,0,4000,0,13949,-63.892649238,-63.892649238,0
gap_1_4000,1,4000,0,5949,-20.0117348926,-20.0117348926,0
gap_4001_8000,1,4000,-5.67183633393e-10,9949,-63.643949039,-63.6439490396,-5.67183633393e-10
gap_8001_12000,1,4000,6.00238081461e-10,13949,-64.1314873105,-64.1314873099,6.00238081461e-10
gap_1_4000,2,4000,0,5949,-20.0117348926,-20.0117348926,0
gap_4001_8000,2,4000,-7.58404894441e-10,9949,-63.810366454,-63.8103664548,-7.58404894441e-10
gap_8001_12000,2,4000,-5.30803845322e-10,13949,-64.7854436447,-64.7854436452,-5.30803845322e-10
gap_1_4000,3,4000,0,5949,-20.0117348926,-20.0117348926,0
gap_4001_8000,3,4000,-8.52182324707e-10,9949,-64.1467289083,-64.1467289091,-8.52182324707e-10
gap_8001_12000,3,4000,3.58056695404e-10,13949,-65.6093456697,-65.6093456694,3.58056695404e-10
gap_1_4000,4,4000,0,5949,-20.0117348926,-20.0117348926,0
gap_4001_8000,4,4000,-1.56894941483e-09,9949,-64.5762087886,-64.5762087902,-1.56894941483e-09
gap_8001_12000,4,4000,1.19786136565e-09,13949,-66.5263657712,-66.52636577,1.19786136565e-09
gap_1_4000,5,4000,0,5949,-20.0117348926,-20.0117348926,0
gap_4001_8000,5,4000,-2.10860662264e-09,9949,-65.0645863749,-65.064586377,-2.10860662264e-09
gap_8001_12000,5,4000,1.04449782157e-10,13949,-67.5022842261,-67.502284226,1.04449782157e-10
gap_1_4000,6,4000,0,5949,-20.0117348926,-20.0117348926,0
gap_4001_8000,6,4000,-9.24899268284e-10,9949,-65.5936082469,-65.5936082478,-9.24899268284e-10
gap_8001_12000,6,4000,-1.37615074891e-09,13949,-68.5188476144,-68.5188476158,-1.37615074891e-09
gap_1_4000,7,4000,0,5949,-20.0117348926,-20.0117348926,0
gap_4001_8000,7,4000,-1.80315851139e-09,9949,-66.1523789005,-66.1523789023,-1.80315851139e-09
gap_8001_12000,7,4000,-1.66770064425e-09,13949,-69.5651604374,-69.5651604391,-1.66770064425e-09
gap_1_4000,8,4000,0,5949,-20.0117348926,-20.0117348926,0
gap_4001_8000,8,4000,-2.12421014112e-09,9949,-66.7338705939,-66.733870596,-2.12421014112e-09
gap_8001_12000,8,4000,-2.17679030357e-09,13949,-70.6341949491,-70.6341949513,-2.17679030357e-09
gap_1_4000,9,4000,3.5527136788e-15,5949,-20.0117348926,-20.0117348926,3.5527136788e-15
gap_4001_8000,9,4000,8.18545231596e-11,9949,-67.3332848734,-67.3332848734,8.18545231596e-11
gap_8001_12000,9,4000,4.26666701969e-10,13949,-71.7211526973,-71.7211526968,4.26666701969e-10
gap_1_4000,10,4000,0,5949,-20.0117348926,-20.0117348926,0
gap_4001_8000,10,4000,-9.29460952648e-10,9949,-67.9471992121,-67.9471992131,-9.29460952648e-10
gap_8001_12000,10,4000,1.70042824266e-09,13949,-72.8226111562,-72.8226111545,1.70042824266e-09
gap_1_4000,11,4000,0,5949,-20.0117348926,-20.0117348926,0
gap_4001_8000,11,4000,-1.04867581285e-09,9949,-68.5730865637,-68.5730865648,-1.04867581285e-09
gap_8001_12000,11,4000,1.75444370143e-09,13949,-73.9360432757,-73.9360432739,1.75444370143e-09
gap_1_4000,12,4000,3.5527136788e-15,5949,-20.0117348926,-20.0117348926,3.5527136788e-15
gap_4001_8000,12,4000,1.45050194078e-10,9949,-69.2090278666,-69.2090278665,1.45050194078e-10
gap_8001_12000,12,4000,-1.69559655205e-09,13949,-75.0595299914,-75.0595299931,-1.69559655205e-09
gap_1_4000,13,4000,0,5949,-20.0117348926,-20.0117348926,0
gap_4001_8000,13,4000,-9.51999368226e-10,9949,-69.8535314051,-69.8535314061,-9.51999368226e-10
gap_8001_12000,13,4000,-1.61534785548e-10,13949,-76.1915795998,-76.1915795999,-1.61534785548e-10
gap_1_4000,14,4000,0,5949,-20.0117348926,-20.0117348926,0
gap_4001_8000,14,4000,-1.32267530262e-09,9949,-70.5054146541,-70.5054146555,-1.32267530262e-09
gap_8001_12000,14,4000,-1.374772296e-09,13949,-77.3310095649,-77.3310095663,-1.374772296e-09
gap_1_4000,15,4000,3.5527136788e-15,5949,-20.0117348926,-20.0117348926,3.5527136788e-15
gap_4001_8000,15,4000,-2.9339730645e-10,9949,-71.1637243191,-71.1637243194,-2.9339730645e-10
gap_8001_12000,15,4000,-1.96493488147e-09,13949,-78.476866595,-78.4768665969,-1.96493488147e-09
gap_1_4000,16,4000,0,5949,-20.0117348926,-20.0117348926,0
gap_4001_8000,16,4000,-9.36040578381e-10,9949,-71.8276806647,-71.8276806657,-9.36040578381e-10
gap_8001_12000,16,4000,3.51576545654e-10,13949,-79.62837096,-79.6283709597,3.51576545654e-10
gap_1_4000,17,4000,-3.5527136788e-15,5949,-20.0117348926,-20.0117348926,-3.5527136788e-15
gap_4001_8000,17,4000,-1.09214681743e-09,9949,-72.4966377905,-72.4966377916,-1.09214681743e-09
gap_8001_12000,17,4000,-4.34137348293e-09,13949,-80.7848767475,-80.7848767518,-4.34137348293e-09
gap_1_4000,18,4000,0,5949,-20.0117348926,-20.0117348926,0
gap_4001_8000,18,4000,-1.59730006999e-11,9949,-73.1700546478,-73.1700546478,-1.59730006999e-11
gap_8001_12000,18,4000,-5.29752242073e-10,13949,-81.9458429235,-81.945842924,-5.29752242073e-10
gap_1_4000,19,4000,0,5949,-20.0117348926,-20.0117348926,0
gap_4001_8000,19,4000,-8.45545855555e-11,9949,-73.8474735032,-73.8474735033,-8.45545855555e-11
gap_8001_12000,19,4000,-2.71140265795e-09,13949,-83.1108117426,-83.1108117453,-2.71140265795e-09
gap_1_4000,20,4000,0,5949,-20.0117348926,-20.0117348926,0
gap_4001_8000,20,4000,-1.71120007053e-09,9949,-74.5285036684,-74.5285036701,-1.71120007053e-09
gap_8001_12000,20,4000,-1.84910220469e-09,13949,-84.2793925257,-84.2793925275,-1.84910220469e-09
gap_1_4000,21,4000,0,5949,-20.0117348926,-20.0117348926,0
gap_4001_8000,21,4000,-3.0011904073e-10,9949,-75.2128090171,-75.2128090174,-3.0011904073e-10
gap_8001_12000,21,4000,-2.78679124222e-09,13949,-85.4512491373,-85.4512491401,-2.78679124222e-09
gap_1_4000,22,4000,0,5949,-20.0117348926,-20.0117348926,0
gap_4001_8000,22,4000,8.32955038277e-10,9949,-75.9000982648,-75.900098264,8.32955038277e-10
gap_8001_12000,22,4000,-2.12165218727e-09,13949,-86.6260902996,-86.6260903017,-2.12165218727e-09
gap_1_4000,23,4000,0,5949,-20.0117348926,-20.0117348926,0
gap_4001_8000,23,4000,-7.03749947206e-10,9949,-76.5901173367,-76.5901173374,-7.03749947206e-10
gap_8001_12000,23,4000,-2.2181723125e-09,13949,-87.8036619377,-87.8036619399,-2.2181723125e-09
gap_1_4000,24,4000,0,5949,-20.0117348926,-20.0117348926,0
gap_4001_8000,24,4000,9.71624558588e-10,9949,-77.2826432957,-77.2826432948,9.71624558588e-10
gap_8001_12000,24,4000,-3.95903043682e-09,13949,-88.9837411079,-88.9837411119,-3.95903043682e-09
gap_1_4000,25,4000,0,5949,-20.0117348926,-20.0117348926,0
gap_4001_8000,25,4000,-1.03668185147e-09,9949,-77.9774794352,-77.9774794362,-1.03668185147e-09
gap_8001_12000,25,4000,-7.68039853938e-10,13949,-90.1661311169,-90.1661311177,-7.68039853938e-10
gap_1_4000,26,4000,3.5527136788e-15,5949,-20.0117348926,-20.0117348926,3.5527136788e-15
gap_4001_8000,26,4000,-1.11326414753e-09,9949,-78.6744513399,-78.6744513411,-1.11326414753e-09
gap_8001_12000,26,4000,-1.83943882348e-09,13949,-91.3506575348,-91.3506575366,-1.83943882348e-09
gap_1_4000,27,4000,0,5949,-20.0117348926,-20.0117348926,0
gap_4001_8000,27,4000,-1.19175069813e-09,9949,-79.3734036239,-79.3734036251,-1.19175069813e-09
gap_8001_12000,27,4000,-1.00361319255e-09,13949,-92.5371649835,-92.5371649845,-1.00361319255e-09
gap_1_4000,28,4000,0,5949,-20.0117348926,-20.0117348926,0
gap_4001_8000,28,4000,-1.25183419186e-09,9949,-80.0741972661,-80.0741972674,-1.25183419186e-09
gap_8001_12000,28,4000,-3.68405039808e-09,13949,-93.7255144368,-93.7255144405,-3.68405039808e-09
gap_1_4000,29,4000,0,5949,-20.0117348926,-20.0117348926,0
gap_4001_8000,29,4000,-1.18976117847e-09,9949,-80.7767073895,-80.7767073907,-1.18976117847e-09
gap_8001_12000,29,4000,-3.00168778722e-09,13949,-94.9155810243,-94.9155810273,-3.00168778722e-09
gap_1_4000,30,4000,0,5949,-20.0117348926,-20.0117348926,0
gap_4001_8000,30,4000,-6.55532517158e-10,9949,-81.4808214045,-81.4808214052,-6.55532517158e-10
gap_8001_12000,30,4000,-4.01315958243e-09,13949,-96.1072521509,-96.107252155,-4.01315958243e-09
gap_1_4000,31,4000,0,5949,-20.0117348926,-20.0117348926,0
gap_4001_8000,31,4000,-6.91599666425e-10,9949,-82.1864374469,-82.1864374476,-6.91599666425e-10
gap_8001_12000,31,4000,-1.00072838904e-09,13949,-97.3004259593,-97.3004259603,-1.00072838904e-09
gap_1_4000,32,4000,0,5949,-20.0117348926,-20.0117348926,0
gap_4001_8000,32,4000,-1.23668542074e-09,9949,-82.8934630594,-82.8934630607,-1.23668542074e-09
gap_8001_12000,32,4000,-3.37746541845e-09,13949,-98.4950099828,-98.4950099862,-3.37746541845e-09
gap_1_4000,33,4000,0,5949,-20.0117348926,-20.0117348926,0
gap_4001_8000,33,4000,-1.35050015615e-09,9949,-83.6018140679,-83.6018140692,-1.35050015615e-09
gap_8001_12000,33,4000,-3.45573880622e-09,13949,-99.6909200538,-99.6909200573,-3.45573880622e-09
gap_1_4000,34,4000,0,5949,-20.0117348926,-20.0117348926,0
gap_4001_8000,34,4000,-7.75003172748e-10,9949,-84.3114136192,-84.3114136199,-7.75003172748e-10
gap_8001_12000,34,4000,-3.64968855138e-09,13949,-100.888079317,-100.88807932,-3.64968855138e-09
gap_1_4000,35,4000,0,5949,-20.0117348926,-20.0117348926,0
gap_4001_8000,35,4000,-5.2594373301e-11,9949,-85.0221913557,-85.0221913557,-5.2594373301e-11
gap_8001_12000,35,4000,-4.51434800652e-09,13949,-102.086417414,-102.086417418,-4.51434800652e-09
gap_1_4000,36,4000,0,5949,-20.0117348926,-20.0117348926,0
gap_4001_8000,36,4000,1.00801855751e-09,9949,-85.7340827048,-85.7340827038,1.00801855751e-09
gap_8001_12000,36,4000,-5.05849584442e-10,13949,-103.285869778,-103.285869778,-5.05849584442e-10
gap_1_4000,37,4000,0,5949,-20.0117348926,-20.0117348926,0
gap_4001_8000,37,4000,-7.46808836993e-10,9949,-86.4470282578,-86.4470282585,-7.46808836993e-10
gap_8001_12000,37,4000,-2.83843348825e-09,13949,-104.486376992,-104.486376995,-2.83843348825e-09
gap_1_4000,38,4000,0,5949,-20.0117348926,-20.0117348926,0
gap_4001_8000,38,4000,-1.80676806849e-10,9949,-87.1609732438,-87.160973244,-1.80676806849e-10
gap_8001_12000,38,4000,-3.61356455869e-09,13949,-105.687884288,-105.687884292,-3.61356455869e-09
gap_1_4000,39,4000,0,5949,-20.0117348926,-20.0117348926,0
gap_4001_8000,39,4000,-2.01055172511e-10,9949,-87.8758670455,-87.8758670457,-2.01055172511e-10
gap_8001_12000,39,4000,-3.18669890476e-09,13949,-106.890341051,-106.890341055,-3.18669890476e-09
gap_1_4000,40,4000,3.5527136788e-15,5949,-20.0117348926,-20.0117348926,3.5527136788e-15
gap_4001_8000,40,4000,7.9339201875e-10,9949,-88.5916627998,-88.591662799,7.9339201875e-10
gap_8001_12000,40,4000,-2.52308041127e-09,13949,-108.093700416,-108.093700419,-2.52308041127e-09
gap_1_4000,41,4000,0,5949,-20.0117348926,-20.0117348926,0
gap_4001_8000,41,4000,-5.35862909601e-10,9949,-89.308317027,-89.3083170275,-5.35862909601e-10
gap_8001_12000,41,4000,2.96878965855e-10,13949,-109.297918909,-109.297918908,2.96878965855e-10
gap_1_4000,42,4000,0,5949,-20.0117348926,-20.0117348926,0
gap_4001_8000,42,4000,9.83391146292e-12,9949,-90.0257893245,-90.0257893245,9.83391146292e-12
gap_8001_12000,42,4000,-2.48206788456e-09,13949,-110.502956114,-110.502956116,-2.48206788456e-09
gap_1_4000,43,4000,0,5949,-20.0117348926,-20.0117348926,0
gap_4001_8000,43,4000,1.74694037014e-10,9949,-90.7440420703,-90.7440420702,1.74694037014e-10
gap_8001_12000,43,4000,-2.49740139679e-09,13949,-111.70877442,-111.708774422,-2.49740139679e-09
gap_1_4000,44,4000,0,5949,-20.0117348926,-20.0117348926,0
gap_4001_8000,44,4000,-1.54543045028e-09,9949,-91.4630401799,-91.4630401815,-1.54543045028e-09
gap_8001_12000,44,4000,-2.55246845882e-09,13949,-112.915338741,-112.915338744,-2.55246845882e-09
gap_1_4000,45,4000,0,5949,-20.0117348926,-20.0117348926,0
gap_4001_8000,45,4000,-9.44794464885e-10,9949,-92.1827508878,-92.1827508887,-9.44794464885e-10
gap_8001_12000,45,4000,-2.4339783522e-09,13949,-114.122616309,-114.122616311,-2.4339783522e-09
gap_1_4000,46,4000,0,5949,-20.0117348926,-20.0117348926,0
gap_4001_8000,46,4000,-6.10569372839e-10,9949,-92.9031435361,-92.9031435367,-6.10569372839e-10
gap_8001_12000,46,4000,-2.12658335386e-09,13949,-115.330576467,-115.330576469,-2.12658335386e-09
gap_1_4000,47,4000,0,5949,-20.0117348926,-20.0117348926,0
gap_4001_8000,47,4000,-2.30423324865e-09,9949,-93.6241894043,-93.6241894066,-2.30423324865e-09
gap_8001_12000,47,4000,-6.07471406511e-10,13949,-116.539190498,-116.539190499,-6.07471406511e-10
gap_1_4000,48,4000,0,5949,-20.0117348926,-20.0117348926,0
gap_4001_8000,48,4000,-7.13299641575e-10,9949,-94.3458615555,-94.3458615562,-7.13299641575e-10
gap_8001_12000,48,4000,-3.42109274243e-09,13949,-117.748431454,-117.748431458,-3.42109274243e-09
gap_1_4000,49,4000,0,5949,-20.0117348926,-20.0117348926,0
gap_4001_8000,49,4000,-2.59613841536e-09,9949,-95.0681346738,-95.0681346764,-2.59613841536e-09
gap_8001_12000,49,4000,-1.1277734302e-09,13949,-118.958274036,-118.958274037,-1.1277734302e-09
gap_1_4000,50,4000,-3.5527136788e-15,5949,-20.0117348926,-20.0117348926,-3.5527136788e-15
gap_4001_8000,50,4000,-6.31672492091e-11,9949,-95.7909849615,-95.7909849616,-6.31672492091e-11
gap_8001_12000,50,4000,-3.30847171881e-09,13949,-120.168694428,-120.168694432,-3.30847171881e-09
gap_1_4000,51,4000,0,5949,-20.0117348926,-20.0117348926,0
gap_4001_8000,51,4000,-2.03380068342e-09,9949,-96.514389991,-96.514389993,-2.03380068342e-09
gap_8001_12000,51,4000,-2.76648393083e-09,13949,-121.379670219,-121.379670222,-2.76648393083e-09
gap_1_4000,52,4000,0,5949,-20.0117348926,-20.0117348926,0
gap_4001_8000,52,4000,-7.94983634478e-10,9949,-97.2383286325,-97.2383286333,-7.94983634478e-10
gap_8001_12000,52,4000,1.15079501484e-10,13949,-122.591180271,-122.591180271,1.15079501484e-10
gap_1_4000,53,4000,0,5949,-20.0117348926,-20.0117348926,0
gap_4001_8000,53,4000,4.47286652161e-10,9949,-97.9627809308,-97.9627809304,4.47286652161e-10
gap_8001_12000,53,4000,-1.91127469407e-09,13949,-123.803204625,-123.803204627,-1.91127469407e-09
gap_1_4000,54,4000,0,5949,-20.0117348926,-20.0117348926,0
gap_4001_8000,54,4000,-2.93255197903e-10,9949,-98.6877280301,-98.6877280303,-2.93255197903e-10
gap_8001_12000,54,4000,-1.34031097332e-09,13949,-125.015724434,-125.015724435,-1.34031097332e-09
gap_1_4000,55,4000,0,5949,-20.0117348926,-20.0117348926,0
gap_4001_8000,55,4000,-9.91249748949e-10,9949,-99.4131520978,-99.4131520987,-9.91249748949e-10
gap_8001_12000,55,4000,-2.99067437481e-09,13949,-126.228721859,-126.228721862,-2.99067437481e-09
gap_1_4000,56,4000,3.5527136788e-15,5949,-20.0117348926,-20.0117348926,3.5527136788e-15
gap_4001_8000,56,4000,-1.06190611859e-09,9949,-100.139036247,-100.139036248,-1.06190611859e-09
gap_8001_12000,56,4000,-2.17788453938e-09,13949,-127.442180017,-127.442180019,-2.17788453938e-09
gap_1_4000,57,4000,3.5527136788e-15,5949,-20.0117348926,-20.0117348926,3.5527136788e-15
gap_4001_8000,57,4000,-2.39793962464e-10,9949,-100.865364471,-100.865364471,-2.39793962464e-10
gap_8001_12000,57,4000,-2.64768118541e-09,13949,-128.656082898,-128.656082901,-2.64768118541e-09
gap_1_4000,58,4000,0,5949,-20.0117348926,-20.0117348926,0
gap_4001_8000,58,4000,-7.60167040426e-10,9949,-101.592121583,-101.592121584,-7.60167040426e-10
gap_8001_12000,58,4000,7.61133378546e-11,13949,-129.870415321,-129.870415321,7.61133378546e-11
gap_1_4000,59,4000,0,5949,-20.0117348926,-20.0117348926,0
gap_4001_8000,59,4000,-5.83284531785e-10,9949,-102.319293165,-102.319293165,-5.83284531785e-10
gap_8001_12000,59,4000,-1.46866341311e-09,13949,-131.085162858,-131.085162859,-1.46866341311e-09
gap_1_4000,60,4000,0,5949,-20.0117348926,-20.0117348926,0
gap_4001_8000,60,4000,-1.15660725442e-09,9949,-103.046865509,-103.04686551,-1.15660725442e-09
gap_8001_12000,60,4000,-1.88180138139e-09,13949,-132.30031181,-132.300311812,-1.88180138139e-09
gap_1_4000,61,4000,0,5949,-20.0117348926,-20.0117348926,0
gap_4001_8000,61,4000,-1.48594381244e-09,9949,-103.774825582,-103.774825584,-1.48594381244e-09
gap_8001_12000,61,4000,-2.37889707932e-10,13949,-133.515849142,-133.515849143,-2.37889707932e-10
gap_1_4000,62,4000,0,5949,-20.0117348926,-20.0117348926,0
gap_4001_8000,62,4000,6.62836896481e-10,9949,-104.503160975,-104.503160974,6.62836896481e-10
gap_8001_12000,62,4000,-1.05512754089e-09,13949,-134.731762439,-134.73176244,-1.05512754089e-09
gap_1_4000,63,4000,0,5949,-20.0117348926,-20.0117348926,0
gap_4001_8000,63,4000,-8.75758132679e-10,9949,-105.231859857,-105.231859858,-8.75758132679e-10
gap_8001_12000,63,4000,-1.01843511402e-09,13949,-135.94803988,-135.948039881,-1.01843511402e-09
gap_1_4000,64,4000,0,5949,-20.0117348926,-20.0117348926,0
gap_4001_8000,64,4000,2.62616595137e-10,9949,-105.96091096,-105.96091096,2.62616595137e-10
gap_8001_12000,64,4000,-5.24039478478e-10,13949,-137.164670189,-137.16467019,-5.24039478478e-10
gap_1_4000,65,4000,3.5527136788e-15,5949,-20.0117348926,-20.0117348926,3.5527136788e-15
gap_4001_8000,65,4000,-1.29276145344e-09,9949,-106.690303522,-106.690303524,-1.29276145344e-09
gap_8001_12000,65,4000,3.99836608267e-10,13949,-138.38164261,-138.38164261,3.99836608267e-10
gap_1_4000,66,4000,-3.5527136788e-15,5949,-20.0117348926,-20.0117348926,-3.5527136788e-15
gap_4001_8000,66,4000,1.03383968053e-09,9949,-107.420027276,-107.420027275,1.03383968053e-09
gap_8001_12000,66,4000,-3.68521568817e-09,13949,-139.598946864,-139.598946868,-3.68521568817e-09
gap_1_4000,67,4000,0,5949,-20.0117348926,-20.0117348926,0
gap_4001_8000,67,4000,-1.51047174768e-09,9949,-108.150072398,-108.1500724,-1.51047174768e-09
gap_8001_12000,67,4000,-1.44592604556e-09,13949,-140.816573147,-140.816573148,-1.44592604556e-09
gap_1_4000,68,4000,0,5949,-20.0117348926,-20.0117348926,0
gap_4001_8000,68,4000,-4.80270045955e-10,9949,-108.88042951,-108.88042951,-4.80270045955e-10
gap_8001_12000,68,4000,-1.8746106889e-09,13949,-142.034512063,-142.034512065,-1.8746106889e-09
gap_1_4000,69,4000,0,5949,-20.0117348926,-20.0117348926,0
gap_4001_8000,69,4000,-1.95345251086e-09,9949,-109.611089624,-109.611089626,-1.95345251086e-09
gap_8001_12000,69,4000,1.01798036667e-09,13949,-143.252754637,-143.252754636,1.01798036667e-09
gap_1_4000,70,4000,0,5949,-20.0117348926,-20.0117348926,0
gap_4001_8000,70,4000,-1.21609389225e-09,9949,-110.342044146,-110.342044148,-1.21609389225e-09
gap_8001_12000,70,4000,-1.52044776769e-09,13949,-144.471292263,-144.471292264,-1.52044776769e-09
gap_1_4000,71,4000,0,5949,-20.0117348926,-20.0117348926,0
gap_4001_8000,71,4000,-3.57971430276e-11,9949,-111.073284838,-111.073284838,-3.57971430276e-11
gap_8001_12000,71,4000,-4.56196858067e-10,13949,-145.69011671,-145.69011671,-4.56196858067e-10
gap_1_4000,72,4000,-3.5527136788e-15,5949,-20.0117348926,-20.0117348926,-3.5527136788e-15
gap_4001_8000,72,4000,-2.15936779568e-09,9949,-111.804803797,-111.8048038,-2.15936779568e-09
gap_8001_12000,72,4000,5.16820364282e-10,13949,-146.909220078,-146.909220077,5.16820364282e-10
gap_1_4000,73,4000,0,5949,-20.0117348926,-20.0117348926,0
gap_4001_8000,73,4000,-1.1454091009e-09,9949,-112.536593456,-112.536593457,-1.1454091009e-09
gap_8001_12000,73,4000,1.02963326754e-09,13949,-148.128594792,-148.128594791,1.02963326754e-09
gap_1_4000,74,4000,0,5949,-20.0117348926,-20.0117348926,0
gap_4001_8000,74,4000,-1.28751764805e-09,9949,-113.26864654,-113.268646542,-1.28751764805e-09
gap_8001_12000,74,4000,-5.20827825312e-10,13949,-149.348233579,-149.34823358,-5.20827825312e-10
gap_1_4000,75,4000,3.5527136788e-15,5949,-20.0117348926,-20.0117348926,3.5527136788e-15
gap_4001_8000,75,4000,-1.62988555985e-09,9949,-114.00095607,-114.000956071,-1.62988555985e-09
gap_8001_12000,75,4000,2.19202433982e-09,13949,-150.568129467,-150.568129465,2.19202433982e-09
gap_1_4000,76,4000,0,5949,-20.0117348926,-20.0117348926,0
gap_4001_8000,76,4000,-7.98650034994e-12,9949,-114.733515339,-114.733515339,-7.98650034994e-12
gap_8001_12000,76,4000,6.01829697189e-10,13949,-151.788275738,-151.788275737,6.01829697189e-10
gap_1_4000,77,4000,0,5949,-20.0117348926,-20.0117348926,0
gap_4001_8000,77,4000,-6.31914076621e-10,9949,-115.466317896,-115.466317897,-6.31914076621e-10
gap_8001_12000,77,4000,-1.43000988828e-09,13949,-153.008665948,-153.00866595,-1.43000988828e-09
gap_1_4000,78,4000,0,5949,-20.0117348926,-20.0117348926,0
gap_4001_8000,78,4000,-7.51185780246e-11,9949,-116.199357544,-116.199357544,-7.51185780246e-11
gap_8001_12000,78,4000,-3.16148884849e-09,13949,-154.229293898,-154.229293902,-3.16148884849e-09
gap_1_4000,79,4000,0,5949,-20.0117348926,-20.0117348926,0
gap_4001_8000,79,4000,-1.85825399512e-09,9949,-116.932628311,-116.932628313,-1.85825399512e-09
gap_8001_12000,79,4000,-6.36077857052e-11,13949,-155.450153625,-155.450153625,-6.36077857052e-11
gap_1_4000,80,4000,3.5527136788e-15,5949,-20.0117348926,-20.0117348926,3.5527136788e-15
gap_4001_8000,80,4000,6.10825168224e-10,9949,-117.666124459,-117.666124458,6.10825168224e-10
gap_8001_12000,80,4000,-3.87103682442e-10,13949,-156.671239375,-156.671239375,-3.87103682442e-10
gap_1_4000,81,4000,0,5949,-20.0117348926,-20.0117348926,0
gap_4001_8000,81,4000,-1.25358212699e-09,9949,-118.399840446,-118.399840447,-1.25358212699e-09
gap_8001_12000,81,4000,-3.16805426337e-09,13949,-157.892545615,-157.892545618,-3.16805426337e-09
gap_1_4000,82,4000,0,5949,-20.0117348926,-20.0117348926,0
gap_4001_8000,82,4000,-2.56491716755e-10,9949,-119.133770947,-119.133770947,-2.56491716755e-10
gap_8001_12000,82,4000,-2.69622546512e-09,13949,-159.114067019,-159.114067022,-2.69622546512e-09
gap_1_4000,83,4000,0,5949,-20.0117348926,-20.0117348926,0
gap_4001_8000,83,4000,-1.81060499926e-10,9949,-119.867910817,-119.867910817,-1.81060499926e-10
gap_8001_12000,83,4000,-1.369784286e-09,13949,-160.335798445,-160.335798446,-1.369784286e-09
gap_1_4000,84,4000,0,5949,-20.0117348926,-20.0117348926,0
gap_4001_8000,84,4000,-3.72423869521e-10,9949,-120.602255099,-120.602255099,-3.72423869521e-10
gap_8001_12000,84,4000,1.42819089888e-10,13949,-161.557734932,-161.557734932,1.42819089888e-10
gap_1_4000,85,4000,0,5949,-20.0117348926,-20.0117348926,0
gap_4001_8000,85,4000,2.35559127759e-10,9949,-121.336799009,-121.336799009,2.35559127759e-10
gap_8001_12000,85,4000,2.0759216568e-10,13949,-162.779871695,-162.779871695,2.0759216568e-10
gap_1_4000,86,4000,0,5949,-20.0117348926,-20.0117348926,0
gap_4001_8000,86,4000,-9.57541601565e-10,9949,-122.071537926,-122.071537927,-9.57541601565e-10
gap_8001_12000,86,4000,1.38157929541e-10,13949,-164.002204118,-164.002204117,1.38157929541e-10
gap_1_4000,87,4000,0,5949,-20.0117348926,-20.0117348926,0
gap_4001_8000,87,4000,6.4667915467e-10,9949,-122.806467396,-122.806467395,6.4667915467e-10
gap_8001_12000,87,4000,-5.77273340241e-10,13949,-165.224727738,-165.224727738,-5.77273340241e-10
gap_1_4000,88,4000,0,5949,-20.0117348926,-20.0117348926,0
gap_4001_8000,88,4000,-1.42240708101e-09,9949,-123.541583101,-123.541583103,-1.42240708101e-09
gap_8001_12000,88,4000,7.78783260103e-10,13949,-166.44743825,-166.44743825,7.78783260103e-10
gap_1_4000,89,4000,0,5949,-20.0117348926,-20.0117348926,0
gap_4001_8000,89,4000,8.62598881213e-12,9949,-124.276880886,-124.276880886,8.62598881213e-12
gap_8001_12000,89,4000,-3.33534444508e-09,13949,-167.670331483,-167.670331486,-3.33534444508e-09
gap_1_4000,90,4000,0,5949,-20.0117348926,-20.0117348926,0
gap_4001_8000,90,4000,-2.81659140455e-10,9949,-125.012356718,-125.012356718,-2.81659140455e-10
gap_8001_12000,90,4000,-7.09121650289e-10,13949,-168.89340342,-168.893403421,-7.09121650289e-10
gap_1_4000,91,4000,0,5949,-20.0117348926,-20.0117348926,0
gap_4001_8000,91,4000,-2.20224194436e-09,9949,-125.748006702,-125.748006705,-2.20224194436e-09
gap_8001_12000,91,4000,-6.33576746623e-10,13949,-170.11665016,-170.116650161,-6.33576746623e-10
gap_1_4000,92,4000,0,5949,-20.0117348926,-20.0117348926,0
gap_4001_8000,92,4000,-4.50427251053e-10,9949,-126.483827077,-126.483827077,-4.50427251053e-10
gap_8001_12000,92,4000,-1.84286363947e-09,13949,-171.340067935,-171.340067936,-1.84286363947e-09
gap_1_4000,93,4000,0,5949,-20.0117348926,-20.0117348926,0
gap_4001_8000,93,4000,3.8619418774e-10,9949,-127.219814189,-127.219814189,3.8619418774e-10
gap_8001_12000,93,4000,-8.15020939626e-10,13949,-172.5636531,-172.563653101,-8.15020939626e-10
gap_1_4000,94,4000,3.5527136788e-15,5949,-20.0117348926,-20.0117348926,3.5527136788e-15
gap_4001_8000,94,4000,-1.67159441844e-09,9949,-127.955964506,-127.955964507,-1.67159441844e-09
gap_8001_12000,94,4000,3.65901087207e-10,13949,-173.787402122,-173.787402122,3.65901087207e-10
gap_1_4000,95,4000,3.5527136788e-15,5949,-20.0117348926,-20.0117348926,3.5527136788e-15
gap_4001_8000,95,4000,-1.12729026114e-09,9949,-128.692274611,-128.692274612,-1.12729026114e-09
gap_8001_12000,95,4000,-7.3848127613e-10,13949,-175.011311579,-175.011311579,-7.3848127613e-10
gap_1_4000,96,4000,0,5949,-20.0117348926,-20.0117348926,0
gap_4001_8000,96,4000,-3.02577518596e-10,9949,-129.428741189,-129.428741189,-3.02577518596e-10
gap_8001_12000,96,4000,-2.47058551395e-09,13949,-176.235378156,-176.235378159,-2.47058551395e-09
gap_1_4000,97,4000,3.5527136788e-15,5949,-20.0117348926,-20.0117348926,3.5527136788e-15
gap_4001_8000,97,4000,-3.33443495037e-10,9949,-130.165361026,-130.165361026,-3.33443495037e-10
gap_8001_12000,97,4000,-6.97014002071e-10,13949,-177.459598647,-177.459598648,-6.97014002071e-10
gap_1_4000,98,4000,0,5949,-20.0117348926,-20.0117348926,0
gap_4001_8000,98,4000,-6.46366515866e-10,9949,-130.902131007,-130.902131008,-6.46366515866e-10
gap_8001_12000,98,4000,1.2335590327e-09,13949,-178.683969933,-178.683969932,1.2335590327e-09
gap_1_4000,99,4000,0,5949,-20.0117348926,-20.0117348926,0
gap_4001_8000,99,4000,1.02915009847e-09,9949,-131.639048114,-131.639048113,1.02915009847e-09
gap_8001_12000,99,4000,-3.87939280699e-09,13949,-179.908488986,-179.90848899,-3.87939280699e-09
gap_1_4000,100,4000,0,5949,-20.0117348926,-20.0117348926,0
gap_4001_8000,100,4000,-6.85361101205e-10,9949,-132.376109412,-132.376109413,-6.85361101205e-10
gap_8001_12000,100,4000,-2.57301735473e-09,13949,-181.133152888,-181.133152891,-2.57301735473e-09
gap_1_4000,101,4000,0,5949,-20.0117348926,-20.0117348926,0
gap_4001_8000,101,4000,3.24092752635e-10,9949,-133.113312062,-133.113312061,3.24092752635e-10
gap_8001_12000,101,4000,-4.78704009765e-09,13949,-182.357958787,-182.357958792,-4.78704009765e-09
gap_1_4000,102,4000,0,5949,-20.0117348926,-20.0117348926,0
gap_4001_8000,102,4000,-9.2509822025e-10,9949,-133.850653298,-133.850653299,-9.2509822025e-10
gap_8001_12000,102,4000,-2.10471284845e-09,13949,-183.582903929,-183.582903931,-2.10471284845e-09
gap_1_4000,103,4000,0,5949,-20.0117348926,-20.0117348926,0
gap_4001_8000,103,4000,-1.87583282241e-12,9949,-134.588130445,-134.588130445,-1.87583282241e-12
gap_8001_12000,103,4000,-4.99841235069e-09,13949,-184.807985624,-184.807985629,-4.99841235069e-09
gap_1_4000,104,4000,0,5949,-20.0117348926,-20.0117348926,0
gap_4001_8000,104,4000,3.44471118296e-10,9949,-135.325740895,-135.325740894,3.44471118296e-10
gap_8001_12000,104,4000,-1.33627509058e-09,13949,-186.033201279,-186.03320128,-1.33627509058e-09
gap_1_4000,105,4000,0,5949,-20.0117348926,-20.0117348926,0
gap_4001_8000,105,4000,1.18330945043e-09,9949,-136.063482119,-136.063482118,1.18330945043e-09
gap_8001_12000,105,4000,-2.09840322896e-09,13949,-187.258548353,-187.258548355,-2.09840322896e-09
gap_1_4000,106,4000,3.5527136788e-15,5949,-20.0117348926,-20.0117348926,3.5527136788e-15
gap_4001_8000,106,4000,-1.97644567379e-10,9949,-136.801351657,-136.801351657,-1.97644567379e-10
gap_8001_12000,106,4000,-4.76720174447e-09,13949,-188.484024391,-188.484024396,-4.76720174447e-09
gap_1_4000,107,4000,0,5949,-20.0117348926,-20.0117348926,0
gap_4001_8000,107,4000,-7.90834064901e-10,9949,-137.539347121,-137.539347122,-7.90834064901e-10
gap_8001_12000,107,4000,-4.80989115204e-09,13949,-189.709627007,-189.709627012,-4.80989115204e-09
gap_1_4000,108,4000,0,5949,-20.0117348926,-20.0117348926,0
gap_4001_8000,108,4000,-5.8631144384e-10,9949,-138.277466188,-138.277466188,-5.8631144384e-10
gap_8001_12000,108,4000,-3.68405039808e-09,13949,-190.935353876,-190.93535388,-3.68405039808e-09
gap_1_4000,109,4000,3.5527136788e-15,5949,-20.0117348926,-20.0117348926,3.5527136788e-15
gap_4001_8000,109,4000,-7.68181962485e-10,9949,-139.015706595,-139.015706596,-7.68181962485e-10
gap_8001_12000,109,4000,-3.96346422349e-09,13949,-192.161202735,-192.161202738,-3.96346422349e-09
gap_1_4000,110,4000,0,5949,-20.0117348926,-20.0117348926,0
gap_4001_8000,110,4000,-1.9803962914e-09,9949,-139.754066143,-139.754066145,-1.9803962914e-09
gap_8001_12000,110,4000,-3.48427420249e-09,13949,-193.387171386,-193.387171389,-3.48427420249e-09
gap_1_4000,111,4000,0,5949,-20.0117348926,-20.0117348926,0
gap_4001_8000,111,4000,-2.87059265247e-12,9949,-140.492542697,-140.492542697,-2.87059265247e-12
gap_8001_12000,111,4000,-3.49308493242e-09,13949,-194.613257689,-194.613257692,-3.49308493242e-09
gap_1_4000,112,4000,0,5949,-20.0117348926,-20.0117348926,0
gap_4001_8000,112,4000,-9.90127091427e-10,9949,-141.231134168,-141.231134169,-9.90127091427e-10
gap_8001_12000,112,4000,-2.01853822546e-09,13949,-195.839459563,-195.839459565,-2.01853822546e-09
gap_1_4000,113,4000,0,5949,-20.0117348926,-20.0117348926,0
gap_4001_8000,113,4000,-3.97307076128e-10,9949,-141.969838531,-141.969838532,-3.97307076128e-10
gap_8001_12000,113,4000,-4.00211774831e-09,13949,-197.065774975,-197.065774979,-4.00211774831e-09
gap_1_4000,114,4000,0,5949,-20.0117348926,-20.0117348926,0
gap_4001_8000,114,4000,-7.89270870882e-10,9949,-142.708653811,-142.708653812,-7.89270870882e-10
gap_8001_12000,114,4000,-2.51321807809e-09,13949,-198.292201957,-198.292201959,-2.51321807809e-09
gap_1_4000,115,4000,0,5949,-20.0117348926,-20.0117348926,0
gap_4001_8000,115,4000,1.55580437422e-10,9949,-143.447578085,-143.447578085,1.55580437422e-10
gap_8001_12000,115,4000,-3.34119931722e-09,13949,-199.51873858,-199.518738584,-3.34119931722e-09
gap_1_4000,116,4000,0,5949,-20.0117348926,-20.0117348926,0
gap_4001_8000,116,4000,-1.90365767594e-09,9949,-144.186609476,-144.186609478,-1.90365767594e-09
gap_8001_12000,116,4000,-2.74494027508e-09,13949,-200.745382975,-200.745382977,-2.74494027508e-09
gap_1_4000,117,4000,0,5949,-20.0117348926,-20.0117348926,0
gap_4001_8000,117,4000,-9.55111545409e-10,9949,-144.925746164,-144.925746165,-9.55111545409e-10
gap_8001_12000,117,4000,-2.78552647615e-09,13949,-201.972133312,-201.972133314,-2.78552647615e-09
gap_1_4000,118,4000,0,5949,-20.0117348926,-20.0117348926,0
gap_4001_8000,118,4000,-1.25803012452e-09,9949,-145.664986363,-145.664986365,-1.25803012452e-09
gap_8001_12000,118,4000,-2.39336372942e-09,13949,-203.198987812,-203.198987815,-2.39336372942e-09
gap_1_4000,119,4000,0,5949,-20.0117348926,-20.0117348926,0
gap_4001_8000,119,4000,-4.39854375145e-10,9949,-146.404328342,-146.404328343,-4.39854375145e-10
gap_8001_12000,119,4000,-4.57475834992e-10,13949,-204.425944743,-204.425944744,-4.57475834992e-10
gap_1_4000,120,4000,3.5527136788e-15,5949,-20.0117348926,-20.0117348926,3.5527136788e-15
gap_4001_8000,120,4000,-5.87760951021e-10,9949,-147.143770407,-147.143770407,-5.87760951021e-10
gap_8001_12000,120,4000,-4.88029172629e-10,13949,-205.653002408,-205.653002408,-4.88029172629e-10
gap_1_4000,121,4000,0,5949,-20.0117348926,-20.0117348926,0
gap_4001_8000,121,4000,-3.5427660805e-10,9949,-147.883310907,-147.883310908,-3.5427660805e-10
gap_8001_12000,121,4000,-2.41729480877e-09,13949,-206.880159157,-206.880159159,-2.41729480877e-09
gap_1_4000,122,4000,0,5949,-20.0117348926,-20.0117348926,0
gap_4001_8000,122,4000,-1.66457425621e-09,9949,-148.622948232,-148.622948234,-1.66457425621e-09
gap_8001_12000,122,4000,-1.55998236551e-09,13949,-208.107413384,-208.107413386,-1.55998236551e-09
gap_1_4000,123,4000,-3.5527136788e-15,5949,-20.0117348926,-20.0117348926,-3.5527136788e-15
gap_4001_8000,123,4000,6.58445742374e-10,9949,-149.362680816,-149.362680815,6.58445742374e-10
gap_8001_12000,123,4000,-4.74989292343e-09,13949,-209.334763513,-209.334763517,-4.74989292343e-09
gap_1_4000,124,4000,-3.5527136788e-15,5949,-20.0117348926,-20.0117348926,-3.5527136788e-15
gap_4001_8000,124,4000,1.89203319678e-10,9949,-150.102507119,-150.102507119,1.89203319678e-10
gap_8001_12000,124,4000,-2.29920260608e-09,13949,-210.562208019,-210.562208021,-2.29920260608e-09
gap_1_4000,125,4000,0,5949,-20.0117348926,-20.0117348926,0
gap_4001_8000,125,4000,-1.11145936899e-09,9949,-150.842425646,-150.842425648,-1.11145936899e-09
gap_8001_12000,125,4000,-3.0014746244e-09,13949,-211.789745397,-211.7897454,-3.0014746244e-09
gap_1_4000,126,4000,0,5949,-20.0117348926,-20.0117348926,0
gap_4001_8000,126,4000,-3.48052253685e-10,9949,-151.582434941,-151.582434941,-3.48052253685e-10
gap_8001_12000,126,4000,-1.20866161524e-09,13949,-213.017374193,-213.017374194,-1.20866161524e-09
gap_1_4000,127,4000,0,5949,-20.0117348926,-20.0117348926,0
gap_4001_8000,127,4000,-1.37424649438e-09,9949,-152.322533572,-152.322533573,-1.37424649438e-09
gap_8001_12000,127,4000,-9.37802724366e-10,13949,-214.245092975,-214.245092976,-9.37802724366e-10
gap_1_4000,128,4000,-3.5527136788e-15,5949,-20.0117348926,-20.0117348926,-3.5527136788e-15
gap_4001_8000,128,4000,5.99811755819e-10,9949,-153.06272015,-153.06272015,5.99811755819e-10
gap_8001_12000,128,4000,-2.6416273613e-09,13949,-215.47290035,-215.472900353,-2.6416273613e-09
gap_1_4000,129,4000,0,5949,-20.0117348926,-20.0117348926,0
gap_4001_8000,129,4000,-9.45675537878e-10,9949,-153.802993309,-153.80299331,-9.45675537878e-10
gap_8001_12000,129,4000,-3.44653017237e-09,13949,-216.700794959,-216.700794963,-3.44653017237e-09
gap_1_4000,130,4000,0,5949,-20.0117348926,-20.0117348926,0
gap_4001_8000,130,4000,-1.88597937267e-09,9949,-154.543351723,-154.543351725,-1.88597937267e-09
gap_8001_12000,130,4000,-3.28157057083e-09,13949,-217.928775474,-217.928775477,-3.28157057083e-09
gap_1_4000,131,4000,0,5949,-20.0117348926,-20.0117348926,0
gap_4001_8000,131,4000,-1.93355731426e-09,9949,-155.283794091,-155.283794093,-1.93355731426e-09
gap_8001_12000,131,4000,-3.31684191224e-09,13949,-219.156840592,-219.156840596,-3.31684191224e-09
gap_1_4000,132,4000,3.5527136788e-15,5949,-20.0117348926,-20.0117348926,3.5527136788e-15
gap_4001_8000,132,4000,-1.76478920366e-09,9949,-156.024319145,-156.024319146,-1.76478920366e-09
gap_8001_12000,132,4000,-3.99887767344e-09,13949,-220.384989044,-220.384989048,-3.99887767344e-09
gap_1_4000,133,4000,0,5949,-20.0117348926,-20.0117348926,0
gap_4001_8000,133,4000,-1.66932068169e-09,9949,-156.76492564,-156.764925642,-1.66932068169e-09
gap_8001_12000,133,4000,-5.52006440557e-10,13949,-221.613219594,-221.613219594,-5.52006440557e-10
gap_1_4000,134,4000,0,5949,-20.0117348926,-20.0117348926,0
gap_4001_8000,134,4000,-1.43683109854e-09,9949,-157.505612366,-157.505612367,-1.43683109854e-09
gap_8001_12000,134,4000,-4.52934045825e-09,13949,-222.841531014,-222.841531019,-4.52934045825e-09
gap_1_4000,135,4000,0,5949,-20.0117348926,-20.0117348926,0
gap_4001_8000,135,4000,-9.69151869867e-10,9949,-158.246378133,-158.246378134,-9.69151869867e-10
gap_8001_12000,135,4000,-2.54934207078e-09,13949,-224.069922132,-224.069922135,-2.54934207078e-09
gap_1_4000,136,4000,0,5949,-20.0117348926,-20.0117348926,0
gap_4001_8000,136,4000,-1.14943077278e-09,9949,-158.98722178,-158.987221781,-1.14943077278e-09
gap_8001_12000,136,4000,4.58783233626e-10,13949,-225.298391783,-225.298391782,4.58783233626e-10
gap_1_4000,137,4000,0,5949,-20.0117348926,-20.0117348926,0
gap_4001_8000,137,4000,-8.50292281029e-10,9949,-159.728142173,-159.728142174,-8.50292281029e-10
gap_8001_12000,137,4000,-1.11589315566e-09,13949,-226.526938823,-226.526938824,-1.11589315566e-09
gap_1_4000,138,4000,0,5949,-20.0117348926,-20.0117348926,0
gap_4001_8000,138,4000,-1.19493392958e-09,9949,-160.469138199,-160.4691382,-1.19493392958e-09
gap_8001_12000,138,4000,-1.72593672687e-09,13949,-227.755562149,-227.755562151,-1.72593672687e-09
gap_1_4000,139,4000,0,5949,-20.0117348926,-20.0117348926,0
gap_4001_8000,139,4000,-4.7251091928e-10,9949,-161.210208774,-161.210208774,-4.7251091928e-10
gap_8001_12000,139,4000,-7.87167664384e-10,13949,-228.984260673,-228.984260674,-7.87167664384e-10
gap_1_4000,140,4000,0,5949,-20.0117348926,-20.0117348926,0
gap_4001_8000,140,4000,-1.22648202705e-09,9949,-161.951352829,-161.95135283,-1.22648202705e-09
gap_8001_12000,140,4000,-2.37653807744e-09,13949,-230.213033327,-230.21303333,-2.37653807744e-09
gap_1_4000,141,4000,0,5949,-20.0117348926,-20.0117348926,0
gap_4001_8000,141,4000,-1.71752390088e-10,9949,-162.692569328,-162.692569328,-1.71752390088e-10
gap_8001_12000,141,4000,-1.85340809367e-09,13949,-231.441879075,-231.441879077,-1.85340809367e-09
gap_1_4000,142,4000,-3.5527136788e-15,5949,-20.0117348926,-20.0117348926,-3.5527136788e-15
gap_4001_8000,142,4000,-7.77106379246e-10,9949,-163.433857247,-163.433857248,-7.77106379246e-10
gap_8001_12000,142,4000,-1.21070797832e-09,13949,-232.670796895,-232.670796896,-1.21070797832e-09
gap_1_4000,143,4000,0,5949,-20.0117348926,-20.0117348926,0
gap_4001_8000,143,4000,-1.40238398671e-09,9949,-164.175215589,-164.175215591,-1.40238398671e-09
gap_8001_12000,143,4000,-3.46432216247e-10,13949,-233.899785788,-233.899785788,-3.46432216247e-10
gap_1_4000,144,4000,0,5949,-20.0117348926,-20.0117348926,0
gap_4001_8000,144,4000,-2.63582933258e-10,9949,-164.916643379,-164.916643379,-2.63582933258e-10
gap_8001_12000,144,4000,-1.45186618283e-09,13949,-235.128844775,-235.128844776,-1.45186618283e-09
gap_1_4000,145,4000,0,5949,-20.0117348926,-20.0117348926,0
gap_4001_8000,145,4000,-8.40373104438e-10,9949,-165.658139655,-165.658139656,-8.40373104438e-10
gap_8001_12000,145,4000,-2.51165488407e-09,13949,-236.3579729,-236.357972903,-2.51165488407e-09
gap_1_4000,146,4000,0,5949,-20.0117348926,-20.0117348926,0
gap_4001_8000,146,4000,-5.19122522746e-10,9949,-166.399703483,-166.399703484,-5.19122522746e-10
gap_8001_12000,146,4000,-2.4695339107e-09,13949,-237.587169227,-237.58716923,-2.4695339107e-09
gap_1_4000,147,4000,0,5949,-20.0117348926,-20.0117348926,0
gap_4001_8000,147,4000,-5.11732878294e-10,9949,-167.141333942,-167.141333943,-5.11732878294e-10
gap_8001_12000,147,4000,-9.24643472899e-10,13949,-238.816432837,-238.816432838,-9.24643472899e-10
gap_1_4000,148,4000,0,5949,-20.0117348926,-20.0117348926,0
gap_4001_8000,148,4000,-1.4773888779e-09,9949,-167.883030132,-167.883030133,-1.4773888779e-09
gap_8001_12000,148,4000,-1.44009959513e-09,13949,-240.045762826,-240.045762828,-1.44009959513e-09
gap_1_4000,149,4000,3.5527136788e-15,5949,-20.0117348926,-20.0117348926,3.5527136788e-15
gap_4001_8000,149,4000,-2.22115659199e-10,9949,-168.624791172,-168.624791173,-2.22115659199e-10
gap_8001_12000,149,4000,-7.69659891375e-10,13949,-241.275158316,-241.275158317,-7.69659891375e-10
gap_1_4000,150,4000,0,5949,-20.0117348926,-20.0117348926,0
gap_4001_8000,150,4000,-4.16946477344e-11,9949,-169.366616196,-169.366616196,-4.16946477344e-11
gap_8001_12000,150,4000,-8.65128413352e-10,13949,-242.504618439,-242.50461844,-8.65128413352e-10
gap_1_4000,151,4000,0,5949,-20.0117348926,-20.0117348926,0
gap_4001_8000,151,4000,-1.32521904561e-09,9949,-170.108504356,-170.108504357,-1.32521904561e-09
gap_8001_12000,151,4000,-7.94045718067e-10,13949,-243.734142349,-243.73414235,-7.94045718067e-10
gap_1_4000,152,4000,0,5949,-20.0117348926,-20.0117348926,0
gap_4001_8000,152,4000,-8.04533328846e-10,9949,-170.850454823,-170.850454824,-8.04533328846e-10
gap_8001_12000,152,4000,-1.15446141535e-09,13949,-244.963729214,-244.963729216,-1.15446141535e-09
gap_1_4000,153,4000,0,5949,-20.0117348926,-20.0117348926,0
gap_4001_8000,153,4000,-3.85483645005e-10,9949,-171.592466781,-171.592466781,-3.85483645005e-10
gap_8001_12000,153,4000,-1.4095746792e-09,13949,-246.193378221,-246.193378223,-1.4095746792e-09
gap_1_4000,154,4000,0,5949,-20.0117348926,-20.0117348926,0
gap_4001_8000,154,4000,-9.59573753789e-10,9949,-172.33453943,-172.334539431,-9.59573753789e-10
gap_8001_12000,154,4000,-9.40474365052e-10,13949,-247.423088571,-247.423088572,-9.40474365052e-10
gap_1_4000,155,4000,0,5949,-20.0117348926,-20.0117348926,0
gap_4001_8000,155,4000,1.74736669578e-10,9949,-173.07667199,-173.07667199,1.74736669578e-10
gap_8001_12000,155,4000,-2.48186893259e-09,13949,-248.652859477,-248.65285948,-2.48186893259e-09
gap_1_4000,156,4000,0,5949,-20.0117348926,-20.0117348926,0
gap_4001_8000,156,4000,-5.97452753937e-10,9949,-173.818863688,-173.818863689,-5.97452753937e-10
gap_8001_12000,156,4000,-2.87758439299e-09,13949,-249.882690175,-249.882690178,-2.87758439299e-09
gap_1_4000,157,4000,0,5949,-20.0117348926,-20.0117348926,0
gap_4001_8000,157,4000,-1.20465415421e-09,9949,-174.561113773,-174.561113774,-1.20465415421e-09
gap_8001_12000,157,4000,-2.01964667212e-10,13949,-251.112579912,-251.112579913,-2.01964667212e-10
gap_1_4000,158,4000,0,5949,-20.0117348926,-20.0117348926,0
gap_4001_8000,158,4000,-1.61173829838e-09,9949,-175.303421504,-175.303421506,-1.61173829838e-09
gap_8001_12000,158,4000,2.22257767746e-10,13949,-252.342527944,-252.342527944,2.22257767746e-10
gap_1_4000,159,4000,0,5949,-20.0117348926,-20.0117348926,0
gap_4001_8000,159,4000,-1.10739506454e-09,9949,-176.045786157,-176.045786159,-1.10739506454e-09
gap_8001_12000,159,4000,-1.97505301003e-09,13949,-253.572533544,-253.572533545,-1.97505301003e-09
gap_1_4000,160,4000,0,5949,-20.0117348926,-20.0117348926,0
gap_4001_8000,160,4000,-2.11912265513e-10,9949,-176.78820702,-176.78820702,-2.11912265513e-10
gap_8001_12000,160,4000,-8.91759555088e-10,13949,-254.802596005,-254.802596006,-8.91759555088e-10
gap_1_4000,161,4000,3.5527136788e-15,5949,-20.0117348926,-20.0117348926,3.5527136788e-15
gap_4001_8000,161,4000,1.16642695502e-10,9949,-177.530683391,-177.530683391,1.16642695502e-10
gap_8001_12000,161,4000,-1.46275169755e-09,13949,-256.032714625,-256.032714627,-1.46275169755e-09
gap_1_4000,162,4000,0,5949,-20.0117348926,-20.0117348926,0
gap_4001_8000,162,4000,-4.61596982859e-10,9949,-178.273214585,-178.273214585,-4.61596982859e-10
gap_8001_12000,162,4000,-1.18876641864e-09,13949,-257.262888719,-257.26288872,-1.18876641864e-09
gap_1_4000,163,4000,0,5949,-20.0117348926,-20.0117348926,0
gap_4001_8000,163,4000,-3.55669271812e-10,9949,-179.015799929,-179.01579993,-3.55669271812e-10
gap_8001_12000,163,4000,1.34411948238e-09,13949,-258.493117615,-258.493117614,1.34411948238e-09
gap_1_4000,164,4000,0,5949,-20.0117348926,-20.0117348926,0
gap_4001_8000,164,4000,5.15399278811e-10,9949,-179.758438763,-179.758438763,5.15399278811e-10
gap_8001_12000,164,4000,-1.77016090674e-09,13949,-259.723400644,-259.723400646,-1.77016090674e-09
gap_1_4000,165,4000,3.5527136788e-15,5949,-20.0117348926,-20.0117348926,3.5527136788e-15
gap_4001_8000,165,4000,-1.8622472453e-09,9949,-180.501130433,-180.501130435,-1.8622472453e-09
gap_8001_12000,165,4000,-1.2965415408e-09,13949,-260.953737167,-260.953737168,-1.2965415408e-09
gap_1_4000,166,4000,0,5949,-20.0117348926,-20.0117348926,0
gap_4001_8000,166,4000,-6.39261088509e-10,9949,-181.243874308,-181.243874309,-6.39261088509e-10
gap_8001_12000,166,4000,-1.93529103854e-09,13949,-262.184126539,-262.184126541,-1.93529103854e-09
gap_1_4000,167,4000,0,5949,-20.0117348926,-20.0117348926,0
gap_4001_8000,167,4000,-6.16324768998e-10,9949,-181.986669757,-181.986669758,-6.16324768998e-10
gap_8001_12000,167,4000,-2.44131115323e-09,13949,-263.414568137,-263.41456814,-2.44131115323e-09
gap_1_4000,168,4000,-3.5527136788e-15,5949,-20.0117348926,-20.0117348926,-3.5527136788e-15
gap_4001_8000,168,4000,2.57301735473e-10,9949,-182.729516168,-182.729516168,2.57301735473e-10
gap_8001_12000,168,4000,1.0949179341e-09,13949,-264.64506135,-264.645061349,1.0949179341e-09
gap_1_4000,169,4000,0,5949,-20.0117348926,-20.0117348926,0
gap_4001_8000,169,4000,3.43362671629e-10,9949,-183.472412934,-183.472412933,3.43362671629e-10
gap_8001_12000,169,4000,-1.82808435056e-10,13949,-265.875605564,-265.875605564,-1.82808435056e-10
gap_1_4000,170,4000,0,5949,-20.0117348926,-20.0117348926,0
gap_4001_8000,170,4000,8.33267677081e-10,9949,-184.215359462,-184.215359461,8.33267677081e-10
gap_8001_12000,170,4000,-1.93210780708e-09,13949,-267.106200189,-267.106200191,-1.93210780708e-09
gap_1_4000,171,4000,0,5949,-20.0117348926,-20.0117348926,0
gap_4001_8000,171,4000,-1.84692794392e-09,9949,-184.958355167,-184.958355168,-1.84692794392e-09
gap_8001_12000,171,4000,2.34877006733e-10,13949,-268.336844648,-268.336844648,2.34877006733e-10
gap_1_4000,172,4000,0,5949,-20.0117348926,-20.0117348926,0
gap_4001_8000,172,4000,-5.19548848388e-10,9949,-185.701399481,-185.701399481,-5.19548848388e-10
gap_8001_12000,172,4000,-2.90742718789e-09,13949,-269.567538358,-269.56753836,-2.90742718789e-09
gap_1_4000,173,4000,0,5949,-20.0117348926,-20.0117348926,0
gap_4001_8000,173,4000,3.97903932026e-13,9949,-186.444491837,-186.444491837,3.97903932026e-13
gap_8001_12000,173,4000,-2.40208919422e-09,13949,-270.798280763,-270.798280766,-2.40208919422e-09
gap_1_4000,174,4000,-3.5527136788e-15,5949,-20.0117348926,-20.0117348926,-3.5527136788e-15
gap_4001_8000,174,4000,-1.5849650481e-09,9949,-187.18763168,-187.187631682,-1.5849650481e-09
gap_8001_12000,174,4000,2.85865553451e-10,13949,-272.02907131,-272.02907131,2.85865553451e-10
gap_1_4000,175,4000,0,5949,-20.0117348926,-20.0117348926,0
gap_4001_8000,175,4000,-2.68528310698e-10,9949,-187.930818471,-187.930818471,-2.68528310698e-10
gap_8001_12000,175,4000,7.46865680412e-10,13949,-273.25990945,-273.259909449,7.46865680412e-10
gap_1_4000,176,4000,3.5527136788e-15,5949,-20.0117348926,-20.0117348926,3.5527136788e-15
gap_4001_8000,176,4000,-2.51992560152e-09,9949,-188.674051669,-188.674051671,-2.51992560152e-09
gap_8001_12000,176,4000,1.98480165636e-09,13949,-274.49079465,-274.490794648,1.98480165636e-09
gap_1_4000,177,4000,0,5949,-20.0117348926,-20.0117348926,0
gap_4001_8000,177,4000,-2.10735606743e-09,9949,-189.417330753,-189.417330755,-2.10735606743e-09
gap_8001_12000,177,4000,-1.93546156879e-09,13949,-275.72172638,-275.721726382,-1.93546156879e-09
gap_1_4000,178,4000,0,5949,-20.0117348926,-20.0117348926,0
gap_4001_8000,178,4000,-8.78571881913e-10,9949,-190.160655205,-190.160655206,-8.78571881913e-10
gap_8001_12000,178,4000,6.36134700471e-10,13949,-276.952704133,-276.952704132,6.36134700471e-10
gap_1_4000,179,4000,0,5949,-20.0117348926,-20.0117348926,0
gap_4001_8000,179,4000,-2.53209009315e-09,9949,-190.904024512,-190.904024515,-2.53209009315e-09
gap_8001_12000,179,4000,-7.09917458153e-10,13949,-278.183727391,-278.183727391,-7.09917458153e-10
gap_1_4000,180,4000,0,5949,-20.0117348926,-20.0117348926,0
gap_4001_8000,180,4000,-1.76669345819e-09,9949,-191.647438181,-191.647438183,-1.76669345819e-09
gap_8001_12000,180,4000,-9.32345756155e-10,13949,-279.414795658,-279.414795659,-9.32345756155e-10
gap_1_4000,181,4000,-3.5527136788e-15,5949,-20.0117348926,-20.0117348926,-3.5527136788e-15
gap_4001_8000,181,4000,-3.80282472179e-10,9949,-192.390895717,-192.390895717,-3.80282472179e-10
gap_8001_12000,181,4000,-2.61400145973e-09,13949,-280.64590844,-280.645908443,-2.61400145973e-09
gap_1_4000,182,4000,3.5527136788e-15,5949,-20.0117348926,-20.0117348926,3.5527136788e-15
gap_4001_8000,182,4000,2.01737293537e-10,9949,-193.134396635,-193.134396635,2.01737293537e-10
gap_8001_12000,182,4000,-3.73182729163e-09,13949,-281.877065257,-281.877065261,-3.73182729163e-09
gap_1_4000,183,4000,0,5949,-20.0117348926,-20.0117348926,0
gap_4001_8000,183,4000,2.75264255833e-10,9949,-193.877940459,-193.877940459,2.75264255833e-10
gap_8001_12000,183,4000,-3.67333541362e-09,13949,-283.108265631,-283.108265635,-3.67333541362e-09
gap_1_4000,184,4000,0,5949,-20.0117348926,-20.0117348926,0
gap_4001_8000,184,4000,-9.54514689511e-10,9949,-194.621526722,-194.621526723,-9.54514689511e-10
gap_8001_12000,184,4000,-2.09053041544e-09,13949,-284.339509097,-284.339509099,-2.09053041544e-09
gap_1_4000,185,4000,0,5949,-20.0117348926,-20.0117348926,0
gap_4001_8000,185,4000,-9.00996610653e-10,9949,-195.365154964,-195.365154965,-9.00996610653e-10
gap_8001_12000,185,4000,-5.52483925276e-09,13949,-285.570795186,-285.570795191,-5.52483925276e-09
gap_1_4000,186,4000,0,5949,-20.0117348926,-20.0117348926,0
gap_4001_8000,186,4000,2.823981049e-10,9949,-196.108824733,-196.108824732,2.823981049e-10
gap_8001_12000,186,4000,-2.18602735913e-09,13949,-286.802123456,-286.802123458,-2.18602735913e-09
gap_1_4000,187,4000,0,5949,-20.0117348926,-20.0117348926,0
gap_4001_8000,187,4000,1.65840674526e-10,9949,-196.85253558,-196.85253558,1.65840674526e-10
gap_8001_12000,187,4000,-2.68221356237e-09,13949,-288.033493453,-288.033493456,-2.68221356237e-09
gap_1_4000,188,4000,0,5949,-20.0117348926,-20.0117348926,0
gap_4001_8000,188,4000,-4.71573002869e-10,9949,-197.596287066,-197.596287067,-4.71573002869e-10
gap_8001_12000,188,4000,-8.40884695208e-10,13949,-289.264904743,-289.264904743,-8.40884695208e-10
gap_1_4000,189,4000,3.5527136788e-15,5949,-20.0117348926,-20.0117348926,3.5527136788e-15
gap_4001_8000,189,4000,6.7859673436e-10,9949,-198.340078764,-198.340078763,6.7859673436e-10
gap_8001_12000,189,4000,-4.8839297051e-09,13949,-290.496356885,-290.49635689,-4.8839297051e-09
gap_1_4000,190,4000,0,5949,-20.0117348926,-20.0117348926,0
gap_4001_8000,190,4000,-7.13384906703e-11,9949,-199.083910242,-199.083910242,-7.13384906703e-11
gap_8001_12000,190,4000,-3.71022679246e-09,13949,-291.727849466,-291.727849469,-3.71022679246e-09
gap_1_4000,191,4000,0,5949,-20.0117348926,-20.0117348926,0
gap_4001_8000,191,4000,-9.14667452889e-10,9949,-199.827781086,-199.827781087,-9.14667452889e-10
gap_8001_12000,191,4000,-2.82875589619e-09,13949,-292.959382061,-292.959382064,-2.82875589619e-09
gap_1_4000,192,4000,3.5527136788e-15,5949,-20.0117348926,-20.0117348926,3.5527136788e-15
gap_4001_8000,192,4000,2.79044343188e-10,9949,-200.571690884,-200.571690884,2.79044343188e-10
gap_8001_12000,192,4000,-4.86352291773e-10,13949,-294.190954261,-294.190954262,-4.86352291773e-10
gap_1_4000,193,4000,0,5949,-20.0117348926,-20.0117348926,0
gap_4001_8000,193,4000,-1.47028345054e-09,9949,-201.315639227,-201.315639229,-1.47028345054e-09
gap_8001_12000,193,4000,-5.19884224559e-09,13949,-295.422565652,-295.422565657,-5.19884224559e-09
gap_1_4000,194,4000,0,5949,-20.0117348926,-20.0117348926,0
gap_4001_8000,194,4000,3.05476532958e-10,9949,-202.059625722,-202.059625721,3.05476532958e-10
gap_8001_12000,194,4000,-3.4198137655e-09,13949,-296.654215847,-296.65421585,-3.4198137655e-09
gap_1_4000,195,4000,0,5949,-20.0117348926,-20.0117348926,0
gap_4001_8000,195,4000,-1.15818465929e-09,9949,-202.803649967,-202.803649969,-1.15818465929e-09
gap_8001_12000,195,4000,-3.20045501212e-09,13949,-297.885904445,-297.885904448,-3.20045501212e-09
gap_1_4000,196,4000,-3.5527136788e-15,5949,-20.0117348926,-20.0117348926,-3.5527136788e-15
gap_4001_8000,196,4000,-1.01681507658e-09,9949,-203.547711582,-203.547711583,-1.01681507658e-09
gap_8001_12000,196,4000,-2.51020537689e-09,13949,-299.117631061,-299.117631063,-2.51020537689e-09
gap_1_4000,197,4000,0,5949,-20.0117348926,-20.0117348926,0
gap_4001_8000,197,4000,-1.21809762277e-09,9949,-204.291810182,-204.291810184,-1.21809762277e-09
gap_8001_12000,197,4000,-4.62830485048e-09,13949,-300.34939531,-300.349395314,-4.62830485048e-09
gap_1_4000,198,4000,0,5949,-20.0117348926,-20.0117348926,0
gap_4001_8000,198,4000,-1.67241864801e-09,9949,-205.035945393,-205.035945394,-1.67241864801e-09
gap_8001_12000,198,4000,-1.47326773003e-09,13949,-301.581196825,-301.581196826,-1.47326773003e-09
gap_1_4000,199,4000,0,5949,-20.0117348926,-20.0117348926,0
gap_4001_8000,199,4000,-1.9213359792e-09,9949,-205.780116843,-205.780116845,-1.9213359792e-09
gap_8001_12000,199,4000,-1.6425474314e-09,13949,-302.813035226,-302.813035228,-1.6425474314e-09
gap_1_4000,200,4000,0,5949,-20.0117348926,-20.0117348926,0
gap_4001_8000,200,4000,-1.59184310178e-09,9949,-206.52432417,-206.524324172,-1.59184310178e-09
gap_8001_12000,200,4000,-3.92333276977e-09,13949,-304.044910152,-304.044910155,-3.92333276977e-09
gap_1_4000,201,4000,0,5949,-20.0117348926,-20.0117348926,0
gap_4001_8000,201,4000,-1.95257143787e-11,9949,-207.268567015,-207.268567015,-1.95257143787e-11
gap_8001_12000,201,4000,-1.97445615413e-09,13949,-305.276821248,-305.27682125,-1.97445615413e-09
gap_1_4000,202,4000,0,5949,-20.0117348926,-20.0117348926,0
gap_4001_8000,202,4000,-7.72331532062e-10,9949,-208.01284502,-208.012845021,-7.72331532062e-10
gap_8001_12000,202,4000,-3.46852857547e-09,13949,-306.508768153,-306.508768157,-3.46852857547e-09
gap_1_4000,203,4000,0,5949,-20.0117348926,-20.0117348926,0
gap_4001_8000,203,4000,-1.02582475847e-09,9949,-208.75715784,-208.757157841,-1.02582475847e-09
gap_8001_12000,203,4000,-4.26138058174e-09,13949,-307.740750524,-307.740750528,-4.26138058174e-09
gap_1_4000,204,4000,0,5949,-20.0117348926,-20.0117348926,0
gap_4001_8000,204,4000,-1.03113961814e-09,9949,-209.50150513,-209.501505131,-1.03113961814e-09
gap_8001_12000,204,4000,-1.86327042684e-09,13949,-308.972768018,-308.972768019,-1.86327042684e-09
gap_1_4000,205,4000,0,5949,-20.0117348926,-20.0117348926,0
gap_4001_8000,205,4000,-4.17884393755e-10,9949,-210.245886553,-210.245886554,-4.17884393755e-10
gap_8001_12000,205,4000,-1.27056409838e-09,13949,-310.204820292,-310.204820293,-1.27056409838e-09
gap_1_4000,206,4000,0,5949,-20.0117348926,-20.0117348926,0
gap_4001_8000,206,4000,-4.2462033889e-10,9949,-210.990301774,-210.990301774,-4.2462033889e-10
gap_8001_12000,206,4000,-2.42960140895e-09,13949,-311.436907013,-311.436907015,-2.42960140895e-09
gap_1_4000,207,4000,0,5949,-20.0117348926,-20.0117348926,0
gap_4001_8000,207,4000,5.91541038375e-10,9949,-211.734750466,-211.734750465,5.91541038375e-10
gap_8001_12000,207,4000,-2.42346231971e-09,13949,-312.669027856,-312.669027858,-2.42346231971e-09
gap_1_4000,208,4000,-3.5527136788e-15,5949,-20.0117348926,-20.0117348926,-3.5527136788e-15
gap_4001_8000,208,4000,-1.48043000081e-09,9949,-212.4792323,-212.479232301,-1.48043000081e-09
gap_8001_12000,208,4000,-1.09895381684e-09,13949,-313.901182494,-313.901182495,-1.09895381684e-09
gap_1_4000,209,4000,-3.5527136788e-15,5949,-20.0117348926,-20.0117348926,-3.5527136788e-15
gap_4001_8000,209,4000,-5.03774799654e-10,9949,-213.223746963,-213.223746964,-5.03774799654e-10
gap_8001_12000,209,4000,-7.00708824297e-10,13949,-315.133370609,-315.13337061,-7.00708824297e-10
gap_1_4000,210,4000,0,5949,-20.0117348926,-20.0117348926,0
gap_4001_8000,210,4000,-5.0195581025e-10,9949,-213.968294136,-213.968294136,-5.0195581025e-10
gap_8001_12000,210,4000,-2.34149410971e-09,13949,-316.365591882,-316.365591884,-2.34149410971e-09
gap_1_4000,211,4000,0,5949,-20.0117348926,-20.0117348926,0
gap_4001_8000,211,4000,-1.02875219454e-09,9949,-214.712873509,-214.71287351,-1.02875219454e-09
gap_8001_12000,211,4000,-1.66090785569e-09,13949,-317.597846008,-317.59784601,-1.66090785569e-09
gap_1_4000,212,4000,0,5949,-20.0117348926,-20.0117348926,0
gap_4001_8000,212,4000,-2.7543478609e-10,9949,-215.457484778,-215.457484778,-2.7543478609e-10
gap_8001_12000,212,4000,-7.65339791542e-10,13949,-318.830132679,-318.83013268,-7.65339791542e-10
gap_1_4000,213,4000,0,5949,-20.0117348926,-20.0117348926,0
gap_4001_8000,213,4000,-1.32311583911e-09,9949,-216.202127638,-216.202127639,-1.32311583911e-09
gap_8001_12000,213,4000,-1.517776127e-09,13949,-320.062451592,-320.062451593,-1.517776127e-09
gap_1_4000,214,4000,3.5527136788e-15,5949,-20.0117348926,-20.0117348926,3.5527136788e-15
gap_4001_8000,214,4000,-1.20158460959e-09,9949,-216.946801794,-216.946801795,-1.20158460959e-09
gap_8001_12000,214,4000,-2.08291339732e-09,13949,-321.294802449,-321.294802451,-2.08291339732e-09
gap_1_4000,215,4000,0,5949,-20.0117348926,-20.0117348926,0
gap_4001_8000,215,4000,-4.77285766465e-10,9949,-217.691506952,-217.691506952,-4.77285766465e-10
gap_8001_12000,215,4000,-6.43353814667e-10,13949,-322.52718496,-322.527184961,-6.43353814667e-10
gap_1_4000,216,4000,-3.5527136788e-15,5949,-20.0117348926,-20.0117348926,-3.5527136788e-15
gap_4001_8000,216,4000,-1.98161842491e-09,9949,-218.43624282,-218.436242822,-1.98161842491e-09
gap_8001_12000,216,4000,-1.21946186482e-09,13949,-323.759598831,-323.759598832,-1.21946186482e-09
gap_1_4000,217,4000,0,5949,-20.0117348926,-20.0117348926,0
gap_4001_8000,217,4000,-1.59948854161e-09,9949,-219.181009116,-219.181009117,-1.59948854161e-09
gap_8001_12000,217,4000,-3.82414100386e-09,13949,-324.992043777,-324.992043781,-3.82414100386e-09
gap_1_4000,218,4000,0,5949,-20.0117348926,-20.0117348926,0
gap_4001_8000,218,4000,-5.87419890508e-10,9949,-219.925805558,-219.925805558,-5.87419890508e-10
gap_8001_12000,218,4000,-4.15218437411e-09,13949,-326.22451952,-326.224519524,-4.15218437411e-09
gap_1_4000,219,4000,0,5949,-20.0117348926,-20.0117348926,0
gap_4001_8000,219,4000,-1.22142296277e-09,9949,-220.670631865,-220.670631866,-1.22142296277e-09
gap_8001_12000,219,4000,-1.86628312804e-09,13949,-327.457025783,-327.457025785,-1.86628312804e-09
gap_1_4000,220,4000,0,5949,-20.0117348926,-20.0117348926,0
gap_4001_8000,220,4000,5.08038056068e-10,9949,-221.415487768,-221.415487767,5.08038056068e-10
gap_8001_12000,220,4000,-2.39646169575e-09,13949,-328.689562286,-328.689562289,-2.39646169575e-09
gap_1_4000,221,4000,0,5949,-20.0117348926,-20.0117348926,0
gap_4001_8000,221,4000,-9.90951321e-10,9949,-222.16037299,-222.160372991,-9.90951321e-10
gap_8001_12000,221,4000,-2.01231387109e-09,13949,-329.922128764,-329.922128766,-2.01231387109e-09
gap_1_4000,222,4000,0,5949,-20.0117348926,-20.0117348926,0
gap_4001_8000,222,4000,-1.317943088e-09,9949,-222.90528727,-222.905287272,-1.317943088e-09
gap_8001_12000,222,4000,-1.41301370604e-09,13949,-331.154724948,-331.15472495,-1.41301370604e-09
gap_1_4000,223,4000,0,5949,-20.0117348926,-20.0117348926,0
gap_4001_8000,223,4000,-1.18205889521e-10,9949,-223.650230345,-223.650230345,-1.18205889521e-10
gap_8001_12000,223,4000,8.74933903106e-10,13949,-332.387350577,-332.387350576,8.74933903106e-10
gap_1_4000,224,4000,0,5949,-20.0117348926,-20.0117348926,0
gap_4001_8000,224,4000,-4.82714312966e-10,9949,-224.395201952,-224.395201953,-4.82714312966e-10
gap_8001_12000,224,4000,-3.72409658667e-09,13949,-333.620005383,-333.620005387,-3.72409658667e-09
gap_1_4000,225,4000,0,5949,-20.0117348926,-20.0117348926,0
gap_4001_8000,225,4000,-3.82357256967e-10,9949,-225.140201837,-225.140201837,-3.82357256967e-10
gap_8001_12000,225,4000,-9.68100266618e-10,13949,-334.852689124,-334.852689125,-9.68100266618e-10
gap_1_4000,226,4000,0,5949,-20.0117348926,-20.0117348926,0
gap_4001_8000,226,4000,-3.74882347387e-11,9949,-225.885229746,-225.885229746,-3.74882347387e-11
gap_8001_12000,226,4000,-1.77738002094e-09,13949,-336.085401536,-336.085401538,-1.77738002094e-09
gap_1_4000,227,4000,0,5949,-20.0117348926,-20.0117348926,0
gap_4001_8000,227,4000,-5.36601874046e-11,9949,-226.63028543,-226.63028543,-5.36601874046e-11
gap_8001_12000,227,4000,-1.33110233946e-09,13949,-337.318142374,-337.318142375,-1.33110233946e-09
gap_1_4000,228,4000,0,5949,-20.0117348926,-20.0117348926,0
gap_4001_8000,228,4000,-9.64206492426e-10,9949,-227.375368643,-227.375368644,-9.64206492426e-10
gap_8001_12000,228,4000,-3.52144979843e-10,13949,-338.550911393,-338.550911393,-3.52144979843e-10
gap_1_4000,229,4000,0,5949,-20.0117348926,-20.0117348926,0
gap_4001_8000,229,4000,-6.27039753454e-10,9949,-228.120479143,-228.120479143,-6.27039753454e-10
gap_8001_12000,229,4000,-1.88668991541e-09,13949,-339.783708344,-339.783708346,-1.88668991541e-09
gap_1_4000,230,4000,0,5949,-20.0117348926,-20.0117348926,0
gap_4001_8000,230,4000,-9.06766217668e-10,9949,-228.865616688,-228.865616689,-9.06766217668e-10
gap_8001_12000,230,4000,-1.26561872094e-09,13949,-341.016532995,-341.016532996,-1.26561872094e-09
gap_1_4000,231,4000,0,5949,-20.0117348926,-20.0117348926,0
gap_4001_8000,231,4000,-6.66261712468e-10,9949,-229.610781043,-229.610781044,-6.66261712468e-10
gap_8001_12000,231,4000,-2.4270434551e-09,13949,-342.249385102,-342.249385105,-2.4270434551e-09
gap_1_4000,232,4000,0,5949,-20.0117348926,-20.0117348926,0
gap_4001_8000,232,4000,-8.19056822365e-10,9949,-230.355971973,-230.355971974,-8.19056822365e-10
gap_8001_12000,232,4000,-1.29301724883e-09,13949,-343.482264438,-343.482264439,-1.29301724883e-09
gap_1_4000,233,4000,0,5949,-20.0117348926,-20.0117348926,0
gap_4001_8000,233,4000,-1.75054992724e-09,9949,-231.101189248,-231.101189249,-1.75054992724e-09
gap_8001_12000,233,4000,-2.19301909965e-09,13949,-344.715170767,-344.715170769,-2.19301909965e-09
gap_1_4000,234,4000,0,5949,-20.0117348926,-20.0117348926,0
gap_4001_8000,234,4000,-9.59744284046e-10,9949,-231.84643264,-231.846432641,-9.59744284046e-10
gap_8001_12000,234,4000,2.7392843549e-10,13949,-345.948103866,-345.948103866,2.7392843549e-10
gap_1_4000,235,4000,0,5949,-20.0117348926,-20.0117348926,0
gap_4001_8000,235,4000,-1.35790401146e-09,9949,-232.591701925,-232.591701926,-1.35790401146e-09
gap_8001_12000,235,4000,4.47357706435e-10,13949,-347.181063506,-347.181063505,4.47357706435e-10
gap_1_4000,236,4000,0,5949,-20.0117348926,-20.0117348926,0
gap_4001_8000,236,4000,-3.55385054718e-10,9949,-233.33699688,-233.336996881,-3.55385054718e-10
gap_8001_12000,236,4000,-6.8462213676e-10,13949,-348.414049464,-348.414049465,-6.8462213676e-10
gap_1_4000,237,4000,0,5949,-20.0117348926,-20.0117348926,0
gap_4001_8000,237,4000,-7.16170234227e-10,9949,-234.082317286,-234.082317286,-7.16170234227e-10
gap_8001_12000,237,4000,-1.54199142344e-09,13949,-349.647061524,-349.647061525,-1.54199142344e-09
gap_1_4000,238,4000,0,5949,-20.0117348926,-20.0117348926,0
gap_4001_8000,238,4000,-8.07688138593e-10,9949,-234.827662925,-234.827662926,-8.07688138593e-10
gap_8001_12000,238,4000,-1.89584170585e-09,13949,-350.880099468,-350.88009947,-1.89584170585e-09
gap_1_4000,239,4000,-3.5527136788e-15,5949,-20.0117348926,-20.0117348926,-3.5527136788e-15
gap_4001_8000,239,4000,-1.41329792314e-09,9949,-235.573033585,-235.573033586,-1.41329792314e-09
gap_8001_12000,239,4000,1.46087586472e-11,13949,-352.113163086,-352.113163086,1.46087586472e-11
gap_1_4000,240,4000,0,5949,-20.0117348926,-20.0117348926,0
gap_4001_8000,240,4000,-9.22256049307e-10,9949,-236.318429054,-236.318429055,-9.22256049307e-10
gap_8001_12000,240,4000,-3.41111672242e-09,13949,-353.346252157,-353.34625216,-3.41111672242e-09
gap_1_4000,241,4000,0,5949,-20.0117348926,-20.0117348926,0
gap_4001_8000,241,4000,2.00401473194e-10,9949,-237.063849125,-237.063849125,2.00401473194e-10
gap_8001_12000,241,4000,1.73469061338e-09,13949,-354.579366488,-354.579366486,1.73469061338e-09
gap_1_4000,242,4000,0,5949,-20.0117348926,-20.0117348926,0
gap_4001_8000,242,4000,-1.45291778608e-09,9949,-237.809293589,-237.80929359,-1.45291778608e-09
gap_8001_12000,242,4000,4.84703832626e-10,13949,-355.812505857,-355.812505856,4.84703832626e-10
gap_1_4000,243,4000,0,5949,-20.0117348926,-20.0117348926,0
gap_4001_8000,243,4000,-6.78539890941e-10,9949,-238.554762245,-238.554762246,-6.78539890941e-10
gap_8001_12000,243,4000,3.75052877644e-10,13949,-357.045670068,-357.045670068,3.75052877644e-10
gap_1_4000,244,4000,0,5949,-20.0117348926,-20.0117348926,0
gap_4001_8000,244,4000,-3.81305653718e-10,9949,-239.300254891,-239.300254892,-3.81305653718e-10
gap_8001_12000,244,4000,-1.51499079948e-09,13949,-358.278858918,-358.27885892,-1.51499079948e-09
gap_1_4000,245,4000,0,5949,-20.0117348926,-20.0117348926,0
gap_4001_8000,245,4000,-2.20722995437e-10,9949,-240.045771329,-240.045771329,-2.20722995437e-10
gap_8001_12000,245,4000,8.71125394042e-10,13949,-359.512072215,-359.512072214,8.71125394042e-10
gap_1_4000,246,4000,0,5949,-20.0117348926,-20.0117348926,0
gap_4001_8000,246,4000,-1.52738266479e-09,9949,-240.791311361,-240.791311362,-1.52738266479e-09
gap_8001_12000,246,4000,-8.26616997074e-10,13949,-360.745309752,-360.745309753,-8.26616997074e-10
gap_1_4000,247,4000,0,5949,-20.0117348926,-20.0117348926,0
gap_4001_8000,247,4000,-7.17108150639e-10,9949,-241.536874796,-241.536874796,-7.17108150639e-10
gap_8001_12000,247,4000,-3.79259290639e-10,13949,-361.978571344,-361.978571344,-3.79259290639e-10
gap_1_4000,248,4000,0,5949,-20.0117348926,-20.0117348926,0
gap_4001_8000,248,4000,-1.17864829008e-10,9949,-242.282461441,-242.282461441,-1.17864829008e-10
gap_8001_12000,248,4000,-2.49315235124e-09,13949,-363.211856792,-363.211856795,-2.49315235124e-09
gap_1_4000,249,4000,0,5949,-20.0117348926,-20.0117348926,0
gap_4001_8000,249,4000,-6.84195811118e-10,9949,-243.028071106,-243.028071106,-6.84195811118e-10
gap_8001_12000,249,4000,-4.01314537157e-10,13949,-364.445165917,-364.445165917,-4.01314537157e-10
gap_1_4000,250,4000,0,5949,-20.0117348926,-20.0117348926,0
gap_4001_8000,250,4000,-8.58676685311e-10,9949,-243.773703605,-243.773703606,-8.58676685311e-10
gap_8001_12000,250,4000,-1.73639591594e-09,13949,-365.678498522,-365.678498524,-1.73639591594e-09
gap_1_4000,251,4000,0,5949,-20.0117348926,-20.0117348926,0
gap_4001_8000,251,4000,-5.77188075113e-10,9949,-244.519358754,-244.519358754,-5.77188075113e-10
gap_8001_12000,251,4000,-1.19609921967e-09,13949,-366.911854428,-366.911854429,-1.19609921967e-09
gap_1_4000,252,4000,3.5527136788e-15,5949,-20.0117348926,-20.0117348926,3.5527136788e-15
gap_4001_8000,252,4000,-6.30308250038e-10,9949,-245.265036369,-245.265036369,-6.30308250038e-10
gap_8001_12000,252,4000,-6.12601525063e-10,13949,-368.145233451,-368.145233452,-6.12601525063e-10
gap_1_4000,253,4000,3.5527136788e-15,5949,-20.0117348926,-20.0117348926,3.5527136788e-15
gap_4001_8000,253,4000,-1.50598111759e-09,9949,-246.010736269,-246.010736271,-1.50598111759e-09
gap_8001_12000,253,4000,-9.15349573916e-10,13949,-369.37863541,-369.378635411,-9.15349573916e-10
gap_1_4000,254,4000,0,5949,-20.0117348926,-20.0117348926,0
gap_4001_8000,254,4000,-1.79696257874e-09,9949,-246.756458278,-246.75645828,-1.79696257874e-09
gap_8001_12000,254,4000,-4.77712092106e-10,13949,-370.612060127,-370.612060128,-4.77712092106e-10
gap_1_4000,255,4000,0,5949,-20.0117348926,-20.0117348926,0
gap_4001_8000,255,4000,-1.78025061359e-09,9949,-247.50220222,-247.502202221,-1.78025061359e-09
gap_8001_12000,255,4000,-7.7892536865e-10,13949,-371.845507426,-371.845507427,-7.7892536865e-10
gap_1_4000,256,4000,-3.5527136788e-15,5949,-20.0117348926,-20.0117348926,-3.5527136788e-15
gap_4001_8000,256,4000,4.10977918364e-11,9949,-248.24796792,-248.24796792,4.10977918364e-11
gap_8001_12000,256,4000,-3.51320750269e-09,13949,-373.07897713,-373.078977134,-3.51320750269e-09
gap_1_4000,257,4000,-3.5527136788e-15,5949,-20.0117348926,-20.0117348926,-3.5527136788e-15
gap_4001_8000,257,4000,-2.64151367446e-10,9949,-248.993755204,-248.993755205,-2.64151367446e-10
gap_8001_12000,257,4000,1.22781784739e-10,13949,-374.312469076,-374.312469076,1.22781784739e-10
gap_1_4000,258,4000,-3.5527136788e-15,5949,-20.0117348926,-20.0117348926,-3.5527136788e-15
gap_4001_8000,258,4000,-1.60991930898e-09,9949,-249.739563903,-249.739563904,-1.60991930898e-09
gap_8001_12000,258,4000,8.21387402539e-11,13949,-375.545983084,-375.545983084,8.21387402539e-11
gap_1_4000,259,4000,0,5949,-20.0117348926,-20.0117348926,0
gap_4001_8000,259,4000,-1.15889520202e-09,9949,-250.48539385,-250.485393851,-1.15889520202e-09
gap_8001_12000,259,4000,-2.19432649828e-09,13949,-376.779518988,-376.77951899,-2.19432649828e-09
gap_1_4000,260,4000,0,5949,-20.0117348926,-20.0117348926,0
gap_4001_8000,260,4000,-1.14908971227e-09,9949,-251.231244878,-251.231244879,-1.14908971227e-09
gap_8001_12000,260,4000,-1.89487536773e-09,13949,-378.013076624,-378.013076626,-1.89487536773e-09
gap_1_4000,261,4000,0,5949,-20.0117348926,-20.0117348926,0
gap_4001_8000,261,4000,-2.80522272078e-10,9949,-251.977116822,-251.977116823,-2.80522272078e-10
gap_8001_12000,261,4000,-2.03687022804e-09,13949,-379.246655827,-379.246655829,-2.03687022804e-09
gap_1_4000,262,4000,-3.5527136788e-15,5949,-20.0117348926,-20.0117348926,-3.5527136788e-15
gap_4001_8000,262,4000,-3.22671667163e-10,9949,-252.72300952,-252.72300952,-3.22671667163e-10
gap_8001_12000,262,4000,-3.0379396776e-09,13949,-380.480256433,-380.480256436,-3.0379396776e-09
gap_1_4000,263,4000,0,5949,-20.0117348926,-20.0117348926,0
gap_4001_8000,263,4000,8.5427132035e-10,9949,-253.468922812,-253.468922811,8.5427132035e-10
gap_8001_12000,263,4000,-2.65544031208e-09,13949,-381.713878283,-381.713878286,-2.65544031208e-09
gap_1_4000,264,4000,0,5949,-20.0117348926,-20.0117348926,0
gap_4001_8000,264,4000,8.72262262419e-11,9949,-254.214856537,-254.214856537,8.72262262419e-11
gap_8001_12000,264,4000,-2.69358224614e-09,13949,-382.947521218,-382.947521221,-2.69358224614e-09
gap_1_4000,265,4000,3.5527136788e-15,5949,-20.0117348926,-20.0117348926,3.5527136788e-15
gap_4001_8000,265,4000,-1.77038828042e-09,9949,-254.960810537,-254.960810539,-1.77038828042e-09
gap_8001_12000,265,4000,-9.93281901174e-10,13949,-384.181185082,-384.181185083,-9.93281901174e-10
gap_1_4000,266,4000,3.5527136788e-15,5949,-20.0117348926,-20.0117348926,3.5527136788e-15
gap_4001_8000,266,4000,-5.94639004703e-10,9949,-255.706784663,-255.706784663,-5.94639004703e-10
gap_8001_12000,266,4000,-2.98621216643e-09,13949,-385.414869714,-385.414869717,-2.98621216643e-09
gap_1_4000,267,4000,0,5949,-20.0117348926,-20.0117348926,0
gap_4001_8000,267,4000,1.68199676409e-10,9949,-256.452778756,-256.452778756,1.68199676409e-10
gap_8001_12000,267,4000,-2.4170958568e-09,13949,-386.648574967,-386.648574969,-2.4170958568e-09
gap_1_4000,268,4000,0,5949,-20.0117348926,-20.0117348926,0
gap_4001_8000,268,4000,-2.19574758376e-09,9949,-257.198792662,-257.198792665,-2.19574758376e-09
gap_8001_12000,268,4000,-4.9628852139e-09,13949,-387.882300684,-387.882300688,-4.9628852139e-09
gap_1_4000,269,4000,0,5949,-20.0117348926,-20.0117348926,0
gap_4001_8000,269,4000,-3.15424131259e-10,9949,-257.944826239,-257.94482624,-3.15424131259e-10
gap_8001_12000,269,4000,-4.51137793789e-09,13949,-389.116046719,-389.116046724,-4.51137793789e-09
gap_1_4000,270,4000,0,5949,-20.0117348926,-20.0117348926,0
gap_4001_8000,270,4000,6.99799329595e-10,9949,-258.690879333,-258.690879332,6.99799329595e-10
gap_8001_12000,270,4000,-2.07143102671e-09,13949,-390.349812925,-390.349812927,-2.07143102671e-09
gap_1_4000,271,4000,0,5949,-20.0117348926,-20.0117348926,0
gap_4001_8000,271,4000,-5.58827650821e-10,9949,-259.436951794,-259.436951795,-5.58827650821e-10
gap_8001_12000,271,4000,-1.92625293494e-09,13949,-391.583599149,-391.583599151,-1.92625293494e-09
gap_1_4000,272,4000,0,5949,-20.0117348926,-20.0117348926,0
gap_4001_8000,272,4000,5.34726041224e-10,9949,-260.183043483,-260.183043483,5.34726041224e-10
gap_8001_12000,272,4000,-1.76356707016e-09,13949,-392.817405248,-392.817405249,-1.76356707016e-09
gap_1_4000,273,4000,0,5949,-20.0117348926,-20.0117348926,0
gap_4001_8000,273,4000,5.94070570514e-10,9949,-260.929154253,-260.929154252,5.94070570514e-10
gap_8001_12000,273,4000,-1.36589051181e-09,13949,-394.051231079,-394.05123108,-1.36589051181e-09
gap_1_4000,274,4000,-3.5527136788e-15,5949,-20.0117348926,-20.0117348926,-3.5527136788e-15
gap_4001_8000,274,4000,4.22346602136e-11,9949,-261.675283961,-261.675283961,4.22346602136e-11
gap_8001_12000,274,4000,-4.16190459873e-09,13949,-395.285076496,-395.2850765,-4.16190459873e-09
gap_1_4000,275,4000,3.5527136788e-15,5949,-20.0117348926,-20.0117348926,3.5527136788e-15
gap_4001_8000,275,4000,-5.99015947955e-10,9949,-262.421432467,-262.421432468,-5.99015947955e-10
gap_8001_12000,275,4000,-3.04237346427e-09,13949,-396.518941366,-396.518941369,-3.04237346427e-09
gap_1_4000,276,4000,3.5527136788e-15,5949,-20.0117348926,-20.0117348926,3.5527136788e-15
gap_4001_8000,276,4000,-1.5020873434e-09,9949,-263.167599633,-263.167599634,-1.5020873434e-09
gap_8001_12000,276,4000,-3.13372083838e-09,13949,-397.752825544,-397.752825547,-3.13372083838e-09
gap_1_4000,277,4000,0,5949,-20.0117348926,-20.0117348926,0
gap_4001_8000,277,4000,-1.96280325326e-09,9949,-263.91378532,-263.913785322,-1.96280325326e-09
gap_8001_12000,277,4000,-1.46530965139e-09,13949,-398.986728896,-398.986728897,-1.46530965139e-09
gap_1_4000,278,4000,0,5949,-20.0117348926,-20.0117348926,0
gap_4001_8000,278,4000,-1.05035269371e-09,9949,-264.659989395,-264.659989396,-1.05035269371e-09
gap_8001_12000,278,4000,-3.7633753891e-09,13949,-400.220651279,-400.220651283,-3.7633753891e-09
gap_1_4000,279,4000,0,5949,-20.0117348926,-20.0117348926,0
gap_4001_8000,279,4000,-3.1536728784e-10,9949,-265.406211719,-265.40621172,-3.1536728784e-10
gap_8001_12000,279,4000,-3.35580807587e-09,13949,-401.454592566,-401.454592569,-3.35580807587e-09
gap_1_4000,280,4000,0,5949,-20.0117348926,-20.0117348926,0
gap_4001_8000,280,4000,-5.5985083236e-10,9949,-266.152452161,-266.152452161,-5.5985083236e-10
gap_8001_12000,280,4000,-1.06001607492e-09,13949,-402.688552622,-402.688552624,-1.06001607492e-09
gap_1_4000,281,4000,0,5949,-20.0117348926,-20.0117348926,0
gap_4001_8000,281,4000,-2.55204213317e-09,9949,-266.898710585,-266.898710588,-2.55204213317e-09
gap_8001_12000,281,4000,-2.03681338462e-09,13949,-403.922531311,-403.922531313,-2.03681338462e-09
gap_1_4000,282,4000,0,5949,-20.0117348926,-20.0117348926,0
gap_4001_8000,282,4000,-1.34042466016e-09,9949,-267.644986868,-267.64498687,-1.34042466016e-09
gap_8001_12000,282,4000,-9.44794464885e-10,13949,-405.156528507,-405.156528508,-9.44794464885e-10
gap_1_4000,283,4000,0,5949,-20.0117348926,-20.0117348926,0
gap_4001_8000,283,4000,-1.58564716912e-09,9949,-268.391280875,-268.391280877,-1.58564716912e-09
gap_8001_12000,283,4000,-1.08542508315e-09,13949,-406.390544078,-406.390544079,-1.08542508315e-09
gap_1_4000,284,4000,0,5949,-20.0117348926,-20.0117348926,0
gap_4001_8000,284,4000,-3.92105903302e-10,9949,-269.137592482,-269.137592482,-3.92105903302e-10
gap_8001_12000,284,4000,-3.90633658753e-09,13949,-407.624577894,-407.624577898,-3.90633658753e-09
gap_1_4000,285,4000,0,5949,-20.0117348926,-20.0117348926,0
gap_4001_8000,285,4000,1.99520400201e-11,9949,-269.883921559,-269.883921559,1.99520400201e-11
gap_8001_12000,285,4000,-4.62034677184e-09,13949,-408.858629834,-408.858629839,-4.62034677184e-09
gap_1_4000,286,4000,0,5949,-20.0117348926,-20.0117348926,0
gap_4001_8000,286,4000,5.98163296672e-10,9949,-270.630267983,-270.630267982,5.98163296672e-10
gap_8001_12000,286,4000,-2.5150370675e-09,13949,-410.092699773,-410.092699776,-2.5150370675e-09
gap_1_4000,287,4000,-3.5527136788e-15,5949,-20.0117348926,-20.0117348926,-3.5527136788e-15
gap_4001_8000,287,4000,8.1581674749e-10,9949,-271.376631628,-271.376631627,8.1581674749e-10
gap_8001_12000,287,4000,-1.96598648472e-09,13949,-411.326787583,-411.326787585,-1.96598648472e-09
gap_1_4000,288,4000,0,5949,-20.0117348926,-20.0117348926,0
gap_4001_8000,288,4000,-1.39249323183e-09,9949,-272.123012371,-272.123012372,-1.39249323183e-09
gap_8001_12000,288,4000,-2.48303422268e-09,13949,-412.560893142,-412.560893145,-2.48303422268e-09
gap_1_4000,289,4000,3.5527136788e-15,5949,-20.0117348926,-20.0117348926,3.5527136788e-15
gap_4001_8000,289,4000,8.50434389577e-10,9949,-272.869410097,-272.869410096,8.50434389577e-10
gap_8001_12000,289,4000,-3.61023921869e-09,13949,-413.795016329,-413.795016333,-3.61023921869e-09
gap_1_4000,290,4000,0,5949,-20.0117348926,-20.0117348926,0
gap_4001_8000,290,4000,1.72462932824e-10,9949,-273.615824677,-273.615824677,1.72462932824e-10
gap_8001_12000,290,4000,-2.58302179645e-09,13949,-415.029157027,-415.029157029,-2.58302179645e-09
gap_1_4000,291,4000,0,5949,-20.0117348926,-20.0117348926,0
gap_4001_8000,291,4000,4.87546003569e-10,9949,-274.362255999,-274.362255998,4.87546003569e-10
gap_8001_12000,291,4000,-1.58661350724e-09,13949,-416.263315114,-416.263315116,-1.58661350724e-09
gap_1_4000,292,4000,-3.5527136788e-15,5949,-20.0117348926,-20.0117348926,-3.5527136788e-15
gap_4001_8000,292,4000,-3.22302184941e-10,9949,-275.108703941,-275.108703941,-3.22302184941e-10
gap_8001_12000,292,4000,-2.98774693874e-09,13949,-417.497490471,-417.497490474,-2.98774693874e-09
gap_1_4000,293,4000,3.5527136788e-15,5949,-20.0117348926,-20.0117348926,3.5527136788e-15
gap_4001_8000,293,4000,1.59343471751e-09,9949,-275.855168391,-275.855168389,1.59343471751e-09
gap_8001_12000,293,4000,-3.51633389073e-10,13949,-418.731682987,-418.731682987,-3.51633389073e-10
gap_1_4000,294,4000,0,5949,-20.0117348926,-20.0117348926,0
gap_4001_8000,294,4000,-1.11469944386e-10,9949,-276.601649227,-276.601649227,-1.11469944386e-10
gap_8001_12000,294,4000,-1.11748477138e-09,13949,-419.96589254,-419.965892541,-1.11748477138e-09
gap_1_4000,295,4000,0,5949,-20.0117348926,-20.0117348926,0
gap_4001_8000,295,4000,-5.29212229594e-11,9949,-277.34814634,-277.34814634,-5.29212229594e-11
gap_8001_12000,295,4000,-2.09524841921e-10,13949,-421.20011902,-421.200119021,-2.09524841921e-10
gap_1_4000,296,4000,-3.5527136788e-15,5949,-20.0117348926,-20.0117348926,-3.5527136788e-15
gap_4001_8000,296,4000,-7.41749772715e-10,9949,-278.094659616,-278.094659617,-7.41749772715e-10
gap_8001_12000,296,4000,-1.28568444779e-09,13949,-422.434362312,-422.434362313,-1.28568444779e-09
gap_1_4000,297,4000,0,5949,-20.0117348926,-20.0117348926,0
gap_4001_8000,297,4000,-1.03847241917e-09,9949,-278.841188943,-278.841188944,-1.03847241917e-09
gap_8001_12000,297,4000,-6.92409685144e-10,13949,-423.668622307,-423.668622307,-6.92409685144e-10
gap_1_4000,298,4000,3.5527136788e-15,5949,-20.0117348926,-20.0117348926,3.5527136788e-15
gap_4001_8000,298,4000,-1.3182557268e-09,9949,-279.58773421,-279.587734211,-1.3182557268e-09
gap_8001_12000,298,4000,-3.76860498363e-09,13949,-424.902898887,-424.902898891,-3.76860498363e-09
gap_1_4000,299,4000,0,5949,-20.0117348926,-20.0117348926,0
gap_4001_8000,299,4000,-9.22341314435e-10,9949,-280.334295307,-280.334295308,-9.22341314435e-10
gap_8001_12000,299,4000,3.9068481783e-10,13949,-426.137191956,-426.137191956,3.9068481783e-10
gap_1_4000,300,4000,0,5949,-20.0117348926,-20.0117348926,0
gap_4001_8000,300,4000,-8.47876435728e-10,9949,-281.080872127,-281.080872128,-8.47876435728e-10
gap_8001_12000,300,4000,-2.1886421564e-09,13949,-427.37150139,-427.371501393,-2.1886421564e-09
gap_1_4000,301,4000,0,5949,-20.0117348926,-20.0117348926,0
gap_4001_8000,301,4000,-8.37360403239e-10,9949,-281.82746456,-281.827464561,-8.37360403239e-10
gap_8001_12000,301,4000,-9.20692855289e-10,13949,-428.605827093,-428.605827093,-9.20692855289e-10
gap_1_4000,302,4000,3.5527136788e-15,5949,-20.0117348926,-20.0117348926,3.5527136788e-15
gap_4001_8000,302,4000,-8.50434389577e-10,9949,-282.574072501,-282.574072502,-8.50434389577e-10
gap_8001_12000,302,4000,-3.66327412848e-09,13949,-429.840168949,-429.840168953,-3.66327412848e-09
gap_1_4000,303,4000,0,5949,-20.0117348926,-20.0117348926,0
gap_4001_8000,303,4000,-2.29033503274e-09,9949,-283.320695843,-283.320695846,-2.29033503274e-09
gap_8001_12000,303,4000,-9.99989424599e-10,13949,-431.074526863,-431.074526864,-9.99989424599e-10
gap_1_4000,304,4000,0,5949,-20.0117348926,-20.0117348926,0
gap_4001_8000,304,4000,-1.45956846609e-09,9949,-284.067334486,-284.067334487,-1.45956846609e-09
gap_8001_12000,304,4000,-2.776346264e-09,13949,-432.308900722,-432.308900724,-2.776346264e-09
gap_1_4000,305,4000,0,5949,-20.0117348926,-20.0117348926,0
gap_4001_8000,305,4000,-5.08407538291e-10,9949,-284.813988323,-284.813988323,-5.08407538291e-10
gap_8001_12000,305,4000,-1.67818825503e-09,13949,-433.543290427,-433.543290429,-1.67818825503e-09
gap_1_4000,306,4000,0,5949,-20.0117348926,-20.0117348926,0
gap_4001_8000,306,4000,-1.59531055033e-09,9949,-285.56065725,-285.560657251,-1.59531055033e-09
gap_8001_12000,306,4000,-3.84426357414e-09,13949,-434.777695872,-434.777695876,-3.84426357414e-09
gap_1_4000,307,4000,3.5527136788e-15,5949,-20.0117348926,-20.0117348926,3.5527136788e-15
gap_4001_8000,307,4000,-1.24151711134e-09,9949,-286.307341169,-286.30734117,-1.24151711134e-09
gap_8001_12000,307,4000,-3.40963879353e-09,13949,-436.012116961,-436.012116964,-3.40963879353e-09
gap_1_4000,308,4000,0,5949,-20.0117348926,-20.0117348926,0
gap_4001_8000,308,4000,-1.23947074826e-09,9949,-287.054039978,-287.054039979,-1.23947074826e-09
gap_8001_12000,308,4000,-3.94663857151e-10,13949,-437.246553592,-437.246553592,-3.94663857151e-10
gap_1_4000,309,4000,0,5949,-20.0117348926,-20.0117348926,0
gap_4001_8000,309,4000,-3.84034137824e-10,9949,-287.800753579,-287.800753579,-3.84034137824e-10
gap_8001_12000,309,4000,-1.81881887329e-09,13949,-438.48100566,-438.481005662,-1.81881887329e-09
gap_1_4000,310,4000,0,5949,-20.0117348926,-20.0117348926,0
gap_4001_8000,310,4000,-7.53175299906e-10,9949,-288.54748187,-288.547481871,-7.53175299906e-10
gap_8001_12000,310,4000,-1.85610815606e-09,13949,-439.715473072,-439.715473074,-1.85610815606e-09
gap_1_4000,311,4000,0,5949,-20.0117348926,-20.0117348926,0
gap_4001_8000,311,4000,-2.66538791038e-10,9949,-289.294224758,-289.294224758,-2.66538791038e-10
gap_8001_12000,311,4000,-2.21359641728e-09,13949,-440.949955729,-440.949955731,-2.21359641728e-09
gap_1_4000,312,4000,0,5949,-20.0117348926,-20.0117348926,0
gap_4001_8000,312,4000,1.20394361147e-09,9949,-290.040982144,-290.040982143,1.20394361147e-09
gap_8001_12000,312,4000,-1.72758518602e-09,13949,-442.184453535,-442.184453536,-1.72758518602e-09
gap_1_4000,313,4000,0,5949,-20.0117348926,-20.0117348926,0
gap_4001_8000,313,4000,-3.70278030459e-10,9949,-290.787753929,-290.78775393,-3.70278030459e-10
gap_8001_12000,313,4000,1.11117515189e-09,13949,-443.418966395,-443.418966394,1.11117515189e-09
gap_1_4000,314,4000,0,5949,-20.0117348926,-20.0117348926,0
gap_4001_8000,314,4000,3.50325990439e-10,9949,-291.534540024,-291.534540024,3.50325990439e-10
gap_8001_12000,314,4000,-1.66301106219e-09,13949,-444.653494208,-444.65349421,-1.66301106219e-09
gap_1_4000,315,4000,0,5949,-20.0117348926,-20.0117348926,0
gap_4001_8000,315,4000,5.05337993673e-10,9949,-292.281340333,-292.281340332,5.05337993673e-10
gap_8001_12000,315,4000,4.8601123126e-10,13949,-445.88803689,-445.888036889,4.8601123126e-10
gap_1_4000,316,4000,-3.5527136788e-15,5949,-20.0117348926,-20.0117348926,-3.5527136788e-15
gap_4001_8000,316,4000,1.13004716695e-09,9949,-293.028154761,-293.02815476,1.13004716695e-09
gap_8001_12000,316,4000,-2.40487452174e-09,13949,-447.122594336,-447.122594339,-2.40487452174e-09
gap_1_4000,317,4000,0,5949,-20.0117348926,-20.0117348926,0
gap_4001_8000,317,4000,-1.05035269371e-09,9949,-293.774983215,-293.774983216,-1.05035269371e-09
gap_8001_12000,317,4000,1.30876287585e-09,13949,-448.357166469,-448.357166467,1.30876287585e-09
gap_1_4000,318,4000,0,5949,-20.0117348926,-20.0117348926,0
gap_4001_8000,318,4000,-2.86206613964e-10,9949,-294.521825609,-294.521825609,-2.86206613964e-10
gap_8001_12000,318,4000,1.75703007699e-10,13949,-449.591753183,-449.591753182,1.75703007699e-10
gap_1_4000,319,4000,0,5949,-20.0117348926,-20.0117348926,0
gap_4001_8000,319,4000,-3.95061761083e-11,9949,-295.268681849,-295.268681849,-3.95061761083e-11
gap_8001_12000,319,4000,-1.7835759536e-09,13949,-450.826354393,-450.826354395,-1.7835759536e-09
gap_1_4000,320,4000,0,5949,-20.0117348926,-20.0117348926,0
gap_4001_8000,320,4000,-2.03857553061e-09,9949,-296.015551843,-296.015551845,-2.03857553061e-09
gap_8001_12000,320,4000,-2.9418174563e-09,13949,-452.06097001,-452.060970013,-2.9418174563e-09
gap_1_4000,321,4000,0,5949,-20.0117348926,-20.0117348926,0
gap_4001_8000,321,4000,4.68730831926e-10,9949,-296.762435509,-296.762435509,4.68730831926e-10
gap_8001_12000,321,4000,-1.16705223263e-09,13949,-453.295599949,-453.29559995,-1.16705223263e-09
gap_1_4000,322,4000,3.5527136788e-15,5949,-20.0117348926,-20.0117348926,3.5527136788e-15
gap_4001_8000,322,4000,-1.27943167172e-09,9949,-297.509332751,-297.509332752,-1.27943167172e-09
gap_8001_12000,322,4000,-2.08211758945e-09,13949,-454.530244115,-454.530244117,-2.08211758945e-09
gap_1_4000,323,4000,0,5949,-20.0117348926,-20.0117348926,0
gap_4001_8000,323,4000,-1.95399252334e-09,9949,-298.256243486,-298.256243488,-1.95399252334e-09
gap_8001_12000,323,4000,-5.32963895239e-10,13949,-455.764902426,-455.764902426,-5.32963895239e-10
gap_1_4000,324,4000,0,5949,-20.0117348926,-20.0117348926,0
gap_4001_8000,324,4000,-1.23907284433e-09,9949,-299.003167629,-299.00316763,-1.23907284433e-09
gap_8001_12000,324,4000,7.90294052422e-10,13949,-456.999574793,-456.999574792,7.90294052422e-10
gap_1_4000,325,4000,-3.5527136788e-15,5949,-20.0117348926,-20.0117348926,-3.5527136788e-15
gap_4001_8000,325,4000,1.18802745419e-09,9949,-299.750105093,-299.750105092,1.18802745419e-09
gap_8001_12000,325,4000,-1.34502897708e-09,13949,-458.234261127,-458.234261129,-1.34502897708e-09
gap_1_4000,326,4000,3.5527136788e-15,5949,-20.0117348926,-20.0117348926,3.5527136788e-15
gap_4001_8000,326,4000,6.28972429695e-10,9949,-300.497055791,-300.49705579,6.28972429695e-10
gap_8001_12000,326,4000,-9.80890035862e-10,13949,-459.46896135,-459.468961351,-9.80890035862e-10
gap_1_4000,327,4000,0,5949,-20.0117348926,-20.0117348926,0
gap_4001_8000,327,4000,-1.94438598555e-09,9949,-301.244019637,-301.244019639,-1.94438598555e-09
gap_8001_12000,327,4000,-3.10478753818e-10,13949,-460.703675375,-460.703675375,-3.10478753818e-10
gap_1_4000,328,4000,0,5949,-20.0117348926,-20.0117348926,0
gap_4001_8000,328,4000,-8.88519480213e-10,9949,-301.990996556,-301.990996557,-8.88519480213e-10
gap_8001_12000,328,4000,-1.09702114059e-09,13949,-461.938403117,-461.938403118,-1.09702114059e-09
gap_1_4000,329,4000,0,5949,-20.0117348926,-20.0117348926,0
gap_4001_8000,329,4000,4.14388523495e-10,9949,-302.73798646,-302.737986459,4.14388523495e-10
gap_8001_12000,329,4000,-1.57888280228e-09,13949,-463.173144494,-463.173144496,-1.57888280228e-09
gap_1_4000,330,4000,0,5949,-20.0117348926,-20.0117348926,0
gap_4001_8000,330,4000,-6.87293777446e-10,9949,-303.484989265,-303.484989265,-6.87293777446e-10
gap_8001_12000,330,4000,-1.86724946616e-09,13949,-464.407899426,-464.407899428,-1.86724946616e-09
gap_1_4000,331,4000,3.5527136788e-15,5949,-20.0117348926,-20.0117348926,3.5527136788e-15
gap_4001_8000,331,4000,-7.16227077646e-11,9949,-304.232004894,-304.232004894,-7.16227077646e-11
gap_8001_12000,331,4000,-1.68643055076e-09,13949,-465.64266783,-465.642667832,-1.68643055076e-09
gap_1_4000,332,4000,0,5949,-20.0117348926,-20.0117348926,0
gap_4001_8000,332,4000,5.75596459385e-10,9949,-304.979033265,-304.979033264,5.75596459385e-10
gap_8001_12000,332,4000,-1.51442236529e-09,13949,-466.877449627,-466.877449629,-1.51442236529e-09
gap_1_4000,333,4000,0,5949,-20.0117348926,-20.0117348926,0
gap_4001_8000,333,4000,-1.42836142913e-09,9949,-305.726074296,-305.726074297,-1.42836142913e-09
gap_8001_12000,333,4000,-1.2573764252e-09,13949,-468.112244737,-468.112244738,-1.2573764252e-09
gap_1_4000,334,4000,0,5949,-20.0117348926,-20.0117348926,0
gap_4001_8000,334,4000,5.9628746385e-11,9949,-306.473127913,-306.473127913,5.9628746385e-11
gap_8001_12000,334,4000,-2.05585592994e-09,13949,-469.34705308,-469.347053082,-2.05585592994e-09
gap_1_4000,335,4000,0,5949,-20.0117348926,-20.0117348926,0
gap_4001_8000,335,4000,6.40625330561e-11,9949,-307.220194034,-307.220194034,6.40625330561e-11
gap_8001_12000,335,4000,1.31308297568e-10,13949,-470.58187458,-470.58187458,1.31308297568e-10
gap_1_4000,336,4000,3.5527136788e-15,5949,-20.0117348926,-20.0117348926,3.5527136788e-15
gap_4001_8000,336,4000,5.18241449754e-10,9949,-307.967272583,-307.967272583,5.18241449754e-10
gap_8001_12000,336,4000,2.45449882641e-10,13949,-471.816709156,-471.816709156,2.45449882641e-10
gap_1_4000,337,4000,0,5949,-20.0117348926,-20.0117348926,0
gap_4001_8000,337,4000,3.3480773709e-11,9949,-308.714363482,-308.714363482,3.3480773709e-11
gap_8001_12000,337,4000,-6.58587850921e-10,13949,-473.051556732,-473.051556733,-6.58587850921e-10
gap_1_4000,338,4000,0,5949,-20.0117348926,-20.0117348926,0
gap_4001_8000,338,4000,-3.24916982208e-10,9949,-309.461466654,-309.461466654,-3.24916982208e-10
gap_8001_12000,338,4000,-3.71358055418e-10,13949,-474.286417233,-474.286417234,-3.71358055418e-10
gap_1_4000,339,4000,0,5949,-20.0117348926,-20.0117348926,0
gap_4001_8000,339,4000,-1.04409991764e-09,9949,-310.208582025,-310.208582026,-1.04409991764e-09
gap_8001_12000,339,4000,-1.50919277075e-10,13949,-475.521290584,-475.521290584,-1.50919277075e-10
gap_1_4000,340,4000,0,5949,-20.0117348926,-20.0117348926,0
gap_4001_8000,340,4000,-4.55486315332e-10,9949,-310.95570952,-310.955709521,-4.55486315332e-10
gap_8001_12000,340,4000,-1.47048240251e-09,13949,-476.756176706,-476.756176707,-1.47048240251e-09
gap_1_4000,341,4000,0,5949,-20.0117348926,-20.0117348926,0
gap_4001_8000,341,4000,-9.80037384579e-10,9949,-311.702849064,-311.702849065,-9.80037384579e-10
gap_8001_12000,341,4000,1.27670318761e-10,13949,-477.991075531,-477.991075531,1.27670318761e-10
gap_1_4000,342,4000,-3.5527136788e-15,5949,-20.0117348926,-20.0117348926,-3.5527136788e-15
gap_4001_8000,342,4000,-1.16830278785e-09,9949,-312.450000584,-312.450000585,-1.16830278785e-09
gap_8001_12000,342,4000,-5.34328137292e-10,13949,-479.225986979,-479.22598698,-5.34328137292e-10
gap_1_4000,343,4000,0,5949,-20.0117348926,-20.0117348926,0
gap_4001_8000,343,4000,-2.65191602011e-09,9949,-313.197164004,-313.197164007,-2.65191602011e-09
gap_8001_12000,343,4000,-1.70695102497e-09,13949,-480.460910981,-480.460910983,-1.70695102497e-09
gap_1_4000,344,4000,3.5527136788e-15,5949,-20.0117348926,-20.0117348926,3.5527136788e-15
gap_4001_8000,344,4000,-8.17749423732e-10,9949,-313.944339259,-313.944339259,-8.17749423732e-10
gap_8001_12000,344,4000,-2.00202521228e-10,13949,-481.695847465,-481.695847465,-2.00202521228e-10
gap_1_4000,345,4000,0,5949,-20.0117348926,-20.0117348926,0
gap_4001_8000,345,4000,-6.31018792774e-10,9949,-314.691526269,-314.69152627,-6.31018792774e-10
gap_8001_12000,345,4000,-2.07074890568e-09,13949,-482.930796354,-482.930796356,-2.07074890568e-09
gap_1_4000,346,4000,0,5949,-20.0117348926,-20.0117348926,0
gap_4001_8000,346,4000,-1.10071596282e-09,9949,-315.438724967,-315.438724968,-1.10071596282e-09
gap_8001_12000,346,4000,-3.21711013385e-09,13949,-484.165757581,-484.165757584,-3.21711013385e-09
gap_1_4000,347,4000,0,5949,-20.0117348926,-20.0117348926,0
gap_4001_8000,347,4000,-1.49810830408e-09,9949,-316.185935281,-316.185935282,-1.49810830408e-09
gap_8001_12000,347,4000,-3.05698222292e-09,13949,-485.400731077,-485.40073108,-3.05698222292e-09
gap_1_4000,348,4000,0,5949,-20.0117348926,-20.0117348926,0
gap_4001_8000,348,4000,-1.5937189346e-09,9949,-316.933157141,-316.933157143,-1.5937189346e-09
gap_8001_12000,348,4000,9.52127265919e-11,13949,-486.635716773,-486.635716773,9.52127265919e-11
gap_1_4000,349,4000,3.5527136788e-15,5949,-20.0117348926,-20.0117348926,3.5527136788e-15
gap_4001_8000,349,4000,-1.18518528325e-10,9949,-317.680390481,-317.680390482,-1.18518528325e-10
gap_8001_12000,349,4000,-2.87707280222e-09,13949,-487.87071459,-487.870714593,-2.87707280222e-09
gap_1_4000,350,4000,0,5949,-20.0117348926,-20.0117348926,0
gap_4001_8000,350,4000,6.30507202004e-10,9949,-318.427635229,-318.427635228,6.30507202004e-10
gap_8001_12000,350,4000,-3.03111846733e-09,13949,-489.105724468,-489.105724471,-3.03111846733e-09
gap_1_4000,351,4000,0,5949,-20.0117348926,-20.0117348926,0
gap_4001_8000,351,4000,-4.14217993239e-10,9949,-319.174891314,-319.174891314,-4.14217993239e-10
gap_8001_12000,351,4000,-2.50975062954e-09,13949,-490.340746338,-490.340746341,-2.50975062954e-09
gap_1_4000,352,4000,0,5949,-20.0117348926,-20.0117348926,0
gap_4001_8000,352,4000,2.14015472011e-10,9949,-319.922158674,-319.922158673,2.14015472011e-10
gap_8001_12000,352,4000,-2.18705054067e-09,13949,-491.57578013,-491.575780132,-2.18705054067e-09
gap_1_4000,353,4000,0,5949,-20.0117348926,-20.0117348926,0
gap_4001_8000,353,4000,2.73757905234e-10,9949,-320.669437238,-320.669437238,2.73757905234e-10
gap_8001_12000,353,4000,-3.26969029629e-09,13949,-492.810825776,-492.81082578,-3.26969029629e-09
gap_1_4000,354,4000,0,5949,-20.0117348926,-20.0117348926,0
gap_4001_8000,354,4000,-6.99287738826e-10,9949,-321.41672694,-321.416726941,-6.99287738826e-10
gap_8001_12000,354,4000,-9.98568339128e-10,13949,-494.045883215,-494.045883216,-9.98568339128e-10
gap_1_4000,355,4000,0,5949,-20.0117348926,-20.0117348926,0
gap_4001_8000,355,4000,8.2081896835e-11,9949,-322.164027717,-322.164027717,8.2081896835e-11
gap_8001_12000,355,4000,-1.03301545096e-09,13949,-495.280952375,-495.280952376,-1.03301545096e-09
gap_1_4000,356,4000,0,5949,-20.0117348926,-20.0117348926,0
gap_4001_8000,356,4000,-3.01611180475e-10,9949,-322.9113395,-322.9113395,-3.01611180475e-10
gap_8001_12000,356,4000,-4.14149781136e-09,13949,-496.51603319,-496.516033194,-4.14149781136e-09
gap_1_4000,357,4000,-3.5527136788e-15,5949,-20.0117348926,-20.0117348926,-3.5527136788e-15
gap_4001_8000,357,4000,9.5951691037e-11,9949,-323.658662226,-323.658662226,9.5951691037e-11
gap_8001_12000,357,4000,-1.89857018995e-09,13949,-497.751125602,-497.751125604,-1.89857018995e-09
gap_1_4000,358,4000,0,5949,-20.0117348926,-20.0117348926,0
gap_4001_8000,358,4000,-1.20496679301e-09,9949,-324.405995829,-324.40599583,-1.20496679301e-09
gap_8001_12000,358,4000,-1.42142653203e-09,13949,-498.986229542,-498.986229543,-1.42142653203e-09
gap_1_4000,359,4000,3.5527136788e-15,5949,-20.0117348926,-20.0117348926,3.5527136788e-15
gap_4001_8000,359,4000,-1.0307417142e-09,9949,-325.153340247,-325.153340248,-1.0307417142e-09
gap_8001_12000,359,4000,-2.41954012381e-09,13949,-500.221344944,-500.221344947,-2.41954012381e-09
gap_1_4000,360,4000,0,5949,-20.0117348926,-20.0117348926,0
gap_4001_8000,360,4000,3.86648935091e-10,9949,-325.900695417,-325.900695417,3.86648935091e-10
gap_8001_12000,360,4000,-3.34409833158e-09,13949,-501.456471747,-501.456471751,-3.34409833158e-09
gap_1_4000,361,4000,0,5949,-20.0117348926,-20.0117348926,0
gap_4001_8000,361,4000,-2.06517825063e-09,9949,-326.648061272,-326.648061274,-2.06517825063e-09
gap_8001_12000,361,4000,-1.91965909835e-09,13949,-502.691609892,-502.691609894,-1.91965909835e-09
gap_1_4000,362,4000,0,5949,-20.0117348926,-20.0117348926,0
gap_4001_8000,362,4000,-6.70013378112e-10,9949,-327.395437756,-327.395437756,-6.70013378112e-10
gap_8001_12000,362,4000,-4.43492353952e-10,13949,-503.926759312,-503.926759313,-4.43492353952e-10
gap_1_4000,363,4000,0,5949,-20.0117348926,-20.0117348926,0
gap_4001_8000,363,4000,-1.79005610335e-09,9949,-328.142824801,-328.142824803,-1.79005610335e-09
gap_8001_12000,363,4000,-3.1485569707e-10,13949,-505.161919946,-505.161919947,-3.1485569707e-10
gap_1_4000,364,4000,0,5949,-20.0117348926,-20.0117348926,0
gap_4001_8000,364,4000,1.0726353139e-10,9949,-328.890222352,-328.890222352,1.0726353139e-10
gap_8001_12000,364,4000,-3.40611450156e-09,13949,-506.397091729,-506.397091732,-3.40611450156e-09
gap_1_4000,365,4000,0,5949,-20.0117348926,-20.0117348926,0
gap_4001_8000,365,4000,1.47110768012e-10,9949,-329.637630343,-329.637630343,1.47110768012e-10
gap_8001_12000,365,4000,-7.69603047956e-10,13949,-507.63227461,-507.632274611,-7.69603047956e-10
gap_1_4000,366,4000,0,5949,-20.0117348926,-20.0117348926,0
gap_4001_8000,366,4000,-6.43581188342e-10,9949,-330.385048715,-330.385048716,-6.43581188342e-10
gap_8001_12000,366,4000,-1.96143901121e-09,13949,-508.86746852,-508.867468522,-1.96143901121e-09
gap_1_4000,367,4000,0,5949,-20.0117348926,-20.0117348926,0
gap_4001_8000,367,4000,-2.61786681222e-09,9949,-331.132477408,-331.13247741,-2.61786681222e-09
gap_8001_12000,367,4000,-1.31456090458e-09,13949,-510.102673403,-510.102673404,-1.31456090458e-09
gap_1_4000,368,4000,0,5949,-20.0117348926,-20.0117348926,0
gap_4001_8000,368,4000,-1.61384150488e-09,9949,-331.879916365,-331.879916366,-1.61384150488e-09
gap_8001_12000,368,4000,-3.50917161995e-09,13949,-511.337889196,-511.337889199,-3.50917161995e-09
gap_1_4000,369,4000,0,5949,-20.0117348926,-20.0117348926,0
gap_4001_8000,369,4000,6.45741238259e-11,9949,-332.627365526,-332.627365526,6.45741238259e-11
gap_8001_12000,369,4000,-4.58453541796e-09,13949,-512.573115843,-512.573115848,-4.58453541796e-09
gap_1_4000,370,4000,0,5949,-20.0117348926,-20.0117348926,0
gap_4001_8000,370,4000,-9.71965619101e-10,9949,-333.37482483,-333.374824831,-9.71965619101e-10
gap_8001_12000,370,4000,7.8887296695e-10,13949,-513.808353293,-513.808353292,7.8887296695e-10
gap_1_4000,371,4000,0,5949,-20.0117348926,-20.0117348926,0
gap_4001_8000,371,4000,5.61044544156e-11,9949,-334.122294223,-334.122294223,5.61044544156e-11
gap_8001_12000,371,4000,-1.1675638234e-10,13949,-515.043601473,-515.043601473,-1.1675638234e-10
gap_1_4000,372,4000,0,5949,-20.0117348926,-20.0117348926,0
gap_4001_8000,372,4000,-1.73440639628e-09,9949,-334.869773642,-334.869773644,-1.73440639628e-09
gap_8001_12000,372,4000,-2.33194441535e-09,13949,-516.278860332,-516.278860334,-2.33194441535e-09
gap_1_4000,373,4000,-3.5527136788e-15,5949,-20.0117348926,-20.0117348926,-3.5527136788e-15
gap_4001_8000,373,4000,-7.96717358753e-10,9949,-335.617263037,-335.617263038,-7.96717358753e-10
gap_8001_12000,373,4000,-6.83940015733e-10,13949,-517.514129818,-517.514129819,-6.83940015733e-10
gap_1_4000,374,4000,-3.5527136788e-15,5949,-20.0117348926,-20.0117348926,-3.5527136788e-15
gap_4001_8000,374,4000,2.25327312364e-10,9949,-336.364762347,-336.364762347,2.25327312364e-10
gap_8001_12000,374,4000,-1.48179424286e-09,13949,-518.749409867,-518.749409868,-1.48179424286e-09
gap_1_4000,375,4000,0,5949,-20.0117348926,-20.0117348926,0
gap_4001_8000,375,4000,4.09329459217e-10,9949,-337.112271516,-337.112271516,4.09329459217e-10
gap_8001_12000,375,4000,-7.80346454121e-10,13949,-519.984700428,-519.984700428,-7.80346454121e-10
gap_1_4000,376,4000,0,5949,-20.0117348926,-20.0117348926,0
gap_4001_8000,376,4000,-9.14781139727e-10,9949,-337.859790487,-337.859790488,-9.14781139727e-10
gap_8001_12000,376,4000,5.76392267249e-11,13949,-521.220001443,-521.220001442,5.76392267249e-11
gap_1_4000,377,4000,0,5949,-20.0117348926,-20.0117348926,0
gap_4001_8000,377,4000,-1.49356083057e-09,9949,-338.607319208,-338.60731921,-1.49356083057e-09
gap_8001_12000,377,4000,-1.52886059368e-09,13949,-522.455312855,-522.455312856,-1.52886059368e-09
gap_1_4000,378,4000,0,5949,-20.0117348926,-20.0117348926,0
gap_4001_8000,378,4000,-1.73577063833e-09,9949,-339.354857623,-339.354857625,-1.73577063833e-09
gap_8001_12000,378,4000,-2.76702394331e-09,13949,-523.690634611,-523.690634614,-2.76702394331e-09
gap_1_4000,379,4000,-3.5527136788e-15,5949,-20.0117348926,-20.0117348926,-3.5527136788e-15
gap_4001_8000,379,4000,-5.96173777012e-10,9949,-340.102405678,-340.102405679,-5.96173777012e-10
gap_8001_12000,379,4000,-1.41653799801e-09,13949,-524.925966659,-524.92596666,-1.41653799801e-09
gap_1_4000,380,4000,-3.5527136788e-15,5949,-20.0117348926,-20.0117348926,-3.5527136788e-15
gap_4001_8000,380,4000,-1.27772636915e-09,9949,-340.849963317,-340.849963318,-1.27772636915e-09
gap_8001_12000,380,4000,-3.0976252674e-09,13949,-526.16130894,-526.161308943,-3.0976252674e-09
gap_1_4000,381,4000,0,5949,-20.0117348926,-20.0117348926,0
gap_4001_8000,381,4000,2.58410182141e-10,9949,-341.597530489,-341.597530489,2.58410182141e-10
gap_8001_12000,381,4000,-1.62151536642e-09,13949,-527.396661406,-527.396661407,-1.62151536642e-09
gap_1_4000,382,4000,0,5949,-20.0117348926,-20.0117348926,0
gap_4001_8000,382,4000,-2.12975237446e-09,9949,-342.345107136,-342.345107138,-2.12975237446e-09
gap_8001_12000,382,4000,-8.90054252523e-10,13949,-528.632023999,-528.632024,-8.90054252523e-10
gap_1_4000,383,4000,0,5949,-20.0117348926,-20.0117348926,0
gap_4001_8000,383,4000,-5.06020114699e-10,9949,-343.092693213,-343.092693213,-5.06020114699e-10
gap_8001_12000,383,4000,-2.21473328565e-09,13949,-529.867396667,-529.86739667,-2.21473328565e-09
gap_1_4000,384,4000,0,5949,-20.0117348926,-20.0117348926,0
gap_4001_8000,384,4000,-1.06768993646e-09,9949,-343.84028866,-343.840288661,-1.06768993646e-09
gap_8001_12000,384,4000,1.03068487078e-09,13949,-531.102779363,-531.102779362,1.03068487078e-09
gap_1_4000,385,4000,0,5949,-20.0117348926,-20.0117348926,0
gap_4001_8000,385,4000,-1.28738975036e-09,9949,-344.587893429,-344.58789343,-1.28738975036e-09
gap_8001_12000,385,4000,-2.21211848839e-09,13949,-532.338172025,-532.338172027,-2.21211848839e-09
gap_1_4000,386,4000,0,5949,-20.0117348926,-20.0117348926,0
gap_4001_8000,386,4000,-8.02401700639e-10,9949,-345.335507468,-345.335507469,-8.02401700639e-10
gap_8001_12000,386,4000,-4.35079527961e-10,13949,-533.57357461,-533.573574611,-4.35079527961e-10
gap_1_4000,387,4000,0,5949,-20.0117348926,-20.0117348926,0
gap_4001_8000,387,4000,-1.75862169272e-09,9949,-346.083130724,-346.083130726,-1.75862169272e-09
gap_8001_12000,387,4000,-3.14457793138e-09,13949,-534.808987061,-534.808987064,-3.14457793138e-09
gap_1_4000,388,4000,0,5949,-20.0117348926,-20.0117348926,0
gap_4001_8000,388,4000,-6.47332853987e-10,9949,-346.83076315,-346.83076315,-6.47332853987e-10
gap_8001_12000,388,4000,-1.36685684993e-09,13949,-536.044409333,-536.044409335,-1.36685684993e-09
gap_1_4000,389,4000,0,5949,-20.0117348926,-20.0117348926,0
gap_4001_8000,389,4000,-4.40707026428e-10,9949,-347.578404691,-347.578404691,-4.40707026428e-10
gap_8001_12000,389,4000,-5.60476109968e-11,13949,-537.279841372,-537.279841372,-5.60476109968e-11
gap_1_4000,390,4000,0,5949,-20.0117348926,-20.0117348926,0
gap_4001_8000,390,4000,-4.0864733819e-10,9949,-348.326055299,-348.3260553,-4.0864733819e-10
gap_8001_12000,390,4000,-9.09835762286e-10,13949,-538.515283127,-538.515283128,-9.09835762286e-10
gap_1_4000,391,4000,0,5949,-20.0117348926,-20.0117348926,0
gap_4001_8000,391,4000,-4.78735273646e-10,9949,-349.073714925,-349.073714925,-4.78735273646e-10
gap_8001_12000,391,4000,-1.60196123034e-09,13949,-539.750734549,-539.750734551,-1.60196123034e-09
gap_1_4000,392,4000,0,5949,-20.0117348926,-20.0117348926,0
gap_4001_8000,392,4000,-4.67821337224e-10,9949,-349.821383519,-349.821383519,-4.67821337224e-10
gap_8001_12000,392,4000,-2.61604782281e-09,13949,-540.986195591,-540.986195593,-2.61604782281e-09
gap_1_4000,393,4000,0,5949,-20.0117348926,-20.0117348926,0
gap_4001_8000,393,4000,-1.12487441584e-09,9949,-350.56906103,-350.569061031,-1.12487441584e-09
gap_8001_12000,393,4000,-1.45860212797e-09,13949,-542.221666202,-542.221666203,-1.45860212797e-09
gap_1_4000,394,4000,-3.5527136788e-15,5949,-20.0117348926,-20.0117348926,-3.5527136788e-15
gap_4001_8000,394,4000,-1.49753986989e-09,9949,-351.316747413,-351.316747414,-1.49753986989e-09
gap_8001_12000,394,4000,-1.07206687971e-10,13949,-543.457146335,-543.457146335,-1.07206687971e-10
gap_1_4000,395,4000,-3.5527136788e-15,5949,-20.0117348926,-20.0117348926,-3.5527136788e-15
gap_4001_8000,395,4000,-5.90716808802e-10,9949,-352.064442619,-352.064442619,-5.90716808802e-10
gap_8001_12000,395,4000,-1.9749677449e-09,13949,-544.692635938,-544.692635939,-1.9749677449e-09
gap_1_4000,396,4000,0,5949,-20.0117348926,-20.0117348926,0
gap_4001_8000,396,4000,2.46586751018e-10,9949,-352.812146599,-352.812146599,2.46586751018e-10
gap_8001_12000,396,4000,-1.12220277515e-09,13949,-545.928134967,-545.928134968,-1.12220277515e-09
gap_1_4000,397,4000,0,5949,-20.0117348926,-20.0117348926,0
gap_4001_8000,397,4000,-3.79145603802e-10,9949,-353.559859304,-353.559859304,-3.79145603802e-10
gap_8001_12000,397,4000,-1.62594915309e-09,13949,-547.163643372,-547.163643374,-1.62594915309e-09
gap_1_4000,398,4000,0,5949,-20.0117348926,-20.0117348926,0
gap_4001_8000,398,4000,6.97411906003e-10,9949,-354.30758069,-354.307580689,6.97411906003e-10
gap_8001_12000,398,4000,4.47130332759e-10,13949,-548.39916111,-548.399161109,4.47130332759e-10
gap_1_4000,399,4000,0,5949,-20.0117348926,-20.0117348926,0
gap_4001_8000,399,4000,-1.0271037354e-09,9949,-355.055310707,-355.055310708,-1.0271037354e-09
gap_8001_12000,399,4000,-1.54693680088e-09,13949,-549.634688127,-549.634688129,-1.54693680088e-09
gap_1_4000,400,4000,0,5949,-20.0117348926,-20.0117348926,0
gap_4001_8000,400,4000,-1.64038738149e-09,9949,-355.803049309,-355.803049311,-1.64038738149e-09
gap_8001_12000,400,4000,-1.34764377435e-09,13949,-550.870224382,-550.870224383,-1.34764377435e-09
gap_1_4000,401,4000,3.5527136788e-15,5949,-20.0117348926,-20.0117348926,3.5527136788e-15
gap_4001_8000,401,4000,-2.59234411715e-09,9949,-356.550796452,-356.550796455,-2.59234411715e-09
gap_8001_12000,401,4000,-1.27704424813e-09,13949,-552.105769827,-552.105769829,-1.27704424813e-09
gap_1_4000,402,4000,0,5949,-20.0117348926,-20.0117348926,0
gap_4001_8000,402,4000,-1.36299149744e-09,9949,-357.298552091,-357.298552092,-1.36299149744e-09
gap_8001_12000,402,4000,2.00759586733e-09,13949,-553.341324421,-553.341324419,2.00759586733e-09
gap_1_4000,403,4000,0,5949,-20.0117348926,-20.0117348926,0
gap_4001_8000,403,4000,-1.68063252204e-09,9949,-358.046316178,-358.04631618,-1.68063252204e-09
gap_8001_12000,403,4000,-5.46492628928e-10,13949,-554.576888108,-554.576888108,-5.46492628928e-10
gap_1_4000,404,4000,0,5949,-20.0117348926,-20.0117348926,0
gap_4001_8000,404,4000,-1.37782762977e-09,9949,-358.794088668,-358.794088669,-1.37782762977e-09
gap_8001_12000,404,4000,-1.09412212623e-09,13949,-555.81246085,-555.812460851,-1.09412212623e-09
gap_1_4000,405,4000,0,5949,-20.0117348926,-20.0117348926,0
gap_4001_8000,405,4000,-6.66830146656e-10,9949,-359.541869517,-359.541869518,-6.66830146656e-10
gap_8001_12000,405,4000,-1.37072220241e-09,13949,-557.048042602,-557.048042603,-1.37072220241e-09
gap_1_4000,406,4000,0,5949,-20.0117348926,-20.0117348926,0
gap_4001_8000,406,4000,-5.94411631027e-10,9949,-360.28965868,-360.289658681,-5.94411631027e-10
gap_8001_12000,406,4000,2.40447661781e-10,13949,-558.28363332,-558.28363332,2.40447661781e-10
gap_1_4000,407,4000,0,5949,-20.0117348926,-20.0117348926,0
gap_4001_8000,407,4000,-1.35821665026e-09,9949,-361.037456112,-361.037456113,-1.35821665026e-09
gap_8001_12000,407,4000,-5.75937519898e-10,13949,-559.519232956,-559.519232957,-5.75937519898e-10
gap_1_4000,408,4000,0,5949,-20.0117348926,-20.0117348926,0
gap_4001_8000,408,4000,-2.18545892494e-09,9949,-361.785261769,-361.785261772,-2.18545892494e-09
gap_8001_12000,408,4000,1.32354216476e-09,13949,-560.754841471,-560.75484147,1.32354216476e-09
gap_1_4000,409,4000,0,5949,-20.0117348926,-20.0117348926,0
gap_4001_8000,409,4000,-4.4059333959e-10,9949,-362.533075612,-362.533075612,-4.4059333959e-10
gap_8001_12000,409,4000,5.00222085975e-12,13949,-561.990458816,-561.990458816,5.00222085975e-12
gap_1_4000,410,4000,0,5949,-20.0117348926,-20.0117348926,0
gap_4001_8000,410,4000,-1.17381659948e-10,9949,-363.280897591,-363.280897591,-1.17381659948e-10
gap_8001_12000,410,4000,-2.65845301328e-09,13949,-563.226084948,-563.226084951,-2.65845301328e-09
gap_1_4000,411,4000,3.5527136788e-15,5949,-20.0117348926,-20.0117348926,3.5527136788e-15
gap_4001_8000,411,4000,-4.42412328994e-10,9949,-364.028727667,-364.028727668,-4.42412328994e-10
gap_8001_12000,411,4000,-2.04215666599e-09,13949,-564.461719831,-564.461719834,-2.04215666599e-09
gap_1_4000,412,4000,0,5949,-20.0117348926,-20.0117348926,0
gap_4001_8000,412,4000,-4.07510469813e-10,9949,-364.776565797,-364.776565797,-4.07510469813e-10
gap_8001_12000,412,4000,-1.13004716695e-10,13949,-565.69736342,-565.69736342,-1.13004716695e-10
gap_1_4000,413,4000,0,5949,-20.0117348926,-20.0117348926,0
gap_4001_8000,413,4000,-1.27795374283e-09,9949,-365.524411936,-365.524411938,-1.27795374283e-09
gap_8001_12000,413,4000,-1.56455826072e-09,13949,-566.933015665,-566.933015667,-1.56455826072e-09
gap_1_4000,414,4000,0,5949,-20.0117348926,-20.0117348926,0
gap_4001_8000,414,4000,-2.99792191072e-10,9949,-366.272266046,-366.272266047,-2.99792191072e-10
gap_8001_12000,414,4000,5.0249582273e-11,13949,-568.168676533,-568.168676533,5.0249582273e-11
gap_1_4000,415,4000,0,5949,-20.0117348926,-20.0117348926,0
gap_4001_8000,415,4000,-7.34189598006e-10,9949,-367.020128083,-367.020128083,-7.34189598006e-10
gap_8001_12000,415,4000,-2.27601049119e-10,13949,-569.404345978,-569.404345978,-2.27601049119e-10
gap_1_4000,416,4000,-3.5527136788e-15,5949,-20.0117348926,-20.0117348926,-3.5527136788e-15
gap_4001_8000,416,4000,2.83648660115e-10,9949,-367.767998006,-367.767998006,2.83648660115e-10
gap_8001_12000,416,4000,-1.95939264813e-09,13949,-570.640023957,-570.640023959,-1.95939264813e-09
gap_1_4000,417,4000,0,5949,-20.0117348926,-20.0117348926,0
gap_4001_8000,417,4000,-6.42330633127e-12,9949,-368.515875773,-368.515875773,-6.42330633127e-12
gap_8001_12000,417,4000,-6.70070221531e-10,13949,-571.875710434,-571.875710434,-6.70070221531e-10
gap_1_4000,418,4000,0,5949,-20.0117348926,-20.0117348926,0
gap_4001_8000,418,4000,1.73940861714e-11,9949,-369.263761343,-369.263761343,1.73940861714e-11
gap_8001_12000,418,4000,-7.43739292375e-10,13949,-573.111405364,-573.111405364,-7.43739292375e-10
gap_1_4000,419,4000,0,5949,-20.0117348926,-20.0117348926,0
gap_4001_8000,419,4000,4.87432316731e-10,9949,-370.011654677,-370.011654677,4.87432316731e-10
gap_8001_12000,419,4000,-5.58429746889e-10,13949,-574.347108707,-574.347108707,-5.58429746889e-10
gap_1_4000,420,4000,-3.5527136788e-15,5949,-20.0117348926,-20.0117348926,-3.5527136788e-15
gap_4001_8000,420,4000,3.95573351852e-10,9949,-370.759555733,-370.759555733,3.95573351852e-10
gap_8001_12000,420,4000,-1.20508047985e-09,13949,-575.582820423,-575.582820424,-1.20508047985e-09
gap_1_4000,421,4000,0,5949,-20.0117348926,-20.0117348926,0
gap_4001_8000,421,4000,-8.30652879813e-10,9949,-371.507464471,-371.507464472,-8.30652879813e-10
gap_8001_12000,421,4000,-1.94972926693e-10,13949,-576.818540473,-576.818540473,-1.94972926693e-10
gap_1_4000,422,4000,0,5949,-20.0117348926,-20.0117348926,0
gap_4001_8000,422,4000,-9.5752739071e-10,9949,-372.255380852,-372.255380853,-9.5752739071e-10
gap_8001_12000,422,4000,1.52647317009e-09,13949,-578.054268818,-578.054268816,1.52647317009e-09
gap_1_4000,423,4000,0,5949,-20.0117348926,-20.0117348926,0
gap_4001_8000,423,4000,-2.05943706533e-10,9949,-373.003304837,-373.003304838,-2.05943706533e-10
gap_8001_12000,423,4000,-2.54340193351e-09,13949,-579.29000541,-579.290005412,-2.54340193351e-09
gap_1_4000,424,4000,0,5949,-20.0117348926,-20.0117348926,0
gap_4001_8000,424,4000,-1.33917410494e-09,9949,-373.751236386,-373.751236387,-1.33917410494e-09
gap_8001_12000,424,4000,4.56225279777e-10,13949,-580.525750224,-580.525750224,4.56225279777e-10
gap_1_4000,425,4000,0,5949,-20.0117348926,-20.0117348926,0
gap_4001_8000,425,4000,-3.63797880709e-10,9949,-374.49917546,-374.499175461,-3.63797880709e-10
gap_8001_12000,425,4000,-8.83801476448e-10,13949,-581.761503209,-581.76150321,-8.83801476448e-10
gap_1_4000,426,4000,3.5527136788e-15,5949,-20.0117348926,-20.0117348926,3.5527136788e-15
gap_4001_8000,426,4000,-6.3073457568e-10,9949,-375.24712202,-375.247122021,-6.3073457568e-10
gap_8001_12000,426,4000,-1.45473677549e-09,13949,-582.997264331,-582.997264333,-1.45473677549e-09
gap_1_4000,427,4000,0,5949,-20.0117348926,-20.0117348926,0
gap_4001_8000,427,4000,-1.06382458398e-09,9949,-375.995076028,-375.995076029,-1.06382458398e-09
gap_8001_12000,427,4000,-1.89697857422e-09,13949,-584.233033553,-584.233033555,-1.89697857422e-09
gap_1_4000,428,4000,0,5949,-20.0117348926,-20.0117348926,0
gap_4001_8000,428,4000,-1.4451302377e-09,9949,-376.743037445,-376.743037446,-1.4451302377e-09
gap_8001_12000,428,4000,-2.97393398796e-09,13949,-585.468810833,-585.468810836,-2.97393398796e-09
gap_1_4000,429,4000,3.5527136788e-15,5949,-20.0117348926,-20.0117348926,3.5527136788e-15
gap_4001_8000,429,4000,8.11724021332e-11,9949,-377.491006236,-377.491006236,8.11724021332e-11
gap_8001_12000,429,4000,-1.66858171724e-09,13949,-586.704596138,-586.70459614,-1.66858171724e-09
gap_1_4000,430,4000,0,5949,-20.0117348926,-20.0117348926,0
gap_4001_8000,430,4000,-9.14042175282e-11,9949,-378.238982359,-378.238982359,-9.14042175282e-11
gap_8001_12000,430,4000,-3.90048171539e-09,13949,-587.940389424,-587.940389428,-3.90048171539e-09
gap_1_4000,431,4000,0,5949,-20.0117348926,-20.0117348926,0
gap_4001_8000,431,4000,4.34283720097e-11,9949,-378.986965779,-378.986965779,4.34283720097e-11
gap_8001_12000,431,4000,-3.38070549333e-09,13949,-589.17619066,-589.176190664,-3.38070549333e-09
gap_1_4000,432,4000,3.5527136788e-15,5949,-20.0117348926,-20.0117348926,3.5527136788e-15
gap_4001_8000,432,4000,-1.0647909221e-09,9949,-379.734956458,-379.734956459,-1.0647909221e-09
gap_8001_12000,432,4000,-2.9119746614e-09,13949,-590.411999806,-590.411999809,-2.9119746614e-09
gap_1_4000,433,4000,0,5949,-20.0117348926,-20.0117348926,0
gap_4001_8000,433,4000,-1.02124886325e-09,9949,-380.48295436,-380.482954361,-1.02124886325e-09
gap_8001_12000,433,4000,-3.80805431632e-09,13949,-591.647816823,-591.647816827,-3.80805431632e-09
gap_1_4000,434,4000,0,5949,-20.0117348926,-20.0117348926,0
gap_4001_8000,434,4000,-1.54557255883e-10,9949,-381.230959448,-381.230959449,-1.54557255883e-10
gap_8001_12000,434,4000,-6.14704731561e-10,13949,-592.883641682,-592.883641682,-6.14704731561e-10
gap_1_4000,435,4000,0,5949,-20.0117348926,-20.0117348926,0
gap_4001_8000,435,4000,-7.38396011002e-10,9949,-381.978971685,-381.978971686,-7.38396011002e-10
gap_8001_12000,435,4000,-3.87422005588e-09,13949,-594.119474333,-594.119474336,-3.87422005588e-09
gap_1_4000,436,4000,0,5949,-20.0117348926,-20.0117348926,0
gap_4001_8000,436,4000,-1.65658775586e-09,9949,-382.726991034,-382.726991036,-1.65658775586e-09
gap_8001_12000,436,4000,-3.79577613785e-09,13949,-595.355314751,-595.355314754,-3.79577613785e-09
gap_1_4000,437,4000,3.5527136788e-15,5949,-20.0117348926,-20.0117348926,3.5527136788e-15
gap_4001_8000,437,4000,3.53338691639e-10,9949,-383.475017464,-383.475017463,3.53338691639e-10
gap_8001_12000,437,4000,-3.72767772205e-09,13949,-596.591162896,-596.5911629,-3.72767772205e-09
gap_1_4000,438,4000,0,5949,-20.0117348926,-20.0117348926,0
gap_4001_8000,438,4000,-1.94404492504e-11,9949,-384.223050932,-384.223050932,-1.94404492504e-11
gap_8001_12000,438,4000,-2.4776909413e-09,13949,-597.827018736,-597.827018738,-2.4776909413e-09
gap_1_4000,439,4000,0,5949,-20.0117348926,-20.0117348926,0
gap_4001_8000,439,4000,-5.76847014599e-10,9949,-384.971091407,-384.971091407,-5.76847014599e-10
gap_8001_12000,439,4000,-5.29280441697e-09,13949,-599.062882227,-599.062882233,-5.29280441697e-09
gap_1_4000,440,4000,0,5949,-20.0117348926,-20.0117348926,0
gap_4001_8000,440,4000,-4.18481249653e-10,9949,-385.719138852,-385.719138852,-4.18481249653e-10
gap_8001_12000,440,4000,-3.4481217881e-09,13949,-600.298753344,-600.298753347,-3.4481217881e-09
gap_1_4000,441,4000,0,5949,-20.0117348926,-20.0117348926,0
gap_4001_8000,441,4000,-1.20513732327e-09,9949,-386.467193233,-386.467193234,-1.20513732327e-09
gap_8001_12000,441,4000,-1.48781964526e-09,13949,-601.534632048,-601.534632049,-1.48781964526e-09
gap_1_4000,442,4000,3.5527136788e-15,5949,-20.0117348926,-20.0117348926,3.5527136788e-15
gap_4001_8000,442,4000,-3.08943981508e-10,9949,-387.215254515,-387.215254516,-3.08943981508e-10
gap_8001_12000,442,4000,-2.13810835703e-09,13949,-602.7705183,-602.770518302,-2.13810835703e-09
gap_1_4000,443,4000,0,5949,-20.0117348926,-20.0117348926,0
gap_4001_8000,443,4000,1.51032963913e-10,9949,-387.963322664,-387.963322664,1.51032963913e-10
gap_8001_12000,443,4000,-6.14932105236e-10,13949,-604.006412071,-604.006412071,-6.14932105236e-10
gap_1_4000,444,4000,3.5527136788e-15,5949,-20.0117348926,-20.0117348926,3.5527136788e-15
gap_4001_8000,444,4000,-6.63817445457e-10,9949,-388.711397644,-388.711397645,-6.63817445457e-10
gap_8001_12000,444,4000,-2.11809947359e-09,13949,-605.242313322,-605.242313324,-2.11809947359e-09
gap_1_4000,445,4000,0,5949,-20.0117348926,-20.0117348926,0
gap_4001_8000,445,4000,-1.36702738018e-09,9949,-389.459479421,-389.459479423,-1.36702738018e-09
gap_8001_12000,445,4000,-8.53219717101e-10,13949,-606.478222023,-606.478222024,-8.53219717101e-10
gap_1_4000,446,4000,3.5527136788e-15,5949,-20.0117348926,-20.0117348926,3.5527136788e-15
gap_4001_8000,446,4000,-7.4146555562e-10,9949,-390.207567964,-390.207567965,-7.4146555562e-10
gap_8001_12000,446,4000,-3.98210886488e-09,13949,-607.714138135,-607.714138139,-3.98210886488e-09
gap_1_4000,447,4000,0,5949,-20.0117348926,-20.0117348926,0
gap_4001_8000,447,4000,-3.40662609233e-10,9949,-390.955663237,-390.955663237,-3.40662609233e-10
gap_8001_12000,447,4000,-1.76578396349e-09,13949,-608.950061632,-608.950061634,-1.76578396349e-09
gap_1_4000,448,4000,3.5527136788e-15,5949,-20.0117348926,-20.0117348926,3.5527136788e-15
gap_4001_8000,448,4000,-8.73512817634e-10,9949,-391.703765205,-391.703765206,-8.73512817634e-10
gap_8001_12000,448,4000,-1.15824150271e-09,13949,-610.185992476,-610.185992477,-1.15824150271e-09
gap_1_4000,449,4000,0,5949,-20.0117348926,-20.0117348926,0
gap_4001_8000,449,4000,-1.90527771338e-09,9949,-392.451873837,-392.451873839,-1.90527771338e-09
gap_8001_12000,449,4000,-8.90508999873e-10,13949,-611.421930633,-611.421930634,-8.90508999873e-10
gap_1_4000,450,4000,3.5527136788e-15,5949,-20.0117348926,-20.0117348926,3.5527136788e-15
gap_4001_8000,450,4000,-9.61904333963e-10,9949,-393.199989101,-393.199989102,-9.61904333963e-10
gap_8001_12000,450,4000,-1.8393393475e-09,13949,-612.657876071,-612.657876073,-1.8393393475e-09
gap_1_4000,451,4000,0,5949,-20.0117348926,-20.0117348926,0
gap_4001_8000,451,4000,-8.04902811069e-10,9949,-393.948110962,-393.948110963,-8.04902811069e-10
gap_8001_12000,451,4000,-1.109697223e-09,13949,-613.893828758,-613.893828759,-1.109697223e-09
gap_1_4000,452,4000,3.5527136788e-15,5949,-20.0117348926,-20.0117348926,3.5527136788e-15
gap_4001_8000,452,4000,-1.31149135996e-09,9949,-394.696239387,-394.696239388,-1.31149135996e-09
gap_8001_12000,452,4000,-2.21086793317e-09,13949,-615.129788658,-615.12978866,-2.21086793317e-09
gap_1_4000,453,4000,0,5949,-20.0117348926,-20.0117348926,0
gap_4001_8000,453,4000,-3.40264705301e-10,9949,-395.444374346,-395.444374347,-3.40264705301e-10
gap_8001_12000,453,4000,-3.66048880096e-09,13949,-616.365755741,-616.365755745,-3.66048880096e-09
gap_1_4000,454,4000,0,5949,-20.0117348926,-20.0117348926,0
gap_4001_8000,454,4000,-2.22655671678e-10,9949,-396.192515805,-396.192515805,-2.22655671678e-10
gap_8001_12000,454,4000,-2.10661710298e-09,13949,-617.601729978,-617.60172998,-2.10661710298e-09
gap_1_4000,455,4000,0,5949,-20.0117348926,-20.0117348926,0
gap_4001_8000,455,4000,9.83391146292e-12,9949,-396.940663732,-396.940663732,9.83391146292e-12
gap_8001_12000,455,4000,-2.31671037909e-09,13949,-618.837711332,-618.837711334,-2.31671037909e-09
gap_1_4000,456,4000,0,5949,-20.0117348926,-20.0117348926,0
gap_4001_8000,456,4000,-1.49873358168e-09,9949,-397.688818094,-397.688818095,-1.49873358168e-09
gap_8001_12000,456,4000,-2.46461695497e-09,13949,-620.073699773,-620.073699776,-2.46461695497e-09
gap_1_4000,457,4000,0,5949,-20.0117348926,-20.0117348926,0
gap_4001_8000,457,4000,3.61580987374e-10,9949,-398.436978864,-398.436978864,3.61580987374e-10
gap_8001_12000,457,4000,-2.76895661955e-09,13949,-621.30969527,-621.309695273,-2.76895661955e-09
gap_1_4000,458,4000,0,5949,-20.0117348926,-20.0117348926,0
gap_4001_8000,458,4000,-9.18021214602e-11,9949,-399.185146005,-399.185146006,-9.18021214602e-11
gap_8001_12000,458,4000,-1.21212906379e-09,13949,-622.545697792,-622.545697794,-1.21212906379e-09
gap_1_4000,459,4000,0,5949,-20.0117348926,-20.0117348926,0
gap_4001_8000,459,4000,6.84167389409e-10,9949,-399.933319491,-399.93331949,6.84167389409e-10
gap_8001_12000,459,4000,-2.85388068733e-09,13949,-623.781707305,-623.781707308,-2.85388068733e-09
gap_1_4000,460,4000,-3.5527136788e-15,5949,-20.0117348926,-20.0117348926,-3.5527136788e-15
gap_4001_8000,460,4000,-1.48736489791e-09,9949,-400.681499284,-400.681499286,-1.48736489791e-09
gap_8001_12000,460,4000,5.22732079844e-10,13949,-625.017723784,-625.017723784,5.22732079844e-10
gap_1_4000,461,4000,0,5949,-20.0117348926,-20.0117348926,0
gap_4001_8000,461,4000,2.48519427259e-10,9949,-401.429685362,-401.429685361,2.48519427259e-10
gap_8001_12000,461,4000,-1.61799107445e-09,13949,-626.253747188,-626.25374719,-1.61799107445e-09
gap_1_4000,462,4000,0,5949,-20.0117348926,-20.0117348926,0
gap_4001_8000,462,4000,1.01857722257e-09,9949,-402.177877689,-402.177877688,1.01857722257e-09
gap_8001_12000,462,4000,-1.76169123733e-09,13949,-627.489777496,-627.489777498,-1.76169123733e-09
gap_1_4000,463,4000,0,5949,-20.0117348926,-20.0117348926,0
gap_4001_8000,463,4000,-9.28480403672e-10,9949,-402.926076232,-402.926076233,-9.28480403672e-10
gap_8001_12000,463,4000,1.63936419995e-10,13949,-628.725814674,-628.725814674,1.63936419995e-10
gap_1_4000,464,4000,0,5949,-20.0117348926,-20.0117348926,0
gap_4001_8000,464,4000,-1.16801857075e-09,9949,-403.674280966,-403.674280967,-1.16801857075e-09
gap_8001_12000,464,4000,-2.00668637262e-09,13949,-629.961858688,-629.96185869,-2.00668637262e-09
gap_1_4000,465,4000,3.5527136788e-15,5949,-20.0117348926,-20.0117348926,3.5527136788e-15
gap_4001_8000,465,4000,-1.59593582794e-09,9949,-404.422491859,-404.422491861,-1.59593582794e-09
gap_8001_12000,465,4000,-4.68287453259e-09,13949,-631.197909512,-631.197909517,-4.68287453259e-09
gap_1_4000,466,4000,0,5949,-20.0117348926,-20.0117348926,0
gap_4001_8000,466,4000,-4.77712092106e-10,9949,-405.170708882,-405.170708883,-4.77712092106e-10
gap_8001_12000,466,4000,-3.66537733498e-09,13949,-632.433967119,-632.433967122,-3.66537733498e-09
gap_1_4000,467,4000,0,5949,-20.0117348926,-20.0117348926,0
gap_4001_8000,467,4000,-3.33216121362e-10,9949,-405.918932005,-405.918932005,-3.33216121362e-10
gap_8001_12000,467,4000,-3.72563135898e-09,13949,-633.670031475,-633.670031478,-3.72563135898e-09
gap_1_4000,468,4000,3.5527136788e-15,5949,-20.0117348926,-20.0117348926,3.5527136788e-15
gap_4001_8000,468,4000,-2.89105628326e-10,9949,-406.667161196,-406.667161197,-2.89105628326e-10
gap_8001_12000,468,4000,1.20849108498e-10,13949,-634.906102554,-634.906102554,1.20849108498e-10
gap_1_4000,469,4000,0,5949,-20.0117348926,-20.0117348926,0
gap_4001_8000,469,4000,-7.36122274247e-10,9949,-407.415396428,-407.415396429,-7.36122274247e-10
gap_8001_12000,469,4000,-2.21746176976e-09,13949,-636.142180319,-636.142180322,-2.21746176976e-09
gap_1_4000,470,4000,0,5949,-20.0117348926,-20.0117348926,0
gap_4001_8000,470,4000,-7.94670995674e-10,9949,-408.163637672,-408.163637673,-7.94670995674e-10
gap_8001_12000,470,4000,-1.83956672117e-09,13949,-637.378264749,-637.378264751,-1.83956672117e-09
gap_1_4000,471,4000,0,5949,-20.0117348926,-20.0117348926,0
gap_4001_8000,471,4000,-1.08161657408e-09,9949,-408.911884899,-408.9118849,-1.08161657408e-09
gap_8001_12000,471,4000,-1.82740222954e-09,13949,-638.614355812,-638.614355814,-1.82740222954e-09
gap_1_4000,472,4000,0,5949,-20.0117348926,-20.0117348926,0
gap_4001_8000,472,4000,5.72356384509e-10,9949,-409.66013808,-409.66013808,5.72356384509e-10
gap_8001_12000,472,4000,-3.11206349579e-09,13949,-639.850453478,-639.850453481,-3.11206349579e-09
gap_1_4000,473,4000,-3.5527136788e-15,5949,-20.0117348926,-20.0117348926,-3.5527136788e-15
gap_4001_8000,473,4000,-1.36162725539e-09,9949,-410.408397183,-410.408397184,-1.36162725539e-09
gap_8001_12000,473,4000,-9.91349224932e-10,13949,-641.086557721,-641.086557722,-9.91349224932e-10
gap_1_4000,474,4000,0,5949,-20.0117348926,-20.0117348926,0
gap_4001_8000,474,4000,-3.91253252019e-10,9949,-411.156662186,-411.156662186,-3.91253252019e-10
gap_8001_12000,474,4000,-1.73338321474e-09,13949,-642.32266851,-642.322668512,-1.73338321474e-09
gap_1_4000,475,4000,0,5949,-20.0117348926,-20.0117348926,0
gap_4001_8000,475,4000,-9.07903086045e-10,9949,-411.904933055,-411.904933055,-9.07903086045e-10
gap_8001_12000,475,4000,-5.60248736292e-10,13949,-643.558785819,-643.55878582,-5.60248736292e-10
gap_1_4000,476,4000,0,5949,-20.0117348926,-20.0117348926,0
gap_4001_8000,476,4000,-1.27505472847e-09,9949,-412.653209764,-412.653209766,-1.27505472847e-09
gap_8001_12000,476,4000,-1.91255367099e-09,13949,-644.794909617,-644.794909618,-1.91255367099e-09
gap_1_4000,477,4000,3.5527136788e-15,5949,-20.0117348926,-20.0117348926,3.5527136788e-15
gap_4001_8000,477,4000,8.22240053822e-10,9949,-413.401492288,-413.401492287,8.22240053822e-10
gap_8001_12000,477,4000,-3.6295659811e-09,13949,-646.031039876,-646.03103988,-3.6295659811e-09
gap_1_4000,478,4000,0,5949,-20.0117348926,-20.0117348926,0
gap_4001_8000,478,4000,-1.01312025436e-09,9949,-414.149780593,-414.149780594,-1.01312025436e-09
gap_8001_12000,478,4000,-1.27442945086e-10,13949,-647.267176576,-647.267176576,-1.27442945086e-10
gap_1_4000,479,4000,0,5949,-20.0117348926,-20.0117348926,0
gap_4001_8000,479,4000,-4.96811480843e-11,9949,-414.898074657,-414.898074657,-4.96811480843e-11
gap_8001_12000,479,4000,-3.66958374798e-09,13949,-648.503319676,-648.50331968,-3.66958374798e-09
gap_1_4000,480,4000,0,5949,-20.0117348926,-20.0117348926,0
gap_4001_8000,480,4000,-4.14956957684e-11,9949,-415.646374449,-415.646374449,-4.14956957684e-11
gap_8001_12000,480,4000,-2.83250756183e-09,13949,-649.73946916,-649.739469163,-2.83250756183e-09
gap_1_4000,481,4000,0,5949,-20.0117348926,-20.0117348926,0
gap_4001_8000,481,4000,-2.74383182841e-10,9949,-416.394679943,-416.394679944,-2.74383182841e-10
gap_8001_12000,481,4000,-1.17324816529e-09,13949,-650.975624998,-650.975624999,-1.17324816529e-09
gap_1_4000,482,4000,0,5949,-20.0117348926,-20.0117348926,0
gap_4001_8000,482,4000,2.42323494604e-10,9949,-417.142991113,-417.142991113,2.42323494604e-10
gap_8001_12000,482,4000,-7.49196260585e-10,13949,-652.21178716,-652.211787161,-7.49196260585e-10
gap_1_4000,483,4000,0,5949,-20.0117348926,-20.0117348926,0
gap_4001_8000,483,4000,-7.61701812735e-12,9949,-417.89130793,-417.89130793,-7.61701812735e-12
gap_8001_12000,483,4000,-2.3082975531e-09,13949,-653.447955618,-653.44795562,-2.3082975531e-09
gap_1_4000,484,4000,0,5949,-20.0117348926,-20.0117348926,0
gap_4001_8000,484,4000,-5.85544057685e-10,9949,-418.639630368,-418.639630369,-5.85544057685e-10
gap_8001_12000,484,4000,-4.75438355352e-10,13949,-654.684130352,-654.684130352,-4.75438355352e-10
gap_1_4000,485,4000,0,5949,-20.0117348926,-20.0117348926,0
gap_4001_8000,485,4000,-8.13770384411e-10,9949,-419.3879584,-419.387958401,-8.13770384411e-10
gap_8001_12000,485,4000,-1.13902842713e-09,13949,-655.920311327,-655.920311328,-1.13902842713e-09
gap_1_4000,486,4000,0,5949,-20.0117348926,-20.0117348926,0
gap_4001_8000,486,4000,-1.36583366839e-09,9949,-420.136292,-420.136292002,-1.36583366839e-09
gap_8001_12000,486,4000,-1.34878064273e-09,13949,-657.156498522,-657.156498524,-1.34878064273e-09
gap_1_4000,487,4000,0,5949,-20.0117348926,-20.0117348926,0
gap_4001_8000,487,4000,-1.15574039228e-09,9949,-420.884631142,-420.884631143,-1.15574039228e-09
gap_8001_12000,487,4000,4.041567081e-10,13949,-658.392691911,-658.39269191,4.041567081e-10
gap_1_4000,488,4000,0,5949,-20.0117348926,-20.0117348926,0
gap_4001_8000,488,4000,-2.00407157536e-09,9949,-421.632975799,-421.632975801,-2.00407157536e-09
gap_8001_12000,488,4000,-1.52465418068e-09,13949,-659.628891462,-659.628891463,-1.52465418068e-09
gap_1_4000,489,4000,0,5949,-20.0117348926,-20.0117348926,0
gap_4001_8000,489,4000,-1.08661879494e-09,9949,-422.381325946,-422.381325947,-1.08661879494e-09
gap_8001_12000,489,4000,-2.57466581388e-09,13949,-660.865097154,-660.865097156,-2.57466581388e-09
gap_1_4000,490,4000,0,5949,-20.0117348926,-20.0117348926,0
gap_4001_8000,490,4000,-9.04549324332e-10,9949,-423.129681556,-423.129681557,-9.04549324332e-10
gap_8001_12000,490,4000,-9.231371223e-11,13949,-662.101308963,-662.101308963,-9.231371223e-11
gap_1_4000,491,4000,0,5949,-20.0117348926,-20.0117348926,0
gap_4001_8000,491,4000,8.50661763252e-10,9949,-423.878042606,-423.878042605,8.50661763252e-10
gap_8001_12000,491,4000,-3.40457972925e-09,13949,-663.337526855,-663.337526858,-3.40457972925e-09
gap_1_4000,492,4000,0,5949,-20.0117348926,-20.0117348926,0
gap_4001_8000,492,4000,8.71523297974e-10,9949,-424.626409066,-424.626409065,8.71523297974e-10
gap_8001_12000,492,4000,-5.61044544156e-10,13949,-664.573750816,-664.573750816,-5.61044544156e-10
gap_1_4000,493,4000,3.5527136788e-15,5949,-20.0117348926,-20.0117348926,3.5527136788e-15
gap_4001_8000,493,4000,-1.85747239811e-09,9949,-425.37478091,-425.374780912,-1.85747239811e-09
gap_8001_12000,493,4000,5.77983882977e-10,13949,-665.809980812,-665.809980812,5.77983882977e-10
gap_1_4000,494,4000,0,5949,-20.0117348926,-20.0117348926,0
gap_4001_8000,494,4000,-7.41749772715e-10,9949,-426.123158119,-426.12315812,-7.41749772715e-10
gap_8001_12000,494,4000,4.33146851719e-11,13949,-667.046216819,-667.046216819,4.33146851719e-11
gap_1_4000,495,4000,0,5949,-20.0117348926,-20.0117348926,0
gap_4001_8000,495,4000,-5.89466253587e-10,9949,-426.871540663,-426.871540663,-5.89466253587e-10
gap_8001_12000,495,4000,-2.05398009712e-09,13949,-668.28245881,-668.282458812,-2.05398009712e-09
gap_1_4000,496,4000,0,5949,-20.0117348926,-20.0117348926,0
gap_4001_8000,496,4000,-9.19555986911e-10,9949,-427.619928518,-427.619928519,-9.19555986911e-10
gap_8001_12000,496,4000,-6.41080077912e-10,13949,-669.518706768,-669.518706768,-6.41080077912e-10
gap_1_4000,497,4000,0,5949,-20.0117348926,-20.0117348926,0
gap_4001_8000,497,4000,-2.0656898414e-10,9949,-428.36832166,-428.36832166,-2.0656898414e-10
gap_8001_12000,497,4000,-9.86915438261e-10,13949,-670.754960659,-670.75496066,-9.86915438261e-10
gap_1_4000,498,4000,3.5527136788e-15,5949,-20.0117348926,-20.0117348926,3.5527136788e-15
gap_4001_8000,498,4000,-1.27198518385e-09,9949,-429.116720062,-429.116720064,-1.27198518385e-09
gap_8001_12000,498,4000,-9.74750946625e-10,13949,-671.991220465,-671.991220465,-9.74750946625e-10
gap_1_4000,499,4000,3.5527136788e-15,5949,-20.0117348926,-20.0117348926,3.5527136788e-15
gap_4001_8000,499,4000,-5.04769559484e-10,9949,-429.865123703,-429.865123704,-5.04769559484e-10
gap_8001_12000,499,4000,2.1564119379e-09,13949,-673.22748616,-673.227486157,2.1564119379e-09
