outer_weight,aggregate_log2,peak_first_r,peak_remaining_ones,peak_gap_min,peak_gap_max,peak_inner_mode,peak_outer_log2_bound,peak_placement_log2,peak_inner_log2,peak_best_lambda,peak_best_alpha,peak_best_rho,peak_term_log2
501,-184.35624892645725,1,500,1,4000,cap,677.3932024505685,-861.7853757248122,0.0,nan,nan,nan,-184.39217327424365
502,-184.7404944172792,1,501,1,4000,cap,678.7294120535776,-863.5059028573723,0.0,nan,nan,nan,-184.7764908037948
503,-185.12474148801965,1,502,1,4000,cap,680.0656216565866,-865.2264315711791,0.0,nan,nan,nan,-185.1608099145925
504,-185.50899013439857,1,503,1,4000,cap,681.4018312595956,-866.9469618619778,0.0,nan,nan,nan,-185.5451306023822
505,-185.89324036718523,1,504,1,4000,cap,682.7380408626046,-868.6674937404823,0.0,nan,nan,nan,-185.92945287787768
506,-186.27749217220511,1,505,1,4000,cap,684.0742504656137,-870.3880271925427,0.0,nan,nan,nan,-186.31377672692906
507,-186.66174556005834,1,506,1,4000,cap,685.4104600686227,-872.108562228821,0.0,nan,nan,nan,-186.69810216019835
508,-187.04600052597002,1,507,1,4000,cap,686.7466696716318,-873.829098844406,0.0,nan,nan,nan,-187.08242917277414
509,-187.4302570716732,1,508,1,4000,cap,688.0828792746408,-875.5496370411829,0.0,nan,nan,nan,-187.46675776654206
510,-187.8145151965057,1,509,1,4000,cap,689.4190888776499,-877.2701768184161,0.0,nan,nan,nan,-187.8510879407662
511,-188.19877490358502,1,510,1,4000,cap,690.7552984806589,-878.9907181791741,0.0,nan,nan,nan,-188.23541969851522
512,-188.58303618351664,1,511,1,4000,cap,692.0915080836679,-880.7112611141511,0.0,nan,nan,nan,-188.61975303048314
513,-188.96729905102237,1,512,1,4000,cap,693.4277176866769,-882.4318056379952,0.0,nan,nan,nan,-189.0040879513183
514,-189.35156349273208,1,513,1,4000,cap,694.763927289686,-884.1523517374462,0.0,nan,nan,nan,-189.38842444776026
515,-189.73582951535602,1,514,1,4000,cap,696.100136892695,-885.8728994190424,0.0,nan,nan,nan,-189.77276252634738
516,-190.12009712226953,1,515,1,4000,cap,697.436346495704,-887.5934486863607,0.0,nan,nan,nan,-190.1571021906567
517,-190.50436629828266,1,516,1,4000,cap,698.7725560987132,-889.3139995240181,0.0,nan,nan,nan,-190.54144342530492
518,-190.88863706077623,1,517,1,4000,cap,700.1087657017222,-891.0345519495595,0.0,nan,nan,nan,-190.92578624783732
519,-191.27290940468114,1,518,1,4000,cap,701.4449753047312,-892.7551059577672,0.0,nan,nan,nan,-191.31013065303603
520,-191.65718332935128,1,519,1,4000,cap,702.7811849077402,-894.4756615481328,0.0,nan,nan,nan,-191.69447664039262
521,-192.0414588295267,1,520,1,4000,cap,704.1173945107493,-896.1962187152985,0.0,nan,nan,nan,-192.07882420454928
522,-192.42573590716202,1,521,1,4000,cap,705.4536041137583,-897.9167774612952,0.0,nan,nan,nan,-192.4631733475369
523,-192.81001456384277,1,522,1,4000,cap,706.7898137167673,-899.6373377875871,0.0,nan,nan,nan,-192.84752407081976
524,-193.1942948007684,1,523,1,4000,cap,708.1260233197763,-901.3578996955393,0.0,nan,nan,nan,-193.23187637576302
525,-193.578576617813,1,524,1,4000,cap,709.4622329227853,-903.0784631848846,0.0,nan,nan,nan,-193.6162302620993
526,-193.96286002197093,1,525,1,4000,cap,710.7984425257944,-904.7990282627043,0.0,nan,nan,nan,-194.0005857369099
527,-194.3471449953305,1,526,1,4000,cap,712.1346521288035,-906.5195949110384,0.0,nan,nan,nan,-194.38494278223493
528,-194.7314315505114,1,527,1,4000,cap,713.4708617318125,-908.2401631425073,0.0,nan,nan,nan,-194.76930141069477
529,-195.11571969027122,1,528,1,4000,cap,714.8070713348216,-909.9607329599412,0.0,nan,nan,nan,-195.15366162511964
530,-195.50000940588654,1,529,1,4000,cap,716.1432809378306,-911.6813043545053,0.0,nan,nan,nan,-195.53802341667472
531,-195.88430070032666,1,530,1,4000,cap,717.4794905408396,-913.40187732925,0.0,nan,nan,nan,-195.92238678841045
532,-196.2685935785505,1,531,1,4000,cap,718.8157001438486,-915.1224518891013,0.0,nan,nan,nan,-196.30675174525265
533,-196.6528880270463,1,532,1,4000,cap,720.1519097468577,-916.8430280205457,0.0,nan,nan,nan,-196.69111827368806
534,-197.03718406291142,1,533,1,4000,cap,721.4881193498667,-918.563605740701,0.0,nan,nan,nan,-197.07548639083427
535,-197.42148167760573,1,534,1,4000,cap,722.8243289528757,-920.2841850409823,0.0,nan,nan,nan,-197.45985608810656
536,-197.8057808687295,1,535,1,4000,cap,724.1605385558848,-922.0047659190814,0.0,nan,nan,nan,-197.84422736319652
537,-198.1900816433569,1,536,1,4000,cap,725.4967481588939,-923.725348381965,0.0,nan,nan,nan,-198.2286002230711
538,-198.57438399835834,1,537,1,4000,cap,726.8329577619029,-925.4459324265954,0.0,nan,nan,nan,-198.6129746646925
539,-198.958687923855,1,538,1,4000,cap,728.1691673649119,-927.1665180429891,0.0,nan,nan,nan,-198.99735067807717
540,-199.34299343354547,1,539,1,4000,cap,729.5053769679209,-928.887105244984,0.0,nan,nan,nan,-199.38172827706308
541,-199.72730052263435,1,540,1,4000,cap,730.84158657093,-930.607694027658,0.0,nan,nan,nan,-199.76610745672804
542,-200.11160920011864,1,541,1,4000,cap,732.177796173939,-932.3282844000332,0.0,nan,nan,nan,-200.15048822609424
543,-200.49591944745848,1,542,1,4000,cap,733.514005776948,-934.0488763436424,0.0,nan,nan,nan,-200.5348705666944
544,-200.88023128308376,1,543,1,4000,cap,734.850215379957,-935.7694698768437,0.0,nan,nan,nan,-200.91925449688665
545,-201.2645446914849,1,544,1,4000,cap,736.1864249829661,-937.4900649841784,0.0,nan,nan,nan,-201.30364000121233
546,-201.6488596838119,1,545,1,4000,cap,737.5226345859752,-939.2106616767423,0.0,nan,nan,nan,-201.68802709076715
547,-202.03317624673124,1,546,1,4000,cap,738.8588441889842,-940.9312599412224,0.0,nan,nan,nan,-202.07241575223816
548,-202.41749439536702,1,547,1,4000,cap,740.1950537919932,-942.6518597927434,0.0,nan,nan,nan,-202.45680600075013
549,-202.80181412566904,1,548,1,4000,cap,741.5312633950023,-944.372461227279,0.0,nan,nan,nan,-202.84119783227675
550,-203.1861354296534,1,549,1,4000,cap,742.8674729980113,-946.0930642368476,0.0,nan,nan,nan,-203.22559123883627
551,-203.57045831959954,1,550,1,4000,cap,744.2036826010203,-947.813668833659,0.0,nan,nan,nan,-203.60998623263868
552,-203.9547827855181,1,551,1,4000,cap,745.5398922040293,-949.5342750078198,0.0,nan,nan,nan,-203.99438280379047
553,-204.33910883157102,1,552,1,4000,cap,746.8761018070384,-951.2548827634064,0.0,nan,nan,nan,-204.37878095636802
554,-204.7234364599812,1,553,1,4000,cap,748.2123114100474,-952.9754921027106,0.0,nan,nan,nan,-204.76318069266324
555,-205.10776566595868,1,554,1,4000,cap,749.5485210130565,-954.6961030208713,0.0,nan,nan,nan,-205.14758200781478
556,-205.492096442479,1,555,1,4000,cap,750.8847306160656,-956.4167155109299,0.0,nan,nan,nan,-205.5319848948643
557,-205.87642881069263,1,556,1,4000,cap,752.2209402190746,-958.137329594053,0.0,nan,nan,nan,-205.9163893749784
558,-206.2607627557972,1,557,1,4000,cap,753.5571498220836,-959.8579452553167,0.0,nan,nan,nan,-206.30079543323313
559,-206.64509828434774,1,558,1,4000,cap,754.8933594250926,-961.5785625014096,0.0,nan,nan,nan,-206.68520307631695
560,-207.0294353842872,1,559,1,4000,cap,756.2295690281017,-963.2991813201907,0.0,nan,nan,nan,-207.069612292089
561,-207.41377406690572,1,560,1,4000,cap,757.5657786311107,-965.0198017229932,0.0,nan,nan,nan,-207.4540230918825
562,-207.79811433350642,1,561,1,4000,cap,758.9019882341197,-966.7404237111341,0.0,nan,nan,nan,-207.8384354770144
563,-208.18245617804922,1,562,1,4000,cap,760.2381978371287,-968.4610472785125,0.0,nan,nan,nan,-208.2228494413838
564,-208.56679959499772,1,563,1,4000,cap,761.5744074401377,-970.1816724196042,0.0,nan,nan,nan,-208.60726497946644
565,-208.9511445923888,1,564,1,4000,cap,762.9106170431469,-971.9022991425263,0.0,nan,nan,nan,-208.99168209937943
566,-209.33549117548606,1,565,1,4000,cap,764.2468266461559,-973.6229274524649,0.0,nan,nan,nan,-209.37610080630895
567,-209.71983933481093,1,566,1,4000,cap,765.5830362491649,-975.3435573399865,0.0,nan,nan,nan,-209.7605210908216
568,-210.10418907798234,1,567,1,4000,cap,766.919245852174,-977.064188812591,0.0,nan,nan,nan,-210.1449429604171
569,-210.48854039697036,1,568,1,4000,cap,768.255455455183,-978.7848218624267,0.0,nan,nan,nan,-210.52936640724374
570,-210.87289330165908,1,569,1,4000,cap,769.591665058192,-980.5054564992852,0.0,nan,nan,nan,-210.91379144109317
571,-211.2572477786829,1,570,1,4000,cap,770.927874661201,-982.2260927097659,0.0,nan,nan,nan,-211.29821804856488
572,-211.6416038390303,1,571,1,4000,cap,772.26408426421,-983.9467305049566,0.0,nan,nan,nan,-211.68264624074652
573,-212.02596148356918,1,572,1,4000,cap,773.6002938672191,-985.6673698856066,0.0,nan,nan,nan,-212.06707601838752
574,-212.41032070083762,1,573,1,4000,cap,774.9365034702282,-987.3880108403864,0.0,nan,nan,nan,-212.4515073701582
575,-212.79468150086777,1,574,1,4000,cap,776.2727130732372,-989.108653379195,0.0,nan,nan,nan,-212.8359403059577
576,-213.1790438746911,1,575,1,4000,cap,777.6089226762463,-990.8292974931637,0.0,nan,nan,nan,-213.22037481691746
577,-213.5634078370952,1,576,1,4000,cap,778.9451322792553,-992.5499431970175,0.0,nan,nan,nan,-213.60481091776217
578,-213.94777337653846,1,577,1,4000,cap,780.2813418822643,-994.270590479262,0.0,nan,nan,nan,-213.98924859699764
579,-214.33214048526983,1,578,1,4000,cap,781.6175514852733,-995.9912393321329,0.0,nan,nan,nan,-214.37368784685953
580,-214.71650919010997,1,579,1,4000,cap,782.9537610882824,-997.7118897823975,0.0,nan,nan,nan,-214.75812869411516
581,-215.10087946536063,1,580,1,4000,cap,784.2899706912914,-999.4325418044318,0.0,nan,nan,nan,-215.14257111314043
582,-215.48525131557435,1,581,1,4000,cap,785.6261802943004,-1001.1531954027696,0.0,nan,nan,nan,-215.5270151084692
583,-215.8696247537192,1,582,1,4000,cap,786.9623898973094,-1002.873850590353,0.0,nan,nan,nan,-215.91146069304352
584,-216.25399977055395,1,583,1,4000,cap,788.2985995003186,-1004.5945073579651,0.0,nan,nan,nan,-216.2959078576465
585,-216.63837637063259,1,584,1,4000,cap,789.6348091033276,-1006.315165710138,0.0,nan,nan,nan,-216.6803566068104
586,-217.0227545418044,1,585,1,4000,cap,790.9710187063366,-1008.0358256347536,0.0,nan,nan,nan,-217.06480692841694
587,-217.40713429600754,1,586,1,4000,cap,792.3072283093456,-1009.7564871437189,0.0,nan,nan,nan,-217.44925883437327
588,-217.79151563256266,1,587,1,4000,cap,793.6434379123547,-1011.4771502363537,0.0,nan,nan,nan,-217.83371232399907
589,-218.17589854383803,1,588,1,4000,cap,794.9796475153637,-1013.1978149050356,0.0,nan,nan,nan,-218.21816738967186
590,-218.56028303798797,1,589,1,4000,cap,796.3158571183727,-1014.9184811579671,0.0,nan,nan,nan,-218.6026240395944
591,-218.94466911272383,1,590,1,4000,cap,797.6520667213817,-1016.6391489927692,0.0,nan,nan,nan,-218.9870822713874
592,-219.32905676556388,1,591,1,4000,cap,798.9882763243908,-1018.3598184070179,0.0,nan,nan,nan,-219.37154208262712
593,-219.7134460014752,1,592,1,4000,cap,800.3244859273999,-1020.0804894056464,0.0,nan,nan,nan,-219.7560034782465
594,-220.09783681002034,1,593,1,4000,cap,801.6606955304089,-1021.8011619783065,0.0,nan,nan,nan,-220.14046644789755
595,-220.48222920626742,1,594,1,4000,cap,802.996905133418,-1023.5218361399329,0.0,nan,nan,nan,-220.52493100651498
596,-220.86662317861044,1,595,1,4000,cap,804.333114736427,-1025.2425118789988,0.0,nan,nan,nan,-220.90939714257183
597,-221.25101873500273,1,596,1,4000,cap,805.669324339436,-1026.9631892034722,0.0,nan,nan,nan,-221.2938648640362
598,-221.6354158627116,1,597,1,4000,cap,807.005533942445,-1028.6838681005593,0.0,nan,nan,nan,-221.67833415811424
599,-222.01981457466434,1,598,1,4000,cap,808.341743545454,-1030.4045485832294,0.0,nan,nan,nan,-222.06280503777532
600,-222.40421486985642,1,599,1,4000,cap,809.6779531484631,-1032.125230650462,0.0,nan,nan,nan,-222.447277501999
601,-222.78861674031512,1,600,1,4000,cap,811.0141627514721,-1033.8459142943193,0.0,nan,nan,nan,-222.8317515428472
602,-223.1730201964901,1,601,1,4000,cap,812.3503723544811,-1035.566599525242,0.0,nan,nan,nan,-223.21622717076093
603,-223.557425220563,1,602,1,4000,cap,813.6865819574903,-1037.2872863252933,0.0,nan,nan,nan,-223.60070436780302
604,-223.9418318356045,1,603,1,4000,cap,815.0227915604993,-1039.0079747177333,0.0,nan,nan,nan,-223.98518315723402
605,-224.32624001958843,1,604,1,4000,cap,816.3590011635083,-1040.7286646803977,0.0,nan,nan,nan,-224.36966351688943
606,-224.71064979893043,1,605,1,4000,cap,817.6952107665173,-1042.4493562397993,0.0,nan,nan,nan,-224.75414547328194
607,-225.0950611448245,1,606,1,4000,cap,819.0314203695264,-1044.1700493670169,0.0,nan,nan,nan,-225.1386289974905
608,-225.47947407841366,1,607,1,4000,cap,820.3676299725354,-1045.890744083341,0.0,nan,nan,nan,-225.52311411080552
609,-225.86388858458884,1,608,1,4000,cap,821.7038395755444,-1047.6114403734728,0.0,nan,nan,nan,-225.90760079792835
610,-226.2483046787521,1,609,1,4000,cap,823.0400491785534,-1049.3321382530303,0.0,nan,nan,nan,-226.29208907447685
611,-226.63272234659345,1,610,1,4000,cap,824.3762587815625,-1051.0528377075525,0.0,nan,nan,nan,-226.67657892599004
612,-227.0171415982746,1,611,1,4000,cap,825.7124683845716,-1052.7735387472349,0.0,nan,nan,nan,-227.06107036266326
613,-227.40156242473674,1,612,1,4000,cap,827.0486779875806,-1054.4942413630306,0.0,nan,nan,nan,-227.44556337544998
614,-227.7859848359972,1,613,1,4000,cap,828.3848875905896,-1056.2149455649924,0.0,nan,nan,nan,-227.83005797440273
615,-228.17040882454685,1,614,1,4000,cap,829.7210971935987,-1057.9356513455132,0.0,nan,nan,nan,-228.2145541519145
616,-228.55483439309253,1,615,1,4000,cap,831.0573067966077,-1059.6563587073988,0.0,nan,nan,nan,-228.5990519107911
617,-228.93926153951068,1,616,1,4000,cap,832.3935163996167,-1061.377067648491,0.0,nan,nan,nan,-228.98355124887428
618,-229.323690266731,1,617,1,4000,cap,833.7297260026257,-1063.097778171661,0.0,nan,nan,nan,-229.3680521690353
619,-229.7081205772161,1,618,1,4000,cap,835.0659356056348,-1064.8184902794783,0.0,nan,nan,nan,-229.75255467384352
620,-230.0925524632604,1,619,1,4000,cap,836.4021452086438,-1066.5392039642093,0.0,nan,nan,nan,-230.13705875556548
621,-230.47698593726636,1,620,1,4000,cap,837.7383548116528,-1068.2599192381695,0.0,nan,nan,nan,-230.52156442651665
622,-230.8614209785283,1,621,1,4000,cap,839.074564414662,-1069.9806360807543,0.0,nan,nan,nan,-230.90607166609232
623,-231.24585760897224,1,622,1,4000,cap,840.410774017671,-1071.701354513837,0.0,nan,nan,nan,-231.29058049616606
624,-231.6302958133601,1,623,1,4000,cap,841.74698362068,-1073.4220745221564,0.0,nan,nan,nan,-231.67509090147644
625,-232.014735602458,1,624,1,4000,cap,843.083193223689,-1075.1427961165846,0.0,nan,nan,nan,-232.05960289289555
626,-232.3991769743041,1,625,1,4000,cap,844.419402826698,-1076.8635192950615,0.0,nan,nan,nan,-232.4441164683634
627,-232.78361991847345,1,626,1,4000,cap,845.7556124297071,-1078.5842440472024,0.0,nan,nan,nan,-232.82863161749538
628,-233.16806444096534,1,627,1,4000,cap,847.0918220327161,-1080.3049703789848,0.0,nan,nan,nan,-233.21314834626867
629,-233.55251055349964,1,628,1,4000,cap,848.4280316357251,-1082.02569830211,0.0,nan,nan,nan,-233.59766666638484
630,-233.93695823930176,1,629,1,4000,cap,849.7642412387341,-1083.7464277998952,0.0,nan,nan,nan,-233.98218656116103
631,-234.32140750628434,1,630,1,4000,cap,851.1004508417433,-1085.4671588801566,0.0,nan,nan,nan,-234.36670803841332
632,-234.70585835874832,1,631,1,4000,cap,852.4366604447523,-1087.187891547228,0.0,nan,nan,nan,-234.75123110247569
633,-235.09031077389142,1,632,1,4000,cap,853.7728700477613,-1088.9086257782765,0.0,nan,nan,nan,-235.13575573051514
634,-235.4747647811999,1,633,1,4000,cap,855.1090796507704,-1090.6293616028934,0.0,nan,nan,nan,-235.520281952123
635,-235.85922036982012,1,634,1,4000,cap,856.4452892537794,-1092.3500990101174,0.0,nan,nan,nan,-235.90480975633807
636,-236.2436775360047,1,635,1,4000,cap,857.7814988567884,-1094.0708379962407,0.0,nan,nan,nan,-236.2893391394523
637,-236.6281362800107,1,636,1,4000,cap,859.1177084597974,-1095.7915785614596,0.0,nan,nan,nan,-236.67387010166215
638,-237.012596607974,1,637,1,4000,cap,860.4539180628065,-1097.512320712086,0.0,nan,nan,nan,-237.05840264927951
639,-237.39705851358775,1,638,1,4000,cap,861.7901276658155,-1099.2330644415706,0.0,nan,nan,nan,-237.44293677575513
640,-237.78152200271177,1,639,1,4000,cap,863.1263372688246,-1100.9538097559844,0.0,nan,nan,nan,-237.82747248715975
641,-238.1659870602215,1,640,1,4000,cap,864.4625468718336,-1102.674556640034,0.0,nan,nan,nan,-238.21200976820046
642,-238.5504537082961,1,641,1,4000,cap,865.7987564748427,-1104.395305116057,0.0,nan,nan,nan,-238.59654864121433
643,-238.93492193788933,1,642,1,4000,cap,867.1349660778517,-1106.116055174858,0.0,nan,nan,nan,-238.98108909700636
644,-239.31939174460092,1,643,1,4000,cap,868.4711756808607,-1107.8368068121854,0.0,nan,nan,nan,-239.36563113132468
645,-239.70386313001717,1,644,1,4000,cap,869.8073852838697,-1109.557560029466,0.0,nan,nan,nan,-239.75017474559627
646,-240.0883360892035,1,645,1,4000,cap,871.1435948868788,-1111.2783148219041,0.0,nan,nan,nan,-240.13471993502537
647,-240.47281063651036,1,646,1,4000,cap,872.4798044898878,-1112.999071203777,0.0,nan,nan,nan,-240.51926671388924
648,-240.85728676002748,1,647,1,4000,cap,873.8160140928968,-1114.7198291631976,0.0,nan,nan,nan,-240.90381507030077
649,-241.2417644620426,1,648,1,4000,cap,875.1522236959058,-1116.440588702394,0.0,nan,nan,nan,-241.28836500648822
650,-241.62624374914043,1,649,1,4000,cap,876.488433298915,-1118.1613498280985,0.0,nan,nan,nan,-241.67291652918357
651,-242.01072461738468,1,650,1,4000,cap,877.824642901924,-1119.882112536211,0.0,nan,nan,nan,-242.05746963428703
652,-242.39520706495705,1,651,1,4000,cap,879.160852504933,-1121.6028768249935,0.0,nan,nan,nan,-242.44202432006045
653,-242.77969108310563,1,652,1,4000,cap,880.497062107942,-1123.323642685652,0.0,nan,nan,nan,-242.82658057770993
654,-243.16417668841126,1,653,1,4000,cap,881.8332717109511,-1125.0444101349067,0.0,nan,nan,nan,-243.21113842395562
655,-243.54866387343426,1,654,1,4000,cap,883.1694813139601,-1126.7651791650687,0.0,nan,nan,nan,-243.59569785110864
656,-243.9331526372349,1,655,1,4000,cap,884.5056909169691,-1128.4859497754314,0.0,nan,nan,nan,-243.98025885846232
657,-244.31764297986612,1,656,1,4000,cap,885.8419005199781,-1130.2067219659166,0.0,nan,nan,nan,-244.36482144593845
658,-244.7021349087117,1,657,1,4000,cap,887.1781101229872,-1131.927495743993,0.0,nan,nan,nan,-244.74938562100579
659,-245.08662840568246,1,658,1,4000,cap,888.5143197259963,-1133.648271091458,0.0,nan,nan,nan,-245.1339513654616
660,-245.47112349289327,1,659,1,4000,cap,889.8505293290053,-1135.369048030535,0.0,nan,nan,nan,-245.51851870152962
661,-245.85562015355123,1,660,1,4000,cap,891.1867389320144,-1137.0898265444102,0.0,nan,nan,nan,-245.9030876123959
662,-246.24011839929608,1,661,1,4000,cap,892.5229485350234,-1138.8106066446207,0.0,nan,nan,nan,-246.28765810959737
663,-246.62461822481066,1,662,1,4000,cap,893.8591581380324,-1140.5313883260287,0.0,nan,nan,nan,-246.67223018799632
664,-247.0091196295592,1,663,1,4000,cap,895.1953677410414,-1142.2521715879238,0.0,nan,nan,nan,-247.05680384688242
665,-247.39362261563306,1,664,1,4000,cap,896.5315773440504,-1143.972956432517,0.0,nan,nan,nan,-247.44137908846665
666,-247.77812717649505,1,665,1,4000,cap,897.8677869470595,-1145.693742853191,0.0,nan,nan,nan,-247.82595590613153
667,-248.16263332419493,1,666,1,4000,cap,899.2039965500685,-1147.4145308621119,0.0,nan,nan,nan,-248.21053431204336
668,-248.54714104902064,1,667,1,4000,cap,900.5402061530775,-1149.1353204494098,0.0,nan,nan,nan,-248.59511429633233
669,-248.9316503538436,1,668,1,4000,cap,901.8764157560867,-1150.8561116180554,0.0,nan,nan,nan,-248.9796958619687
670,-249.31616123454273,1,669,1,4000,cap,903.2126253590957,-1152.5769043639084,0.0,nan,nan,nan,-249.36427900481272
671,-249.70067369683102,1,670,1,4000,cap,904.5488349621047,-1154.2976986926897,0.0,nan,nan,nan,-249.74886373058496
672,-250.0851877392948,1,671,1,4000,cap,905.8850445651137,-1156.0184946029658,0.0,nan,nan,nan,-250.13345003785207
673,-250.46970336658183,1,672,1,4000,cap,907.2212541681228,-1157.7392920994498,0.0,nan,nan,nan,-250.51803793132706
674,-250.85422056673326,1,673,1,4000,cap,908.5574637711318,-1159.4600911700254,0.0,nan,nan,nan,-250.90262739889363
675,-251.23873935412865,1,674,1,4000,cap,909.8936733741408,-1161.1808918292836,0.0,nan,nan,nan,-251.2872184551428
676,-251.6232597197392,1,675,1,4000,cap,911.2298829771498,-1162.9016940679903,0.0,nan,nan,nan,-251.6718110908405
677,-252.007781657677,1,676,1,4000,cap,912.5660925801589,-1164.6224978804148,0.0,nan,nan,nan,-252.05640530025596
678,-252.392305185796,1,677,1,4000,cap,913.902302183168,-1166.3433032843514,0.0,nan,nan,nan,-252.44100110118336
679,-252.77683029311189,1,678,1,4000,cap,915.238511786177,-1168.0641102687987,0.0,nan,nan,nan,-252.82559848262167
680,-253.16135697264065,1,679,1,4000,cap,916.574721389186,-1169.7849188267783,0.0,nan,nan,nan,-253.21019743759223
681,-253.54588523894412,1,680,1,4000,cap,917.9109309921951,-1171.5057289729066,0.0,nan,nan,nan,-253.59479798071152
682,-253.93041507997762,1,681,1,4000,cap,919.2471405952041,-1173.2265406950173,0.0,nan,nan,nan,-253.97940009981323
683,-254.31494651364883,1,682,1,4000,cap,920.5833501982131,-1174.9473540111821,0.0,nan,nan,nan,-254.36400381296903
684,-254.69947951336056,1,683,1,4000,cap,921.9195598012221,-1176.6681688946219,0.0,nan,nan,nan,-254.74860909339975
685,-255.08401409464847,1,684,1,4000,cap,923.2557694042312,-1178.38898536109,0.0,nan,nan,nan,-255.13321595685875
686,-255.46855025973778,1,685,1,4000,cap,924.5919790072402,-1180.1098034125944,0.0,nan,nan,nan,-255.5178244053542
687,-255.85308800162701,1,686,1,4000,cap,925.9281886102492,-1181.8306230422513,0.0,nan,nan,nan,-255.9024344320021
688,-256.23762732761907,1,687,1,4000,cap,927.2643982132583,-1183.551444257363,0.0,nan,nan,nan,-256.2870460441047
689,-256.6221682375264,1,688,1,4000,cap,928.6006078162674,-1185.2722670577332,0.0,nan,nan,nan,-256.6716592414658
690,-257.0067107209695,1,689,1,4000,cap,929.9368174192764,-1186.9930914328806,0.0,nan,nan,nan,-257.05627401360425
691,-257.39125478720763,1,690,1,4000,cap,931.2730270222854,-1188.713917392257,0.0,nan,nan,nan,-257.4408903699715
692,-257.7758004287633,1,691,1,4000,cap,932.6092366252944,-1190.4347449282423,0.0,nan,nan,nan,-257.8255083029478
693,-258.1603476527877,1,692,1,4000,cap,933.9454462283035,-1192.155574048008,0.0,nan,nan,nan,-258.21012781970455
694,-258.5448964547164,1,693,1,4000,cap,935.2816558313125,-1193.8764047470277,0.0,nan,nan,nan,-258.5947489157152
695,-258.92944684459343,1,694,1,4000,cap,936.6178654343215,-1195.5972370353657,0.0,nan,nan,nan,-258.97937160104414
696,-259.3139988105586,1,695,1,4000,cap,937.9540750373305,-1197.318070901033,0.0,nan,nan,nan,-259.3639958637025
697,-259.69855235362394,1,696,1,4000,cap,939.2902846403397,-1199.0389063451948,0.0,nan,nan,nan,-259.74862170485517
698,-260.0831074805747,1,697,1,4000,cap,940.6264942433487,-1200.7597433745368,0.0,nan,nan,nan,-260.1332491311881
699,-260.46766418811717,1,698,1,4000,cap,941.9627038463577,-1202.4805819858693,0.0,nan,nan,nan,-260.5178781395116
700,-260.8522224713043,1,699,1,4000,cap,943.2989134493668,-1204.2014221740765,0.0,nan,nan,nan,-260.9025087247097
701,-261.23678233273984,1,700,1,4000,cap,944.6351230523758,-1205.9222639419231,0.0,nan,nan,nan,-261.28714088954735
702,-261.62134378263363,1,701,1,4000,cap,945.9713326553848,-1207.6431072995892,0.0,nan,nan,nan,-261.67177464420445
703,-262.0059068090375,1,702,1,4000,cap,947.3075422583938,-1209.3639522349977,0.0,nan,nan,nan,-262.05640997660385
704,-262.39047141385,1,703,1,4000,cap,948.6437518614028,-1211.0847987502448,0.0,nan,nan,nan,-262.4410468888419
705,-262.7750375979991,1,704,1,4000,cap,949.9799614644119,-1212.8056468461182,0.0,nan,nan,nan,-262.8256853817063
706,-263.1596053715262,1,705,1,4000,cap,951.3161710674209,-1214.5264965326915,0.0,nan,nan,nan,-263.21032546527056
707,-263.54417471050726,1,706,1,4000,cap,952.65238067043,-1216.2473477860694,0.0,nan,nan,nan,-263.5949671156394
708,-263.9287456347997,1,707,1,4000,cap,953.9885902734391,-1217.9682006260364,0.0,nan,nan,nan,-263.9796103525973
709,-264.3133181432088,1,708,1,4000,cap,955.3247998764481,-1219.6890550515081,0.0,nan,nan,nan,-264.36425517506007
710,-264.69789223102384,1,709,1,4000,cap,956.6610094794571,-1221.4099110577408,0.0,nan,nan,nan,-264.7489015782837
711,-265.082467899002,1,710,1,4000,cap,957.9972190824661,-1223.1307686453983,0.0,nan,nan,nan,-265.1335495629322
712,-265.467045142114,1,711,1,4000,cap,959.3334286854752,-1224.8516278095349,0.0,nan,nan,nan,-265.5181991240597
713,-265.851623974561,1,712,1,4000,cap,960.6696382884842,-1226.5724885643676,0.0,nan,nan,nan,-265.90285027588345
714,-266.2362043738026,1,713,1,4000,cap,962.0058478914932,-1228.2933508872939,0.0,nan,nan,nan,-266.28750299580065
715,-266.6207863694019,1,714,1,4000,cap,963.3420574945022,-1230.0142148079194,0.0,nan,nan,nan,-266.6721573134172
716,-267.00536993549673,1,715,1,4000,cap,964.6782670975114,-1231.7350803004238,0.0,nan,nan,nan,-267.0568132029124
717,-267.38995508101254,1,716,1,4000,cap,966.0144767005204,-1233.455947373538,0.0,nan,nan,nan,-267.44147067301765
718,-267.774541809233,1,717,1,4000,cap,967.3506863035294,-1235.1768160308393,0.0,nan,nan,nan,-267.8261297273099
719,-268.1591301153171,1,718,1,4000,cap,968.6868959065384,-1236.8976862672944,0.0,nan,nan,nan,-268.21079036075594
720,-268.54372000163073,1,719,1,4000,cap,970.0231055095475,-1238.6185580852507,0.0,nan,nan,nan,-268.59545257570323
721,-268.92831147069325,1,720,1,4000,cap,971.3593151125565,-1240.339431487343,0.0,nan,nan,nan,-268.9801163747866
722,-269.3129045209105,1,721,1,4000,cap,972.6955247155655,-1242.0603064719362,0.0,nan,nan,nan,-269.3647817563707
723,-269.69749915040205,1,722,1,4000,cap,974.0317343185745,-1243.7811830370556,0.0,nan,nan,nan,-269.74944871848106
724,-270.0820953627808,1,723,1,4000,cap,975.3679439215836,-1245.502061186433,0.0,nan,nan,nan,-270.13411726484935
725,-270.466693146909,1,724,1,4000,cap,976.7041535245926,-1247.2229409088968,0.0,nan,nan,nan,-270.51878738430423
726,-270.8512925159103,1,725,1,4000,cap,978.0403631276017,-1248.9438222175922,0.0,nan,nan,nan,-270.9034590899905
727,-271.23589346218387,1,726,1,4000,cap,979.3765727306107,-1250.6647051048658,0.0,nan,nan,nan,-271.28813237425504
728,-271.62049599085486,1,727,1,4000,cap,980.7127823336198,-1252.385589575837,0.0,nan,nan,nan,-271.67280724221723
729,-272.00510010022236,1,728,1,4000,cap,982.0489919366288,-1254.1064756288715,0.0,nan,nan,nan,-272.0574836922427
730,-272.38970579601715,1,729,1,4000,cap,983.3852015396378,-1255.8273632696983,0.0,nan,nan,nan,-272.44216173006043
731,-272.7743130655457,1,730,1,4000,cap,984.7214111426468,-1257.5482524854624,0.0,nan,nan,nan,-272.82684134281556
732,-273.15892191642143,1,731,1,4000,cap,986.0576207456559,-1259.2691432840584,0.0,nan,nan,nan,-273.2115225384025
733,-273.54353235211613,1,732,1,4000,cap,987.3938303486649,-1260.9900356687267,0.0,nan,nan,nan,-273.5962053200618
734,-273.92814436326546,1,733,1,4000,cap,988.7300399516739,-1262.710929630155,0.0,nan,nan,nan,-273.98088967848116
735,-274.31275794961755,1,734,1,4000,cap,990.066249554683,-1264.431825168158,0.0,nan,nan,nan,-274.3655756134749
736,-274.69737311669917,1,735,1,4000,cap,991.4024591576921,-1266.152722288205,0.0,nan,nan,nan,-274.75026313051296
737,-275.0819898722476,1,736,1,4000,cap,992.7386687607011,-1267.873620998047,0.0,nan,nan,nan,-275.13495223734594
738,-275.4666082004923,1,737,1,4000,cap,994.0748783637101,-1269.5945212819697,0.0,nan,nan,nan,-275.5196429182596
739,-275.85122811004595,1,738,1,4000,cap,995.4110879667192,-1271.315423148424,0.0,nan,nan,nan,-275.90433518170494
740,-276.23584960114897,1,739,1,4000,cap,996.7472975697282,-1273.0363265978758,0.0,nan,nan,nan,-276.28902902814764
741,-276.6204726768005,1,740,1,4000,cap,998.0835071727372,-1274.757231633157,0.0,nan,nan,nan,-276.67372446041986
742,-277.0050973311565,1,741,1,4000,cap,999.4197167757462,-1276.4781382484325,0.0,nan,nan,nan,-277.0584214726863
743,-277.3897235628626,1,742,1,4000,cap,1000.7559263787552,-1278.1990464424525,0.0,nan,nan,nan,-277.4431200636973
744,-277.7743513803997,1,743,1,4000,cap,1002.0921359817643,-1279.919956223599,0.0,nan,nan,nan,-277.82782024183473
745,-278.1589807678972,1,744,1,4000,cap,1003.4283455847734,-1281.6408675760358,0.0,nan,nan,nan,-278.2125219912624
746,-278.5436117379759,1,745,1,4000,cap,1004.7645551877824,-1283.3617805123831,0.0,nan,nan,nan,-278.5972253246007
747,-278.92824429054275,1,746,1,4000,cap,1006.1007647907915,-1285.0826950326173,0.0,nan,nan,nan,-278.9819302418258
748,-279.3128784326875,1,747,1,4000,cap,1007.4369743938005,-1286.8036111436322,0.0,nan,nan,nan,-279.36663674983174
749,-279.69751414190205,1,748,1,4000,cap,1008.7731839968095,-1288.524528823169,0.0,nan,nan,nan,-279.7513448263595
750,-280.08215143551473,1,749,1,4000,cap,1010.1093935998185,-1290.2454480883753,0.0,nan,nan,nan,-280.13605448855674
751,-280.46679031123057,1,750,1,4000,cap,1011.4456032028276,-1291.9663689369736,0.0,nan,nan,nan,-280.52076573414604
752,-280.85143076628805,1,751,1,4000,cap,1012.7818128058366,-1293.6872913663337,0.0,nan,nan,nan,-280.90547856049716
753,-281.23607280242777,1,752,1,4000,cap,1014.1180224088456,-1295.4082153781073,0.0,nan,nan,nan,-281.29019296926174
754,-281.6207164151092,1,753,1,4000,cap,1015.4542320118547,-1297.129140967667,0.0,nan,nan,nan,-281.67490895581216
755,-282.0053616155798,1,754,1,4000,cap,1016.7904416148638,-1298.850068146401,0.0,nan,nan,nan,-282.05962653153733
756,-282.3900083878818,1,755,1,4000,cap,1018.1266512178728,-1300.5709968982865,0.0,nan,nan,nan,-282.4443456804137
757,-282.7746567449095,1,756,1,4000,cap,1019.4628608208818,-1302.2919272362433,0.0,nan,nan,nan,-282.82906641536147
758,-283.15930667745545,1,757,1,4000,cap,1020.7990704238908,-1304.012859150991,0.0,nan,nan,nan,-283.2137887271002
759,-283.54395820308304,1,758,1,4000,cap,1022.1352800268999,-1305.7337926602486,0.0,nan,nan,nan,-283.5985126333487
760,-283.92861129290765,1,759,1,4000,cap,1023.4714896299089,-1307.4547277349484,0.0,nan,nan,nan,-283.9832381050395
761,-284.3132659770705,1,760,1,4000,cap,1024.807699232918,-1309.1756644053912,0.0,nan,nan,nan,-284.3679651724733
762,-284.6979222294333,1,761,1,4000,cap,1026.1439088359268,-1310.8966026452927,0.0,nan,nan,nan,-284.75269380936584
763,-285.08258007142393,1,762,1,4000,cap,1027.480118438936,-1312.617542476215,0.0,nan,nan,nan,-285.13742403727906
764,-285.46723948552125,1,763,1,4000,cap,1028.816328041945,-1314.3384838805396,0.0,nan,nan,nan,-285.5221558385945
765,-285.85190048873494,1,764,1,4000,cap,1030.152537644954,-1316.059426875323,0.0,nan,nan,nan,-285.90688923036896
766,-286.2365630661993,1,765,1,4000,cap,1031.4887472479631,-1317.7803714456713,0.0,nan,nan,nan,-286.2916241977082
767,-286.6212272200775,1,766,1,4000,cap,1032.824956850972,-1319.501317593742,0.0,nan,nan,nan,-286.67636074276993
768,-287.0058929667526,1,767,1,4000,cap,1034.161166453981,-1321.2222653360132,0.0,nan,nan,nan,-287.0610988820322
769,-287.3905602770357,1,768,1,4000,cap,1035.49737605699,-1322.9432146431554,0.0,nan,nan,nan,-287.44583858616534
770,-287.7752291801946,1,769,1,4000,cap,1036.8335856599992,-1324.6641655445837,0.0,nan,nan,nan,-287.8305798845845
771,-288.1598996643104,1,770,1,4000,cap,1038.1697952630082,-1326.3851180282,0.0,nan,nan,nan,-288.2153227651918
772,-288.5445717282199,1,771,1,4000,cap,1039.5060048660173,-1328.1060720930182,0.0,nan,nan,nan,-288.60006722700086
773,-288.9292453624368,1,772,1,4000,cap,1040.8422144690262,-1329.8270277293977,0.0,nan,nan,nan,-288.98481326037154
774,-289.3139205843709,1,773,1,4000,cap,1042.1784240720353,-1331.5479849549283,0.0,nan,nan,nan,-289.369560882893
775,-289.6985973862807,1,774,1,4000,cap,1043.5146336750443,-1333.2689437616882,0.0,nan,nan,nan,-289.75431008664395
776,-290.08327576920834,1,775,1,4000,cap,1044.8508432780534,-1334.9899041508233,0.0,nan,nan,nan,-290.13906087276996
777,-290.46795573374,1,776,1,4000,cap,1046.1870528810623,-1336.7108661228685,0.0,nan,nan,nan,-290.52381324180624
778,-290.85263727687067,1,777,1,4000,cap,1047.5232624840714,-1338.4318296748588,0.0,nan,nan,nan,-290.9085671907874
779,-291.2373203967292,1,778,1,4000,cap,1048.8594720870806,-1340.152794804937,0.0,nan,nan,nan,-291.2933227178564
780,-291.62200510749074,1,779,1,4000,cap,1050.1956816900895,-1341.8737615272457,0.0,nan,nan,nan,-291.67807983715625
781,-292.00669138515974,1,780,1,4000,cap,1051.5318912930986,-1343.5947298177398,0.0,nan,nan,nan,-292.06283852464117
782,-292.39137925165903,1,781,1,4000,cap,1052.8681008961075,-1345.3156996984308,0.0,nan,nan,nan,-292.4475988023232
783,-292.7760686907206,1,782,1,4000,cap,1054.2043104991167,-1347.0366711530005,0.0,nan,nan,nan,-292.8323606538838
784,-293.1607597205703,1,783,1,4000,cap,1055.5405201021256,-1348.757644199739,0.0,nan,nan,nan,-293.21712409761335
785,-293.54545232982304,1,784,1,4000,cap,1056.8767297051347,-1350.4786188271264,0.0,nan,nan,nan,-293.6018891219917
786,-293.9301465125676,1,785,1,4000,cap,1058.2129393081436,-1352.1995950294477,0.0,nan,nan,nan,-293.98665572130403
787,-294.31484227983105,1,786,1,4000,cap,1059.5491489111528,-1353.920572817522,0.0,nan,nan,nan,-294.3714239063693
788,-294.6995396243417,1,787,1,4000,cap,1060.885358514162,-1355.6415521841864,0.0,nan,nan,nan,-294.75619367002446
789,-295.0842385503537,1,788,1,4000,cap,1062.2215681171708,-1357.3625331337025,0.0,nan,nan,nan,-295.1409650165317
790,-295.468939057453,1,789,1,4000,cap,1063.55777772018,-1359.083515665665,0.0,nan,nan,nan,-295.52573794548493
791,-295.8536411442719,1,790,1,4000,cap,1064.8939873231889,-1360.8044997786474,0.0,nan,nan,nan,-295.9105124554585
792,-296.2383448156723,1,791,1,4000,cap,1066.230196926198,-1362.5254854775285,0.0,nan,nan,nan,-296.2952885513305
793,-296.6230500616731,1,792,1,4000,cap,1067.566406529207,-1364.2464727523602,0.0,nan,nan,nan,-296.6800662231533
794,-297.00775689290793,1,793,1,4000,cap,1068.902616132216,-1365.9674616137236,0.0,nan,nan,nan,-297.0648454815075
795,-297.3924653016011,1,794,1,4000,cap,1070.238825735225,-1367.6884520539516,0.0,nan,nan,nan,-297.4496263187266
796,-297.7771752887648,1,795,1,4000,cap,1071.575035338234,-1369.409444073961,0.0,nan,nan,nan,-297.8344087357268
797,-298.1618868597494,1,796,1,4000,cap,1072.9112449412432,-1371.1304376790467,0.0,nan,nan,nan,-298.2191927378035
798,-298.54660001332104,1,797,1,4000,cap,1074.2474545442522,-1372.8514328681304,0.0,nan,nan,nan,-298.6039783238782
799,-298.9313147449034,1,798,1,4000,cap,1075.5836641472613,-1374.572429636486,0.0,nan,nan,nan,-298.98876548922476
800,-299.31603105410255,1,799,1,4000,cap,1076.9198737502702,-1376.2934279838792,0.0,nan,nan,nan,-299.37355423360896
801,-299.70074894212337,1,800,1,4000,cap,1078.2560833532793,-1378.0144279113483,0.0,nan,nan,nan,-299.758344558069
802,-300.08546841821163,1,801,1,4000,cap,1079.5922929562882,-1379.7354294282395,0.0,nan,nan,nan,-300.14313647195127
803,-300.47018946499594,1,802,1,4000,cap,1080.9285025592974,-1381.4564325171814,0.0,nan,nan,nan,-300.527929957884
804,-300.8549121017237,1,803,1,4000,cap,1082.2647121623063,-1383.1774371973715,0.0,nan,nan,nan,-300.91272503506525
805,-301.23963631612435,1,804,1,4000,cap,1083.6009217653154,-1384.8984434565627,0.0,nan,nan,nan,-301.2975216912473
806,-301.6243621073555,1,805,1,4000,cap,1084.9371313683246,-1386.6194512939328,0.0,nan,nan,nan,-301.6823199256082
807,-302.0090894796502,1,806,1,4000,cap,1086.2733409713335,-1388.3404607136963,0.0,nan,nan,nan,-302.0671197423628
808,-302.39381843832905,1,807,1,4000,cap,1087.6095505743426,-1390.0614717212138,0.0,nan,nan,nan,-302.4519211468712
809,-302.7785489740484,1,808,1,4000,cap,1088.9457601773515,-1391.7824843069757,0.0,nan,nan,nan,-302.83672412962414
810,-303.16328109513046,1,809,1,4000,cap,1090.2819697803607,-1393.5034984795875,0.0,nan,nan,nan,-303.22152869922684
811,-303.54801478152336,1,810,1,4000,cap,1091.6181793833696,-1395.2245142187076,0.0,nan,nan,nan,-303.606334835338
812,-303.93275006098065,1,811,1,4000,cap,1092.9543889863787,-1396.94553155229,0.0,nan,nan,nan,-303.99114256591133
813,-304.31748692239796,1,812,1,4000,cap,1094.2905985893876,-1398.6665504691755,0.0,nan,nan,nan,-304.37595187978786
814,-304.7022253594417,1,813,1,4000,cap,1095.6268081923968,-1400.3875709630065,0.0,nan,nan,nan,-304.76076277060974
815,-305.0869653766243,1,814,1,4000,cap,1096.9630177954057,-1402.1085930382997,0.0,nan,nan,nan,-305.145575242894
816,-305.47170697256973,1,815,1,4000,cap,1098.2992273984148,-1403.8296166936598,0.0,nan,nan,nan,-305.53038929524496
817,-305.856450152563,1,816,1,4000,cap,1099.635437001424,-1405.5506419344274,0.0,nan,nan,nan,-305.91520493300345
818,-306.24119491065426,1,817,1,4000,cap,1100.9716466044329,-1407.2716687546344,0.0,nan,nan,nan,-306.3000221502016
819,-306.62594125148024,1,818,1,4000,cap,1102.307856207442,-1408.9926971589157,0.0,nan,nan,nan,-306.6848409514737
820,-307.01068916694146,1,819,1,4000,cap,1103.644065810451,-1410.713727139093,0.0,nan,nan,nan,-307.06966132864204
821,-307.39543867510406,1,820,1,4000,cap,1104.98027541346,-1412.4347587134343,0.0,nan,nan,nan,-307.4544832999743
822,-307.78018975464835,1,821,1,4000,cap,1106.316485016469,-1414.1557918603248,0.0,nan,nan,nan,-307.83930684385587
823,-308.16494241763576,1,822,1,4000,cap,1107.652694619478,-1415.8768265921099,0.0,nan,nan,nan,-308.22413197263177
824,-308.54969665546554,1,823,1,4000,cap,1108.988904222487,-1417.597862900002,0.0,nan,nan,nan,-308.6089586775149
825,-308.9344524843484,1,824,1,4000,cap,1110.3251138254961,-1419.3189008003628,0.0,nan,nan,nan,-308.9937869748667
826,-309.3192098892385,1,825,1,4000,cap,1111.6613234285053,-1421.0399402779694,0.0,nan,nan,nan,-309.37861684946415
827,-309.70396886834436,1,826,1,4000,cap,1112.9975330315142,-1422.7609813311483,0.0,nan,nan,nan,-309.7634482996341
828,-310.0887294311977,1,827,1,4000,cap,1114.3337426345233,-1424.4820239694654,0.0,nan,nan,nan,-310.1482813349421
829,-310.4734915839109,1,828,1,4000,cap,1115.6699522375322,-1426.2030681989,0.0,nan,nan,nan,-310.5331159613677
830,-310.8582553074916,1,829,1,4000,cap,1117.0061618405414,-1427.9241140005488,0.0,nan,nan,nan,-310.9179521600074
831,-311.2430206081991,1,830,1,4000,cap,1118.3423714435503,-1429.6451613806148,0.0,nan,nan,nan,-311.3027899370645
832,-311.6277874956022,1,831,1,4000,cap,1119.6785810465594,-1431.3662103488223,0.0,nan,nan,nan,-311.68762930226285
833,-312.01255595932537,1,832,1,4000,cap,1121.0147906495683,-1433.0872608946465,0.0,nan,nan,nan,-312.0724702450782
834,-312.3973260139579,1,833,1,4000,cap,1122.3510002525775,-1434.808313032614,0.0,nan,nan,nan,-312.45731278003655
835,-312.7820976352795,1,834,1,4000,cap,1123.6872098555866,-1436.5293667386995,0.0,nan,nan,nan,-312.8421568831129
836,-313.1668708437435,1,835,1,4000,cap,1125.0234194585955,-1438.250422033214,0.0,nan,nan,nan,-313.2270025746184
837,-313.5516456338342,1,836,1,4000,cap,1126.3596290616047,-1439.9714789107002,0.0,nan,nan,nan,-313.6118498490955
838,-313.9364220055355,1,837,1,4000,cap,1127.6958386646136,-1441.6925373711656,0.0,nan,nan,nan,-313.996698706552
839,-314.3211999565023,1,838,1,4000,cap,1129.0320482676227,-1443.4135974121855,0.0,nan,nan,nan,-314.38154914456277
840,-314.70597948393004,1,839,1,4000,cap,1130.3682578706316,-1445.1346590309568,0.0,nan,nan,nan,-314.76640116032513
841,-315.0907605976483,1,840,1,4000,cap,1131.7044674736408,-1446.855722237411,0.0,nan,nan,nan,-315.15125476377034
842,-315.4755432893517,1,841,1,4000,cap,1133.0406770766497,-1448.5767870231775,0.0,nan,nan,nan,-315.53610994652786
843,-315.86032756125235,1,842,1,4000,cap,1134.3768866796588,-1450.2978533904825,0.0,nan,nan,nan,-315.9209667108237
844,-316.2451134129642,1,843,1,4000,cap,1135.713096282668,-1452.0189213388512,0.0,nan,nan,nan,-316.30582505618327
845,-316.6299008470262,1,844,1,4000,cap,1137.0493058856769,-1453.739990870974,0.0,nan,nan,nan,-316.69068498529714
846,-317.0146898643456,1,845,1,4000,cap,1138.385515488686,-1455.4610619877112,0.0,nan,nan,nan,-317.0755464990252
847,-317.39948045802504,1,846,1,4000,cap,1139.721725091695,-1457.182134682087,0.0,nan,nan,nan,-317.46040959039215
848,-317.78427263276217,1,847,1,4000,cap,1141.057934694704,-1458.9032089588636,0.0,nan,nan,nan,-317.84527426415957
849,-318.1690663921178,1,848,1,4000,cap,1142.394144297713,-1460.6242848215788,0.0,nan,nan,nan,-318.2301405238659
850,-318.5538617277475,1,849,1,4000,cap,1143.730353900722,-1462.3453622618672,0.0,nan,nan,nan,-318.6150083611451
851,-318.9386586343276,1,850,1,4000,cap,1145.066563503731,-1464.0664412745646,0.0,nan,nan,nan,-318.99987777083356
852,-319.3234571373529,1,851,1,4000,cap,1146.4027731067401,-1465.7875218848985,0.0,nan,nan,nan,-319.3847487781584
853,-319.70825721789,1,852,1,4000,cap,1147.738982709749,-1467.5086040741407,0.0,nan,nan,nan,-319.7696213643917
854,-320.0930588759989,1,853,1,4000,cap,1149.0751923127582,-1469.2296878422712,0.0,nan,nan,nan,-320.15449552951304
855,-320.47786211164583,1,854,1,4000,cap,1150.4114019157673,-1470.9507731892845,0.0,nan,nan,nan,-320.5393712735172
856,-320.86266693929724,1,855,1,4000,cap,1151.7476115187762,-1472.6718601296088,0.0,nan,nan,nan,-320.9242486108326
857,-321.24747333142835,1,856,1,4000,cap,1153.0838211217854,-1474.3929486357974,0.0,nan,nan,nan,-321.30912751401206
858,-321.632281316463,1,857,1,4000,cap,1154.4200307247943,-1476.1140387361684,0.0,nan,nan,nan,-321.6940080113741
859,-322.017090879909,1,858,1,4000,cap,1155.7562403278034,-1477.8351304162697,0.0,nan,nan,nan,-322.0788900884663
860,-322.4019020190179,1,859,1,4000,cap,1157.0924499308123,-1479.5562236734313,0.0,nan,nan,nan,-322.46377374261897
861,-322.7867147433491,1,860,1,4000,cap,1158.4286595338215,-1481.2773185170809,0.0,nan,nan,nan,-322.8486589832594
862,-323.1715290478359,1,861,1,4000,cap,1159.7648691368304,-1482.9984149422562,0.0,nan,nan,nan,-323.2335458054258
863,-323.5563449318777,1,862,1,4000,cap,1161.1010787398395,-1484.7195129483534,0.0,nan,nan,nan,-323.6184342085139
864,-323.9411623955378,1,863,1,4000,cap,1162.4372883428487,-1486.440612535267,0.0,nan,nan,nan,-324.0033241924184
865,-324.32598143861486,1,864,1,4000,cap,1163.7734979458576,-1488.1617137030626,0.0,nan,nan,nan,-324.388215757205
866,-324.71080207191386,1,865,1,4000,cap,1165.1097075488667,-1489.8828164623555,0.0,nan,nan,nan,-324.77310891348884
867,-325.0956242744719,1,866,1,4000,cap,1166.4459171518756,-1491.6039207922477,0.0,nan,nan,nan,-325.15800364037204
868,-325.4804480613681,1,867,1,4000,cap,1167.7821267548848,-1493.3250267077892,0.0,nan,nan,nan,-325.54289995290446
869,-325.8652734328453,1,868,1,4000,cap,1169.1183363578937,-1495.0461342093222,0.0,nan,nan,nan,-325.9277978514285
870,-326.2501003722274,1,869,1,4000,cap,1170.4545459609028,-1496.767243279939,0.0,nan,nan,nan,-326.31269731903626
871,-326.63492890634586,1,870,1,4000,cap,1171.7907555639117,-1498.4883539467792,0.0,nan,nan,nan,-326.69759838286745
872,-327.01975901837545,1,871,1,4000,cap,1173.1269651669209,-1500.2094661927895,0.0,nan,nan,nan,-327.0825010258686
873,-327.40459070835163,1,872,1,4000,cap,1174.46317476993,-1501.9305800180864,0.0,nan,nan,nan,-327.4674052481564
874,-327.78942398097075,1,873,1,4000,cap,1175.799384372939,-1503.6516954273793,0.0,nan,nan,nan,-327.8523110544404
875,-328.17425883901456,1,874,1,4000,cap,1177.135593975948,-1505.3728124234112,0.0,nan,nan,nan,-328.2372184474632
876,-328.55909526784677,1,875,1,4000,cap,1178.471803578957,-1507.0939309915357,0.0,nan,nan,nan,-328.6221274125787
877,-328.9439332790375,1,876,1,4000,cap,1179.808013181966,-1508.8150511433414,0.0,nan,nan,nan,-329.0070379613753
878,-329.32877287478357,1,877,1,4000,cap,1181.144222784975,-1510.536172881135,0.0,nan,nan,nan,-329.3919500961599
879,-329.7136140463036,1,878,1,4000,cap,1182.4804323879841,-1512.2572961959322,0.0,nan,nan,nan,-329.7768638079481
880,-330.0984568020359,1,879,1,4000,cap,1183.816641990993,-1513.9784210962735,0.0,nan,nan,nan,-330.1617791052804
881,-330.4833011406221,1,880,1,4000,cap,1185.1528515940022,-1515.6995475808926,0.0,nan,nan,nan,-330.5466959868904
882,-330.86814705530423,1,881,1,4000,cap,1186.4890611970113,-1517.4206756428393,0.0,nan,nan,nan,-330.931614445828
883,-331.2529945509661,1,882,1,4000,cap,1187.8252708000202,-1519.1418052870922,0.0,nan,nan,nan,-331.316534487072
884,-331.6378436287323,1,883,1,4000,cap,1189.1614804030294,-1520.8629365149009,0.0,nan,nan,nan,-331.7014561118715
885,-332.0226942886861,1,884,1,4000,cap,1190.4976900060383,-1522.5840693261107,0.0,nan,nan,nan,-332.0863793200724
886,-332.4075465283434,1,885,1,4000,cap,1191.8338996090474,-1524.3052037184225,0.0,nan,nan,nan,-332.47130410937507
887,-332.7924003480266,1,886,1,4000,cap,1193.1701092120563,-1526.0263396920946,0.0,nan,nan,nan,-332.8562304800382
888,-333.17725574486514,1,887,1,4000,cap,1194.5063188150655,-1527.7474772441692,0.0,nan,nan,nan,-333.24115842910373
889,-333.5621127300185,1,888,1,4000,cap,1195.8425284180744,-1529.4686163860115,0.0,nan,nan,nan,-333.6260879679371
890,-333.9469712912608,1,889,1,4000,cap,1197.1787380210835,-1531.1897571051213,0.0,nan,nan,nan,-334.0110190840378
891,-334.3318314378971,1,890,1,4000,cap,1198.5149476240924,-1532.9108994111102,0.0,nan,nan,nan,-334.3959517870178
892,-334.71669315714854,1,891,1,4000,cap,1199.8511572271016,-1534.6320432909833,0.0,nan,nan,nan,-334.7808860638818
893,-335.10155646203873,1,892,1,4000,cap,1201.1873668301107,-1536.3531887577774,0.0,nan,nan,nan,-335.1658219276667
894,-335.4864213511348,1,893,1,4000,cap,1202.5235764331196,-1538.0743358101954,0.0,nan,nan,nan,-335.5507593770758
895,-335.87128781805205,1,894,1,4000,cap,1203.8597860361288,-1539.7954844416854,0.0,nan,nan,nan,-335.93569840555665
896,-336.2561558641916,1,895,1,4000,cap,1205.1959956391377,-1541.5166346538226,0.0,nan,nan,nan,-336.32063901468496
897,-336.6410254853554,1,896,1,4000,cap,1206.5322052421468,-1543.2377864422124,0.0,nan,nan,nan,-336.7055812000656
898,-337.0258966961075,1,897,1,4000,cap,1207.8684148451557,-1544.9589398216049,0.0,nan,nan,nan,-337.09052497644916
899,-337.4107694861438,1,898,1,4000,cap,1209.2046244481649,-1546.6800947816027,0.0,nan,nan,nan,-337.4754703334379
900,-337.79564385346,1,899,1,4000,cap,1210.5408340511738,-1548.4012513201542,0.0,nan,nan,nan,-337.8604172689804
901,-338.18051980744656,1,900,1,4000,cap,1211.877043654183,-1550.1224094467452,0.0,nan,nan,nan,-338.2453657925623
902,-338.56539733277697,1,901,1,4000,cap,1213.213253257192,-1551.8435691459654,0.0,nan,nan,nan,-338.63031588877334
903,-338.9502764484935,1,902,1,4000,cap,1214.549462860201,-1553.5647304370214,0.0,nan,nan,nan,-339.0152675768204
904,-339.3351571404782,1,903,1,4000,cap,1215.88567246321,-1555.2858933055704,0.0,nan,nan,nan,-339.40022084236034
905,-339.7200394173927,1,904,1,4000,cap,1217.221882066219,-1557.0070577604038,0.0,nan,nan,nan,-339.7851756941848
906,-340.10492326996604,1,905,1,4000,cap,1218.5580916692281,-1558.7282237922336,0.0,nan,nan,nan,-340.1701321230055
907,-340.4898087036221,1,906,1,4000,cap,1219.894301272237,-1560.449391406486,0.0,nan,nan,nan,-340.555090134249
908,-340.8746957167105,1,907,1,4000,cap,1221.2305108752462,-1562.170560601502,0.0,nan,nan,nan,-340.9400497262559
909,-341.259584311358,1,908,1,4000,cap,1222.566720478255,-1563.8917313794045,0.0,nan,nan,nan,-341.3250109011494
910,-341.64447448828463,1,909,1,4000,cap,1223.9029300812642,-1565.6129037409191,0.0,nan,nan,nan,-341.7099736596549
911,-342.02936624676244,1,910,1,4000,cap,1225.2391396842734,-1567.334077685322,0.0,nan,nan,nan,-342.0949380010486
912,-342.4142595903722,1,911,1,4000,cap,1226.5753492872823,-1569.0552532162164,0.0,nan,nan,nan,-342.47990392893416
913,-342.799154507204,1,912,1,4000,cap,1227.9115588902914,-1570.7764303215445,0.0,nan,nan,nan,-342.86487143125305
914,-343.18405100488854,1,913,1,4000,cap,1229.2477684933003,-1572.4976090091714,0.0,nan,nan,nan,-343.249840515871
915,-343.5689490926619,1,914,1,4000,cap,1230.5839780963095,-1574.2187892882284,0.0,nan,nan,nan,-343.63481119191897
916,-343.9538487504582,1,915,1,4000,cap,1231.9201876993184,-1575.9399711386122,0.0,nan,nan,nan,-344.01978343929386
917,-344.33874999326724,1,916,1,4000,cap,1233.2563973023275,-1577.6611545752694,0.0,nan,nan,nan,-344.4047572729419
918,-344.7236528215895,1,917,1,4000,cap,1234.5926069053364,-1579.382339598853,0.0,nan,nan,nan,-344.7897326935165
919,-345.1085572212461,1,918,1,4000,cap,1235.9288165083456,-1581.1035261950747,0.0,nan,nan,nan,-345.1747096867291
920,-345.4934632031085,1,919,1,4000,cap,1237.2650261113547,-1582.8247143747994,0.0,nan,nan,nan,-345.55968826344474
921,-345.8783707732036,1,920,1,4000,cap,1238.6012357143636,-1584.5459041441572,0.0,nan,nan,nan,-345.94466842979364
922,-346.2632799180575,1,921,1,4000,cap,1239.9374453173727,-1586.267095489593,0.0,nan,nan,nan,-346.3296501722202
923,-346.6481906488347,1,922,1,4000,cap,1241.2736549203817,-1587.9882884222461,0.0,nan,nan,nan,-346.71463350186445
924,-347.03310295517446,1,923,1,4000,cap,1242.6098645233908,-1589.7094829318357,0.0,nan,nan,nan,-347.09961840844494
925,-347.41801684454896,1,924,1,4000,cap,1243.9460741263997,-1591.4306790257397,0.0,nan,nan,nan,-347.48460489933996
926,-347.8029323149898,1,925,1,4000,cap,1245.2822837294088,-1593.1518767021353,0.0,nan,nan,nan,-347.8695929727264
927,-348.18784936380695,1,926,1,4000,cap,1246.6184933324178,-1594.873075958123,0.0,nan,nan,nan,-348.2545826257053
928,-348.5727679951623,1,927,1,4000,cap,1247.954702935427,-1596.5942767980214,0.0,nan,nan,nan,-348.6395738625945
929,-348.9576882110934,1,928,1,4000,cap,1249.2909125384358,-1598.3154792238474,0.0,nan,nan,nan,-349.0245666854116
930,-349.34261000650366,1,929,1,4000,cap,1250.627122141445,-1600.0366832305062,0.0,nan,nan,nan,-349.4095610890613
931,-349.7275333786303,1,930,1,4000,cap,1251.963331744454,-1601.7578888151747,0.0,nan,nan,nan,-349.79455707072066
932,-350.1124583333797,1,931,1,4000,cap,1253.299541347463,-1603.4790959837464,0.0,nan,nan,nan,-350.17955463628346
933,-350.49738486774066,1,932,1,4000,cap,1254.6357509504721,-1605.2003047333837,0.0,nan,nan,nan,-350.5645537829116
934,-350.88231298394743,1,933,1,4000,cap,1255.971960553481,-1606.921515066142,0.0,nan,nan,nan,-350.94955451266105
935,-351.2672426828538,1,934,1,4000,cap,1257.3081701564902,-1608.6427269829,0.0,nan,nan,nan,-351.3345568264099
936,-351.6521739587596,1,935,1,4000,cap,1258.644379759499,-1610.3639404779879,0.0,nan,nan,nan,-351.71956071848876
937,-352.0371068215066,1,936,1,4000,cap,1259.9805893625082,-1612.085155561308,0.0,nan,nan,nan,-352.10456619879983
938,-352.42204126160226,1,937,1,4000,cap,1261.3167989655171,-1613.8063722233019,0.0,nan,nan,nan,-352.48957325778474
939,-352.8069772770151,1,938,1,4000,cap,1262.6530085685263,-1615.527590461872,0.0,nan,nan,nan,-352.87458189334575
940,-353.19191488169673,1,939,1,4000,cap,1263.9892181715354,-1617.2488102910538,0.0,nan,nan,nan,-353.2595921195184
941,-353.5768540690347,1,940,1,4000,cap,1265.3254277745443,-1618.9700317043698,0.0,nan,nan,nan,-353.6446039298255
942,-353.9617948283171,1,941,1,4000,cap,1266.6616373775535,-1620.6912546907424,0.0,nan,nan,nan,-354.02961731318896
943,-354.34673717557246,1,942,1,4000,cap,1267.9978469805624,-1622.4124792665498,0.0,nan,nan,nan,-354.4146322859874
944,-354.7316811060043,1,943,1,4000,cap,1269.3340565835715,-1624.133705426857,0.0,nan,nan,nan,-354.79964884328547
945,-355.1166266031923,1,944,1,4000,cap,1270.6702661865804,-1625.8549331552967,0.0,nan,nan,nan,-355.18466696871633
946,-355.5015736927284,1,945,1,4000,cap,1272.0064757895896,-1627.5761624772476,0.0,nan,nan,nan,-355.5696866876581
947,-355.88652236256337,1,946,1,4000,cap,1273.3426853925985,-1629.2973933810172,0.0,nan,nan,nan,-355.9547079884187
948,-356.2714726094646,1,947,1,4000,cap,1274.6788949956076,-1631.0186258631093,0.0,nan,nan,nan,-356.33973086750166
949,-356.6564244390483,1,948,1,4000,cap,1276.0151045986167,-1632.7398599291482,0.0,nan,nan,nan,-356.7247553305315
950,-357.04137785353294,1,949,1,4000,cap,1277.3513142016257,-1634.4610955815442,0.0,nan,nan,nan,-357.10978137991856
951,-357.4263328376332,1,950,1,4000,cap,1278.6875238046348,-1636.1823328047794,0.0,nan,nan,nan,-357.49480900014464
952,-357.8112894158092,1,951,1,4000,cap,1280.0237334076437,-1637.9035716235176,0.0,nan,nan,nan,-357.87983821587386
953,-358.19624757039054,1,952,1,4000,cap,1281.3599430106528,-1639.6248120199652,0.0,nan,nan,nan,-358.2648690093124
954,-358.5812073016605,1,953,1,4000,cap,1282.6961526136618,-1641.3460539943335,0.0,nan,nan,nan,-358.64990138067174
955,-358.96616861310343,1,954,1,4000,cap,1284.032362216671,-1643.067297550364,0.0,nan,nan,nan,-359.03493533369306
956,-359.3511315163297,1,955,1,4000,cap,1285.3685718196798,-1644.7885426993726,0.0,nan,nan,nan,-359.41997087969276
957,-359.73609598740984,1,956,1,4000,cap,1286.704781422689,-1646.5097894176379,0.0,nan,nan,nan,-359.80500799494894
958,-360.12106205264064,1,957,1,4000,cap,1288.040991025698,-1648.2310377313825,0.0,nan,nan,nan,-360.1900467056844
959,-360.5060296882722,1,958,1,4000,cap,1289.377200628707,-1649.9522876168776,0.0,nan,nan,nan,-360.5750869881706
960,-360.89099891028496,1,959,1,4000,cap,1290.7134102317161,-1651.6735390900467,0.0,nan,nan,nan,-360.96012885833056
961,-361.2759697065956,1,960,1,4000,cap,1292.049619834725,-1653.3947921388517,0.0,nan,nan,nan,-361.34517230412666
962,-361.66094208971236,1,961,1,4000,cap,1293.3858294377342,-1655.1160467757927,0.0,nan,nan,nan,-361.73021733805854
963,-362.04591605534756,1,962,1,4000,cap,1294.722039040743,-1656.8373029966533,0.0,nan,nan,nan,-362.1152639559102
964,-362.43089160375325,1,963,1,4000,cap,1296.0582486437522,-1658.5585608014844,0.0,nan,nan,nan,-362.5003121577322
965,-362.81586872706595,1,964,1,4000,cap,1297.3944582467611,-1660.2798201826608,0.0,nan,nan,nan,-362.8853619358997
966,-363.2008474281269,1,965,1,4000,cap,1298.7306678497703,-1662.0010811428601,0.0,nan,nan,nan,-363.27041329308986
967,-363.58582772006173,1,966,1,4000,cap,1300.0668774527792,-1663.7223436952936,0.0,nan,nan,nan,-363.6554662425144
968,-363.97080958618454,1,967,1,4000,cap,1301.4030870557883,-1665.4436078232375,0.0,nan,nan,nan,-364.04052076744915
969,-364.3557930297407,1,968,1,4000,cap,1302.7392966587975,-1667.1648735299677,0.0,nan,nan,nan,-364.4255768711703
970,-364.740778060494,1,969,1,4000,cap,1304.0755062618064,-1668.8861408251469,0.0,nan,nan,nan,-364.8106345633405
971,-365.125764668191,1,970,1,4000,cap,1305.4117158648155,-1670.6074096987068,0.0,nan,nan,nan,-365.19569383389126
972,-365.51075286570756,1,971,1,4000,cap,1306.7479254678244,-1672.328680163444,0.0,nan,nan,nan,-365.5807546956196
973,-365.895742632696,1,972,1,4000,cap,1308.0841350708336,-1674.0499521988077,0.0,nan,nan,nan,-365.9658171279741
974,-366.28073399061304,1,973,1,4000,cap,1309.4203446738425,-1675.7712258265765,0.0,nan,nan,nan,-366.350881152734
975,-366.6657269234508,1,974,1,4000,cap,1310.7565542768516,-1677.4925010305906,0.0,nan,nan,nan,-366.735946753739
976,-367.05072143923,1,975,1,4000,cap,1312.0927638798605,-1679.2137778188426,0.0,nan,nan,nan,-367.12101393898206
977,-367.4357175333822,1,976,1,4000,cap,1313.4289734828697,-1680.9350561867868,0.0,nan,nan,nan,-367.5060827039172
978,-367.8207152158662,1,977,1,4000,cap,1314.7651830858788,-1682.656336144415,0.0,nan,nan,nan,-367.89115305853625
979,-368.20571447219476,1,978,1,4000,cap,1316.1013926888877,-1684.3776176772062,0.0,nan,nan,nan,-368.2762249883185
980,-368.59071531362946,1,979,1,4000,cap,1317.4376022918968,-1686.0989007964818,0.0,nan,nan,nan,-368.6612985045849
981,-368.97571773604005,1,980,1,4000,cap,1318.7738118949057,-1687.8201854979925,0.0,nan,nan,nan,-369.04637360308675
982,-369.36072173624774,1,981,1,4000,cap,1320.1100214979149,-1689.5414717787262,0.0,nan,nan,nan,-369.4314502808113
983,-369.74572732092446,1,982,1,4000,cap,1321.4462311009238,-1691.262759645153,0.0,nan,nan,nan,-369.8165285442292
984,-370.1307344815843,1,983,1,4000,cap,1322.782440703933,-1692.9840490889565,0.0,nan,nan,nan,-370.2016083850235
985,-370.51574322761377,1,984,1,4000,cap,1324.1186503069418,-1694.7053401194553,0.0,nan,nan,nan,-370.58668981251344
986,-370.9007535501591,1,985,1,4000,cap,1325.454859909951,-1696.4266327278092,0.0,nan,nan,nan,-370.9717728178582
987,-371.2857654583294,1,986,1,4000,cap,1326.7910695129601,-1698.1479269230676,0.0,nan,nan,nan,-371.3568574101075
988,-371.6707789399519,1,987,1,4000,cap,1328.127279115969,-1699.869222693189,0.0,nan,nan,nan,-371.7419435772199
989,-372.0557940162874,1,988,1,4000,cap,1329.4634887189782,-1701.5905200593406,0.0,nan,nan,nan,-372.12703134036246
990,-372.44081066230905,1,989,1,4000,cap,1330.799698321987,-1703.3118189964516,0.0,nan,nan,nan,-372.51212067446454
991,-372.8258288957387,1,990,1,4000,cap,1332.1359079249962,-1705.0331195223534,0.0,nan,nan,nan,-372.8972115973572
992,-373.21084870278764,1,991,1,4000,cap,1333.4721175280051,-1706.7544216231418,0.0,nan,nan,nan,-373.2823040951366
993,-373.5958700982053,1,992,1,4000,cap,1334.8083271310143,-1708.475725313776,0.0,nan,nan,nan,-373.66739818276164
994,-373.9808930776579,1,993,1,4000,cap,1336.1445367340232,-1710.1970305896175,0.0,nan,nan,nan,-374.0524938555943
995,-374.3659176229546,1,994,1,4000,cap,1337.4807463370323,-1711.9183374327204,0.0,nan,nan,nan,-374.43759109568805
996,-374.75094376481866,1,995,1,4000,cap,1338.8169559400415,-1713.6396458736817,0.0,nan,nan,nan,-374.8226899336403
997,-375.13597147942636,1,996,1,4000,cap,1340.1531655430504,-1715.3609558887638,0.0,nan,nan,nan,-375.2077903457134
998,-375.5210007765902,1,997,1,4000,cap,1341.4893751460595,-1717.0822674877,0.0,nan,nan,nan,-375.59289234164044
999,-375.9060316538176,1,998,1,4000,cap,1342.8255847490684,-1718.8035806680455,0.0,nan,nan,nan,-375.97799591897706
1000,-376.29106411651446,1,999,1,4000,cap,1344.1617943520775,-1720.5248954351864,0.0,nan,nan,nan,-376.36310108310886
1001,-376.67609815687615,1,1000,1,4000,cap,1345.4980039550865,-1722.2462117813193,0.0,nan,nan,nan,-376.74820782623283
1002,-377.06113378070245,1,1001,1,4000,cap,1346.8342135580956,-1723.967529712243,0.0,nan,nan,nan,-377.13331615414745
1003,-377.4461709812196,1,1002,1,4000,cap,1348.1704231611045,-1725.6888492212183,0.0,nan,nan,nan,-377.5184260601138
1004,-377.83120976391285,1,1003,1,4000,cap,1349.5066327641136,-1727.4101703136603,0.0,nan,nan,nan,-377.9035375495466
1005,-378.2162501332733,1,1004,1,4000,cap,1350.8428423671226,-1729.13149299414,0.0,nan,nan,nan,-378.28865062701743
1006,-378.6012920849094,1,1005,1,4000,cap,1352.1790519701317,-1730.8528172582137,0.0,nan,nan,nan,-378.673765288082
1007,-378.98633560760607,1,1006,1,4000,cap,1353.5152615731408,-1732.5741430947237,0.0,nan,nan,nan,-379.05888152158286
1008,-379.3713807172946,1,1007,1,4000,cap,1354.8514711761497,-1734.295470519468,0.0,nan,nan,nan,-379.4439993433182
1009,-379.7564274033018,1,1008,1,4000,cap,1356.1876807791589,-1736.0167995219217,0.0,nan,nan,nan,-379.82911874276283
1010,-380.1414756721335,1,1009,1,4000,cap,1357.5238903821678,-1737.738130108497,0.0,nan,nan,nan,-380.2142397263292
1011,-380.5265255298977,1,1010,1,4000,cap,1358.860099985177,-1739.4594622854165,0.0,nan,nan,nan,-380.5993623002396
1012,-380.911576966053,1,1011,1,4000,cap,1360.1963095881858,-1741.1807960419646,0.0,nan,nan,nan,-380.9844864537788
1013,-381.29662998011247,1,1012,1,4000,cap,1361.532519191195,-1742.9021313777557,0.0,nan,nan,nan,-381.36961218656074
1014,-381.6816845764719,1,1013,1,4000,cap,1362.868728794204,-1744.6234682972936,0.0,nan,nan,nan,-381.7547395030897
1015,-382.0667407460436,1,1014,1,4000,cap,1364.204938397213,-1746.3448067912032,0.0,nan,nan,nan,-382.1398683939901
1016,-382.4517985046066,1,1015,1,4000,cap,1365.5411480002222,-1748.0661468755807,0.0,nan,nan,nan,-382.5249988753585
1017,-382.8368578511967,1,1016,1,4000,cap,1366.877357603231,-1749.787488549282,0.0,nan,nan,nan,-382.9101309460509
1018,-383.22191876653966,1,1017,1,4000,cap,1368.2135672062402,-1751.5088317930622,0.0,nan,nan,nan,-383.295264586822
1019,-383.6069812663609,1,1018,1,4000,cap,1369.5497768092491,-1753.23017662265,0.0,nan,nan,nan,-383.680399813401
1020,-383.9920453486475,1,1019,1,4000,cap,1370.8859864122583,-1754.951523036094,0.0,nan,nan,nan,-384.06553662383567
1021,-384.3771110071626,1,1020,1,4000,cap,1372.2221960152672,-1756.6728710270836,0.0,nan,nan,nan,-384.45067501181643
1022,-384.76217825489465,1,1021,1,4000,cap,1373.5584056182763,-1758.394220608645,0.0,nan,nan,nan,-384.8358149903686
1023,-385.1472470773384,1,1022,1,4000,cap,1374.8946152212852,-1760.115571766406,0.0,nan,nan,nan,-385.22095654512077
1024,-385.5323174922806,1,1023,1,4000,cap,1376.2308248242944,-1761.836924518053,0.0,nan,nan,nan,-385.60609969375855
1025,-385.91738947882277,1,1024,1,4000,cap,1377.5670344273035,-1763.55827884284,0.0,nan,nan,nan,-385.9912444155366
1026,-386.30246304376743,1,1025,1,4000,cap,1378.9032440303124,-1765.2796347475742,0.0,nan,nan,nan,-386.37639071726176
1027,-386.68753819815413,1,1026,1,4000,cap,1380.2394536333215,-1767.0009922435438,0.0,nan,nan,nan,-386.76153861022226
1028,-387.0726149235084,1,1027,1,4000,cap,1381.5756632363305,-1768.722351312539,0.0,nan,nan,nan,-387.14668807620865
1029,-387.4576932332802,1,1028,1,4000,cap,1382.9118728393396,-1770.4437119682734,0.0,nan,nan,nan,-387.5318391289338
1030,-387.8427731281705,1,1029,1,4000,cap,1384.2480824423485,-1772.165074212442,0.0,nan,nan,nan,-387.91699177009355
1031,-388.2278545869064,1,1030,1,4000,cap,1385.5842920453576,-1773.8864380243922,0.0,nan,nan,nan,-388.30214597903455
1032,-388.6129376329949,1,1031,1,4000,cap,1386.9205016483666,-1775.6078034295952,0.0,nan,nan,nan,-388.6873017812286
1033,-388.9980222533467,1,1032,1,4000,cap,1388.2567112513757,-1777.3291704176263,0.0,nan,nan,nan,-389.0724591662506
1034,-389.383108440381,1,1033,1,4000,cap,1389.5929208543848,-1779.0505389851915,0.0,nan,nan,nan,-389.4576181308066
1035,-389.76819618752404,1,1034,1,4000,cap,1390.9291304573937,-1780.7719091327253,0.0,nan,nan,nan,-389.8427786753316
1036,-390.15328549441415,1,1035,1,4000,cap,1392.2653400604029,-1782.4932808708854,0.0,nan,nan,nan,-390.22794081048255
1037,-390.5383763232363,1,1036,1,4000,cap,1393.6015496634118,-1784.2146541800666,0.0,nan,nan,nan,-390.61310451665486
1038,-390.9234686676861,1,1037,1,4000,cap,1394.937759266421,-1785.936029082739,0.0,nan,nan,nan,-390.99826981631804
1039,-391.3085624642855,1,1038,1,4000,cap,1396.2739688694298,-1787.6574055621204,0.0,nan,nan,nan,-391.38343669269057
1040,-391.6936576443208,1,1039,1,4000,cap,1397.610178472439,-1789.378783624703,0.0,nan,nan,nan,-391.76860515226394
1041,-392.0787540807328,1,1040,1,4000,cap,1398.9463880754479,-1791.1001632649986,0.0,nan,nan,nan,-392.15377518955074
1042,-392.46385158952916,1,1041,1,4000,cap,1400.282597678457,-1792.8215444953312,0.0,nan,nan,nan,-392.53894681687416
1043,-392.84894984734126,1,1042,1,4000,cap,1401.6188072814662,-1794.542927310029,0.0,nan,nan,nan,-392.9241200285628
1044,-393.2340483333442,1,1043,1,4000,cap,1402.955016884475,-1796.2643117024436,0.0,nan,nan,nan,-393.3092948179685
1045,-393.6191462193801,1,1044,1,4000,cap,1404.2912264874842,-1797.9856976782867,0.0,nan,nan,nan,-393.69447119080246
1046,-394.00424215387176,1,1045,1,4000,cap,1405.6274360904931,-1799.7070852382985,0.0,nan,nan,nan,-394.0796491478054
1047,-394.38933393194264,1,1046,1,4000,cap,1406.9636456935023,-1801.4284743735898,0.0,nan,nan,nan,-394.4648286800875
1048,-394.7744179982937,1,1047,1,4000,cap,1408.2998552965112,-1803.1498650983667,0.0,nan,nan,nan,-394.85000980185555
1049,-395.1594885483599,1,1048,1,4000,cap,1409.6360648995203,-1804.8712574143738,0.0,nan,nan,nan,-395.23519251485345
1050,-395.5445361020981,1,1049,1,4000,cap,1410.9722745025292,-1806.5926512962924,0.0,nan,nan,nan,-395.62037679376317
1051,-395.92954527334166,1,1050,1,4000,cap,1412.3084841055384,-1808.3140467659978,0.0,nan,nan,nan,-396.0055626604594
1052,-396.3144909254994,1,1051,1,4000,cap,1413.6446937085473,-1810.035443819157,0.0,nan,nan,nan,-396.3907501106098
1053,-396.69933203168364,1,1052,1,4000,cap,1414.9809033115564,-1811.7568424534784,0.0,nan,nan,nan,-396.775939141922
1054,-397.0840015897719,1,1053,1,4000,cap,1416.3171129145655,-1813.478242679681,0.0,nan,nan,nan,-397.16112976511545
1055,-397.4683900563844,1,1054,1,4000,cap,1417.6533225175745,-1815.1996444759843,0.0,nan,nan,nan,-397.54632195840986
1056,-397.85231840471073,1,1055,1,4000,cap,1418.9895321205836,-1816.9210478592213,0.0,nan,nan,nan,-397.9315157386377
1057,-398.235493980216,1,1056,1,4000,cap,1420.3257417235925,-1818.6424528246134,0.0,nan,nan,nan,-398.3167111010209
1058,-398.6174388521098,1,1057,1,4000,cap,1421.6619513266016,-1820.3638593767573,0.0,nan,nan,nan,-398.7019080501557
1059,-398.9973740318797,1,1058,1,4000,cap,1422.9981609296105,-1822.0852675115912,0.0,nan,nan,nan,-399.0871065819806
1060,-399.3740347125195,1,1059,1,4000,cap,1424.3343705326197,-1823.8066772275106,0.0,nan,nan,nan,-399.4723066948909
1061,-399.745381298468,1,1060,1,4000,cap,1425.6705801356286,-1825.5280885240372,0.0,nan,nan,nan,-399.85750838840863
1062,-400.10816320491165,1,1061,1,4000,cap,1427.0067897386377,-1827.249501403865,0.0,nan,nan,nan,-400.24271166522726
1063,-400.4573006605744,1,1062,1,4000,cap,1428.3429993416469,-1828.9709158679252,0.0,nan,nan,nan,-400.62791652627834
1064,-400.78510758803003,1,1063,1,4000,cap,1429.6792089446558,-1830.6923319065936,0.0,nan,nan,nan,-401.0131229619378
1065,-401.080546156725,1,1064,1,4000,cap,1431.015418547665,-1832.4137495368504,0.0,nan,nan,nan,-401.3983309891855
1066,-401.3290324058529,1,1065,1,4000,cap,1432.3516281506738,-1834.1351687493534,0.0,nan,nan,nan,-401.78354059867956
1067,-401.5136854962788,1,1066,1,4000,cap,1433.687837753683,-1835.8565895367537,0.0,nan,nan,nan,-402.1687517830708
1068,-401.61877857595357,1,1067,1,4000,cap,1435.0240473566919,-1837.5780119163082,0.0,nan,nan,nan,-402.55396455961636
1069,-401.63475170594353,1,1068,4001,8000,eallratio,1436.360256959701,-1317.7275216815833,-521.1176582183201,0.003,nan,0.003,-402.4849229402024
1070,-401.56204142064536,1,1069,4001,8000,eallratio,1437.69646656271,-1318.9606922315288,-520.8816835407546,0.003,nan,0.003,-402.14590920957346
1071,-401.41085582265544,1,1070,4001,8000,eallratio,1439.032676165719,-1320.1938637019848,-520.6443589128443,0.003,nan,0.003,-401.80554644911
1072,-401.19708019298434,1,1071,4001,8000,eallratio,1440.3688857687282,-1321.4270361085037,-520.4056855911941,0.003,nan,0.003,-401.4638359309696
1073,-400.9373296974363,1,1072,4001,8000,eallratio,1441.7050953717371,-1322.6602094371356,-520.165664831074,0.003,nan,0.003,-401.1207788964724
1074,-400.64572403903543,1,1073,4001,8000,eallratio,1443.0413049747463,-1323.89338370955,-519.9242978891092,0.003,nan,0.003,-400.77637662391305
1075,-400.33282580198386,1,1074,4001,8000,eallratio,1444.3775145777552,-1325.1265589000323,-519.681586011183,0.003,nan,0.003,-400.43063033346004
1076,-400.0059245717435,1,1075,4001,8000,eallratio,1445.7137241807643,-1326.3597350333075,-519.4375304472065,0.003,nan,0.003,-400.08354129974975
1077,-399.6698014319926,1,1076,4001,8000,eallratio,1447.0499337837732,-1327.5929120901965,-519.1921324444153,0.003,nan,0.003,-399.73511075083854
1078,-399.3274937553314,1,1077,4001,8000,eallratio,1448.3861433867824,-1328.8260900757214,-518.945393247367,0.003,nan,0.003,-399.38533993630597
1079,-398.9808930853034,1,1078,4001,8000,eallratio,1449.7223529897913,-1330.0592689941823,-518.6973140939091,0.003,nan,0.003,-399.0342300983001
1080,-398.63116284984085,1,1079,4001,8000,eallratio,1451.0585625928004,-1331.2924488404096,-518.4478962259142,0.003,nan,0.003,-398.6817824735234
1081,-398.2790131249557,1,1080,4001,8000,eallratio,1452.3947721958095,-1332.525629619604,-518.1971408799028,0.003,nan,0.003,-398.3279983036972
1082,-397.9248752114589,1,1081,4001,8000,eallratio,1453.7309817988184,-1333.7588113200873,-517.9450492923924,0.003,nan,0.003,-397.97287881366117
1083,-397.56901038615285,1,1082,4001,8000,eallratio,1455.0671914018276,-1334.9919939661613,-517.6916226904999,0.003,nan,0.003,-397.61642525483364
1084,-397.2115766810076,1,1083,4001,8000,eallratio,1456.4034010048365,-1336.22517753564,-517.436862308074,0.003,nan,0.003,-397.25863883887735
1085,-396.8526697234261,1,1084,4001,8000,eallratio,1457.7396106078456,-1337.4583620278827,-517.1807693722479,0.003,nan,0.003,-396.899520792285
1086,-396.49234749290946,1,1085,4001,8000,eallratio,1459.0758202108545,-1338.6915474559264,-516.9233451088172,0.003,nan,0.003,-396.5390723538891
1087,-396.13064527294335,1,1086,4001,8000,eallratio,1460.4120298138637,-1339.9247338200148,-516.6645907395476,0.003,nan,0.003,-396.17729474569876
1088,-395.7675847025586,1,1087,4001,8000,eallratio,1461.7482394168726,-1341.1579211134176,-516.4045074862237,0.003,nan,0.003,-395.8141891827687
1089,-395.4031792300474,1,1088,4001,8000,eallratio,1463.0844490198817,-1342.391109330887,-516.1430965692824,0.003,nan,0.003,-395.44975688028774
1090,-395.0374374032606,1,1089,4001,8000,eallratio,1464.4206586228906,-1343.6242984860346,-515.8803592024539,0.003,nan,0.003,-395.0839990655978
1091,-394.6703648014158,1,1090,4001,8000,eallratio,1465.7568682258998,-1344.857488565769,-515.6162966021567,0.003,nan,0.003,-394.71691694202593
1092,-394.30196526366285,1,1091,4001,8000,eallratio,1467.093077828909,-1346.0906795848005,-515.3509099794445,0.003,nan,0.003,-394.34851173533605
1093,-393.93224154306597,1,1092,4001,8000,eallratio,1468.4292874319178,-1347.3238715258321,-515.0842005453827,0.003,nan,0.003,-393.97878463929703
1094,-393.56119577981184,1,1093,4001,8000,eallratio,1469.765497034927,-1348.5570643939081,-514.8161695056523,0.003,nan,0.003,-393.60773686463347
1095,-393.1888297435354,1,1094,4001,8000,eallratio,1471.1017066379359,-1349.7902581992403,-514.5468180659578,0.003,nan,0.003,-393.23536962726223
1096,-392.81514495934545,1,1095,4001,8000,eallratio,1472.437916240945,-1351.0234529334502,-514.2761474306577,0.003,nan,0.003,-392.86168412316295
1097,-392.44014282931926,1,1096,4001,8000,eallratio,1473.774125843954,-1352.2566486011565,-514.00415880143,0.003,nan,0.003,-392.48668155863254
1098,-392.06382465758014,1,1097,4001,8000,eallratio,1475.110335446963,-1353.4898451936624,-513.7308533745801,0.003,nan,0.003,-392.1103631212794
1099,-391.68619171994925,1,1098,4001,8000,eallratio,1476.446545049972,-1354.723042719068,-513.4562323491199,0.003,nan,0.003,-391.7327300182159
1100,-391.30724524355026,1,1099,4001,8000,eallratio,1477.782754652981,-1355.9562411711722,-513.1802969173342,0.003,nan,0.003,-391.3537834355253
1101,-390.92698645509785,1,1100,4001,8000,eallratio,1479.1189642559902,-1357.1894405576713,-512.9030482742079,0.003,nan,0.003,-390.973524575889
1102,-390.5454165554164,1,1101,4001,8000,eallratio,1480.4551738589992,-1358.4226408777813,-512.6244876066706,0.003,nan,0.003,-390.5919546254528
1103,-390.1625367364782,1,1102,4001,8000,eallratio,1481.7913834620083,-1359.6558421258196,-512.3446161043422,0.003,nan,0.003,-390.2090747681535
1104,-389.7783481873383,1,1103,4001,8000,eallratio,1483.1275930650172,-1360.889044298554,-512.0634349541684,0.003,nan,0.003,-389.82488618770515
1105,-389.3928521025428,1,1104,4001,8000,eallratio,1484.4638026680263,-1362.1222474060887,-511.78094533771457,0.003,nan,0.003,-389.43939007577694
1106,-389.0060496672083,1,1105,4001,8000,eallratio,1485.8000122710353,-1363.3554514477892,-511.4971484392503,0.003,nan,0.003,-389.0525876160042
1107,-388.61794205453083,1,1106,4001,8000,eallratio,1487.1362218740444,-1364.5886564179073,-511.2120454363252,0.003,nan,0.003,-388.66447998018805
1108,-388.2285304381133,1,1107,4001,8000,eallratio,1488.4724314770533,-1365.8218623159464,-510.9256375024662,0.003,nan,0.003,-388.2750683413593
1109,-387.83781600150735,1,1108,4001,8000,eallratio,1489.8086410800624,-1367.05506914133,-510.63792582195845,0.003,nan,0.003,-387.884353883226
1110,-387.44579992004077,1,1109,4001,8000,eallratio,1491.1448506830716,-1368.2882769042444,-510.34891155893536,0.003,nan,0.003,-387.4923377801082
1111,-387.05248335752174,1,1110,4001,8000,eallratio,1492.4810602860805,-1369.521485592837,-510.05859588962664,0.003,nan,0.003,-387.0990211963832
1112,-386.6578674906969,1,1111,4001,8000,eallratio,1493.8172698890896,-1370.7546952153189,-509.7669799822103,0.003,nan,0.003,-386.7044053084395
1113,-386.2619534813986,1,1112,4001,8000,eallratio,1495.1534794920985,-1371.987905770542,-509.4740649994916,0.003,nan,0.003,-386.3084912779351
1114,-385.8647424828727,1,1113,4001,8000,eallratio,1496.4896890951077,-1373.2211172424413,-509.17985211100665,0.003,nan,0.003,-385.9112802583403
1115,-385.46623568511853,1,1114,4001,8000,eallratio,1497.8258986981166,-1374.4543296595002,-508.8843424782257,0.003,nan,0.003,-385.5127734396093
1116,-385.06643422509995,1,1115,4001,8000,eallratio,1499.1621083011257,-1375.687543002241,-508.58753725725376,0.003,nan,0.003,-385.11297195836903
1117,-384.6653392662429,1,1116,4001,8000,eallratio,1500.4983179041346,-1376.920757270429,-508.2894376122648,0.003,nan,0.003,-384.7118769785592
1118,-384.26295197584454,1,1117,4001,8000,eallratio,1501.8345275071438,-1378.1539724775175,-507.9900446966934,0.003,nan,0.003,-384.30948966706717
1119,-383.8592734939622,1,1118,4001,8000,eallratio,1503.170737110153,-1379.3871886102952,-507.68935966397464,0.003,nan,0.003,-383.9058111641169
1120,-383.45430498444523,1,1119,4001,8000,eallratio,1504.5069467131618,-1380.6204056778988,-507.38738366889345,0.003,nan,0.003,-383.50084263363044
1121,-383.0480475920518,1,1120,4001,8000,eallratio,1505.843156316171,-1381.8536236755772,-507.08411786086083,0.003,nan,0.003,-383.09458522026705
1122,-382.64050245355855,1,1121,4001,8000,eallratio,1507.1793659191799,-1383.0868425957942,-506.77956338392835,0.003,nan,0.003,-382.6870400605427
1123,-382.23167073921246,1,1122,4001,8000,eallratio,1508.515575522189,-1384.320062455914,-506.4737213915506,0.003,nan,0.003,-382.2782083252756
1124,-381.8215535724033,1,1123,4001,8000,eallratio,1509.851785125198,-1385.5532832428398,-506.16659301972834,0.003,nan,0.003,-381.86809113737024
1125,-381.41015209705205,1,1124,4001,8000,eallratio,1511.187994728207,-1386.7865049552383,-505.85817941386597,0.003,nan,0.003,-381.45668964089725
1126,-380.9974674661453,1,1125,4001,8000,eallratio,1512.524204331216,-1388.0197276036615,-505.54848171669335,0.003,nan,0.003,-381.0440049891389
1127,-380.58350080638957,1,1126,4001,8000,eallratio,1513.860413934225,-1389.2529511808116,-505.23750106152636,0.003,nan,0.003,-380.63003830811283
1128,-380.1682532577562,1,1127,4001,8000,eallratio,1515.196623537234,-1390.486175687398,-504.9252385884216,0.003,nan,0.003,-380.2147907385855
1129,-379.75172594919457,1,1128,4001,8000,eallratio,1516.5328331402432,-1391.7194011225183,-504.6116954266846,0.003,nan,0.003,-379.79826340895977
1130,-379.33392002580996,1,1129,4001,8000,eallratio,1517.8690427432523,-1392.952627495435,-504.2968727123415,0.003,nan,0.003,-379.3804574645243
1131,-378.9148366052706,1,1130,4001,8000,eallratio,1519.2052523462612,-1394.1858547985103,-503.9807715706778,0.003,nan,0.003,-378.96137402292686
1132,-378.49447681131824,1,1131,4001,8000,eallratio,1520.5414619492703,-1395.4190830221578,-503.66339313504466,0.003,nan,0.003,-378.5410142079321
1133,-378.07284178116095,1,1132,4001,8000,eallratio,1521.8776715522793,-1396.6523121822265,-503.34473852671374,0.003,nan,0.003,-378.119379156661
1134,-377.64993263732003,1,1133,4001,8000,eallratio,1523.2138811552884,-1397.8855422748256,-503.02480887232184,0.003,nan,0.003,-377.6964699918591
1135,-377.2257504960173,1,1134,4001,8000,eallratio,1524.5500907582973,-1399.1187732946892,-502.703605293147,0.003,nan,0.003,-377.27228782953887
1136,-376.80029648163594,1,1135,4001,8000,eallratio,1525.8863003613064,-1400.3520052488675,-502.38112890644027,0.003,nan,0.003,-376.8468337940013
1137,-376.373571711591,1,1136,4001,8000,eallratio,1527.2225099643153,-1401.5852381337882,-502.0573808334897,0.003,nan,0.003,-376.4201090029625
1138,-375.9455772879209,1,1137,4001,8000,eallratio,1528.5587195673245,-1402.8184719354194,-501.73236219021067,0.003,nan,0.003,-375.9921145583056
1139,-375.51631435645834,1,1138,4001,8000,eallratio,1529.8949291703336,-1404.0517066875582,-501.40607408849075,0.003,nan,0.003,-375.5628516057153
1140,-375.08578400284586,1,1139,4001,8000,eallratio,1531.2311387733425,-1405.2849423629214,-501.07851764157397,0.003,nan,0.003,-375.1323212311528
1141,-374.6539873388558,1,1140,4001,8000,eallratio,1532.5673483763517,-1406.5181789636845,-500.74969395867754,0.003,nan,0.003,-374.70052454601034
1142,-374.2209254861015,1,1141,4001,8000,eallratio,1533.9035579793606,-1407.751416502575,-500.4196041490137,0.003,nan,0.003,-374.26746267222813
1143,-373.7865995362766,1,1142,4001,8000,eallratio,1535.2397675823697,-1408.9846549646409,-500.0882493191249,0.003,nan,0.003,-373.83313670139603
1144,-373.3510106012232,1,1143,4001,8000,eallratio,1536.5759771853786,-1410.2178943578256,-499.7556305728664,0.003,nan,0.003,-373.3975477453133
1145,-372.91415978418195,1,1144,4001,8000,eallratio,1537.9121867883878,-1411.4511346840955,-499.42174901140754,0.003,nan,0.003,-372.9606969071152
1146,-372.47604818371354,1,1145,4001,8000,eallratio,1539.2483963913967,-1412.6843759398635,-499.08660573727195,0.003,nan,0.003,-372.5225852857387
1147,-372.0366768969295,1,1146,4001,8000,eallratio,1540.5846059944058,-1413.9176181271941,-498.7502018449269,0.003,nan,0.003,-372.0832139777152
1148,-371.5960470218149,1,1147,4001,8000,eallratio,1541.920815597415,-1415.1508612422822,-498.4125384369023,0.003,nan,0.003,-371.64258408176954
1149,-371.1541596544159,1,1148,4001,8000,eallratio,1543.2570252004239,-1416.3841052899534,-498.07361660364165,0.003,nan,0.003,-371.20069669317115
1150,-370.7110158837248,1,1149,4001,8000,eallratio,1544.593234803433,-1417.6173502692327,-497.7334374355952,0.003,nan,0.003,-370.7575529013949
1151,-370.2666168134761,1,1150,4001,8000,eallratio,1545.929444406442,-1418.8505961827723,-497.39200203397,0.003,nan,0.003,-370.3131538103004
1152,-369.8209635058348,1,1151,4001,8000,eallratio,1547.265654009451,-1420.0838430150598,-497.04931147578475,0.003,nan,0.003,-369.86750048139345
1153,-369.37405707345465,1,1152,4001,8000,eallratio,1548.60186361246,-1421.3170907850363,-496.70536685553304,0.003,nan,0.003,-369.42059402810935
1154,-368.9258986005089,1,1153,4001,8000,eallratio,1549.938073215469,-1422.5503394952157,-496.36016925428487,0.003,nan,0.003,-368.97243553403143
1155,-368.4764891476636,1,1154,4001,8000,eallratio,1551.274282818478,-1423.7835891214618,-496.0137197571347,0.003,nan,0.003,-368.52302606011847
1156,-368.0258298125509,1,1155,4001,8000,eallratio,1552.6104924214872,-1425.0168396776207,-495.66601944784486,0.003,nan,0.003,-368.07236670397845
1157,-367.5739216833847,1,1156,4001,8000,eallratio,1553.9467020244963,-1426.250091173557,-495.31706940480797,0.003,nan,0.003,-367.6204585538686
1158,-367.1207658216388,1,1157,4001,8000,eallratio,1555.2829116275052,-1427.4833435973742,-494.96687070104565,0.003,nan,0.003,-367.16730267091464
1159,-366.6663633099186,1,1158,4001,8000,eallratio,1556.6191212305143,-1428.7165969511116,-494.61542441764493,0.003,nan,0.003,-366.71290013824216
1160,-366.2107152222434,1,1159,4001,8000,eallratio,1557.9553308335232,-1429.949851234127,-494.2627316289794,0.003,nan,0.003,-366.2572520295831
1161,-365.7538226215029,1,1160,4001,8000,eallratio,1559.2915404365324,-1431.1831064428025,-493.908793401372,0.003,nan,0.003,-365.8003594076421
1162,-365.29568659370307,1,1161,4001,8000,eallratio,1560.6277500395413,-1432.4163625864821,-493.5536108118914,0.003,nan,0.003,-365.34222335883226
1163,-364.83630820652843,1,1162,4001,8000,eallratio,1561.9639596425504,-1433.6496196676126,-493.1971849255232,0.003,nan,0.003,-364.8828449505853
1164,-364.37568850906024,1,1163,4001,8000,eallratio,1563.3001692455593,-1434.8828776690443,-492.8395168085955,0.003,nan,0.003,-364.42222523208045
1165,-363.91382858311914,1,1164,4001,8000,eallratio,1564.6363788485685,-1436.1161366062715,-492.48060752745016,0.003,nan,0.003,-363.9603652851532
1166,-363.4507294858836,1,1165,4001,8000,eallratio,1565.9725884515774,-1437.3493964727113,-492.1204581457449,0.003,nan,0.003,-363.49726616687883
1167,-362.9863922778177,1,1166,4001,8000,eallratio,1567.3087980545865,-1438.5826572704846,-491.7590697217562,0.003,nan,0.003,-363.0329289376542
1168,-362.5208180119854,1,1167,4001,8000,eallratio,1568.6450076575957,-1439.8159189933012,-491.3964433151242,0.003,nan,0.003,-362.56735465082977
1169,-362.05400775943815,1,1168,4001,8000,eallratio,1569.9812172606046,-1441.0491816509402,-491.03257998682705,0.003,nan,0.003,-362.1005443771627
1170,-361.58596257425864,1,1169,4001,8000,eallratio,1571.3174268636137,-1442.2824452448858,-490.6674807897915,0.003,nan,0.003,-361.6324991710636
1171,-361.11668349355085,1,1170,4001,8000,eallratio,1572.6536364666226,-1443.515709761441,-490.30114677425775,0.003,nan,0.003,-361.16322006907615
1172,-360.6461715817233,1,1171,4001,8000,eallratio,1573.9898460696318,-1444.7489752047422,-489.9335790012236,0.003,nan,0.003,-360.6927081363341
1173,-360.17442789952804,1,1172,4001,8000,eallratio,1575.3260556726407,-1445.9822415901835,-489.5647785155662,0.003,nan,0.003,-360.2209644331091
1174,-359.7014534801067,1,1173,4001,8000,eallratio,1576.6622652756498,-1447.215508900812,-489.19474636753796,0.003,nan,0.003,-359.7479899927001
1175,-359.2272493721533,1,1174,4001,8000,eallratio,1577.9984748786587,-1448.4487771402382,-488.823483602025,0.003,nan,0.003,-359.27378586360453
1176,-358.7518166247763,1,1175,4001,8000,eallratio,1579.3346844816679,-1449.682046314214,-488.45099126257685,0.003,nan,0.003,-358.79835309512293
1177,-358.2751562837496,1,1176,4001,8000,eallratio,1580.670894084677,-1450.915316420991,-488.07727039677945,0.003,nan,0.003,-358.3216927330935
1178,-357.79726937353246,1,1177,4001,8000,eallratio,1582.007103687686,-1452.1485874466853,-487.7023220428058,0.003,nan,0.003,-357.84380580180516
1179,-357.31815695384495,1,1178,4001,8000,eallratio,1583.343313290695,-1453.381859408897,-487.32614724287635,0.003,nan,0.003,-357.36469336107837
1180,-356.83782005501587,1,1179,4001,8000,eallratio,1584.679522893704,-1454.6151323037084,-486.94874703115386,0.003,nan,0.003,-356.8843564411583
1181,-356.35625971770725,1,1180,4001,8000,eallratio,1586.015732496713,-1455.8484061310646,-486.5701224485189,0.003,nan,0.003,-356.4027960828704
1182,-355.87347696619923,1,1181,4001,8000,eallratio,1587.351942099722,-1457.0816808849231,-486.1902745251074,0.003,nan,0.003,-355.9200133103085
1183,-355.3894728401786,1,1182,4001,8000,eallratio,1588.6881517027311,-1458.3149565707754,-485.80920429509354,0.003,nan,0.003,-355.4360091631378
1184,-354.9042483713885,1,1183,4001,8000,eallratio,1590.02436130574,-1459.548233189138,-485.4269127899719,0.003,nan,0.003,-354.95078467336987
1185,-354.4178045785284,1,1184,4001,8000,eallratio,1591.3605709087492,-1460.7815107296537,-485.0434010385451,0.003,nan,0.003,-354.46434085944963
1186,-353.9301425001716,1,1185,4001,8000,eallratio,1592.6967805117583,-1462.014789206065,-484.6586700655938,0.003,nan,0.003,-353.97667875990044
1187,-353.4412631679815,1,1186,4001,8000,eallratio,1594.0329901147672,-1463.2480686190029,-484.2727209026283,0.003,nan,0.003,-353.4877994068639
1188,-352.9511675878504,1,1187,4001,8000,eallratio,1595.3691997177764,-1464.4813489556218,-483.8855545677135,0.003,nan,0.003,-352.9977038055589
1189,-352.4598567915179,1,1188,4001,8000,eallratio,1596.7054093207853,-1465.7146302220226,-483.49717208698974,0.003,nan,0.003,-352.50639298822705
1190,-351.96733179514314,1,1189,4001,8000,eallratio,1598.0416189237944,-1466.9479124172867,-483.10757447719527,0.003,nan,0.003,-352.01386797068756
1191,-351.47359362555767,1,1190,4001,8000,eallratio,1599.3778285268033,-1468.1811955451412,-482.71676276178766,0.003,nan,0.003,-351.52012978012556
1192,-350.9786433001078,1,1191,4001,8000,eallratio,1600.7140381298125,-1469.4144796112414,-482.32473795214366,0.003,nan,0.003,-351.0251794335726
1193,-350.48248182713127,1,1192,4001,8000,eallratio,1602.0502477328214,-1470.6477646033873,-481.9315010690369,0.003,nan,0.003,-350.5290179396028
1194,-349.98511021820434,1,1193,4001,8000,eallratio,1603.3864573358305,-1471.8810505228703,-481.5370531225043,0.003,nan,0.003,-350.03164630954404
1195,-349.4865294948798,1,1194,4001,8000,eallratio,1604.7226669388397,-1473.1143373748073,-481.1413951293108,0.003,nan,0.003,-349.53306556527843
1196,-348.9867406577846,1,1195,4001,8000,eallratio,1606.0588765418486,-1474.3476251548236,-480.74452809412116,0.003,nan,0.003,-349.0332767070962
1197,-348.48574472711124,1,1196,4001,8000,eallratio,1607.3950861448577,-1475.5809138731765,-480.3464530269872,0.003,nan,0.003,-348.53228075530603
1198,-347.9835426924421,1,1197,4001,8000,eallratio,1608.7312957478666,-1476.8142035121364,-479.947170935273,0.003,nan,0.003,-348.03007869954274
1199,-347.48013557716166,1,1198,4001,8000,eallratio,1610.0675053508758,-1478.0474940877684,-479.54668282634873,0.003,nan,0.003,-347.5266715632414
1200,-346.9755243696424,1,1199,4001,8000,eallratio,1611.4037149538847,-1479.2807855876945,-479.1449897008732,0.003,nan,0.003,-347.02206033468303
1201,-346.46971008441693,1,1200,4001,8000,eallratio,1612.7399245568938,-1480.51407802442,-478.7420925608518,0.003,nan,0.003,-346.5162460283781
1202,-345.96269371820534,1,1201,4001,8000,eallratio,1614.0761341599027,-1481.7473713914405,-478.3379924096297,0.003,nan,0.003,-346.0092296411675
1203,-345.4544762668609,1,1202,4001,8000,eallratio,1615.4123437629119,-1482.980665690442,-477.93269024116864,0.003,nan,0.003,-345.5010121686988
1204,-344.9450587231671,1,1203,4001,8000,eallratio,1616.7485533659208,-1484.2139609151418,-477.52618705478847,0.003,nan,0.003,-344.9915946040095
1205,-344.43444208706023,1,1204,4001,8000,eallratio,1618.08476296893,-1485.4472570698745,-477.11848384579446,0.003,nan,0.003,-344.480977946739
1206,-343.9226273594577,1,1205,4001,8000,eallratio,1619.420972571939,-1486.6805541619797,-476.7095816081518,0.003,nan,0.003,-343.9691631981924
1207,-343.4096155180502,1,1206,4001,8000,eallratio,1620.757182174948,-1487.9138521787936,-476.2994813318013,0.003,nan,0.003,-343.45615133564695
1208,-342.8954075655607,1,1207,4001,8000,eallratio,1622.093391777957,-1489.1471511307172,-475.8881840093626,0.003,nan,0.003,-342.94194336212274
1209,-342.3800044856609,1,1208,4001,8000,eallratio,1623.429601380966,-1490.380451014058,-475.47569062809964,0.003,nan,0.003,-342.4265402611917
1210,-341.8634072548265,1,1209,4001,8000,eallratio,1624.7658109839751,-1491.6137518166306,-475.0620021766157,0.003,nan,0.003,-341.90994300927116
1211,-341.34561687305035,1,1210,4001,8000,eallratio,1626.102020586984,-1492.8470535566048,-474.64711963679986,0.003,nan,0.003,-341.3921526064206
1212,-340.8266343247527,1,1211,4001,8000,eallratio,1627.4382301899932,-1494.0803562324927,-474.2310439945785,0.003,nan,0.003,-340.873170037078
1213,-340.3064605858014,1,1212,4001,8000,eallratio,1628.774439793002,-1495.3136598381516,-473.8137762318569,0.003,nan,0.003,-340.35299627700635
1214,-339.78509663387104,1,1213,4001,8000,eallratio,1630.1106493960112,-1496.5469643669057,-473.3953173332226,0.003,nan,0.003,-339.8316323041171
1215,-339.262543454698,1,1214,4001,8000,eallratio,1631.4468589990204,-1497.7802698317264,-472.97566827117373,0.003,nan,0.003,-339.30907910387975
1216,-338.7388020161125,1,1215,4001,8000,eallratio,1632.7830686020293,-1499.0135762225036,-472.5548300235945,0.003,nan,0.003,-338.7853376440688
1217,-338.2138733109288,1,1216,4001,8000,eallratio,1634.1192782050384,-1500.2468835519485,-472.1328035710561,0.003,nan,0.003,-338.2604089179662
1218,-337.68775828985747,1,1217,4001,8000,eallratio,1635.4554878080473,-1501.480191801782,-471.7095898820429,0.003,nan,0.003,-337.73429387577755
1219,-337.1604579505921,1,1218,4001,8000,eallratio,1636.7916974110565,-1502.7135009921203,-471.2851899344454,0.003,nan,0.003,-337.2069935155092
1220,-336.6319732426347,1,1219,4001,8000,eallratio,1638.1279070140654,-1503.946811105141,-470.8596046954136,0.003,nan,0.003,-336.67850878648926
1221,-336.8782564714549,1,1220,4001,8000,eallratio,1639.4641166170745,-1505.1801221550777,-471.24287455573227,0.01,nan,0.01,-336.95888009373544
1222,-337.85556681231253,1,1221,4001,8000,eallratio,1640.8003262200834,-1506.4134341333593,-472.3778385404576,0.01,nan,0.01,-337.99094645373344
1223,-338.8831636269224,1,1222,4001,8000,eallratio,1642.1365358230926,-1507.6467470329953,-473.51162013896084,0.01,nan,0.01,-339.0218313488636
1224,-339.9127187333238,1,1223,4001,8000,eallratio,1643.4727454261017,-1508.8800608826368,-474.6442203157183,0.01,nan,0.01,-340.05153577225343
1225,-340.9412383093358,1,1224,4001,8000,eallratio,1644.8089550291106,-1510.1133756466206,-475.775640029837,0.01,nan,0.01,-341.080060647347
1226,-341.96858453482815,1,1225,4001,8000,eallratio,1646.1451646321198,-1511.3466913522752,-476.9058802471441,0.01,nan,0.01,-342.1074069672996
1227,-342.99475328993435,1,1226,4001,8000,eallratio,1647.4813742351287,-1512.5800079752444,-478.0349419227237,0.01,nan,0.01,-343.1335756628394
1228,-344.01974541019575,1,1227,4001,8000,eallratio,1648.8175838381378,-1513.813325538331,-479.16282601972404,0.01,nan,0.01,-344.15856771991713
1229,-345.04356183558696,1,1228,4001,8000,eallratio,1650.1537934411467,-1515.0466440297296,-480.289533493233,0.01,nan,0.01,-345.1823840818159
1230,-346.0662035200734,1,1229,4001,8000,eallratio,1651.4900030441559,-1516.2799634510448,-481.41506529566306,0.01,nan,0.01,-346.20502570255195
1231,-347.08767142483265,1,1230,4001,8000,eallratio,1652.8262126471648,-1517.5132838063964,-482.5394223847955,0.01,nan,0.01,-347.22649354402716
1232,-348.10796648976645,1,1231,4001,8000,eallratio,1654.162422250174,-1518.746605086757,-483.6626057090148,0.01,nan,0.01,-348.2467885455979
1233,-349.1270896743138,1,1232,4001,8000,eallratio,1655.498631853183,-1519.9799272989658,-484.78461622074,0.01,nan,0.01,-349.26591166652275
1234,-350.1450419340505,1,1233,4001,8000,eallratio,1656.834841456192,-1521.213250449564,-485.9054548697082,0.01,nan,0.01,-350.28386386308017
1235,-351.161824198823,1,1234,4001,8000,eallratio,1658.171051059201,-1522.4465745216985,-487.0251226016247,0.01,nan,0.01,-351.3006460641221
1236,-352.17743742955435,1,1235,4001,8000,eallratio,1659.50726066221,-1523.679899530236,-488.1436203635465,0.01,nan,0.01,-352.3162592315726
1237,-353.19188255828203,1,1236,4001,8000,eallratio,1660.8434702652191,-1524.9132254634078,-489.26094909850104,0.01,nan,0.01,-353.3307042966897
1238,-354.20516054269206,1,1237,4001,8000,eallratio,1662.179679868228,-1526.1465523363113,-490.3771097495208,0.01,nan,0.01,-354.34398221760404
1239,-355.2172723088086,1,1238,4001,8000,eallratio,1663.5158894712372,-1527.3798801306366,-491.49210326098574,0.01,nan,0.01,-355.35609392038515
1240,-356.22821880673257,1,1239,4001,8000,eallratio,1664.852099074246,-1528.6132088598788,-492.6059305692161,0.01,nan,0.01,-356.3670403548488
1241,-357.23800097085984,1,1240,4001,8000,eallratio,1666.1883086772552,-1529.8465385194722,-493.71859261322635,0.01,nan,0.01,-357.37682245544335
1242,-358.24661973137273,1,1241,4001,8000,eallratio,1667.5245182802641,-1531.0798691033906,-494.83009032933984,0.01,nan,0.01,-358.3854411524663
1243,-359.2540760405197,1,1242,4001,8000,eallratio,1668.8607278832733,-1532.313200626255,-495.9404246552386,0.01,nan,0.01,-359.3928973982202
1244,-360.26037082225673,1,1243,4001,8000,eallratio,1670.1969374862824,-1533.5465330809184,-497.04959652187955,0.01,nan,0.01,-360.3991921165155
1245,-361.2655049998421,1,1244,4001,8000,eallratio,1671.5331470892913,-1534.7798664569164,-498.1576068629193,0.01,nan,0.01,-361.4043262305443
1246,-362.2694795233252,1,1245,4001,8000,eallratio,1672.8693566923005,-1536.013200773872,-499.26445660932205,0.01,nan,0.01,-362.40830069089367
1247,-363.27229530985596,1,1246,4001,8000,eallratio,1674.2055662953094,-1537.2465360194747,-500.3701466893784,0.01,nan,0.01,-363.41111641354365
1248,-364.27395328008356,1,1247,4001,8000,eallratio,1675.5417758983185,-1538.4798721875668,-501.4746780313731,0.01,nan,0.01,-364.4127743206214
1249,-365.2744543694368,1,1248,4001,8000,eallratio,1676.8779855013274,-1539.7132092867014,-502.57805156091155,0.01,nan,0.01,-365.4132753462855
1250,-366.27379951625755,1,1249,4001,8000,eallratio,1678.2141951043366,-1540.946547330488,-503.68026820360507,0.01,nan,0.01,-366.4126204297566
1251,-367.27198961506673,1,1250,4001,8000,eallratio,1679.5504047073455,-1542.1798862898704,-504.7813288823757,0.01,nan,0.01,-367.41081046490063
1252,-368.269025611884,1,1251,4001,8000,eallratio,1680.8866143103546,-1543.4132261888171,-505.88123452015526,0.01,nan,0.01,-368.4078463986178
1253,-369.2649084144466,1,1252,4001,8000,eallratio,1682.2228239133638,-1544.6465670149882,-506.9799860358392,0.01,nan,0.01,-369.4037291374637
1254,-370.2596389444528,1,1253,4001,8000,eallratio,1683.5590335163727,-1545.8799087720745,-508.0775843483405,0.01,nan,0.01,-370.39845960404233
1255,-371.25321812372096,1,1254,4001,8000,eallratio,1684.8952431193818,-1547.1132514637775,-509.174030375217,0.01,nan,0.01,-371.3920387196127
1256,-372.2456468622461,1,1255,4001,8000,eallratio,1686.2314527223907,-1548.346595082172,-510.26932503538325,0.01,nan,0.01,-372.38446739516445
1257,-373.23692606829627,1,1256,4001,8000,eallratio,1687.5676623253999,-1549.5799396255225,-511.3634692370072,0.01,nan,0.01,-373.3757465371298
1258,-374.22705667679395,1,1257,4001,8000,eallratio,1688.9038719284088,-1550.813285110702,-512.4564639003486,0.01,nan,0.01,-374.3658770826419
1259,-375.21603957993074,1,1258,4001,8000,eallratio,1690.240081531418,-1552.0466315213962,-513.5483099322391,0.01,nan,0.01,-375.35485992221743
1260,-376.20387569257184,1,1259,4001,8000,eallratio,1691.5762911344268,-1553.279978860979,-514.639008244885,0.01,nan,0.01,-376.34269597143725
1261,-377.19056592659575,1,1260,4001,8000,eallratio,1692.912500737436,-1554.5133271341674,-515.7285597451248,0.01,nan,0.01,-377.3293861418563
1262,-378.1761111877458,1,1261,4001,8000,eallratio,1694.248710340445,-1555.74667633631,-516.8169653438292,0.01,nan,0.01,-378.3149313396941
1263,-379.16051237903383,1,1262,4001,8000,eallratio,1695.584919943454,-1556.9800264694604,-517.9042259411208,0.01,nan,0.01,-379.2993324671272
1264,-380.1437704062641,1,1263,4001,8000,eallratio,1696.9211295464631,-1558.213377529939,-518.9903424478805,0.01,nan,0.01,-380.2825904313563
1265,-381.1258861759938,1,1264,4001,8000,eallratio,1698.257339149472,-1559.4467295239156,-520.0753157628958,0.01,nan,0.01,-381.2647061373393
1266,-382.10686059397307,1,1265,4001,8000,eallratio,1699.5935487524812,-1560.680082455372,-521.1591467889923,0.01,nan,0.01,-382.24568049188315
1267,-383.0866945409443,1,1266,4001,8000,eallratio,1700.92975835549,-1561.9134363045268,-522.2418364263049,0.01,nan,0.01,-383.2255143753416
1268,-384.0653889384164,1,1267,4001,8000,eallratio,1702.2659679584992,-1563.1467910944175,-523.3233855736353,0.01,nan,0.01,-384.20420870955354
1269,-385.04294466874904,1,1268,4001,8000,eallratio,1703.6021775615081,-1564.3801468105812,-524.4037951270975,0.01,nan,0.01,-385.1817643761706
1270,-386.01936264137845,1,1269,4001,8000,eallratio,1704.9383871645173,-1565.6135034647796,-525.4830659854965,0.01,nan,0.01,-386.1581822857588
1271,-386.99464372423677,1,1270,4001,8000,eallratio,1706.2745967675264,-1566.8468610340242,-526.5611990382374,0.01,nan,0.01,-387.1334633047352
1272,-387.96878883945664,1,1271,4001,8000,eallratio,1707.6108063705353,-1568.080219544161,-527.638195182788,0.01,nan,0.01,-388.1076083564137
1273,-388.9417988661154,1,1272,4001,8000,eallratio,1708.9470159735445,-1569.3135789834687,-528.7140553099034,0.01,nan,0.01,-389.08061831982764
1274,-389.9136746991899,1,1273,4001,8000,eallratio,1710.2832255765534,-1570.5469393556032,-529.7887803103392,0.01,nan,0.01,-390.05249408938903
1275,-390.8844172200369,1,1274,4001,8000,eallratio,1711.6194351795625,-1571.7803006568065,-530.8623710694819,0.01,nan,0.01,-391.0232365467259
1276,-391.8540273193829,1,1275,4001,8000,eallratio,1712.9556447825714,-1573.0136628882337,-531.934828476755,0.01,nan,0.01,-391.9928465824173
1277,-392.8225058880799,1,1276,4001,8000,eallratio,1714.2918543855806,-1574.2470260518803,-533.0061534215754,0.01,nan,0.01,-392.96132508787514
1278,-393.7898538035579,1,1277,4001,8000,eallratio,1715.6280639885895,-1575.4803901429732,-534.0763467853146,0.01,nan,0.01,-393.92867293969834
1279,-394.75607195527715,1,1278,4001,8000,eallratio,1716.9642735915986,-1576.7137551689666,-535.1454094506785,0.01,nan,0.01,-394.89489102804646
1280,-395.7211612202077,1,1279,4001,8000,eallratio,1718.3004831946078,-1577.9471211225664,-536.2133423017324,0.01,nan,0.01,-395.859980229691
1281,-396.6851224778395,1,1280,4001,8000,eallratio,1719.6366927976167,-1579.1804880050986,-537.2801462158147,0.01,nan,0.01,-396.8239414232967
1282,-397.647956617321,1,1281,4001,8000,eallratio,1720.9729024006258,-1580.4138558223876,-538.3458220783398,0.01,nan,0.01,-397.7867755001016
1283,-398.60966450534266,1,1282,4001,8000,eallratio,1722.3091120036347,-1581.6472245676123,-539.4103707599372,0.01,nan,0.01,-398.7484833239148
1284,-399.57024702374804,1,1283,4001,8000,eallratio,1723.6453216066438,-1582.8805942439467,-540.4737931419888,0.01,nan,0.01,-399.7090657792917
1285,-400.5297050471842,1,1284,4001,8000,eallratio,1724.9815312096528,-1584.1139648521475,-541.5360900964829,0.01,nan,0.01,-400.6685237389777
1286,-401.4880394511091,1,1285,4001,8000,eallratio,1726.317740812662,-1585.3473363942358,-542.5972624980861,0.01,nan,0.01,-401.62685807966
1287,-402.4452511024768,1,1286,4001,8000,eallratio,1727.6539504156708,-1586.58070886293,-543.6573112201354,0.01,nan,0.01,-402.5840696673945
1288,-403.401340876909,1,1287,4001,8000,eallratio,1728.99016001868,-1587.8140822649111,-544.7162371319328,0.01,nan,0.01,-403.54015937816393
1289,-404.3563096410136,1,1288,4001,8000,eallratio,1730.3263696216889,-1589.0474565941531,-545.7740411068194,0.01,nan,0.01,-404.49512807928363
1290,-405.31015826302746,1,1289,4001,8000,eallratio,1731.662579224698,-1590.280831853468,-546.830724008732,0.01,nan,0.01,-405.448976637502
1291,-406.2628876174842,1,1290,4001,8000,eallratio,1732.9987888277071,-1591.5142080506503,-547.8862867056378,0.01,nan,0.01,-406.4017059285809
1292,-407.214498561694,1,1291,4001,8000,eallratio,1734.334998430716,-1592.7475851756826,-548.9407300641699,0.01,nan,0.01,-407.35331680913646
1293,-408.16499195811554,1,1292,4001,8000,eallratio,1735.6712080337252,-1593.9809632276247,-549.9940549482706,0.01,nan,0.01,-408.30381014217005
1294,-409.11436867106147,1,1293,4001,8000,eallratio,1737.007417636734,-1595.2143422078043,-551.0462622205507,0.01,nan,0.01,-409.2531867916209
1295,-410.0626295776101,1,1294,4001,8000,eallratio,1738.3436272397432,-1596.4477221309098,-552.0973527436163,0.01,nan,0.01,-410.2014476347829
1296,-411.0097755073892,1,1295,4001,8000,eallratio,1739.6798368427521,-1597.681102968876,-553.1473273747033,0.01,nan,0.01,-411.14859350082725
1297,-411.9558073472808,1,1296,4001,8000,eallratio,1741.0160464457613,-1598.9144847441949,-554.1961869791146,0.01,nan,0.01,-412.0946252775482
1298,-412.9007259417164,1,1297,4001,8000,eallratio,1742.3522560487702,-1600.1478674497084,-555.2439324073785,0.01,nan,0.01,-413.0395438083167
1299,-413.84453215345496,1,1298,4001,8000,eallratio,1743.6884656517793,-1601.3812510877015,-556.2905645207693,0.01,nan,0.01,-413.9833499566914
1300,-414.78722683310554,1,1299,4001,8000,eallratio,1745.0246752547885,-1602.614635658887,-557.3360841684735,0.01,nan,0.01,-414.926044572572
1301,-415.72881083906975,1,1300,4001,8000,eallratio,1746.3608848577974,-1603.8480211625338,-558.380492210433,0.01,nan,0.01,-415.8676285151694
1302,-416.6692850120483,1,1301,4001,8000,eallratio,1747.6970944608065,-1605.081407588621,-559.4237894971845,0.01,nan,0.01,-416.80810262499904
1303,-417.60865021228614,1,1302,4001,8000,eallratio,1749.0333040638154,-1606.3147949461163,-560.4659768792699,0.01,nan,0.01,-417.74746776157076
1304,-418.54690729461976,1,1303,4001,8000,eallratio,1750.3695136668246,-1607.5481832425667,-561.5070552045433,0.01,nan,0.01,-418.68572478028545
1305,-419.48405710094505,1,1304,4001,8000,eallratio,1751.7057232698335,-1608.7815724682769,-562.5470253248991,0.01,nan,0.01,-419.6228745233425
1306,-420.4201004690587,1,1305,4001,8000,eallratio,1753.0419328728426,-1610.0149626162492,-563.5858880841645,0.01,nan,0.01,-420.5589178275711
1307,-421.35503826187374,1,1306,4001,8000,eallratio,1754.3781424758515,-1611.2483537016687,-564.6236443315495,0.01,nan,0.01,-421.4938555573667
1308,-422.28887130922067,1,1307,4001,8000,eallratio,1755.7143520788607,-1612.4817457114532,-565.6602949082064,0.01,nan,0.01,-422.42768854079895
1309,-423.22160046679477,1,1308,4001,8000,eallratio,1757.0505616818698,-1613.715138659045,-566.695840657972,0.01,nan,0.01,-423.3604176351471
1310,-424.1532265705083,1,1309,4001,8000,eallratio,1758.3867712848787,-1614.9485325342011,-567.7302824260375,0.01,nan,0.01,-424.29204367536
1311,-425.0837504586211,1,1310,4001,8000,eallratio,1759.7229808878878,-1616.1819273383262,-568.7636210495264,0.01,nan,0.01,-425.2225674999647
1312,-426.0131729773028,1,1311,4001,8000,eallratio,1761.0591904908968,-1617.4153230753254,-569.7958573709507,0.01,nan,0.01,-426.15198995537935
1313,-426.9414949585679,1,1312,4001,8000,eallratio,1762.395400093906,-1618.6487197432198,-570.8269922234088,0.01,nan,0.01,-427.08031187272263
1314,-427.8687172403878,1,1313,4001,8000,eallratio,1763.7316096969148,-1619.8821173386423,-571.8570264494133,0.01,nan,0.01,-428.00753409114077
1315,-428.7948406667744,1,1314,4001,8000,eallratio,1765.067819299924,-1621.1155158733254,-572.8859608807297,0.01,nan,0.01,-428.9336574541312
1316,-429.719866058104,1,1315,4001,8000,eallratio,1766.4040289029329,-1622.3489153329883,-573.9137963518149,0.01,nan,0.01,-429.85868278187036
1317,-430.6437942571229,1,1316,4001,8000,eallratio,1767.740238505942,-1623.5823157238701,-574.9405336998148,0.01,nan,0.01,-430.7826109177429
1318,-431.56662609531674,1,1317,4001,8000,eallratio,1769.0764481089511,-1624.8157170498998,-575.9661737511269,0.01,nan,0.01,-431.7054426920756
1319,-432.4883623955985,1,1318,4001,8000,eallratio,1770.41265771196,-1626.0491193008675,-576.990717340218,0.01,nan,0.01,-432.6271789291254
1320,-433.40900399197966,1,1319,4001,8000,eallratio,1771.7488673149692,-1627.2825224819408,-578.0141652948378,0.01,nan,0.01,-433.54782046180935
1321,-434.3285517138623,1,1320,4001,8000,eallratio,1773.085076917978,-1628.5159265967723,-579.0365184413913,0.01,nan,0.01,-434.4673681201855
1322,-435.24700638546403,1,1321,4001,8000,eallratio,1774.4212865209872,-1629.7493316404762,-580.0577776089799,0.01,nan,0.01,-435.38582272846884
1323,-436.164368837122,1,1322,4001,8000,eallratio,1775.7574961239961,-1630.982737617851,-581.0779436226742,0.01,nan,0.01,-436.303185116529
1324,-437.08063988643227,1,1323,4001,8000,eallratio,1777.0937057270053,-1632.2161445244656,-582.0970173048593,0.01,nan,0.01,-437.21945610231955
1325,-437.99582036469616,1,1324,4001,8000,eallratio,1778.4299153300142,-1633.4495523641435,-583.1149994832986,0.01,nan,0.01,-438.1346365174279
1326,-438.90991107519267,1,1325,4001,8000,eallratio,1779.7661249330233,-1634.682961124623,-584.1318909723227,0.01,nan,0.01,-439.0487271639224
1327,-439.8229128630647,1,1326,4001,8000,eallratio,1781.1023345360322,-1635.916370826173,-585.1476925983588,0.01,nan,0.01,-439.9617288884997
1328,-440.73482653170345,1,1327,4001,8000,eallratio,1782.4385441390414,-1637.149781454158,-586.1624051784238,0.01,nan,0.01,-440.8736424935405
1329,-441.64565290126023,1,1328,4001,8000,eallratio,1783.7747537420505,-1638.3831930096476,-587.1760295322383,0.01,nan,0.01,-441.7844687998354
1330,-442.55539279688617,1,1329,4001,8000,eallratio,1785.1109633450594,-1639.616605501511,-588.188566475483,0.01,nan,0.01,-442.69420863193454
1331,-443.46404702456755,1,1330,4001,8000,eallratio,1786.4471729480686,-1640.8500189229871,-589.2000168211605,0.01,nan,0.01,-443.6028627960791
1332,-444.3716164081656,1,1331,4001,8000,eallratio,1787.7833825510775,-1642.0834332783888,-590.210381388988,0.01,nan,0.01,-444.5104321162994
1333,-445.2781017439789,1,1332,4001,8000,eallratio,1789.1195921540866,-1643.3168485557599,-591.2196609866025,0.01,nan,0.01,-445.4169173882758
1334,-446.1835038659228,1,1333,4001,8000,eallratio,1790.4558017570955,-1644.550264774427,-592.2278564296978,0.01,nan,0.01,-446.32231944702926
1335,-447.08782356394846,1,1334,4001,8000,eallratio,1791.7920113601047,-1645.783681914143,-593.2349685272525,0.01,nan,0.01,-447.22663908129084
1336,-447.9910616715295,1,1335,4001,8000,eallratio,1793.1282209631136,-1647.0170999978855,-594.2409980909408,0.01,nan,0.01,-448.1298771257127
1337,-448.89321897324396,1,1336,4001,8000,eallratio,1794.4644305661227,-1648.250519005449,-595.2459459243703,0.01,nan,0.01,-449.03203436369654
1338,-449.79429627600825,1,1337,4001,8000,eallratio,1795.8006401691318,-1649.4839389327335,-596.2498128392224,0.01,nan,0.01,-449.93311160282406
1339,-450.69429441219273,1,1338,4001,8000,eallratio,1797.1368497721407,-1650.7173598075333,-597.252599640452,0.01,nan,0.01,-450.8331096758445
1340,-451.5932141578517,1,1339,4001,8000,eallratio,1798.47305937515,-1651.9507816014611,-598.2543071316845,0.01,nan,0.01,-451.73202935799577
1341,-452.49105633292106,1,1340,4001,8000,eallratio,1799.8092689781588,-1653.1842043322922,-599.2549361151973,0.01,nan,0.01,-452.62987146933074
1342,-453.387821730305,1,1341,4001,8000,eallratio,1801.145478581168,-1654.4176279871463,-600.2544873972988,0.01,nan,0.01,-453.52663680327714
1343,-454.2835111613335,1,1342,4001,8000,eallratio,1802.4816881841768,-1655.6510525814538,-601.2529617735597,0.01,nan,0.01,-454.42232617083664
1344,-455.1781254153683,1,1343,4001,8000,eallratio,1803.817897787186,-1656.8844780995678,-602.2503600489526,0.01,nan,0.01,-455.31694036133445
1345,-456.07166529971744,1,1344,4001,8000,eallratio,1805.154107390195,-1658.11790455341,-603.2466830190485,0.01,nan,0.01,-456.2104801822636
1346,-456.96413160753036,1,1345,4001,8000,eallratio,1806.490316993204,-1659.351331937518,-604.2419314821097,0.01,nan,0.01,-457.1029464264236
1347,-457.8555251313744,1,1346,4001,8000,eallratio,1807.8265265962132,-1660.5847602480317,-605.2361062350587,0.01,nan,0.01,-457.99433988687724
1348,-458.7458466765774,1,1347,4001,8000,eallratio,1809.162736199222,-1661.8181894956888,-606.2292080721297,0.01,nan,0.01,-458.8846613685964
1349,-459.635097028809,1,1348,4001,8000,eallratio,1810.4989458022312,-1663.0516196707777,-607.2212377889016,0.01,nan,0.01,-459.773911657448
1350,-460.5232769852527,1,1349,4001,8000,eallratio,1811.8351554052401,-1664.285050779794,-608.2121961755897,0.01,nan,0.01,-460.6620915501435
1351,-461.4103873298753,1,1350,4001,8000,eallratio,1813.1713650082493,-1665.518482813317,-609.2020840264342,0.01,nan,0.01,-461.54920183150193
1352,-462.29642886532594,1,1351,4001,8000,eallratio,1814.5075746112582,-1666.751915782921,-610.190902131654,0.01,nan,0.01,-462.43524330331684
1353,-463.1814023732085,1,1352,4001,8000,eallratio,1815.8437842142673,-1667.9853496846426,-611.178651277434,0.01,nan,0.01,-463.32021674780935
1354,-464.06530862912314,1,1353,4001,8000,eallratio,1817.1799938172762,-1669.218784503233,-612.1653322539953,0.01,nan,0.01,-464.2041229399522
1355,-464.94814845050007,1,1354,4001,8000,eallratio,1818.5162034202854,-1670.4522202695734,-613.1509458488767,0.01,nan,0.01,-465.0869626981648
1356,-465.8299225989175,1,1355,4001,8000,eallratio,1819.8524130232945,-1671.6856569604079,-614.1354928455805,0.01,nan,0.01,-465.9687367826939
1357,-466.71063186618596,1,1356,4001,8000,eallratio,1821.1886226263034,-1672.9190945801256,-615.1189740329969,0.01,nan,0.01,-466.8494459868191
1358,-467.59027704103386,1,1357,4001,8000,eallratio,1822.5248322293126,-1674.1525331378762,-616.1013901892597,0.01,nan,0.01,-467.72909109782336
1359,-468.4688588864241,1,1358,4001,8000,eallratio,1823.8610418323215,-1675.3859726130013,-617.0827420992348,0.01,nan,0.01,-468.6076728799146
1360,-469.3463782057508,1,1359,4001,8000,eallratio,1825.1972514353306,-1676.6194130258864,-618.0630305450886,0.01,nan,0.01,-469.4851921356444
1361,-470.2228357757522,1,1360,4001,8000,eallratio,1826.5334610383395,-1677.8528543743632,-619.0422563063191,0.01,nan,0.01,-470.36164964234285
1362,-471.09823236579956,1,1361,4001,8000,eallratio,1827.8696706413486,-1679.0862966515851,-620.0204201583817,0.01,nan,0.01,-471.23704616861824
1363,-471.97256876010266,1,1362,4001,8000,eallratio,1829.2058802443576,-1680.3197398592147,-620.9975228848036,0.01,nan,0.01,-472.11138249966075
1364,-472.84584572905493,1,1363,4001,8000,eallratio,1830.5420898473667,-1681.553183992637,-621.9735652597094,0.01,nan,0.01,-472.98465940497977
1365,-473.71806405344904,1,1364,4001,8000,eallratio,1831.8782994503756,-1682.7866290590573,-622.9485480572218,0.01,nan,0.01,-473.85687766590354
1366,-474.5892245131443,1,1365,4001,8000,eallratio,1833.2145090533847,-1684.0200750640925,-623.9224720514728,0.01,nan,0.01,-474.72803806218053
1367,-475.45932786872,1,1366,4001,8000,eallratio,1834.5507186563939,-1685.2535219925358,-624.8953380179323,0.01,nan,0.01,-475.5981413540742
1368,-476.3283748972001,1,1367,4001,8000,eallratio,1835.8869282594028,-1686.4869698518905,-625.8671467267059,0.01,nan,0.01,-476.4671883191936
1369,-477.1963663686417,1,1368,4001,8000,eallratio,1837.223137862412,-1687.7204186400468,-626.8378989492398,0.01,nan,0.01,-477.3351797268747
1370,-478.06330305729665,1,1369,4001,8000,eallratio,1838.5593474654208,-1688.953868360797,-627.807595456982,0.01,nan,0.01,-478.2021163523582
1371,-478.9291857386367,1,1370,4001,8000,eallratio,1839.89555706843,-1690.1873190238766,-628.7762370146745,0.01,nan,0.01,-479.06799897012115
1372,-479.7940151529615,1,1371,4001,8000,eallratio,1841.231766671439,-1691.4207705997596,-629.7438243924223,0.01,nan,0.01,-479.93282832074306
1373,-480.65779209261177,1,1372,4001,8000,eallratio,1842.567976274448,-1692.6542231150615,-630.7103583563137,0.01,nan,0.01,-480.7966051969272
1374,-481.5205173150519,1,1373,4001,8000,eallratio,1843.904185877457,-1693.887676562228,-631.6758396710886,0.01,nan,0.01,-481.65933035585977
1375,-482.38219157913693,1,1374,4001,8000,eallratio,1845.240395480466,-1695.1211309341743,-632.6402691028375,0.01,nan,0.01,-482.5210045565457
1376,-483.24281566199784,1,1375,4001,8000,eallratio,1846.5766050834752,-1696.3545862456413,-633.6036474136195,0.01,nan,0.01,-483.3816285757855
1377,-484.10239030942506,1,1376,4001,8000,eallratio,1847.9128146864841,-1697.5880424810039,-634.5659753654954,0.01,nan,0.01,-484.2412031600152
1378,-484.96091629449415,1,1377,4001,8000,eallratio,1849.2490242894933,-1698.8214996528914,-635.5272537178478,0.01,nan,0.01,-485.09972908124587
1379,-485.81839437218616,1,1378,4001,8000,eallratio,1850.5852338925022,-1700.0549577564889,-636.4874832313924,0.01,nan,0.01,-485.9572070953791
1380,-486.67482528523266,1,1379,4001,8000,eallratio,1851.9214434955113,-1701.2884167776447,-637.4466646628339,0.01,nan,0.01,-486.81363794496724
1381,-487.5302098245889,1,1380,4001,8000,eallratio,1853.2576530985202,-1702.5218767438964,-638.4047987755794,0.01,nan,0.01,-487.66902242095557
1382,-488.38454872097634,1,1381,4001,8000,eallratio,1854.5938627015294,-1703.7553376345222,-639.3618863209613,0.01,nan,0.01,-488.52336125395414
1383,-489.23784274028037,1,1382,4001,8000,eallratio,1855.9300723045383,-1704.988799458466,-640.3179280556778,0.01,nan,0.01,-489.3766552096056
1384,-490.09009262974837,1,1383,4001,8000,eallratio,1857.2662819075474,-1706.2222622092522,-641.2729247337509,0.01,nan,0.01,-490.2289050354557
1385,-490.9412991498697,1,1384,4001,8000,eallratio,1858.6024915105565,-1707.4557258935984,-642.2268771091967,0.01,nan,0.01,-491.08011149223853
1386,-491.79146305253255,1,1385,4001,8000,eallratio,1859.9387011135655,-1708.6891905117263,-643.1797859333496,0.01,nan,0.01,-491.93027533151053
1387,-492.64058508314696,1,1386,4001,8000,eallratio,1861.2749107165746,-1709.9226560576099,-644.1316519575503,0.01,nan,0.01,-492.77939729858554
1388,-493.48866599369273,1,1387,4001,8000,eallratio,1862.6111203195835,-1711.1561225347068,-645.0824759304501,0.01,nan,0.01,-493.6274781455734
1389,-494.33570653738866,1,1388,4001,8000,eallratio,1863.9473299225926,-1712.3895899463678,-646.0322586020466,0.01,nan,0.01,-494.4745186258217
1390,-495.1817074468817,1,1389,4001,8000,eallratio,1865.2835395256016,-1713.623058275336,-646.9810007223425,0.01,nan,0.01,-495.32051947207697
1391,-496.0266694944989,1,1390,4001,8000,eallratio,1866.6197491286107,-1714.8565275516758,-647.928703033278,0.01,nan,0.01,-496.16548145634306
1392,-496.8705934022102,1,1391,4001,8000,eallratio,1867.9559587316196,-1716.089997747722,-648.8753662848603,0.01,nan,0.01,-497.0094053009627
1393,-497.7134799295233,1,1392,4001,8000,eallratio,1869.2921683346287,-1717.3234688805042,-649.820991219033,0.01,nan,0.01,-497.8522917649084
1394,-498.5553298143418,1,1393,4001,8000,eallratio,1870.6283779376379,-1718.5569409452182,-650.7655785790898,0.01,nan,0.01,-498.6941415866702
1395,-499.3961437941376,1,1394,4001,8000,eallratio,1871.9645875406468,-1719.7904139346865,-651.7091291096688,0.01,nan,0.01,-499.5349555037085
1396,-500.23592262204204,1,1395,4001,8000,eallratio,1873.300797143656,-1721.0238878614546,-652.6516435513793,0.01,nan,0.01,-500.3747342691779
1397,-501.0746670267777,1,1396,4001,8000,eallratio,1874.6370067466648,-1722.25736271612,-653.5931226421453,0.01,nan,0.01,-501.2134786116005
1398,-501.9123777553062,1,1397,4001,8000,eallratio,1875.973216349674,-1723.4908385040344,-654.5335671239272,0.01,nan,0.01,-502.05118927828767
1399,-502.74905553626235,1,1398,4001,8000,eallratio,1877.309425952683,-1724.7243152185347,-655.4729777319633,0.01,nan,0.01,-502.8878669978151
1400,-503.58470111064406,1,1399,4001,8000,eallratio,1878.645635555692,-1725.957792860947,-656.4113552068725,0.01,nan,0.01,-503.7235125121274
1401,-504.41931522307084,1,1400,4001,8000,eallratio,1879.981845158701,-1727.1912714402115,-657.3487002839031,0.01,nan,0.01,-504.55812656541366
1402,-505.2528986017138,1,1401,4001,8000,eallratio,1881.31805476171,-1728.4247509523611,-658.2850136956145,0.01,nan,0.01,-505.3917098862655
1403,-506.08545197300225,1,1402,4001,8000,eallratio,1882.654264364719,-1729.6582313873714,-659.2202961799485,0.01,nan,0.01,-506.2242632026009
1404,-506.91697607943655,1,1403,4001,8000,eallratio,1883.9904739677281,-1730.8917127569894,-660.1545484667788,0.01,nan,0.01,-507.05578725604005
1405,-507.7474716522125,1,1404,4001,8000,eallratio,1885.3266835707373,-1732.1251950625247,-661.0877712886784,0.01,nan,0.01,-507.88628278046576
1406,-508.5769394144816,1,1405,4001,8000,eallratio,1886.6628931737462,-1733.3586782964721,-662.0199653768725,0.01,nan,0.01,-508.71575049959847
1407,-509.4053800950261,1,1406,4001,8000,eallratio,1887.9991027767553,-1734.5921624605235,-662.9511314598992,0.01,nan,0.01,-509.5441911436674
1408,-510.23279441385915,1,1407,4001,8000,eallratio,1889.3353123797642,-1735.8256475473718,-663.8812702689954,0.01,nan,0.01,-510.371605436603
1409,-511.05918310971657,1,1408,4001,8000,eallratio,1890.6715219827734,-1737.0591335733588,-664.8103825286728,0.01,nan,0.01,-511.1979941192583
1410,-511.8845469020136,1,1409,4001,8000,eallratio,1892.0077315857823,-1738.2926205335698,-665.7384689688251,0.01,nan,0.01,-512.0233579166127
1411,-512.7088865014474,1,1410,4001,8000,eallratio,1893.3439411887914,-1739.526108421027,-666.6655303126256,0.01,nan,0.01,-512.8476975448611
1412,-513.5322026305071,1,1411,4001,8000,eallratio,1894.6801507918003,-1740.7595972411054,-667.5915672859448,0.01,nan,0.01,-513.67101373525
1413,-514.354495993792,1,1412,4001,8000,eallratio,1896.0163603948095,-1741.9930869866384,-668.516580611963,0.01,nan,0.01,-514.493307203792
1414,-515.1757673121735,1,1413,4001,8000,eallratio,1897.3525699978186,-1743.2265776690438,-669.4405710151996,0.01,nan,0.01,-515.3145786864247
1415,-515.9960172735781,1,1414,4001,8000,eallratio,1898.6887796008275,-1744.4600692787699,-670.3635392134731,0.01,nan,0.01,-516.1348288914155
1416,-516.8152465744682,1,1415,4001,8000,eallratio,1900.0249892038366,-1745.6935618169991,-671.2854859299634,0.01,nan,0.01,-516.9540585431259
1417,-517.6334559042092,1,1416,4001,8000,eallratio,1901.3611988068456,-1746.9270552898251,-672.2064118838366,0.01,nan,0.01,-517.7722683668162
1418,-518.4506459261144,1,1417,4001,8000,eallratio,1902.6974084098547,-1748.1605496928678,-673.1263177929029,0.01,nan,0.01,-518.589459075916
1419,-519.2668172879843,1,1418,4001,8000,eallratio,1904.0336180128636,-1749.394045021665,-674.0452043749865,0.01,nan,0.01,-519.405631383788
1420,-520.0819706288664,1,1419,4001,8000,eallratio,1905.3698276158727,-1750.6275412882387,-674.9630723452203,0.01,nan,0.01,-520.2207860175863
1421,-520.8961065417229,1,1420,4001,8000,eallratio,1906.7060372188816,-1751.8610384856274,-675.879922422766,0.01,nan,0.01,-521.0349236895117
1422,-521.7092255793955,1,1421,4001,8000,eallratio,1908.0422468218908,-1753.0945366123196,-676.7957553187393,0.01,nan,0.01,-521.8480451091682
1423,-522.5213282538535,1,1422,4001,8000,eallratio,1909.3784564249,-1754.3280356767773,-677.7105717482734,0.01,nan,0.01,-522.6601510001508
1424,-523.3324149768954,1,1423,4001,8000,eallratio,1910.7146660279088,-1755.5615356589642,-678.6243724238291,0.01,nan,0.01,-523.4712420548844
1425,-524.1424861095378,1,1424,4001,8000,eallratio,1912.050875630918,-1756.7950365866236,-679.5371580551741,0.01,nan,0.01,-524.2813190108798
1426,-524.9515418346801,1,1425,4001,8000,eallratio,1913.3870852339269,-1758.0285384306972,-680.448929353425,0.01,nan,0.01,-525.0903825501953
1427,-525.7595822156898,1,1426,4001,8000,eallratio,1914.723294836936,-1759.262041209162,-681.3596870310428,0.01,nan,0.01,-525.8984334032687
1428,-526.5666070731121,1,1427,4001,8000,eallratio,1916.059504439945,-1760.495544925292,-682.2694317910841,0.01,nan,0.01,-526.7054722764312
1429,-527.3726159306987,1,1428,4001,8000,eallratio,1917.395714042954,-1761.7290495698035,-683.1781643460181,0.01,nan,0.01,-527.5114998728675
1430,-528.1776079273341,1,1429,4001,8000,eallratio,1918.731923645963,-1762.9625551426925,-684.0858854002483,0.01,nan,0.01,-528.3165168969779
1431,-528.9815816829771,1,1430,4001,8000,eallratio,1920.0681332489721,-1764.1960616398974,-684.9925956581881,0.01,nan,0.01,-529.1205240491133
1432,-529.7845351617304,1,1431,4001,8000,eallratio,1921.4043428519813,-1765.4295690790732,-685.8982958255833,0.01,nan,0.01,-529.9235220526753
1433,-530.5864653917197,1,1432,4001,8000,eallratio,1922.7405524549902,-1766.663077444773,-686.8029866055113,0.01,nan,0.01,-530.7255115952942
1434,-531.3873682303467,1,1433,4001,8000,eallratio,1924.0767620579993,-1767.896586737912,-687.706668701037,0.01,nan,0.01,-531.5264933809497
1435,-532.1872379744148,1,1434,4001,8000,eallratio,1925.4129716610082,-1769.1300969705899,-688.6093428152346,0.01,nan,0.01,-532.3264681248163
1436,-532.9860668174588,1,1435,4001,8000,eallratio,1926.7491812640174,-1770.3636081266995,-689.5110096458079,0.01,nan,0.01,-533.1254365084901
1437,-533.783844253695,1,1436,4001,8000,eallratio,1928.0853908670263,-1771.5971202218498,-690.4116698931418,0.01,nan,0.01,-533.9233992479653
1438,-534.5805561504047,1,1437,4001,8000,eallratio,1929.4216004700354,-1772.8306332431803,-691.311324254945,0.01,nan,0.01,-534.7203570280899
1439,-535.3761836569521,1,1438,4001,8000,eallratio,1930.7578100730443,-1774.064147194198,-692.2099734329506,0.01,nan,0.01,-535.5163105541044
1440,-536.1707016926614,1,1439,4001,8000,eallratio,1932.0940196760534,-1775.2976620784739,-693.1076181194978,0.01,nan,0.01,-536.3112605219183
1441,-536.9640769952726,1,1440,4001,8000,eallratio,1933.4302292790624,-1776.53117789124,-694.0042590109526,0.01,nan,0.01,-537.1052076231304
1442,-537.7562655990563,1,1441,4001,8000,eallratio,1934.7664388820715,-1777.7646946369841,-694.8998968050244,0.01,nan,0.01,-537.898152559937
1443,-538.5472094927798,1,1442,4001,8000,eallratio,1936.1026484850806,-1778.9982123104,-695.7945321954014,0.01,nan,0.01,-538.6900960207208
1444,-539.3368323320622,1,1443,4001,8000,eallratio,1937.4388580880895,-1780.2317309137397,-696.6881658703896,0.01,nan,0.01,-539.4810386960398
1445,-540.1250338787329,1,1444,4001,8000,eallratio,1938.7750676910987,-1781.4652504582027,-697.5807985263718,0.01,nan,0.01,-540.2709812934759
1446,-540.9116827602428,1,1445,4001,8000,eallratio,1940.1112772941076,-1782.6987709255573,-698.4724308503112,0.01,nan,0.01,-541.0599244817608
1447,-541.6966073279391,1,1446,4001,8000,eallratio,1941.4474868971167,-1783.9322923267337,-699.363063537251,0.01,nan,0.01,-541.847868966868
1448,-542.4795838609595,1,1447,4001,8000,eallratio,1942.7836965001256,-1785.1658146586906,-700.2526972701326,0.01,nan,0.01,-542.6348154286975
1449,-543.2603217922014,1,1448,4001,8000,eallratio,1944.1199061031348,-1786.399337914052,-701.1413327439943,0.01,nan,0.01,-543.4207645549116
1450,-544.0384452579044,1,1449,4001,8000,eallratio,1945.4561157061437,-1787.6328621092125,-702.0289706391018,0.01,nan,0.01,-544.2057170421706
1451,-544.8134704360119,1,1450,4001,8000,eallratio,1946.7923253091528,-1788.8663872327215,-702.9156116451188,0.01,nan,0.01,-544.9896735686875
1452,-545.5847784443785,1,1451,4001,8000,eallratio,1948.128534912162,-1790.0999132846264,-703.8012564490343,0.01,nan,0.01,-545.7726348214987
1453,-546.3515838084863,1,1452,4001,8000,eallratio,1949.4647445151709,-1791.3334402716337,-704.6859057324541,0.01,nan,0.01,-546.5546014889169
1454,-547.1128994815551,1,1453,4001,8000,eallratio,1950.80095411818,-1792.56696818417,-705.5695601796824,0.01,nan,0.01,-547.3355742456724
1455,-547.8675007910906,1,1454,4001,8000,eallratio,1952.137163721189,-1793.800497033013,-706.4522204723348,0.01,nan,0.01,-548.1155537841589
1456,-548.6138926080363,1,1455,4001,8000,eallratio,1953.473373324198,-1795.0340268095315,-707.3338872920256,0.01,nan,0.01,-548.894540777359
1457,-549.35028708201,1,1456,4001,8000,eallratio,1954.809582927207,-1796.267557522291,-708.2145613190307,0.01,nan,0.01,-549.6725359141149
1458,-550.0746022137998,1,1457,4001,8000,eallratio,1956.145792530216,-1797.5010891638685,-709.0942432336287,0.01,nan,0.01,-550.4495398672811
1459,-550.7844945092596,1,1458,4001,8000,eallratio,1957.482002133225,-1798.7346217349896,-709.9729337147551,0.01,nan,0.01,-551.2255533165196
1460,-551.4774392448328,1,1459,4001,8000,eallratio,1958.8182117362342,-1799.968155231758,-710.8506334386577,0.01,nan,0.01,-552.0005769341815
1461,-552.1508679827697,1,1460,4001,8000,eallratio,1960.1544213392433,-1801.2016896610767,-711.7273430869677,0.01,nan,0.01,-552.7746114088011
1462,-552.8023621441404,1,1461,4001,8000,eallratio,1961.4906309422522,-1802.4352250253432,-712.6030633251867,0.01,nan,0.01,-553.5476574082777
1463,-553.4298845330693,1,1462,4001,8000,eallratio,1962.8268405452613,-1803.6687613228933,-713.4777948416634,0.01,nan,0.01,-554.3197156192953
1464,-554.0320115073475,1,1463,4001,8000,eallratio,1964.1630501482703,-1804.9022985444772,-714.3515382992223,0.01,nan,0.01,-555.0907866954292
1465,-554.608116371687,1,1464,1,4000,cap,1965.4992597512794,-2521.1077607512743,0.0,nan,nan,nan,-555.6085009999949
1466,-555.1584577513237,1,1465,1,4000,cap,1966.8354693542883,-2522.829813259914,0.0,nan,nan,nan,-555.9943439056256
1467,-555.6841490804185,1,1466,1,4000,cap,1968.1716789572974,-2524.551867362454,0.0,nan,nan,nan,-556.3801884051563
1468,-556.1870172234752,1,1467,1,4000,cap,1969.5078885603064,-2526.2739230455845,0.0,nan,nan,nan,-556.7660344852782
1469,-556.6693877649275,1,1468,1,4000,cap,1970.8440981633155,-2527.9959803065085,0.0,nan,nan,nan,-557.151882143193
1470,-557.1338469589735,1,1469,1,4000,cap,1972.1803077663246,-2529.7180391627026,0.0,nan,nan,nan,-557.5377313963779
1471,-557.5830251615895,1,1470,1,4000,cap,1973.5165173693335,-2531.4400995998185,0.0,nan,nan,nan,-557.923582230485
1472,-558.0194298687998,1,1471,1,4000,cap,1974.8527269723427,-2533.1621616225166,0.0,nan,nan,nan,-558.3094346501739
1473,-558.4453371870258,1,1472,1,4000,cap,1976.1889365753516,-2534.8842252233335,0.0,nan,nan,nan,-558.6952886479819
1474,-558.8627367585141,1,1473,1,4000,cap,1977.5251461783607,-2536.6062904109986,0.0,nan,nan,nan,-559.0811442326378
1475,-559.2733177107093,1,1474,1,4000,cap,1978.8613557813696,-2538.3283571818683,0.0,nan,nan,nan,-559.4670014004987
1476,-559.6784819435859,1,1475,1,4000,cap,1980.1975653843788,-2540.0504255403157,0.0,nan,nan,nan,-559.8528601559369
1477,-560.0793727386689,1,1476,1,4000,cap,1981.5337749873877,-2541.772495474337,0.0,nan,nan,nan,-560.2387204869494
1478,-560.4769100025803,1,1477,1,4000,cap,1982.8699845903968,-2543.494566999032,0.0,nan,nan,nan,-560.6245824086352
1479,-560.8718262467413,1,1478,1,4000,cap,1984.2061941934057,-2545.216640103292,0.0,nan,nan,nan,-561.0104459098861
1480,-561.2647002209884,1,1479,1,4000,cap,1985.5424037964149,-2546.938714801783,0.0,nan,nan,nan,-561.3963110053683
1481,-561.6559864161683,1,1480,1,4000,cap,1986.878613399424,-2548.660791069786,0.0,nan,nan,nan,-561.7821776703618
1482,-562.0460402198103,1,1481,1,4000,cap,1988.214823002433,-2550.382868929237,0.0,nan,nan,nan,-562.1680459268039
1483,-562.4351385487432,1,1482,1,4000,cap,1989.551032605442,-2552.1049483718434,0.0,nan,nan,nan,-562.5539157664014
1484,-562.8234966859113,1,1483,1,4000,cap,1990.887242208451,-2553.827029400227,0.0,nan,nan,nan,-562.9397871917758
1485,-563.2112816973789,1,1484,1,4000,cap,1992.22345181146,-2555.5491120108836,0.0,nan,nan,nan,-563.3256601994235
1486,-563.5986230862683,1,1485,1,4000,cap,1993.559661414469,-2557.2711962034755,0.0,nan,nan,nan,-563.7115347890065
1487,-563.9856211645088,1,1486,1,4000,cap,1994.8958710174782,-2558.9932819830774,0.0,nan,nan,nan,-564.0974109655992
1488,-564.3723535875566,1,1487,1,4000,cap,1996.232080620487,-2560.715369345846,0.0,nan,nan,nan,-564.4832887253588
1489,-564.7588804672622,1,1488,1,4000,cap,1997.5682902234962,-2562.437458290853,0.0,nan,nan,nan,-564.8691680673569
1490,-565.1452483404082,1,1489,1,4000,cap,1998.9044998265053,-2564.1595488238436,0.0,nan,nan,nan,-565.2550489973382
1491,-565.5314932180836,1,1490,1,4000,cap,2000.2407094295143,-2565.8816409324936,0.0,nan,nan,nan,-565.6409315029794
1492,-565.9176430148846,1,1491,1,4000,cap,2001.5769190325234,-2567.603734636097,0.0,nan,nan,nan,-566.0268156035738
1493,-566.3037193203505,1,1492,1,4000,cap,2002.9131286355323,-2569.3258299147583,0.0,nan,nan,nan,-566.412701279226
1494,-566.6897389002609,1,1493,1,4000,cap,2004.2493382385414,-2571.0479267876945,0.0,nan,nan,nan,-566.798588549153
1495,-567.0757147218551,1,1494,1,4000,cap,2005.5855478415504,-2572.7700252379036,0.0,nan,nan,nan,-567.1844773963533
1496,-567.4616568604605,1,1495,1,4000,cap,2006.9217574445595,-2574.492125268165,0.0,nan,nan,nan,-567.5703678236057
1497,-567.8475731369276,1,1496,1,4000,cap,2008.2579670475684,-2576.2142268819644,0.0,nan,nan,nan,-567.956259834396
1498,-568.2334696331861,1,1497,1,4000,cap,2009.5941766505775,-2577.936330089673,0.0,nan,nan,nan,-568.3421534390955
1499,-568.6193510526181,1,1498,1,4000,cap,2010.9303862535867,-2579.658434877085,0.0,nan,nan,nan,-568.7280486234981
1500,-569.0052210655781,1,1499,1,4000,cap,2012.2665958565956,-2581.3805412464335,0.0,nan,nan,nan,-569.1139453898379
1501,-569.3910825296501,1,1500,1,4000,cap,2013.6028054596047,-2583.102649201597,0.0,nan,nan,nan,-569.4998437419924
1502,-569.7769376626511,1,1501,1,4000,cap,2014.9390150626136,-2584.824758738978,0.0,nan,nan,nan,-569.8857436763642
1503,-570.1627881979007,1,1502,1,4000,cap,2016.2752246656228,-2586.546869860944,0.0,nan,nan,nan,-570.2716451953211
1504,-570.5486354848773,1,1503,1,4000,cap,2017.6114342686317,-2588.26898256827,0.0,nan,nan,nan,-570.6575482996384
1505,-570.9344805750441,1,1504,1,4000,cap,2018.9476438716408,-2589.9910968605964,0.0,nan,nan,nan,-571.0434529889556
1506,-571.3203242837986,1,1505,1,4000,cap,2020.2838534746497,-2591.7132127317473,0.0,nan,nan,nan,-571.4293592570975
1507,-571.7061672683649,1,1506,1,4000,cap,2021.6200630776589,-2593.4353301980864,0.0,nan,nan,nan,-571.8152671204275
1508,-572.0920100059761,1,1507,1,4000,cap,2022.956272680668,-2595.157449235492,0.0,nan,nan,nan,-572.2011765548241
1509,-572.4778529112556,1,1508,1,4000,cap,2024.292482283677,-2596.879569866973,0.0,nan,nan,nan,-572.5870875832959
1510,-572.8636962788889,1,1509,1,4000,cap,2025.628691886686,-2598.6016920803468,0.0,nan,nan,nan,-572.9730001936607
1511,-573.2495403465778,1,1510,1,4000,cap,2026.964901489695,-2600.3238158735257,0.0,nan,nan,nan,-573.3589143838308
1512,-573.6353853095194,1,1511,1,4000,cap,2028.301111092704,-2602.0459412534547,0.0,nan,nan,nan,-573.7448301607506
1513,-574.0212313078135,1,1512,1,4000,cap,2029.637320695713,-2603.7680682128503,0.0,nan,nan,nan,-574.1307475171373
1514,-574.4070784718593,1,1513,1,4000,cap,2030.9735302987222,-2605.4901967664173,0.0,nan,nan,nan,-574.5166664676951
1515,-574.7929268699062,1,1514,1,4000,cap,2032.309739901731,-2607.2123268915657,0.0,nan,nan,nan,-574.9025869898346
1516,-575.1787765893164,1,1515,1,4000,cap,2033.6459495047402,-2608.9344586043444,0.0,nan,nan,nan,-575.2885090996042
1517,-575.5646276882551,1,1516,1,4000,cap,2034.982159107749,-2610.6565919069653,0.0,nan,nan,nan,-575.6744327992162
1518,-575.9504802062016,1,1517,1,4000,cap,2036.3183687107583,-2612.378726794641,0.0,nan,nan,nan,-576.0603580838826
1519,-576.3363341653026,1,1518,1,4000,cap,2037.6545783137674,-2614.1008632549765,0.0,nan,nan,nan,-576.4462849412091
1520,-576.7221896178817,1,1519,1,4000,cap,2038.9907879167763,-2615.823001312894,0.0,nan,nan,nan,-576.8322133961178
1521,-577.1080465685493,1,1520,1,4000,cap,2040.3269975197854,-2617.54514095149,0.0,nan,nan,nan,-577.2181434317044
1522,-577.4939050326211,1,1521,1,4000,cap,2041.6632071227943,-2619.267282168965,0.0,nan,nan,nan,-577.6040750461705
1523,-577.8797650270564,1,1522,1,4000,cap,2042.9994167258035,-2620.9894249692315,0.0,nan,nan,nan,-577.9900082434281
1524,-578.2656265661597,1,1523,1,4000,cap,2044.3356263288124,-2622.7115693555297,0.0,nan,nan,nan,-578.3759430267173
1525,-578.6514896626246,1,1524,1,4000,cap,2045.6718359318215,-2624.433715332616,0.0,nan,nan,nan,-578.7618794007944
1526,-579.0373543135705,1,1525,1,4000,cap,2047.0080455348304,-2626.155862890684,0.0,nan,nan,nan,-579.1478173558537
1527,-579.4232205247995,1,1526,1,4000,cap,2048.34425513784,-2627.8780120306255,0.0,nan,nan,nan,-579.5337568927857
1528,-579.8090883042983,1,1527,1,4000,cap,2049.680464740849,-2629.600162756049,0.0,nan,nan,nan,-579.9196980152001
1529,-580.1949576555205,1,1528,1,4000,cap,2051.0166743438576,-2631.3223150672075,0.0,nan,nan,nan,-580.3056407233498
1530,-580.580828576113,1,1529,1,4000,cap,2052.3528839468668,-2633.044468959106,0.0,nan,nan,nan,-580.6915850122391
1531,-580.9667010703613,1,1530,1,4000,cap,2053.689093549876,-2634.766624434049,0.0,nan,nan,nan,-581.077530884173
1532,-581.3525751427516,1,1531,1,4000,cap,2055.025303152885,-2636.4887814948725,0.0,nan,nan,nan,-581.4634783419874
1533,-581.7384507920048,1,1532,1,4000,cap,2056.3615127558937,-2638.21094013893,0.0,nan,nan,nan,-581.8494273830361
1534,-582.1243280293235,1,1533,1,4000,cap,2057.697722358903,-2639.933100376491,0.0,nan,nan,nan,-582.2353780175881
1535,-582.5102068334564,1,1534,1,4000,cap,2059.033931961912,-2641.655262185419,0.0,nan,nan,nan,-582.6213302235069
1536,-582.8960872216315,1,1535,1,4000,cap,2060.3701415649207,-2643.3774255823064,0.0,nan,nan,nan,-583.0072840173857
1537,-583.2819691892829,1,1536,1,4000,cap,2061.70635116793,-2645.099590561993,0.0,nan,nan,nan,-583.3932393940631
1538,-583.6678527388065,1,1537,1,4000,cap,2063.042560770939,-2646.821757126534,0.0,nan,nan,nan,-583.7791963555951
1539,-584.0537378759487,1,1538,1,4000,cap,2064.378770373948,-2648.543925281556,0.0,nan,nan,nan,-584.1651549076078
1540,-584.4396245858155,1,1539,1,4000,cap,2065.7149799769572,-2650.266095011475,0.0,nan,nan,nan,-584.5511150345178
1541,-584.8255128895222,1,1540,1,4000,cap,2067.051189579966,-2651.98826633745,0.0,nan,nan,nan,-584.9370767574842
1542,-585.2114027658479,1,1541,1,4000,cap,2068.387399182975,-2653.7104392380807,0.0,nan,nan,nan,-585.3230400551056
1543,-585.5972942214033,1,1542,1,4000,cap,2069.723608785984,-2655.4326137198586,0.0,nan,nan,nan,-585.7090049338744
1544,-585.9831872668273,1,1543,1,4000,cap,2071.0598183889933,-2657.154789793147,0.0,nan,nan,nan,-586.0949714041535
1545,-586.3690818958646,1,1544,1,4000,cap,2072.396027992002,-2658.876967451917,0.0,nan,nan,nan,-586.4809394599151
1546,-586.7549780976187,1,1545,1,4000,cap,2073.732237595011,-2660.599146684761,0.0,nan,nan,nan,-586.8669090897497
1547,-587.1408758897111,1,1546,1,4000,cap,2075.0684471980203,-2662.3213275097605,0.0,nan,nan,nan,-587.2528803117402
1548,-587.5267752646332,1,1547,1,4000,cap,2076.4046568010294,-2664.0435099189945,0.0,nan,nan,nan,-587.638853117965
1549,-587.912676222403,1,1548,1,4000,cap,2077.7408664040386,-2665.7656939125663,0.0,nan,nan,nan,-588.0248275085278
1550,-588.2985787588055,1,1549,1,4000,cap,2079.0770760070473,-2667.4878794862598,0.0,nan,nan,nan,-588.4108034792125
1551,-588.6844828856482,1,1550,1,4000,cap,2080.4132856100564,-2669.210066651789,0.0,nan,nan,nan,-588.7967810417326
1552,-589.0703885825986,1,1551,1,4000,cap,2081.7494952130655,-2670.9322553887505,0.0,nan,nan,nan,-589.182760175685
1553,-589.4562958702871,1,1552,1,4000,cap,2083.0857048160747,-2672.65444571797,0.0,nan,nan,nan,-589.5687409018951
1554,-589.8422047474554,1,1553,1,4000,cap,2084.4219144190834,-2674.376637638077,0.0,nan,nan,nan,-589.9547232189939
1555,-590.2281151951829,1,1554,1,4000,cap,2085.7581240220925,-2676.098831129959,0.0,nan,nan,nan,-590.3407071078664
1556,-590.6140272313731,1,1555,1,4000,cap,2087.0943336251016,-2677.8210262118246,0.0,nan,nan,nan,-590.726692586723
1557,-590.9999408494984,1,1556,1,4000,cap,2088.4305432281108,-2679.5432228768314,0.0,nan,nan,nan,-591.1126796487206
1558,-591.3858560480527,1,1557,1,4000,cap,2089.76675283112,-2681.2654211238223,0.0,nan,nan,nan,-591.4986682927024
1559,-591.7717728332641,1,1558,1,4000,cap,2091.1029624341286,-2682.9876209587055,0.0,nan,nan,nan,-591.8846585245769
1560,-592.1576912024453,1,1559,1,4000,cap,2092.4391720371377,-2684.7098223788853,0.0,nan,nan,nan,-592.2706503417476
1561,-592.5436111492596,1,1560,1,4000,cap,2093.775381640147,-2686.432025378099,0.0,nan,nan,nan,-592.656643737952
1562,-592.9295326827703,1,1561,1,4000,cap,2095.111591243156,-2688.1542299652847,0.0,nan,nan,nan,-593.0426387221287
1563,-593.3154557981524,1,1562,1,4000,cap,2096.4478008461647,-2689.876436135739,0.0,nan,nan,nan,-593.4286352895742
1564,-593.7013805015888,1,1563,1,4000,cap,2097.784010449174,-2691.5986438956006,0.0,nan,nan,nan,-593.8146334464268
1565,-594.0873067777425,1,1564,1,4000,cap,2099.120220052183,-2693.3208532294684,0.0,nan,nan,nan,-594.2006331772855
1566,-594.4732346461752,1,1565,1,4000,cap,2100.456429655192,-2695.04306415706,0.0,nan,nan,nan,-594.586634501868
1567,-594.8591640928166,1,1566,1,4000,cap,2101.7926392582012,-2696.765276664126,0.0,nan,nan,nan,-594.9726374059246
1568,-595.2450951197197,1,1567,1,4000,cap,2103.12884886121,-2698.487490752661,0.0,nan,nan,nan,-595.358641891451
1569,-595.6310277386892,1,1568,1,4000,cap,2104.465058464219,-2700.209706434769,0.0,nan,nan,nan,-595.74464797055
1570,-596.0169619336909,1,1569,1,4000,cap,2105.801268067228,-2701.9319236942665,0.0,nan,nan,nan,-596.1306556270383
1571,-596.402897709178,1,1570,1,4000,cap,2107.1374776702373,-2703.6541425354662,0.0,nan,nan,nan,-596.5166648652289
1572,-596.7888350730225,1,1571,1,4000,cap,2108.473687273246,-2705.3763629664627,0.0,nan,nan,nan,-596.9026756932167
1573,-597.1747740159484,1,1572,1,4000,cap,2109.809896876255,-2707.09858497783,0.0,nan,nan,nan,-597.2886881015747
1574,-597.5607145448162,1,1573,1,4000,cap,2111.1461064792643,-2708.820808576371,0.0,nan,nan,nan,-597.6747020971065
1575,-597.9466566540452,1,1574,1,4000,cap,2112.4823160822734,-2710.5430337567486,0.0,nan,nan,nan,-598.0607176744752
1576,-598.3326003480246,1,1575,1,4000,cap,2113.8185256852826,-2712.2652605232215,0.0,nan,nan,nan,-598.446734837939
1577,-598.7185456253056,1,1576,1,4000,cap,2115.1547352882912,-2713.9874888742434,0.0,nan,nan,nan,-598.8327535859521
1578,-599.104492486327,1,1577,1,4000,cap,2116.4909448913004,-2715.7097188103526,0.0,nan,nan,nan,-599.2187739190522
1579,-599.4904409275443,1,1578,1,4000,cap,2117.8271544943095,-2717.431950328055,0.0,nan,nan,nan,-599.6047958337454
1580,-599.8763909502898,1,1579,1,4000,cap,2119.1633640973187,-2719.15418342858,0.0,nan,nan,nan,-599.9908193312613
1581,-600.2623425579321,1,1580,1,4000,cap,2120.4995737003273,-2720.8764181154056,0.0,nan,nan,nan,-600.3768444150783
1582,-600.6482957573968,1,1581,1,4000,cap,2121.8357833033365,-2722.598654395246,0.0,nan,nan,nan,-600.7628710919093
1583,-601.0342505272185,1,1582,1,4000,cap,2123.1719929063456,-2724.3208922468984,0.0,nan,nan,nan,-601.1488993405528
1584,-601.420206887711,1,1583,1,4000,cap,2124.5082025093548,-2726.0431316905087,0.0,nan,nan,nan,-601.534929181154
1585,-601.8061648278117,1,1584,1,4000,cap,2125.844412112364,-2727.765372715032,0.0,nan,nan,nan,-601.920960602668
1586,-602.1921243476987,1,1585,1,4000,cap,2127.1806217153726,-2729.487615320624,0.0,nan,nan,nan,-602.3069936052516
1587,-602.5780854512333,1,1586,1,4000,cap,2128.5168313183817,-2731.209859511395,0.0,nan,nan,nan,-602.6930281930131
1588,-602.9640481451585,1,1587,1,4000,cap,2129.853040921391,-2732.932105293812,0.0,nan,nan,nan,-603.0790643724213
1589,-603.3500124208842,1,1588,1,4000,cap,2131.1892505244,-2734.6543526592995,0.0,nan,nan,nan,-603.4651021348996
1590,-603.7359782651598,1,1589,1,4000,cap,2132.5254601274087,-2736.3766015946057,0.0,nan,nan,nan,-603.8511414671971
1591,-604.1219457123243,1,1590,1,4000,cap,2133.861669730418,-2738.0988521343916,0.0,nan,nan,nan,-604.2371824039737
1592,-604.5079147321441,1,1591,1,4000,cap,2135.197879333427,-2739.8211042479015,0.0,nan,nan,nan,-604.6232249144746
1593,-604.8938853316952,1,1592,1,4000,cap,2136.534088936436,-2741.543357942588,0.0,nan,nan,nan,-605.009269006152
1594,-605.2798575186373,1,1593,1,4000,cap,2137.8702985394452,-2743.265613226089,0.0,nan,nan,nan,-605.3953146866438
1595,-605.665831293561,1,1594,1,4000,cap,2139.206508142454,-2744.9878700987956,0.0,nan,nan,nan,-605.7813619563417
1596,-606.0518066476571,1,1595,1,4000,cap,2140.542717745463,-2746.7101285519566,0.0,nan,nan,nan,-606.1674108064935
1597,-606.4377835797283,1,1596,1,4000,cap,2141.878927348472,-2748.4323885845006,0.0,nan,nan,nan,-606.5534612360284
1598,-606.8237621001552,1,1597,1,4000,cap,2143.2151369514813,-2750.154650206816,0.0,nan,nan,nan,-606.9395132553345
1599,-607.2097421958994,1,1598,1,4000,cap,2144.55134655449,-2751.876913405642,0.0,nan,nan,nan,-607.325566851152
1600,-607.5957238849015,1,1599,1,4000,cap,2145.887556157499,-2753.5991781992125,0.0,nan,nan,nan,-607.7116220417133
1601,-607.9817071551785,1,1600,1,4000,cap,2147.2237657605083,-2755.32144457522,0.0,nan,nan,nan,-608.0976788147118
1602,-608.3676920035005,1,1601,1,4000,cap,2148.5599753635174,-2757.043712530669,0.0,nan,nan,nan,-608.4837371671515
1603,-608.7536784376426,1,1602,1,4000,cap,2149.8961849665266,-2758.7659820732897,0.0,nan,nan,nan,-608.8697971067631
1604,-609.1396664503396,1,1603,1,4000,cap,2151.2323945695352,-2760.48825319585,0.0,nan,nan,nan,-609.2558586263149
1605,-609.5256560558224,1,1604,1,4000,cap,2152.5686041725444,-2762.210525912522,0.0,nan,nan,nan,-609.6419217399775
1606,-609.9116472418992,1,1605,1,4000,cap,2153.9048137755535,-2763.932800211094,0.0,nan,nan,nan,-610.0279864355407
1607,-610.2976400016402,1,1606,1,4000,cap,2155.2410233785627,-2765.6550760845694,0.0,nan,nan,nan,-610.4140527060067
1608,-610.6836343523795,1,1607,1,4000,cap,2156.5772329815713,-2767.377353550457,0.0,nan,nan,nan,-610.8001205688856
1609,-611.0696302846394,1,1608,1,4000,cap,2157.9134425845805,-2769.099632599222,0.0,nan,nan,nan,-611.1861900146414
1610,-611.4556278010025,1,1609,1,4000,cap,2159.2496521875896,-2770.8219132335,0.0,nan,nan,nan,-611.5722610459102
1611,-611.8416268963506,1,1610,1,4000,cap,2160.5858617905988,-2772.5441954479174,0.0,nan,nan,nan,-611.9583336573187
1612,-612.2276275798287,1,1611,1,4000,cap,2161.922071393608,-2774.2664792518644,0.0,nan,nan,nan,-612.3444078582565
1613,-612.6136298506466,1,1612,1,4000,cap,2163.2582809966166,-2775.988764644553,0.0,nan,nan,nan,-612.7304836479366
1614,-612.9996336908287,1,1613,1,4000,cap,2164.5944905996257,-2777.711051607863,0.0,nan,nan,nan,-613.1165610082371
1615,-613.3856391238646,1,1614,1,4000,cap,2165.930700202635,-2779.4333401655513,0.0,nan,nan,nan,-613.5026399629164
1616,-613.7716461405913,1,1615,1,4000,cap,2167.266909805644,-2781.1556303079033,0.0,nan,nan,nan,-613.8887205022593
1617,-614.1576547355136,1,1616,1,4000,cap,2168.6031194086527,-2782.877922030144,0.0,nan,nan,nan,-614.2748026214913
1618,-614.5436649183654,1,1617,1,4000,cap,2169.939329011662,-2784.600215341401,0.0,nan,nan,nan,-614.6608863297392
1619,-614.9296766766034,1,1618,1,4000,cap,2171.275538614671,-2786.322510229478,0.0,nan,nan,nan,-615.0469716148073
1620,-615.315690025627,1,1619,1,4000,cap,2172.61174821768,-2788.0448067097986,0.0,nan,nan,nan,-615.4330584921186
1621,-615.7017049502335,1,1620,1,4000,cap,2173.9479578206888,-2789.7671047667845,0.0,nan,nan,nan,-615.8191469460958
1622,-616.0877214631295,1,1621,1,4000,cap,2175.284167423698,-2791.48940441364,0.0,nan,nan,nan,-616.205236989942
1623,-616.4737395616114,1,1622,1,4000,cap,2176.620377026707,-2793.2117056471943,0.0,nan,nan,nan,-616.5913286204873
1624,-616.8597592365189,1,1623,1,4000,cap,2177.956586629716,-2794.9340084586074,0.0,nan,nan,nan,-616.9774218288912
1625,-617.2457805001119,1,1624,1,4000,cap,2179.2927962327253,-2796.6563128600665,0.0,nan,nan,nan,-617.3635166273411
1626,-617.6318033493782,1,1625,1,4000,cap,2180.629005835734,-2798.3786188485756,0.0,nan,nan,nan,-617.7496130128416
1627,-618.0178277739022,1,1626,1,4000,cap,2181.965215438743,-2800.10092641349,0.0,nan,nan,nan,-618.1357109747469
1628,-618.4038537797695,1,1627,1,4000,cap,2183.3014250417523,-2801.8232355613345,0.0,nan,nan,nan,-618.5218105195822
1629,-618.7898813798804,1,1628,1,4000,cap,2184.6376346447614,-2803.5455463046037,0.0,nan,nan,nan,-618.9079116598423
1630,-619.1759105512608,1,1629,1,4000,cap,2185.97384424777,-2805.2678586204274,0.0,nan,nan,nan,-619.2940143726573
1631,-619.5619413119401,1,1630,1,4000,cap,2187.3100538507792,-2806.9901725270647,0.0,nan,nan,nan,-619.6801186762855
1632,-619.9479736544263,1,1631,1,4000,cap,2188.6462634537884,-2808.7124880166157,0.0,nan,nan,nan,-620.0662245628273
1633,-620.3340075831594,1,1632,1,4000,cap,2189.9824730567975,-2810.4348050940353,0.0,nan,nan,nan,-620.4523320372377
1634,-620.7200430904019,1,1633,1,4000,cap,2191.3186826598067,-2812.1571237509343,0.0,nan,nan,nan,-620.8384410911276
1635,-621.1060801879233,1,1634,1,4000,cap,2192.6548922628153,-2813.879443999791,0.0,nan,nan,nan,-621.2245517369756
1636,-621.4921188562938,1,1635,1,4000,cap,2193.9911018658245,-2815.601765820731,0.0,nan,nan,nan,-621.6106639549066
1637,-621.8781591190412,1,1636,1,4000,cap,2195.3273114688336,-2817.324089237234,0.0,nan,nan,nan,-621.9967777684005
1638,-622.2642009613937,1,1637,1,4000,cap,2196.6635210718428,-2819.0464142348756,0.0,nan,nan,nan,-622.3828931630328
1639,-622.6502443862653,1,1638,1,4000,cap,2197.9997306748514,-2820.7687408161764,0.0,nan,nan,nan,-622.769010141325
1640,-623.0362893960157,1,1639,1,4000,cap,2199.3359402778606,-2822.4910689838653,0.0,nan,nan,nan,-623.1551287060047
1641,-623.4223359855667,1,1640,1,4000,cap,2200.6721498808697,-2824.2133987326197,0.0,nan,nan,nan,-623.54124885175
1642,-623.8083841617342,1,1641,1,4000,cap,2202.008359483879,-2825.9357300693046,0.0,nan,nan,nan,-623.9273705854257
1643,-624.1944339170367,1,1642,1,4000,cap,2203.344569086888,-2827.6580629865384,0.0,nan,nan,nan,-624.3134938996504
1644,-624.5804852578549,1,1643,1,4000,cap,2204.6807786898967,-2829.3803974904476,0.0,nan,nan,nan,-624.699618800551
1645,-624.9665381796284,1,1644,1,4000,cap,2206.016988292906,-2831.1027335768704,0.0,nan,nan,nan,-625.0857452839646
1646,-625.3525926903064,1,1645,1,4000,cap,2207.353197895915,-2832.8250712533772,0.0,nan,nan,nan,-625.4718733574623
1647,-625.738648775193,1,1646,1,4000,cap,2208.689407498924,-2834.547410505591,0.0,nan,nan,nan,-625.8580030066669
1648,-626.1247064586458,1,1647,1,4000,cap,2210.0256171019328,-2836.269751357464,0.0,nan,nan,nan,-626.2441342555312
1649,-626.5107657052956,1,1648,1,4000,cap,2211.361826704942,-2837.9920937739953,0.0,nan,nan,nan,-626.6302670690534
1650,-626.896826550047,1,1649,1,4000,cap,2212.698036307951,-2839.7144377900586,0.0,nan,nan,nan,-627.0164014821075
1651,-627.2828889715917,1,1650,1,4000,cap,2214.03424591096,-2841.436783384077,0.0,nan,nan,nan,-627.4025374731168
1652,-627.6689529788076,1,1651,1,4000,cap,2215.3704555139693,-2843.1591305651673,0.0,nan,nan,nan,-627.788675051198
1653,-628.0550185698494,1,1652,1,4000,cap,2216.706665116978,-2844.881479331423,0.0,nan,nan,nan,-628.1748142144452
1654,-628.4410857443934,1,1653,1,4000,cap,2218.042874719987,-2846.603829682601,0.0,nan,nan,nan,-628.5609549626138
1655,-628.8271545001949,1,1654,1,4000,cap,2219.3790843229963,-2848.3261816162303,0.0,nan,nan,nan,-628.947097293234
1656,-629.2132248380659,1,1655,1,4000,cap,2220.7152939260054,-2850.048535133341,0.0,nan,nan,nan,-629.3332412073355
1657,-629.5992967589827,1,1656,1,4000,cap,2222.051503529014,-2851.7708902348604,0.0,nan,nan,nan,-629.7193867058463
1658,-629.9853702634264,1,1657,1,4000,cap,2223.3877131320232,-2853.4932469211744,0.0,nan,nan,nan,-630.1055337891512
1659,-630.3714453480086,1,1658,1,4000,cap,2224.7239227350324,-2855.2156051889724,0.0,nan,nan,nan,-630.49168245394
1660,-630.757522020098,1,1659,1,4000,cap,2226.0601323380415,-2856.9379650455667,0.0,nan,nan,nan,-630.8778327075252
1661,-631.1436002793462,1,1660,1,4000,cap,2227.3963419410507,-2858.660326490819,0.0,nan,nan,nan,-631.2639845497683
1662,-631.5296801126315,1,1661,1,4000,cap,2228.7325515440593,-2860.3826895113707,0.0,nan,nan,nan,-631.6501379673114
1663,-631.9157615396475,1,1662,1,4000,cap,2230.0687611470685,-2862.105054126918,0.0,nan,nan,nan,-632.0362929798493
1664,-632.3018445384432,1,1663,1,4000,cap,2231.4049707500776,-2863.8274203155706,0.0,nan,nan,nan,-632.422449565493
1665,-632.6879291325439,1,1664,1,4000,cap,2232.7411803530867,-2865.549788101016,0.0,nan,nan,nan,-632.8086077479293
1666,-633.0740153049505,1,1665,1,4000,cap,2234.0773899560954,-2867.272157465941,0.0,nan,nan,nan,-633.1947675098454
1667,-633.4601030571458,1,1666,1,4000,cap,2235.4135995591046,-2868.9945284119894,0.0,nan,nan,nan,-633.5809288528849
1668,-633.8461923929169,1,1667,1,4000,cap,2236.7498091621137,-2870.716900943091,0.0,nan,nan,nan,-633.9670917809772
1669,-634.2322833138168,1,1668,1,4000,cap,2238.086018765123,-2872.439275060544,0.0,nan,nan,nan,-634.353256295421
1670,-634.6183758230276,1,1669,1,4000,cap,2239.422228368132,-2874.1616507676263,0.0,nan,nan,nan,-634.7394223994943
1671,-635.0044699089792,1,1670,1,4000,cap,2240.7584379711407,-2875.884028052831,0.0,nan,nan,nan,-635.1255900816905
1672,-635.3905655771305,1,1671,1,4000,cap,2242.09464757415,-2877.606406921641,0.0,nan,nan,nan,-635.5117593474911
1673,-635.7766628261749,1,1672,1,4000,cap,2243.430857177159,-2879.3287873725712,0.0,nan,nan,nan,-635.8979301954123
1674,-636.1627616678145,1,1673,1,4000,cap,2244.767066780168,-2881.0511694174747,0.0,nan,nan,nan,-636.2841026373067
1675,-636.5488620873012,1,1674,1,4000,cap,2246.1032763831768,-2882.773553041581,0.0,nan,nan,nan,-636.6702766584044
1676,-636.934964096398,1,1675,1,4000,cap,2247.439485986186,-2884.4959382565685,0.0,nan,nan,nan,-637.0564522703826
1677,-637.3210676758001,1,1676,1,4000,cap,2248.775695589195,-2886.2183250431844,0.0,nan,nan,nan,-637.4426294539894
1678,-637.7071728457048,1,1677,1,4000,cap,2250.111905192204,-2887.9407134217363,0.0,nan,nan,nan,-637.8288082295321
1679,-638.0932796050596,1,1678,1,4000,cap,2251.4481147952133,-2889.6631033911362,0.0,nan,nan,nan,-638.2149885959229
1680,-638.4793879384041,1,1679,1,4000,cap,2252.784324398222,-2891.385494935548,0.0,nan,nan,nan,-638.6011705373262
1681,-638.8654978588728,1,1680,1,4000,cap,2254.120534001231,-2893.107888068691,0.0,nan,nan,nan,-638.9873540674598
1682,-639.2516093607362,1,1681,1,4000,cap,2255.4567436042403,-2894.830282784522,0.0,nan,nan,nan,-639.3735391802816
1683,-639.6377224442771,1,1682,1,4000,cap,2256.7929532072494,-2896.5526790833355,0.0,nan,nan,nan,-639.7597258760861
1684,-640.0238371210575,1,1683,1,4000,cap,2258.129162810258,-2898.2750769766863,0.0,nan,nan,nan,-640.1459141664282
1685,-640.4099533725816,1,1684,1,4000,cap,2259.4653724132672,-2899.9974764462204,0.0,nan,nan,nan,-640.5321040329532
1686,-640.7960712111342,1,1685,1,4000,cap,2260.8015820162764,-2901.7198775040342,0.0,nan,nan,nan,-640.9182954877579
1687,-641.182190628681,1,1686,1,4000,cap,2262.1377916192855,-2903.4422801421497,0.0,nan,nan,nan,-641.3044885228642
1688,-641.5683116293092,1,1687,1,4000,cap,2263.4740012222946,-2905.1646843647213,0.0,nan,nan,nan,-641.6906831424267
1689,-641.9544342175802,1,1688,1,4000,cap,2264.8102108253033,-2906.8870901762966,0.0,nan,nan,nan,-642.0768793509933
1690,-642.3405583865614,1,1689,1,4000,cap,2266.1464204283125,-2908.609497569825,0.0,nan,nan,nan,-642.4630771415127
1691,-642.7266841382535,1,1690,1,4000,cap,2267.4826300313216,-2910.3319065475735,0.0,nan,nan,nan,-642.8492765162518
1692,-643.1128114715927,1,1691,1,4000,cap,2268.8188396343307,-2912.0543171081445,0.0,nan,nan,nan,-643.2354774738137
1693,-643.4989403940543,1,1692,1,4000,cap,2270.1550492373394,-2913.7767292592507,0.0,nan,nan,nan,-643.6216800219113
1694,-643.8850708920179,1,1693,1,4000,cap,2271.4912588403486,-2915.49914298725,0.0,nan,nan,nan,-644.0078841469012
1695,-644.2712029810489,1,1694,1,4000,cap,2272.8274684433577,-2917.221558307381,0.0,nan,nan,nan,-644.3940898640235
1696,-644.6573366463025,1,1695,1,4000,cap,2274.163678046367,-2918.9439752053986,0.0,nan,nan,nan,-644.7802971590318
1697,-645.0434719114836,1,1696,1,4000,cap,2275.4998876493755,-2920.6663937045414,0.0,nan,nan,nan,-645.1665060551659
1698,-645.4296087376232,1,1697,1,4000,cap,2276.8360972523847,-2922.3888137659633,0.0,nan,nan,nan,-645.5527165135786
1699,-645.8157471608798,1,1698,1,4000,cap,2278.172306855394,-2924.1112354257566,0.0,nan,nan,nan,-645.9389285703628
1700,-646.201887162489,1,1699,1,4000,cap,2279.508516458403,-2925.8336586654805,0.0,nan,nan,nan,-646.3251422070775
1701,-646.5880287517516,1,1700,1,4000,cap,2280.844726061412,-2927.5560834940006,0.0,nan,nan,nan,-646.7113574325886
1702,-646.9741719188346,1,1701,1,4000,cap,2282.1809356644208,-2929.2785099016546,0.0,nan,nan,nan,-647.0975742372339
1703,-647.3603166732548,1,1702,1,4000,cap,2283.51714526743,-2931.000937898192,0.0,nan,nan,nan,-647.4837926307623
1704,-647.7464630084351,1,1703,1,4000,cap,2284.853354870439,-2932.7233674764975,0.0,nan,nan,nan,-647.8700126060585
1705,-648.1326109252435,1,1704,1,4000,cap,2286.189564473448,-2934.4457986380694,0.0,nan,nan,nan,-648.2562341646212
1706,-648.5187604320398,1,1705,1,4000,cap,2287.525774076457,-2936.168231390904,0.0,nan,nan,nan,-648.6424573144473
1707,-648.9049115204065,1,1706,1,4000,cap,2288.861983679466,-2937.890665726485,0.0,nan,nan,nan,-649.0286820470192
1708,-649.2910641849384,1,1707,1,4000,cap,2290.198193282475,-2939.6131016396284,0.0,nan,nan,nan,-649.4149083571533
1709,-649.6772184378294,1,1708,1,4000,cap,2291.5344028854843,-2941.335539142601,0.0,nan,nan,nan,-649.8011362571169
1710,-650.0633742721424,1,1709,1,4000,cap,2292.8706124884934,-2943.057978228142,0.0,nan,nan,nan,-650.1873657396486
1711,-650.4495316958948,1,1710,1,4000,cap,2294.206822091502,-2944.7804189046037,0.0,nan,nan,nan,-650.5735968131016
1712,-650.8356906940343,1,1711,1,4000,cap,2295.5430316945112,-2946.5028611567323,0.0,nan,nan,nan,-650.959829462221
1713,-651.2218512850495,1,1712,1,4000,cap,2296.8792412975204,-2948.225305003085,0.0,nan,nan,nan,-651.3460637055646
1714,-651.6080134547218,1,1713,1,4000,cap,2298.2154509005295,-2949.94775042935,0.0,nan,nan,nan,-651.7322995288205
1715,-651.9941772130842,1,1714,1,4000,cap,2299.551660503538,-2951.6701974457574,0.0,nan,nan,nan,-652.1185369422192
1716,-652.3803425476762,1,1715,1,4000,cap,2300.8878701065473,-2953.3926460397015,0.0,nan,nan,nan,-652.5047759331542
1717,-652.766509463424,1,1716,1,4000,cap,2302.2240797095565,-2955.1150962161737,0.0,nan,nan,nan,-652.8910165066172
1718,-653.1526779681753,1,1717,1,4000,cap,2303.5602893125656,-2956.837547982748,0.0,nan,nan,nan,-653.2772586701826
1719,-653.5388480550141,1,1718,1,4000,cap,2304.8964989155747,-2958.560001333073,0.0,nan,nan,nan,-653.6635024174984
1720,-653.9250197279197,1,1719,1,4000,cap,2306.2327085185834,-2960.2824562705864,0.0,nan,nan,nan,-654.049747752003
1721,-654.3111929783623,1,1720,1,4000,cap,2307.5689181215926,-2962.0049127870516,0.0,nan,nan,nan,-654.435994665459
1722,-654.6973678193676,1,1721,1,4000,cap,2308.9051277246017,-2963.727370895438,0.0,nan,nan,nan,-654.8222431708364
1723,-655.0835442365568,1,1722,1,4000,cap,2310.241337327611,-2965.4498305812704,0.0,nan,nan,nan,-655.2084932536595
1724,-655.469722237975,1,1723,1,4000,cap,2311.5775469306195,-2967.1722918526284,0.0,nan,nan,nan,-655.5947449220089
1725,-655.855901828745,1,1724,1,4000,cap,2312.9137565336287,-2968.8947547148055,0.0,nan,nan,nan,-655.9809981811768
1726,-656.2420830022025,1,1725,1,4000,cap,2314.249966136638,-2970.6172191609876,0.0,nan,nan,nan,-656.3672530243498
1727,-656.6282657512394,1,1726,1,4000,cap,2315.586175739647,-2972.339685183979,0.0,nan,nan,nan,-656.7535094443319
1728,-657.0144500881526,1,1727,1,4000,cap,2316.922385342656,-2974.0621527963267,0.0,nan,nan,nan,-657.1397674536706
1729,-657.4006360120679,1,1728,1,4000,cap,2318.2585949456648,-2975.784621996878,0.0,nan,nan,nan,-657.5260270512131
1730,-657.7868235134443,1,1729,1,4000,cap,2319.594804548674,-2977.507092776239,0.0,nan,nan,nan,-657.9122882275651
1731,-658.1730126053684,1,1730,1,4000,cap,2320.931014151683,-2979.2295651475433,0.0,nan,nan,nan,-658.2985509958603
1732,-658.5592032745931,1,1731,1,4000,cap,2322.267223754692,-2980.9520390975413,0.0,nan,nan,nan,-658.6848153428491
1733,-658.9453955277688,1,1732,1,4000,cap,2323.603433357701,-2982.6745146326866,0.0,nan,nan,nan,-659.0710812749858
1734,-659.3315893680164,1,1733,1,4000,cap,2324.93964296071,-2984.3969917562245,0.0,nan,nan,nan,-659.4573487955145
1735,-659.7177847841139,1,1734,1,4000,cap,2326.275852563719,-2986.1194704570407,0.0,nan,nan,nan,-659.8436178933216
1736,-660.1039817968721,1,1735,1,4000,cap,2327.6120621667283,-2987.841950755872,0.0,nan,nan,nan,-660.2298885891437
1737,-660.4901803851095,1,1736,1,4000,cap,2328.9482717697374,-2989.5644326315814,0.0,nan,nan,nan,-660.616160861844
1738,-660.8763805524106,1,1737,1,4000,cap,2330.284481372746,-2991.286916087509,0.0,nan,nan,nan,-661.0024347147628
1739,-661.2625823109352,1,1738,1,4000,cap,2331.620690975755,-2993.0094011360634,0.0,nan,nan,nan,-661.3887101603082
1740,-661.6487856507403,1,1739,1,4000,cap,2332.9569005787644,-2994.7318877671896,0.0,nan,nan,nan,-661.7749871884253
1741,-662.0349905698253,1,1740,1,4000,cap,2334.2931101817735,-2996.454375979076,0.0,nan,nan,nan,-662.1612657973023
1742,-662.4211970792667,1,1741,1,4000,cap,2335.629319784782,-2998.1768657824614,0.0,nan,nan,nan,-662.5475459976792
1743,-662.8074051683116,1,1742,1,4000,cap,2336.9655293877913,-2999.899357167018,0.0,nan,nan,nan,-662.9338277792267
1744,-663.1936148439526,1,1743,1,4000,cap,2338.3017389908005,-3001.6218501393305,0.0,nan,nan,nan,-663.32011114853
1745,-663.5798260945251,1,1744,1,4000,cap,2339.6379485938096,-3003.3443446879573,0.0,nan,nan,nan,-663.7063960941477
1746,-663.9660389401881,1,1745,1,4000,cap,2340.9741581968187,-3005.066840832962,0.0,nan,nan,nan,-664.0926826361433
1747,-664.352253360435,1,1746,1,4000,cap,2342.3103677998274,-3006.7893385540046,0.0,nan,nan,nan,-664.4789707541772
1748,-664.7384693703062,1,1747,1,4000,cap,2343.6465774028366,-3008.511837865881,0.0,nan,nan,nan,-664.8652604630443
1749,-665.1246869595859,1,1748,1,4000,cap,2344.9827870058457,-3010.2343387584806,0.0,nan,nan,nan,-665.2515517526349
1750,-665.5109061267452,1,1749,1,4000,cap,2346.318996608855,-3011.956841230527,0.0,nan,nan,nan,-665.6378446216722
1751,-665.8971268872045,1,1750,1,4000,cap,2347.6552062118635,-3013.679345296965,0.0,nan,nan,nan,-666.0241390851015
1752,-666.2833492277987,1,1751,1,4000,cap,2348.9914158148727,-3015.4018509449306,0.0,nan,nan,nan,-666.410435130058
1753,-666.6695731577611,1,1752,1,4000,cap,2350.327625417882,-3017.1243581836825,0.0,nan,nan,nan,-666.7967327658007
1754,-667.055798663475,1,1753,1,4000,cap,2351.663835020891,-3018.846866999429,0.0,nan,nan,nan,-667.1830319785381
1755,-667.4420257546969,1,1754,1,4000,cap,2353.0000446239,-3020.5693774020547,0.0,nan,nan,nan,-667.5693327781546
1756,-667.8282544262076,1,1755,1,4000,cap,2354.3362542269087,-3022.2918893863934,0.0,nan,nan,nan,-667.9556351594847
1757,-668.2144846814714,1,1756,1,4000,cap,2355.672463829918,-3024.0144029556686,0.0,nan,nan,nan,-668.3419391257507
1758,-668.6007165270407,1,1757,1,4000,cap,2357.008673432927,-3025.736918116676,0.0,nan,nan,nan,-668.7282446837489
1759,-668.9869499570182,1,1758,1,4000,cap,2358.344883035936,-3027.4594348633036,0.0,nan,nan,nan,-669.1145518273674
1760,-669.3731849589411,1,1759,1,4000,cap,2359.681092638945,-3029.1819531834335,0.0,nan,nan,nan,-669.5008605444887
1761,-669.7594215537116,1,1760,1,4000,cap,2361.017302241954,-3030.9044730975147,0.0,nan,nan,nan,-669.8871708555607
1762,-670.1456597346901,1,1761,1,4000,cap,2362.353511844963,-3032.626994599308,0.0,nan,nan,nan,-670.273482754345
1763,-670.5318994933853,1,1762,1,4000,cap,2363.6897214479723,-3034.34951768009,0.0,nan,nan,nan,-670.6597962321175
1764,-670.9181408385834,1,1763,1,4000,cap,2365.0259310509814,-3036.072042348711,0.0,nan,nan,nan,-671.0461112977296
1765,-671.3043837584357,1,1764,1,4000,cap,2366.36214065399,-3037.794568593352,0.0,nan,nan,nan,-671.4324279393618
1766,-671.690628271944,1,1765,1,4000,cap,2367.698350256999,-3039.5170964328354,0.0,nan,nan,nan,-671.8187461758362
1767,-672.0768743652916,1,1766,1,4000,cap,2369.0345598600084,-3041.2396258537483,0.0,nan,nan,nan,-672.2050659937399
1768,-672.4631220363276,1,1767,1,4000,cap,2370.3707694630175,-3042.962156853464,0.0,nan,nan,nan,-672.5913873904465
1769,-672.8493713038507,1,1768,1,4000,cap,2371.706979066026,-3044.6846894511946,0.0,nan,nan,nan,-672.9777103851684
1770,-673.2356221504413,1,1769,1,4000,cap,2373.0431886690353,-3046.407223629092,0.0,nan,nan,nan,-673.3640349600569
1771,-673.6218745693599,1,1770,1,4000,cap,2374.3793982720445,-3048.129759380874,0.0,nan,nan,nan,-673.7503611088296
1772,-674.0081285932542,1,1771,1,4000,cap,2375.7156078750536,-3049.8522967387908,0.0,nan,nan,nan,-674.1366888637372
1773,-674.3943841839452,1,1772,1,4000,cap,2377.0518174780623,-3051.5748356650365,0.0,nan,nan,nan,-674.5230181869742
1774,-674.780641364794,1,1773,1,4000,cap,2378.3880270810714,-3053.2973761826397,0.0,nan,nan,nan,-674.9093491015683
1775,-675.166900123266,1,1774,1,4000,cap,2379.7242366840806,-3055.0199182791876,0.0,nan,nan,nan,-675.295681595107
1776,-675.5531604695606,1,1775,1,4000,cap,2381.0604462870897,-3056.742461964943,0.0,nan,nan,nan,-675.6820156778531
1777,-675.939422397092,1,1776,1,4000,cap,2382.396655890099,-3058.465007233208,0.0,nan,nan,nan,-676.068351343109
1778,-676.3256859125588,1,1777,1,4000,cap,2383.7328654931075,-3060.187554090873,0.0,nan,nan,nan,-676.4546885977657
1779,-676.71195100878,1,1778,1,4000,cap,2385.0690750961166,-3061.9101025304117,0.0,nan,nan,nan,-676.841027434295
1780,-677.0982176902955,1,1779,1,4000,cap,2386.405284699126,-3063.63265255692,0.0,nan,nan,nan,-677.2273678577944
1781,-677.4844859545541,1,1780,1,4000,cap,2387.741494302135,-3065.3552041671173,0.0,nan,nan,nan,-677.6137098649824
1782,-677.8707558006366,1,1781,1,4000,cap,2389.0777039051436,-3067.0777573607156,0.0,nan,nan,nan,-678.000053455572
1783,-678.2570272312819,1,1782,1,4000,cap,2390.4139135081527,-3068.8003121402253,0.0,nan,nan,nan,-678.3863986320725
1784,-678.6433002480883,1,1783,1,4000,cap,2391.750123111162,-3070.522868507098,0.0,nan,nan,nan,-678.772745395936
1785,-679.0295748455881,1,1784,1,4000,cap,2393.086332714171,-3072.2454264561675,0.0,nan,nan,nan,-679.1590937419965
1786,-679.4158510309305,1,1785,1,4000,cap,2394.42254231718,-3073.967985994197,0.0,nan,nan,nan,-679.5454436770169
1787,-679.8021287935054,1,1786,1,4000,cap,2395.758751920189,-3075.690547110891,0.0,nan,nan,nan,-679.9317951907024
1788,-680.1884081393737,1,1787,1,4000,cap,2397.094961523198,-3077.413109812307,0.0,nan,nan,nan,-680.3181482891091
1789,-680.5746890727792,1,1788,1,4000,cap,2398.431171126207,-3079.1356741024683,0.0,nan,nan,nan,-680.7045029762612
1790,-680.9609715951207,1,1789,1,4000,cap,2399.7673807292163,-3080.858239982972,0.0,nan,nan,nan,-681.0908592537558
1791,-681.3472556922096,1,1790,1,4000,cap,2401.103590332225,-3082.5808074396264,0.0,nan,nan,nan,-681.4772171074014
1792,-681.7335413804961,1,1791,1,4000,cap,2402.439799935234,-3084.3033764886823,0.0,nan,nan,nan,-681.8635765534482
1793,-682.119828640041,1,1792,1,4000,cap,2403.776009538243,-3086.0259471102763,0.0,nan,nan,nan,-682.2499375720331
1794,-682.5061174922043,1,1793,1,4000,cap,2405.1122191412524,-3087.7485193260654,0.0,nan,nan,nan,-682.6363001848131
1795,-682.8924079274502,1,1794,1,4000,cap,2406.4484287442615,-3089.471093126078,0.0,nan,nan,nan,-683.0226643818164
1796,-683.2786999499104,1,1795,1,4000,cap,2407.78463834727,-3091.1936685146866,0.0,nan,nan,nan,-683.4090301674164
1797,-683.6649935485704,1,1796,1,4000,cap,2409.1208479502793,-3092.9162454809157,0.0,nan,nan,nan,-683.7953975306364
1798,-684.0512887370788,1,1797,1,4000,cap,2410.4570575532885,-3094.6388240381566,0.0,nan,nan,nan,-684.1817664848681
1799,-684.4375855000778,1,1798,1,4000,cap,2411.7932671562976,-3096.361404171319,0.0,nan,nan,nan,-684.5681370150214
1800,-684.8238838589194,1,1799,1,4000,cap,2413.1294767593063,-3098.0839859016123,0.0,nan,nan,nan,-684.954509142306
1801,-685.2101837945739,1,1800,1,4000,cap,2414.4656863623154,-3099.8065692102136,0.0,nan,nan,nan,-685.3408828478982
1802,-685.596485312033,1,1801,1,4000,cap,2415.8018959653245,-3101.5291541017905,0.0,nan,nan,nan,-685.7272581364659
1803,-685.9827884139124,1,1802,1,4000,cap,2417.1381055683337,-3103.251740579206,0.0,nan,nan,nan,-686.1136350108723
1804,-686.3690931021165,1,1803,1,4000,cap,2418.474315171343,-3104.9743286442426,0.0,nan,nan,nan,-686.5000134728998
1805,-686.7553993791229,1,1804,1,4000,cap,2419.8105247743515,-3106.696918299389,0.0,nan,nan,nan,-686.8863935250374
1806,-687.1417072328018,1,1805,1,4000,cap,2421.1467343773606,-3108.419509532614,0.0,nan,nan,nan,-687.2727751552534
1807,-687.5280166724714,1,1806,1,4000,cap,2422.48294398037,-3110.1421023531802,0.0,nan,nan,nan,-687.6591583728105
1808,-687.9143276903596,1,1807,1,4000,cap,2423.819153583379,-3111.8646967531786,0.0,nan,nan,nan,-688.0455431697997
1809,-688.3006402976448,1,1808,1,4000,cap,2425.1553631863876,-3113.587292744014,0.0,nan,nan,nan,-688.4319295576265
1810,-688.6869544941425,1,1809,1,4000,cap,2426.4915727893967,-3115.309890325392,0.0,nan,nan,nan,-688.8183175359954
1811,-689.0732702636644,1,1810,1,4000,cap,2427.827782392406,-3117.032489481091,0.0,nan,nan,nan,-689.2047070886852
1812,-689.4595876180584,1,1811,1,4000,cap,2429.163991995415,-3118.755090223025,0.0,nan,nan,nan,-689.59109822761
1813,-689.8459065578035,1,1812,1,4000,cap,2430.500201598424,-3120.4776925515653,0.0,nan,nan,nan,-689.9774909531411
1814,-690.2322270909744,1,1813,1,4000,cap,2431.836411201433,-3122.2002964749554,0.0,nan,nan,nan,-690.3638852735226
1815,-690.6185491924665,1,1814,1,4000,cap,2433.172620804442,-3123.9229019679515,0.0,nan,nan,nan,-690.7502811635095
1816,-691.0048728881411,1,1815,1,4000,cap,2434.508830407451,-3125.6455090566196,0.0,nan,nan,nan,-691.1366786491685
1817,-691.3911981632059,1,1816,1,4000,cap,2435.8450400104603,-3127.368117725826,0.0,nan,nan,nan,-691.5230777153656
1818,-691.7775250212067,1,1817,1,4000,cap,2437.181249613469,-3129.090727979292,0.0,nan,nan,nan,-691.9094783658229
1819,-692.163853462169,1,1818,1,4000,cap,2438.517459216478,-3130.8133398171703,0.0,nan,nan,nan,-692.2958806006923
1820,-692.5501834959819,1,1819,1,4000,cap,2439.853668819487,-3132.535953249215,0.0,nan,nan,nan,-692.6822844297276
1821,-692.9365151059401,1,1820,1,4000,cap,2441.1898784224963,-3134.258568258705,0.0,nan,nan,nan,-693.0686898362087
1822,-693.322848298108,1,1821,1,4000,cap,2442.5260880255055,-3135.981184851782,0.0,nan,nan,nan,-693.4550968262765
1823,-693.70918307257,1,1822,1,4000,cap,2443.862297628514,-3137.703803028424,0.0,nan,nan,nan,-693.8415053999097
1824,-694.0955194419485,1,1823,1,4000,cap,2445.1985072315233,-3139.4264228013817,0.0,nan,nan,nan,-694.2279155698584
1825,-694.4818573863523,1,1824,1,4000,cap,2446.5347168345324,-3141.1490441506903,0.0,nan,nan,nan,-694.6143273161579
1826,-694.8681969068124,1,1825,1,4000,cap,2447.8709264375416,-3142.871667077281,0.0,nan,nan,nan,-695.0007406397394
1827,-695.2545380233854,1,1826,1,4000,cap,2449.2071360405503,-3144.5942916014465,0.0,nan,nan,nan,-695.3871555608962
1828,-695.6408807183874,1,1827,1,4000,cap,2450.5433456435594,-3146.3169177054406,0.0,nan,nan,nan,-695.7735720618812
1829,-696.027225004309,1,1828,1,4000,cap,2451.8795552465685,-3148.039545401509,0.0,nan,nan,nan,-696.1599901549403
1830,-696.4135708699789,1,1829,1,4000,cap,2453.2157648495777,-3149.7621746787518,0.0,nan,nan,nan,-696.5464098291741
1831,-696.7999183153156,1,1830,1,4000,cap,2454.551974452587,-3151.4848055370676,0.0,nan,nan,nan,-696.9328310844808
1832,-697.1862673490332,1,1831,1,4000,cap,2455.8881840555955,-3153.2074379849364,0.0,nan,nan,nan,-697.3192539293409
1833,-697.5726179613022,1,1832,1,4000,cap,2457.2243936586046,-3154.930072012776,0.0,nan,nan,nan,-697.7056783541711
1834,-697.9589701641158,1,1833,1,4000,cap,2458.560603261614,-3156.6527076325583,0.0,nan,nan,nan,-698.0921043709445
1835,-698.3453239470072,1,1834,1,4000,cap,2459.896812864623,-3158.3753448336793,0.0,nan,nan,nan,-698.4785319690563
1836,-698.7316793115825,1,1835,1,4000,cap,2461.2330224676316,-3160.0979836178303,0.0,nan,nan,nan,-698.8649611501987
1837,-699.1180362652724,1,1836,1,4000,cap,2462.5692320706407,-3161.8206239924402,0.0,nan,nan,nan,-699.2513919217995
1838,-699.5043947937229,1,1837,1,4000,cap,2463.90544167365,-3163.5432659430808,0.0,nan,nan,nan,-699.6378242694309
1839,-699.8907549178851,1,1838,1,4000,cap,2465.241651276659,-3165.2659094909577,0.0,nan,nan,nan,-700.0242582142987
1840,-700.2771166172919,1,1839,1,4000,cap,2466.577860879668,-3166.988554615182,0.0,nan,nan,nan,-700.4106937355136
1841,-700.6634799075927,1,1840,1,4000,cap,2467.914070482677,-3168.7112013317455,0.0,nan,nan,nan,-700.7971308490687
1842,-701.0498447719945,1,1841,1,4000,cap,2469.250280085686,-3170.4338496237833,0.0,nan,nan,nan,-701.1835695380973
1843,-701.4362112306883,1,1842,1,4000,cap,2470.586489688695,-3172.1564995113804,0.0,nan,nan,nan,-701.5700098226853
1844,-701.8225792675493,1,1843,1,4000,cap,2471.9226992917042,-3173.879150978497,0.0,nan,nan,nan,-701.9564516867927
1845,-702.2089488883918,1,1844,1,4000,cap,2473.258908894713,-3175.6018040309427,0.0,nan,nan,nan,-702.3428951362298
1846,-702.5953200943082,1,1845,1,4000,cap,2474.595118497722,-3177.324458669831,0.0,nan,nan,nan,-702.729340172109
1847,-702.9816928810143,1,1846,1,4000,cap,2475.931328100731,-3179.047114890829,0.0,nan,nan,nan,-703.1157867900979
1848,-703.3680672554057,1,1847,1,4000,cap,2477.2675377037403,-3180.7697727008344,0.0,nan,nan,nan,-703.5022349970941
1849,-703.7544432082466,1,1848,1,4000,cap,2478.6037473067495,-3182.492432090563,0.0,nan,nan,nan,-703.8886847838135
1850,-704.1408207528026,1,1849,1,4000,cap,2479.939956909758,-3184.215093073337,0.0,nan,nan,nan,-704.2751361635787
1851,-704.5271998718869,1,1850,1,4000,cap,2481.2761665127673,-3185.937755632098,0.0,nan,nan,nan,-704.6615891193305
1852,-704.9135805853548,1,1851,1,4000,cap,2482.6123761157764,-3187.6604197865963,0.0,nan,nan,nan,-705.0480436708199
1853,-705.2999628795013,1,1852,1,4000,cap,2483.9485857187856,-3189.383085522957,0.0,nan,nan,nan,-705.4344998041715
1854,-705.6863467542378,1,1853,1,4000,cap,2485.2847953217943,-3191.105752841333,0.0,nan,nan,nan,-705.8209575195388
1855,-706.0727322145189,1,1854,1,4000,cap,2486.6210049248034,-3192.8284217465953,0.0,nan,nan,nan,-706.2074168217919
1856,-706.4591192534675,1,1855,1,4000,cap,2487.9572145278125,-3194.551092231719,0.0,nan,nan,nan,-706.5938777039064
1857,-706.8455078797595,1,1856,1,4000,cap,2489.2934241308217,-3196.27376430581,0.0,nan,nan,nan,-706.9803401749882
1858,-707.2318980920423,1,1857,1,4000,cap,2490.6296337338304,-3197.996437967002,0.0,nan,nan,nan,-707.3668042331715
1859,-707.618289890955,1,1858,1,4000,cap,2491.9658433368395,-3199.7191132161024,0.0,nan,nan,nan,-707.7532698792629
1860,-708.004683264128,1,1859,1,4000,cap,2493.3020529398486,-3201.441790040997,0.0,nan,nan,nan,-708.1397371011485
1861,-708.391078229644,1,1860,1,4000,cap,2494.638262542858,-3203.1644684595412,0.0,nan,nan,nan,-708.5262059166835
1862,-708.7774747723639,1,1861,1,4000,cap,2495.974472145867,-3204.8871484564625,0.0,nan,nan,nan,-708.9126763105955
1863,-709.1638729024734,1,1862,1,4000,cap,2497.3106817488756,-3206.609830042282,0.0,nan,nan,nan,-709.2991482934062
1864,-709.5502726170646,1,1863,1,4000,cap,2498.6468913518847,-3208.332513213809,0.0,nan,nan,nan,-709.6856218619241
1865,-709.9366739160134,1,1864,1,4000,cap,2499.983100954894,-3210.0551979711563,0.0,nan,nan,nan,-710.0720970162624
1866,-710.3230767972218,1,1865,1,4000,cap,2501.319310557903,-3211.7778843119813,0.0,nan,nan,nan,-710.4585737540783
1867,-710.7094812664509,1,1866,1,4000,cap,2502.6555201609117,-3213.500572242254,0.0,nan,nan,nan,-710.8450520813421
1868,-711.095887315815,1,1867,1,4000,cap,2503.991729763921,-3215.223261753752,0.0,nan,nan,nan,-711.2315319898312
1869,-711.482294948923,1,1868,1,4000,cap,2505.32793936693,-3216.945952850656,0.0,nan,nan,nan,-711.6180134837259
1870,-711.8687041661099,1,1869,1,4000,cap,2506.664148969939,-3218.6686455329145,0.0,nan,nan,nan,-712.0044965629754
1871,-712.2551149722713,1,1870,1,4000,cap,2508.0003585729482,-3220.391339805312,0.0,nan,nan,nan,-712.3909812323636
1872,-712.6415273544642,1,1871,1,4000,cap,2509.336568175957,-3222.114035655228,0.0,nan,nan,nan,-712.7774674792709
1873,-713.0279413248544,1,1872,1,4000,cap,2510.672777778966,-3223.8367330945985,0.0,nan,nan,nan,-713.1639553156324
1874,-713.4143568743707,1,1873,1,4000,cap,2512.008987381975,-3225.5594321143435,0.0,nan,nan,nan,-713.5504447323683
1875,-713.8007740085806,1,1874,1,4000,cap,2513.3451969849843,-3227.282132720371,0.0,nan,nan,nan,-713.9369357353867
1876,-714.1871927391746,1,1875,1,4000,cap,2514.681406587993,-3229.0048349238605,0.0,nan,nan,nan,-714.3234283358674
1877,-714.5736130389512,1,1876,1,4000,cap,2516.017616191002,-3230.727538697989,0.0,nan,nan,nan,-714.7099225069869
1878,-714.960034929242,1,1877,1,4000,cap,2517.3538257940113,-3232.45024406405,0.0,nan,nan,nan,-715.0964182700386
1879,-715.3464584031783,1,1878,1,4000,cap,2518.6900353970204,-3234.172951015,0.0,nan,nan,nan,-715.4829156179794
1880,-715.7328834603683,1,1879,1,4000,cap,2520.0262450000296,-3235.8956595505188,0.0,nan,nan,nan,-715.8694145504892
1881,-716.1193100951662,1,1880,1,4000,cap,2521.3624546030383,-3237.6183696649277,0.0,nan,nan,nan,-716.2559150618895
1882,-716.5057383254625,1,1881,1,4000,cap,2522.6986642060474,-3239.3410813762785,0.0,nan,nan,nan,-716.642417170231
1883,-716.8921681314474,1,1882,1,4000,cap,2524.0348738090565,-3241.063794664704,0.0,nan,nan,nan,-717.0289208556474
1884,-717.2785995238189,1,1883,1,4000,cap,2525.3710834120657,-3242.7865095406887,0.0,nan,nan,nan,-717.415426128623
1885,-717.6650324945095,1,1884,1,4000,cap,2526.7072930150744,-3244.5092259964003,0.0,nan,nan,nan,-717.801932981326
1886,-718.0514670630807,1,1885,1,4000,cap,2528.0435026180835,-3246.2319440514257,0.0,nan,nan,nan,-718.1884414333422
1887,-718.4379031989297,1,1886,1,4000,cap,2529.3797122210926,-3247.95466367494,0.0,nan,nan,nan,-718.5749514538475
1888,-718.8243409268057,1,1887,1,4000,cap,2530.7159218241018,-3249.6773848918165,0.0,nan,nan,nan,-718.9614630677147
1889,-719.2107802400044,1,1888,1,4000,cap,2532.052131427111,-3251.4001076953828,0.0,nan,nan,nan,-719.3479762682719
1890,-719.5972211381272,1,1889,1,4000,cap,2533.3883410301196,-3253.1228320852897,0.0,nan,nan,nan,-719.7344910551701
1891,-719.9836636250923,1,1890,1,4000,cap,2534.7245506331287,-3254.8455580653062,0.0,nan,nan,nan,-720.1210074321775
1892,-720.3701076847783,1,1891,1,4000,cap,2536.060760236138,-3256.568285619418,0.0,nan,nan,nan,-720.5075253832802
1893,-720.7565533369872,1,1892,1,4000,cap,2537.396969839147,-3258.291014767212,0.0,nan,nan,nan,-720.8940449280649
1894,-721.1430005632894,1,1893,1,4000,cap,2538.7331794421557,-3260.013745490698,0.0,nan,nan,nan,-721.2805660485424
1895,-721.5294493779054,1,1894,1,4000,cap,2540.069389045165,-3261.7364778035444,0.0,nan,nan,nan,-721.6670887583796
1896,-721.9158997744429,1,1895,1,4000,cap,2541.405598648174,-3263.4592116999593,0.0,nan,nan,nan,-722.0536130517853
1897,-722.3023517569188,1,1896,1,4000,cap,2542.741808251183,-3265.181947183326,0.0,nan,nan,nan,-722.4401389321429
1898,-722.6888053359794,1,1897,1,4000,cap,2544.0780178541922,-3266.904684264933,0.0,nan,nan,nan,-722.8266664107409
1899,-723.0752604806897,1,1898,1,4000,cap,2545.414227457201,-3268.627422913385,0.0,nan,nan,nan,-723.2131954561842
1900,-723.4617172199972,1,1899,1,4000,cap,2546.75043706021,-3270.35016315768,0.0,nan,nan,nan,-723.59972609747
1901,-723.8481755374659,1,1900,1,4000,cap,2548.086646663219,-3272.0729049816364,0.0,nan,nan,nan,-723.9862583184172
1902,-724.2346354355468,1,1901,1,4000,cap,2549.4228562662283,-3273.795648387393,0.0,nan,nan,nan,-724.3727921211648
1903,-724.6210969296964,1,1902,1,4000,cap,2550.759065869237,-3275.518393390601,0.0,nan,nan,nan,-724.759327521364
1904,-725.00755999918,1,1903,1,4000,cap,2552.095275472246,-3277.2411399706216,0.0,nan,nan,nan,-725.1458644983754
1905,-725.3940246518882,1,1904,1,4000,cap,2553.4314850752553,-3278.9638881349347,0.0,nan,nan,nan,-725.5324030596794
1906,-725.7804908959522,1,1905,1,4000,cap,2554.7676946782644,-3280.6866378922095,0.0,nan,nan,nan,-725.9189432139451
1907,-726.1669587238937,1,1906,1,4000,cap,2556.1039042812736,-3282.409389234417,0.0,nan,nan,nan,-726.3054849531436
1908,-726.5534281233046,1,1907,1,4000,cap,2557.4401138842823,-3284.1321421497123,0.0,nan,nan,nan,-726.69202826543
1909,-726.9398991215544,1,1908,1,4000,cap,2558.7763234872914,-3285.8548966650815,0.0,nan,nan,nan,-727.0785731777901
1910,-727.3263716916922,1,1909,1,4000,cap,2560.1125330903005,-3287.5776527534836,0.0,nan,nan,nan,-727.465119663183
1911,-727.7128458552971,1,1910,1,4000,cap,2561.4487426933097,-3289.3004104370193,0.0,nan,nan,nan,-727.8516677437096
1912,-728.0993215973624,1,1911,1,4000,cap,2562.7849522963184,-3291.0231697001836,0.0,nan,nan,nan,-728.2382174038653
1913,-728.4857989255662,1,1912,1,4000,cap,2564.1211618993275,-3292.745930550751,0.0,nan,nan,nan,-728.6247686514234
1914,-728.8722778440837,1,1913,1,4000,cap,2565.4573715023366,-3294.4686929930394,0.0,nan,nan,nan,-729.0113214907028
1915,-729.2587583355833,1,1914,1,4000,cap,2566.7935811053458,-3296.1914570096706,0.0,nan,nan,nan,-729.3978759043248
1916,-729.6452404199476,1,1915,1,4000,cap,2568.129790708355,-3297.914222620446,0.0,nan,nan,nan,-729.7844319120909
1917,-730.0317240749395,1,1916,1,4000,cap,2569.4660003113636,-3299.636989803177,0.0,nan,nan,nan,-730.1709894918135
1918,-730.4182093233114,1,1917,1,4000,cap,2570.8022099143727,-3301.3597585807765,0.0,nan,nan,nan,-730.5575486664038
1919,-730.8046961584668,1,1918,1,4000,cap,2572.138419517382,-3303.08252894635,0.0,nan,nan,nan,-730.9441094289682
1920,-731.1911845759266,1,1919,1,4000,cap,2573.474629120391,-3304.8053008956012,0.0,nan,nan,nan,-731.3306717752102
1921,-731.5776745709751,1,1920,1,4000,cap,2574.8108387233997,-3306.5280744237425,0.0,nan,nan,nan,-731.7172357003428
1922,-731.9641661564525,1,1921,1,4000,cap,2576.147048326409,-3308.2508495437214,0.0,nan,nan,nan,-732.1038012173126
1923,-732.3506593225989,1,1922,1,4000,cap,2577.483257929418,-3309.973626245621,0.0,nan,nan,nan,-732.4903683162029
1924,-732.7371540772037,1,1923,1,4000,cap,2578.819467532427,-3311.696404537339,0.0,nan,nan,nan,-732.8769370049117
1925,-733.1236504137527,1,1924,1,4000,cap,2580.1556771354362,-3313.4191844125016,0.0,nan,nan,nan,-733.2635072770654
1926,-733.5101483325105,1,1925,1,4000,cap,2581.491886738445,-3315.1419658709237,0.0,nan,nan,nan,-733.6500791324788
1927,-733.8966478380186,1,1926,1,4000,cap,2582.828096341454,-3316.8647489175564,0.0,nan,nan,nan,-734.0366525761024
1928,-734.2831489293652,1,1927,1,4000,cap,2584.164305944463,-3318.5875335514247,0.0,nan,nan,nan,-734.4232276069615
1929,-734.6696516057413,1,1928,1,4000,cap,2585.5005155474723,-3320.310319771692,0.0,nan,nan,nan,-734.8098042242195
1930,-735.0561558649542,1,1929,1,4000,cap,2586.836725150481,-3322.0331075759823,0.0,nan,nan,nan,-735.1963824255013
1931,-735.4426617070851,1,1930,1,4000,cap,2588.17293475349,-3323.755896964576,0.0,nan,nan,nan,-735.5829622110859
1932,-735.8291691267723,1,1931,1,4000,cap,2589.5091443564993,-3325.4786879320563,0.0,nan,nan,nan,-735.969543575557
1933,-736.2156781360833,1,1932,1,4000,cap,2590.8453539595084,-3327.201480490585,0.0,nan,nan,nan,-736.3561265310764
1934,-736.6021887298701,1,1933,1,4000,cap,2592.181563562517,-3328.9242746348573,0.0,nan,nan,nan,-736.7427110723402
1935,-736.9887009044783,1,1934,1,4000,cap,2593.5177731655263,-3330.6470703613377,0.0,nan,nan,nan,-737.1292971958114
1936,-737.3752146662539,1,1935,1,4000,cap,2594.8539827685354,-3332.3698676762506,0.0,nan,nan,nan,-737.5158849077152
1937,-737.7617300069575,1,1936,1,4000,cap,2596.1901923715445,-3334.092666571476,0.0,nan,nan,nan,-737.9024741999315
1938,-738.1482469442024,1,1937,1,4000,cap,2597.5264019745537,-3335.81546706448,0.0,nan,nan,nan,-738.2890650899262
1939,-738.5347654551481,1,1938,1,4000,cap,2598.8626115775623,-3337.538269132645,0.0,nan,nan,nan,-738.6756575550826
1940,-738.9212855589262,1,1939,1,4000,cap,2600.1988211805715,-3339.2610727949505,0.0,nan,nan,nan,-739.062251614379
1941,-739.3078072369118,1,1940,1,4000,cap,2601.5350307835806,-3340.9838780327227,0.0,nan,nan,nan,-739.4488472491421
1942,-739.694330504504,1,1941,1,4000,cap,2602.8712403865898,-3342.706684861503,0.0,nan,nan,nan,-739.8354444749134
1943,-740.0808553550481,1,1942,1,4000,cap,2604.2074499895984,-3344.429493274536,0.0,nan,nan,nan,-740.2220432849376
1944,-740.4673817890107,1,1943,1,4000,cap,2605.5436595926076,-3346.152303272429,0.0,nan,nan,nan,-740.6086436798214
1945,-740.8539098055085,1,1944,1,4000,cap,2606.8798691956167,-3347.875114854116,0.0,nan,nan,nan,-740.9952456584992
1946,-741.2404394094289,1,1945,1,4000,cap,2608.216078798626,-3349.59792802449,0.0,nan,nan,nan,-741.3818492258642
1947,-741.6269705914171,1,1946,1,4000,cap,2609.552288401635,-3351.320742774351,0.0,nan,nan,nan,-741.768454372716
1948,-742.0135033698049,1,1947,1,4000,cap,2610.8884980046437,-3353.0435591220667,0.0,nan,nan,nan,-742.155061117423
1949,-742.4000377266632,1,1948,1,4000,cap,2612.224707607653,-3354.7663770492545,0.0,nan,nan,nan,-742.5416694416017
1950,-742.7865736618081,1,1949,1,4000,cap,2613.560917210662,-3356.4891965564275,0.0,nan,nan,nan,-742.9282793457655
1951,-743.1731111867686,1,1950,1,4000,cap,2614.897126813671,-3358.212017654594,0.0,nan,nan,nan,-743.314890840923
1952,-743.5596502924897,1,1951,1,4000,cap,2616.23333641668,-3359.934840334772,0.0,nan,nan,nan,-743.7015039180924
1953,-743.9461909883635,1,1952,1,4000,cap,2617.569546019689,-3361.6576646065514,0.0,nan,nan,nan,-744.0881185868625
1954,-744.3327332567575,1,1953,1,4000,cap,2618.905755622698,-3363.3804904522367,0.0,nan,nan,nan,-744.4747348295386
1955,-744.7192771212796,1,1954,1,4000,cap,2620.241965225707,-3365.1033178952166,0.0,nan,nan,nan,-744.8613526695094
1956,-745.1058225658461,1,1955,1,4000,cap,2621.5781748287163,-3366.826146919717,0.0,nan,nan,nan,-745.2479720910005
1957,-745.4923695938796,1,1956,1,4000,cap,2622.914384431725,-3368.5489775289025,0.0,nan,nan,nan,-745.6345930971775
1958,-745.8789182065631,1,1957,1,4000,cap,2624.250594034734,-3370.2718097242505,0.0,nan,nan,nan,-746.0212156895163
1959,-746.2654684075266,1,1958,1,4000,cap,2625.5868036377433,-3371.9946435090387,0.0,nan,nan,nan,-746.4078398712954
1960,-746.6520201861064,1,1959,1,4000,cap,2626.9230132407524,-3373.7174788727643,0.0,nan,nan,nan,-746.7944656320119
1961,-747.0385735505571,1,1960,1,4000,cap,2628.259222843761,-3375.4403158239256,0.0,nan,nan,nan,-747.1810929801645
1962,-747.4251284938365,1,1961,1,4000,cap,2629.5954324467702,-3377.163154354963,0.0,nan,nan,nan,-747.5677219081927
1963,-747.8116850307979,1,1962,1,4000,cap,2630.9316420497794,-3378.885994481305,0.0,nan,nan,nan,-747.9543524315254
1964,-748.1982431508965,1,1963,1,4000,cap,2632.2678516527885,-3380.608836191943,0.0,nan,nan,nan,-748.3409845391543
1965,-748.5848028564077,1,1964,1,4000,cap,2633.6040612557977,-3382.3316794893435,0.0,nan,nan,nan,-748.7276182335459
1966,-748.9713641398004,1,1965,1,4000,cap,2634.9402708588063,-3384.054524366027,0.0,nan,nan,nan,-749.1142535072208
1967,-749.35792700884,1,1966,1,4000,cap,2636.2764804618155,-3385.7773708296336,0.0,nan,nan,nan,-749.5008903678181
1968,-749.7444914604447,1,1967,1,4000,cap,2637.6126900648246,-3387.500218877034,0.0,nan,nan,nan,-749.8875288122094
1969,-750.1310575007195,1,1968,1,4000,cap,2638.9488996678338,-3389.2230685146933,0.0,nan,nan,nan,-750.2741688468595
1970,-750.5176251268583,1,1969,1,4000,cap,2640.2851092708424,-3390.9459197393844,0.0,nan,nan,nan,-750.660810468542
1971,-750.9041943329813,1,1970,1,4000,cap,2641.6213188738516,-3392.668772545443,0.0,nan,nan,nan,-751.0474536715915
1972,-751.290765130696,1,1971,1,4000,cap,2642.9575284768607,-3394.3916269445726,0.0,nan,nan,nan,-751.4340984677119
1973,-751.6773375006226,1,1972,1,4000,cap,2644.29373807987,-3396.1144829169207,0.0,nan,nan,nan,-751.8207448370508
1974,-752.0639114609495,1,1973,1,4000,cap,2645.629947682879,-3397.8373404812082,0.0,nan,nan,nan,-752.2073927983292
1975,-752.4504870015032,1,1974,1,4000,cap,2646.9661572858877,-3399.560199627049,0.0,nan,nan,nan,-752.5940423411612
1976,-752.837064133677,1,1975,1,4000,cap,2648.302366888897,-3401.2830603658113,0.0,nan,nan,nan,-752.9806934769144
1977,-753.2236428490629,1,1976,1,4000,cap,2649.638576491906,-3403.0059226892263,0.0,nan,nan,nan,-753.3673461973203
1978,-753.6102231361576,1,1977,1,4000,cap,2650.974786094915,-3404.728786585423,0.0,nan,nan,nan,-753.7540004905081
1979,-753.9968050276036,1,1978,1,4000,cap,2652.3109956979238,-3406.4516520877005,0.0,nan,nan,nan,-754.1406563897767
1980,-754.3833884905565,1,1979,1,4000,cap,2653.647205300933,-3408.174519162487,0.0,nan,nan,nan,-754.5273138615539
1981,-754.7699735345889,1,1980,1,4000,cap,2654.983414903942,-3409.8973878198412,0.0,nan,nan,nan,-754.9139729158992
1982,-755.1565601730352,1,1981,1,4000,cap,2656.319624506951,-3411.620258072875,0.0,nan,nan,nan,-755.3006335659238
1983,-755.5431483936514,1,1982,1,4000,cap,2657.6558341099603,-3413.343129909448,0.0,nan,nan,nan,-755.6872957994879
1984,-755.9297381896084,1,1983,1,4000,cap,2658.992043712969,-3415.0660033226923,0.0,nan,nan,nan,-756.0739596097233
1985,-756.3163295771735,1,1984,1,4000,cap,2660.328253315978,-3416.7888783290073,0.0,nan,nan,nan,-756.4606250130291
1986,-756.7029225484929,1,1985,1,4000,cap,2661.6644629189873,-3418.5117549202187,0.0,nan,nan,nan,-756.8472920012314
1987,-757.0895171089755,1,1986,1,4000,cap,2663.0006725219964,-3420.2346331019726,0.0,nan,nan,nan,-757.2339605799762
1988,-757.476113244019,1,1987,1,4000,cap,2664.336882125005,-3421.9575128597753,0.0,nan,nan,nan,-757.6206307347702
1989,-757.8627109684342,1,1988,1,4000,cap,2665.6730917280142,-3423.6803942080987,0.0,nan,nan,nan,-758.0073024800845
1990,-758.2493102772293,1,1989,1,4000,cap,2667.0093013310234,-3425.4032771421007,0.0,nan,nan,nan,-758.3939758110773
1991,-758.6359111691136,1,1990,1,4000,cap,2668.3455109340325,-3427.126161660839,0.0,nan,nan,nan,-758.7806507268065
1992,-759.0225136477688,1,1991,1,4000,cap,2669.6817205370417,-3428.849047767333,0.0,nan,nan,nan,-759.1673272302914
1993,-759.4091177066564,1,1992,1,4000,cap,2671.0179301400503,-3430.571935455653,0.0,nan,nan,nan,-759.5540053156028
1994,-759.7957233513063,1,1993,1,4000,cap,2672.3541397430595,-3432.2948247308414,0.0,nan,nan,nan,-759.9406849877819
1995,-760.1823305756225,1,1994,1,4000,cap,2673.6903493460686,-3434.017715587255,0.0,nan,nan,nan,-760.3273662411866
1996,-760.5689393967623,1,1995,1,4000,cap,2675.0265589490778,-3435.740608041615,0.0,nan,nan,nan,-760.7140490925372
1997,-760.9555497930686,1,1996,1,4000,cap,2676.3627685520864,-3437.463502072682,0.0,nan,nan,nan,-761.1007335205954
1998,-761.3421617728518,1,1997,1,4000,cap,2677.6989781550956,-3439.1863976884742,0.0,nan,nan,nan,-761.4874195333787
1999,-761.7287753405026,1,1998,1,4000,cap,2679.0351877581047,-3440.9092948935067,0.0,nan,nan,nan,-761.874107135402
2000,-762.1153904943399,1,1999,1,4000,cap,2680.371397361114,-3442.632193685982,0.0,nan,nan,nan,-762.2607963248684
